exit_time,fixed_0.25pct,fixed_0.5pct,fixed_1pct,vol_adjusted,kelly_0.25,kelly_0.5,anti_martingale,drawdown_aware
2012-05-17 14:30:00,9973.33307731943,9946.66615463886,9893.332309277721,9919.99923195829,9805.928862108127,9611.857724216256,9919.99923195829,9946.66615463886
2012-05-17 17:00:00,9947.080402089949,9894.301194168898,9789.163948293792,9876.990762150439,9618.0793672796,9243.594269882055,9867.774661477328,9894.301194168898
2012-05-18 15:45:00,9920.879171700804,9842.176780843849,9686.02287390478,9822.012265748328,9433.704184175327,8889.20139767327,9815.789993236542,9842.176780843849
2012-05-21 15:30:00,9894.335381457466,9789.510344434906,9582.36119029492,9760.693975911929,9250.015213381026,8543.028097335764,9763.264755070883,9789.510344434906
2012-05-22 17:30:00,10115.9607628465,10228.065109369047,10440.910803394365,10074.626986845096,10757.883357749475,11328.268905541687,10200.643758616647,10228.065109369047
2012-05-23 16:45:00,10089.251250396475,10174.054098693381,10330.64084737908,10029.486952321853,10551.167541767049,10892.917029600305,10119.844447155388,10174.054098693383
2012-05-24 13:30:00,10062.456258785016,10120.013677365123,10220.896554972578,9949.578142812079,10347.236537519346,10471.844480000498,10066.091965362419,10120.013677365125
2012-05-24 16:00:00,10036.172863138181,10067.14620314354,10114.107571801527,9909.151501557186,10150.54308893953,10073.720169940681,10013.50618094978,10067.146203143542
2012-05-28 15:45:00,10009.109386681765,10012.852205228704,10005.01303312435,9839.552744150436,9951.341508337524,9678.332265508045,9959.501473683395,10012.852205228706
2012-05-30 14:45:00,9982.57053578335,9959.754655491459,9898.901074961084,9797.204932877905,9759.317133440161,9304.819668884551,9906.686839649257,9959.754655491462
2012-06-01 16:00:00,9956.776536085776,9908.284564165628,9796.589851446617,9765.347812882492,9575.796971311936,8954.87264065315,9855.490992561596,9934.019609828547
2012-06-04 15:30:00,9930.60214232111,9856.19072821884,9693.57667267601,9695.221702084023,9392.598919290316,8612.234794678727,9803.674724304794,9907.905039516438
2012-06-04 17:30:00,9904.566180821548,9804.508987543993,9591.918551476176,9640.473424373047,9213.384947026543,8283.58607436495,9752.268355583516,9881.92858507257
2012-06-07 13:30:00,9878.159078399964,9752.228318547357,9489.624409164813,9581.723732111386,9034.61580363958,7962.129933066018,9700.26624976543,9855.581837975855
2012-06-07 14:15:00,10099.399891526773,10189.069010394807,10339.779667402143,10035.221368657829,10507.223173659759,10557.7225903139,10134.779356025761,10076.31698937056
2012-06-08 19:00:00,10226.002119704412,10444.521582552874,10858.241817161052,10218.19985690986,11465.788659940543,12484.067604888649,10388.870819348862,10328.942728796681
2012-06-12 16:15:00,10199.096396958757,10389.560240158924,10743.964960802941,10181.921040714955,11246.24001182383,12005.973991454615,10306.868075373126,10274.589587449049
2012-06-13 14:15:00,10171.513715802284,10333.364687865544,10627.740013675859,10100.76162093605,11024.89477487668,11533.377789501628,10251.119792431196,10219.015893942491
2012-06-15 15:30:00,10398.854902824743,10795.28205035715,11577.89280217242,10778.041090116814,12818.203402412273,15285.414669104774,10709.360681061193,10675.82168872227
2012-06-18 15:15:00,10371.10752687445,10737.67171684642,11454.319140535195,10697.515435070794,12569.288092501423,14691.76303009894,10623.632975525856,10618.848869937232
2012-06-19 15:45:00,10342.801883809914,10679.059519031744,11329.271022656127,10624.848587584784,12319.629441254981,14108.130016751904,10565.643264730812,10560.885273457332
2012-06-20 13:45:00,10314.684729512624,10620.996961589437,11206.075445674816,10572.671210797198,12075.89390466314,13549.890394961747,10508.197356888453,10503.465235041129
2012-06-20 14:45:00,10286.870694286132,10563.716920293582,11085.204595863997,10528.322776169023,11838.911893147124,13018.073817742628,10451.52565453091,10446.819053464338
2012-06-20 15:30:00,10259.352593840933,10507.199553267912,10966.58979741261,10487.882158350008,11608.430956709097,12511.199897028775,10395.608526511267,10390.927106420477
2012-06-22 17:30:00,10488.815675510812,10977.212522831049,11947.715055485696,11191.605440564803,13497.963774042799,16584.15736696057,10860.629754022053,10623.33301443827
2012-06-25 16:00:00,10460.446322377373,10917.8318590621,11818.453961370697,11132.12714186536,13232.27127808496,15931.275756378858,10772.50473106181,10565.866643579191
2012-06-27 16:15:00,10432.201838337614,10858.872897238001,11690.808878551445,11086.633794700323,12972.251803255547,15305.163750589376,10714.330571266391,10508.808379986292
2012-06-28 14:15:00,10403.852150889321,10799.854550498174,11563.728983871235,11029.441436026362,12715.699619991621,14699.783399517219,10656.097817027141,10451.69264590765
2012-06-29 14:15:00,10376.31158634207,10742.676865341722,11441.285250581546,10977.53638062384,12470.73296194779,14133.40373957519,10599.681223347161,10396.358234812998
2012-06-29 15:15:00,10348.929609526147,10685.979314112647,11320.515936796419,10933.692096657282,12231.234998862124,13590.54528571781,10543.738372537648,10341.488479257394
2012-06-29 15:45:00,10321.87667261937,10630.11129006005,11202.14496899762,10896.897453426025,11998.545198206764,13073.446027364018,10488.61400707839,10314.454994065458
2012-07-04 16:15:00,10353.332155026908,10694.900918783604,11338.697220172535,10961.022925796313,12264.650989723388,13653.336279972558,10552.541221836595,10345.887859221639
2012-07-06 16:30:00,10326.414796220597,10639.290129693047,11220.780484999188,10925.161182412017,12032.59352608943,13136.671176346417,10497.670667287905,10292.091850070845
2012-07-09 13:45:00,10297.711428617311,10580.144053991658,11096.023076581083,10834.058241924278,11789.187916097635,12605.19149924983,10439.311884285757,10234.875923418838
2012-07-10 15:30:00,10269.713403033405,10522.612213842813,10975.348986952045,10790.648991676106,11555.918055736669,12106.359640468745,10382.54584976621,10179.221554010963
2012-07-11 17:00:00,10241.968896929062,10465.756746247316,10856.745623833522,10734.355748642854,11328.716564106071,11630.312137316798,10326.447184613126,10124.221484688815
2012-07-13 14:00:00,10214.19509862383,10408.995430155246,10738.981914046057,10647.028643522824,11105.142929855672,11171.260816314552,10270.441417713939,10069.312494368109
2012-07-16 15:15:00,10442.409651880418,10874.129338212824,11698.741126115458,11360.684549425487,12910.867012136887,14804.210849083895,10729.38393393968,10294.289952730225
2012-07-17 14:45:00,10413.675724582883,10814.285594815543,11569.977444859202,11284.571529424022,12652.321073283572,14211.288841698846,10670.336769887912,10237.637247283405
2012-07-17 15:15:00,10385.027445136677,10754.784860603126,11442.660268564125,11210.594015416642,12399.010831600192,13642.244633877644,10611.628049229892,10181.30926079988
2012-07-17 15:45:00,10356.937209640386,10696.604091983634,11318.856254238275,11162.760089051315,12154.936099392291,13105.14901375895,10554.221724118734,10126.23085560407
2012-07-19 13:30:00,10328.873736346315,10638.63640188444,11196.17658020701,11107.224695213274,11915.2456067367,12588.292388969314,10497.02564124226,10071.354166978146
2012-07-19 14:00:00,10300.842240235008,10580.892081924436,11074.63551453779,11050.002452136558,11679.911779053497,12091.038512772828,10440.049955227752,10016.688937762727
2012-07-19 14:30:00,10272.978138447823,10523.648791115,10954.806566948355,10996.863601132305,11449.979510039215,11614.986985574351,10383.568629170843,9989.593479583375
2012-07-19 15:30:00,10245.278182528275,10466.897067574244,10836.65284173951,10946.545338273716,11225.293788710873,11159.13957959692,10327.572327136639,9962.657639235087
2012-07-24 16:00:00,10217.27187874266,10409.67283339637,10718.161343081107,10893.348405349998,11001.978834167383,10715.141801923017,10271.109804048698,9935.42390176251
2012-07-25 14:00:00,10189.612355580566,10353.312076775183,10602.099351018118,10833.296544995894,10785.22409863712,10292.934531312349,10215.49926477812,9908.527378816128
2012-07-25 14:30:00,10162.008918846037,10297.218285386236,10487.21593112875,10768.847873072516,10572.594990118489,9887.08714725843,10160.152137168798,9881.685395128328
2012-07-27 16:30:00,10135.1377675523,10242.760921166035,10376.291578203674,10726.324010727369,10369.13625099444,9506.553458704026,10106.419654265945,9855.555496462606
2012-07-31 14:45:00,10107.100215489863,10186.090365880702,10261.472886238658,10674.396273692433,10160.379240803626,9123.771396781007,10050.503440057497,9828.291372710786
2012-08-01 14:30:00,10078.843735228884,10129.135738891062,10146.720642815088,10604.763836157663,9953.655925856221,8752.506462025342,9994.306935419765,9800.814359991891
2012-08-01 15:15:00,10050.698195015579,10072.56377394066,10033.380286961647,10538.42804752447,9751.368190895493,8396.752813191046,9938.48799921149,9773.445226990245
2012-08-01 15:45:00,10023.499949378425,10018.048941557094,9924.774760730204,10493.441758589981,9559.32528671781,8066.022445033497,9884.698813103301,9746.997257023662
2012-08-01 16:15:00,9996.558166519535,9964.19467895097,9818.069067957267,10451.322409138827,9372.333629872848,7750.460654654602,9831.561403936224,9720.798675195843
2012-08-02 14:15:00,9969.059976228587,9909.376347118416,9710.040233623236,10379.768993492138,9184.709191119857,7440.148220668736,9777.472758256547,9694.059034681792
2012-08-02 15:00:00,10192.028040066767,10352.642705878297,10578.739539613718,10899.79391885428,10679.71167582884,9862.22601214788,10214.838803869156,9910.87642557422
2012-08-08 16:15:00,10419.58428655141,10814.927249461802,11523.500779559201,11319.11925576777,12415.016324835926,13067.175203271174,10670.96988347692,10353.434438544919
2012-08-09 15:00:00,10390.574578544403,10754.706443526418,11395.16806161575,11264.817950761739,12163.464014211022,12537.64257444207,10611.550675961942,10295.78336501418
2012-08-09 18:15:00,10507.475653630516,10996.702059068195,11907.981818783908,11483.195397987229,13159.383584363926,14590.755666054898,10850.32509078829,10527.452583135993
2012-08-13 15:15:00,10478.493735374948,10936.039435491875,11776.602535295755,11433.926027215099,12895.232540209658,14004.9891186358,10790.469946661657,10469.3785451346
2012-08-13 16:00:00,10449.51944381279,10875.560514925364,11646.347663140848,11381.852324898406,12635.736224202461,13441.332267830721,10730.796060276287,10411.480371198155
2012-08-14 13:45:00,10419.909495800448,10813.926143472485,11514.342454406224,11297.847575600488,12375.16291508529,12886.95975390257,10669.98210319734,10352.476051587031
2012-08-15 16:00:00,10391.921193078635,10755.832848394093,11390.630476912973,11254.273142375567,12133.254157317077,12383.133105822593,10612.662087268032,10296.86170411714
2012-08-16 14:45:00,10362.066749938142,10694.033034050832,11259.736131742664,11161.42269571512,11879.578686090877,11865.33349738335,10551.684889507018,10237.699001367655
2012-08-17 15:00:00,10333.145034796251,10634.336491924112,11134.027278930247,11111.578201086963,11638.273448892558,11383.301736884032,10492.782967331477,10209.124410856768
2012-08-20 15:45:00,10304.098799216204,10574.550736098217,11008.837289547746,11049.109414089768,11400.187405492743,10917.561645235159,10433.793018979235,10180.426794428739
2012-08-21 15:15:00,10533.727335389627,11045.861940219538,11990.172286825735,11569.44708704421,13249.097886349187,14458.835737193675,10898.83060535543,10407.299279638526
2012-08-22 14:15:00,10504.521969393,10984.61136282354,11857.198512643114,11520.898176599261,12981.763428792816,13875.347707766115,10808.177697805246,10349.589605784124
2012-08-22 15:30:00,10739.091627759724,11475.191808497575,12916.300111897652,11905.081615072111,15091.446814690817,18385.1495837897,11290.878492287478,10811.809534523036
2012-08-23 14:30:00,10709.602807358207,11412.171604919267,12774.430960407297,11807.009964569157,14789.862478900555,17650.339569386793,11197.866522679053,10752.432536797302
2012-08-24 13:45:00,10679.994972622624,11349.07128328635,12633.165874289636,11729.225408360859,14492.294996858172,16940.10076759289,11135.95113938084,10692.980052651716
2012-08-24 17:45:00,10864.089317984019,11740.3261207113,13504.212876626616,12106.628545117257,16310.29808634655,21190.242727635086,11519.858742378025,11061.616398979872
2012-08-28 14:00:00,10833.894943876947,11675.06675314683,13354.084782615677,12005.685319937355,15980.39783001669,20333.03380716898,11423.80791445851,11000.12968361813
2012-08-29 16:45:00,10803.763912773002,11610.125787538052,13205.52423406536,11942.300926189933,15656.94942699465,19509.939490809895,11360.264541852595,10938.942963355192
2012-08-30 13:30:00,10772.838264221606,11543.65808745838,13054.321595911886,11839.746833656945,15330.783244820752,18697.075847373737,11295.227291592646,10876.31776933211
2012-08-30 15:15:00,11012.788578747877,12057.896642040361,14217.390601883828,12630.88958739605,17815.881576332406,24758.615072142624,11798.398930261861,11360.828128743415
2012-08-31 15:30:00,11258.276821400217,12595.466547350326,15485.081235914038,13249.212272893023,20706.08734124503,32791.61548317141,12587.400244177188,11867.321050578408
2012-09-04 14:00:00,11226.767664469848,12524.963301010303,15311.725450661193,13176.350776651536,20284.3413605914,31455.802318545262,12481.713101482694,11800.893605729127
2012-09-04 16:30:00,11195.454081501142,12455.094307685105,15140.896232626963,13117.548632974831,19872.597635411996,30178.78484039264,12412.085374165985,11735.06374764854
2012-09-05 18:00:00,11375.984095284826,12856.778478898641,16117.501981951596,13487.716259226463,22204.714943977207,37261.95210105619,12812.382481790226,12113.526506674272
2012-09-06 14:30:00,11344.802792366314,12786.298228407975,15940.791217457028,13421.992684551136,21761.781437067777,35775.36989002098,12707.027171183348,12047.120728281421
2012-09-06 15:00:00,11598.643562693218,13358.48689511844,17367.496571906177,13817.705869407326,25305.39961509926,47426.46117909518,13275.668446793446,12586.231096589609
2012-09-07 15:15:00,11566.714793140176,13284.94035541384,17176.259452579143,13703.593643075517,24798.436654344925,45526.19803026838,13166.03258561474,12516.93629154587
2012-09-07 15:45:00,11825.57661464848,13879.571401572448,18713.87074087019,14240.292284947442,28837.403880411875,60356.070117343705,13755.341345811918,13077.1916425388
2012-09-10 14:15:00,11792.624195399685,13802.219493801347,18505.283089031873,14121.248935885453,28252.601423085336,57908.11202336485,13640.351999488796,13004.311458232527
2012-09-10 14:45:00,11759.824581489438,13725.44142252561,18299.40316593321,14003.419815236915,27680.72161069618,55563.79832680929,13564.474353975826,12931.971936862037
2012-09-12 14:45:00,11728.370264696074,13652.017813246192,18103.619556978098,13956.808749267017,27141.900167109878,53400.63463139314,13491.911830528492,12862.79295562022
2012-09-12 15:30:00,11696.851794626853,13578.641767790585,17909.015062654198,13907.962282074659,26611.06980007112,51311.858362454164,13419.396313093455,12793.658788531611
2012-09-14 15:00:00,11665.66559948167,13506.234904916359,17718.018699390537,13824.899795616579,26094.72026585952,49320.59274524744,13347.838612013082,12725.437775458111
2012-09-14 15:30:00,11634.687419357499,13434.50327946972,17529.817873631382,13758.581294361367,25590.42246563056,47414.286322031425,13276.948229417221,12691.645369855076
2012-09-14 18:45:00,11762.9930772632,13730.810815680921,18303.083105149763,13994.602089159576,27644.215110267618,55024.87677865163,13569.780776808402,12831.607007876892
2012-09-17 17:00:00,11730.37277786015,13654.656191273307,18100.05584942759,13878.175570710628,27086.30733279346,52803.88359169261,13494.519266601641,12760.439600114272
2012-09-19 15:15:00,11698.940755530057,13581.479751540053,17906.056435970273,13813.098059345431,26558.107373969113,50744.465982919486,13422.201013984426,12692.055341566309
2012-09-19 16:45:00,11668.099412359079,13509.871374928876,17717.237005930983,13763.960026389983,26048.574844886392,48797.34258853397,13351.43243480576,12625.13645676911
2012-09-20 15:30:00,11928.985069693483,14114.002613375187,19301.78744866919,14482.035793623629,30287.171596149536,64677.847299265806,13948.478638135279,13189.704328032189
2012-09-24 16:15:00,12040.18525071044,14377.139776564121,20021.50073381559,14762.034405690325,32341.873237493804,73453.42269973079,14338.55541509741,13435.609155688247
2012-09-26 15:00:00,12006.927934551708,14297.714905093932,19800.28773218424,14641.85372229515,31691.732692259724,70500.28217304354,14219.737840258704,13361.385662914412
2012-09-26 15:30:00,11974.383351308175,14220.207456817821,19585.614298360546,14571.299932401365,31066.58757251875,67718.93173261124,14142.653103119272,13288.954025059013
2012-09-27 15:30:00,11941.769998841508,14142.747328085985,19372.24129245328,14485.821753074568,30450.8099692524,65034.38832205964,14065.615427452163,13216.566607883957
2012-09-27 16:00:00,11909.708432834506,14066.805716913812,19164.19695967454,14418.808016869822,29855.82920065177,62492.96427531657,13990.087987633762,13145.598263538737
2012-09-28 15:00:00,11876.828885009545,13989.136273715925,18952.56788948658,14337.747494264719,29255.980261747987,59981.80720394088,13912.84213906258,13073.015239490533
2012-10-01 13:45:00,11843.610853350678,13910.884481740204,18740.53587108665,14217.444738000595,28660.48803046014,57540.00215150486,13835.017117734957,13036.451621515842
2012-10-02 14:30:00,11810.720113549218,13833.621003977825,18532.359463837864,14098.995487689343,28081.244563077013,55214.175018062626,13758.175020539671,13000.248258915806
2012-10-03 15:15:00,11778.18515555924,13757.406129035971,18328.15530666054,14027.685521319709,27518.283607976235,53000.35400073203,13682.375807281114,12964.436511037886
2012-10-05 15:45:00,11746.18264235861,13682.64561789846,18128.957544221634,13960.984915581455,26974.13803407851,50904.29972239385,13608.023025998533,12929.210833643316
2012-10-10 15:30:00,12008.629180829394,14294.072000217824,19749.18849019965,14515.530984062243,31360.250119542114,67458.82049576401,14216.114803104925,13218.089930092245
2012-10-11 14:15:00,11975.602503004386,14215.447587114571,19531.928026661506,14437.08918425653,30732.569059816233,64758.41958854974,14137.919192855756,13145.383946584978
2012-10-12 15:30:00,11941.968778137034,14135.59883580685,19312.50474730238,14328.964222607905,30104.41740011391,62111.188329420496,14058.505921713855,13071.545786571865
2012-10-12 16:15:00,12208.806708890941,14767.306054840867,21038.6217386245,14834.027863371366,34999.83686353461,82311.56731053861,14686.76792764197,13655.701430292764
2012-10-15 14:45:00,12174.975523133333,14685.46423586655,20805.425641055004,14710.710466967566,34294.01018049061,78991.68323465134,14564.674724157047,13580.020230196084
2012-10-16 14:15:00,12140.900160747467,14603.260782612619,20572.504460404067,14587.193309377475,33595.49039912427,75773.78873864877,14483.147403085246,13504.004617733937
2012-10-16 15:15:00,12107.17465666251,14522.129676243749,20343.915781136162,14467.763228551628,32916.3233654186,72710.10020671359,14402.683608730851,13428.98063156014
2012-10-17 14:00:00,12073.29935382598,14440.865210410107,20116.230519294288,14398.012871099736,32246.068848358907,69748.99956625674,14322.087551807526,13353.833324516101
2012-10-17 14:30:00,12039.348029613262,14359.646898447118,19889.95511792046,14303.539352283336,31586.14233604044,66894.12666761474,14241.537269134338,13278.72869712366
2012-10-19 16:15:00,12006.364374578898,14280.965953507462,19671.988690952883,14239.931862378193,30956.37453920289,64226.642533297556,14163.503483369734,13242.349567160516
2012-10-26 15:45:00,11973.21010261207,14202.095278855262,19454.700445205774,14142.063708435797,30334.266061917242,61645.20724687799,14085.281528439731,13205.78225624673
2012-10-29 18:30:00,12148.018733143776,14616.795898839517,20590.85341106379,14463.245253272413,33557.36627790837,74745.15701237907,14496.571191535664,13398.586415827187
2012-10-30 16:30:00,12323.971371340032,15040.217010853466,21783.810076665322,14897.735811546578,37094.620297538604,90502.80645961755,14916.509619683024,13786.718288151886
2012-11-01 14:00:00,12290.161926205745,14957.694684808672,21544.764233597063,14827.313172318574,36354.015803372575,86888.9786505712,14793.74426303316,13711.073630841314
2012-11-05 14:45:00,12257.021312004634,14877.0273686474,21312.381056286096,14748.751887820228,35640.59890777348,83478.73281990748,14713.961136634205,13637.129381089188
2012-11-06 14:00:00,12223.138370526282,14794.776153629922,21076.719832661638,14662.594288918142,34923.58231107128,80119.8870800573,14632.611472402315,13561.733239565043
2012-11-06 15:45:00,12189.314269407305,14712.895381362852,20843.424231723246,14576.851716923109,34220.26651465885,76892.86519620431,14551.628190519383,13486.676666933956
2012-11-07 16:00:00,12157.187428811829,14635.339116232946,20623.679838246706,14522.383468264965,33563.87919551432,73943.06340983551,14474.922015102318,13415.58418349069
2012-11-08 16:00:00,12124.4529975671,14556.524916016171,20401.55463580772,14446.874312162667,32906.173069406614,71045.13820252998,14396.971692751733,13379.461394347734
2012-11-09 16:30:00,12395.877003344829,15208.264059002868,22228.431834954034,14936.367101704056,38267.243706944224,94194.47273948915,15041.567160885324,13678.980639259735
2012-11-12 15:45:00,12361.802385604484,15124.653067353802,21984.019820365957,14846.20032188281,37501.70180482905,90425.72386476216,14917.525356239004,13603.777241188813
2012-11-12 18:00:00,12327.936525454854,15041.783374146742,21743.11393381654,14768.992439474407,36754.015646742395,86820.01751999346,14835.790539303047,13529.240599494346
2012-11-13 15:30:00,12294.362777212646,14959.854164489523,21506.254234966436,14714.717388708561,36025.56138857142,83378.52083757456,14754.9833262691,13455.549870010494
2012-11-14 13:30:00,12260.491483675773,14877.424579344462,21269.253045633926,14635.060956412906,35303.24982709481,80035.04652331151,14673.682590243634,13381.409080836465
2012-11-14 15:15:00,12534.381423563573,15542.125000065324,23169.807993494964,15300.8215252592,41042.70855550221,106058.59101830926,15329.280132630172,13979.269832771923
2012-11-15 14:15:00,12499.425679584061,15455.437588211316,22911.345178647967,15178.279851290803,40209.71870871143,101753.52770292315,15201.02975307038,13901.29936725278
2012-11-15 15:30:00,12778.98805285199,16146.790762799488,24961.087365879932,15781.795713521513,46754.689994340864,134878.5501310382,15881.002747481773,14523.132776601302
2012-11-16 15:15:00,12744.01082463656,16058.400354557238,24687.804490681756,15695.403353181538,45823.36306909345,129505.14158568917,15750.599591514065,14443.630561335238
2012-11-16 16:45:00,12709.423503325841,15971.23516607113,24419.79309674141,15619.674609682024,44918.28548882989,124389.3145347008,15665.105149237692,14365.230362529306
2012-11-19 15:45:00,12674.080224525322,15882.40724761906,24148.159830152003,15498.052929500778,44009.226204399245,119354.51589841477,15577.979847514276,14285.33463136515
2012-11-19 17:30:00,12639.19630277902,15794.97831522258,23882.299900939284,15415.681610437281,43127.68902241177,114572.99835416624,15492.226716661507,14206.69720970264
2012-11-20 15:00:00,12604.094951977693,15707.247250452248,23616.997909678626,15345.167470593195,42256.02602868348,109941.67935657648,15406.17724458302,14127.788036913482
2012-11-21 14:45:00,12568.579195077298,15618.727642015958,23350.806466445916,15215.448857819041,41389.491025781615,105432.57983190186,15319.354343316769,14087.978825115963
2012-11-27 16:15:00,12533.124216949194,15530.609225711052,23087.323277235253,15137.91308185086,40539.784072452036,101103.6164177425,15232.924944297394,14048.237739559585
2012-11-28 13:45:00,12497.879798143098,15443.261923252414,22827.62768127389,15059.752964239657,39710.12342518741,96965.3757360444,15147.251878733647,14008.732667575136
2012-11-28 15:15:00,12463.498164031678,15358.293178232001,22576.432708927972,15001.017696861023,38915.10085473345,93082.75560730376,15063.911779404874,13970.194681235018
2012-11-29 15:00:00,12428.72580239724,15272.595869586761,22324.485503660693,14892.008152569735,38124.96741089386,89302.84515430889,14979.857081256903,13931.218732816193
2012-11-29 16:45:00,12394.214177433305,15187.779113749202,22076.526289348778,14789.088674381035,37354.53182719781,85693.55212118129,14896.666057845317,13892.535041193936
2012-11-30 13:30:00,12358.772320636064,15100.91873120108,21824.010697113103,14662.218324525347,36577.159962869395,82126.87610545548,14811.47057911303,13852.808663189502
2012-11-30 14:15:00,12323.384073261086,15014.438450832637,21574.04622840158,14536.26644297773,35814.93747943236,78704.03236769278,14726.647916919366,13813.142375382531
2012-12-03 17:00:00,12289.522052217482,14931.92552617534,21336.922787944382,14451.85954903626,35098.73612303517,75556.29911990803,14645.716565806735,13775.186817476293
2012-12-05 14:45:00,12254.57828432468,14847.011281738121,21094.246962381556,14328.583210813702,34372.439094300484,72429.33093731508,14562.429922416564,13736.01874171349
2012-12-06 15:30:00,12527.982556920346,15509.49614666335,22976.72944783123,15287.61152966414,39953.353069540484,95949.44623296609,15212.216551999152,14042.474510757978
2012-12-10 14:30:00,12493.027768749662,15422.948907316953,22720.296552253676,15193.938833729191,39142.08045090579,92052.84419476012,15127.328214269473,13964.113654221725
2012-12-10 15:30:00,12458.270883468273,15337.132454204882,22467.455766034924,15107.859508867272,38349.56981214979,88325.25192006755,15043.156655366436,13886.414459867872
2012-12-11 14:15:00,12422.159221116322,15248.21973849755,22206.958243025685,14976.484153519481,37540.58892981926,84598.82470952164,14955.948181746406,13805.911874084575
2012-12-11 14:45:00,12386.417107655316,15160.472738918723,21951.375100991314,14894.68307684376,36754.49893333655,81055.87071150776,14869.883080291225,13726.46474096502
2012-12-12 15:30:00,12350.87653499034,15073.472296687542,21699.433176190236,14824.291758746847,35987.000888650546,77670.69479635038,14784.550226481844,13647.69354937355
2012-12-17 14:15:00,12316.025379503897,14988.404985838117,21454.511184638097,14698.800172235522,35247.98613879487,74480.66574871479,14701.113450593024,13609.183093166408
2012-12-17 17:15:00,12282.04681416366,14905.702249774453,21217.748596817102,14632.008016834936,34540.27371065996,71489.80592491834,14619.995926300402,13571.636847303032
2012-12-18 17:00:00,12555.282856317113,15568.910125443763,23105.855274057812,15442.178985556387,40132.452691853665,94638.65491273416,15270.491708256757,13873.562120330385
2012-12-20 15:30:00,12835.105081980415,16262.885264404751,25165.71546920679,16474.668243412172,46641.83018889623,125338.93308259417,15951.165019352646,14491.968105255792
2012-12-26 15:45:00,12799.289376158416,16172.123761366554,24884.82088944657,16336.7530800647,45694.63884691614,120248.22580339664,15817.632283110373,14411.089910161254
2012-12-26 16:15:00,12763.807060412697,16082.458720641946,24608.877109717756,16200.886357934065,44772.74822321628,115396.20312931102,15729.932691902686,14331.18878012121
2012-12-31 15:30:00,12728.871653580634,15994.42115698931,24339.45243745842,16138.020437085117,43880.90733856761,110798.98468871607,15643.824903617951,14252.737906012735
2013-01-02 14:45:00,12694.193154864,15907.270853543536,24074.211120525666,16054.558847359243,43010.87773515556,106405.3473391777,15558.584926877242,14175.077675532977
2013-01-03 13:30:00,12658.661431818124,15818.220256079252,23804.67112167834,15922.111285369716,42134.72963811501,102070.31176235387,15471.486310389639,14095.724080077749
2013-01-03 14:00:00,12623.513329233312,15730.378357271162,23540.28644654061,15818.955986607818,41283.312548626636,97945.23923855818,15385.569897993897,14056.585822163017
2013-01-07 15:15:00,12905.664334503233,16433.56485551837,25644.903540690484,16879.675189939095,47998.58978682064,129809.41849372008,16073.342612316885,14370.76775527047
2013-01-08 16:00:00,12869.970126227172,16342.661656509421,25361.19105461454,16739.618864380293,47032.4634604173,124583.75260733074,15939.976698553888,14291.275035787266
2013-01-10 15:00:00,13157.069801735282,17071.796660321288,27624.192336160922,17486.464287789495,54668.02426838114,165035.25136916735,16651.145736691065,14928.886527520297
2013-01-10 16:00:00,13121.74601361997,16980.12875294311,27327.533237549025,17427.384610608602,53599.88096665755,158586.09573724514,16517.03193641257,14848.725088470077
2013-01-11 14:15:00,13084.808562039978,16884.53130989203,27019.827407939192,17280.211397252977,52501.81817013205,152088.41370382332,16424.041709843154,14765.127362464607
2013-01-15 14:15:00,13049.432998420021,16793.234626610156,26727.628521287443,17206.5152608731,51468.82276672333,146103.6064059629,16335.234948987827,14685.290550196225
2013-01-15 14:45:00,13014.291937453281,16702.788998525943,26439.72720834099,17144.734267335607,50460.137881886025,140376.93571563598,16247.256032613772,14606.197965774936
2013-01-16 14:45:00,12978.251121486883,16610.278065573988,26146.84632105269,17002.29619644596,49443.16223379959,134718.61090051316,16157.268138159796,14525.299320595737
2013-01-17 16:00:00,12943.117750954265,16520.34683393655,25863.71823809055,16938.654137091355,48469.074818753594,129410.38636462533,16069.789589165932,14485.977942210418
2013-01-21 19:00:00,13080.235454284408,16870.375638382808,26959.70568489362,17453.985938975944,52205.93981947075,149364.93038443994,16410.272104099808,14639.440505415529
2013-01-22 14:30:00,13042.344877421247,16772.636072903166,26647.320237695232,17315.86979553062,51105.3547307354,143067.2249612805,16315.198176924874,14554.626000716005
2013-01-22 15:00:00,13004.3790842538,16674.987001666126,26337.042704592288,17164.652187650234,50022.69681610922,137005.51717179207,16220.212275954973,14469.890023318363
2013-01-24 15:15:00,12968.198134242786,16582.200276943197,26043.941674744063,17089.319228600103,49009.84596513435,131457.38948224238,16129.956111362691,14389.373396694873
2013-01-29 14:00:00,12931.071060260529,16487.252841671514,25745.69350199457,16964.781427065183,47988.71258243726,125979.48902534124,16037.598164996058,14306.981791457632
2013-01-31 15:15:00,13218.973094268198,17221.409139505715,28038.539157739622,18097.911480233997,55764.3747695959,166804.67046729618,16751.731914750115,14944.053405877843
2013-02-04 16:30:00,13181.88953562026,17124.78572840248,27723.909933867628,17971.54914199385,54625.88646696194,159993.68524827893,16610.74959445523,14860.207455521062
2013-02-05 15:00:00,13145.701416220849,17030.760696717287,27419.46915997275,17896.87673264013,53534.509221088,153600.6185593165,16519.546920056615,14778.61627540273
2013-02-06 14:15:00,13438.536634243615,17789.5192237538,29862.66666623025,19092.895636613353,62213.34395990881,203403.05080919844,17255.529728551406,15437.03672510841
2013-02-07 15:00:00,13399.779719627444,17686.908813649934,29518.16938838079,18934.762665466074,60907.56756799109,194864.72494901493,17106.234211364925,15347.995495313018
2013-02-08 15:45:00,13362.315677743363,17588.00821879554,29188.053533509577,18816.17900406631,59668.26805933357,186934.81516844727,17010.580597890257,15262.173495533298
2013-02-08 16:30:00,13325.573764223953,17491.285900218674,28867.023866319658,18729.69123413462,58474.24826710016,179453.32202550344,16917.033746234345,15178.241717207608
2013-02-12 14:00:00,13289.45653485411,17396.470202822173,28554.062656347967,18651.806150596443,57320.84491981162,172373.8958356769,16825.330919942466,15095.964428855026
2013-02-12 14:30:00,13253.623197235236,17302.655442448868,28246.09299186338,18576.70308012125,56196.03102043368,165608.86806272162,16734.596169153774,15014.555713811947
2013-02-12 17:30:00,13217.85041054921,17209.252424567134,27941.1374504919,18498.70708214515,55092.17648194785,159102.78223050098,16644.25964303904,14974.030003163429
2013-02-13 16:00:00,13181.732284318055,17115.20294872827,27635.737858838635,18411.608633309326,53996.600861291794,152774.87360458553,16553.297882671166,14933.113069695055
2013-02-14 13:30:00,13144.650123712912,17018.907759166672,27324.764202988492,18319.52938793304,52891.13072341409,146519.366483989,16460.164137061685,14891.10401616239
2013-02-14 15:00:00,13108.467843146238,16925.21444824778,27023.90498634729,18237.67722672851,51831.589622293526,140649.07069803757,16369.546848449905,14850.11440454174
2013-02-19 15:15:00,13400.682699088931,17679.810509507493,29433.57989178584,19435.946186952187,60240.3685984484,186284.82901916324,17099.368949919673,15181.1541639843
2013-02-21 14:00:00,13364.843094186452,17585.24257776257,29118.704031242152,19280.00413954585,59067.87100408282,179033.2627033025,17007.90575494551,15099.951350751837
2013-02-25 14:15:00,13328.19487187646,17488.800311314215,28799.31420191299,19142.300398607196,57889.102788099975,171887.62782291978,16914.629761094784,15017.139099224076
2013-02-28 15:15:00,13292.569716839085,17395.30809747768,28491.40152708315,19065.892841329685,56763.020057629634,165200.36960157822,16824.20696739595,14936.859974590847
2013-03-01 15:00:00,13256.97362481845,17302.142516863016,28186.213720012227,18959.998004708224,55656.78627125469,158761.31015092347,16734.100083303107,14856.861320684024
2013-03-01 15:30:00,13221.569291019805,17209.727634487153,27885.11509907355,18872.750103659895,54575.05792405977,152590.0372070972,16644.719251457733,14777.507270161817
2013-03-01 16:00:00,13186.850602561826,17119.34514523238,27592.219572852715,18809.676035172357,53532.11015058153,146757.94300092888,16557.304087729117,14738.702824198906
2013-03-05 15:15:00,13150.184825057006,17024.14514349711,27285.34108784862,18673.4529551641,52448.87629213377,140818.5853926607,16465.229574100762,14697.722152259183
2013-03-05 17:15:00,13444.006965231745,17784.905669261967,29723.949341796015,19493.27663770572,60977.45966646947,186614.91626114267,17201.013756040535,15026.121808683918
2013-03-06 15:00:00,13405.497774516583,17683.01903292803,29383.382653019013,19325.766242260488,59706.320673382215,178834.54961258936,17102.472135088014,14940.039766040485
2013-03-06 16:15:00,13704.965369655476,18473.06670943471,32008.983309750376,20036.83684165933,69413.10208600842,236982.76114319035,17866.581948445448,15607.535722590575
2013-03-12 13:30:00,13667.306657778136,18371.545563202297,31657.164228874062,19965.95818952884,68025.01401356471,227504.63859191627,17719.29975319398,15521.76247544415
2013-03-13 15:00:00,13972.801780204067,19192.836502451104,34487.600247884075,20632.40924224825,79090.69210613173,301521.325886444,18511.432363216758,16215.65525862882
2013-03-14 13:30:00,13933.67474758725,19085.347861067163,34101.30765431521,20510.317719403218,77478.90810429776,289231.9594304422,18355.923662259076,16124.840190586232
2013-03-14 14:00:00,13895.259298095425,18980.11040862588,33725.23541622127,20418.53063592896,75924.33269821579,277625.37121734564,18254.70828711973,16035.927108412774
2013-03-19 16:15:00,14205.319583987404,19827.158791575665,36735.42929906911,21329.773141110276,88253.91948030987,367794.25346333446,19069.383270717168,16751.58185613798
2013-03-20 14:00:00,14165.142700040284,19715.004544983676,36319.83426202115,21215.25415633577,86437.36973828252,352653.4742167647,18907.581546916237,16656.824908758437
2013-03-20 14:30:00,14125.58681910059,19604.897024145976,35914.144585541224,21111.578595189174,84680.74214435174,338319.83991529496,18801.983451596632,16563.79720026634
2013-03-22 14:15:00,14085.090384072382,19492.487048016777,35502.29767498729,21007.29027578951,82913.96000395755,324202.40457481536,18694.177197456534,16468.82419196145
2013-03-22 14:45:00,14045.606996485772,19383.204196411632,35104.21688428058,20915.68714194129,81222.46594340449,310974.56111566455,18589.36999725076,16376.49323050702
2013-03-25 14:00:00,14006.11489672731,19274.204502207616,34709.40611234779,20765.992175890366,79560.4547890433,298247.954423941,18484.83435780675,16284.401503248124
2013-03-25 14:30:00,13967.643289591282,19168.320803703667,34328.05078412867,20690.834312131923,77970.04898479405,286324.0588384013,18383.287099251243,16239.671961780157
2013-03-26 15:15:00,13928.803139193278,19061.71721318273,33946.22354880128,20573.671144781183,76392.17024268747,274735.3872477781,18281.049431673247,16194.51392843606
2013-03-27 14:30:00,13889.98465167679,18955.47017612027,33567.80164366195,20479.23337698115,74842.77681893553,263590.96757960157,18179.153714997505,16149.381081738147
2013-03-27 15:00:00,13851.533694598633,18850.52319620402,33196.10530775485,20393.42980130578,73334.97823438939,252970.2475927634,18078.50481195812,16104.675549343066
2013-03-28 14:15:00,13812.271230658063,18743.658786302552,32819.72506962389,20281.805182411405,71822.1873263505,242533.45195236534,17976.017006791004,16059.02650736895
2013-03-28 15:00:00,13773.514835502709,18638.47164735228,32451.364439443074,20183.745710495212,70355.54249804864,232628.1442407014,17875.137780369765,16013.965853205975
2013-03-28 18:15:00,13779.59643822761,18654.931030641477,32508.679165207326,20196.222506297065,70581.62119033579,234123.18684208806,17890.923073801598,16021.036711990566
2013-04-01 16:15:00,13863.100191970656,18881.027168341792,33296.68387976986,20563.38719031356,73694.40658553105,254773.75350202215,18107.759501673445,16215.210280179388
2013-04-03 14:30:00,13825.204236845426,18777.801403775193,32932.606690496534,20450.963679353405,72228.33535279543,244636.8519874715,18008.761322046732,16126.558986801334
2013-04-03 15:15:00,13787.115523134999,18674.33496819466,32569.686734600495,20319.49711506534,70780.16248346341,234826.94981662385,17909.532328026264,16037.70100280923
2013-04-05 15:30:00,13748.931868443544,18570.897181397042,32208.877493654916,20150.671519883286,69353.55766966415,225360.87216820192,17810.33080948509,15948.867622671307
2013-04-08 15:15:00,14055.713459619354,19399.64656227769,35083.59991777842,21499.544682820284,80615.59935693986,298551.7400146038,18605.138970203683,16660.60567382355
2013-04-09 15:30:00,14016.425087702553,19291.19521523182,34691.338784763764,21395.995883890908,78975.69592389991,286405.30614087614,18501.12922049939,16567.466599246818
2013-04-10 14:45:00,13978.023517841304,19185.48892049128,34311.155717658556,21307.274046531995,77401.01259155718,274984.13012973644,18399.752100181275,16476.6850023626
2013-04-10 15:15:00,13939.882623300378,19080.78860879148,33936.66552735829,21220.452051964574,75863.9915935705,264062.9194641124,18299.33976312426,16386.76735352519
2013-04-11 15:15:00,13901.971503272935,18977.0037941393,33567.48680902721,21091.178361259885,74362.47118925987,253610.11166245164,18199.805429166066,16297.63594248118
2013-04-18 15:15:00,13865.885610018286,18878.485086480152,33218.95703523729,20926.936761977366,72957.70860802355,244028.34307975194,18105.321530128058,16213.027115483506
2013-04-22 14:15:00,13829.54885131971,18779.539663666852,32870.744375777416,20790.44396206315,71566.2899971056,234720.33205169477,18010.42839194653,16170.539468416586
2013-04-22 17:15:00,14139.691814623502,19621.84365252256,35819.39589761855,21814.362790960495,83246.49522991381,311336.89693964866,18818.236035117192,16533.181741340555
2013-04-24 15:45:00,14102.313820709807,19518.103746132103,35440.644456807444,21706.719901006913,81644.98375770169,299357.78332544334,18718.744770214285,16445.77146753774
2013-04-24 16:45:00,14065.237949847857,19415.475099065832,35067.94171487436,21608.3867730468,80082.84882785681,287902.4010513426,18620.319253292506,16359.297530436705
2013-04-25 15:30:00,14027.520953790197,19311.3469783216,34691.792395786746,21446.14212161717,78519.99781957072,276665.3243399916,18520.45567325597,16271.560150854268
2013-04-29 16:00:00,13990.576095048049,19209.62480109798,34326.31559520409,21326.78058062441,77014.98079137552,266059.46504795144,18422.89950193493,16185.84999675533
2013-04-30 16:45:00,13953.725542964066,19108.43021490833,33964.65967135976,21228.476453749736,75538.6908431516,255859.34787999105,18325.849314291223,16100.584385921757
2013-05-01 16:15:00,13917.011504757693,19007.876762740467,33607.19820087254,21147.233051366355,74092.25397377645,246060.8091439585,18229.414003188464,16058.221687266863
2013-05-03 15:30:00,13880.25181876108,18907.463885877965,33252.12482821128,21065.98617825065,72668.00254439641,236600.91447638016,18133.11351016518,16015.806317653487
2013-05-06 16:45:00,13842.680706453337,18805.10631219897,32892.09697491161,20906.32602797739,71236.51365775945,227279.29924595862,18034.94796488903,15972.454679245435
2013-05-07 15:15:00,13805.593458690113,18704.34120003552,32539.599542996762,20809.81281165199,69847.53647552906,218416.26694871305,17938.309662271986,15929.661350652668
2013-05-08 14:30:00,13767.975662999166,18602.409169673752,32184.94097329849,20639.70365501385,68462.44834772917,209753.80600780284,17840.55223229471,15886.255846361388
2013-05-08 15:00:00,13730.939552838252,18502.32751756596,31838.628618138522,20517.77477585504,67122.16767679618,201541.1586768456,17744.56939880053,15843.521523177515
2013-05-08 15:30:00,13694.28364091263,18403.54044108178,31498.644901228814,20428.86634135468,65818.10700663293,193710.00817779932,17649.828121914477,15801.225893857287
2013-05-09 15:00:00,13656.851607527498,18302.93175525945,31154.250595269874,20303.783889406553,64508.811918561245,186003.20609089156,17553.339839237527,15758.034732443204
2013-05-09 15:30:00,13619.910741607326,18203.9153542107,30817.169977523696,20206.14767411927,63238.929311638996,178680.10621595386,17458.378629716135,15715.410307360065
2013-05-09 16:15:00,13583.307236912642,18106.069323679254,30485.885449350346,20113.99540822899,62002.06810753556,171690.66177945802,17364.539858485106,15673.175148416842
2013-05-16 16:00:00,13547.70542567292,18011.15740699916,30166.271758718613,20012.19372824605,60819.40569123661,165140.8127465551,17273.515035218727,15632.095799078066
2013-05-17 15:30:00,13851.421355912758,18818.714886983442,32871.37258611187,20997.43902813796,70742.15568495591,219026.6072563752,18047.999203953554,15982.540126588932
2013-05-20 14:45:00,13814.986697130804,18719.71371764432,32525.51429096782,20831.74458278953,69387.94353398448,210640.98513161132,17953.052602330994,15898.45945630702
2013-05-20 18:30:00,13778.880446249728,18621.863651664655,32185.48518930545,20696.237163168797,68068.15609285928,202628.0274734331,17859.209960922508,15815.356406215591
2013-05-22 15:45:00,13742.801563341893,18524.34396697983,31848.384840403625,20599.896858385455,66771.06287977815,194905.54887838333,17765.684170126937,15732.533945544506
2013-05-23 13:45:00,13706.912527742692,18427.59210208262,31515.699306949304,20449.267512600887,65502.05928405566,187497.07485728632,17672.89475325482,15650.363586286261
2013-05-23 18:15:00,13964.796315627125,19120.99074211275,33887.46257563673,21366.08380084628,74470.71604921948,238841.93110294506,18337.895428297845,16239.259887365199
2013-05-24 15:15:00,13927.721504336394,19019.46299943277,33527.59444674536,21256.547189829747,73031.85808917064,229612.54183444983,18240.52572850315,16153.033424448373
2013-05-29 14:15:00,13890.734944248605,18918.44654662001,33171.44993704432,21167.500811029055,71620.41208525679,220737.35467366222,18143.646378829177,16067.241194733351
2013-05-29 14:45:00,13853.991626965611,18818.36163581382,32820.473803768284,21083.886718068017,70241.6859613381,212238.7619246844,18047.660420095763,15982.240114020215
2013-05-29 18:15:00,13950.657214086697,19080.9701352505,33736.4871680779,21312.727368039687,73808.49575039941,233793.3497250937,18299.513855213318,16205.270799432914
2013-05-30 13:45:00,13913.520545162643,18979.38299712671,33377.26086485934,21197.19527510696,72378.60557198597,224734.80406171098,18202.087192500116,16118.99389257931
2013-05-31 15:15:00,13876.514350444198,18878.42296468233,33022.16298413993,21100.050272845536,70977.61356220167,216034.67334427804,18105.26195251268,16033.249580100239
2013-06-03 14:30:00,13839.248550541906,18777.025810482704,32667.434905595223,20933.03815830535,69590.41221358797,207590.21951806213,18008.017492980332,15947.134024630594
2013-06-04 13:45:00,13801.853578605313,18675.551174678403,32314.352783520768,20803.751142819754,68221.93313601268,199425.79390012444,17910.69872508273,15860.952664834605
2013-06-04 15:15:00,13764.62182296884,18574.793178116277,31965.66915793826,20693.480243411996,66882.60136294038,191595.54665080947,17814.067246649363,15775.379939342985
2013-06-04 17:45:00,13727.771838718461,18475.338090301884,31623.36134296953,20607.303101653797,65579.51190991426,184129.74445413283,17718.68531666727,15733.146850066352
2013-06-06 16:00:00,13691.465571026381,18377.613480905875,31288.820170307277,20525.915271280577,64317.28398633807,177041.74705243777,17624.962993799953,15691.536904338218
2013-06-07 16:00:00,13655.097824956178,18279.982971303703,30956.378369716396,20430.502386261003,63073.96606263863,170196.95623695132,17531.330916893345,15649.856499371503
2013-06-10 13:30:00,13617.87808009166,18180.331352393114,30618.86676207501,20263.439924456998,61822.79478310417,163444.70782763517,17435.760504696125,15607.199634254917
2013-06-10 14:45:00,13580.657389467775,18080.949571365658,30284.11406116157,20097.28645532589,60593.059397379635,156942.4543617345,17340.448879240146,15564.541685220915
2013-06-10 16:30:00,13884.49578346645,18889.99533729379,32994.28524540838,21168.75505029284,70458.87037272939,208049.44925980986,18116.36038154643,15912.765280982228
2013-06-11 14:30:00,13847.708706968751,18789.896966513676,32644.610813080755,21096.55138403352,69100.27888513531,200026.20933933536,18020.3615140889,15828.443297265907
2013-06-12 15:15:00,13808.85338310425,18684.451719583096,32278.22040079989,20918.966769756164,67689.23518350808,191857.0462794347,17919.23475043406,15739.617152291226
2013-06-14 17:00:00,13771.901870202002,18584.45518263205,31932.723480958277,20822.51293428666,66371.03228117454,184384.4691538976,17823.333546227022,15655.380952493357
2013-06-19 14:45:00,13733.355765981074,18480.42331352487,31575.218149027813,20696.986731534267,65019.10542734752,176872.92965510648,17723.562275866214,15567.745424517541
2013-06-19 16:30:00,13695.419661150301,18378.32513911136,31226.333053158312,20584.648817775065,63712.01658778297,169761.52352751506,17625.64550622459,15481.738823877919
2013-06-24 19:00:00,13855.412840432275,18807.725148988422,32685.507120431226,20943.75786387201,69128.72585067348,198627.31262734477,18037.459547883685,15662.600212322392
2013-06-25 14:45:00,13818.442574748771,18707.356202401512,32336.649415169297,20776.105776946348,67786.33277381882,190913.12648940957,17941.20118598273,15579.015479364549
2013-06-27 15:15:00,13782.256243473139,18609.37836080765,31997.92970728572,20663.262973481345,66494.47219331088,183636.34568947667,17847.236001977828,15497.421998473348
2013-07-03 14:30:00,13745.657525756666,18510.544124457007,31658.04828985144,20551.525258612844,65209.42480569712,176538.57053568156,17752.449496645655,15415.115333579668
2013-07-03 15:00:00,13709.48276643693,18413.114885102706,31324.787469036706,20477.651812211847,63960.49350195757,169776.21838439614,17659.010447015095,15333.978714828136
2013-07-04 14:00:00,13672.304291120572,18313.246560539945,30984.991181299614,20311.0529947201,62698.170889342306,163074.8204489855,17563.232204290583,15250.810887293974
2013-07-08 14:00:00,13636.137978793407,18216.361268824636,30657.142167803006,20221.240207929553,61491.175990108786,156796.15318697752,17470.31482506177,15210.46907087093
2013-07-10 14:15:00,13599.42253077272,18118.26577194249,30326.963429079384,20057.902488351756,60286.25576468493,150651.30872103217,17376.236804311004,15169.514719469502
2013-07-12 16:30:00,13903.86131876257,18929.46240321221,33042.57991025563,20989.20182878977,70107.93800025032,199738.75871645223,18154.211083815724,15509.101835403246
2013-07-15 15:15:00,13866.585145429333,18827.962840541084,32688.232032964886,20868.00074652232,68740.04811045328,191944.47360574565,18056.86840992479,15425.94220729631
2013-07-15 15:45:00,14177.10798999872,19671.214804506937,35616.261591321185,21615.69640590212,79942.72771817676,254507.49179924937,18865.585204126008,16116.827151806458
2013-07-16 18:45:00,14139.187962526874,19565.984174068377,35235.205139204096,21541.266238137414,78386.59007292705,244599.18118009984,18764.66426739933,16030.610621779788
2013-07-17 15:45:00,14455.203503365914,20440.596646468282,38385.27922780123,22383.81151779757,91136.69608331018,324170.58458462934,19603.45720838594,16747.189551071628
2013-07-23 17:00:00,14636.58749276592,20953.574130955367,40311.91418079942,22908.106319752012,99459.23951825728,383376.67579670355,20341.41014145838,17167.477242117155
2013-07-24 15:45:00,14597.278939732456,20841.026765611587,39878.8615946718,22826.07585897589,97515.31047161647,368390.49533734046,20177.521243233405,17075.266036471567
2013-07-26 15:00:00,14557.886221211684,20728.542143724015,39448.38772999781,22657.804784460797,95600.15116988134,353920.4294491439,20068.61773894836,16983.106237180324
2013-07-26 15:30:00,14518.774929557807,20617.16332882964,39024.45876824096,22533.84608763309,93730.97400141494,340080.70266869967,19960.784836622952,16891.852436849982
2013-07-26 17:45:00,14479.958310646245,20506.921441913502,38607.12395822118,22426.743360860895,91907.25084908152,326846.80517160625,19854.052666458723,16801.530133221368
2013-07-29 19:00:00,14549.977109639618,20705.246599985057,39353.87319441349,22580.48959619942,95141.58712549615,349851.13767052174,20046.06384398187,16964.019960324553
2013-07-30 16:30:00,14510.593464030508,20593.157338510853,38927.783453225435,22482.696782562867,93267.4038969236,336067.7826828811,19937.54311321509,16872.184083857
2013-07-31 14:15:00,14470.86797641431,20480.402030623925,38501.49484323012,22298.04490843483,91409.16305670635,322676.28999047703,19828.37754062776,16779.80250876251
2013-07-31 14:45:00,14431.661760129386,20369.426092909125,38084.24331786846,22187.1235132457,89606.81719703453,309951.6515443769,19720.934689279242,16688.87878981917
2013-07-31 15:15:00,14392.537328981747,20258.9825110216,37671.25571317933,22072.94123434116,87838.90457410432,297721.16608793096,19614.007245407265,16598.39123544099
2013-07-31 15:45:00,14353.969028968158,20150.40478110573,37267.45858998304,21993.124625949404,86125.86224726167,286108.7954287474,19508.88625129509,16509.43239263538
2013-08-07 15:45:00,14315.72526767763,20043.02998200997,36870.28682868313,21899.369394177043,84455.88625652633,275013.5260953037,19404.929890885942,16465.445757984584
2013-08-07 16:15:00,14277.66245340985,19936.448706761377,36478.16226543001,21813.56222390985,82821.68509557415,264370.6344380566,19301.741791295386,16421.66724226122
2013-08-08 16:00:00,14239.66600557801,19830.336906498494,36089.852037746015,21736.160396005882,81217.63473083318,254130.22911165425,19199.00822024624,16377.965058887825
2013-08-09 16:15:00,14358.279066193323,20160.700968772308,37292.33187278538,22006.538985947147,86141.10248008775,284941.32060153986,19518.85464429718,16514.389646481686
2013-08-15 15:30:00,14319.582164165917,20052.031027674802,36890.30661440955,21890.000674694664,84451.54767311734,273763.75346886675,19413.64437468542,16425.374003973808
2013-08-20 17:00:00,14640.389114754104,20950.49731717115,40196.17591577721,22521.332915489143,98220.75967919375,363034.1402161299,20283.506634665566,17161.341588233594
2013-08-22 16:15:00,14833.58147572878,21503.41650648682,42317.866552946536,23085.486603842368,107653.2999863508,432761.43965154915,20818.822807600816,17614.258525472993
2013-08-23 15:15:00,14792.849236984512,21385.32199284656,41853.055961815015,22895.311988208116,105501.96689768073,415464.91451500595,20647.320612592543,17517.522860557976
2013-08-28 16:15:00,14753.359182989894,21271.14418887376,41406.142885559326,22786.654431405157,103452.29426070034,399321.76397578075,20537.0830521641,17423.995520079734
2013-08-30 16:30:00,14713.791488427409,21157.048120877214,40961.946931435086,22644.058484267098,101433.10044351919,383733.7474383444,20426.924407026614,17330.535132618752
2013-09-04 14:00:00,14674.115501436745,21042.947446463688,40520.128607492654,22517.415343473902,99442.56051790011,368672.83848961757,20316.76131443829,17237.070971868092
2013-09-04 15:45:00,14634.743387404196,20930.026796989187,40085.25043742742,22413.313119927872,97500.79336614514,354275.04334445833,20207.737524463926,17144.573413998245
2013-09-04 16:30:00,14595.786078969275,20818.596416845554,39658.42683727439,22325.387726383815,95611.93222461798,340548.46041762544,20100.15257504964,17098.935002938088
2013-09-09 16:15:00,14556.058767981829,20705.266877799233,39226.65217362475,22146.287919897954,93718.01137102462,327057.00980393344,19990.734006166298,17052.39453538529
2013-09-12 15:30:00,14882.05747901969,21632.700659353453,42740.745720721665,22799.827841010763,108993.0809709307,433670.8509387837,20886.162311669694,17434.301391303776
2013-09-13 15:30:00,14842.948696105279,21519.00285982112,42291.46952397312,22723.57109991725,106908.59823355748,417083.01996032085,20721.50113046263,17342.669665067246
2013-09-18 18:30:00,15031.690926121108,22066.272094612097,44442.57478803582,23138.476320248872,116802.08965186804,494278.0696921628,21248.488377095808,17783.726791118155
2013-09-19 14:15:00,14992.026510801072,21949.818691568176,43973.48884076659,22996.012442342533,114559.07617709943,475294.29339318455,21080.28197795128,17689.87425931081
2013-09-20 15:15:00,14951.813636713676,21832.06739294964,43501.69128393511,22855.025383702327,112322.81602169723,456738.24832239357,20967.195368306428,17594.97572298565
2013-09-20 16:45:00,14912.101460075935,21716.094984820244,43039.52745811907,22737.805427878506,110151.68591401273,439081.31632253586,20855.81717883788,17501.510836273552
2013-09-23 17:00:00,14914.53693840494,21723.18842887543,43067.64471220176,22743.8332842745,110282.61152786079,440125.09500629763,20862.629617837007,17507.227609389767
2013-09-26 14:00:00,14874.27656589214,21605.90907090083,42602.6166857808,22629.229634082225,108116.08950922545,422832.41946888133,20749.99625302259,17412.709421110594
2013-09-27 14:30:00,14834.262337395554,21489.66223649384,42144.184753023445,22534.533142026437,105999.40088782538,406276.05722693267,20638.354508606502,17319.023367817932
2013-09-27 15:15:00,14794.96599400502,21375.80889786668,41697.62062511423,22456.791390404243,103955.88675157807,390611.23536552134,20529.011442218725,17227.26628897286
2013-09-30 15:30:00,14754.532458331229,21258.97192345548,41241.794709261245,22289.13905064133,101888.29454700545,375073.39964506414,20416.802936050753,17133.10462799448
2013-09-30 16:00:00,14714.46229670885,21143.50226105795,40793.77905461027,22141.75546212299,99874.53327006345,360247.1962705878,20305.90757616453,17040.044915872022
2013-10-02 15:45:00,14675.588688280306,21031.785745546775,40362.692587075755,22042.49035939545,97954.30317230115,346394.66577529674,20198.6166831662,16995.027434410087
2013-10-02 16:30:00,14636.932508628586,20920.98835193686,39937.42378757086,21950.901271696184,96076.56528276936,333114.2203513961,20092.208501279198,16950.261745779477
2013-10-04 15:00:00,14963.670035416404,21855.019029203275,43503.48657208812,23420.918952255175,111684.82440236845,441347.33739435696,20989.237781088075,17328.639291618216
2013-10-07 14:00:00,14921.924810937488,21733.07799826558,43018.02737437285,23224.901895573832,109417.3056151401,423426.1312754405,20872.127414347957,17231.95339364925
2013-10-07 14:30:00,14880.492816403903,21612.390515889027,42540.254513940185,23060.755924424146,107206.3243627567,406313.89783565653,20756.220937148486,17136.261422559117
2013-10-07 15:00:00,14839.31763232105,21492.78504731459,42069.40913747201,22917.820527346583,105047.45336693873,389949.5780168553,20641.35361003828,17041.427370048714
2013-10-07 16:30:00,14798.967945376777,21375.902698717804,41611.844300412304,22805.249692757883,102968.71506805455,374516.4933208205,20529.101527172013,16948.75245378877
2013-10-10 14:00:00,14759.138402458098,21260.841643500087,41163.87232166186,22673.05214361213,100951.89461567948,359845.38621839625,20418.59858759184,16857.521623940644
2013-10-10 16:30:00,15089.733118392944,22213.298584007942,44852.04389533353,23522.013865608,117408.39282852085,477164.53070293175,21333.324178718256,17235.118704519817
2013-10-11 15:30:00,15427.82183129843,23208.686039667908,48871.72261934499,24224.7015655051,136552.55246301874,632773.7461538078,22767.257315306393,18007.43178041933
2013-10-14 14:00:00,15385.88327242321,23082.50635512988,48340.31653005591,24044.81385702644,133851.10353728628,607737.1441138443,22581.587690951226,17909.529983759676
2013-10-14 18:15:00,15577.680329442355,23657.989310401565,50750.71579844406,24604.323656476885,145994.20188283763,718006.1178345303,23144.581961121854,18356.042554102376
2013-10-16 13:45:00,15536.010957613098,23531.421871288756,50207.69516829043,24406.878332904915,143152.11189389625,690051.0624531689,22958.850805165093,18257.839901804404
2013-10-16 16:45:00,15883.828368669518,24585.056328174534,54703.85846173541,26046.128702297854,166475.8206254766,914910.4763681309,23986.848026545787,19075.346354838457
2013-10-17 14:30:00,15842.643108768581,24457.562891321213,54136.4908029978,25961.140660363006,163334.40181295367,880381.534309895,23800.261163370007,18976.425228383327
2013-10-18 15:00:00,15799.992068790194,24325.875206950626,53553.512920411944,25770.21692502627,160134.27120825058,845883.769472982,23672.112610959186,18874.24981920369
2013-10-22 15:30:00,16152.781798404534,25412.194605027304,58336.58604116618,26665.29859835176,186155.71578519966,1120792.0381378084,24729.236965333614,19717.116253743643
2013-10-23 17:00:00,16253.235951503793,25728.271491262927,59787.76700023695,26930.6289936996,194581.00846093427,1222244.7484144054,25190.610353610704,19962.357753263568
2013-10-25 13:45:00,16207.889207002321,25584.70705187868,59120.532339382255,26755.309763092322,190630.11995305383,1172610.3799986702,24979.763939712007,19850.96726593105
2013-10-25 14:15:00,16162.907421287864,25442.696479684295,58464.22303641248,26598.395518810954,186779.86219397915,1125242.7109747692,24841.11116705504,19740.782411583074
2013-10-28 16:00:00,16524.257006914817,26580.32693075739,63692.49594983264,27607.503410330093,217169.54568081378,1491403.917335197,25951.842670089674,20623.460677126088
2013-10-29 17:00:00,16670.094005154515,27049.503256227188,65941.00186833309,27917.608047541915,231118.21404792828,1682987.8576994652,26638.966847390533,20987.490793240584
2013-10-31 14:15:00,16625.053859281736,26903.33568547804,65228.3502558758,27748.64646698807,226573.73649153212,1616802.675553532,26423.043118525722,20874.080557336827
2013-10-31 15:00:00,16580.666132270224,26759.67564922025,64531.729786775184,27638.00997202812,222171.25577045605,1553971.5397023149,26281.94777715891,20762.615897163345
2013-10-31 16:15:00,16536.911424166745,26618.443471015224,63850.55884280748,27543.026255847537,217904.49064414654,1494283.9662591536,26143.23695043979,20653.03499241586
2013-11-04 14:00:00,16490.70291799792,26469.685522473832,63136.897418012275,27312.138746202032,213473.28648676403,1433509.8417422713,25997.134707413683,20537.61490333474
2013-11-04 15:00:00,16445.179294764872,26323.543057011397,62439.723902861675,27120.219420703626,209184.55121890293,1375910.6515458226,25853.601254480338,20424.22414641989
2013-11-05 14:30:00,16399.749304922618,26178.104898842714,61749.76218902052,27003.677344146927,204979.01202112818,1320586.8129163005,25710.75953517471,20367.802001128766
2013-11-05 15:00:00,16354.429332902702,26033.420860142945,61067.1913905016,26882.549422396132,200856.614484786,1267469.337420507,25568.658472398693,20311.51649336669
2013-11-06 16:15:00,16485.26417555928,26449.953709161015,63021.33267282234,27212.503604508758,212550.5908204959,1415054.7826502037,25977.755156860305,20474.00789006616
2013-11-11 14:00:00,16439.82728250632,26304.15031709639,62326.531904762924,27054.005757050778,208287.12208213008,1358286.72751928,25834.554724007274,20361.146452486573
2013-11-13 15:45:00,16395.272760104057,26161.573532749917,61650.87301509536,26917.14060238267,204178.98419470692,1304706.5626821502,25694.52329576616,20250.782621995673
2013-11-14 16:30:00,16351.337823266187,26021.361521939394,60990.04174951039,26823.202917071714,200197.08327373976,1253817.757607268,25556.814423874064,20142.249282119832
2013-11-15 15:00:00,16305.892272988345,25876.718299944365,60311.99912358381,26599.552369950237,196147.74674203392,1203096.4387253304,25414.753449121403,20030.285892658583
2013-11-15 15:30:00,16260.462767103381,25732.5291311936,59639.8631194333,26377.226998109683,192170.66224114993,1154308.5604142323,25273.138421614523,19918.67397034196
2013-11-19 14:30:00,16215.903408750502,25591.496861287673,58986.12673544014,26254.565221370667,188338.17105756086,1108267.4287520275,25134.62393432589,19864.089833096234
2013-11-22 14:30:00,16171.225290217473,25450.47728299033,58336.051535641374,26085.779640286448,184561.75247101483,1063823.1008359028,24996.12191206854,19809.360217499554
2013-11-25 16:15:00,16127.629666637524,25313.25460410891,57706.98441221771,25995.24754792369,180940.7424862555,1022079.7383182606,24861.349004972097,19755.956632062887
2013-11-29 14:30:00,16082.541741424839,25171.718351842308,57061.66002141522,25888.14788681093,177259.33299725805,980489.3922695519,24722.33953268225,19700.725013186235
2013-12-03 14:30:00,16038.368091916664,25033.44087283802,56434.738777082785,25755.41567027652,173716.05069501573,941290.8840452342,24586.530656312185,19646.613359954965
2013-12-04 14:30:00,15993.866169670882,24894.519477234324,55808.37720647276,25592.069446093872,170208.15564183722,903275.4027752691,24450.08935888216,19592.099580552538
2013-12-04 15:00:00,15949.456979532848,24756.27329746374,55188.53837366893,25429.64673928857,166768.7150541593,866769.9595379446,24314.31122297534,19537.699395741314
2013-12-06 15:30:00,15906.260340369172,24622.176217413908,54590.65986754617,25294.318774254763,163481.66217846234,832601.456325077,24182.60811486827,19484.784556573482
2013-12-09 16:15:00,15861.695467683607,24484.207376857998,53978.869099695155,25081.71604959385,160148.30632751444,798648.3278950606,24047.10236696989,19430.19366440346
2013-12-10 14:30:00,15818.168901746772,24349.831645213017,53386.36880617975,24989.946039284772,156950.03578810484,766749.2279041833,23915.125581903223,19376.874672910893
2013-12-11 16:15:00,16171.502999704348,25437.64728976972,58156.38348550943,26147.707058256543,182464.05107995472,1016036.8617365557,24983.520966667493,19809.700404910374
2013-12-13 13:30:00,16127.850999496774,25300.318782358438,57528.4536105862,26001.316982153498,178879.62914477428,976117.7128126448,24848.64412034803,19702.755114023934
2013-12-13 15:45:00,16084.685584715206,25164.888618180896,56912.56509278664,25883.222705897613,175395.3868173691,938091.799322415,24715.631727035638,19597.288167824714
2013-12-13 17:15:00,16042.030669181815,25031.419276456778,56308.86024719656,25795.86319175762,172010.35521623865,901882.5187582219,24584.545150537942,19493.34822233067
2013-12-16 15:00:00,15997.880271431619,24893.637827200408,55688.97399263406,25648.615123489504,168565.1275866935,865754.5708992288,24449.22344853059,19386.050200621692
2013-12-16 15:30:00,15954.361184563646,24758.20133578018,55083.01038854294,25528.39257808458,165227.99765550112,831475.4108739316,24316.20484093279,19280.578327049254
2013-12-17 15:00:00,16310.847801524516,25864.60319469858,60006.1422640908,26832.187314129602,192096.0076482168,1101890.7153629088,25402.85462913724,19711.386434083273
2013-12-18 16:15:00,16266.025365793637,25722.45061887836,59346.55142299695,26667.02041578488,188254.29119671643,1057817.4236710034,25263.239836227578,19603.05210807409
2013-12-19 16:45:00,16533.189470179655,26567.416162416474,63245.54159490863,27512.807763392862,210756.73038623083,1310703.7945308536,26093.120608321857,20246.999445166
2013-12-20 16:00:00,16487.57355060629,26420.814428840153,62547.55079428999,27285.080010964422,206524.889848413,1258067.8531722787,25949.136086371716,20135.27442078899
2013-12-23 14:45:00,16442.74911671102,26277.154957518964,61867.3637316433,27168.064624023005,202438.70021923733,1208284.9546731673,25808.04129985595,20025.791691330043
2013-12-23 15:15:00,16398.19549271918,26134.752677554385,61196.81521411721,27060.988016267493,198446.70331614776,1160631.321332494,25668.181260652284,19917.267066059485
2013-12-23 17:30:00,16353.939216248204,25993.685102099276,60536.17101714771,26956.11931710934,194548.9822973473,1115039.0588192807,25529.632098107795,19809.759617668213
2013-12-26 15:15:00,16306.737484235431,25843.635998701036,59837.2783323585,26722.712153865206,190462.47226474932,1068196.1686967376,25382.261750603713,19695.407356436666
2013-12-26 15:45:00,16260.801851712591,25698.034370240654,59163.03844070653,26594.969115405638,186557.8404458792,1024398.4304914839,25239.259479364428,19639.925933767812
2013-12-27 15:45:00,16215.57723929048,25555.091401621692,58504.8604473713,26496.34772460417,182781.8189993363,982929.7853346175,25098.868404165984,19585.30328683727
2013-12-30 15:45:00,16170.74330498522,25413.77848106909,57857.827528066926,26392.48699147082,179103.95654419105,943373.5474842947,24960.078276554344,19531.152504046568
2013-12-30 16:15:00,16126.72454725227,25275.419602081485,57227.84295781463,26301.049676308445,175555.8142428163,905996.1086559,24824.189453396488,19477.986298009775
2013-12-31 15:00:00,16487.188891387956,26405.331323823008,62344.46706028396,27084.89065148576,204113.2634004891,1200750.6620334901,25933.92939392808,19913.35800262491
2014-01-02 15:45:00,16443.84340518462,26266.4899564885,61688.84256186449,26982.64431131987,200207.9441513931,1154802.4997663153,25797.566696060287,19808.65195597851
2014-01-02 16:15:00,16400.56823156192,26128.23919779209,61039.45779051443,26879.356923851035,196373.47857525328,1110567.9869814902,25661.78406297304,19704.391311857282
2014-01-03 17:45:00,16767.41463246833,27297.107297530965,66500.75768880373,28253.60831137725,228340.06417896994,1472134.8022374164,26809.784911653707,20585.883334907503
2014-01-07 15:30:00,16721.193433417346,27146.612417125,65767.49145174806,28019.955894061834,223759.22259639093,1413068.371284981,26588.072662256098,20472.388889625447
2014-01-08 15:30:00,16675.0936121513,26996.92764906208,65042.215564446204,27880.407208158307,219269.69168885358,1356364.4369958413,26441.467648395166,20359.505383737087
2014-01-08 16:30:00,16630.41796646206,26852.268170392803,64345.17528509618,27787.451260414164,214994.36590645008,1303471.5834221495,26299.784528931006,20250.411657478275
2014-01-14 16:45:00,17000.547032650764,28047.524352528384,70073.47861218033,29642.776257210247,249817.28363434438,1725721.5667534189,27470.4483941794,21151.804030398154
2014-01-15 15:00:00,16952.272736471405,27888.23836071985,69277.56355030721,29418.315376373776,244654.7417646141,1654396.5590177549,27236.43535458482,21031.67984256701
2014-01-17 14:15:00,16903.503807552388,27727.778517319093,68480.36246111077,29207.676468178368,239532.53654161617,1585122.1306180502,27079.725773460937,20910.670404453977
2014-01-21 14:15:00,16855.446316074725,27570.11564517596,67701.59032656866,29092.857305634396,234576.47231474431,1519527.976268884,26925.74779287279,20791.77027863447
2014-01-24 16:15:00,16809.936220838164,27421.235744262463,66970.40688220256,28981.493312251656,229967.1191039208,1459811.4915998382,26780.347508194398,20679.493756521264
2014-01-27 14:15:00,16764.343196610826,27272.48835471771,66243.84056014597,28815.38351541692,225427.84791137738,1402181.685424213,26635.076637833317,20567.317166739627
2014-01-27 15:15:00,16718.76235147852,27124.185131204573,65523.39474198794,28636.305539461424,220967.26675052935,1346691.2456401428,26490.239552469717,20511.39635388287
2014-01-27 16:30:00,16673.774727227054,26978.2110904046,64818.14113520468,28528.42727329157,216640.08707227668,1293947.008208869,26347.677212236144,20456.203333452155
2014-01-30 15:30:00,16628.051622085775,26830.2508831462,64107.159553488156,28349.613256180084,212316.65481062347,1242301.051860139,26203.175126162452,20400.107989050055
2014-01-30 16:00:00,16583.714144562866,26687.169099122213,63423.41143666489,28251.16765231629,208196.6119810771,1194086.9016756462,26063.43744497292,20345.71260046297
2014-01-31 13:30:00,16537.760768459433,26539.269116276697,62720.427809690715,28056.327916615795,203998.0813218159,1145926.555368348,25918.994175749078,20289.33474836836
2014-01-31 14:00:00,16492.121012343607,26392.78667685609,62028.06200060874,27904.18889969658,199900.94189770924,1099896.5060981908,25775.935319171007,20233.341660632206
2014-01-31 15:00:00,16446.664303174362,26247.295478090597,61344.19809430268,27765.252124168364,195891.12658471806,1055770.8325421864,25633.84453600348,20177.573143853748
2014-01-31 15:30:00,16401.2642762997,26102.387319435882,60666.850228316594,27622.18275057499,191955.79712784052,1013351.2893045449,25492.323166152095,20121.87416768995
2014-01-31 17:15:00,16767.952692917068,27269.546498735046,66092.2444849119,28596.358990290846,223188.46965618953,1343111.259553849,26632.203538813657,20571.745473561554
2014-02-03 16:00:00,16721.31629047884,27117.857909422622,65356.959845625905,28425.05383980636,218670.90053560716,1288739.2934660509,26484.06021031088,20457.31382906305
2014-02-04 15:45:00,16675.77334752698,26970.13902960589,64644.92300784393,28297.538910315983,214336.49369406872,1237649.547213791,26339.793811381685,20345.876875119924
2014-02-06 15:30:00,16629.428014045632,26820.22813056493,63926.277952592165,28164.081473136936,210001.34298347472,1187584.3695895975,26193.38662503077,20232.78629405997
2014-02-07 15:45:00,17000.861201280768,28018.33582356498,69637.68093000202,29129.22999085871,244137.41264767616,1573672.0221396796,27363.492183730687,21136.621145565707
2014-02-13 16:30:00,17380.19076210995,29268.646957487614,75852.80864890842,30266.62893233476,283780.5625536706,2084739.254318333,28584.581086218197,22079.837506388198
2014-02-19 14:30:00,17331.612362637246,29105.032640085985,75004.76087081239,30084.42095194991,278008.12346581306,1999927.0300325896,28344.89559292774,21956.409267727428
2014-02-20 15:00:00,17282.95563294747,28941.613833324103,74162.48808077353,29831.044144154206,272328.1084268417,1918205.5647328373,28185.744800249824,21833.128519422557
2014-02-26 14:30:00,17234.398157245676,28778.9875163528,73329.03267200038,29657.21171300851,266759.85995585175,1839763.0913167116,28027.365799881856,21710.445613779386
2014-02-26 15:00:00,17186.16590952197,28617.905563567274,72508.15710978904,29516.36530229817,261326.73228176453,1764821.7731824822,27870.49082949195,21588.927753801705
2014-02-26 17:00:00,17138.830759280605,28460.263321943847,71709.33216451961,29402.55130614998,256088.597748949,1694072.2268681421,27716.965735220216,21470.004761418633
2014-02-27 17:45:00,17266.068272389875,28882.83743780742,73838.79297068334,29737.4505452884,269924.65258225624,1877128.2194313784,28128.503469691943,21629.39661554543
2014-02-28 16:45:00,17218.160383001832,28722.55592387456,73019.27559813988,29532.08724926854,264474.0541628327,1801318.381330206,27972.408033068175,21509.367119050883
2014-03-04 14:15:00,17171.41486602879,28566.5984120867,72226.31660347238,29365.795146901408,259248.5964026957,1730137.7648119288,27820.523668490234,21392.575723991555
2014-03-04 16:30:00,17124.905391795855,28411.85082918391,71443.80496137014,29222.11278877096,254138.37386117666,1661929.9586493701,27669.81763304686,21276.69040444466
2014-03-06 16:00:00,17506.846429828605,29679.204026163203,77817.5209974372,30625.877869411077,295388.6101359958,2201439.222243975,28904.071326968675,22225.769074726628
2014-03-10 16:30:00,17898.091182662116,31005.751658834157,84773.81592829,32679.168403263833,343430.7562632497,2917525.4975856077,30841.924546998216,23219.17648970916
2014-03-13 13:30:00,17849.007247536887,30835.690585013555,83843.87710098682,32445.74025729758,336576.5070020921,2801068.5605085664,30588.180780444727,23091.823405980744
2014-03-13 14:30:00,17800.204576228494,30667.068985916467,82926.89497001815,32282.857390857374,329879.18194236484,2689595.1434753835,30420.912661624774,22965.548297010868
2014-03-17 14:00:00,17751.461464033677,30499.114917988165,82018.56497230797,32028.986068833477,323305.1589183518,2582395.530002533,30254.30671588024,22839.773079938175
2014-03-17 18:00:00,17703.391822197,30333.93623302032,81130.16419467847,31830.741222752644,316933.720976328,2480611.983360606,30090.453875842722,22716.076254884305
2014-03-18 13:45:00,17654.531697438917,30166.49714297084,80234.50985137337,31567.18935604156,310567.89752073213,2380962.5178555534,29924.358774387918,22590.686687622274
2014-03-18 14:15:00,17606.38204242549,30001.94942737119,79359.20734304901,31398.022195333473,304403.62840883544,2286446.0284014493,29761.131839096983,22529.074531085535
2014-03-18 14:45:00,17558.92213219818,29840.202417334014,78503.52197915409,31276.492473716662,298431.9739999043,2196737.074683273,29600.683128857356,22468.344969942696
2014-03-18 18:00:00,17844.6744597344,30811.435985170076,83613.75914666205,31998.09974022684,333776.7575004683,2717078.077503349,30564.12086575838,22833.992805425416
2014-03-19 16:00:00,17796.345303841506,30644.541296631895,82707.94662322075,31870.38847761334,327197.987213215,2609970.3648016863,30398.5657960502,22710.309114760083
2014-03-21 16:15:00,18074.740466967563,31603.31029414708,87883.2771529161,32729.44726570878,364448.266706888,3204241.291631764,31349.63901238781,23420.84154180645
2014-03-24 14:30:00,18478.69977550332,33015.93930502507,95739.82545255625,34680.06852604362,423725.7135508653,4246579.863063303,33451.57433833624,24467.724286468158
2014-03-25 19:00:00,18638.80562742565,33588.06236061523,99057.91741859326,35085.53567520018,450444.00399353355,4782121.372774829,34321.082399939565,24891.717953671836
2014-04-02 15:30:00,18586.652144890817,33400.09597921516,97949.21647084034,34918.938576841116,441271.369357216,4587359.53001482,34032.97960934746,24752.41827927118
2014-04-03 16:30:00,18535.827162005262,33217.43163565437,96877.85252385803,34793.122482029656,432489.84579482285,4404777.977712098,33846.854040018916,24617.047882750794
2014-04-04 15:00:00,18483.75283734533,33030.79034856795,95789.1827384545,34629.72389335478,423647.3341365159,4224661.3761369,33656.67616982275,24478.730220160254
2014-04-07 16:30:00,18671.350398510658,33701.27060950662,99677.96381573597,35613.83491504458,454939.0633941719,4848751.034374915,34339.86106435705,24975.61525537322
2014-04-09 14:30:00,18618.576715808955,33510.76053671271,98551.02374498817,35422.749990770266,445581.0653082988,4649275.515345934,34048.681118640496,24834.430481199408
2014-04-10 15:30:00,18566.53358088535,33323.42021971371,97449.13409919903,35158.7110529898,436516.81794855825,4460119.437604963,33858.33358214769,24695.594775762635
2014-04-11 17:30:00,18515.95924308631,33141.877455851085,96387.3472223572,35026.28747242653,427863.3854795531,4283286.194210615,33673.876662126924,24561.055568764572
2014-04-14 14:30:00,18463.66872999926,32954.68696206323,95298.52567653562,34729.53656915077,419069.7216140215,4107221.68245276,33483.681353833614,24422.330895547355
2014-04-16 14:00:00,18413.769586646104,32776.56302874043,94268.32634538072,34523.41571900054,410827.40250793897,3945658.9161626357,33302.698144017726,24290.32534365018
2014-04-17 14:45:00,18362.107285227274,32592.644937369063,93210.39658971885,34329.69556838283,402439.01473230915,3784531.8013835577,33115.82776731613,24222.175576512054
2014-04-17 18:00:00,18650.383751547797,33616.023394387805,99063.83450636503,35272.87575764578,448419.6319760612,4649334.178071489,34155.63367409474,24602.452364645727
2014-04-21 16:00:00,18599.72683714622,33433.412243615145,97987.55248413274,35117.364884101444,439555.7568562184,4465528.141911846,33970.091217230634,24468.805321227508
2014-04-22 15:15:00,18546.882778930238,33243.435562943465,96873.97485511686,34830.838293540255,430467.2692521435,4280864.892572633,33777.064997694935,24329.76769081585
2014-04-23 13:30:00,18494.331646661427,33055.05024772246,95776.03572934635,34636.920239374245,421590.81873248925,4104317.7396787,33585.655688486106,24191.89472798654
2014-04-23 14:00:00,18441.84348938768,32867.425335479966,94688.7604014324,34433.03479731268,412883.1503814648,3934774.0205256245,33395.01898837723,24054.578278872057
2014-04-23 17:30:00,18853.06350180157,34333.19453173699,103134.31808120337,35661.506604261645,479884.7421238661,5211823.579357416,34884.316967818944,25127.32612906837
2014-04-25 13:30:00,18799.758901137255,34139.04919043799,101967.92225601988,35416.01160960607,470010.4094199693,4997341.744453376,34588.42427347152,24985.23759423221
2014-04-25 14:00:00,18746.747352627735,33946.51865089811,100817.80591984437,35192.31166296219,460365.1538893876,4792237.188754792,34393.35943876983,24844.330879235098
2014-04-25 14:30:00,18694.934554398555,33758.87392636455,99703.23334087346,35007.67203037333,451105.35370651254,4599454.748894132,34203.24473145503,24706.999930162016
2014-04-25 15:15:00,18643.218115329768,33572.097263267555,98599.98343603314,34817.38417852297,442023.5795733539,4414259.832354451,34014.009511940145,24570.30428645782
2014-04-28 14:00:00,18588.873557218016,33376.373458571325,97450.31657132995,34512.90852210724,432646.4769508507,4226971.328468143,33815.709378872954,24427.060526624224
2014-04-28 16:30:00,18534.9357506239,33182.68249920468,96319.26227445056,34212.478711908814,423510.3646239821,4048451.04959517,33619.46884964387,24356.182532737595
2014-04-29 14:30:00,18483.25647575188,32997.64199051993,95245.02933455301,34048.1117482282,414916.7194047846,3884153.0540153077,33431.99263768306,24288.272405134376
2014-05-01 15:00:00,18896.278905125448,34472.35682514913,103758.31993420933,35445.04728744852,482391.91201870836,5147461.873373628,34926.119263705914,24831.012332333674
2014-05-02 13:30:00,18841.470200402844,34272.38250895619,102554.51485738122,35194.731063210194,472209.25029448717,4930149.511001943,34622.20937211689,24686.967504278447
2014-05-02 14:00:00,18786.86430725887,34073.72772913614,101365.63080105855,34956.72985412916,462249.5271094996,4722178.471215838,34421.52687279243,24543.873160233194
2014-05-02 14:30:00,18732.580773456484,33876.819685227696,100194.07080978033,34734.91406408655,452529.2568623321,4523580.7520030225,34222.60893875412,24402.037019135376
2014-05-05 16:45:00,18862.92721386152,34348.26811100675,102982.78222924483,35411.6602578007,475445.122894461,4981724.701488941,34698.869557671176,24741.62916637257
2014-05-06 14:45:00,18809.625368795114,34154.149134201616,101818.7694033125,35224.873443637814,465667.763010095,4776829.907512453,34502.769159448435,24601.802036726716
2014-05-07 14:45:00,18755.099079050076,33956.13359745667,100638.13988770745,34964.952910675995,455843.7251918378,4575279.525929493,34302.73242811456,24459.16815010715
2014-05-07 15:15:00,18701.07544678263,33760.51387111331,99478.59648280033,34739.349644025875,446287.89443631336,4383456.783209501,34105.11596182407,24318.260005592474
2014-05-07 16:30:00,18649.38836595511,33573.895468957715,98378.8183932147,34608.207802880606,437311.15581542434,4207117.042475397,33916.59269851045,24183.83566469608
2014-05-08 14:45:00,18596.336595037516,33382.88066715522,97259.38853650844,34404.015830017364,428257.7101505428,4032921.1408006437,33723.628160388515,24046.24452396631
2014-05-09 14:30:00,18543.498490865466,33193.17791390165,96154.00916741838,34208.51033751638,419402.21051515685,3866135.9045028724,33531.98906322636,23977.9214988043
2014-05-09 17:45:00,18845.229971458466,34273.38688552391,102412.30860650848,35230.511290579576,469066.89905672974,4781774.547993466,34623.22400060989,24368.07947028637
2014-05-12 15:15:00,18792.994356262472,34083.38745845117,101276.8340165343,35041.94057572491,459604.7865031559,4588856.697384455,34431.285201403974,24232.991532999
2014-05-14 14:00:00,18739.99660018315,33891.15166881202,100134.39873582433,34806.45201670661,450172.12842371577,4400498.710378681,34237.08721251419,24096.31356141112
2014-05-15 15:30:00,18687.04911823855,33699.64137354884,99002.73059687784,34628.803374597395,440915.7211130105,4219533.226904061,34043.622123304674,23960.151410003717
2014-05-16 15:30:00,18633.17614982815,33505.33571258848,97861.06912978542,34329.30882864436,431665.03780315694,4042476.41659591,33847.33313539439,23822.001777940113
2014-05-16 18:00:00,19049.423780721307,35002.29108943909,106605.56611825415,35611.264962448164,501842.8476813681,5356885.120366754,35359.568313806456,24886.324008725405
2014-05-19 15:15:00,18995.248815351813,34803.20392234668,105392.85692155991,35465.84379740808,491456.2672520044,5135143.519741699,35057.88936368209,24744.77476746057
2014-05-20 13:30:00,18940.881852134266,34603.98099814156,104186.2626555209,35238.46581744782,481219.4955738654,4921218.923602138,34857.208551332864,24603.12900407138
2014-05-22 13:45:00,18885.84469430734,34402.88109387074,102975.31253695015,34983.6195340014,471043.26198394597,4713083.244252794,34654.63702341538,24460.148724208575
2014-05-22 15:15:00,18831.27712199208,34204.07805039247,101785.19096081743,34757.20151923628,461138.4310931931,4514875.154780301,34454.37916442702,24318.80149235798
2014-05-22 18:15:00,19251.617015056203,35731.04177323721,110873.1303516123,36054.10858619523,536048.5011275581,5981721.512561557,35992.517014530946,25404.45939569875
2014-05-26 16:30:00,19298.0065842212,35903.24004960855,111941.79003769747,36314.74143007013,545448.8779333876,6191517.589026042,36252.70461687551,25526.890869929135
2014-05-28 14:30:00,19242.775649718144,35697.72975599627,110660.27950514699,36002.94283626206,534087.9960524407,5933597.542479278,35941.438671528005,25380.77484166987
2014-05-30 15:30:00,19187.801673229536,35493.7626992654,109395.71441028187,35797.23187553273,522983.71862751624,5686865.491856403,35736.079128761194,25235.756041387907
2014-06-02 13:45:00,19132.575044828904,35289.445302565655,108136.25664200872,35488.135431412265,512029.04284390825,5448625.694060152,35530.36685424949,25090.4881524404
2014-06-02 16:00:00,19077.350710680195,35085.72613619676,106887.75710519329,35180.836182128725,501273.31737675605,5219717.107886661,35325.25689419572,24945.645600046064
2014-06-04 15:00:00,19019.2343814738,34871.95917856202,105585.28609142078,34864.957225243794,490160.0247516007,4988273.535569505,35110.03054646033,24793.65915560264
2014-06-04 17:45:00,19442.067559264917,36422.49702036245,114974.7202086021,36336.35865727331,569465.2798489084,6602425.180979453,36671.15393245359,25344.86860386755
2014-06-05 13:30:00,19382.5661937766,36199.558971145256,113567.22528488676,36113.947851386496,556781.7602178557,6308317.735420249,36334.46385671521,25189.735484876466
2014-06-05 14:45:00,19325.30183626004,35985.66113469354,112225.12143220585,35950.24989948424,544810.3264574872,6037045.889591851,36119.768887260485,25040.893065959128
2014-06-06 15:45:00,19269.894643029696,35779.313570561775,110938.08766866043,35780.48383208101,533442.6096454082,5785114.438510002,35912.65232772331,24897.30456084582
2014-06-10 14:30:00,19211.28198283579,35561.65584205509,109588.33946182491,35583.88332456649,521634.29693165614,5528995.264152418,35694.18345422502,24745.845792751636
2014-06-10 15:00:00,19153.1432036509,35346.416561480524,108261.75807597,35409.087185759905,510145.785780818,5285453.288025537,35478.14204148804,24596.069919848043
2014-06-11 16:45:00,19156.257643662302,35357.9117289137,108332.17466451041,35418.043723738294,510749.4872993739,5297962.795171042,35489.680047958245,24600.06941922353
2014-06-13 14:45:00,19101.56956150809,35156.02925088472,107095.08984800776,35246.458185710624,500137.95711228513,5077817.720025511,35287.045214558886,24459.610813746087
2014-06-17 15:30:00,19046.766478263384,34954.30145135645,105866.0513430533,34943.08815491613,489695.23299253214,4865771.228346358,35084.56563610057,24319.25982497079
2014-06-17 16:45:00,19472.094074134664,36515.409371551934,115322.30275528393,35936.20177591716,569277.4861720699,6447281.570775508,36651.49133671443,25405.391933171755
2014-06-20 17:15:00,19907.105347141784,38146.93545751051,125627.614867416,38344.67199315196,661832.4918207314,8543722.047331685,38289.09763044863,26540.517086534084
2014-06-23 13:30:00,19850.007503718705,37928.108289035605,124186.30720199096,38020.518247922366,648017.5924558202,8187043.69821965,37959.63362302151,26388.26930740711
2014-06-23 14:00:00,19792.84799008038,37709.67489825559,122755.89385451475,37692.069858531904,634437.5009487274,7843902.388820799,37741.01867334207,26236.295496909963
2014-06-26 15:15:00,20234.676202212315,39393.23233766228,133716.82623525758,38948.53921399152,737505.0741849503,10392465.431543292,39425.97546307115,27407.621173555835
2014-07-02 16:30:00,20686.502718809075,41152.48035000919,145660.04829712477,40213.549122453216,857352.4472331635,13770095.566064864,42067.040876555904,28631.608143181504
2014-07-03 14:00:00,20627.16765802877,40916.40517036,143988.86241588564,39974.31617880811,839455.7966329455,13195212.762912493,41705.05840984511,28467.360156703933
2014-07-03 14:30:00,20569.419476257295,40687.30459364619,142376.40739778255,39811.53392509441,822352.3121027761,12657521.276909335,41471.541978140114,28307.964711227585
2014-07-03 15:00:00,20511.607729912066,40458.59574404992,140775.77326038718,39642.182339320374,805531.7687009737,12139722.803276826,41238.424823992595,28148.841807703328
2014-07-14 14:30:00,20455.10288994843,40235.68718341698,139224.55160217738,39499.961553775356,789382.3583366924,11652965.178372974,41011.21975789393,27993.75442279916
2014-07-15 17:00:00,20397.481718481202,40009.00267903968,137655.79258815965,39166.1523224235,773199.4757968094,11175177.539134847,40780.16596770147,27836.03994614403
2014-07-16 16:30:00,20339.915689898637,39783.17486131504,136101.81697488468,38945.08191038152,757318.787634787,10716125.211218175,40549.98537657768,27757.48072529113
2014-07-21 15:00:00,20281.57592219818,39554.95944339681,134540.32606076676,38713.39983679641,741510.591027867,10268750.560095686,40317.371164877535,27677.865597964537
2014-07-24 16:15:00,20556.887872980864,40628.83586101507,141845.58868312289,39783.53839478893,814764.157709839,12297642.967018127,41411.9462756492,28053.57837297313
2014-07-25 13:30:00,20495.92197559539,40387.84865971312,140162.8935869253,39429.57833025081,797178.8662809428,11766795.768065749,41166.31410770881,27887.18046381978
2014-07-25 14:00:00,20435.48542719937,40149.66448111992,138509.69418234553,39080.77904883842,780071.7809573429,11261775.909401475,40923.53899002261,27722.717998190088
2014-07-30 15:30:00,20889.03107189523,41931.82967864199,150806.04383713673,41682.85823977316,906068.3329896659,14899761.461458914,42740.054965685405,28953.275310078112
2014-08-06 15:30:00,20830.59491466862,41697.22473373411,149118.55040423234,41490.801322205014,887621.9018204096,14293080.01320599,42381.36462290417,28791.284249562017
2014-08-08 14:45:00,20772.875595989906,41466.14776139765,147465.78510070685,41260.86830362712,869722.6209495863,13716627.690114738,42146.496295741264,28631.729199158755
2014-08-08 15:30:00,20715.614991076418,41237.54419678495,145839.82243224717,41041.24030517835,852275.3249951014,13166295.763492849,41914.14195830479,28473.881998265726
2014-08-11 16:15:00,20656.258035248848,41001.22631866445,144168.3088611095,40694.64019857087,834503.101981178,12617190.708556723,41673.946736116945,28310.70818404504
2014-08-13 15:30:00,21116.78125220049,42829.43901924288,157025.0137426809,42188.96912237619,969902.2356334756,16711499.494248763,43532.155515387414,29573.060579609355
2014-08-14 14:00:00,21058.52240936628,42593.11573429723,155292.15578721557,42021.83833211396,950428.460805182,16040429.841580957,43171.85443880061,29409.88303206011
2014-08-14 14:30:00,21000.4221923472,42358.08791804542,153578.3588213686,41850.98268512743,931344.9909692205,15396284.444717867,42933.63315591565,29247.599985467205
2014-08-14 15:30:00,21469.406509161294,44249.9812087465,167297.29095131718,43304.838976413994,1082711.1977348311,20400825.613197375,44851.23275744286,30553.922836693953
2014-08-15 14:00:00,21405.86025025385,43988.03444637647,165316.5902811296,42936.74408306794,1059388.9380001808,19521933.15369807,44452.97376766972,30373.05267706564
2014-08-15 15:00:00,21343.310176084462,43730.95953464488,163384.3035404663,42655.70140829941,1036860.1085369448,18691631.293754965,44193.18165712518,30195.54645442471
2014-08-15 15:30:00,21283.31179782301,43485.09451837053,161547.1389835292,42452.21804346541,1015647.8968559531,17926839.907912865,43944.717927013415,30025.78049000428
2014-08-19 15:30:00,21755.55203037283,45414.81404161753,175884.95618153558,44562.16812763705,1179652.1084295851,23716399.9595908,45894.83396255557,31358.22176566513
2014-08-20 14:30:00,21694.163663055915,45158.51704836045,173899.75437548303,44388.301875715035,1155427.4325942644,22742346.51299164,45506.32500797117,31181.252683614865
2014-08-21 13:30:00,21633.382033397753,44905.471270539616,171950.85961608816,44163.64263230621,1131868.2535385604,21814913.082674984,45251.330288036545,31006.528515186044
2014-08-21 15:15:00,22115.96576979563,46908.91669363523,187293.9415590324,46066.04850499718,1315620.302933834,28897954.724296097,47270.2061174064,32389.876376420652
2014-08-22 14:45:00,22606.830812127275,48991.20852011288,203921.9377331617,49133.363731222424,1528128.0723437832,38233535.64422464,50417.70037133611,33827.66645116765
2014-08-27 15:15:00,22539.508974667384,48699.42253698557,201492.86668633219,48694.41476648785,1495010.073901943,36576320.916208565,49967.277365425914,33626.19277434859
2014-08-29 15:15:00,22474.36309797041,48417.91094067049,199163.3697193449,48372.7203111435,1463563.4047197043,35037597.55395937,49678.436814925,33431.81340160107
2014-09-04 14:45:00,22407.60838802853,48130.28333700966,196797.10146627697,47980.22976782153,1431926.490833472,33522826.88803475,49383.32103117709,33233.21102103738
2014-09-05 18:45:00,22531.952196518338,48664.45036011909,201165.35008475004,48362.53866281268,1489754.392452845,36230444.55932482,49931.394712808564,33602.04503090959
2014-09-11 15:15:00,22469.88371644963,48396.33968414326,198948.75963340345,48152.38302114034,1459888.5331724177,34777784.49084932,49656.30396607658,33416.918784938665
2014-09-15 15:30:00,22969.81401407587,50549.870766691936,216654.3274718495,51366.39633944891,1696271.6095463526,46040123.36209487,51865.90069866724,34903.898456460156
2014-09-16 15:30:00,23481.77539508327,52803.22655195012,235969.87763272534,52949.43610870878,1971417.5864492268,60976121.40380032,55333.931149320066,36459.805530445265
2014-09-17 14:00:00,23414.545523881345,52500.868313664854,233267.48836038704,52640.728010612314,1930340.6518481155,58435094.917732865,54858.65706952744,36251.03187610119
2014-09-19 14:45:00,23349.448426105962,52208.94258276212,230673.36814018007,52201.67290085853,1891283.739991715,56070440.420779474,54553.62109439489,36049.461705619746
2014-09-19 17:30:00,23871.092628865295,54541.71650816614,251287.0328444409,54620.50900985531,2198781.88394071,74303089.48893881,56991.15877529389,37660.20576844791
2014-09-22 18:30:00,23896.92422485061,54659.758828816426,252374.73255047572,54755.60940747289,2216097.9463417237,75473407.42140478,57176.174092075606,37741.712152362496
2014-09-25 16:45:00,23831.15543257329,54358.8911279763,249596.40322156638,54527.52647912227,2171711.0414865054,72450047.41166951,56704.0956084568,37533.96769090935
2014-09-29 14:15:00,23762.25748916516,54044.578562204115,246709.98356597114,54054.595012055164,2126017.8756346456,69401325.02723059,56376.22266236368,37316.93975962272
2014-09-29 17:15:00,24291.681924532008,56452.81107150845,268696.832889245,57052.062017222626,2470741.6584440153,91907520.83071393,58888.353495450276,38979.786799376
2014-10-01 14:45:00,24223.606195481207,56136.40101125823,265684.8170314046,56572.408851039225,2420350.9918354633,88158621.20361519,58393.26209635424,38761.31058082051
2014-10-01 15:45:00,24157.283034293374,55829.00305054758,262775.08397135825,56320.98873426117,2372123.705946224,84645369.5779378,58073.50576420067,38549.05707663475
2014-10-01 16:30:00,24091.75020891822,55526.10207425925,259923.70475517891,56083.322983512706,2325292.4085956737,81303172.48921522,57758.42720948358,38339.90867015263
2014-10-03 15:15:00,24023.600427173355,55211.962030079056,256982.6575343215,55607.38418441645,2277422.594376211,77955664.23767264,57431.65774075517,38122.99986233826
2014-10-06 13:30:00,23956.258698091966,54902.427328954414,254101.21492046307,55139.75685120008,2230962.7401375826,74775043.47233792,57109.67876445666,37909.27097217612
2014-10-06 16:00:00,23889.954400521176,54598.51786422087,251288.0874151189,54776.08666775877,2186025.846056058,71762749.14038448,56793.55117686533,37804.34859615289
2014-10-07 16:00:00,23824.817860340223,54300.78949747223,248547.5151513974,54579.29828127941,2142649.525586518,68914837.70319402,56483.85318697129,37701.27412267067
2014-10-10 16:30:00,23759.02183167781,54000.86894209919,245801.90097264718,54307.01287009957,2099586.0298290886,66144703.07724015,56171.87487552824,37597.15605019155
2014-10-13 14:00:00,23693.16567222353,53701.505621427554,243076.60877849863,53982.79388796011,2057232.5041466055,63476118.56511121,55860.47620138617,37492.94282452047
2014-10-16 15:30:00,23628.90685092688,53410.21525518208,240439.59242011397,53704.86670044323,2016627.3566981286,60970366.6400389,55557.47504000243,37391.25728590666
2014-10-17 13:45:00,23561.15751297037,53103.93729264389,237682.01699645747,53242.91526270395,1974547.4149143277,58425891.112392984,55238.88373349449,37284.048224460705
2014-10-17 16:45:00,23493.73145104529,52799.9972708187,234961.27419973206,52785.812070774766,1933424.2255197784,55992261.03836966,54922.72436031966,37177.35072697925
2014-10-22 19:00:00,23564.796373698668,53119.421005610944,237804.16100336093,52996.199405445965,1975985.8792408297,58457445.0304996,55254.98994075435,37289.80649244059
2014-10-23 14:00:00,23497.957274042623,52818.08555437588,235106.1336979069,52748.616454305884,1935197.2803704364,56044070.217058934,54941.53985015514,37078.26915914246
2014-10-23 14:45:00,23431.425435690948,52518.988548694404,232443.42679104637,52516.291418313405,1895321.177340057,53734415.13342895,54630.41819770915,36868.30321348291
2014-11-04 16:30:00,23814.253732333404,54235.1244263569,247634.29452350753,53584.05445960028,2120680.84181393,66512797.93202589,56415.5481720587,38073.02972558118
2014-11-11 13:30:00,23749.52831034669,53940.31012275086,244942.0860014065,53297.88936920426,2078733.8059331435,63881553.60107814,56108.8813998734,37866.07023459742
2014-11-11 14:00:00,23685.340908250244,53648.74320573148,242294.08458275677,53073.81594688988,2037847.1360792338,61368577.688157305,55805.59256949889,37661.39040734362
2014-11-11 15:15:00,23621.00002108881,53357.271130550136,239661.3310300154,52795.41048706759,1997559.9384675266,58942126.78053037,55502.40239390464,37456.77715901182
2014-11-12 15:30:00,23555.80238653565,53062.722393340235,237015.32080808267,52358.23984959076,1957434.3486385774,56574150.17337444,55196.011864725566,37250.0040955029
2014-11-13 16:00:00,23492.222033305778,52776.27520909696,234456.3728986737,52149.97570699696,1918983.9993295711,54351551.14977054,54898.04859659717,37048.91831805047
2014-11-17 15:15:00,23428.67463473964,52490.75134585458,231919.51749966716,51726.772407611075,1881206.5106741257,52211600.93894684,54601.04576989775,36948.69951476045
2014-11-17 15:45:00,23365.42320479415,52207.32813619376,229415.02395185537,51307.82523638762,1844245.2180848415,50159930.11183724,54306.22804970591,36848.94747520336
2014-11-17 16:30:00,23302.48971794778,51926.092982030656,226943.35677669867,50900.514201764054,1808094.672200908,48193479.18951803,54013.6863517716,36749.69685470711
2014-11-18 14:30:00,23239.41752010438,51644.99917193234,224486.31180491767,50629.806272687165,1772478.6956354303,46294842.07519773,53721.29168038106,36650.227477024266
2014-11-18 15:30:00,23176.49706234373,51365.34268001423,222055.13529413886,50360.45683847582,1737553.7523603344,44470453.73429735,53430.39211191307,36550.997404330265
2014-11-19 14:30:00,23113.01247372265,51083.944879419105,219622.13968182937,50051.45704254053,1702916.2305397925,42697448.08253124,53137.68122864513,36450.87765682648
2014-11-20 18:15:00,23168.438575744498,51328.94833310426,221728.79698305312,50275.5051501913,1732635.5676648614,44187761.97018812,53392.534597009086,36538.28859324552
2014-11-25 14:15:00,23104.274073248194,51044.63945120144,219272.50405662073,50031.8404837512,1697714.031353093,42406539.694741696,53096.7955977465,36335.90455238863
2014-11-25 15:00:00,23040.04778922266,50760.84715363949,216834.3303957849,49758.559058464896,1663368.2772397008,40690721.17848125,52801.59395115113,36133.88823984768
2014-11-25 15:30:00,22977.001521918497,50483.045478268745,214460.96810419342,49563.04984944399,1630243.5379670607,39070070.42026236,52512.62376872926,35936.136325654705
2014-11-27 16:45:00,22912.55313199673,50199.844818137506,212054.79442096603,49209.18120046576,1596965.3816794034,37474995.96747648,52218.03754526283,35734.54116764522
2014-11-28 15:00:00,23424.468442223126,52442.98804057545,231005.82013087024,51829.11873584151,1856627.2548928536,49661644.17314801,54551.36222849663,37331.31291300671
2014-12-01 15:30:00,23363.36224143166,52169.377412849484,228595.36833108123,51624.485738430085,1821379.755609644,47776021.99154641,54266.75158710645,37136.544377848884
2014-12-02 17:45:00,23745.865663653192,53877.60460972052,243565.56136872037,54160.06374231324,2038394.1484773697,59160890.3850794,56043.65492665267,38352.5384772614
2014-12-03 14:00:00,23680.89502809735,53582.77752164531,240899.89997809543,53814.29553308087,1997805.4315247627,56804854.74172959,55736.97485602206,38142.66709709422
2014-12-04 13:45:00,23614.852077130967,53283.90666019298,238212.54542275725,53364.05221960412,1957257.416588294,54499000.465646625,55426.08843951936,37929.9171744387
2014-12-05 14:00:00,23547.639467264282,52980.59326921115,235500.54251398527,52908.3978020757,1916715.7565241312,52241269.89634188,55110.58088973212,37714.00485646233
2014-12-05 15:00:00,24073.313742966195,55346.05627298848,256529.66983446217,54975.35748738447,2228113.2487527286,69215931.24733849,57571.14299685931,39397.84940608695
2014-12-10 17:15:00,24390.780734240725,56805.80927180694,270061.6170062619,56955.81225666995,2441952.788845891,82501703.78456146,59089.58268875995,40436.96822846277
2014-12-11 16:15:00,24325.369946683404,56501.12753465503,267164.6301078336,56730.7170969875,2394293.342820719,79281342.18177769,58614.18632705031,40220.08185921745
2014-12-12 16:00:00,24259.624922718656,56195.712406996696,264276.32953152637,56400.47199400019,2347198.9889601814,76162506.64356554,58297.34912431156,40002.67342913032
2014-12-15 15:15:00,24193.08153624509,55887.4262714304,261376.72296500206,55997.52017329976,2300343.683134282,73121761.0075662,57977.53354220576,39783.221284552616
2014-12-16 14:00:00,24128.3796228214,55588.49590072346,258580.62209212882,55743.382636000635,2255571.6607383844,70275395.79226275,57667.423616758984,39570.429000493066
2014-12-17 13:45:00,24061.93999589676,55282.360222598356,255732.52365695755,55282.89963584706,2210371.1119297664,67458826.92606829,57349.8389160293,39352.507649690524
2014-12-19 15:45:00,23996.246243384106,54980.49713995431,252939.72654726126,54996.38272786821,2166452.695012078,64778114.28941907,57036.6865995467,39245.06768854309
2014-12-19 17:30:00,23930.90836548413,54681.09122683149,250184.871508423,54725.873444501616,2123522.884043124,62210864.87956795,56726.08334709944,39138.20974856353
2014-12-24 15:30:00,24462.92227485498,57112.34880117491,272432.557141387,58375.74649950064,2467087.792819932,82341064.82031985,59248.266366973,40008.30091502095
2014-12-29 16:45:00,25008.801699693857,59661.22303332895,296749.41118340567,61415.214828475844,2867734.0083470885,109084852.45426504,63214.5639176562,41793.836432559736
2014-12-31 15:00:00,24937.426182602492,59320.67487788822,293361.70106052817,60889.37483402543,2808170.0842101555,104553384.85150822,62673.31781060468,41555.275887162454
2015-01-02 14:15:00,24869.71777838674,58998.54795078894,290175.63807369355,60639.156707071,2752681.657686253,100421510.61370546,62332.985147178224,41329.61976720344
2015-01-05 15:45:00,24803.64154802671,58685.04204935151,287091.7731939899,60304.99874198825,2699456.3180760937,96538047.37947707,62001.76074629718,41110.00284185146
2015-01-07 18:30:00,24978.052708321087,59510.35040223455,295166.71802445437,61218.326835643406,2837597.503856335,106418466.81698409,62873.71327884103,41688.14724709689
2015-01-12 14:45:00,24909.907561567572,59185.638015014505,291945.6215600643,60828.62307711397,2781257.717289309,102192642.8943799,62530.64903213153,41460.67996250034
2015-01-21 13:30:00,24842.884029184952,58867.14381616766,288803.5421649912,60612.96671251072,2726796.859051995,98190497.38807164,62194.15440886144,41237.56863868641
2015-01-21 16:45:00,24775.96736678466,58550.015355189586,285691.86332635704,60389.968197517876,2673343.734673038,94340860.5130013,61859.102711243686,41015.41404056791
2015-01-22 15:00:00,25330.44624972885,61170.679697364496,311266.6637607187,62999.78017884723,3108752.5769430716,125071547.57128073,64627.879862382775,42851.23991360296
2015-01-26 13:45:00,25262.55269936041,60842.766435816695,307929.4941418801,62779.87053026194,3048112.479869805,120192194.45577224,64108.21082378193,42621.53035485758
2015-01-26 15:15:00,25828.03534083286,63566.602675809,335500.54538232466,64772.164372354804,3544660.306258928,159351623.97164214,66978.23594183917,44529.63013048106
2015-01-28 16:15:00,25757.92648808666,63221.50623097579,331857.7505631166,64509.605525066,3474636.7503822404,153055749.9633393,66432.80917373083,44287.88342071683
2015-02-02 15:30:00,26333.23502221596,66045.63666647578,361506.1923511952,68832.1110585432,4039427.2415482453,202813142.40907678,69400.38981975114,46266.24121300621
2015-02-03 14:30:00,26261.293318058913,65684.76678855045,357555.6907862903,68410.88462813823,3959114.519356345,194748397.29094297,68831.58971122853,46013.44490940003
2015-02-03 15:00:00,26190.19837132404,65329.12131903252,353683.7713825766,68096.60088554461,3881111.980698914,187074525.10872117,68458.90599417554,45764.30840455986
2015-02-03 15:30:00,26120.534943043578,64981.58286261389,349920.7110662942,67866.07120949957,3805982.51862123,179831854.18876216,68094.71768064938,45520.85101862141
2015-02-05 18:15:00,26490.372656276406,66821.7166929939,369738.6628618074,69340.34111117943,4198161.187306508,216892569.42741388,70023.00856176348,46809.900226981736
2015-02-11 14:15:00,26415.96721133774,66446.34261829738,365584.61488698696,68964.25036021357,4112346.0681226943,208025515.08382446,69432.97234269038,46546.943454035165
2015-02-11 16:30:00,27005.526260368697,69412.27926201148,398221.4994150101,71790.25584408655,4780287.676894208,275601976.2613943,72532.22188507926,48624.63922784581
2015-02-12 15:30:00,26931.872389905002,69033.65431124675,393877.12123833835,71424.7660938321,4685405.418656591,264661321.78621387,71938.7568116353,48359.40515356766
2015-02-13 15:30:00,26855.62296536867,68642.75862165884,389416.5470312948,71012.97762378812,4588865.873487536,253754994.0104596,71531.41128962085,48085.575190281415
2015-02-13 16:00:00,26781.388497145632,68263.27320140164,385110.83715096203,70674.74712966946,4496552.677858757,243545528.2951044,71135.95620856197,47819.73834054216
2015-02-18 15:45:00,26706.952874098733,67883.81421461246,380829.36158691504,70274.74036599947,4405600.003288207,233693039.61540517,70740.52867335515,47553.92000795665
2015-02-19 14:30:00,26633.45374790193,67510.17360864732,376637.10117612575,69873.61387122957,4317362.959349905,224332052.2405962,70351.16437045603,47292.17756326112
2015-02-20 14:30:00,26559.66613655231,67136.10162387721,372463.22987809754,69486.44613003265,4230314.202115256,215285869.8652405,69961.35053529245,47161.155246330476
2015-02-20 15:00:00,26488.13518074686,66774.47738556657,368450.7320253629,69206.98058216274,4147399.3954239604,206846597.7779245,69584.50827775049,47034.14000094617
2015-02-23 14:15:00,26414.249476867848,66401.95744566746,364339.7228516831,68627.84508182324,4063206.985401684,198448605.72968018,69196.31180124554,46902.94350422791
2015-02-23 14:45:00,26340.872292735683,66033.0362190777,360291.26817894843,68055.91309909859,3981062.2446650527,190424643.70865658,68811.86548057657,46772.649969866296
2015-02-23 15:15:00,26268.23650128099,65668.85983231071,356317.2097457186,67608.7082023736,3901169.4636826934,182781681.3943411,68432.36367402218,46643.67290292491
2015-02-23 16:45:00,26197.05796887819,65312.976553492124,352455.1863383499,67283.02285300518,3824238.5344549585,175572784.3052101,68061.50396937973,46517.28344457873
2015-02-24 14:30:00,26123.86785498841,64948.02990962781,348516.3875221175,66861.95371122083,3746482.7108807014,168433163.5321441,67681.19949145352,46387.322084902524
2015-02-24 15:00:00,26050.55235990116,64583.482286419974,344604.0033929313,66405.07855066254,3669963.5715219136,161552917.86837703,67301.31082593439,46257.138089817854
2015-02-25 16:30:00,26632.06224165372,67466.79413552712,375373.50578136236,69597.76402791863,4266160.819379585,214042487.9359952,70305.9593845901,47289.70670983017
2015-02-27 14:00:00,26556.77523999036,67085.34619535532,371128.8858194968,69073.10249490467,4178391.9552861718,205235381.5800738,69908.45919605021,47022.33723649256
2015-02-27 14:45:00,26481.520598101484,66705.14312790455,366922.17455360404,68496.20142452314,4092222.1358994814,196770356.78021526,69512.2562674748,46755.840335605186
2015-02-27 16:00:00,26406.971092801556,66329.57289561942,362790.40780022414,68130.15653713564,4008382.5552209197,188707674.1327113,69120.88113493097,46492.59074206396
2015-03-02 15:30:00,26333.136945866394,65958.65663914224,358732.9458244371,67685.6738562102,3926819.0492631784,181027938.33336884,68734.35582871019,46232.603274044086
2015-03-04 14:45:00,26258.2617031452,65583.56494873161,354652.8825268647,67108.30459680714,3845561.338082634,173535911.9658883,68343.47937623593,45969.689106325066
2015-03-05 15:00:00,26183.072540303318,65207.97471351885,350590.76240054105,66595.87491663858,3765423.601790713,166303274.68478116,67952.08339899308,45838.05729919778
2015-03-05 15:30:00,26109.009922103392,64839.07428539959,346623.97511992324,66266.21675724628,3687909.567122889,159456322.4358186,67567.65875204439,45708.397705903255
2015-03-06 14:15:00,26035.319929937294,64473.07106349241,342710.73320268834,65922.81819582121,3612158.9072117973,152905770.45960388,67186.25323272558,45579.390459786984
2015-03-11 16:00:00,26616.57437977665,67351.87259551218,373315.6405697323,69286.85764248832,4199051.015992116,202593058.51913464,70186.20166928391,46596.97824426636
2015-03-13 17:00:00,27211.078257209203,70360.59556932945,406668.93279407674,72175.67556023526,4881612.429569406,268456609.05811054,73321.5389549382,48678.54470339002
2015-03-18 16:15:00,27543.560019906494,72080.01400752556,426544.6616911889,73649.87470371896,5315696.075039446,316200105.778414,76009.20251810004,49868.113760193846
2015-03-19 16:15:00,27468.899515282807,71689.24896370442,421919.8361910155,73163.79996439045,5210833.85658778,303724808.4331533,75391.10317887763,49597.76537129446
2015-03-27 16:00:00,27394.552911985324,71301.18448005566,417352.0075210421,72846.96280774135,5108194.210077933,291759657.4297538,74983.00001208851,49329.28534831796
2015-03-30 14:30:00,27318.700189084793,70906.33306516151,412729.586957336,72464.06364304402,5005259.3663817085,280001202.8764225,74567.75945383293,49056.1098287591
2015-03-30 17:45:00,27511.810175384955,71908.77614715547,424399.5718880019,73470.5561657333,5262748.756516921,308809835.4320197,75621.96619916824,49749.643901127274
2015-04-02 16:00:00,27436.119966288676,71513.10677696584,419729.1569452127,73142.45875877823,5157377.726213756,296443822.14402884,75205.86544844352,49475.90248423492
2015-04-06 15:00:00,27358.385720912585,71107.87328209574,414972.31387592043,72589.83699899088,5051035.270616651,284218786.218056,74779.70670546721,49195.54418658652
2015-04-08 14:45:00,27278.880096064353,70694.58311544675,410148.5448939368,72097.61616342733,4944209.548184329,272196744.9770434,74345.07526425313,48909.61193018782
2015-04-08 15:15:00,27201.639159233495,70294.23560781633,405503.1550926169,71784.40512191938,4842325.565066994,260978576.2082789,73924.05480872496,48632.633972719064
2015-04-10 15:30:00,27127.00721859541,69908.50920446456,401052.910425776,71508.67272202196,4745637.761395252,250556540.3497264,73518.41045487444,48365.77153619611
2015-04-16 15:45:00,27052.260315196,69523.25147645976,396632.59779606597,71114.59667750284,4650473.483141645,240507719.2963925,73113.25897759819,48232.50244301079
2015-04-20 14:00:00,26977.126418037937,69137.06911937278,392226.2299044183,70793.99924392434,4556475.706515829,230785186.3297345,72707.13512569753,48098.54336395397
2015-04-20 14:30:00,26902.262409761457,68753.34566161387,387872.37438003096,70475.10787299472,4464453.106770518,221463309.4245649,72303.5971445603,47965.065480035315
2015-04-20 15:00:00,26828.112028898286,68374.3376295923,383596.02262217354,70188.8451743107,4374899.950363806,212578575.76831084,71905.01808199783,47832.85994953759
2015-04-20 16:00:00,26754.028057141873,67996.71564170455,379358.92731331225,69895.49351695235,4286979.415301193,204034370.26123688,71507.89663543514,47700.772822358726
2015-04-21 14:00:00,26676.710455004304,67603.70244792169,374973.6253996416,69424.17428691749,4196816.354331799,195451934.19912043,71094.58921944945,47562.92033275019
2015-04-21 15:00:00,26599.585467617624,67212.80457410903,370637.28322910855,68991.87130313428,4108514.291935147,187227219.35240903,70683.50635328727,47425.41126329711
2015-04-22 15:15:00,26525.05780134209,66836.16611296908,366483.4242469979,68686.94123399127,4024739.085594748,179591856.3869808,70287.41922034336,47292.53305630723
2015-04-23 17:45:00,26450.555494649947,66460.71369486926,362365.98017953115,68332.719059458,3942469.5279381024,172249794.07214662,69892.57937474737,47159.70006388181
2015-04-27 14:15:00,26374.764572072505,66079.84314512918,358212.7136133089,67926.6168413805,3860256.8504905766,165065912.66984072,69492.04161869152,47024.56954924896
2015-04-27 14:45:00,26298.67067926648,65698.54893587217,354078.792378568,67496.23985342139,3779204.528047438,158134262.21430865,69091.05832639677,46888.89885748783
2015-04-30 13:30:00,26225.854410073072,65334.73410406755,350157.2714810356,67115.67424424335,3703052.2194387,151761339.52733204,68708.45700305924,46759.07196535973
2015-04-30 15:30:00,26152.864684722772,64971.0651670312,346259.1513015849,66688.72329483164,3628048.988771369,145613659.13805744,68326.00910813233,46628.935811661126
2015-04-30 16:00:00,26082.437015630592,64621.140924825864,342529.3534041864,66452.09016472979,3556946.428130113,139906181.61440632,67958.015649835,46503.3676453798
2015-05-01 15:30:00,26663.949193416945,67502.61863089411,373076.34410669684,70402.91726952214,4134079.579389628,185307200.2169022,70988.28568594338,47540.16779475459
2015-05-04 16:15:00,26590.416639800973,67130.30769617928,368960.93628366507,70100.90029222504,4051109.3944624118,177869040.2225989,70596.74954210791,47277.9598290911
2015-05-05 14:30:00,26514.569473277923,66747.33937375333,364751.2028366275,69750.9745735974,3967013.2199731846,170484344.13750303,70194.00568961093,47008.24616942171
2015-05-05 15:45:00,26441.721435238298,66380.56647761838,360742.62792448036,69485.99245756958,3887692.8048661775,163666676.43821365,69808.29355487054,46749.93848627587
2015-05-05 16:45:00,26369.762305813252,66019.26717370051,356815.6936640878,69245.31867131237,3810695.3860990535,157183699.38397583,69428.33765501283,46495.48569791364
2015-05-06 16:00:00,26298.06219665332,65660.25076633842,352934.9269148098,68997.23217998479,3735289.3891037805,150963000.869636,69050.78253480156,46242.640688442356
2015-05-08 15:30:00,26223.56636361892,65288.25262887044,348935.82140036626,68632.38862865737,3658284.1032362278,144738610.8283712,68659.5753402835,46111.64685269752
2015-05-11 14:30:00,26147.04239221478,64907.2124371649,344862.8506307203,68110.73236419135,3580593.0111224065,138590974.16103524,68258.85918237374,45977.08672856242
2015-05-11 15:00:00,26072.55070603247,64537.37728508076,340932.85887719516,67754.4543920484,3506354.6725114454,132844013.45579457,67869.92666441602,45846.10018466251
2015-05-11 18:00:00,26654.193477051835,67416.85765366098,371355.832832406,70243.99822028473,4075622.589092623,175979315.9756028,70898.0962255045,46868.8636669354
2015-05-12 16:15:00,27249.972525216173,70430.68370078637,404558.2667842194,72219.86163407967,4738604.5191236595,233232461.47699818,74067.5487412793,48964.105228686065
2015-05-15 16:15:00,27563.170877545814,72049.67792678962,423157.47564006713,73511.06776109389,5134966.431143745,272250051.57260305,75770.14379567046,50089.645965780655
2015-05-18 14:45:00,27485.149387401845,71641.78412812504,418366.2450575371,73054.09991694482,5029184.687213015,261033197.2360631,75341.1873774394,49806.07417816619
2015-05-18 15:15:00,27407.7473191358,71238.27733341006,413653.53097274556,72649.857180476,4926112.830603567,250333579.72381335,74916.84449711244,49525.55227892055
2015-05-18 16:30:00,27330.900309809505,70838.79550085483,409014.253416312,72275.85289251822,4825594.322449338,240117346.8277989,74496.73441796364,49247.82857302438
2015-05-19 15:30:00,27254.817564307094,70444.39868342876,404459.85864749225,71975.3959645054,4727832.092908924,230388221.00053737,74081.97193145686,48973.64001974624
2015-05-21 15:15:00,27176.713294681485,70040.65293863318,399823.60793284286,71397.86723899619,4629231.031250236,220778521.35896966,73657.37776226245,48692.9520000503
2015-05-21 19:00:00,27381.762955271104,71097.57339526196,411890.3643817753,72116.1345430877,4883421.363180099,245024347.60889193,74768.87495813779,49060.34275744078
2015-05-25 16:00:00,27297.248280409687,70658.68359048557,406805.11398629996,71448.36837261204,4773727.339304653,234016611.58212712,74307.32197726046,48757.490167305674
2015-05-26 15:15:00,27905.91207906392,73809.72521345805,443088.26508597605,73892.62094137032,5548375.087162926,309965834.58484876,77621.07553937033,50931.842605560545
2015-06-02 14:00:00,27829.229578140264,73404.08254492101,438218.02594805404,73589.40091772142,5437418.290399762,297568397.2914945,76981.19197134227,50651.931950314516
2015-06-02 15:00:00,27752.593024483762,72999.79999769744,433390.9402158363,73265.15834787834,5328446.125963347,285641166.1722771,76557.2080279501,50372.95983649324
2015-06-03 15:00:00,27674.143874632155,72587.09821922904,428490.6196175659,72878.5698402272,5218830.289016345,273888848.60865295,76124.39456943779,50088.178095832394
2015-06-05 15:30:00,28288.944557660936,75812.24569019867,466567.50854402554,77735.71679142934,6062595.026979695,362451894.2642041,79506.70912185611,52313.66671397992
2015-06-12 14:45:00,28206.052042921106,75367.95426882556,461098.94763673836,77215.07248819548,5933310.90802457,346993407.06358075,78807.79534184231,52007.0867791687
2015-06-12 15:45:00,28833.128875127615,78719.11436318138,502103.5472138518,80984.95992426429,6893294.056627309,459277367.44285995,82311.90450117743,54319.52945495642
2015-06-17 17:30:00,29473.645648271206,82216.54354160957,546719.6893242965,86382.10833245517,8007726.096761305,607779203.9761887,87797.48558646961,56732.90400586615
2015-06-18 15:15:00,30132.039628041926,85889.71502174022,595571.0538780872,89152.87026949704,9309541.043484593,805392369.6821908,93681.25069367436,59267.54820279559
2015-06-23 14:00:00,30045.001708946038,85393.52145771254,588689.7055401474,88511.92520429393,9113838.580718903,771530921.6251332,92869.44161410356,58925.15358702018
2015-06-23 14:30:00,29958.083226382503,84899.44424794815,581877.5220825457,87860.13619048624,8921958.768153474,739043796.1798664,92332.10957998906,58584.219345496596
2015-06-23 15:00:00,29872.426199528643,84413.95030490309,575222.6372345339,87308.45434609549,8736307.792692104,708287276.1745936,91804.11224918508,58249.20792225104
2015-06-29 15:15:00,29789.5025149745,83945.29632010133,568835.5322568752,86814.91733457513,8559816.18019195,679669519.9206386,91294.4291592294,57925.81678481811
2015-06-29 16:30:00,30455.25495359993,87697.40904559237,619686.1488573293,89565.56397565603,9952017.38201282,900757614.0000856,95375.02693457801,60514.93379101699
2015-07-03 15:15:00,30364.65427045202,87175.63077238874,612312.1848554766,88766.22396404696,9736556.511942316,861754864.7513019,94523.83958362446,60154.88464019097
2015-07-03 15:45:00,30274.380298304783,86657.28530438698,605030.5800489503,87974.51928415436,9525893.809534604,824464554.0754825,93961.80173621015,59797.20427062961
2015-07-08 16:00:00,30191.438613776594,86182.46130145353,598400.2536798079,87251.45693707206,9335964.768324628,791587899.0553662,93446.95386546837,59469.55555885336
2015-07-09 16:00:00,30108.79600753567,85710.64918906483,591848.2828152245,86852.21504528343,9149984.250791693,760049663.684423,92935.37176356786,59143.98517936633
2015-07-13 14:00:00,30024.51100544556,85230.78129635753,585221.1252574631,86468.68668330785,8963575.923345426,729081394.7343967,92415.05484346405,58812.85596960234
2015-07-13 17:15:00,30364.75122674359,87162.4657047675,611748.2204204473,87972.04925800874,9702805.034306753,849336568.7535623,94509.56480604141,59479.32807722924
2015-07-14 15:45:00,30277.833183050556,86663.46665511632,604743.7884519995,87468.4153988623,9500677.456846124,813950030.0188595,93968.50412539362,59138.813063749025
2015-07-17 15:00:00,30185.045304750056,86132.29791866953,597330.7225688997,86770.23560092141,9288788.13201382,777643709.1083121,93392.56211051077,58776.345580939415
2015-07-24 15:45:00,30102.93504274101,85663.69861870888,590831.2150623178,86459.2247943609,9104900.41812739,746854090.0850846,92884.46363544349,58456.575238582125
2015-07-24 17:00:00,30021.022909247014,85197.5051191792,584400.4473924026,86141.76358681644,8924597.545085639,717274428.1445274,92378.97375055206,58138.44660509533
2015-07-28 15:15:00,29936.61589764297,84718.42305558866,577828.0537076734,85427.92302214535,8741985.369792286,687921161.97335,91859.5088986778,57811.52286554973
2015-07-30 15:45:00,29852.542442504036,84242.57965601685,571337.0059396146,84868.12311302403,8563314.267573476,659801318.013386,91343.55570430988,57649.16602165099
2015-07-31 15:30:00,29768.67826375635,83769.2575078584,564916.8212758028,84364.29554781101,8388238.87568811,632822283.7964374,90830.33628269515,57487.21331785008
2015-07-31 16:00:00,29687.682515161836,83313.41236344592,558768.6328439941,84050.77534881065,8222141.981589694,607761048.0799633,90336.06703653482,57330.799928043634
2015-08-05 14:45:00,29601.067867318874,82827.27392075877,552247.7401020618,83315.1138530997,8047564.562152342,581952358.4110394,89808.95100921326,57163.535708487696
2015-08-05 17:00:00,30261.08380565188,86520.87856782156,601501.6808057573,86617.65555229661,9353433.41881916,770817810.8205395,93813.89700215781,58438.11285645352
2015-08-07 15:30:00,30935.218021406767,90375.77583418107,655100.9327650672,90103.39282163649,10869858.64956691,1020755459.2323415,97993.73129286799,61041.795634882146
2015-08-10 16:45:00,30846.406950780838,89856.86115222033,647578.0874220477,89396.76743692652,10642754.080608744,978102056.6345276,97149.7487305282,60691.30919450784
2015-08-11 15:15:00,30764.27768383384,89378.36923915145,640681.3213000452,89063.53811189564,10436531.868883688,940197136.9334302,96632.42185611754,60368.12518528745
2015-08-11 16:00:00,30682.152253980767,88901.17701843572,633840.1102758385,88713.16133989701,10233775.181501722,903665603.3999592,96116.50015860618,60045.81901699596
2015-08-13 15:30:00,30595.64457654213,88399.86705283982,626691.7152931761,87962.7867101553,10023788.014643148,866580915.3977246,95574.5032919312,59707.22319098856
2015-08-14 15:45:00,30507.854823666992,87892.56592614848,619498.9123206033,87506.84478137085,9814471.187309783,830389015.175231,95026.02901454366,59364.58080241693
2015-08-18 15:00:00,30418.53251546571,87377.89408785412,612243.7220626855,86932.94202662153,9605347.503245631,795001676.0622723,94469.58581000891,59190.77043740366
2015-08-18 15:30:00,30330.084704978504,86869.75758172093,605122.85038047,86461.09635255954,9402088.421172015,761355561.5684862,93920.20835281038,59018.661738748415
2015-08-19 15:30:00,30240.44918602411,86356.29935184648,597969.4907703513,85694.53219855415,9199870.847233623,728605502.7159892,93365.07725456933,58844.24190364395
2015-08-20 14:45:00,30154.576071131887,85865.85131846636,591177.3293884762,85045.61270102032,9009746.051833514,698490738.1868925,92834.82388718825,58677.1432499615
2015-08-25 16:00:00,30073.263880023533,85402.77463679663,584800.8611704824,84357.6330295542,8832937.593453184,671076187.3435576,92334.16336232336,58518.91960011219
2015-08-26 16:00:00,29993.19050653525,84947.98607126482,578572.4746595153,84071.76387540648,8661778.186409676,645068757.5182017,91842.46362676188,58363.10653891722
2015-08-28 15:45:00,29910.212859449442,84477.96044946002,572169.8770291763,83517.50995486502,8487383.375537924,619093341.952107,91334.29017768166,58201.64211397841
2015-08-28 16:15:00,29828.35486144519,84015.56342471333,565906.2398063941,83176.17881428232,8318337.925696909,594432051.6926131,90834.3644714878,58042.35639018908
2015-09-01 15:00:00,29744.946523585335,83545.70187638687,559576.5177595663,82727.05181926895,8149058.266734034,570238455.3549895,90326.36841228066,57880.05389330439
2015-09-01 15:30:00,29661.99023435244,83079.69724574972,553334.0602156081,82329.5049495805,7983659.754675269,547090604.6593033,89822.54230269766,57718.6310281538
2015-09-02 15:00:00,29577.765863610148,82607.89240954696,547049.3554249007,81628.1881438182,7818681.175917731,524479863.92591006,89312.44523610527,57554.74063037386
2015-09-03 14:15:00,29493.700031692777,82138.31663223018,540830.0676834645,81187.7749548809,7656956.718384251,502782797.7398866,88804.75814141601,57391.15872989524
2015-09-03 15:45:00,29412.066777897886,81683.62847572767,534842.3865003411,80865.1099190488,7502722.019076189,482527608.5103353,88313.16696419766,57232.31033104579
2015-09-03 19:00:00,29462.518602307307,81963.85958713524,538512.1420974837,81043.68106411492,7596382.900089234,494574959.0082711,88616.14195921336,57330.48345479027
2015-09-08 15:00:00,29375.60808499538,81480.2945848518,532157.9848741727,80326.47677402478,7433304.154098847,473339940.9281877,88093.33025775486,56992.248829159274
2015-09-08 15:30:00,29290.24523040783,81006.74588293063,525972.373390117,79924.27364125832,7276104.3435191475,453319517.30198985,87581.3477912699,56661.02021014009
2015-09-08 18:15:00,29205.503271542406,80538.01164916555,519885.44187014434,79569.501628756,7122903.040183941,434229867.7865014,87074.57054078781,56333.159121497796
2015-09-10 15:45:00,29121.80839217083,80076.41240143943,513926.0514169407,79078.37270639664,6974350.775691475,416117637.4764611,86575.50736012735,56010.28867386627
2015-09-10 16:15:00,29039.1520666615,79621.85120661663,508091.35345840803,78685.58894285056,6830288.725279644,398927002.24878514,86084.0534489466,55692.34106634452
2015-09-15 18:15:00,29686.643042581727,83172.53547067504,553407.3551863104,80918.5458369184,7938638.664729976,528394653.34561086,89922.91538615985,56934.122788674096
2015-09-16 15:45:00,29600.425301658564,82689.42607330414,546978.3989845619,80479.86325520762,7770847.289180583,506058313.461115,89400.5962670396,56603.41975558003
2015-09-16 16:45:00,29517.21700614774,82224.53773942318,540828.0629948698,80185.23426595522,7611873.656037068,485352738.9775181,88897.97705415856,56285.18959300992
2015-09-18 15:15:00,29435.747426870632,81770.6468123422,534857.1701773974,79867.44597769804,7458976.401541295,465854490.6867547,88407.24781043075,55974.48748889761
2015-09-21 14:45:00,29349.43434734203,81291.10224776447,528583.8224962275,79194.89569991504,7299803.611880445,445972041.71069324,87888.78285008794,55646.224691956246
2015-09-21 18:00:00,29507.176556626666,82164.92066020734,539947.5822151909,80077.71056565632,7585330.76195287,480859864.1376949,88833.52138331052,56244.379894361584
2015-10-01 15:00:00,29419.750606350488,81678.03258033295,533548.4026279611,79365.93084704707,7421771.448101511,460122703.9781108,88307.11689941077,55911.09023850297
2015-10-02 15:30:00,29335.50112376054,81210.22902374042,527436.7020279709,79026.5251490435,7267095.109823166,440943968.68351454,87801.34586094525,55590.864517580856
2015-10-05 15:15:00,29989.09681791375,84828.96086589879,574441.9133491621,83051.0118792751,8445418.681802535,583937741.124883,91713.77819700577,58067.99620383769
2015-10-08 15:30:00,29903.314482527112,84343.66273133467,567869.2620725658,82592.26889389184,8269608.624943811,559625831.594494,91189.09270023073,57735.79491376004
2015-10-08 17:00:00,30571.034378241828,88110.33158779681,618589.7405228387,85346.31460787595,9613449.960306097,741508278.2594436,95261.4687910949,60314.19397259
2015-10-09 18:15:00,31128.692427473357,91324.84078774492,663725.4783204608,87702.60556756146,10889668.832111081,938383876.9720191,98736.87130418628,62514.62300195025
2015-10-12 16:45:00,31042.603756606044,90819.70976247596,656383.1533085755,87291.00903487687,10670495.430770919,900610683.0853038,97917.67923217952,62168.845496740345
2015-10-13 15:15:00,31734.82441801899,94870.09677601598,714930.0437802727,93130.52950325902,12402141.180729773,1192919258.9804595,102284.62223822139,64941.45823802013
2015-10-14 13:30:00,31648.620895951208,94354.69222401474,707161.9859528044,92815.71372109685,12156967.621392198,1145754457.9248128,101451.09362868854,64588.64819221089
2015-10-14 14:15:00,31562.550185763146,93841.48342442777,699469.2735848231,92494.45312904794,11916357.491907213,1100401021.5967958,100899.28647685818,64237.34120551677
2015-10-20 15:30:00,31473.63039369813,93312.73241134033,691586.9368285129,92071.4817576648,11672038.106853286,1055278289.9077163,100330.76818412036,63875.39510235426
2015-10-22 15:45:00,31383.99339524632,92781.22249995975,683708.3697346828,91674.60844102807,11430116.19142459,1011533582.622209,99759.28349678732,63511.5604496448
2015-10-23 13:45:00,31294.243648948122,92250.56401582505,675887.4844887748,90958.45141749943,11192233.01901825,969429580.5981084,99188.71427240796,63148.30862470518
2015-10-27 14:45:00,31991.004807661113,96358.45111459208,736081.576684748,94502.50745067411,13005761.027024021,1283591677.333684,103605.55490693262,64554.29527137699
2015-11-03 15:30:00,32702.5544100364,100644.89463134382,801569.804560651,100107.6848647028,15110998.634791408,1699140673.8937762,110518.7942854198,67425.95143898603
2015-11-05 16:45:00,33430.768313692926,105127.17517026696,872966.5852663403,105419.7681099945,17559827.899015322,2249852841.478015,117901.82512804704,70428.8064875244
2015-11-06 15:15:00,34172.378769083036,109791.34630270036,950428.2984719626,112435.49698899405,20394728.212063678,2976296011.798199,125748.24002979994,73553.51715894512
2015-11-09 16:30:00,34934.319301391966,114687.37519258723,1035194.986627062,117941.00192060192,23704147.83878555,3942213511.0618324,134159.65454612582,76833.55841074028
2015-11-11 18:00:00,35227.24918264483,116610.71933486332,1069916.0918977915,120642.53549279681,25150665.657444306,4423351422.2402,137534.50533420654,78122.08187944267
2015-11-13 13:30:00,35126.407302496365,115943.0972834097,1057665.0813521002,119819.56772961441,24626703.722417936,4239048724.0877476,136353.38233212807,77674.81575446142
2015-11-16 16:00:00,35910.15555145511,121116.9938730713,1152060.5199013306,126782.94885986346,28625572.810920484,5615717002.431439,142438.07660342703,81141.01144657967
2015-11-17 17:00:00,36711.24968013574,126520.81968140785,1254862.5160726144,131373.82994020882,33272956.172512636,7439148794.2000675,151970.72594303245,84761.24571551364
2015-11-24 14:45:00,36604.919807305596,125787.91394900673,1240324.2616774752,130426.78520095562,32571604.940075353,7125533367.422524,150650.22924753273,84270.24349922394
2015-11-24 15:30:00,36504.02419078774,125094.48535005393,1226649.2385688028,129953.09028301518,31918233.648973513,6839663577.178696,149819.74264417443,83805.68855870106
2015-11-25 15:30:00,37316.704182589354,130664.38004425945,1335883.5835750862,136997.19212785168,37089604.98717545,9055979215.127737,156490.5418189413,87537.17886973378
2015-11-26 13:45:00,37207.758999735386,129901.43727703278,1320283.2689736588,135904.61882493837,36301570.88698442,8671158700.883413,155119.93117149817,87026.0536689754
2015-11-26 17:00:00,37593.277797053226,132593.31914335297,1375002.3954845783,140129.04297257666,39038890.53209331,9978855997.602615,158334.40314793118,88829.4506188438
2015-11-30 15:30:00,37485.44542474039,131832.65910017997,1359226.1951711748,138923.206608807,38223952.693515465,9562238249.130459,156971.90628859773,88319.8547042132
2015-12-01 16:45:00,38322.22429694468,137718.39862129727,1480592.9549659176,143264.81717164576,44433667.8014879,12669126529.249674,163980.00093565974,92262.9418184381
2015-12-03 15:00:00,38213.553774515916,136937.34112263727,1463798.855680473,142046.04690347955,43516684.85113223,12146217951.226252,162585.00421797432,91739.68085057076
2015-12-04 15:00:00,38105.00026376077,136159.34338811357,1447165.9608954352,140835.51329245392,42617041.6563846,11644007713.515188,161661.29148985998,91218.4697383749
2015-12-04 15:30:00,37998.01001412737,135394.7339122875,1430912.6979278023,139755.30233399704,41746211.25650171,11168143810.28338,160753.4745727712,90706.22794433578
2015-12-07 16:30:00,37891.330578030946,134634.49231759243,1414843.5448683226,138778.75418437866,40893258.50292207,10711771903.53359,159850.84361859283,90196.91236470734
2015-12-10 15:15:00,37785.56361193635,133882.8754402282,1399046.4000379425,137960.14742118667,40062547.50684683,10276571235.576094,158958.4527471568,89693.37482055755
2015-12-15 15:30:00,37681.555191517895,133145.82429875893,1383642.3576206306,137251.2832625227,39260002.84824224,9864844679.621475,158083.3556993959,89446.4851265756
2015-12-16 15:30:00,37576.599174915085,132404.11099766666,1368226.689183307,136513.0646960411,38464179.0937981,9464912068.292276,157202.72329337735,89197.34607882948
2015-12-16 16:00:00,37474.11750934612,131681.90653418892,1353300.5752653645,135949.57079165973,37700742.063369274,9089192916.971453,156345.2536304049,88954.08051485603
2015-12-17 15:15:00,38309.8506229685,137555.34329907614,1474023.6960328016,145045.25327691133,43819653.184425406,12039583841.776016,163318.75503889206,90937.89963106487
2015-12-18 16:45:00,38203.67973263564,136792.90893660174,1457683.4174219824,144352.62026397264,42935857.27482784,11553932578.958609,162413.52062275272,90433.853929407
2015-12-21 16:00:00,38099.62203864614,136047.72654801112,1441801.8922866858,143840.569233321,42084763.937253855,11095878371.362959,161528.76938690344,89941.21351548172
2015-12-23 15:45:00,37990.29331159308,135266.93535029952,1425252.608371322,143180.15716658015,41205890.031584956,10632438539.522326,160601.73999424413,89425.0321017511
2015-12-30 15:00:00,37881.456700886745,134491.89554403053,1408920.050786339,142484.07696052754,40346778.17651409,10189081825.682905,159681.53919920686,88912.65293550288
2015-12-30 15:30:00,38724.85996782576,140480.62533202732,1534394.3991538624,148123.73036405843,46884185.105068326,13490965006.114859,166791.92742391888,92871.8049052983
2015-12-31 16:30:00,38614.02826795303,139676.5058843305,1516828.4697044373,147544.69785227973,45907648.42477636,12928966449.395472,165359.83706722286,92340.2011749579
2016-01-04 15:15:00,38504.578512589585,138884.69212726917,1499630.9368507895,146875.56357918936,44960664.116793625,12395568256.888407,164422.42677745174,91816.7327422589
2016-01-05 19:00:00,38960.769882419736,142175.62533040816,1570699.7518072177,149439.9807003377,48837303.999563426,14533132513.031157,168318.48771357533,93992.37017038056
2016-01-08 18:45:00,39472.33416082512,145909.22563648442,1653194.4137504715,152056.2245484477,53504031.180288464,17310606245.82556,174948.6743836032,96460.65502034288
2016-01-11 17:00:00,39364.582247102495,145112.61714467037,1635142.7970296175,151351.8389409428,52441096.10476089,16622805713.737299,173515.9452428893,95934.01678633159
2016-01-12 14:30:00,39255.09072609843,144305.36350390702,1616950.3751431848,150445.11053183896,51379560.28558208,15949833369.866693,172550.6854241089,95400.34103953825
2016-01-12 15:00:00,39147.6066248956,143515.12040381128,1599240.9311401625,149813.10412042768,50355733.05207336,15314176946.058092,171605.76567017683,94877.91096886917
2016-01-13 14:45:00,39036.07236523674,142697.35124323575,1581015.5356537956,148532.62019592838,49311637.9791412,14679116915.103693,170627.93209732985,94337.2834071749
2016-01-14 14:45:00,38926.51589585674,141896.37834586977,1563266.7746103657,147727.64261533922,48304452.646061465,14079477890.10481,169670.1823707031,93807.75986268048
2016-01-14 15:45:00,38819.17196741712,141113.79021372087,1546023.2897596005,147066.39723577988,47335043.37950721,13514363264.547565,168734.41591456992,93549.07517873083
2016-01-14 16:15:00,38712.99224496054,140341.83026092922,1529108.3154828828,146449.228476339,46392793.37461135,12976330215.751534,167811.3579232392,93293.19607737119
2016-01-15 14:30:00,38602.96807569631,139544.11391858218,1511725.1206048972,145200.58141228312,45433238.246228054,12439544077.198662,166857.50216691958,93028.05236718038
2016-01-15 15:00:00,38493.24826816073,138750.8716325565,1494538.2360156872,143984.20743369107,44493458.49751426,11924923853.844698,165908.99618739364,92763.64212853959
2016-01-15 15:30:00,38386.34860388577,137980.2210762798,1477936.29745616,143212.06633401266,43594217.712545455,11442903428.859135,164987.50388468785,92506.02806252519
2016-01-15 16:00:00,38281.822437086776,137228.7797890654,1461838.593812572,142679.42851140822,42730314.35781975,10989377104.557243,164088.98073893308,92254.13381181238
2016-01-21 17:00:00,38178.07803551925,136484.99505099788,1445992.1622219516,142060.76655710913,41887569.32057283,10555902970.023724,163199.61278167026,92004.12351201107
2016-01-22 15:15:00,38068.72996838325,135703.16573062152,1429425.9591893456,140840.11289630205,41014456.71269203,10115844397.984903,162264.75366181534,91740.6091186144
2016-01-22 15:45:00,37961.09347887516,134935.78460776768,1413259.5788150427,139965.60175278728,40170507.81459045,9699539688.996546,161347.1707285492,91481.21940114649
2016-01-22 16:15:00,37854.57828409065,134178.55081581193,1397397.6943935803,139165.8604960196,39350216.28984596,9303405777.146084,160441.72129371428,91224.53185580324
2016-01-29 16:45:00,37748.05293408757,133423.37573599516,1381668.2069459471,137990.99399348765,38544337.48841096,8922344720.620983,159538.73352892435,90967.81983772511
2016-02-01 16:45:00,38588.95378096324,139367.8322538089,1504784.0632631714,147212.93271808504,44793169.79779598,11815337030.189194,166646.7163628043,92994.27976861333
2016-02-02 16:00:00,39447.40026206923,145568.56139804778,1638685.2403995062,157037.59068490533,52045040.75639134,15641067598.578722,174061.13283346235,97131.76495069332
2016-02-03 15:15:00,40326.03183034843,152053.2033538472,1784682.2463489845,164429.11811299797,60481414.66126507,20711825258.301037,181815.03322243044,101458.69318430958
2016-02-04 15:15:00,41225.4221076795,158835.67941342195,1943897.1046067385,175430.89116841104,70298276.77820043,27435382697.87325,193980.07890613313,105984.35356094057
2016-02-05 16:00:00,41113.99765376246,157977.07431315375,1922881.171982838,174767.07242868806,68915512.55906127,26356076994.47163,192407.20542725563,105411.44256983256
2016-02-08 14:30:00,42033.40801498558,165042.5881161364,2094882.6287918028,183521.49118261752,80131169.78933541,34934718131.36733,201012.6044805688,110125.96210190782
2016-02-09 14:45:00,42973.841957540186,172427.7447884737,2282361.9527696674,194737.9247213072,93178547.20959334,46311226267.429504,214504.66365888485,115053.76584697615
2016-02-12 15:30:00,42860.000368688336,171514.19144836246,2258177.2209232547,193190.2896658782,91382156.70190625,44525556716.71142,212799.93697297302,114444.19021162338
2016-02-16 16:30:00,42746.756726491745,170607.850264931,2234311.218961245,192517.7064133555,89624997.49421975,42813220418.557396,211675.427420256,113839.426944413
2016-02-18 16:15:00,43254.61210346,174661.6836195604,2340490.68643572,199379.36047912648,97374147.93717304,50216647927.542656,216705.07234397525,116544.3790629851
2016-02-19 16:00:00,43140.46436519289,173739.8288078973,2315784.722812434,198709.70652403426,95504040.27316771,48287788160.563286,214989.43606778528,115929.26420559306
2016-02-22 15:15:00,44105.90965623567,181516.11504205747,2523085.5470948867,210292.4517070352,111058418.25161844,64016683119.23614,224611.9814775214,121118.05222019994
2016-02-23 15:15:00,45092.46675556373,189636.38796389126,2748830.1675413707,224403.8607755938,129137025.78782612,84858551896.08727,239684.28448507047,126536.36805161282
2016-02-24 15:30:00,46101.89747982671,198126.7106373736,2994969.1638343455,233334.45430714876,150175360.2847492,112507982240.68315,255780.85437514182,132201.60248380035
2016-02-25 13:45:00,45978.546122306776,197066.485351472,2962915.5146542056,231461.50829396877,147251128.0116703,108126444922.93175,253727.73396104696,131494.15884160224
2016-02-26 16:00:00,45855.794332974,196014.24400264522,2931274.394023887,230203.14306595098,144390118.65597907,103924768851.59291,252372.9484806962,130792.04254407172
2016-02-29 14:00:00,45732.0353493529,194956.2087438128,2899629.8400480235,228463.5334747401,141554106.83324924,99842330581.14864,251010.70320496784,130086.06021462187
2016-02-29 15:30:00,45609.93349180948,193915.1654119167,2868662.4722540006,227396.06101678102,138803602.9349412,95962305824.2109,249670.33543473965,129391.41588176542
2016-03-03 16:45:00,46628.96231439065,202580.17005288275,3125032.040695381,237557.1431573257,161372784.93752083,127168855218.30629,260826.7326698814,135173.20822758347
2016-03-04 14:00:00,46503.39296171387,201489.09448284615,3091369.8504198547,236300.13190446797,158210170.49934593,122184296542.50102,258719.55448984817,134445.17949119688
2016-03-04 14:30:00,46378.421361984685,200406.14492317697,3058139.2914471272,235171.19901517176,155115965.11587718,117405042377.69104,257329.00663746084,133722.57289899726
2016-03-04 15:45:00,46254.61468709649,199336.181017487,3025484.6174931424,234246.03941101226,152102455.0413392,112843277536.23932,255955.13285183074,133008.63108632097
2016-03-07 16:00:00,46131.36242777688,198273.85956736805,2993237.21323605,232692.51677000494,149152848.44406527,108466710757.11082,254591.07226579648,132299.78876209905
2016-03-08 16:30:00,46007.62967922573,197210.24608105377,2961123.575314417,231582.963214843,146241407.52565086,104232203360.45862,253225.3526568275,131590.08431658646
2016-03-09 13:45:00,45880.55895877701,196120.87685146686,2928409.6877547815,229664.10230951925,143301903.61556324,100041995203.69733,251826.56170748576,131226.63923292098
2016-03-09 16:00:00,45754.70173550401,195044.8991586681,2896277.427793632,227774.0935438371,140441090.71330738,96047610992.1107,250444.96599365116,130866.66496913439
2016-03-10 15:15:00,46779.10359732416,203778.61832885,3155656.409785966,235818.58567892673,163324296.94967434,127347243879.8886,261659.3889804063,133796.63828683936
2016-03-14 15:30:00,46651.12920775111,202663.65706267612,3121124.478073811,233883.18692832082,160072600.33238196,122276417188.7033,259511.9108541212,133064.57880750104
2016-03-14 16:45:00,46526.8193863412,201583.59390263783,3087857.4225442754,232976.68322526256,156968410.0674199,117533953293.15263,258128.88412615683,132355.43267069984
2016-03-18 17:30:00,47032.13447835217,205962.28273820935,3222002.930719525,240434.39833022194,169375193.86966583,136113721633.86646,263735.8189028413,135230.38516133925
2016-03-21 14:30:00,46903.61448507743,204836.65782299105,3186785.1546538556,238723.11400075073,166006869.85938686,130699999515.1414,261573.7656993681,134491.32416041972
2016-03-21 15:00:00,46775.94711985712,203721.56438331108,3152088.5992873353,237423.5488684576,162718446.72129485,125521937873.25565,260149.80578309268,133759.1778988128
2016-03-22 15:45:00,46650.949606310984,202632.77022427914,3118395.7924797283,236634.0016829591,159553957.4712258,120639727760.61731,258759.4297084373,133044.2991767001
2016-03-24 14:30:00,46523.421303651456,201524.90796346875,3084297.1320415926,235598.9948386113,156379703.1304363,115839581332.5995,257344.70391415682,132316.90075091392
2016-03-24 17:45:00,46893.701312632336,204732.78230459034,3182488.8417439447,238475.91106933172,165437593.40648815,129258998256.02574,261441.11800436646,134423.12173920253
2016-03-28 16:15:00,46762.93743268109,203590.9806460315,3146991.1457038247,236480.9287241483,162080251.7445101,124012710382.81877,259983.05203763355,133673.4394380939
2016-03-29 16:00:00,46633.62215704687,202464.9853504287,3112181.182962627,235619.25417542667,158818385.11874613,119021196403.60936,258545.1705921888,132934.13525341576
2016-03-31 15:45:00,46504.3503193322,201342.48962659316,3077672.4004822345,233694.1688823849,155614377.06206927,114218920245.12358,257111.75805467894,132197.12881195397
2016-04-01 15:45:00,47543.134303187246,210337.40524448364,3352660.591928455,242829.35895932783,180911401.04966235,151354290637.35138,268598.14909095946,138102.99607721038
2016-04-04 14:45:00,47410.30652068264,209162.10826308446,3315193.438915233,240794.0817894283,177233033.6872885,145199491331.1114,266346.8904990622,137331.32147077
2016-04-04 15:15:00,47278.08669734232,207995.46838945404,3278211.2447046847,238779.47231152683,173635900.39229736,139305534501.3201,264861.29205461143,136565.33093425925
2016-04-04 15:45:00,47146.08963912567,206834.0512565841,3241601.1133951135,236779.5063584154,170107873.1205676,133644565499.94241,263382.34424479515,135802.76953649786
2016-04-04 19:00:00,47619.58480591296,210988.5813288195,3371824.635353643,243913.54140012214,182541056.46087018,153180726346.74982,268672.72009448265,138530.54422593876
2016-04-07 16:15:00,47491.37225410485,209852.4360001781,3335510.9847823395,243037.91350623712,178964265.5787057,147177743391.1008,266502.5700279751,137784.5757488525
2016-04-08 16:15:00,48047.68045977219,214768.80824149994,3491798.0780252693,247289.3092623668,194220772.8513642,172271225658.7359,272746.12794181006,141012.55954739838
2016-04-11 14:45:00,47916.57731406224,213596.7697126301,3453687.12591832,245747.01241844578,190363996.8664511,165429408315.9471,270513.47851870296,140243.02437049197
2016-04-12 13:45:00,47784.21916973972,212416.74919959766,3415527.1700382503,244436.1921236268,186537179.41280404,158778275144.6458,269019.0202732281,139468.2483952301
2016-04-13 13:45:00,47653.34562119839,211253.19628525098,3378108.7780545373,243246.01837408778,182819081.34368342,152448671576.15652,267545.4177148937,138704.28468949327
2016-04-13 14:30:00,47524.313993210846,210109.16983846435,3341520.9692054996,242192.19336035498,179216511.96817794,146440470336.76514,266096.54480331356,137953.1416404994
2016-04-14 15:30:00,47396.35364069213,208977.72190451686,3305532.468563129,240974.92457953005,175704745.38155258,140701437197.3447,264663.60217601294,137210.2573712849
2016-04-18 16:15:00,47265.63626475882,207825.0163760297,3269066.3274225197,239391.19726299218,172178115.1075042,135053303483.65654,263203.73748499574,136831.83659801874
2016-04-19 14:45:00,47136.85149381508,206692.493924393,3233437.4019326577,238347.5658066752,168763946.2149389,129697282629.27344,261769.43401540234,136459.01062704527
2016-04-19 15:15:00,47006.632144660194,205550.48459703833,3197706.876819585,236456.61998221674,165370955.49023014,124482167827.19847,260323.11572108007,136082.0316183284
2016-04-19 15:45:00,46878.73802982313,204431.97445995949,3162906.009634659,235508.53485997283,162096502.87537518,119552511845.7566,258906.5583997933,135711.78405569732
2016-04-20 13:45:00,46749.445166018304,203304.31631291684,3128012.478527145,233559.917584707,158842931.4968682,114753239512.66957,257478.41541641927,135337.4871793296
2016-04-25 15:30:00,46619.26133603525,202172.02759994016,3093169.9991571037,231608.7249345872,155623816.23268116,110102054830.42981,256044.40796936434,134960.61099697664
2016-04-25 16:30:00,46489.583417730064,201047.28872903777,3058753.6798110325,229675.96990264812,152473423.08818448,105644321211.89203,254619.9621558703,134585.19940559316
2016-04-28 15:00:00,46363.0623765186,199952.99145069136,3025456.1820122884,227800.78578287037,149453545.74529523,101459553983.99043,253234.0696458979,134218.9268277676
2016-05-03 16:30:00,46238.11710410572,198875.2722619248,2992842.594603859,226654.82513554566,146522369.12796944,97479777247.8933,251869.17275625007,133857.2160279229
2016-05-09 13:45:00,46111.729736384594,197788.06007681726,2960120.025327606,225267.05826495454,143607658.05376297,93601524555.87648,250492.25329030005,133491.33042868544
2016-05-11 14:15:00,45982.101606977194,196676.02648391362,2926834.366871655,223367.2630796341,140669646.55868402,89771612435.18546,249083.89830510656,133116.06297386426
2016-05-20 15:45:00,45851.67616607533,195560.30725523454,2893627.214574986,221466.5600178726,137765878.36724275,86065397781.76431,247670.87558006137,132738.487339047
2016-05-25 16:30:00,46874.247387757954,204282.96950113826,3151758.664791525,236283.81533602483,160125686.14850804,114002732829.10446,258717.8483842744,135698.78385407428
2016-05-30 13:30:00,46745.36318332697,203159.58728295978,3117094.6920808973,234464.71190250764,156921524.32521638,109440276760.14932,257295.12072807265,134952.55620141007
2016-05-30 14:00:00,46616.53810720811,202039.81635751584,3082733.2124704234,232526.23508035298,153774265.6585573,105050351783.36777,255876.96665863853,134208.72741749842
2016-05-30 17:15:00,47023.08565004431,205563.8356961601,3190272.524794914,238609.8895099975,163534113.22123483,118385163241.19458,260340.02446118108,136549.62318428725
2016-06-01 14:45:00,46889.01458993599,204391.63863632333,3153888.4199646264,236568.9336435313,160140828.27726835,113472248325.73712,258855.47436900297,135770.96935991017
2016-06-01 15:15:00,46755.58110763861,203228.3517413342,3117987.958559443,234549.29960586838,156824299.00039187,108772209769.25208,257382.20871567825,134998.23427920867
2016-06-03 15:45:00,46620.17800536927,202051.2623482407,3081869.4689651877,232511.55125266392,153519108.00294924,104187296196.63823,255891.4626398758,134216.33063094874
2016-06-07 15:00:00,46488.70509401029,200911.6584753589,3047104.9211793314,231462.42713943525,150368366.00739905,99910730317.64334,254448.19077672265,133459.32744070192
2016-06-07 15:30:00,46358.49979399429,199786.2340215869,3012967.6648595366,230494.3310288627,147303399.42200878,95837758613.86826,253022.87669444756,132711.74319484216
2016-06-10 16:30:00,47393.25064988658,208704.94267557634,3281972.9936638195,238725.97639686347,171231445.756183,126973636504.99875,264318.1360053981,135673.95272422838
2016-06-15 14:45:00,47258.42736093717,207517.50410971852,3244627.052021812,236688.60899618088,167686415.1098015,121716127515.2813,262814.2830332318,134902.02810288605
2016-06-15 18:00:00,47921.081771266734,213337.09638132053,3426610.799341687,242588.75363152855,184798138.7744207,146557409239.92474,270184.6105483418,138685.20197797232
2016-06-20 13:45:00,47791.70924918271,212185.2042623291,3389607.5210411567,240958.73862195792,181167349.24107972,140798486438.744,268725.77601444005,137936.3852279139
2016-06-20 14:15:00,47662.645191772084,211039.16936151343,3352992.2581373607,239263.83503423145,177606769.37795973,135264108884.82338,267274.3594600578,137191.37611140593
2016-06-21 14:30:00,47533.60387032576,209896.43910884816,3316680.840669995,237968.27448265458,174107332.00433347,129933813428.18474,265827.1281368832,136448.5152654237
2016-06-22 14:45:00,47401.99751006495,208734.15793790325,3279949.243816698,235991.68512824914,170599157.02501586,124697611735.94653,264355.1362008998,135692.94484808017
2016-06-22 15:15:00,47270.57609441428,207576.73251400518,3243574.7789816903,234028.83358377,167156970.26885954,119665553253.04495,262889.2939132758,134940.53103252494
2016-06-28 16:30:00,48328.01661724352,216863.6956395817,3533809.228697008,249734.47497352102,194370043.82655734,158628541129.17035,274650.9357365795,137959.1442476651
2016-07-06 16:15:00,48198.413262199334,215700.54993199883,3495902.1458756677,248395.0272538636,190576591.28311858,152436744996.7849,272441.30547059514,137219.20211036902
2016-07-07 13:30:00,48064.06894278248,214498.09775081128,3456925.377741774,246317.95923703394,186710748.6452179,146252391877.40405,270922.54419663467,136454.25492349145
2016-07-07 15:15:00,47931.50755831022,213314.92015349373,3418788.3806734444,244279.91395195544,182963143.14096987,140381318328.76038,269428.12775069434,135701.56937906443
2016-07-07 16:15:00,47801.72337850003,212159.73420739264,3381760.156982332,242768.0581564609,179357752.46642113,134848734144.92386,267969.0662540209,134966.69089190676
2016-07-11 15:30:00,47671.58097180244,211004.5047946184,3344932.1621237504,240785.2162969146,175804030.20259243,129505057139.72002,266509.9498566197,134231.78475316358
2016-07-11 16:15:00,47542.82431839384,209864.6964082524,3308794.7181964274,239091.3094992399,172348402.058186,124413918787.78047,265070.31103851844,133869.2367731395
2016-07-12 14:30:00,47413.89683341426,208726.4667013795,3272903.322390922,238038.87941121234,168947016.64576384,119503171912.10983,263632.66617686354,133506.20777221795
2016-07-12 15:00:00,47285.414728535055,207595.2533830558,3237427.6887888703,237021.35564084913,165615242.37389433,114789770024.4826,262203.8833883774,133144.43285527153
2016-07-15 13:30:00,47155.79793859482,206457.15062960348,3201930.48635607,235072.21672929535,162311376.45341864,110209877452.1923,260766.3988756676,132779.46293623434
2016-07-18 16:15:00,47026.627427469735,205326.0839596266,3166847.2078970186,233140.46710060045,159075698.48929092,105815808722.15952,259337.80131186938,132415.74963173844
2016-07-25 16:30:00,48074.7479061343,214478.62094450823,3449175.5476460587,248729.0375344749,184878048.4915256,140142818546.38455,270897.94395088986,135367.00653615498
2016-07-27 16:00:00,47938.21410912521,213260.36887787218,3409992.4792301403,247263.91514624524,181056876.80299497,134349704924.19183,269359.22657844366,134598.1134187861
2016-08-02 14:30:00,47804.94101465451,212074.59799272328,3372071.980248322,246131.6960319531,177393650.8609678,128913254974.62712,267861.53467158094,133849.7206211568
2016-08-05 15:45:00,47671.19404400828,210887.9283962124,3334334.9260788807,245013.9384005181,173781737.78720772,123663648026.87053,266362.7076443081,133100.7606067752
2016-08-08 15:45:00,47537.431661056624,209704.45177458745,3296911.186714642,242951.45713185705,170233030.7044184,118613105096.12967,264867.91351471,132353.81582099936
2016-08-10 16:45:00,48599.13810900153,219071.57830339504,3591445.5561937704,249703.9442166846,197902486.8160483,157171545748.22723,276699.0941993263,138265.82640958924
2016-08-11 13:30:00,48462.138399644326,217836.46411315264,3550948.7888422837,247732.9991851564,193842446.1774027,150722684258.48068,274359.07149770844,137486.2908552894
2016-08-11 17:00:00,49543.705703133804,227559.71632087094,3867945.952665792,257562.0665129826,225326301.5344284,199683386971.3816,286605.2418462225,143623.06821500315
2016-08-12 14:00:00,49404.180235405845,226278.00453104402,3824374.1640373114,255386.02009361298,220708184.45857584,191498268298.08987,284183.8204050313,142814.12284102177
2016-08-12 15:45:00,49267.95314029687,225030.1265135386,3782192.84411708,253839.53846499312,216279178.26847082,183812581265.0762,282616.60337415326,142026.5314670746
2016-08-16 14:15:00,49131.647963744326,223784.98563923742,3740337.4447742165,252843.9083351668,211924554.9749438,176410717114.96707,281052.82393684244,141240.66762606465
2016-08-19 15:15:00,48995.400628693766,222543.8260534579,3698848.0154421204,251737.84790947658,207647586.83235818,169290230135.99854,279494.0446222106,140457.3165534927
2016-08-23 15:15:00,48856.05950663693,221278.01309831493,3656770.46316775,250305.9814999044,203349858.80009478,162282555462.35837,277904.3030021348,139658.4056419165
2016-08-23 18:45:00,49789.596072098466,229734.32817758952,3936263.2403863533,256919.2648267492,231627607.0123204,207416447068.47314,288524.6367405261,142326.98410807538
2016-08-26 14:00:00,49635.86100052404,228315.62924561423,3887647.323910929,254539.4000748966,226422703.02873728,198094737057.0242,285852.0087712577,141448.05956098155
2016-08-29 15:15:00,49497.63977893298,227044.04597712497,3844343.522877193,252775.23308193416,221834029.19892457,190065576344.79807,284259.9818354821,140660.27737326053
2016-08-30 18:15:00,50301.89808325259,234422.25876621826,4094201.513418978,260194.6865564736,248065780.19182965,235015874448.3308,293497.5314236237,145231.291129496
2016-09-01 14:15:00,50154.11815831377,233044.85929921907,4046088.753034781,257901.44001624433,242761994.36749262,224966331440.59048,290910.7676145288,144377.95278165222
2016-09-02 15:15:00,50010.13640389241,231706.81532863757,3999626.9286743067,256645.03773413363,237690106.89350832,215566145703.3248,289240.4823323117,143548.99628896103
2016-09-07 17:00:00,49866.87037850552,230379.25588272477,3953795.3677704306,254439.37401461363,232734642.84308892,206577717034.74005,287583.28492136794,142726.53525904086
2016-09-09 14:00:00,49721.51137965112,229036.17187774307,3907695.042486575,252507.56719122635,227797463.60387456,197813132584.6645,285906.708145399,141894.4563209508
2016-09-12 13:30:00,49578.50892832346,227718.7246355973,3862739.8547128397,250328.88033606927,223029465.26461706,189532331975.86472,284262.13383615756,141078.26009035888
2016-09-12 15:15:00,49438.20374035906,226429.85495582523,3819014.2604512936,248675.8987682241,218436104.4374742,181725377965.17343,282653.2330046822,140679.01428350565
2016-09-15 15:30:00,49295.26148818362,225120.4872612736,3774846.1104638074,247156.492943875,213839782.80958396,174077665264.66656,281018.7444248564,140272.2645714588
2016-09-21 14:30:00,49158.48004366362,223871.18643563444,3732949.271843429,246171.76229463847,209521624.43727753,167047215478.21564,279459.2375416708,139883.04576228836
2016-09-21 15:00:00,49021.50792666771,222623.62506623333,3691344.2454920374,245160.93633456583,205272977.67340985,160272500807.49112,277901.902028199,139493.2843845387
2016-09-21 15:30:00,48884.81377234501,221382.0741859052,3650171.6907263757,244126.26873229325,201107324.4935625,153767605129.57065,276352.06943066884,139104.31396422515
2016-09-21 18:45:00,48990.089841655055,222335.59053536016,3681615.05305121,244795.3911188303,204259218.72263166,158587511400.47525,277542.34744833066,139403.8825678087
2016-09-27 14:45:00,48848.81107340391,221053.23737084246,3639146.542252302,243665.87642905992,199972367.8006448,151930861838.0787,275941.58120716765,138599.85020606924
2016-09-28 16:15:00,48705.10934803466,219752.6639930825,3596324.4857476014,242430.76151908844,195691162.79888833,145425491393.39014,274318.07060581434,137784.393814281
2016-10-04 15:15:00,49789.312768698204,229536.30243227386,3916549.395327519,258620.70120497496,227393809.05650634,192544358127.53073,286531.0229831668,143918.71167485774
2016-10-06 13:30:00,49646.30997116601,228217.77315128138,3871553.5928904167,256392.30227463457,222640729.44200858,184495074223.98257,284885.09796079475,143091.99697476358
2016-10-06 15:30:00,50751.839787110766,238381.7330868251,4216402.4191942625,273520.4232714187,258721528.9286789,244293025803.07812,297572.8070814492,149464.77550233406
2016-10-07 13:45:00,50608.1538743856,237031.945688407,4168653.40102587,271197.29379483714,253390843.92480904,234226224059.97736,295045.39011092903,148618.46203750596
2016-10-07 15:15:00,51736.69203528746,247603.34873646696,4540489.485330228,289340.0122156936,294512890.68071973,310249979204.9182,308204.1385120196,155246.7064204238
2016-10-18 16:30:00,52890.58947683041,258648.07770482101,4945560.547616294,298606.1865912753,342316524.6338334,410965954017.38464,328826.0194003109,162171.72502131594
2016-10-19 13:30:00,52740.27204771242,257177.8988139644,4889338.52744836,297338.86599609064,335236303.0944005,393965723001.8359,326022.40448399325,161249.92637917702
2016-10-19 15:15:00,52589.6491928785,255708.9314455555,4833483.970870608,295897.8318327419,328268632.63318074,377589075809.66125,324160.2060767202,160328.88735871014
2016-10-24 14:00:00,52431.98955941216,254175.74090237785,4775522.351205263,293236.5965273416,321106577.2427151,361112851114.71497,322216.592454694,159367.58056153668
2016-10-24 14:30:00,52276.94827744062,252672.54664838462,4719037.513331572,290924.32987595286,314196414.66884524,345570668639.70325,320311.00489311304,158425.0813658132
2016-10-26 13:45:00,52123.59663268646,251190.14371977016,4663665.332041618,288890.6695395366,307488809.56414574,330815875314.3552,318431.7743315841,157495.61828128793
2016-10-26 17:00:00,51973.48071158539,249743.28885049754,4609939.920730497,287540.1687964339,301044005.09336525,316948420201.0898,316597.60776596935,157042.03101304383
2016-10-27 15:00:00,51816.68810520644,248236.4472594247,4554311.20504507,284937.8316879524,294434608.5290498,303031266800.92426,314687.39650379,156568.26960594818
2016-10-27 15:30:00,52965.96976081028,259248.09642188286,4958365.305240901,303897.3890190736,341960878.4888194,400859072195.0089,328646.77774858236,160040.9160966387
2016-10-28 15:30:00,52809.28590558021,257714.28173324894,4899693.98890911,301200.42256754515,334598946.5970487,383599219543.21185,326702.3729022583,159094.0504830452
2016-10-31 15:00:00,52654.747451704534,256205.95735590567,4842341.110866881,298556.16899667616,327473060.3074035,367260349101.07947,324790.281923558,158162.92073338607
2016-11-03 13:30:00,52512.31297692756,254819.85020557925,4789945.7356198635,297539.84624076815,321026304.6015117,352800303142.53467,323033.12476461893,157307.23900916873
2016-11-08 14:15:00,52357.279726427885,253315.22976783273,4733379.889248822,294904.54604729835,314128794.02566606,337639901722.4217,321125.729241084,156378.39580237883
2016-11-08 15:00:00,52206.06478603199,251852.01213808334,4678697.311271983,292349.37280762504,307526217.767549,323446403760.415,319270.81973239663,155475.11167745796
2016-11-10 15:15:00,52067.5075915921,250515.1594808714,4629027.436651843,290176.83010853804,301586328.8880554,310951627147.50916,317576.10210792325,155062.47388589967
2016-11-10 16:15:00,51930.333393156565,249195.17249523406,4580245.909935451,288773.18743903417,295803966.0014447,299027776653.5011,315902.76496297534,154653.95480083858
2016-11-16 16:15:00,51789.69731791027,247845.44763347643,4530629.605448479,287404.6063254091,289973977.8750039,287240724499.11993,314191.729345796,154235.12588518648
2016-11-18 13:45:00,51649.08612682383,246499.62615152524,4481426.211091252,285063.65979866596,284244387.2761897,275889555909.80493,312485.6420125709,153816.37107716053
2016-11-18 14:45:00,51509.09548133852,245163.3917913623,4432840.046647221,282953.02838853485,278637571.0330985,265005527147.11014,310791.70819841535,153399.46431872484
2016-11-18 18:30:00,52436.40022810281,253990.61637438103,4752053.077160799,290362.37997470686,315143742.17526233,334445819005.6877,321981.9115430572,156161.0746728688
2016-11-29 15:30:00,53607.33374244734,265334.11530825315,5176516.860775716,309814.23253542144,366358615.7733044,443149233057.5787,336361.97613934585,163135.39919457852
2016-12-02 15:00:00,53457.188523294266,263847.8019212397,5118522.612283897,307211.018240288,358891003.4999007,425083509969.587,333535.6944109066,162221.56899435344
2016-12-05 13:45:00,53312.44989592126,262419.0336025008,5063087.752535755,304881.9985798386,351819219.9766138,408331356627.71747,331729.55757795647,161343.11923389483
2016-12-07 14:15:00,53159.05520067709,260908.9290110101,5004816.12522837,302250.3085328297,344452243.0013088,391230712138.9291,329820.60180918226,160414.66148517223
2016-12-07 16:15:00,53010.88363043553,259454.45298408804,4949015.926278562,300939.79983161757,337465018.5010216,375358457725.35266,327981.96730811376,159520.4058520614
2016-12-08 14:45:00,52859.70418443726,257974.5991209693,4892560.388492216,298365.08823835984,330461044.62916255,359777578603.9113,326111.25213721645,158610.54716152308
2016-12-12 15:45:00,52714.884435885484,256561.0529366363,4838943.7914137645,297075.61973192013,323872167.89700884,345430773405.89417,324324.3579325259,158176.00179446154
2016-12-13 15:15:00,52563.544202588164,255087.92025231206,4783374.903033034,294516.9784252968,317105376.0214314,330996324368.5767,322462.1391486372,157721.89109556156
2016-12-13 15:45:00,52416.46672846236,253660.40285180666,4729837.668494713,293003.9048526468,310648043.1069032,317515925601.773,320657.58362839324,157280.5712091537
2016-12-13 17:00:00,53586.048643240814,264980.38064457895,5151989.937976505,305007.8636821588,361093211.26361954,420636770009.63495,334967.4115910889,160790.01248044724
2016-12-15 16:30:00,53442.41993361032,263559.9068043538,5096753.645280442,303787.02770123596,354049575.354363,404226534837.2518,333171.75998723943,159928.06939642582
2016-12-16 16:15:00,53995.86562565252,269018.720054095,5307880.039024214,313225.0147153953,380732966.6189461,465156616607.8249,340072.3634967407,163240.47557691066
2016-12-19 13:45:00,53839.99783907992,267465.5880890616,5246591.827159152,310512.49094100104,372734543.1512869,445612632111.5382,337127.34209786705,162298.0355840552
2016-12-21 16:00:00,53685.38111257391,265929.3824671023,5186323.559240337,307837.318570154,364944513.0846739,426986315522.4556,335191.0297597188,161365.86649090762
2016-12-28 18:00:00,53869.88631746213,267757.2676075657,5257620.710985071,310255.5384753213,374072341.56219494,448345495949.06134,337494.9899194811,162475.02662507672
2016-12-30 14:30:00,53717.087293333316,266238.3095406142,5197968.88182444,307615.4692223319,366350548.2943735,429835540266.0539,335580.41728406993,161553.32334293827
2016-12-30 15:15:00,53564.98267320592,264730.55552875216,5139094.871929863,305002.349089671,358801106.40826017,412120166578.5701,333679.96681420546,160638.41867794
2016-12-30 15:45:00,53413.29592481913,263231.2134152011,5080882.767538446,302411.20769795234,351406611.7917366,395133483434.6305,331790.1191323102,159728.61835021802
2017-01-04 15:45:00,53264.84719744319,261768.04444348623,5024398.660521419,300057.8767001335,344298977.3929594,379149354253.6288,329945.8659332405,158840.76787370068
2017-01-09 17:15:00,53114.67868388081,260292.04966642446,4967737.915726751,298042.0026564465,337234793.7659516,363590895841.75745,328085.446431441,157945.1347024918
2017-01-10 15:15:00,52966.54836442783,258840.20451086442,4912320.270537182,296652.5297150306,330390166.11447775,348831776406.2357,326255.4663509058,157504.64510829182
2017-01-10 16:30:00,54148.84494762466,270395.6446457058,5350923.098228718,306953.03061508044,384061195.49034023,462165419104.5858,340820.5356267818,161020.39626632322
2017-01-12 15:45:00,54001.37333555046,268922.8272051005,5292631.235778528,305490.0815526509,376449038.9525659,443845028719.51404,338035.9136907743,160143.334624946
2017-01-13 16:15:00,53853.29104807893,267447.949625288,5234577.531457537,304000.81341718783,368936399.388825,426129761164.54443,336181.9930122827,159265.0461722718
2017-01-19 16:00:00,53705.45925341374,265979.6155790983,5177100.116374508,302914.012696995,361565929.8442868,409103648089.8378,334336.29755360575,158390.65438878507
2017-01-27 13:45:00,53551.9931000632,264459.51430671284,5117924.781023838,300317.23488497233,354046762.9611163,392088114553.1127,332425.5307070211,157485.4352623263
2017-01-30 15:30:00,53397.920911471156,262937.783599619,5059026.515886375,298013.1546333843,346633706.78449076,375668977176.68286,330512.7156614933,156579.24580876486
2017-01-30 16:00:00,53245.05385927993,261432.31210550576,5001094.786917156,295935.92184621736,339411858.09239,360015424401.02625,328620.3384418389,156130.99225633172
2017-01-31 14:15:00,53096.69254442443,259975.40902218112,4945354.8490619,294736.51538200234,332529195.73723465,345414493115.2033,326789.0117000784,155695.9509215617
2017-01-31 14:45:00,52949.246765272386,258531.54218578353,4890423.239278996,293561.287084024,325808987.84943974,331453269674.08496,324974.0715168219,155263.59422109037
2017-02-01 15:45:00,52799.67326442818,257070.91827871258,4835164.45701518,291450.4291674852,319110974.8895588,317825172361.4481,323138.06770072057,154824.99838148846
2017-02-01 16:15:00,52651.09476339626,255624.12100383302,4780739.765129812,289453.5599249007,312575840.4112407,304807567794.9143,321319.44395716523,154389.32018956885
2017-02-02 17:15:00,52505.65998849677,254211.93245716998,4727917.629923005,287854.481557368,306292301.4059196,292552812348.44995,319544.3233746689,153962.86037653827
2017-02-07 15:15:00,52356.269137350166,252765.3479567668,4674109.51559476,285769.7208106427,299950071.0588945,280437344110.64453,317725.9670885669,153524.80012243125
2017-02-07 17:45:00,53524.670336965006,264046.9515026187,5091345.904293521,294697.9956123853,348664803.58804613,371528705824.9967,331906.93938516773,156950.91438895967
2017-02-09 13:30:00,53369.10921922454,262512.1288254076,5032157.08876684,292128.5141393713,341290123.0222408,355812146549.20776,329977.6677371024,156038.60761456846
2017-02-09 16:30:00,54559.100053935515,274218.78954629414,5480972.585376353,304706.68938504404,396671714.64566904,471288345041.8286,344692.93677610694,162997.1091012491
2017-02-13 15:45:00,54403.42480036354,272653.9147754633,5418416.43645117,302272.2867822342,388434665.2995459,451715357046.8065,341742.3660949167,162066.93920234128
2017-02-13 16:30:00,54248.58364460657,271101.87839391513,5356729.594751673,300031.46115451027,380388921.5676905,433002372201.64874,339797.05536746036,161144.40051040525
2017-02-15 15:30:00,54089.43706685352,269511.2401405197,5293870.428618367,297390.8956105063,372267635.4561284,414513210439.8284,337803.36134416313,160198.9166602348
2017-02-15 16:30:00,55297.11951990356,281546.2700194652,5766666.210719844,309385.7311207619,432757641.24108297,549222242917.0837,352887.97727656557,167352.60252348633
2017-02-16 16:30:00,55691.65782029918,285563.8676021466,5931244.091483222,314431.2854056999,455228488.9204287,606258737188.1259,360441.4171660319,169740.6839259049
2017-02-21 15:15:00,55528.40616018176,283889.69314657454,5861697.916533958,313216.7999776102,445517019.5697835,580391888833.6835,357271.6788947832,168745.54571221466
2017-03-01 14:15:00,55372.13540570765,282291.82064839907,5795712.809504332,310572.3898982751,436392398.2268897,556617909463.7898,355260.77605517843,167795.76178841453
2017-03-01 15:15:00,55217.19909858482,280712.06390245503,5730845.068119985,307965.35990931466,427505971.6794118,533948659552.2047,353272.6716664172,166856.7459642323
2017-03-01 18:45:00,56451.654834933135,293263.4653934242,6243328.474301699,317851.492674709,497061456.97644645,707696212097.2971,369068.4557030211,174317.3658640649
2017-03-02 13:45:00,56285.420381203985,291536.30638946086,6169788.996926807,315043.53942304925,486409178.72685057,677363637074.0737,365808.0432331733,173290.73335259475
2017-03-02 14:15:00,56121.167616874794,289834.77715142816,6097769.998670451,312285.44832856214,476079029.7332082,648592521725.6106,363673.0327132922,172279.33531050777
2017-03-02 15:15:00,55959.02687409009,288160.0427135067,6027301.2611941155,309694.42917430965,466069064.64332545,621318106787.9452,361571.6432319668,171283.8642403263
2017-03-03 15:15:00,55800.89199116057,286531.41701485065,5959170.942812106,307181.1291421004,456483982.12687725,595762300688.3346,359528.1091440075,170315.80045035717
2017-03-03 18:15:00,57045.919650907155,299317.57604708924,6491014.244108043,321396.44958038867,530606719.9229367,789239112719.9325,375571.66774560075,177915.9614831294
2017-03-08 15:15:00,58312.80134009093,312612.1274774263,7067626.70932304,342809.26645320404,616364251.0528141,1044355360730.6119,400593.8711786319,185818.31366522517
2017-03-09 14:45:00,58146.269864240814,310826.5929889068,6986890.934013816,341122.36526414036,603553991.8335763,1000944462499.224,397161.7866079655,184756.9824548045
2017-03-09 18:00:00,59441.93937510368,324678.85008609947,7609644.660439394,354219.8300669155,701430069.4933212,1325583249650.7778,414861.64659861394,192990.8378558345
2017-03-10 16:00:00,59275.283665427334,322858.2639899244,7524304.865365246,352879.7213641512,687118091.5890133,1271488853061.7441,411372.2384707049,191908.671783125
2017-03-14 14:00:00,59097.54199748993,320922.03145587695,7434055.951204781,349705.30735659064,672123486.0830365,1215994829573.533,408905.1735057648,190757.76485176667
2017-03-16 14:15:00,58930.405639748926,319106.8040320814,7349957.628808905,347129.2631806294,658289777.0262158,1165939388764.7273,406592.28809458786,189678.78400246188
2017-03-16 14:45:00,58768.11933443858,317349.25073973386,7268994.5025709,345642.2350126825,645096654.2581707,1119205011191.4907,404352.8886034009,188634.0849640845
2017-03-20 14:15:00,58589.62108945514,315421.46115090966,7180681.126121378,342492.74513412366,630837131.273369,1069726132401.9463,401896.5812793924,187488.19656433727
2017-03-20 19:00:00,59086.277189240245,320769.02919353434,7424159.68191916,349128.77609328995,669754223.4521279,1201711484680.3728,408710.2245446537,189077.50802820924
2017-03-22 15:00:00,60399.92119650617,335032.1147342605,8084394.398951858,372414.94064602413,778120605.1950804,1590585853616.91,426883.6401911269,197484.8928608845
2017-03-24 18:00:00,61743.85552232182,349941.444095042,8803924.81693602,390976.5995931854,904122373.7707044,2105715845777.581,455378.8881558796,206273.20652382087
2017-03-30 16:00:00,61565.362301560075,347918.1763575111,8702120.944623506,389058.58090955147,885100940.0536287,2017113383214.007,451429.56994148035,205080.59007064262
2017-03-31 16:15:00,62932.921195730734,363374.8740438104,9475326.035997888,412104.4626753461,1028184735.3775033,2669279086374.041,471484.8900236125,214191.5503407739
2017-04-05 16:15:00,62752.55969642195,361292.05837759195,9366703.459589783,410363.94798318075,1006739779.934017,2557932226021.1606,467431.15852424596,212963.83332320262
2017-04-06 13:30:00,62566.50190388064,359149.63731398474,9255616.474293167,406713.83025078924,985016685.0803916,2447543810896.3613,464659.34459535504,211700.98186627598
2017-04-06 17:00:00,63052.53725312657,364729.6014830419,9543218.091687758,416192.2552472567,1040704172.067317,2724285446208.0444,471878.5708572848,214990.09529042602
2017-04-07 14:30:00,62872.423936528096,362645.85795592505,9434175.015142495,413233.2702771214,1019069087.2500584,2611015703898.754,467834.72338667547,213761.8313446588
2017-04-10 14:30:00,62684.94250453606,360483.08577382506,9321646.658145282,409536.5669973248,996953945.0510185,2497690740364.7,465044.6186512614,212486.98390800846
2017-04-10 18:30:00,64081.850496844636,376549.51842862327,10152562.80470136,431284.4716574603,1158638195.2929714,3307832987550.3887,485771.27224999544,221957.35284265847
2017-04-18 14:30:00,63895.19343812005,374355.89808123617,10034273.616923582,428086.7655856555,1134077239.3865564,3167593281172.562,481526.42119522375,220664.32193538322
2017-04-20 16:00:00,63714.28385908543,372236.0338383462,9920631.50281283,425316.33598912676,1110709104.0767794,3037054115355.568,478799.6826890843,219414.76661075774
2017-04-21 15:45:00,63530.70027639296,370090.9442113352,9806291.988120258,422332.53887343936,1087418249.8549526,2909683979637.914,476040.4972814766,218150.3421674375
2017-04-21 17:15:00,63348.20407057421,367964.72199648124,9693615.057238214,419615.01881226467,1064685348.6157494,2788027830212.0186,473305.5806445756,216897.0391321989
2017-04-24 17:30:00,64759.586952748636,384361.05453627417,10557500.785896419,447661.78651518805,1237316778.1864321,3692147024935.8164,494395.8516115366,226561.8677636296
2017-04-25 13:30:00,64568.657307781345,382094.6435495762,10432994.749237234,443702.28445595776,1210768384.601914,3533706479849.9004,490022.9936828548,225225.9303677719
2017-04-26 15:30:00,66003.70329693597,399078.84017270163,11360492.88186201,473286.29054665874,1406604680.6530612,4676828479311.874,511804.63081141165,235237.2758565664
2017-04-28 16:00:00,67467.74005483324,416782.87985918287,12368447.18358061,504780.3655041764,1633666328.9706123,6186745797257.933,545861.8467678713,245672.9332963398
2017-05-01 17:00:00,67265.0285825105,414278.37411624566,12219799.777463736,500230.4233685218,1597944509.3134058,5916186486931.833,540941.608211495,244196.650795166
2017-05-03 15:30:00,68754.81471135828,432629.25237337535,13302376.479764951,529774.7046160623,1855508022.097086,7823378839327.395,564903.1621248056,255013.58764131545
2017-05-08 16:15:00,70111.46302400793,449702.2602114215,14352289.663664328,551864.7970966636,2121957608.1331277,10070241723580.498,598342.6350515123,265077.28295716277
2017-05-09 15:30:00,71671.05218707294,469708.9963821219,15629323.373085342,586237.3589537176,2465472787.9197297,13330703556476.143,638271.9982045771,276870.26630235824
2017-05-10 14:15:00,71462.59187479482,466976.63286637265,15447487.41384506,581122.020786324,2413285122.7023783,12766350708839.047,632702.6207779635,275259.6728922526
2017-05-11 14:45:00,71246.8114777037,464156.5727306102,15260913.438243406,575857.9488944157,2360254111.2363067,12205279425175.535,628881.7455712185,273597.3866537706
2017-05-15 15:45:00,71042.82117089274,461498.67296735506,15086136.302261293,573578.1713692034,2311073840.9244165,11696640174423.113,625280.5800575302,272030.68594987615
2017-05-18 15:00:00,70849.24732385477,458983.73698770656,14921712.570611162,571589.081307609,2265246110.0257015,11232760164325.164,621873.1149438149,270548.25533904706
2017-05-24 17:15:00,71429.2533811166,466498.66079263197,15410337.870248495,585626.991741903,2400204762.139902,12571209143082.895,632055.0205289786,274977.9319497521
2017-05-25 15:45:00,71219.76543996645,463762.3632850175,15229555.918873921,580474.4056385289,2348975363.076567,12034575352451.244,628347.6345861978,273365.0196456425
2017-05-25 17:30:00,71015.09449218976,461096.84811937984,15054489.481916264,576949.228944142,2299848144.7844934,11531185474732.03,624736.1510293643,271793.8300379759
2017-06-01 15:15:00,70805.11773168693,458370.1145104615,14876437.592805019,571831.474855328,2250359247.869082,11034921710043.355,621041.7231306141,270186.5551800283
2017-06-01 16:00:00,70604.79241622688,455776.42804461234,14708081.00225497,569382.8314412335,2204024042.620551,10580500610105.209,617527.5596609215,268657.7050450816
2017-06-02 15:15:00,70393.05293754568,453042.7364645728,14531646.440393563,564260.1979864677,2155921056.495338,10118660208908.348,613823.7044669837,267046.32880663645
2017-06-07 13:30:00,70183.15492085481,450340.97065411735,14358324.577521794,559212.6645362546,2109136831.577048,9679503428413.92,610163.1052234824,266250.050019995
2017-06-07 15:00:00,69980.50570485991,447740.31114440033,14192489.728865236,556094.643303074,2064816311.5771797,9272701348183.744,606639.4940366675,265481.2706176442
2017-06-08 15:00:00,69781.12532618946,445189.01112497813,14030747.31515067,553185.6532295584,2022003395.1707575,8888171852309.824,603182.7595984346,264724.8920271708
2017-06-09 16:15:00,69587.52692909454,442718.77641451196,13875041.589422703,550764.6555644637,1981177687.694881,8529254646825.036,599835.8598496073,263990.4482283926
2017-06-13 15:00:00,69377.80825517695,440050.2983465193,13707778.549559245,545785.072082929,1937724946.454024,8155114056157.391,596220.3618818736,263194.8498047587
2017-06-19 15:30:00,70918.20468899191,459591.18403662357,14925194.534544094,571393.0764286355,2250831465.368824,10790595813410.162,622696.1397223239,269038.5686859683
2017-06-22 15:30:00,70708.87022591828,456877.9660648601,14748971.371656073,567099.8546879033,2202479511.501371,10326992563677.873,619020.0240440307,267450.2869586188
2017-06-22 19:00:00,71555.50357185624,467818.8316128163,15455359.180802627,576374.2409146792,2394400026.0135365,12126747536048.367,633843.7086110314,273854.924187198
2017-06-23 15:15:00,71344.84108246004,465064.2739691821,15273354.204133254,573097.5252156662,2343098660.0838532,11607102776505.43,630111.5821671156,272242.44276556285
2017-06-28 15:15:00,71136.7865301293,462351.84969693946,15095194.672297893,568083.7548893945,2293371543.887926,11114432315548.66,626436.5418654721,270654.62565936026
2017-07-10 14:45:00,70932.92235677013,459701.8290188301,14922155.122232735,563525.3062151254,2245540579.4651976,10650823165011.637,622846.0516564355,269103.3387874825
2017-07-11 15:45:00,70722.39954970744,456973.1181116397,14745004.435111344,558507.822427333,2197038511.2920394,10190722861348.742,619148.9447332744,267505.9877017189
2017-07-14 14:30:00,70508.46234731209,454208.405627868,14566588.260420462,553439.3178881718,2148670854.85119,9742026691747.455,615403.0595838552,265887.56177168
2017-07-20 13:45:00,70295.55026483942,451465.2892897905,14390643.272383647,548425.7104244296,2101451830.6874268,9313846644791.396,611686.4348663671,265084.6698549405
2017-07-20 15:15:00,71855.50358312964,471502.53982605174,15668034.608848602,575687.2006331206,2440835747.486774,12322214201561.656,638834.7331648493,270967.25714261574
2017-07-26 18:15:00,72484.64752062979,479759.1924039381,16216771.921658365,589800.6959608109,2596366611.4187217,13892565358780.428,655615.03443865,275712.26340076816
2017-07-27 16:15:00,72984.02932871673,486369.7788148278,16663672.674332438,601990.9630601719,2726545557.805595,15285681040566.666,669165.5820031022,279511.293769775
2017-08-01 15:15:00,72771.91399034296,483542.68112901977,16469952.453600535,599685.6319742899,2668876209.058748,14639064101973.514,663331.1432158694,277886.5922233523
2017-08-02 16:00:00,72564.99399585083,480792.86616801156,16282629.499778718,597298.4235417313,2613648739.941177,14033207256416.025,659558.9055770766,276306.3041979495
2017-08-03 14:30:00,74177.9500241135,502166.7465786051,17730333.907175884,637128.2108760419,3036444511.5324063,18573358807163.113,688879.9171051888,288589.63516683347
2017-08-04 15:30:00,73951.2648223391,499097.53880903055,17513600.804254115,631287.0867822252,2968913735.170707,17747212743812.766,682564.338838741,286825.7956523544
2017-08-04 16:00:00,73743.19962259573,496289.07219650666,17316499.599382658,629076.7611483698,2908122709.508448,17020434291099.879,678723.4880881995,285211.80117619963
2017-08-07 15:00:00,73516.3738804518,493236.0140787411,17103445.221863557,623271.8542304478,2843024185.5180774,16258427140299.166,674548.1347082538,283457.24268670956
2017-08-08 13:45:00,73289.6291090231,490193.46229416697,16892438.25442083,617504.8273764611,2779209327.349317,15528549971268.854,670387.149758947,281708.72206986503
2017-08-08 14:15:00,73070.74912488618,487265.52996444085,16690640.719784029,614787.0848376532,2718804334.971394,14853536446073.678,666382.9180418901,280026.0719768713
2017-08-08 17:00:00,74693.1949324883,508903.7894799874,18173021.03674095,634903.7415880528,3158136139.26588,19653904669023.504,695975.3386639069,286243.70532454195
2017-08-09 13:45:00,74476.17562123224,505946.5736321882,17961815.905542564,629369.6481741396,3091357703.406465,18822745431770.016,689908.9190074212,284580.35669319564
2017-08-11 14:45:00,74259.46386779386,503002.153669606,17752753.794747625,623875.6039829999,3025893722.7593455,18025547591278.61,685893.9069501092,282924.2053782638
2017-08-14 17:15:00,75583.41840144986,520937.9680992715,19018792.49997066,652188.5206827892,3418505192.259394,22703198147955.35,710351.1895755349,293012.58374464797
2017-08-15 15:30:00,75364.77268887247,517924.05696234165,18798724.261382617,646528.6196017575,3346537308.8302794,21747282608333.047,704186.5342062843,291317.345648199
2017-08-15 16:00:00,75153.54317498613,515020.8213290614,18587970.868478052,643959.614943634,3278276736.1340165,20860107699799.805,700239.1998218294,289684.35933078616
2017-08-17 13:30:00,74936.79779087042,512050.14606797247,18373537.49830738,638388.0104044718,3209469508.5882807,19984448752946.332,696200.1723075878,288013.4401676199
2017-08-24 16:45:00,76601.13243239948,534795.2545173427,20005831.156288672,671471.1737386672,3728229920.5516715,26444794202683.793,727125.1677268924,300806.90772503195
2017-08-25 15:00:00,76367.4759041813,531532.6812756651,19761735.911027253,665326.6057040048,3645467445.9816337,25270705343171.797,720471.3153538461,298971.80436581984
2017-08-25 16:15:00,78062.35274595447,555126.0348983529,21516080.055692293,695395.6713397641,4234271760.9620643,33433993354458.316,752451.1636622339,312242.3853707113
2017-08-30 15:15:00,77841.20764265941,551980.769606929,21272265.946634844,689485.6516378277,4146974127.6964474,32055381562285.863,746056.2414830073,310473.26435047714
2017-08-31 15:30:00,79574.91628171084,576568.6160147318,23167401.562371068,735555.102521761,4819154651.319281,42447056311139.875,779289.1316255927,324303.2188668543
2017-09-04 15:15:00,79353.3403157501,573357.711020906,22909363.49611363,729820.2836626554,4721497202.451163,40726725036785.586,772779.351276292,322497.17740700016
2017-09-08 15:30:00,79131.37544160517,570150.1517257236,22653037.853617847,723695.9869373878,4625383163.572003,39068602680354.12,768456.1590637066,320693.01780614635
2017-09-08 16:00:00,78911.11124044837,566976.0967567948,22400816.619814873,718193.1640604425,4531685023.624185,37485747694267.914,764178.1244394986,318907.7034225802
2017-09-11 15:00:00,78683.82251308578,563709.9591127769,22142731.13495146,711987.299980196,4436692920.140449,35914213041892.02,759775.9795285509,317070.5951898453
2017-09-11 16:00:00,78463.3921574068,560551.5262146714,21894602.36113803,707234.1845309009,4346237754.650271,34449777191753.906,755519.0005446951,315294.0677705929
2017-09-12 15:15:00,80211.38762221357,585527.288762589,23845660.78870331,737143.2247765746,5050889857.620418,45620407661313.07,789181.6743143458,322318.140849639
2017-09-13 15:45:00,79978.35601131676,582125.1192859298,23568553.364871565,731928.9864557979,4944098832.228969,43691301998643.664,782303.4386058996,320445.3315688118
2017-09-14 14:30:00,81758.47718145358,608038.4613496921,25666865.102530714,766355.1154846168,5744950872.862018,57845658353916.49,817127.7331271858,334709.9788320398
2017-09-27 15:30:00,83583.45659445526,635183.2348956488,27958566.319247387,801834.7795776664,6678204197.39478,76639431934676.4,871846.5100231967,349652.4983542422
2017-09-29 15:30:00,83341.5472697727,631506.5085752996,27634892.79948866,794872.7089262058,6537541148.556334,73410918448555.77,864276.5502826028,347628.55239180493
2017-10-02 16:00:00,83104.71354443478,627917.3734104125,27320769.78039802,789490.0143447304,6402338726.019111,70374506504251.89,859364.4784089416,345652.82317165314
2017-10-04 13:30:00,82857.36404371177,624179.5577755548,26995504.053517833,784616.3424823233,6263659286.031192,67325777729008.19,854248.9232109829,343595.2490681266
2017-10-04 14:00:00,82614.21359233478,620516.1648360124,26678623.637563534,781034.6619770105,6129888849.634782,64450078954133.19,849235.2225299553,341578.6427986385
2017-10-06 13:45:00,82365.86762217018,616785.506823108,26357829.992895007,773991.0745931976,5995784459.838998,61630113136661.92,844129.4632164822,339525.0087871369
2017-10-10 16:00:00,82130.51063268298,613260.6297293314,26056564.447074525,770932.9950395655,5871099552.915846,59066863916620.97,839305.3346074955,338554.83040826867
2017-10-12 15:45:00,81887.93848477154,609638.1038972863,25748732.594749246,764861.134661509,5744904042.114476,56527655376138.62,834347.5644389935,337554.9100161355
2017-10-12 16:45:00,81653.43072067465,606146.3840836338,25453779.378397547,761675.1243365252,5625172626.437674,54171432834052.66,829568.814712557,336588.2322773555
2017-10-13 14:30:00,81411.98830704269,602561.7350444997,25152720.531270903,756729.0943384258,5504123117.322601,51839975370221.93,824662.882527462,335592.968826893
2017-10-13 15:15:00,81172.81634819042,599021.3259844363,24857146.10470172,752436.1786430096,5386444355.782529,49623286546297.85,819817.4969495301,334607.06454669463
2017-10-17 15:15:00,80939.39062653395,595576.1582153213,24571222.933431096,748764.3546781313,5273717258.50355,47546261822631.33,815102.458111129,333644.8471563538
2017-10-17 16:00:00,80711.16437041535,592217.4445958884,24294087.25573729,745949.2822466006,5165496501.291187,45594889686112.03,810505.7399760466,332704.0627774461
2017-10-19 13:30:00,80486.26180556141,588917.0034913693,24023304.269159377,743002.4119081774,5060744840.340237,43745642310065.32,805988.7733043017,331776.9791745809
2017-10-19 14:45:00,80262.74825843613,585646.1116531885,23756449.58710984,740218.1361403652,4958466284.941295,41977427850878.5,801512.2476060502,330855.6213203801
2017-10-20 14:15:00,80033.32337838218,582298.0631042535,23484825.666160557,733870.566659529,4855318025.904128,40230960958554.89,796930.1256314401,329909.89602584875
2017-10-20 14:45:00,79804.14972706423,578963.267855378,23215832.55072868,727566.3002518604,4754136886.63121,38554195629440.19,792366.1420549299,328965.2063355217
2017-10-25 14:30:00,79570.11447717356,575567.5092755682,22943499.6862843,721165.2736834238,4652672056.433532,36908515243606.27,787718.724378156,328000.4763743182
2017-10-26 15:00:00,81338.84479898967,601155.6013022526,24983504.974719606,763913.2122358426,5405337766.921163,48849943099223.016,822738.4551407561,335291.4598289142
2017-10-26 19:00:00,82750.24130839008,622018.177341568,26717566.076819,783193.8927278623,6087930918.382617,61187613027222.42,851290.869097576,346927.45483729604
2017-10-30 16:00:00,82515.28716298167,618485.9640942102,26414127.546334125,779686.0282290448,5962133534.567724,58658924136400.54,846456.7002666383,344957.38097693754
2017-11-02 15:15:00,82279.29658697595,614948.2715299283,26111953.95457118,773113.7729671049,5838039760.1525955,56217111232676.51,841615.0324708213,342984.2510556086
2017-11-02 16:00:00,82044.59965005508,611440.062741578,25814022.598112464,767089.6416875061,5716848318.887409,53883097415040.13,836813.7160186647,341027.56555940345
2017-11-03 14:45:00,81799.66348023855,607789.2731057192,25505761.58643308,760982.7843751898,5592640869.889111,51541708698485.39,831817.2641540498,338991.35632524895
2017-11-07 16:15:00,83614.70318526089,634761.551866745,27769534.712951794,811638.7617856509,6495748674.740023,68187769292709.56,868731.3857415401,354035.00675636216
2017-11-10 16:30:00,84295.54113314222,645098.7231034683,28673995.402631935,831465.219858607,6880675666.378889,76269151197916.42,882878.7849762869,359800.51110657415
2017-11-13 15:15:00,84038.72550652504,641167.9948448504,28324561.49436321,824372.3994790436,6728117317.191272,72887071772911.83,874809.4233466162,357608.16753834026
2017-11-16 15:30:00,85904.59098214717,669638.9936241449,30840059.966570042,879281.6567282254,7815249813.146102,96441329382796.45,913655.2456965664,373487.72138898674
2017-11-17 15:45:00,85649.88258169887,665668.0143087492,30474295.005512375,871981.823495204,7646610894.2343235,92279271377133.73,905528.2411838179,371272.9279998455
2017-11-20 16:15:00,85403.68144300621,661841.0803264924,30123900.77705297,866877.642682471,7486647604.492164,88418398624833.45,900322.3476699496,369138.47515801864
2017-11-21 14:30:00,85149.63903803086,657903.6458525507,29765473.689539276,860860.8615862383,7324576696.4016905,84590236565106.27,894966.1370103951,366942.3912325112
2017-11-21 16:15:00,87045.37340851009,687198.204655066,32416215.708617106,895483.0064661016,8511343130.059344,112001746480743.05,934816.4073230585,383281.28147101507
2017-11-24 13:30:00,86789.48983284993,683157.9500864714,32035045.435685366,891388.1414225963,8329254483.481626,107209495453054.28,926572.2874281734,381027.8501639625
2017-11-29 15:30:00,86538.03654469625,679199.3529519934,31663787.693464763,886868.59257718,8153630280.873798,102688422843669.98,921203.2122363591,378819.96287285443
2017-11-29 16:00:00,86296.84113212778,675413.2774944833,31310779.43762059,883225.8732357897,7988243394.324536,98522592911791.19,916068.1294980308,376708.2986640854
2017-12-04 16:15:00,86048.5204745744,671526.2506465149,30950390.19340458,877295.7117639465,7820958282.769759,94396188111050.02,910796.1256263625,374540.32933397143
2017-12-05 14:45:00,87952.53711073654,701244.3014810636,33689777.576194726,935532.1214367598,9080392102.083271,124798025692322.39,951102.9424264733,391115.4200858513
2017-12-08 14:30:00,87682.19069758434,696933.3654267655,33275558.23349844,926905.2723976922,8877266393.676872,119214635219424.84,942332.5097316288,388711.0175655328
2017-12-13 17:45:00,87431.8879939086,692954.3520316784,32895596.82396249,922953.9154778434,8692840688.819635,114261253816946.88,936952.4348710255,386491.74320956325
2017-12-15 15:30:00,87172.27035432424,688839.0760759148,32504880.00902875,917269.725037827,8504989429.21141,109322909443160.03,931388.1176607879,384196.46910778695
2017-12-15 16:45:00,89110.48906854868,719470.8534269603,35395779.44211867,955340.1966953357,9881204324.759897,144702569265812.0,972805.7352705798,401281.1861476643
2017-12-19 15:30:00,88841.73703318044,715131.0892023946,34968773.020407885,950594.607984979,9664323645.319447,138350470775042.11,964003.9592696398,398860.7048629257
2017-12-20 16:30:00,88575.7530444836,710849.0158008776,34549999.86092637,945907.0904036795,9453752931.605719,132321583820735.72,958231.6809065922,396472.4003394728
2017-12-21 15:15:00,88295.44340307562,706349.8650544133,34112647.7532091,939201.7677304386,9236024331.040436,126226608951326.42,952166.7800815143,393963.02203790745
2017-12-22 16:15:00,90244.1531253907,737528.6166713862,37124157.55568541,987568.2549773388,10719505298.832306,166775391695190.25,994196.0533961023,411352.81117511593
2017-12-27 14:45:00,89964.39817026487,732955.9706236311,36663821.160633035,982450.6229561743,10477668988.782026,159250353139698.66,984950.0935414743,408802.4412454148
2017-12-28 16:15:00,91962.29992002874,765510.4932123864,39920696.722062364,1015032.1128434581,12171055799.3909,210726010154688.8,1028697.0324492924,426959.559600749
2018-01-02 17:00:00,93141.13379752419,785136.1377158787,41967616.80779804,1038921.8160330373,13306482461.311543,250042883601570.5,1068256.5991168767,437905.66237581195
2018-01-08 17:00:00,92871.983529861,780598.5163019575,41482520.917874254,1033584.6140955648,13026645798.996645,239526029701812.12,1058995.7643644146,435374.8272563706
2018-01-09 16:15:00,92607.71485431732,776156.1058312445,41010364.28055405,1029467.1005321969,12756883271.432344,229605571559812.28,1052968.9864833336,432897.095553201
2018-01-16 15:45:00,92348.43248922701,771809.9540853387,40551082.27535157,1025756.5610780418,12496952052.227554,220248794534909.12,1047072.7976050822,430473.05166112713
2018-01-17 14:30:00,92086.62155683714,767433.7393893191,40091227.51122586,1017032.3973508816,12239111986.472107,211160344258696.9,1041135.8239492913,428032.2403124935
2018-01-22 15:00:00,91817.86990487785,762954.2812065064,39623208.01216898,1008127.8746657226,11979160346.562653,202190497780526.8,1035058.7854420708,425533.8454375155
2018-01-22 18:15:00,93171.58965072816,785451.5636357387,41959952.22701849,1052717.972814076,13264494297.467182,245579567436342.78,1065579.6310556831,431807.717502868
2018-01-25 14:30:00,92909.76465349979,781037.1095249339,41488299.25139685,1044636.8109463175,12993221434.903803,235534846431297.9,1059590.7800552093,429380.8392052626
2018-01-26 16:00:00,92651.38437401388,776693.0109815669,41026786.582800604,1036074.366728424,12730253440.48575,226000932691443.12,1053697.3766457313,426992.6393932512
2018-01-29 14:30:00,92392.45421710341,772351.8077806976,40568161.064825244,1028164.7431332013,12471339268.854107,216807895875743.8,1047807.9011907366,424606.0313168647
2018-01-29 17:45:00,92136.23576975611,768068.1077172604,40118154.13177676,1022462.2260535309,12219644009.288326,208056707498624.16,1041996.4371304682,422251.03600907314
2018-01-30 15:00:00,91882.11731025462,763831.3319754536,39675558.94907417,1018194.0794914677,11974369535.160732,199704418433303.72,1036248.6327580095,419921.8376888448
2018-02-01 16:30:00,93929.88239090805,797878.1557735328,43212535.52513546,1086271.16594792,13916551181.21454,264486494012000.34,1082438.1161342245,429280.58236077527
2018-02-02 16:00:00,93670.51594413834,793471.8301836225,42735248.361145586,1081791.9188100472,13636891611.225863,253856535738566.47,1073471.3809201382,426909.85695411963
2018-02-08 15:45:00,93416.44920139964,789167.4916985034,42271597.435694486,1077524.0020771679,13367708166.423794,243834607175407.03,1067648.1317488356,424594.00343914464
2018-02-08 16:15:00,93162.91722675481,784883.8950898491,41812697.459903,1073156.90249037,13103677489.133621,234202467443181.06,1061852.943826748,422289.30962912424
2018-02-09 15:00:00,92899.93141795824,780452.6614594292,41340572.00970076,1064068.7896112895,12834480324.864433,224579727543968.3,1055858.020877403,419905.1830056812
2018-02-15 13:30:00,92638.99720055608,776068.4428420626,40876107.95080809,1055102.6272264072,12572129774.62128,215398426298685.47,1049926.7035521853,417546.35176354065
2018-02-15 14:00:00,92380.06533458189,771730.1219167237,40419102.705703735,1046633.4781817441,12316395721.575136,206635438075588.88,1044057.4802509366,416379.2832582675
2018-02-15 14:30:00,92121.8723423362,767416.3057560152,39967233.39672783,1038232.8024054106,12065878336.20955,198229444822239.84,1038221.4089313035,415215.54503547883
2018-02-16 15:45:00,91864.65103963252,763130.7692843061,39520849.77128154,1032910.1621913468,11820694876.147394,190173242063778.2,1032423.5966092144,414056.18645231903
2018-02-21 16:15:00,91600.596412703,758743.7018257931,39066456.78663759,1024003.209263017,11573422040.088358,182216911678744.44,1026488.4251466185,412866.02842521935
2018-02-22 15:45:00,91338.95589179033,754409.2737727162,38620111.74068109,1015228.5698966738,11332843688.502365,174641374540131.94,1020624.468430526,411686.75135744107
2018-02-22 16:30:00,91082.9019361591,750179.5455734312,38187050.8508747,1009433.0205150571,11101635934.024853,167515459605426.62,1014902.1579485614,410532.6542896913
2018-02-23 14:00:00,90816.62651359489,745793.3354011507,37740500.6033244,1000579.9691176723,10865441719.706152,160387468271018.75,1008968.1462905115,409332.48659988696
2018-02-23 14:30:00,90551.82790500182,741444.2410757268,37300333.09519216,991827.6449966438,10634880760.409777,153580733764014.6,1003084.3478824641,408138.975267605
2018-03-02 14:45:00,90299.75465026477,737316.2567516541,36884994.53898124,985643.0142541315,10419428912.72128,147357955417125.6,997499.6845532649,407002.82018094376
2018-03-02 19:00:00,91642.74591082902,759247.8620572174,39079296.19588684,1013006.6018670959,11547193836.293282,179257042156097.03,1027170.4929393802,413056.00640105054
2018-03-06 14:45:00,91380.80243585033,754907.5289216101,38632493.05643346,1008901.6062463162,11306993286.157055,171799361830968.12,1021298.5473611036,410694.7212910913
2018-03-07 16:30:00,91118.4572034827,750572.9994403211,38188852.81263298,1000212.2365120362,11070753308.117393,164620463526347.38,1015434.4534249124,408336.5935614752
2018-03-08 14:30:00,90851.59159055424,746176.4780397033,37741466.32582628,991424.0416803596,10834786193.314219,157602871365316.84,1009486.4919225187,405944.7401726815
2018-03-12 16:45:00,90593.98884672215,741945.0252987922,37313414.1536378,986653.6781303314,10611209596.703304,151098578070132.38,1003761.8483443932,403642.6896068759
2018-03-14 14:30:00,90331.90438169969,737652.1959950618,36881629.82396606,981141.8373290793,10387803592.707525,144736187575729.22,997954.1697029682,401307.2481562332
2018-03-15 15:00:00,90073.04328667335,733424.4659032215,36458868.04791643,976643.2371567376,10171164215.750986,138699192898339.83,992234.5624186175,400157.2354955815
2018-03-15 15:30:00,89817.32453903696,729260.0593490931,36044838.911683924,972446.7105357064,9961015640.915276,132967806185831.19,986600.6242190236,399021.18298325664
2018-03-15 17:30:00,89564.81042583652,725159.5484927717,35639490.36317397,968570.7237754689,9757209524.00306,127526663790319.33,981053.1291675675,397899.3673348133
2018-03-19 15:15:00,89307.65702201039,720995.4745595979,35230186.0297446,964304.129300478,9553332376.87761,122197317867791.69,975419.6409638803,396756.9412390741
2018-03-19 15:45:00,89053.73368783067,716895.5444767036,34829514.16805909,960417.0905156326,9355655052.289923,117140309922300.03,969872.931628601,395628.86500532465
2018-03-21 15:15:00,88800.14183284389,712812.6416397967,34432788.24808239,956221.06413252,9161769512.847807,112285104797108.34,964349.2580969485,394502.2613963766
2018-03-21 15:45:00,88552.68568807088,708839.9032048134,34048977.82355874,952750.8005645205,8975966823.6151,107730771837122.33,958974.6236718686,393402.9162073436
2018-03-28 13:45:00,88298.2095884926,704765.8807764384,33657588.17777483,944536.9681195578,8788245092.047112,103224648445664.52,953462.9642584838,392272.3842658075
2018-03-28 14:15:00,88047.40529331338,700762.2138659029,33275180.981991377,938758.4469097144,8606579247.11993,98957040343982.67,948046.4873481414,391158.1646308618
2018-03-28 15:30:00,87800.2448319347,696827.953417935,32901550.024596535,934146.8181211692,8430754072.3831005,94913822147684.19,942723.9089838883,390060.13304071856
2018-03-29 15:45:00,87547.83424837254,692821.4326912259,32523204.863591377,926090.2844311084,8254367181.350779,90942278472969.36,937303.5712055576,388938.7773315904
2018-03-29 16:15:00,87299.08973147259,688884.4870419753,32153579.78028519,920076.0080755454,8083688238.730015,87181376737374.55,931977.3600888622,387833.7084386634
2018-04-02 15:30:00,87036.22584244618,684735.9247623269,31766312.739899565,911764.7613571697,7906547349.692606,83360500393140.36,926364.857275578,386665.91302167444
2018-04-02 16:00:00,86779.25165644017,680692.5633874116,31391152.98177656,903688.8134937072,7736658695.773682,79778152099899.77,920894.6785577213,385524.2831165028
2018-04-05 13:45:00,86525.7177431402,676715.1460657449,31024303.915597625,895768.1726636545,7572160307.18268,76385633964811.22,915513.7141650758,384397.9369184777
2018-04-05 15:45:00,88451.12622291119,706832.2745822029,33785769.95811747,955567.2594741991,8798428658.913101,101126073062240.5,956258.5450564633,392951.7295555575
2018-04-09 15:15:00,88195.51304605699,702746.9530962175,33395222.619253963,947282.8341653628,8613385498.019276,96872429841695.58,950731.5993852495,390680.5625454527
2018-04-09 15:45:00,87945.37318295086,698760.6952793613,33016360.87784012,941710.459010177,8435599173.233086,92873399894963.56,945338.6748722596,388464.4683461409
2018-04-09 16:15:00,87696.12622560807,694799.9644096019,32642072.739942785,936275.5835541877,8261610548.452639,89042275443796.47,939980.2852300844,386262.565431484
2018-04-13 14:15:00,87441.4901082479,690765.0959862444,32262952.200743422,928119.8215050629,8087031403.187181,85279104994571.9,934521.5964480891,384019.4469683032
2018-04-17 16:00:00,87198.61196558127,686927.7473014408,31904496.9229224,924598.7154890954,7923557638.857802,81831388368515.83,929330.127973657,381886.13634168723
2018-04-19 15:15:00,86959.03677694371,683153.1265608018,31553870.889025804,921328.4401248877,7765126501.866632,78558959368388.34,924223.5228179757,380836.9173106752
2018-04-20 16:15:00,86717.4491840358,679357.2860006841,31203221.939932186,916704.6222798496,7608127644.399155,75382277865078.33,919088.2098140103,379778.884959425
2018-04-26 14:15:00,86467.18844710685,675436.1269575541,30843020.324653015,912531.363461784,7448336736.09331,72215821356139.03,913783.3560653118,378682.868592312
2018-04-27 14:00:00,86218.65529255266,671553.3067954227,30488411.216854673,908146.8236846796,7292532110.266195,69194594087863.7,908530.3701838304,377594.41816854867
2018-05-03 18:00:00,87315.80877236472,688644.6670104441,32040301.180668667,923024.0160351794,7967887764.768599,82010707797517.7,931652.9126029817,382399.39950867184
2018-05-04 13:45:00,87056.40929917281,684552.9895387362,31659557.42468547,914797.6038813208,7795618632.064371,78464494818161.44,926117.3680521215,380127.32062224596
2018-05-04 14:30:00,86797.29509868559,680477.9903054021,31282632.119545184,906629.2087575535,7626757732.02551,75065255876022.27,920604.3871398143,377864.5030408798
2018-05-07 15:00:00,88727.9151537318,710749.5432059268,34065892.90553903,955729.098800442,8861335987.646858,99367570414752.89,961558.1355384226,394674.07727545395
2018-05-08 15:00:00,88475.1346090488,706699.7769885306,33677686.107313015,951917.1574238883,8677609986.530798,95247106778485.97,956079.2918436363,392425.2714052135
2018-05-09 14:15:00,88223.91337818433,702686.4914793036,33295180.90768008,943808.377447715,8498292235.017868,91310654909332.94,950649.8021330568,390196.7230081895
2018-05-09 14:45:00,87974.86757929072,698719.2877600115,32919227.286447443,937591.768985054,8323704948.968928,87558917739767.77,945282.6555086399,387993.76349559834
2018-05-09 15:15:00,87729.601226236,694823.3493804866,32552123.4058011,933409.488837814,8154822670.522744,84005896671185.64,940011.9222662505,385830.37711039523
2018-05-10 14:00:00,87478.73450366467,690849.5924275605,32179786.388538655,927660.6015854417,7985115781.254517,80509467630297.31,934635.9099096284,383623.7786345962
2018-05-10 15:30:00,87232.11646402266,686954.3378119412,31816904.32901788,923648.1793891644,7821286465.401688,77205868443292.2,929366.101717072,382542.2752865687
2018-05-10 16:00:00,86989.4292746665,683132.0066747996,31462834.961054873,919958.3996580094,7662929676.868943,74079509771571.2,924194.9501675937,381478.01004387566
2018-05-14 13:30:00,86729.20563941443,679044.9102168459,31086358.26234933,911702.3993243207,7496103902.810724,70854014541776.72,918665.6031740677,380336.84156662424
2018-05-14 14:30:00,86471.77727389458,675013.8477837722,30717277.958272208,904486.1278882417,7334178614.583863,67792942583474.35,913212.0634364244,379207.9312906724
2018-05-14 15:30:00,86213.74389861853,670985.3402870423,30350634.266619604,896928.91876966,7174906028.715222,64848493631155.83,907761.9802185224,378076.36784272274
2018-05-18 16:30:00,85960.78479851576,667047.874166542,29994427.992099833,891847.0685769593,7021699218.549746,62079055031262.5,902435.0649671999,376967.0568041941
2018-05-21 16:15:00,85715.01320178923,663233.5436782569,29651398.156911794,888447.2131879576,6875595391.563347,59495638330129.586,897274.7373275941,375889.26539406186
2018-05-22 14:30:00,85466.89933134818,659393.902630989,29308077.989958994,883725.3438606008,6730754059.730598,56988967415622.46,892080.16756411,374801.2023230733
2018-05-24 16:00:00,85219.63864574626,655578.5731941703,28968918.127407923,876566.6718937274,6589041320.403899,54589217666278.305,886918.488468005,373716.8807555909
2018-05-29 15:30:00,84984.5237930357,651961.1849459641,28649225.48252249,873417.1480349818,6456744118.608999,52397092774586.586,882024.5998503997,372685.8227650782
2018-05-30 15:30:00,86879.27700847203,681032.4910233956,31204194.772458944,931836.3710579904,7504389815.977127,69400581775083.086,921354.5595200082,380994.9551754846
2018-05-31 15:45:00,86630.41317787764,677130.8850176552,30846659.778656907,927439.9998893418,7347949379.332292,66507060094430.38,916076.158665098,378812.25137667515
2018-06-01 14:15:00,86376.72142419439,673165.0140171209,30485329.713269822,920526.6723422525,7191349951.423775,63672264418793.43,910710.8150479094,376593.59534484654
2018-06-01 14:45:00,86127.89539509996,669286.631633502,30134052.49815373,915736.3823736064,7040585980.706174,61002533847148.055,905463.832943811,374423.8837057149
2018-06-01 15:15:00,85881.10378585766,665451.0723386307,29788667.00951984,911283.6036778059,6893766591.856768,58458326656937.67,900274.7852974518,372278.1288982952
2018-06-01 15:45:00,85635.56603885611,661645.9662130919,29447998.71993032,907114.9656317102,6750328243.918829,56025646151394.484,895126.9371045494,370149.4107286833
2018-06-01 19:00:00,86767.7092023042,679140.5188136152,31005265.260931324,922733.097274987,7399799773.147043,66806473621443.81,918794.9500374316,375042.96307141765
2018-06-04 14:30:00,86513.89711911873,675167.2879552585,30642480.024905454,914635.5868602254,7242270169.184414,63962073055386.305,913419.6494231079,372848.8188070054
2018-06-04 15:00:00,86261.26019063787,671224.0558152264,30284552.695664037,906965.2847912972,7088357727.007316,61243434109119.78,908084.9334450128,370671.24078757066
2018-06-04 15:30:00,86013.28431891858,667364.9104702156,29936315.800550796,902330.1564409148,6940062455.113267,58680890833874.664,902863.9767265852,368540.09816682927
2018-06-05 15:30:00,85762.51095626326,663473.4803488809,29587196.213349335,898120.9393303673,6792808386.946669,56190711543755.56,897599.342612055,366391.1268672811
2018-06-06 15:00:00,85509.78161793583,659563.1654148446,29238439.98228346,892827.6822136135,6647129844.639745,53780579980317.59,892309.1596308886,364231.7267744031
2018-06-06 16:00:00,85261.5858924988,655734.3459461407,28898976.791769218,888681.3305783373,6506718980.1777115,51508508303428.26,887129.2301538554,363174.5289200351
2018-06-07 16:15:00,87160.09310002066,684936.626644227,31472933.874779925,916042.7046898844,7561127592.89204,68202333547351.41,926636.3826380689,371261.28280252067
2018-06-08 16:30:00,87605.05430547034,691929.9699555639,32115624.08301042,924100.6598992185,7842045277.329769,73270160105755.88,936097.5299858355,375051.93657667475
2018-06-11 15:15:00,89547.57183200614,722615.0966170318,34964097.29732301,975099.5320902034,9107519137.607647,96917427897043.33,977610.7936430628,391684.4235019386
2018-06-13 15:15:00,89270.56508097793,718144.4168194076,34531465.08645142,966050.4038630247,8902485705.017439,92553712022433.69,971562.5048022394,389261.1477533526
2018-06-13 16:15:00,89003.36752338285,713845.4312803189,34118037.7435009,961068.1178778922,8708565288.324709,88521567518852.22,965746.497519242,386930.93671790074
2018-06-14 15:15:00,90983.7275688056,745612.1162957754,37154596.95044117,993876.6688516238,10118738237.298008,117190060154063.98,1008722.978767361,404149.668744255
2018-06-15 14:45:00,90719.28472515044,741277.8953627436,36722639.828657806,986843.3423359024,9904704367.02248,112232398132500.69,1002859.3022596292,401800.3588067346
2018-06-15 15:45:00,90464.90275163692,737120.7255941414,36310750.44392372,982597.8301381174,9702581112.344795,107651791432849.72,997235.1545552448,399547.017225805
2018-06-15 16:15:00,90212.25017007651,733003.4281986125,35905112.254570246,978606.2328607574,9505375644.590878,103275734868467.77,991664.9493473115,397315.2879631538
2018-06-20 14:30:00,89949.77981025768,728738.1167096514,35487252.03203834,972473.7349690383,9304108870.35566,98902215127440.72,985894.4989797791,395003.3295229949
2018-06-21 15:15:00,89691.71979325617,724556.713015625,35080009.640470855,968133.7919876128,9109848840.519726,94772266192145.81,980237.565706455,392736.85224762245
2018-06-25 15:30:00,89432.74282513234,720372.5251953206,34674847.84585325,964535.1143934506,8918419716.463955,90789286404106.25,974576.8658471393,391602.85905962216
2018-06-26 16:15:00,89173.72911348751,716199.861903921,34273148.83685223,959934.1024790158,8730443820.877666,86962106709939.88,968931.7572810332,390468.70498124295
2018-06-28 15:45:00,88917.23540698239,712079.7974184625,33878824.31701173,954946.3196167449,8547690971.275823,83321381648376.31,963357.8085352262,389345.58535385324
2018-07-03 15:15:00,88663.19386362864,708010.8933438087,33491649.48967434,949936.9170013278,8369963052.885554,79856460942297.77,957853.0736351361,388233.20311492577
2018-07-05 15:45:00,88402.94326478618,703854.4841067783,33098421.07296219,943430.8292431736,8191166164.125388,76444716667283.75,952229.9548379485,387093.6330272907
2018-07-09 13:30:00,88142.8674336039,699713.0939397753,32708927.28221411,938648.4060867457,8015791417.267553,73171318822454.33,946627.1550252909,385954.82820205536
2018-07-09 14:00:00,87884.26219889299,695607.2717863288,32325064.126260813,934304.1766117022,7844638386.038385,70046613509259.45,941072.4744314598,384822.46273856296
2018-07-09 16:00:00,87627.84440695684,691548.1586704329,31947807.886744704,930487.7811484297,7678067911.02278,67071919938619.516,935580.9855139218,383699.6755214439
2018-07-11 14:15:00,87371.746670034,687505.9750561434,31574330.193446964,922329.5587272623,7514761358.072211,64218784443626.63,930112.4001636896,382578.2897424817
2018-07-12 15:30:00,87115.39405650627,683471.6284798485,31203768.204064008,914211.0901630516,7354300180.2801,61476283039471.45,924654.4173776297,381455.78792476206
2018-07-12 16:00:00,86864.61428492183,679536.5981506867,30844462.070054546,909876.4485859638,7200227016.682767,58900417170005.23,919330.7974572724,380357.68814112013
2018-07-18 16:00:00,86615.82252508745,675644.0325181212,30491091.572172277,905386.0986580419,7050145456.197632,56444976111933.586,914064.627133437,379268.2933469549
2018-07-20 15:30:00,86371.50684747765,671832.4788131415,30147068.89911574,897724.6802793826,6905421565.214705,54127595110332.76,908908.0561456692,378198.4981596133
2018-07-20 16:15:00,86132.59514857174,668115.7753596088,29813510.40462565,893634.7190126601,6766411845.574612,51948361952727.3,903879.8060717996,377152.3655978816
2018-07-24 13:45:00,85888.51892721743,664329.2605426412,29475577.06116531,889640.0790171032,6626870014.5792,49805728690214.03,898757.1096699573,376083.61892757425
2018-07-24 14:45:00,85644.95398321883,660561.4154066035,29141226.562826276,885603.4950595509,6490104636.689157,47749946913773.51,893659.6710874942,375017.11100862286
2018-07-24 16:45:00,85401.33710672478,656803.4845240585,28809657.952545654,881125.1001721415,6355752264.298676,45772993071421.375,888575.6452904417,373950.3756907004
2018-07-25 16:00:00,85156.29138239709,653034.2956317342,28478998.7970904,876557.9387156677,6223031929.010629,43861336752876.42,883476.3887683093,372877.38381752605
2018-07-26 16:30:00,84909.80853702984,649253.9113830378,28149271.67803606,870099.6726498448,6091944803.825063,42013473329606.25,878361.9862835761,371798.09916287
2018-07-27 14:30:00,84663.24986829582,645483.34157917,27822315.484383017,864760.5048121331,5963206902.457111,40237775564834.71,873260.8615552072,370718.4824972941
2018-07-27 15:15:00,84416.83836915802,641725.996612743,27498409.256892037,859441.8226871064,5836897999.139347,38533192984798.305,868177.62843177,369639.51024933107
2018-07-27 16:00:00,84178.5409946796,638102.9843540124,27187912.02175063,856354.0735500667,5716986638.9668255,36949965872287.95,863276.1312083965,368596.06765544106
2018-07-30 16:15:00,83931.17809092239,634352.7885145305,26868339.798933376,851229.6870624555,5594725509.371936,35369572265891.49,858202.5699887146,367512.929452624
2018-07-31 14:30:00,83684.52095955516,630624.3137653663,26552496.853789624,847854.0398763338,5475068762.4377575,33856644437457.227,853158.3947761114,366432.88164463354
2018-08-03 14:00:00,83435.96505656863,626878.21128534,26237036.849651944,840299.2690274662,5356721947.0895405,32392982072140.754,848090.371376501,365344.5196066271
2018-08-03 14:30:00,83190.74573359941,623193.4058072387,25928592.959364183,833384.2494724374,5242147294.26458,31007278385617.61,843105.2754039267,364270.7675898833
2018-08-03 15:15:00,82948.99143055239,619571.3758288829,25627196.506448407,828625.5568782046,5131281782.591141,29695740349445.527,838205.1070870504,363212.18799953914
2018-08-07 16:15:00,84153.49063996803,637564.921488501,27115722.76333003,845263.0058748364,5673543973.510872,35972096981235.234,862548.1972537294,368486.3786286302
2018-08-09 18:30:00,84656.8961684017,645192.7383210981,27764546.93652727,855559.5868858646,5920539064.359722,39104153911924.97,872867.7105082821,372894.9439476319
2018-08-16 17:30:00,84725.02886361738,646231.2531305228,27853927.648547,857536.9977021427,5955216145.062359,39562226356434.32,874272.695391389,373495.162918876
2018-08-17 16:00:00,84487.28079106528,642604.4562579712,27541282.485705804,851802.7254255853,5833600104.874816,37946365170787.14,869366.0780434312,371399.0230583766
2018-08-22 14:45:00,84246.01334177653,638934.3289533334,27226687.677434042,848354.1688371019,5712363963.490612,36369132995061.61,864400.8398635825,369277.83998507546
2018-08-22 17:15:00,86124.10282408349,667421.7503871273,29654536.960110467,872424.3562019935,6639131565.581379,48170108700173.055,902940.874256879,385742.4013290384
2018-08-23 15:00:00,85879.89765521446,663636.7973736123,29318194.822724443,868408.9743223147,6502128758.124973,46182065516448.01,897820.2907861392,383554.8537049101
2018-08-23 18:45:00,86945.88652228868,680111.6525398633,30773849.528285906,882954.364781874,7089489298.527609,54525647739348.516,920108.7764677067,393076.644371294
2018-08-24 14:45:00,86693.34073719045,676160.7047005746,30416302.72300382,875260.3928582252,6939626414.358985,52220440555220.82,914763.6220820707,390793.15854517434
2018-08-24 16:15:00,86443.96368407956,672270.6950981353,30066327.60957104,870480.9856192211,6794350073.78957,50034042021983.38,909500.9097577317,388544.89252092864
2018-08-27 16:45:00,88367.16119416451,702183.9307207153,32741979.392844137,928580.1330705371,7894432396.9063835,66236199574859.71,949969.898233516,405833.5159945905
2018-08-28 14:15:00,88105.8524247114,698031.1025346154,32354696.776587885,922036.7456645479,7724540743.908208,63385335353513.11,944351.6241649518,403433.3516069541
2018-08-28 15:30:00,87849.39925522501,693967.529373047,31977992.423459128,916942.0581233636,7560910328.737931,60699928134247.16,938854.1013452577,401084.7729632248
2018-08-29 14:45:00,87599.99377888441,690027.1654389611,31614848.83907931,912082.7341467928,7404692956.81976,58191663167074.42,933523.2657027723,398807.4042002755
2018-08-31 15:30:00,87354.2193341872,686155.2235335809,31260048.726320207,908261.324091492,7253501325.315827,55815307376101.555,928284.9967864716,396569.5805639892
2018-08-31 16:00:00,87109.30400623615,682307.6719698915,30909473.097853612,904508.5939886885,7105499243.398767,53537571059800.836,923079.725051394,394345.8535449731
2018-09-05 15:45:00,86857.84285056734,678368.3941241411,30552563.722214743,896675.3741408815,6956223579.469077,51288086205500.3,917750.3587550162,393207.4830207577
2018-09-05 16:15:00,86608.47517848495,674473.2214671817,30201699.76144772,890668.574588596,6810881056.585407,49144871641499.32,912480.6614426101,392078.5897456282
2018-09-10 16:15:00,86364.27301954015,670669.7180226677,29861071.652230985,886707.0267020685,6671121841.429636,47127967034743.33,907334.9814832194,390973.08086910547
2018-09-11 14:45:00,86108.17785514634,666692.2568414195,29506884.63547588,880932.7810882155,6527157750.321045,45093905867454.414,901953.9577538671,389813.7320791715
2018-09-13 13:30:00,85854.62206167381,662765.9472063512,29159338.479790814,873483.311941537,6387282364.162514,43161203230905.95,896642.1358774668,388665.87908070144
2018-09-13 15:30:00,87762.86079430756,692227.7425240532,31751766.36632408,920753.1189383634,7420455706.414527,57124263592193.24,936500.3802423122,397304.52038742293
2018-09-14 14:30:00,87504.28022270129,688148.6447434301,31377558.423592765,912614.5213932801,7261343408.709201,54674502231304.99,930981.8544914228,394963.31981456734
2018-09-14 15:00:00,87244.28031677782,684059.2771733116,31004632.106503863,904479.6156800027,7104325596.895317,52309961616939.83,925449.4349579286,392616.2248899842
2018-09-14 16:00:00,86995.18407433433,680153.0819491941,30650539.559552673,900162.713423688,6956706984.144058,50136096170699.92,920164.825445822,390374.26184123557
2018-09-17 15:00:00,86738.77724704306,676143.7590040074,30289185.873743318,892203.3809209485,6807487293.484591,47985281775752.21,914740.6966049426,388073.1085762603
2018-09-17 15:30:00,86485.5449275542,672195.7796149775,29935470.913137343,886800.891006627,6662849853.214905,45946212725030.04,909399.5581733418,385807.1634814586
2018-09-17 16:15:00,86236.2338630914,668320.3147501008,29590292.114770435,882256.2286733392,6523069509.529753,44018395785665.305,904156.5231190993,384695.00081097404
2018-09-18 14:45:00,88154.30759386008,698049.9905960184,32222891.403891478,918285.745380906,7578951962.672283,58268819350113.164,944377.177426688,393251.42010666145
2018-09-21 13:30:00,87899.00227625473,694006.7196676233,31849606.16129462,914030.6025019978,7419212019.023156,55812580554741.14,938907.1210720295,390973.6147117932
2018-09-21 14:00:00,87644.52854237899,689988.3240837092,31480778.848471917,909796.7108896336,7262895509.326614,53460733008908.94,933470.7180486864,388709.82301891554
2018-09-24 14:15:00,87386.17373918711,685920.4877763429,31109588.0595436,901751.1310652344,7107087572.239173,51166990378410.08,927967.4277085429,386418.17854332813
2018-09-24 16:15:00,87129.93575781384,681897.9090628054,30744703.881434467,893818.6557214285,6955424273.530175,48983211308031.67,922525.365416953,384152.0302546664
2018-09-25 15:15:00,86872.02384330843,677860.9591053884,30380676.277374085,887771.162794581,6805588439.829381,46872789279108.914,917063.8605712282,381877.7858236933
2018-09-28 16:00:00,86622.34472645514,673964.4751021139,30031407.544506874,883505.8927361808,6663238917.936314,44911953944246.1,911792.3891659229,380780.2298546701
2018-10-01 15:30:00,86374.23999481005,670103.7212570966,29687342.31130251,879398.3367267685,6524346496.998401,43039612253007.336,906569.2563416054,379689.5946722332
2018-10-01 17:15:00,88300.93881580794,699998.9319071684,32336213.893069677,905868.4111727161,7583489644.520821,57013459414793.31,947013.8592104992,388159.10473037226
2018-10-02 16:00:00,88056.22157864159,696118.9775843034,31977747.53787775,902636.4723949492,7430537211.946254,54713635002615.33,941764.7504627961,386007.61630987603
2018-10-03 14:15:00,87802.31189590575,692104.4662737773,31608916.82557208,896806.317237948,7274608001.248077,52417312764522.05,936333.6023913736,383781.51417572255
2018-10-05 16:30:00,87548.36184909764,688100.927920147,31243227.78007522,892267.1200082303,7121485155.283088,50210654177017.805,930917.2994029692,381561.49669817457
2018-10-08 15:30:00,87296.91272236197,684148.3153577383,30884290.97414185,887637.7346879594,6972631079.246744,48111636803048.914,925569.8928483732,379369.71827732684
2018-10-08 18:15:00,87053.17786288811,680328.0017108322,30539372.553282082,884032.9293606351,6830952726.038132,46156455926574.61,920401.4707190794,377251.3014378438
2018-10-10 13:45:00,86792.1107296958,676247.477934507,30173029.743624534,876079.4479996462,6681866712.929993,44141720275699.85,914881.0157685416,376119.9479573934
2018-10-10 14:15:00,86538.04619897043,672288.3508504626,29819730.50580548,871520.2888377184,6539519277.518324,42260970196161.125,909524.7958543906,375018.9407659465
2018-10-15 16:00:00,86295.15733556764,668514.4881255851,29484946.869351305,867431.2499700453,6405941445.127459,40534504211743.87,904419.2162023195,373966.3641447026
2018-10-17 17:00:00,87325.32057836106,684475.5008684865,30892873.31242662,885003.5567218951,6962474084.774003,47577582834600.96,926012.5352569369,378430.65176266135
2018-10-19 16:30:00,87073.31736901104,680524.9852151134,30536270.981317434,877476.1509936622,6816250466.813098,45579164970145.58,920667.9655665527,376246.5031530943
2018-10-22 16:00:00,86816.09346368127,676504.2978297995,30175441.321285762,870218.1071084131,6669709238.367915,43619369960044.2,915228.4620132099,374023.55821813655
2018-10-23 13:45:00,86568.35328919097,672643.3249133459,29831004.30275604,866741.5261205139,6531196041.896977,41807639299745.56,910005.0328117454,371888.91571397445
2018-10-24 15:00:00,86319.51869518764,668776.3938166036,29488015.875121705,861375.4616694628,6394570350.854317,40058496394357.9,904773.5429132542,369750.97906992404
2018-10-24 16:30:00,88243.64719319035,698591.474752771,32117258.139330093,894976.7249999429,7431918370.124133,53055335778277.586,945109.7399744488,386235.0467928946
2018-10-26 14:15:00,87996.34205175392,694675.8328008513,31757220.297770403,891420.8018357613,7280339495.922663,50891138684837.76,939812.3501826231,384070.1790451754
2018-10-26 15:00:00,87749.07877247449,690771.8563297956,31400278.440936945,887777.4168240577,7131460069.210869,48809740267538.055,934530.7423749531,381911.76087164955
2018-10-26 15:30:00,87502.9414149706,686896.6074557661,31047965.611288723,884155.2674286468,6985880150.216616,46816959556346.32,929287.9995301933,379769.2255211794
2018-10-26 17:45:00,89455.8962013328,717557.9314198355,33819770.630268425,910156.6937673979,8120574044.456023,62025613874239.91,970769.0610178238,396721.1614150228
2018-10-29 18:30:00,89205.12859801952,713534.9370652633,33440548.99432529,905472.155258574,7954906574.638706,59494850295665.94,965326.4364142038,394496.9410101922
2018-10-31 13:30:00,88949.91507187088,709452.1276981183,33057858.87059275,899892.5478407433,7789277338.713523,57017363852928.7,959802.88933583,392239.65027024475
2018-11-01 14:15:00,88696.90646915695,705416.2049796697,32681740.57189375,894773.249954109,7628036529.820135,54656804466264.68,954342.7742201396,390008.28207245184
2018-11-01 15:00:00,88451.1063795079,701506.4549483267,32319465.264569387,891617.35959637,7474194720.593781,52452173785027.1,949053.3554839673,387846.6718311608
2018-11-05 15:15:00,88195.31634159455,697449.1091433396,31945609.1271507,885954.8791049774,7316893238.2298565,50244362777143.83,943564.2575242551,385603.45930498623
2018-11-05 16:30:00,90160.38125935056,728528.6002807028,34792707.969858944,919968.0914356129,8503334245.035299,66538702579219.195,985611.0486016395,394195.0247245234
2018-11-07 15:00:00,89909.53663635658,724474.7691072951,34405506.24813891,916472.1351681638,8331160725.399906,63844182456897.67,980126.7055132048,392001.5623415575
2018-11-07 15:45:00,89657.50276605568,720413.0825093103,34019725.018525794,911831.2721759292,8161200729.201414,61239273641589.87,974631.7349857766,389803.84951559716
2018-11-07 16:30:00,89407.84111609732,716400.9359899013,33640797.63744907,908320.4188632175,7995811467.575762,58757207929412.516,969203.7861906099,387632.9420236916
2018-11-08 15:15:00,89152.60072537282,712310.5910596391,33256648.317833263,902625.8517436675,7829690524.338458,56315728951873.87,963670.044407096,385419.7226383506
2018-11-12 17:15:00,90809.95428655297,738794.4061172754,35729622.7044028,952965.4994139192,8888977899.036093,71553761793703.05,999499.44179777,399749.68597461795
2018-11-13 14:30:00,90550.97724051976,734580.5334328258,35322039.53947053,949207.6619000251,8704490081.705145,68583612135310.85,993798.581908956,397469.6277224196
2018-11-13 15:00:00,90294.00947047838,730411.3123521821,34921088.56090023,945739.9299545871,8524720213.758656,65750759944974.88,988158.1302375158,395213.72972976277
2018-11-14 14:45:00,90032.4681046804,726179.9624908308,34516485.453742556,939839.7147288135,8345019569.612355,62978714970137.81,982433.6258429867,392924.2148602424
2018-11-15 16:15:00,89786.76617769801,722216.4186743369,34139698.404928856,936419.9050560783,8179280530.466775,60477095502693.266,977071.4306242296,390779.60550360556
2018-11-16 16:00:00,89535.27518585576,718170.5902925082,33757199.87074359,931681.7739509244,8012550719.425122,58011515634646.7,971597.9143445118,388590.4733015319
2018-11-19 14:30:00,89275.49521760552,714003.152760046,33365423.811869137,926951.1640653872,7843362418.591332,55561641655010.195,965959.8755979624,387463.00682971877
2018-11-19 17:45:00,90527.61430523658,734031.4253340703,35237269.33543235,950436.4880374022,8643940511.112955,66904081470898.97,993055.7050901165,392897.306862666
2018-11-27 16:15:00,90267.980978098,729821.0189813487,34833027.18028226,947044.3151596822,8463522794.02252,64111215965289.91,987359.534728725,390643.6467880596
2018-11-28 13:30:00,89995.20180471237,725410.1531988186,34411982.00976661,938458.7470773021,8277392656.163801,61291343021995.555,981392.1670131875,388282.68889569136
2018-11-28 14:00:00,89722.51850531348,721014.2025253383,33994912.09469979,929928.2247037396,8094868313.5291815,58588278770005.01,975444.9776355564,385929.71445740294
2018-11-30 16:00:00,89454.90056910222,716713.0229313346,33589321.68693931,923456.202832829,7919152195.489371,56044715487846.77,969626.0020617262,383627.4671414278
2018-12-03 13:30:00,89197.4863863409,712588.2159973701,33202697.019691642,919640.556998197,7753309986.28993,53697348193718.32,964045.6373568984,381419.6249704397
2018-12-07 15:30:00,91178.16298730002,744235.0002897427,36151829.67981149,969361.4891214803,9006266947.902914,71052636801666.88,1006859.9074339514,389889.2462224713
2018-12-10 15:15:00,90908.24770203196,739828.6732520363,35723747.73118318,961326.5898866549,8812236669.309607,67991132408522.81,1000898.6800909997,387580.86308183393
2018-12-10 16:15:00,90644.20257356837,735530.9739341444,35308705.8929641,955194.709505879,8625964026.770231,65116745716869.805,995084.4129096563,385329.38774556055
2018-12-12 14:00:00,90367.38300572748,731038.4777665534,34877386.93692259,946443.4630108351,8434250636.730999,62222286145519.58,989006.6091599173,382975.8623889764
2018-12-14 14:15:00,90094.1273057312,726617.4040489792,34455533.63257782,937857.8075766556,8248644608.4388075,59483730724262.555,983025.4313433641,380659.7537692959
2018-12-14 16:00:00,89831.34155577999,722378.6216741266,34053535.2552638,933826.4923691793,8073548710.692965,56958380748151.016,977290.8716573576,378439.14379477315
2018-12-18 14:30:00,89565.44310325812,718102.1775219762,33650344.913431905,929956.7491267612,7899632347.699863,54504442640717.61,971505.3601435154,377318.9736963867
2018-12-18 15:15:00,89301.99099256576,713877.6568183198,33254421.928592827,926352.4315381928,7730527470.41745,52170924654456.234,965790.0947730608,376209.10948335554
2018-12-19 15:00:00,89030.30810647136,709534.0057985156,32849743.053036172,919338.1548185215,7559369030.692751,49860734542068.11,959913.6604989098,375064.5708733715
2018-12-19 16:30:00,91003.06945406178,740978.1575982906,35761322.48038386,970039.2648276562,8778387460.259464,65941747142915.99,1002453.7933307907,383375.3686680361
2018-12-26 14:30:00,90738.85365438982,736675.4865428247,35346008.734455734,961590.1091582751,8592903850.366018,63155104753725.45,996632.7999900602,381149.2057437562
2018-12-27 15:15:00,92760.32389147069,769498.6380475902,38495746.76965059,1024729.2221926271,9986067280.658358,83633719180540.98,1041038.5525721242,398131.606209882
2018-12-31 16:00:00,92493.87070604158,765077.8823906556,38053432.0418906,1019808.7021936325,9777310207.879126,80137021249096.83,1035057.8050531329,395844.3473853278
2019-01-02 14:00:00,92227.45612747931,760670.5005814929,37615003.46352529,1012954.7585223892,9572358058.608864,76777353939393.72,1029095.150732022,393564.0080681403
2019-01-02 14:30:00,91962.22178695397,756295.3188937331,37182299.75222629,1006157.459791336,9372013981.122332,73563540153351.48,1023176.0592791482,391300.328801303
2019-01-04 15:45:00,91694.62802450103,751893.9482879388,36749524.14963586,997374.2402783474,9173547344.849346,70447900676932.36,1017221.5373888754,389023.09962614044
2019-01-04 16:15:00,91436.36425141222,747658.4336840606,36335494.62705284,992678.3172931145,8985509633.897285,67559844075337.29,1011491.3986016164,386831.6828399509
2019-01-08 15:45:00,91168.88902418331,743284.2416199625,35910331.410583615,986173.7086740864,8794218262.456137,64683298224500.34,1005573.6459898184,385700.0992176793
2019-01-08 16:45:00,93198.19408785088,776373.3905919018,39107607.06676266,1020319.6919137102,10218795389.844517,85639418353574.55,1050339.2609608753,394285.2994189442
2019-01-10 16:00:00,92927.54588527426,771864.2031607819,38653332.01719616,1011430.6455097744,10002829380.15331,82019578098728.52,1044238.8759511239,391995.2849259696
2019-01-14 15:30:00,92655.58074156639,767346.2713261297,38200835.01443131,1006482.4356922843,9789780286.995575,78525727294917.95,1038126.6608214139,389700.8295417864
2019-01-15 15:30:00,92382.16088840224,762817.5056942517,37749923.51544556,1001364.8004359775,9579538296.892061,75152943698795.78,1031999.7888748815,387400.87215684575
2019-01-17 15:30:00,92097.75293423272,758120.6818894638,37285055.4753895,992116.3878139758,9364910360.284262,71785365693223.67,1025645.5545544301,385015.56554712675
2019-01-18 16:15:00,91834.87312535448,753792.7886757377,36859356.13115537,988552.706698577,9170374409.67696,68802991315344.35,1019790.438685303,382817.6222735606
2019-01-25 13:30:00,91555.63509953314,749208.7433555932,36411050.01436855,979535.1680388766,8967446376.253326,65757956271507.375,1013588.7800090557,381653.6065412432
2019-01-25 14:30:00,91277.77103982391,744661.1656391126,35969031.46840928,970616.7344070193,8769383019.123386,62853173565111.05,1007436.457588205,380495.31824581575
2019-01-25 16:00:00,91012.63522761398,740335.1103307118,35551112.48269609,966406.4842561565,8584004052.988013,60195824397348.93,1001583.8281826075,379390.08819806227
2019-01-28 15:00:00,90740.91831659697,735914.5907227821,35126563.14653597,957750.9063564884,8397497994.548993,57580055375448.47,995603.4000093596,378257.42455660366
2019-01-29 16:30:00,90475.49068271044,731609.3209022452,34715566.17998464,953268.4556757064,8218733640.117733,55128548644755.63,989778.890853923,377150.97803762776
2019-01-30 15:15:00,90206.02228992415,727251.3320952572,34301984.65629915,944750.9317571355,8040590197.34432,52738693983268.46,983883.0592884982,376027.68744121655
2019-01-30 16:00:00,89941.54151789735,722986.7832572237,33899695.977399595,939402.0138904247,7869022884.218444,50488054216186.266,978113.6406953946,374925.18795666704
2019-02-04 14:15:00,89670.79405309052,718634.0262252179,33491508.32178658,931067.3136497777,7696632542.374524,48275923675095.05,972224.8870885076,373796.565493472
2019-02-04 16:00:00,89399.55929640663,714286.6012401648,33086290.04724968,922618.481933468,7527205344.568123,46150512483965.57,966343.3470960021,372665.9117331086
2019-02-05 18:15:00,89717.07656223001,719360.414364637,33556335.691086076,927937.3969372008,7721765445.408973,48536271328505.87,973207.6023525464,373989.49612536223
2019-02-06 13:45:00,89442.22311396786,714952.8099707448,33145128.59744697,919409.0274307767,7549606048.623986,46372005849793.06,967244.6469012278,371698.01926136547
2019-02-11 15:00:00,89175.5930102071,710690.2159682756,32749901.87926307,915203.9836414836,7385819233.878384,44359947715213.625,961477.8729641195,369481.9320937411
2019-02-11 16:15:00,88916.53759380768,706561.1007336265,32369347.551246375,911895.4154808986,7229672323.378794,42484280692689.79,955891.6796497441,367335.23942729254
2019-02-13 13:30:00,88640.73780877367,702177.9026251725,31967736.812100966,903409.9109942514,7066473116.140467,40566240532911.92,949961.7429496098,365056.4511880951
2019-02-13 14:30:00,88367.46842216814,697848.4322375885,31573525.119113665,895054.5787282898,6907929638.101044,38745951186482.086,944104.4933550814,362805.5955440959
2019-02-13 15:30:00,88100.77272515236,693636.176814409,31192365.697474103,887092.8469994772,6756203797.888169,37043918216663.92,938405.8214250869,361710.6372646237
2019-02-14 18:45:00,88417.89944099158,698629.7893773012,31641484.686418965,891066.571033052,6933191831.592416,38984750803128.43,945161.5750255992,363012.647484644
2019-02-15 14:45:00,88158.39140398067,694528.8087752986,31270011.505943168,886264.7169552583,6785099733.265988,37319332136112.516,939613.4444650732,360881.75090930186
2019-02-20 15:30:00,87901.57360451302,690482.2884725586,30905635.73109563,879379.8800693018,6641251096.833227,35736942708867.62,934138.9921000805,358779.15226473595
2019-02-21 16:45:00,87649.01354603996,686514.4812991432,30550441.672681555,872305.2688933647,6502381884.947971,34242416753800.086,928771.029075249,356717.45348144486
2019-02-22 15:45:00,89597.0327844788,717030.3619219209,33266403.699563984,930466.8172159792,7554117865.20171,45319582748674.02,970055.3233198809,372573.70636907726
2019-02-25 15:00:00,89331.82349283557,712785.5089739573,32872526.398653768,922204.2072447889,7391388130.790066,43367046715761.24,964312.5508829579,370368.0527736348
2019-02-25 16:30:00,91322.36753403982,744550.9178074317,35802465.98719993,955082.7585646656,8590002971.110044,57432168139388.87,1007287.3056112654,386873.5687627963
2019-02-26 14:00:00,91051.9553968207,740141.5795392857,35378411.21916275,949525.8507689753,8404892756.9843445,54956899858867.74,1001322.00443787,384582.44750986254
2019-02-26 18:00:00,93076.04098130716,773048.2841805089,38524260.50218612,984810.8090033655,9764645118.73084,72738869608633.62,1045840.7943041344,401680.98832996254
2019-02-27 15:30:00,92798.8209428174,768443.3509917842,38065293.96830227,977510.4362949979,9552988803.07073,69585525895791.016,1039610.8768690048,399288.23466593854
2019-02-28 15:30:00,94862.4323935082,802619.8304384575,41451198.043756165,1014965.5861987676,11099000551.909533,92108328507982.69,1085847.5184119304,417046.55885177024
2019-03-05 15:00:00,94581.94299950913,797873.4552049523,40960946.16526338,1005962.4305231301,10860167674.276974,88144278403002.42,1076215.6112998081,414580.3109681722
2019-03-06 15:00:00,94302.97674750639,793166.8534940492,40477694.446475185,997061.2737061232,10627053856.402464,84360239357088.58,1069867.0879789728,412134.7296693079
2019-03-07 16:30:00,96402.53243524652,828484.8898067131,44082466.06802215,1030211.0501576965,12348934041.990072,111697679547604.84,1117505.9983753322,430486.2143336626
2019-03-08 16:00:00,96132.41642612644,823842.12729005,43588396.89761053,1026315.8658136026,12097120313.564983,107142305124569.95,1108112.3781200247,428073.8043012783
2019-03-11 15:30:00,95853.18431551456,819056.162584982,43081958.777509354,1021179.2012204857,11841399810.281933,102612552013221.94,1101674.995816723,425586.98546708096
2019-03-12 14:30:00,95569.53426053253,814208.6381712729,42572003.88917723,1016201.9748005114,11586383814.428667,98192830940046.92,1095154.8123639305,423068.17980215873
2019-03-13 17:45:00,96402.02867110848,828393.5799639663,44055361.76295912,1031692.9921369565,12320893992.686094,110642553806565.25,1114234.3290124661,430438.76913699205
2019-03-15 14:45:00,96124.37204822019,823621.7101806061,43547809.665317774,1024458.0920924468,12062636972.731003,106004218918972.42,1107815.9051439126,427959.2741170995
2019-03-15 17:45:00,95848.80156434693,818899.373308764,43048436.167197146,1018687.285126686,11810968107.152485,101580980188969.48,1101464.1057299231,425505.516724805
2019-03-18 15:45:00,95561.92549918064,813997.431372135,42533059.20775058,1010358.4804033228,11553702828.927189,97155727509659.02,1094870.7277551016,422958.4353559762
2019-03-21 16:15:00,95295.90643140077,809465.5252445072,42059456.16130011,1006267.4692464477,11319637483.560848,93219190582825.52,1088775.0680283757,420603.62703466445
2019-03-26 15:00:00,97416.97361217918,845499.1981243305,45804042.28029947,1045462.5587529419,13153221219.297861,123418954834899.31,1137242.3139054514,439326.9611804346
2019-03-27 14:15:00,97137.69236664537,840651.3351617617,45278786.3827204,1040048.2632349393,12878793918.430534,118268956961904.38,1127461.3556763744,436807.9796032915
2019-03-27 14:45:00,96859.95971380488,835844.2140589234,44760948.36729775,1035077.3535398568,12610813904.830042,113347111500923.58,1121014.1604495165,434310.16776524205
2019-03-27 15:30:00,96584.88832123177,831096.8069236177,44252484.12937463,1030305.9859006499,12350179160.518627,108661895202050.78,1114647.0521599788,431843.38369866105
2019-03-28 13:30:00,96304.05489043402,826263.7575373173,43737804.15591782,1021318.730135661,12088842142.105104,104063196618301.02,1108165.0825428357,429332.0993534734
2019-03-28 14:00:00,96024.98332641648,821475.0345833504,43230827.479748905,1013426.4763580147,11833898744.154493,99673988018236.97,1101742.562470826,426843.84731495177
2019-03-28 14:30:00,95750.30569017063,816775.4071964376,42736183.644624256,1008507.1527308942,11587547386.257656,95524075495550.36,1095439.535230879,425622.8686178974
2019-03-28 15:15:00,95484.08775406293,812233.5885233785,42260899.998269916,1004581.569756088,11353083091.012903,91658376518296.11,1089348.1572431452,424439.49441530905
2019-03-29 14:15:00,95212.0266254697,807605.0228225853,41779247.04773814,999238.5415038129,11117666341.468124,87857132944985.19,1083140.4362278096,423230.14644345024
2019-03-29 14:45:00,94944.13444580935,803060.406400972,41309040.333193,994740.1485949074,10890015157.659174,84259115212363.61,1077045.3059669922,422039.33000515826
2019-03-29 15:15:00,94678.47407047685,798566.3672436418,40846697.915787324,990410.4883760951,10668259260.905285,80827539519750.27,1071018.0087168054,420858.43423451704
2019-04-01 15:00:00,94403.0613632523,793920.4257609489,40371417.77361705,982136.7578686941,10442412255.538712,77405302150889.22,1064786.9837206195,419634.18804900575
2019-04-01 16:00:00,94136.14186206293,789430.8924562447,39914825.8564131,977756.235868079,10227538629.981956,74219762736534.88,1058765.729611623,418447.6952961377
2019-04-02 17:00:00,93869.32727323176,784955.8486565963,39462295.82327233,973445.3224747995,10016572684.508863,71157864271032.95,1052763.9084783802,417261.66889268276
2019-04-03 15:15:00,93587.14170427171,780236.4537446259,38987777.01194872,965451.4572255921,9797434382.622513,68044341505640.44,1046434.3695091731,416007.31643419573
2019-04-05 15:15:00,93309.75988639041,775611.3866258796,38525555.37483972,957998.2736868445,9586103863.100872,65108910559269.39,1040231.3407079488,414774.31728940865
2019-04-05 15:45:00,93046.28408260529,771231.2481759476,38090421.829066455,953848.0304047907,9389114014.26587,62432996625507.06,1034356.804347568,413603.1322304147
2019-04-08 15:45:00,92764.94326277428,766567.3578598447,37629731.08313255,945195.6788515561,9182506373.6177,59685317960237.45,1028101.706807626,412352.53479437873
2019-04-08 18:15:00,94828.0418129001,800664.376603111,40977282.03971851,978355.9056337003,10668734170.273893,79005964196787.78,1073831.8084191442,421523.2827812034
2019-04-10 13:45:00,94538.35717612019,795772.5710847283,40476565.63402389,969389.738988896,10431547856.586119,75493057584230.66,1067271.0364905542,418947.9091526374
2019-04-10 14:15:00,94248.56457842096,790893.937534479,39980267.223457046,960475.1995669375,10198837322.93081,72124807740732.06,1060727.93048888,416379.470129145
2019-04-11 14:30:00,93972.02958540109,786252.8090361541,39511042.3406368,955833.5685237922,9981059292.48653,69044613777713.7,1054503.3605515913,413936.0696512528
2019-04-11 15:30:00,93704.25016708345,781771.8518665956,39060685.18726767,952158.2008088457,9774072195.69274,66180920909792.2,1048493.6085488232,411576.9940743828
2019-04-18 17:45:00,94021.99195157285,787073.6729223696,39590488.76790145,957898.065121686,10015272934.47767,69447294780847.42,1055604.2834565674,414368.22730700125
2019-04-24 15:00:00,93737.52861083328,782311.0934075051,39111365.002804875,951887.1524696449,9794753079.688622,66389064124377.84,1049216.8263364139,411860.8868903721
2019-04-29 15:30:00,95818.24200942878,817041.3705557499,42584020.721585564,986688.2819893002,11377022035.597776,87838375673373.98,1095796.2388927997,430145.2278242588
2019-04-30 15:45:00,95535.16625681438,812213.8012738086,42080796.973693214,982448.3221780802,11132413773.576687,84061290185626.53,1089321.6190598437,427603.6724471968
2019-04-30 16:15:00,95257.62267815426,807494.6023887263,41591793.58603795,978549.9634039025,10897046915.155312,80506761547318.14,1082992.3429971852,425119.17049573385
2019-05-01 15:00:00,94959.24802043266,802435.9851605002,41070683.072197326,969354.651715914,10648642639.811518,76836368289742.27,1076207.8472146546,422455.9760253841
2019-05-02 15:15:00,94674.42087050084,797622.2243226547,40577922.40489757,960632.0092621109,10416194315.022158,73481859044578.02,1069751.7469348698,419921.690336915
2019-05-03 15:30:00,94389.92851453894,792828.5868505965,40090183.113170676,954165.9003313925,10188404098.05063,70267931172457.664,1063322.635629375,417397.9989342107
2019-05-03 16:00:00,94125.09675504216,788379.6759775969,39640255.71521638,950553.3972113535,9980368037.53574,67398342679310.55,1057355.863348938,416226.8968027883
2019-05-07 14:30:00,93838.92721880919,783585.8376915732,39158180.9451388,941883.4642958243,9759540834.747776,64415809884840.24,1050926.4827165818,414961.43772617535
2019-05-07 15:00:00,93553.4634908677,778818.4060718996,38681694.66622207,933287.6638224005,9543475380.542233,61563620123774.36,1044532.5180701362,413699.09977671155
2019-05-07 15:30:00,93271.8563129984,774129.7319122736,38215948.45165375,926136.697684881,9334411764.434679,58866340038578.24,1038244.1810352352,412453.8157259873
2019-05-09 14:45:00,92992.69756974209,769495.8564514321,37758433.54570781,920592.9213126891,9131093862.457724,56301940469382.555,1032029.3386974062,411219.3588018863
2019-05-09 15:15:00,92713.85243290612,764881.0816789077,37305548.282932475,914530.7290448672,8931831586.630272,53844654855978.234,1025840.113743436,409986.28866443044
2019-05-10 15:30:00,94772.4124685368,798846.9580918984,40618783.95537355,961910.6135869762,10375101260.461931,71245869085742.88,1071394.3304151525,419089.3662181531
2019-05-16 15:30:00,94496.10780550668,794188.9540626879,40145095.0781506,957486.7607735904,10154967489.60145,68222549808880.51,1065147.1274216438,416645.6942022939
2019-05-16 17:15:00,94226.69855548261,789660.474415001,39687278.97510389,953712.2178921491,9944267181.776978,65391519131525.64,1059073.639413977,414269.97298778984
2019-05-17 13:30:00,93940.11633861995,784857.1086429651,39204457.50032899,945010.3223834701,9724159044.805315,62496744647557.08,1052631.4807464876,411750.0416082866
2019-05-17 16:15:00,93667.82848187748,780307.2513872823,38749916.9643545,940807.8110368577,9519034663.696457,59860093805447.13,1046529.3216050416,409363.1053192361
2019-05-20 18:00:00,93398.68920111208,775823.0792693166,38304550.61176424,936975.3435309698,9319982183.014048,57356625631032.7,1040515.2577907791,407010.628625302
2019-05-22 14:30:00,93105.07660801157,770945.2500826352,37822886.53151349,929644.2701114382,9106757719.637981,54732192347559.65,1033973.2305821797,405731.1305176485
2019-05-22 15:00:00,92815.05729979527,766142.3109466102,37351618.24899883,923747.3440755532,8900312237.301983,52250691423442.0,1027531.6441086486,404467.2911430249
2019-05-22 17:00:00,94872.79589350932,800113.5360339342,40664006.07246929,957982.1750984245,10336347350.26441,69111634176923.0,1073093.034293762,413434.45637561934
2019-05-23 13:45:00,94585.49203987756,795267.5588477341,40171433.86402128,953405.8501541488,10108546732.408525,66065360201594.52,1066593.726222267,410930.4443156355
2019-05-23 15:00:00,94301.0144374626,790483.8271455398,39688151.578556605,949234.9608709146,9887288048.192507,63173246219750.32,1060177.9002971107,408458.59572581283
2019-05-23 15:30:00,94019.6331798049,785766.4370990567,39214455.634906314,945366.3353079439,9672582118.401503,60429587796648.734,1053851.0502052843,406021.02717892
2019-05-27 14:45:00,93708.5437778132,780566.5952627284,38695449.07679465,935982.3341807025,9439667289.39925,57519310698756.484,1046877.1473743784,403334.1662697822
2019-05-30 15:00:00,93427.07062165534,775877.4061172662,38230529.66853168,927548.0797011587,9233318211.82711,55004591410164.04,1040588.1196528575,400911.16968506447
2019-05-30 15:30:00,93152.9459320502,771324.3969795863,37781840.35357859,922709.8183421458,9036157092.6755,52655540602619.305,1034481.73328307,399734.85484164825
2019-05-30 16:00:00,92884.06655475148,766871.650553156,37345621.934254274,918323.1464527219,8846341133.944931,50443347560941.4,1028509.816850605,398581.0485097173
2019-05-31 14:30:00,92614.61155391345,762422.2889154275,36912266.033168286,913998.9094377563,8659575588.568659,48313409505156.09,1022542.4400153531,397424.7720810049
2019-06-04 15:15:00,92353.80181538952,758128.2114587383,36496475.12109036,909494.6020502013,8482103952.807916,46333113882960.16,1016783.3265896109,396305.5939173192
2019-06-04 16:15:00,92098.71789025834,753940.2664877637,36093257.75724217,905792.6322707944,8311605691.661922,44470435614814.47,1011166.5555015539,395210.9861755616
2019-06-05 15:15:00,94156.85523604984,787636.9922294494,39319573.320504375,932781.725231396,9663347514.753078,58935161190507.086,1056359.7937651502,404042.7973966932
2019-06-10 14:30:00,93887.93842393154,783137.928862777,38870378.44097303,924789.5077559103,9462492972.403032,56485203800239.73,1050325.7581662103,401734.86345470056
2019-06-10 15:00:00,93620.03339389166,778668.6308064066,38426718.90051661,916872.9713504385,9265992008.407257,54139226470456.57,1044331.6430856845,399442.19855080347
2019-06-11 15:00:00,93342.54801417443,774052.7563432108,37971138.94401161,908720.2661424454,9066120317.823202,51803610659058.26,1038140.9432530302,397074.3427378578
2019-06-12 14:30:00,93075.27234947625,769619.9340266037,37536234.96435735,904434.5925587395,8877195376.792307,49644584803266.42,1032195.7485575472,394800.3891947481
2019-06-12 15:45:00,92810.82124696589,765246.5524628498,37109634.06511354,900966.9992094319,8693636709.824976,47591527858624.29,1026330.2743704263,392556.9276273824
2019-06-19 17:45:00,93520.27852287618,776945.8290604647,38244316.40237272,921628.3052195354,9177271094.293085,52886641986361.09,1042021.062812036,395557.68082374893
2019-06-25 15:00:00,93272.03836312737,772821.180165734,37838253.659055,917769.2434611336,8999987780.139208,50843350670352.766,1036489.1828993643,393457.74477932113
2019-06-25 15:45:00,93023.90110631895,768709.2141142752,37435600.06082118,913428.6263167572,8825738706.019733,48874590935147.055,1030974.3129111058,391364.2658080678
2019-06-26 14:00:00,92777.13203174378,764630.8286858338,37038371.03587986,906159.335281036,8655352159.623537,46987480284502.79,1025504.4804469291,389287.8833612627
2019-06-26 17:15:00,93784.6244637924,781237.5022559647,38647210.52883985,933039.9740142728,9339379786.33314,54414268711207.48,1047776.9517004862,397742.6520695799
2019-06-27 19:00:00,95079.34834644452,802807.9218844996,40781354.23333979,957491.8270548563,10277701145.408543,65348200457919.55,1076706.6798049645,408724.55691225897
2019-06-28 15:15:00,94817.16101292681,798380.3343583668,40331525.549839765,949570.7937274369,10071443742.074757,62725327901441.766,1070768.5058845852,406470.3891337934
2019-07-03 15:00:00,94563.0605329737,794101.1759448824,39899187.77933604,941936.5303137907,9875018037.599968,60278634649315.29,1065029.401520833,404291.7893980021
2019-07-03 16:00:00,94311.04286258851,789868.4971951926,39473850.43099996,935079.0387968421,9683488649.528088,57940384741470.51,1059352.634564471,402136.85333003465
2019-07-05 15:15:00,94050.0641176013,785497.0284287349,39036920.22081005,929041.3920688329,9488476131.710999,55606700937901.305,1053489.7257750868,399911.25666373357
2019-07-09 14:45:00,93793.16090706312,781205.7669529485,38610393.76478514,925200.5026617032,9299852998.007132,53395869600973.16,1047734.3890752161,397726.4950321241
2019-07-09 15:15:00,93536.83769408066,776935.9210441572,38188327.162546866,921267.3740094586,9114891684.722385,51271928466098.56,1042007.7744188216,396639.565749552
2019-07-09 18:00:00,93282.08743662082,772703.9065609837,37772299.14977878,917754.6366847247,8934227730.630686,49239432710582.77,1036331.8983607376,395559.3065277902
2019-07-11 15:30:00,93022.7907144619,768408.1281178442,37352315.69412989,910101.3741266744,8753492074.697985,47247246830164.65,1030570.5036128716,394459.76818746526
2019-07-11 16:00:00,92770.04894897035,764232.6174622955,36946372.58529714,904562.4497090526,8580408026.601066,45378793720705.19,1024970.4091296573,393388.0259030061
2019-07-12 15:45:00,92512.25852453873,759985.301587137,36535704.65193379,898306.3586697438,8406885849.944997,43543396840735.914,1019274.0112125941,392294.8749635295
2019-07-15 16:15:00,92255.41815424555,755765.4304178423,36129970.576844215,892234.1223014655,8237027381.126026,41783835727010.89,1013614.4214750757,391205.7526941491
2019-07-16 16:00:00,91999.35201843255,751569.9926382513,35728838.062884696,888214.2891612371,8070640597.616666,40095780629554.01,1007987.601212281,390119.9135379846
2019-07-18 14:00:00,91742.81254077448,747378.4984786779,35330319.714531735,880783.9532472123,7906858851.881657,38468411186276.95,1002366.0700378224,389032.0671929039
2019-07-18 15:30:00,91487.92270127746,743225.602349925,34937685.59870221,873442.6845115841,7746986814.187702,36912793867590.28,996796.3056141377,387951.216078579
2019-07-19 14:15:00,91237.46770363099,739156.3315436536,34555107.54004554,866269.3414395821,7592643862.07743,35441969219811.61,991338.6974620372,386889.17075017904
2019-07-19 16:00:00,90990.03059929753,735147.1299090578,34180252.07924237,859344.9920712102,7442788363.911255,34042937723035.484,985961.6526385116,385839.92268885236
2019-07-24 17:30:00,90736.67760419552,731053.2368533816,33799565.57191484,854724.4831696576,7291969400.24174,32663261092016.54,980471.0217175976,384765.58850741177
2019-07-26 16:15:00,92762.39018200766,763695.0257318341,36817890.990541294,890343.9872051751,8476722461.587877,43277101180547.875,1024249.4040281668,393355.5491796407
2019-07-29 16:00:00,92492.41171696826,759249.6635456989,36389267.378057346,882570.1350259327,8297177505.964943,41443801754699.93,1018287.3911612176,391065.8814129115
2019-07-30 15:30:00,92226.52744850278,754884.4937414506,35970840.24194087,876255.6014788374,8123595393.092655,39709741547148.81,1012432.9303884784,388817.5182473049
2019-07-31 16:30:00,94275.03437506828,788419.0126476239,39166732.67890343,926950.2310937769,9436756209.37313,52547721308838.78,1057408.620744854,406090.1056760002
2019-08-01 16:00:00,96379.84060920657,823623.8633047288,42664514.829176895,989036.1472032297,10970052934.441633,69623768883878.8,1104624.5198793104,424223.02902553027
2019-08-08 16:00:00,96121.44942030053,819207.646222287,42206986.17417486,981081.4268696561,10756016222.7179,66906910061268.695,1098701.5957245862,421948.37299500854
2019-08-09 16:30:00,95858.89487045791,814732.3351220342,41745834.7320355,973041.9915320429,10542200943.39795,64246869509643.31,1092699.4160942005,419643.27947432897
2019-08-12 19:00:00,96405.85791159433,824029.9277206708,42698628.05395599,980718.9669533133,10979969842.530022,69582620836890.02,1105169.1237093895,424432.1801735061
2019-08-13 14:15:00,96149.59792322166,819649.1586622163,42244632.82314046,977284.0119693826,10767563942.426313,66890489724983.61,1099293.7415920224,422175.7823173511
2019-08-13 15:00:00,95893.44477808941,815281.8869433273,41794455.35817611,973395.9804821758,10558798923.007584,64296700737793.63,1093436.4617819113,419926.33652090357
2019-08-13 15:30:00,95638.03744775767,810938.9629677857,41349185.70328349,969472.0591763713,10354132307.653683,61804108878741.83,1087611.8365796907,417689.4314895953
2019-08-15 15:00:00,95386.98846786607,806681.5481391174,40915020.75522806,965280.5327136349,10156330814.242228,59442743450536.37,1081901.8941890283,415496.56955964945
2019-08-16 15:30:00,95130.2744602199,802339.5208575501,40474564.07996404,957486.9844099511,9957407668.715628,57114237669820.805,1076078.4716112034,413260.1263875112
2019-08-19 14:45:00,94874.01432004344,798016.866702483,40038445.60880164,952328.4636291742,9762200101.87208,54874873421899.445,1070281.0318047774,412146.8940488229
2019-08-20 16:00:00,94613.1829807761,793628.9885339092,39598144.58580086,947183.9724567607,9566879411.618488,52679016331797.695,1064396.11511987,411013.80373826646
2019-08-21 15:15:00,94347.22309024484,789167.1688960306,39152899.30950907,939728.814247989,9371164983.742365,50523654463238.195,1058412.029914393,409858.4342347241
2019-08-22 13:45:00,94082.63391252184,784740.8575438788,38713694.7163282,932529.6900840887,9179904791.081066,48461335871396.914,1052475.567567869,408709.0193124294
2019-08-22 16:30:00,96184.52577243274,819804.5106755422,42173291.72833298,966843.7953174248,10672448741.456167,64219816014289.86,1099502.0959765632,417839.95161140943
2019-08-23 15:30:00,95918.13647496741,815263.5068934069,41706085.03515281,962559.4165182374,10457337209.800034,61631015014600.22,1093411.8109009408,415525.4817885597
2019-08-23 16:15:00,95655.7283453491,810802.7911236465,41249695.1939831,958729.1288027472,10249134817.053467,59176905610647.125,1087429.2061768393,413251.93335461285
2019-08-26 19:00:00,96077.54695007525,817953.6791671742,41977299.872681916,969251.5620529839,10578054607.091728,62975168725731.0,1097019.805264265,416896.61531863874
2019-08-28 16:30:00,95817.60799026357,813527.7121168843,41523019.5122444,964867.979395112,10369776642.06616,60495253377110.35,1091083.804687119,414640.77769632207
2019-08-29 14:15:00,95560.86960501305,809168.1002345536,41077984.27482197,961107.5220055798,10167566500.524792,58135944363964.805,1085236.798065605,412418.7601369694
2019-09-03 14:30:00,95298.11952382488,804718.3922126341,40626199.19802773,956818.0516194195,9964111748.56863,55809323900809.32,1079268.9566682058,410150.82215864374
2019-09-03 16:00:00,97427.38117663075,840678.3045888187,44257070.76123781,994823.9965883791,11584321873.468353,73959026338839.23,1127497.5264234126,428478.95752695744
2019-09-05 13:30:00,97163.96665926206,836132.4188800751,43778439.19816262,988917.1896498562,11356383553.053053,71048524295239.03,1121400.6938252181,426161.99947191175
2019-09-06 16:00:00,96909.08757361985,831745.7583982666,43319083.371622466,985416.6998180937,11139584656.828917,68335822390869.055,1115517.4102725189,423926.19571676507
2019-09-09 15:45:00,96641.88466393,827159.0907836865,42841316.61468333,977265.5692262901,10916055732.94277,65593344405831.86,1109365.8819628942,421588.4518410276
2019-09-09 17:15:00,98801.56365609184,864128.5294024257,46670856.64532465,1042783.1217955698,12691379666.396444,86928785896391.23,1158948.404038658,440431.12499346724
2019-09-12 15:00:00,98527.31213360104,859331.2659574612,46152664.30029324,1034099.5084539145,12435000862.989805,83416685762988.36,1149297.4424789126,437986.0441240544
2019-09-13 14:45:00,98257.64331810229,854627.2942445707,45647385.751860075,1025608.531175214,12187311154.15646,80093573069048.5,1143006.1984927014,435588.5124109439
2019-09-13 15:15:00,97988.96320381829,849953.43170658,45148104.70230874,1017195.1210405531,11944781341.857939,76905818363018.95,1136755.223491314,433206.32681513263
2019-09-16 16:15:00,98573.54305813291,860094.6891918292,46225477.974013254,1035400.1848424003,12463381848.59185,83583780099176.47,1150318.469416424,438375.1475299926
2019-09-17 15:00:00,98300.22799034418,855325.1165258138,45712800.058456026,1027744.5681882974,12211888120.038733,80210571004073.48,1143939.4885927,435944.18016396434
2019-09-17 15:30:00,98030.32006787242,850628.0974047171,45210736.24247558,1021781.2435793513,11967864438.674345,77004960433725.17,1137657.5432277352,433550.1920647044
2019-09-17 16:15:00,97762.03940702949,845972.2507657321,44715821.35541085,1016086.9191606212,11729504283.96477,73937593757499.58,1131430.6632726605,431177.1888559997
2019-09-18 15:30:00,97472.85215766043,840967.3554152389,44186730.69979512,1007069.9413115236,11476995438.360872,70754186173607.16,1124736.9542758309,428626.2816533216
2019-09-18 16:00:00,97191.0910385339,836105.449808385,43675814.99693338,999659.8703133839,11235552977.451248,67777263350702.7,1118234.4843891973,426148.2538100336
2019-09-19 14:15:00,96920.27060321075,831445.8778358184,43189008.928427644,991303.2919986283,11007709040.203646,65028375322016.67,1112002.6220524411,424960.802837153
2019-09-19 14:45:00,96651.12207903143,826828.0114274452,42709263.75472942,983783.287521768,10785243690.354773,62399933706548.86,1105826.5380868018,423780.6825980552
2019-09-19 15:15:00,96382.94538138685,822239.6320924729,42235244.247611456,976673.3931978769,10567456590.823166,59879842188344.72,1099689.8910873106,422604.82347153843
2019-09-19 19:00:00,98083.95820991042,851262.1973767227,45216796.3052595,1005923.7278329062,11924725554.02381,75261604228260.88,1138505.6090493484,430063.15775751113
2019-09-25 13:30:00,97809.83142725304,846503.9520606983,44711305.494348004,997489.607509599,11682181893.109976,72200028524388.86,1132141.7777900482,427659.2615052161
2019-09-25 15:30:00,97537.81690976083,841795.6040201171,44213927.1014801,990428.3296946746,11445741546.577957,69277458079907.72,1125844.6807615682,425280.57367860555
2019-09-25 16:00:00,97266.9572418409,837120.3204227344,43722803.966205366,983264.5217883183,11214426812.888952,66477308050101.016,1119591.8051893655,422918.5902221589
2019-09-26 16:30:00,99441.3993285454,874548.6456830159,47632567.68407155,1021139.9498879587,13038942688.452398,88108177986802.78,1169649.658548142,441827.62177626236
2019-10-01 13:45:00,99173.78114585865,869841.4488654094,47119809.76689066,1016175.627346055,12783567431.17608,84656878420703.08,1160206.3225297108,439449.5155549307
2019-10-02 14:30:00,98902.61272543724,865084.6768843349,46604455.638514586,1007840.1155841434,12529187786.227785,81287711434878.64,1153861.675543213,437046.36364096403
2019-10-02 15:30:00,98632.67959037673,860362.5565583038,46095668.80380413,1000326.0628109607,12280325318.585594,78058537955827.33,1147563.2474042072,434660.71796683205
2019-10-02 16:15:00,98369.87401146605,855777.7053570912,45604383.401214674,996398.1687767834,12042196657.10604,75031260635683.28,1141447.9106857246,432344.4215407508
2019-10-03 14:30:00,98103.03104486257,851134.8558272854,45109548.61244657,990091.451665724,11804464784.73271,72068790816370.62,1135255.2150099082,429998.82398463425
2019-10-03 17:00:00,97836.99489832422,846518.6348029785,44620235.678600445,984308.5179730252,11571498767.947039,69224175759741.47,1129098.0367959,428832.75165302015
2019-10-04 19:00:00,99188.30951240721,869902.693225698,47085396.29065657,1002653.8063312602,12734636201.191362,83140649628221.12,1160288.0110881473,434755.74596522667
2019-10-07 14:00:00,98910.06645915692,865022.1910257185,46557060.46189545,994215.8727341034,12474657101.753838,79745997299641.3,1153778.3310574677,432316.5922631395
2019-10-07 14:30:00,98635.59227825032,860221.3397909079,46040279.45089595,986679.2658549447,12222728386.834627,76525017924292.36,1147374.890564471,429917.24613384024
2019-10-07 15:30:00,98361.87361854054,855447.0260418289,45529223.21681721,979012.6309625035,11975881894.926508,73434066113866.08,1141006.8461298821,427531.16278036067
2019-10-08 13:45:00,98092.70855275728,850765.2027587219,45030864.41532702,974466.3708224221,11737382404.465166,70509189682330.56,1134762.1667332947,425191.3038630639
2019-10-08 16:00:00,97827.575684007,846166.1694122419,44544012.23473627,971114.1775434855,11506502491.988462,67735290872240.38,1128627.913677096,422892.82129847544
2019-10-09 16:15:00,100015.48892412042,884015.1736924488,48528918.6766972,1021791.759547583,13379340401.42683,89784948557656.48,1179111.428948331,432350.81712836825
2019-10-10 15:30:00,99743.91506201179,879214.408981606,48001832.88185655,1013468.2907310186,13114951354.024918,86236469139693.98,1169506.4413190987,430002.87717513845
2019-10-14 16:00:00,101972.67179563544,918506.1298469523,52292196.1865334,1081405.4959994254,15247657360.694038,114283395241591.94,1221771.1905919872,449219.52427357656
2019-10-15 16:00:00,104249.8448294754,959528.8343318553,56963188.00971084,1121180.4710817921,17725669379.744614,151429511564562.84,1303622.0735711372,469282.75433192606
2019-10-17 15:00:00,103966.32104654358,954309.6563966378,56343506.75920011,1116301.7096174604,17374832877.353405,145435153996681.16,1292985.8602774802,466730.1784122115
2019-10-17 16:15:00,103683.6687783363,949120.7108566323,55730784.492068596,1111445.9031285758,17031062472.895056,139680128660343.4,1285955.4030584781,464192.38843866915
2019-10-18 14:30:00,103388.21153874976,943711.477395505,55095542.1654792,1101944.3661259592,16677867858.676306,133886682804016.95,1278626.4796495019,461546.860876978
2019-10-18 15:30:00,103101.60302264002,938479.2416861042,54484607.84910827,1096045.5105157744,16341397627.189442,128484447513773.88,1271537.368956188,458987.898710165
2019-10-18 16:00:00,102816.03880567136,933280.5622875971,53880975.93956916,1090282.718213154,16012003678.07385,123304719251598.81,1264493.7234168916,456445.3481377074
2019-10-21 14:00:00,102523.95169721558,927977.9028196165,53268700.3200927,1082398.5479228157,15680960034.488195,118206138917364.75,1257309.1961850768,455148.6457607794
2019-10-24 14:30:00,102226.45363828285,922592.3978668494,52650412.21532285,1072976.0238686423,15349814046.56751,113213652671115.88,1250012.4223258717,453827.9218089795
2019-10-24 15:00:00,101926.94244364586,917186.228692169,52033374.753902584,1063544.952381133,15022517868.680344,108385659877002.83,1242687.6506919728,452498.2606676316
2019-10-24 15:30:00,101630.84533891852,911857.3886367205,51428748.29324555,1054894.0971109443,14704921195.910263,103802816274640.78,1235467.6516097132,451183.75616405613
2019-10-24 16:15:00,101342.92814746678,906690.858387655,50845963.77663187,1049822.7304814004,14401746597.263002,99522565228987.83,1228467.5646736117,449905.56587182544
2019-10-28 14:15:00,101056.2905211747,901561.9022743921,50270714.309110716,1044186.0718591281,14105302391.625134,95425438871000.5,1221518.386607581,448633.05612877326
2019-10-28 14:45:00,100773.12236154976,896509.3988955645,49707263.361899875,1039065.7529575382,13817660909.858877,91533524486896.69,1214672.7936870449,447375.9488651311
2019-10-28 15:30:00,100496.274285355,891583.5437358071,49161031.98940054,1034686.1474979856,13541400039.147202,87873406998267.9,1207998.795337924,446146.89921501954
2019-10-28 16:00:00,100224.67189625857,886764.3358143251,48629579.302871935,1031127.1505982736,13275060745.791748,84416727326004.31,1201469.2924051532,444941.1374633879
2019-10-29 18:45:00,101169.9115004476,903490.8514303943,50464121.77320121,1043646.3990672271,14186214846.506418,96004869745071.39,1224131.9030560288,449137.4693316394
2019-10-30 13:30:00,100877.30251918039,898264.6031575542,49880301.74040278,1037145.0371938088,13887614116.305763,91963323142419.02,1217050.9046884787,446539.4309346307
2019-10-30 16:00:00,100585.26127449218,893063.6252127758,49302684.97064742,1030551.2022718389,13595019439.089918,88088218516785.84,1210004.1448688144,443953.95475801063
2019-11-01 16:00:00,102833.22115670398,932981.4258190173,53710108.34441151,1064945.0323752277,15806189225.56895,116742536842956.45,1264088.4260151787,463797.63100242196
2019-11-05 14:30:00,102548.0575317886,927806.9819501463,53114340.98371585,1060649.5180041916,15487200073.480503,112030508876095.42,1257077.616984374,461225.3452722632
2019-11-05 15:00:00,102264.40956515641,922674.3530112568,52526683.833238155,1056490.2676087753,15175445239.90854,107520196814013.27,1250123.4626388196,458673.8463069095
2019-11-06 15:45:00,101979.70347612751,917536.8666147649,51941742.62886768,1051176.9708341556,14867975958.576454,103163269274760.6,1243162.7269661725,456119.9326339676
2019-11-06 18:30:00,101695.9470145464,912430.8110808467,51363635.23712875,1045806.7018318749,14566902885.29955,98985204605248.05,1236244.5766960846,453581.6436660825
2019-11-07 15:15:00,101416.27308605395,907412.2608454862,50798614.89678554,1042061.1196536269,14275359217.370832,95023002090613.1,1229444.986594571,451086.8547605225
2019-11-12 16:00:00,101137.77404529975,902428.5745686367,50240622.96551458,1037347.8926297666,13990066193.07175,91224933091912.0,1222692.6333674684,449848.12597938254
2019-11-13 14:30:00,100857.83120562676,897432.8463127698,49684371.74117552,1029102.0732540722,13708251396.004196,87549677285112.45,1215923.9645676424,448602.9753618513
2019-11-14 18:00:00,100576.99468191013,892435.080292722,49130991.361048594,1023568.6684127329,13430463016.432425,84001408102924.56,1209152.5348188363,447353.84974985284
2019-11-15 14:00:00,100291.43475976786,887367.4464297021,48573017.159802884,1015003.2218478337,13152953656.163198,80530019663697.3,1202286.4417367552,446083.71505445236
2019-11-15 16:00:00,100012.4370753083,882430.3655431496,48032521.978045404,1010549.0819927428,12886667802.708237,77269306431450.12,1195597.233747954,444842.76836869173
2019-11-19 14:00:00,99729.7660980774,877442.236845146,47489493.51784796,1005304.9597142078,12621600661.634432,74090586460995.73,1188838.861523035,443585.483337689
2019-11-19 15:00:00,99446.242349434,872453.2406418716,46949458.19037652,998346.3471318869,12360464432.991236,71024773043970.45,1182079.3139227633,442324.405286468
2019-11-19 15:30:00,99164.93820130095,867517.413810279,46418233.39878928,993325.8529841731,12106009661.825285,68100515226638.016,1175391.8050421292,441073.199739753
2019-11-19 16:45:00,98886.06582739332,862638.1360134357,45896082.5993105,988980.5044814767,11858246682.456785,65313009348084.51,1168780.9139572526,439832.8104196007
2019-11-20 14:15:00,98607.30061430269,857774.4881011883,45378548.35871672,982975.6029776875,11614963544.0034,62633093114001.69,1162191.1996671874,438592.8977373135
2019-11-20 15:15:00,98330.94357411283,852966.4867218737,44869836.27616696,978567.7795970587,11378062287.515806,60078137448372.93,1155676.8803810119,437363.69630585884
2019-11-20 16:15:00,98058.67323037391,848242.8977864642,44372872.642854005,974726.3579759444,11148782119.933666,57656859541096.98,1149276.930781519,436152.6719873302
2019-11-21 17:00:00,97787.70199779944,843554.8999589643,43882400.0881354,969034.3953831529,10924573320.727896,55337830412243.19,1142925.203264838,434947.42595222016
2019-11-26 15:30:00,99963.43139881812,881092.2826710646,47787849.38731906,1020412.7269647978,12693513613.887844,73258771592900.06,1193784.2768928192,444624.7972699646
2019-11-28 19:00:00,100433.58487029023,889380.2853854247,48686883.08271098,1034810.5096100168,13127992218.812983,78273832016420.39,1205013.619745822,448807.1645419533
2019-12-02 13:30:00,100145.06837577923,884270.4233296594,48127430.03306302,1029525.6922104028,12853532860.652885,75000980336150.19,1198090.312052363,446228.5795000612
2019-12-02 15:45:00,99860.01177409156,879236.3836922522,47579463.29338465,1024836.9246066635,12587269077.25377,71893656458824.88,1191269.735494623,443688.25665618636
2019-12-03 15:45:00,99583.78364906878,874372.1780226486,47053014.89019985,1020713.4972809843,12333875356.073242,68999080832043.945,1184679.265503963,441233.6369730239
2019-12-03 16:15:00,99309.34561100084,869552.8996967047,46534330.557531655,1016621.9569356329,12086507486.608221,66231393446251.94,1178149.6671807985,438801.688934432
2019-12-09 14:45:00,99008.7770572257,864289.3415515008,45970969.42165796,1007391.2670307036,11820286494.56965,63313728887338.7,1171018.1179914144,436145.54437470983
2019-12-10 13:30:00,98711.3824161064,859097.1752366825,45418633.74559326,1000996.8673676938,11561896617.232399,60545669644700.36,1163983.2969726077,434835.4852920678
2019-12-13 17:00:00,98443.61082278604,854436.277702892,44925810.33954576,996011.2588376466,11333644717.426477,58155116506415.586,1157668.2874083656,433655.91928986093
2019-12-16 17:15:00,98554.95620580309,856369.1108001205,45129065.0360283,999390.8968104209,11426936270.629108,59112510404112.31,1160287.0661750284,434146.4090639292
2019-12-17 15:00:00,98259.69118091594,851237.8448232992,44588248.621553086,991211.842494063,11177791719.79677,56534818623147.51,1153334.758494936,431545.0533287749
2019-12-17 15:45:00,97969.42909892362,846208.6804500032,44061388.513537735,985835.7147329454,10937488840.402273,54104020118085.555,1146520.787390173,428995.4592043223
2019-12-17 16:15:00,97684.06722448669,841279.0672545605,43548026.72171505,981368.9256534595,10705636734.327404,51810233821333.75,1139841.6973111604,426496.333722232
2019-12-18 14:00:00,97397.07239925118,836335.7280644315,43036252.031186335,977063.269010646,10476734050.046255,49594671704059.6,1133144.0100012291,423990.2496854381
2019-12-18 14:30:00,97113.03668645468,831457.7741628157,42534231.49933055,972918.722377897,10254382062.384403,47489535928319.26,1126534.912650491,421517.31349091884
2019-12-18 15:00:00,96830.03961652203,826611.8724818596,42038435.53632255,968794.8210752489,10036910762.921106,45475253443736.48,1119969.242574984,420288.97001908446
2019-12-18 15:30:00,96552.75452743247,821877.6567857525,41556905.98664814,965181.8225310694,9827738295.18177,43579815453186.94,1113554.8948697709,419085.41929291893
2019-12-23 13:30:00,96263.95003965587,816960.9258888499,41059692.996473156,960207.2809024345,9613803757.482431,41682486201639.63,1106893.2589051002,417831.86883290444
2019-12-23 15:00:00,95975.41813279847,812063.572441841,40567420.17740136,954923.0309758766,9404096495.003277,39864034255838.73,1100257.8772788958,416579.5015052549
2019-12-23 18:15:00,96774.03368333129,825578.0037324858,41917673.116288036,967636.5594511632,9973582265.340645,44692142999513.13,1118568.4627910187,420045.87731697556
2019-12-24 16:30:00,98926.12988333321,862297.0122725604,45646395.03033693,998936.4200486988,11587725469.404547,59158262991004.94,1168318.7283651854,438728.1436645452
2019-12-27 13:45:00,98643.47592477108,857369.4635195145,45124707.4129347,992904.9378105954,11346773599.5029,56698022778125.836,1161642.435381236,436221.05586710194
2019-12-30 13:30:00,98347.1474018266,852218.3265718223,44582482.48541189,983956.7721801563,11098708578.902496,54218939880221.914,1154663.2046953938,433600.20861997205
2020-01-06 15:45:00,98080.61898135797,847599.1706435359,44099194.50192387,975956.9739787786,10879810345.466093,52080235169813.38,1148404.7504697049,431250.02802457224
2020-01-08 14:45:00,97822.9783723337,843146.1814841878,43635831.058790825,971006.4425728536,10671821284.313435,50089002074083.34,1142371.4341552225,428984.3914285572
2020-01-08 15:30:00,97565.98541751987,838716.0847497605,43177284.3514161,965994.0438026766,10467785223.368483,48173684639957.68,1136369.1345883245,426730.4022706598
2020-01-14 14:15:00,97295.71148248034,834069.3198831687,42698851.44281422,961650.4509479351,10256753092.93473,46231307129628.414,1130073.273252054,425548.28839635063
2020-01-14 15:00:00,97025.16962343236,829430.8695149485,42223935.27343578,955660.7377241061,10049195453.240566,44360215781156.42,1123788.677157372,424365.00268618687
2020-01-15 15:45:00,99188.66195315399,866420.5976688802,45990016.19653182,1019589.4487144621,11679956363.978115,58757568529323.97,1173905.738383737,433827.60328639374
2020-01-16 16:30:00,98908.26912180021,861522.091736048,45469986.1607827,1014118.0770380158,11439667222.808374,56339955785037.19,1167268.795264506,431374.8602488409
2020-01-17 17:15:00,98634.50369992702,856752.9261042695,44966565.76714318,1010462.5156011744,11209232758.74875,54070192641825.64,1160807.0941951752,428986.8795137603
2020-01-23 16:30:00,100832.58608150239,894938.6205943476,48974908.17330185,1078017.3702251427,13027170640.509129,71608636814275.6,1212544.5598171575,448106.9331747976
2020-01-24 14:30:00,100545.24639663791,889838.0595315426,48416658.693539105,1068801.3860832143,12757003293.703434,68638488352977.91,1205633.8539582326,445553.0186126945
2020-01-24 16:00:00,102785.06534134061,929483.4175148292,52730917.3290272,1135467.6950307693,14825182127.365551,90893976655040.1,1259349.0049623454,465403.9439965037
2020-01-28 14:15:00,102495.83798167425,924252.4623403838,52137398.26315076,1125882.4020021684,14521585149.157465,87171238355744.7,1252261.6292547146,462784.73947581963
2020-01-28 14:45:00,102212.57791967342,919143.8878861946,51561045.39047229,1119428.8857331716,14229519022.14692,83664766340222.0,1245340.0661214415,460226.81250867015
2020-01-30 16:30:00,101929.52964553225,914053.2797350518,50989911.57474337,1113442.803099464,13942748544.006168,80292539210186.53,1238442.8453760347,457677.8814936154
2020-02-03 16:45:00,101651.47475612574,909066.364078868,50433527.40332346,1104330.677794277,13665947985.784458,77104499261783.03,1231686.1166909358,455180.8706045224
2020-02-04 14:30:00,101370.34294997087,904038.0559414551,49875602.64389728,1095168.1207693438,13390890092.08797,74000696849607.97,1224873.30569273,452663.13398363825
2020-02-04 15:00:00,101090.7419930157,899050.9976321056,49325332.5817813,1086493.2713125474,13122092586.763899,71029840906705.4,1218116.3837280967,451414.59282498184
2020-02-04 15:30:00,100811.75169210145,894088.5944798175,48780820.231455974,1077882.180332047,12858539037.413046,68176612039890.125,1211392.8668215068,450168.7785139342
2020-02-04 16:00:00,100538.40774994614,889240.0783703539,48251757.24108717,1073790.5384037222,12604805443.630493,65485995829997.54,1204823.6544795344,448948.17767634476
2020-02-13 15:00:00,100257.86417628382,884277.3861015398,47713188.12248452,1069488.133153567,12348833409.774809,62826282656853.73,1198099.7458514757,447695.4273198068
2020-02-18 15:30:00,102489.10260345475,923636.5665580245,51960615.48178016,1103664.5810365584,14348886458.296524,83177338337249.17,1251427.1574114743,457658.887536237
2020-02-19 15:00:00,102202.14893219166,918464.4868548358,51378688.6624469,1097134.5784486022,14056511384.385918,79787670363400.3,1244419.5515682076,455096.1390170538
2020-02-19 16:00:00,101920.14718134496,913395.9321113258,50811621.1277464,1092552.75887613,13774246159.419735,76583278589539.58,1237552.2107931532,452584.68677564285
2020-02-24 15:00:00,101653.6860748418,908619.9482165455,50280251.377472065,1087916.3136358506,13512168696.77199,73669035428542.17,1231081.2717185335,450218.2024296175
2020-02-24 16:45:00,101388.64920460408,903881.9441832522,49755878.04781084,1084088.783818532,13255781536.368195,70873363582360.62,1224661.7912281887,447870.53698031657
2020-02-25 16:45:00,102293.43229954317,920014.2648983119,51531945.7904893,1102453.5753482732,14116673253.054695,80079051149610.88,1246519.3323713795,455864.04895153
2020-02-26 15:30:00,102023.078337028,915151.2058241499,50987165.33186595,1093712.465995965,13845151017.011488,76998545900450.17,1239930.4158929193,453454.4191398847
2020-02-26 16:00:00,101754.6723246313,910335.9798988184,50450609.80136416,1085080.3308019028,13580069428.541512,74050091696940.1,1233406.308132128,451068.49049650587
2020-02-28 16:30:00,101492.39361434364,905643.0898077454,49930452.030929275,1081560.68803223,13325328504.292725,71271963219932.47,1227047.952130047,448743.17885752005
2020-03-03 13:45:00,101222.08458495411,900819.0139167089,49398524.40385028,1072918.9876230706,13067047163.136822,68509071747301.52,1220511.8536276303,446352.86508517823
2020-03-04 15:45:00,100956.26948292973,896087.8073016383,48879630.77078176,1064614.635967221,12817317642.526657,65890463666791.01,1214101.5829001644,444008.5677342989
2020-03-10 16:15:00,100694.77324939307,891445.7263743686,48373200.03958746,1056487.0980903292,12575706287.23965,63406342625083.82,1207812.0677925767,442858.4998017654
2020-03-11 16:00:00,100430.513888789,886766.7769102992,47865405.22560348,1049265.4351186058,12335522389.830564,60984342278653.8,1201472.5998248754,441696.279557167
2020-03-13 15:45:00,102685.8914970554,926595.1887137621,52165077.06740909,1119955.7963204288,14351562534.942852,80918136466144.77,1255435.7688591646,451615.49494295043
2020-03-17 15:30:00,102422.31476333481,921838.3729572489,51629482.53042812,1111331.6040462432,14083470733.97029,77894982871024.56,1248990.8005285074,449297.0588789642
2020-03-23 14:45:00,102158.34218939877,917086.673122602,51097224.79241331,1103106.1230934474,13819313829.544285,74972905219257.28,1242552.7637159284,446981.11627664696
2020-03-27 16:15:00,101893.39654183885,912329.7806893133,50567146.20965629,1096944.2191045347,13558483864.655306,72142782034102.23,1236107.6914965743,444662.6428409796
2020-03-31 14:00:00,101627.30522182028,907564.7410719283,50038928.321503915,1093339.2858481898,13300802003.99947,69400604296088.836,1229651.5807282892,442340.19852933224
2020-04-01 14:45:00,101358.6220183453,902765.88506645,49509754.807337366,1084667.5444938692,13044886859.658447,66729988545181.914,1223149.652429649,440001.2723655968
2020-04-01 16:15:00,101094.54740279776,898061.8441219075,48993793.9859981,1078806.3400964965,12797546877.0821,64199496041620.69,1216776.1882331052,438854.91535593517
2020-04-03 15:45:00,100828.80216427629,893340.4092848271,48478637.914642215,1070298.8293889654,12552723694.57712,61743162013374.62,1210379.157202719,437701.3061143515
2020-04-08 14:30:00,100563.51928808918,888639.611336179,47968444.3102919,1061850.8875584935,12312370095.532791,59378704455418.05,1204010.0869131302,436549.7040036006
2020-04-09 15:30:00,102817.8561545718,928480.9583978904,52269687.27402407,1110323.588264811,14321037637.86543,78753053247716.84,1257990.7818164101,446335.8580558281
2020-04-15 18:45:00,102551.90343361846,923677.6674818057,51728875.93740145,1105856.0221708086,14051450957.82152,75788076169207.05,1251482.8446959294,444026.8381958821
2020-04-16 16:00:00,102285.47897074906,918878.3352766732,51191320.31824588,1100828.3493340015,13785782744.030102,72922253574373.38,1244980.2711985158,441719.721352507
2020-04-17 13:30:00,102021.40968698669,914133.8193140378,50662680.0683369,1095041.0113945836,13526768656.929703,70182055024958.5,1238551.9677516953,439438.95556610194
2020-04-17 16:45:00,103677.41377787964,943810.1264549051,53952091.79892066,1134075.4840365273,15124678228.644745,86763188380789.44,1278760.1384028,453704.83780293626
2020-04-22 18:00:00,105559.73141112985,978080.858695049,57870205.49575397,1194761.0132545005,17123080662.508173,109690984160476.25,1325193.2556942848,470179.33471345995
2020-04-24 16:45:00,105282.42254524898,972941.9579032663,57262097.80772594,1188128.3389219288,16795713260.947395,105496732767631.42,1314749.2776574816,467708.9817421703
2020-04-27 14:45:00,105005.5684350877,967824.9977596465,56659784.6484628,1181129.8145565751,16474286813.603453,101458864355250.53,1307834.6620445172,465249.1759963628
2020-04-29 15:45:00,104725.74101477535,962666.7194612093,56055818.14992671,1171687.1007847139,16154785526.715952,97523490630801.39,1300864.212664945,462769.5079432921
2020-04-30 14:00:00,104447.23092810303,957546.4426529339,55459513.5310185,1162339.0644901886,15842122351.780138,93748509630772.2,1293945.1151993638,460308.1078229834
2020-04-30 15:45:00,104171.07100615067,952482.9105991101,54872970.650287285,1155719.7771536175,15537287137.850477,90140679018900.66,1287102.6976675852,457873.98582662456
2020-05-01 13:45:00,103898.68651162676,947501.8429449075,54299047.535962366,1149884.2804675975,15241623106.035149,86710047100620.14,1280371.715364757,456676.74581574224
2020-05-01 16:30:00,103627.48271942386,942555.3686139326,53732106.486015216,1144548.2621610004,14952085506.526602,83415671073063.67,1273687.4794750689,455484.69546905917
2020-05-04 15:30:00,105950.26209156908,984809.5681731158,58549663.577720284,1221512.3943778465,17391147475.444874,110630067464429.5,1330786.1356663918,465694.2501856196
2020-05-06 13:30:00,105667.79942084877,979558.5770894565,57925291.57457618,1211742.7634277388,17053723984.579798,106337172632597.05,1320142.5355860156,463211.1748434776
2020-05-06 16:00:00,105389.50515113011,974398.9061139678,57315066.82094869,1206562.6297460394,16726858637.413906,102260885613923.38,1313188.8920942603,460771.28272241296
2020-05-07 15:15:00,105110.04137022876,969231.2340195166,56707132.08386356,1199926.692079312,16404060810.621374,98313988906346.73,1306224.4655643879,458327.6070525117
2020-05-07 17:00:00,104832.44804578772,964111.7969629582,56108082.89276942,1194292.9495080223,16088775140.655333,94534803713458.25,1299325.0449736365,455906.7406449593
2020-05-08 16:00:00,104558.13816673026,959066.3097049048,55520821.917017356,1190223.1205180793,15782397721.392012,90934364408528.78,1292525.2858802043,453520.8434305171
2020-05-11 13:30:00,104282.07601357545,954001.9136642411,54934461.14540928,1183705.3108392223,15479141259.490393,87439783407262.44,1285700.043585661,452323.4240547209
2020-05-12 15:15:00,104002.72764710234,948890.7979983113,54345832.588300265,1176875.7191032963,15177374512.101198,84030496213756.44,1278811.8376603532,451111.75073119823
2020-05-12 18:30:00,105648.07150287546,978914.0806488156,57784880.15018508,1211060.3373704255,16924791870.303406,103379870189497.47,1319273.9533641625,458248.4284330672
2020-05-14 14:00:00,105362.68138331849,973625.3441382818,57160496.434702,1202918.0083150375,16592064332.046806,99315143133823.28,1312146.369378519,455772.66958736506
2020-05-14 14:30:00,105077.98051454939,968363.6712633605,56542682.12775483,1194038.8424168183,16265784333.73118,95409113831389.58,1305055.258818126,453309.5797477916
2020-05-15 15:30:00,107430.90865521038,1011731.2754246125,61607144.43566618,1246575.0317083262,18916480845.826023,126505137246684.86,1363501.4000278083,473610.7857929935
2020-05-18 15:30:00,107148.86804285557,1006419.0368513527,60960190.33429735,1239244.2743973602,18555061999.356194,121671115406275.48,1352762.5137624585,471124.02518163895
2020-05-18 16:15:00,106869.3442216925,1001168.0603359604,60324072.542208076,1234351.2828985513,18202787101.53554,117051170751931.84,1345704.4952527003,468665.94251280796
2020-05-19 14:00:00,106586.40970683048,995866.9143149109,59685245.29671383,1226217.7904651838,17852068560.757736,112540650953676.52,1338579.0421812916,466184.3745375777
2020-05-19 15:30:00,106303.59428337647,990582.0656395404,59051772.1186989,1216628.1285688565,17507339533.97984,108194260624267.55,1331475.4949338997,463710.43566197186
2020-05-20 17:45:00,106023.38667250022,985359.8784527216,58429149.48416104,1212402.5232702077,17171493531.516304,104043246148352.12,1324456.1731529043,461265.8298291934
2020-05-21 16:15:00,107294.05673089987,1008978.5786960134,61230198.313760005,1240953.5100144106,18669201860.54879,122192679224742.7,1356202.882170727,466794.0127831798
2020-05-25 16:00:00,106998.14525790657,1003413.156965536,60554719.40181471,1230686.0527408295,18294487842.91956,117287562219827.84,1348722.207009988,464219.22517395444
2020-05-28 16:15:00,106711.25362188791,998032.300287869,59905263.5640163,1221446.585123084,17937502862.737278,112710238335805.77,1341489.612097784,461729.8247706025
2020-05-29 13:45:00,106424.42741542326,992667.1338428176,59261192.806260414,1211597.3083546346,17586622841.180534,108300731487548.97,1334278.106968004,459247.6832990046
2020-05-29 15:15:00,106139.29782478939,987348.0772994648,58626108.547667556,1203518.1749934512,17243719695.867996,104077446346098.08,1327128.5797462796,456786.87411978387
2020-06-01 14:00:00,105856.45117804743,982085.7833413441,58001186.44797131,1196610.3367977566,16909298473.98623,100040532340155.81,1320055.3490716936,454352.3255921725
2020-06-01 14:30:00,105574.50840551809,976854.3215733467,57383254.70606442,1190236.1265868628,16581537473.533852,96162265596441.73,1313023.5610064866,453142.18343307864
2020-06-04 13:30:00,105291.47344044261,971616.61915889,56767899.05868548,1181924.926894136,16258022885.079466,92409912012954.12,1305983.3846732893,451927.35341398383
2020-06-04 14:00:00,105009.32991540332,966409.4484553415,56159428.3202243,1174042.2761316274,15940969301.776703,88805673792415.16,1298984.247065002,450716.3495939449
2020-06-04 16:00:00,104733.59134235416,961334.1591927024,55569563.75711358,1169376.3304865765,15636339482.664774,85411544385180.03,1292162.375846748,449532.8368223933
2020-06-10 14:45:00,104449.67707444623,956122.1449664372,54967006.666886725,1159866.4124023092,15327861363.831907,82041498273331.36,1285156.727892645,448314.23269900546
2020-06-10 15:30:00,104167.43384527048,950954.8910458836,54372880.73392753,1152397.720099006,15026431661.338299,78814727906656.03,1278211.243808117,447102.8009333312
2020-06-11 14:15:00,103888.46862333431,945861.4883875063,53790428.34237565,1143139.1963777528,14733570345.3207,75742570064192.39,1271365.0257503712,445905.4388837301
2020-06-11 15:15:00,103611.46953167327,940817.5643294774,53216740.04035943,1136574.3465547613,14447675021.563179,72803099714073.72,1264585.3135846385,444716.5157705659
2020-06-15 13:30:00,103338.58672536323,935861.8786637797,52656109.699702196,1132535.0464667333,14170755001.67679,70012251250148.24,1257924.205683183,443545.2603932952
2020-06-15 15:30:00,103066.88322404529,930940.6395169989,52102324.32970434,1128829.435007998,13899602411.507885,67332929891789.06,1251309.3985350062,442379.0667761702
2020-06-16 15:15:00,102793.74557583129,926006.4661152131,51550018.64668629,1121700.7255809458,13631529549.528557,64735714419409.64,1244677.206008897,441206.7175778764
2020-06-16 16:00:00,102524.861635567,921162.0416626461,51010648.39388457,1118008.3727910894,13372033463.051199,62271036558261.836,1238165.6481386388,440052.62595460843
2020-06-17 13:30:00,102253.09248936946,916278.4764945781,50469779.763980314,1112476.3649574746,13114071030.62782,59868471816784.0,1231601.4798836873,438886.15057946707
2020-06-22 15:45:00,104543.79252127655,957331.8878730184,54992327.622480035,1158234.7565978805,15252118545.926418,79389738266180.55,1286782.7850272881,448718.19081082224
2020-06-24 15:00:00,104264.30041932786,952213.1391620476,54404251.72174665,1151929.2030907068,14955369376.798243,76300483642719.14,1279902.498466697,446318.9438099674
2020-06-25 15:30:00,103987.6985257464,947160.9025609081,53826937.37792633,1145347.1711909864,14666630867.589447,73354265820364.64,1273111.6131252768,443950.87219767796
2020-06-26 15:00:00,103703.25265524782,941979.2125869836,53237988.86667731,1137186.9039563073,14374662313.559591,70433739747697.02,1266146.725043873,441522.12352661067
2020-06-26 16:00:00,103424.33436584132,936912.1539575948,52665237.350946166,1131996.6267746782,14093297155.844324,67676443630362.44,1259335.9169034401,439147.10457057925
2020-06-29 18:30:00,103754.35273656403,942891.3700570802,53337438.76005767,1141863.8437915067,14420574574.466637,70819635961860.05,1267372.787337026,441949.6676781229
2020-06-30 17:00:00,106073.97939600293,985051.6438432322,58107279.89465204,1186538.8000837816,16766868311.54344,93864996250566.42,1324041.8643909532,461710.9249986566
2020-07-01 14:15:00,105790.00651077276,979777.4388214975,57485039.00132383,1181918.4247787737,16440199241.58593,90207450851271.17,1316952.6236452477,459238.81290744
2020-07-01 15:15:00,105509.51990530794,974581.9679638968,56875386.578139536,1177837.3499587616,16122977744.984373,86726259152417.88,1309969.2122031352,456803.60489529226
2020-07-02 15:30:00,105221.29797754392,969257.4077948672,56253917.21398781,1168184.8024378666,15802447749.968418,83277967173906.06,1302812.2873684554,454307.89046628826
2020-07-02 16:00:00,104939.77401914561,964070.8307920342,55651878.43461932,1162043.4160160625,15494750142.704346,80034870706489.75,1295840.830463064,451876.8511593421
2020-07-06 15:15:00,107284.23484065503,1007147.4680933419,60625155.72067737,1195464.7653136444,18014024597.708298,106060434645685.06,1353741.6233002702,472067.62407823256
2020-07-09 14:00:00,106991.23141752716,1001646.237531662,59962863.514177404,1186322.967796418,17655981267.38365,101844360549610.86,1346347.2297018666,469489.1011478466
2020-07-13 15:00:00,106693.78401547852,996076.8639077079,59296050.066556245,1176428.6424366708,17298756218.823593,97723223798054.53,1338861.242664903,466878.6383729748
2020-07-14 13:30:00,106405.711054399,990698.0536181208,58655653.29440633,1170870.0220363145,16958844366.96481,93882799486546.86,1331631.3983734464,464357.495964128
2020-07-15 16:30:00,106117.99500048852,985340.4514409582,58021244.748542465,1164756.4100342852,16625123423.910414,90187894845253.25,1324430.0606368387,461846.29416830995
2020-07-16 15:00:00,105824.82280579115,979896.0511265399,57380063.55540268,1157689.7093285958,16290861682.74731,86561291662331.64,1317112.0545324397,459294.40856825595
2020-07-23 14:15:00,105545.67848201204,974726.5188124148,56774635.88295686,1149916.5285107165,15978128936.866947,83237888523112.7,1310163.5079805874,458082.8834865594
2020-07-23 15:00:00,105267.9168598813,969596.1975544898,56176986.97167831,1144072.8255911325,15672111794.220308,80049502585506.53,1303267.6663607864,456877.3595217934
2020-07-24 16:00:00,107626.99117341876,1013053.8730245765,61212735.40976,1220989.5034216843,18228113648.723717,106160428764081.45,1361680.625733166,467116.0692392025
2020-07-27 15:30:00,107345.95153542706,1007763.2244495893,60573371.44306429,1216163.9779605507,17881715026.2442,102125581604974.83,1354569.282640805,464676.5672226951
2020-07-30 17:15:00,107066.20852750543,1002510.7726962077,59941955.84200756,1209825.3435834853,17542581449.53164,98251880037455.75,1347509.2812128214,462254.67764481617
2020-08-03 16:00:00,106782.23072097529,997192.7397861332,59306005.97983359,1200198.677465002,17203960729.405075,94458809733887.61,1340361.1298918657,459802.5487944302
2020-08-04 17:15:00,109173.63234772165,1041857.2560451251,64618668.141634434,1247236.230792716,20007909174.751575,125249118648034.27,1400396.2455624987,480397.22181717935
2020-08-05 17:30:00,111623.35679434445,1088613.2929221625,70418527.60039398,1296989.9633595296,23275210838.49738,166155607193856.94,1494665.8464892146,501956.28865535033
2020-08-12 16:15:00,111339.10437320225,1083068.9163134058,69701235.53756665,1290139.6573540515,22843859879.33012,159997005148839.78,1483247.2044272516,499399.79341178364
2020-08-14 16:15:00,111049.75328955261,1077439.4985743866,68976669.69349766,1280081.107574538,22411808965.673172,153944888508124.4,1475537.7983145039,496804.08596090024
2020-08-17 16:00:00,110758.56558746226,1071789.1099433878,68253204.4952086,1270011.462253526,21984127535.53774,148069470760272.2,1467799.6728687256,494198.7088953096
2020-08-18 14:15:00,110469.07346673855,1066186.39198184,67539624.83441374,1263372.5479699918,21565953840.298996,142436428681183.56,1460126.8317147694,491615.3126308637
2020-08-18 17:00:00,110180.26432720806,1060611.539857456,66833325.40343275,1257102.5461345457,21155629818.34214,137016303170164.28,1452492.1524214759,489044.76521944394
2020-08-19 14:45:00,109893.3285625037,1055087.3675367308,66137125.53680624,1247281.158903643,20754675510.964447,131822671270875.33,1444926.878385748,487771.17566563626
2020-08-20 14:45:00,109609.83385604277,1049643.6943408581,65454662.81643964,1237628.226992953,20365022869.784786,126872938185342.94,1437471.846736352,486512.8595505976
2020-08-20 17:45:00,109327.67156373557,1044239.6195333005,64780678.11806895,1230036.1635939935,19983498390.630497,122119186424842.34,1430071.0445066015,485260.45747262327
2020-08-21 14:30:00,111780.91641413391,1091103.7927578907,70595230.38010326,1312839.8995826864,23246898829.518734,162004475655516.56,1494250.8514202489,496149.3998727424
2020-08-21 17:45:00,111494.07748603082,1085504.0705082645,69870617.95569266,1308552.2671942075,22812765127.899895,155953638233206.9,1486582.1128504092,493603.08040062
2020-08-24 16:00:00,113994.23186864622,1134186.9749355086,76137760.95151171,1396581.5892750188,26535662017.87605,206854904388689.56,1553252.6458215667,515740.290422214
2020-08-25 17:30:00,115302.49686464749,1160220.1714210724,79632968.2402999,1428075.1905361114,28751973633.41975,241408775855698.06,1606730.77449082,527578.1695486665
2020-08-28 14:45:00,115003.59566620598,1154204.8428874523,78807231.0606299,1421278.019371228,28209542440.02861,232299999390329.12,1594235.283921385,524842.8645650321
2020-08-28 15:30:00,114705.06904028611,1148212.6671581361,77988959.0179052,1413481.642113955,27676630138.043762,223523144700866.6,1585958.6439176619,522118.0876815079
2020-08-31 18:30:00,116108.11239552296,1176301.9602736689,81804723.80135976,1465349.6905527054,30140341016.986294,263318192042124.78,1624756.7328887363,534890.920123869
2020-09-01 15:30:00,115802.16208392283,1170102.738809184,80942486.69420122,1453765.8954540342,29562345396.8622,253218985691833.75,1611912.8027331494,532071.9948944844
2020-09-02 14:15:00,115497.52025962179,1163946.3385044618,80090742.08542217,1444454.2265188943,28996367075.367138,243523107061868.3,1603431.8547438888,529272.5414081725
2020-09-02 15:00:00,115196.15709007048,1157872.259044213,79254831.50198029,1438749.8576407572,28445750660.4139,234274512586556.34,1595064.3104915288,526510.5210587019
2020-09-09 15:45:00,114893.60952312392,1151790.2604140877,78422221.90647316,1430912.5800424926,27902048419.698925,225318828557941.16,1586685.8569310477,523744.89968483034
2020-09-09 16:15:00,114593.1854481924,1145766.8527600633,77601987.48027264,1423687.511192582,27371086961.20279,216743428498546.1,1578388.11726121,521005.9209436977
2020-09-10 13:45:00,114286.33819458722,1139630.791341294,76770805.18476382,1412250.8467584937,26837698589.49053,208295943415469.78,1569935.1877609023,519610.81847466057
2020-09-10 15:15:00,113979.6330360727,1133514.0384900263,75946699.61465132,1400880.8625593362,26313543165.502773,200159668378934.47,1561508.857401102,518216.3620508771
2020-09-10 15:45:00,113677.51246840713,1127504.9315005853,75141465.92899302,1394382.674306133,25805944561.84622,192437350822650.0,1553230.8180734352,516842.74978958094
2020-09-10 16:15:00,113378.95811964115,1121582.537647216,74352081.61054264,1389190.8289377918,25312706422.93867,185081104625299.3,1545072.2332257584,515485.35159157997
2020-09-18 15:15:00,113072.0767738075,1115510.9920213777,73547090.37588692,1377910.5148934252,24814092201.714817,177789583181162.84,1536708.1795387913,514090.0941198449
2020-09-18 16:30:00,112768.30057735805,1109517.1923862714,72756732.36666764,1368697.0095009264,24328932396.1282,170837375628267.72,1528451.2273512615,512708.95442665205
2020-09-21 15:30:00,115295.51545086081,1159247.2732095097,79278845.23856884,1414502.6764322931,28296882801.743656,226563144674043.38,1596958.5056450563,524199.11335226457
2020-09-22 15:30:00,114993.92491204337,1153182.5445271714,78449333.36869858,1405293.6317459436,27758201445.90906,217937082021824.84,1588603.8428586815,521456.70845602354
2020-09-23 13:30:00,114695.39510419266,1147195.1088657174,77634700.2675331,1399195.1307052525,27233765830.442272,209702112766639.38,1580355.6575685071,518749.25463014713
2020-09-28 13:30:00,114393.83656619187,1141162.6699954916,76818227.84718736,1392856.3080937043,26712665442.200863,201677085816044.84,1572045.476655233,516021.4508386668
2020-09-28 15:15:00,114094.79605721869,1135196.3718818831,76014976.11113602,1387112.5864208112,26204467768.168663,194003435566572.7,1563826.4100764848,513323.55518393737
2020-09-29 17:00:00,113792.22858634157,1129175.527688132,75208641.03309457,1377957.2644918268,25698736515.55713,186515124691645.78,1555532.2017841034,510600.9943800992
2020-09-30 15:45:00,113491.479010235,1123206.7710248511,74413543.96218719,1372590.2520760058,25204434657.363976,179340081462544.12,1547309.748350884,509251.4906879125
2020-10-01 18:15:00,113193.29105053855,1117304.535221951,73631486.20626117,1366470.387032613,24722495894.181007,172481690213213.84,1539178.932876401,507913.4813121874
2020-10-07 15:30:00,112894.36285649106,1111403.2344679013,72853682.96395265,1357871.0181204895,24247350465.50698,165851786259700.2,1531049.4055086481,506572.15040563006
2020-10-08 15:45:00,112591.58256826982,1105441.7146338243,72072114.83007354,1350838.61287363,23774081876.2107,159377475507516.72,1522836.921403128,505213.5346357741
2020-10-09 16:00:00,115111.6741039522,1154927.0179698837,78524757.9992684,1406352.552142551,27646677913.531788,211299950015880.1,1591006.9985672117,516521.523415271
2020-10-13 15:30:00,114802.69092257236,1148726.899223429,77681652.21586072,1397356.958251895,27106612364.990746,203044649052130.88,1582465.8248271625,513748.62544817367
2020-10-13 16:00:00,114498.88880422145,1142647.1520923078,76859377.04755153,1392755.2232550974,26584574474.89192,195223900464311.72,1574090.4728918206,511029.5616447601
2020-10-20 15:00:00,114188.6712425267,1136455.490022895,76026421.24195111,1381434.8392607712,26060391547.638676,187525222743377.9,1565560.9489202409,508260.44578306057
2020-10-21 15:45:00,116744.29802659331,1187324.9161682162,82832531.03580251,1456712.3080192874,30305056338.159557,248612694039297.53,1635637.7691444037,531010.9339775684
2020-10-22 15:30:00,116431.84618159501,1180969.456125368,81945766.45421691,1449669.4726243536,29714786541.362144,238927936304196.3,1622505.015407644,528168.5622499529
2020-10-27 14:00:00,116116.79107861246,1174578.2415939325,81058812.14623654,1440321.791417785,29129625505.738583,229517717694511.88,1613724.2822752031,525310.1999336451
2020-10-27 14:30:00,115800.75829847962,1168184.5887255343,80176347.46498306,1429064.0815150677,28552646437.47319,220425467683972.5,1604940.1991713212,522450.7471124803
2020-10-27 15:45:00,115488.13045904798,1161877.0821185524,79310537.64992502,1421862.3865591323,27991662192.99898,211763908782778.66,1596274.4703063925,519629.8217458567
2020-10-30 14:15:00,115181.96997043584,1155716.7805576085,78469524.7124923,1415743.9806037836,27451618957.818787,203592785138534.47,1587810.9828493602,516874.7313397552
2020-10-30 15:00:00,114878.03595386143,1149617.5335447737,77641285.43751992,1409932.7908412144,26924448797.151775,195773352600363.1,1579431.3767408312,515510.8389423407
2020-10-30 15:30:00,114576.14392792687,1143575.2929481273,76825140.39248066,1404399.674393563,26409517235.74817,188285000367400.12,1571130.0903514922,514156.1099006461
2020-11-02 15:15:00,114269.53598624327,1137454.8344528298,76002798.24139169,1393125.073624895,25895192145.84499,180951303285629.97,1562721.3423066481,512780.21836549503
2020-11-03 15:15:00,113962.64718461003,1131345.2069297216,75186328.39326411,1384744.2113353692,25389067173.652924,173877868740117.0,1554327.4746692595,511403.0664819487
2020-11-03 15:45:00,113658.0230246266,1125296.995663552,74382430.88140889,1379360.2904220019,24895169920.180553,167112925292372.56,1546017.9853232764,510036.0770921037
2020-11-03 16:15:00,113354.88658566073,1119294.4537405672,73588891.6443546,1374335.4770473598,24411954046.66518,160625593136796.16,1537771.2399695138,508675.76379402424
2020-11-06 14:45:00,113057.00047202955,1113411.650010148,72815352.55491109,1366245.4348377278,23945079060.79357,154481712037969.94,1529688.9999862886,507339.011132193
2020-11-06 16:30:00,112760.44191946495,1107570.4947352516,72051348.00966373,1359325.0260762451,23487972641.53641,148583666593967.84,1521663.9797961914,506008.21585040813
2020-11-09 14:00:00,112459.59620352986,1101660.4817419508,71282413.83356193,1348444.9575780092,23031914046.329483,142813661724521.9,1513544.3576730117,504658.1820852401
2020-11-10 16:15:00,112165.9314275383,1095906.9686668373,70537857.21777306,1337881.409429906,22594217197.97022,137385620484551.11,1505639.7469549559,503340.37251631584
2020-11-12 16:15:00,111870.21147691995,1090128.3592346886,69793978.88011083,1332469.7253024066,22160701320.811977,132113577000907.88,1497700.6569665456,502013.3404290291
2020-11-13 14:30:00,111570.04538076003,1084278.3734416037,69044904.18366286,1325565.8242662654,21727969602.82368,126954016902375.14,1489663.5047437567,500666.35643188277
2020-11-13 15:30:00,111272.5256819999,1078495.563657176,68308426.25095111,1319828.117537327,21306297071.074894,122026449099082.05,1481718.6439942112,499331.24804291886
2020-11-13 16:00:00,110977.30873057897,1072772.8541118961,67583510.36607945,1314734.8320581648,20894911198.11261,117314231192830.83,1473856.3534914567,498006.47314549517
2020-11-17 16:00:00,110679.20629765444,1067009.5822963484,66857350.78999463,1306824.0846205372,20486441436.313564,112727533923181.53,1465938.335478897,496668.7497590213
2020-11-19 14:00:00,110386.49535713687,1061365.787245356,66150085.94107176,1300775.8574108547,20092140783.43183,108388220981806.5,1458184.4636673336,495355.2204906899
2020-11-19 14:45:00,110094.53823568764,1055751.4537338824,65450254.36792542,1294459.10604005,19705402299.005234,104215654527686.83,1450471.0683434415,494045.07395690057
2020-11-23 16:45:00,112559.50020293251,1103026.9538998648,71311848.97012313,1335034.320051089,22916235941.48209,138177826378107.12,1515421.720307694,505106.4975018307
2020-11-25 14:45:00,112260.34595390206,1097163.829073273,70553734.63638248,1328519.6318068355,22472990420.99315,132832559142301.75,1507366.5166885275,502421.610758941
2020-12-01 14:00:00,111963.8411262425,1091368.1160939594,69808341.4968428,1321624.913358551,22041019701.431934,127726004555756.28,1499403.92855551,499767.5937622059
2020-12-03 15:30:00,111667.11487616318,1085583.4348024419,69068318.03254382,1316099.7379583544,21615913038.31924,122799084084296.77,1491456.4965882048,497118.6284799051
2020-12-04 16:00:00,111373.6592830223,1079877.7168546438,68342285.69050789,1311257.6359525055,21202505176.917213,118101979072500.86,1483617.5504251288,494505.822692924
2020-12-07 16:15:00,113348.75704960473,1118178.7672191956,73190207.42350735,1346934.7159095653,23938916238.524265,148586637298974.16,1536238.4255794724,512044.9311724402
2020-12-08 13:30:00,113045.95366412406,1112204.492333439,72408117.06208688,1337562.54762715,23473505392.411987,142809113212482.25,1528030.5156159357,509309.1457485315
2020-12-09 16:30:00,112748.8559010016,1106358.4897814365,71646929.63648574,1332875.5234208456,23024542590.267452,137346275126068.61,1519998.8358705256,506632.0997679336
2020-12-11 13:30:00,112448.73502830722,1100468.5626010203,70884075.2775109,1325516.8773933104,22578513567.635162,132024959871574.78,1511906.8091537936,503934.9394871968
2020-12-14 15:45:00,112151.54896643061,1094651.79786363,70134729.03804685,1320067.5280431174,22144246135.69439,126946313741592.45,1503915.2985258845,501271.2823091855
2020-12-14 16:30:00,111857.56171312342,1088912.8904950297,69399341.37585734,1315761.3212089518,21721799189.401703,122102790755564.44,1496030.7542303328,498643.27817003697
2020-12-15 18:45:00,112547.18389886658,1102339.582014607,71110779.55690756,1326840.9997999484,22696406627.19594,133059736541516.53,1514477.3569073565,501717.5045534055
2020-12-16 15:15:00,112248.48109115119,1096488.3129415496,70355860.99647284,1321651.4702961217,22258027541.750378,127919662469632.16,1506438.4416176393,499054.36502208275
2020-12-23 14:00:00,111948.33587042362,1090624.4344549305,69603352.80311505,1311049.437152667,21824890141.59367,122941073066138.0,1498382.2025634171,496385.4864575172
2020-12-23 16:30:00,114456.75898865776,1139499.614660634,75841754.04134437,1360900.716488817,25383851473.57426,163036809843362.03,1565530.615760217,518630.47688287107
2021-01-04 15:00:00,114153.59507140687,1133463.1836112342,75038219.73023808,1354689.635750052,24894544241.83136,156751310562080.88,1557237.3109655723,515883.0629535095
2021-01-06 13:30:00,113851.73139402582,1127468.6047358704,74244506.20986305,1343942.7575224747,24415458224.802074,150718072089281.78,1549001.5058479318,513154.69757203653
2021-01-06 14:30:00,113552.86004473268,1121549.185521825,73464911.36394018,1338876.9482340522,23949016304.376465,144959324795589.38,1540868.960748417,510460.54026794276
2021-01-07 16:30:00,113256.63921678733,1115697.7040499214,72698331.39895873,1331206.7599471966,23494349502.81755,139455283066000.19,1532829.7536491263,507797.3040656659
2021-01-08 14:45:00,112960.17931450733,1109856.816758828,71937152.52692105,1323076.1226003622,23046786925.07518,134142093529824.62,1524805.1016354135,505138.889686034
2021-01-08 15:30:00,112665.251865885,1104061.3720049488,71185870.40309055,1316733.5880714697,22608873501.642704,129044409102488.48,1516842.882010752,503820.0238269402
2021-01-13 15:30:00,112366.79967001278,1098212.0167619528,70431580.00795902,1308760.902378124,22173008737.86654,124068848432824.5,1508806.5960852895,502485.3958920154
2021-01-14 14:15:00,112070.9585732576,1092429.2366442902,69689846.47325143,1300720.8738489137,21748161136.437923,119314387430995.89,1500861.7760941861,501162.4443524084
2021-01-21 15:45:00,111772.11625135221,1086603.2118872574,68946521.85826004,1294136.7326431656,21326115311.738728,114683546347385.84,1492857.5433520554,499826.0718395941
2021-01-21 19:00:00,112077.19366638722,1092534.8898436062,69699268.6924301,1299411.6238607434,21749735245.327717,119239672540766.05,1501006.9304374207,501190.32663835824
2021-01-22 14:30:00,111780.28852022682,1086746.3931737144,68960703.74870043,1294531.4178447921,21330418213.966633,114641986642865.05,1493054.2566152005,498534.90705981886
2021-01-22 15:00:00,111485.99394700307,1081024.0324567147,68234466.19295244,1290040.5660841935,20921718391.92389,110248808874893.61,1485192.4453590778,495909.82674105105
2021-01-22 15:30:00,111193.54565879426,1075352.5823200308,67518499.92208774,1285782.0317144303,20522312767.57824,106039403746963.1,1477400.5789025188,493308.10118249734
2021-01-25 13:30:00,110897.21526560873,1069620.9609090218,66798753.69902527,1278675.0003251934,20124287199.35096,101926183720656.34,1469526.0446056784,490678.77260557446
2021-01-25 15:15:00,110601.56316807325,1063917.739599032,66086411.4965066,1271332.6487333004,19733834094.241146,97971023020404.88,1461690.528512148,488062.4723136416
2021-01-25 16:45:00,113079.62302097822,1111592.5058821691,72009151.77109699,1320413.7606372824,22951567430.83363,129920681184889.3,1527189.7224172659,498997.65246577084
2021-01-28 16:00:00,112781.22718121627,1105725.9391143566,71249077.38318372,1314410.0034493136,22510800693.738983,124930632910447.95,1519129.7899993446,496364.1307123573
2021-01-29 13:45:00,112486.05871602515,1099938.1775067272,70503191.51749136,1308905.9330567957,22082042794.295265,120171584445525.45,1511178.126061166,493765.98486308625
2021-01-29 14:45:00,112192.28063080777,1094192.794739585,69766663.17461428,1303732.0639796548,21662334073.309963,115603432624042.83,1503284.6853741314,491186.8630192897
2021-02-02 14:00:00,111897.14341740646,1088435.9456845967,69032539.99102661,1295729.555775139,21247614726.523674,111177041644950.11,1495375.4914350195,488602.59391992295
2021-02-02 15:45:00,111606.31121493672,1082778.031395402,68314849.26061077,1290831.03273381,20845711284.223034,106971163826003.28,1487602.2215478513,486062.7369730465
2021-02-03 14:45:00,111306.2709396928,1076956.1918411446,67580223.91721325,1282899.043038169,20437865882.675125,102785391830045.3,1479603.7387533234,484756.01519540127
2021-02-04 14:45:00,111011.71293454438,1071256.1344261796,66864853.766853176,1277617.8845071737,20044248025.759647,98826253837202.72,1471772.5694576881,483473.1695514482
2021-02-08 13:30:00,110713.48239078617,1065500.321980287,66146329.88608178,1267321.006826263,19652360774.87846,94961928382700.67,1463864.7996904277,482174.32943416387
2021-02-08 14:45:00,110417.87994086137,1059810.5993056574,65439893.172300436,1259425.6650106602,19270495386.3655,91271514381940.58,1456047.8290414554,480886.93507176376
2021-02-08 15:30:00,110124.3716261657,1054176.308499396,64744094.529212736,1253378.10931304,18897707377.630432,87740216880917.17,1448307.0148789815,479608.66099198896
2021-02-08 16:00:00,109833.59925367832,1048609.41460087,64060293.34359642,1248501.0702695635,18534573416.47629,84368225572997.38,1440658.7956775853,478342.3023634418
2021-02-09 16:00:00,109542.08263706407,1043043.0474641937,63380186.70585584,1243617.67983124,18176560459.493946,81108920140492.31,1433011.3001813942,477072.70243668
2021-02-10 15:30:00,111993.55339877927,1089728.1108209062,69053793.44551389,1304737.2735099124,21136926953.858192,107528894382930.89,1497150.765472399,487749.2365419414
2021-02-15 17:30:00,113773.40663552651,1124365.034935865,73443532.46329607,1366943.7342092842,23581601582.683876,132402250906088.53,1544737.5873019795,503252.30847839505
2021-02-19 16:15:00,113475.64457685246,1118479.7712806044,72674681.5316325,1362116.2688586446,23132453092.116974,127358634938477.78,1536651.9676882552,500618.1350307275
2021-02-22 16:30:00,113173.92742255678,1112531.9833656475,71901750.98136911,1351251.1925863111,22684835563.261925,122429805538284.08,1528480.4475252696,497955.97647408687
2021-02-23 16:30:00,115709.03765473604,1162373.69653915,78344184.10269752,1408709.4647582052,26382897213.250687,162346600827727.88,1596956.7566974286,520264.5296874248
2021-02-24 15:15:00,115398.67786963645,1156138.1585383976,77503631.46706091,1401152.4618548588,25867895472.61171,156008496158077.84,1588389.9037381832,517473.5776425113
2021-02-24 15:45:00,115092.13080652313,1149995.7873501666,76680103.46672505,1395362.6127266125,25367808576.79766,149976478234786.47,1579951.0503811305,514724.32594581053
2021-02-24 16:15:00,114790.65932440314,1143971.2063120937,75876682.26740472,1390657.3220498292,24884224927.955624,144258509150804.06,1571674.0260268569,512027.79570801434
2021-03-02 18:00:00,115899.10249493555,1166064.0678460423,78807408.19081904,1428257.079179006,26632939988.563976,164533766130137.56,1602026.8674637086,521916.29563676513
2021-03-03 15:00:00,118493.94764735753,1218277.6851861076,85865030.44040717,1524188.088441532,30972428416.57116,218151006618401.84,1673761.8776855462,545286.4847158787
2021-03-04 14:30:00,118183.25777528717,1211889.0628864586,84964481.64943458,1516601.6925515987,30381419223.431736,209825585784747.44,1660596.1200925421,542427.013974263
2021-03-09 13:45:00,117869.73644125268,1205459.1660829636,84062892.77352361,1508696.2562369008,29794866238.75042,201723671736596.03,1651785.5267705366,539549.0692596079
2021-03-09 16:15:00,117561.41345753719,1199152.6996725777,83183327.83337097,1503239.451618239,29227670344.78352,194043366182740.8,1643144.064467347,536726.3705089755
2021-03-10 16:15:00,117251.91746149973,1192838.8429695836,82307363.3091507,1497483.1214176677,28667690382.723885,186607919186717.84,1634492.4755844176,533900.3639519814
2021-03-12 14:45:00,116940.02872677808,1186492.968112863,81431616.79833755,1488903.7326102238,28112731904.23179,179383085548299.25,1625797.0136907655,531060.0264532777
2021-03-12 16:45:00,116628.78721161433,1180177.1518239956,80564680.12761839,1480027.0853618516,27568197372.009434,172433900751147.44,1617142.7396769957,529646.58463121
2021-03-15 14:15:00,116315.46938464428,1173836.1694732446,79698947.02306947,1468099.0130223618,27029213504.701077,165691414876733.12,1608453.9817603652,528223.7136494715
2021-03-15 15:30:00,116005.96170304687,1167589.170457363,78850652.76094373,1461042.085868139,26505787357.11667,159274119829531.4,1599894.0049063065,526818.1456898411
2021-03-15 19:00:00,117134.06526146094,1190297.6843754728,81917795.19593659,1483143.3397137679,28381634388.910793,181818168862930.84,1631010.4422604523,531941.2050228702
2021-03-16 15:30:00,116816.41972837651,1183841.9579112947,81029212.6417144,1474480.558598873,27821509348.88853,174641632958366.12,1622164.455736521,529056.1562155588
2021-03-17 13:30:00,116500.01167963014,1177428.8676146087,80151312.25329179,1467703.2576871153,27273090505.174953,167756545509643.28,1613376.8916016368,526190.1614101254
2021-03-18 14:15:00,116193.18938583211,1171226.955344609,79306944.63059646,1462358.4484973687,26750353376.85577,161325842334305.06,1604878.6950520396,523418.54156270815
2021-03-19 15:30:00,115887.00061616766,1165054.1918229195,78470995.60705584,1456364.0177171524,26237342989.278942,155138123485425.47,1596420.4396982437,520659.94822160504
2021-03-19 18:45:00,117331.52251621308,1194098.8005517628,82383533.54729292,1482430.5205158158,28617454534.999676,183284726519123.72,1636218.9377966144,533639.9148042881
2021-03-22 15:15:00,117018.95014927379,1187736.6179013802,81505651.26892598,1476200.780870316,28062630933.277905,176177826638593.78,1627501.1300796424,530796.6705049464
2021-03-23 15:30:00,116706.28817968088,1181389.6105177568,80634554.1542728,1470608.9345919783,27516954375.262558,169326287289532.28,1618804.116336206,527960.2079962378
2021-03-23 16:00:00,116394.46775452509,1175076.644586407,79772783.9326058,1465038.3800056537,26981899017.736874,162741333449899.12,1610153.7480368945,525138.9585316114
2021-03-24 13:30:00,116077.92944908362,1168685.3310297234,78905005.85574287,1456113.7349056005,26447882737.308434,156299494682082.94,1601396.0235722105,522282.6956995072
2021-03-24 15:45:00,115761.86178488357,1162320.9231786092,78045606.62238716,1446665.6045337769,25923788510.854324,150104997861736.66,1592675.1667645134,519438.4569632493
2021-03-25 14:15:00,115444.49404777677,1155947.7851607262,77189740.72033723,1437781.5043639296,25406558408.275097,144115223380342.97,1583942.3474088344,518014.3868497346
2021-03-26 16:15:00,115136.43349759658,1149778.5535552967,76365825.67126673,1431462.2641509315,24913161127.447872,138517766361645.8,1575488.9316782493,516632.07928859495
2021-03-29 14:15:00,114818.6630843186,1143431.8986339585,75522763.25403877,1419609.9857334164,24412760813.24454,132953291146676.38,1566792.4008977516,515206.2023149815
2021-03-31 16:30:00,114513.10263953287,1137345.9967406013,74718825.33971536,1413650.4371127158,23939947611.349327,127803355687065.27,1558453.1680579882,513835.11305033707
2021-04-01 15:15:00,114205.70364070279,1131239.8130347594,73916524.41261573,1406193.9810033832,23472257149.1428,122809826756827.12,1550086.1439787855,512455.77395573043
2021-04-01 16:15:00,113900.79557618033,1125199.4117078988,73127150.72368746,1400010.4653872445,23016195007.607014,118037476808845.84,1541809.2584829333,511087.6120057653
2021-04-05 15:15:00,113588.43855868177,1119028.007363367,72324986.74993567,1390454.7919187518,22556842502.811462,113325941247562.17,1533352.865547393,509686.02563967346
2021-04-09 15:15:00,113278.22789952245,1112915.8639060454,71534906.9813228,1383246.282485058,22108521644.83946,108821198777133.56,1524977.675093489,508294.0702612545
2021-04-09 15:45:00,112973.4723404121,1106927.6470591454,70765097.60215995,1378100.662546909,21675656174.366207,104559951447905.44,1516772.2956022748,506926.59262281243
2021-04-09 16:15:00,112671.04546743,1101001.2174295622,70007352.73548509,1373239.6813621293,21253372583.753956,100485892385842.89,1508651.580307224,505569.56410043116
2021-04-13 15:15:00,115189.66247120453,1150224.1633229,76267051.78264816,1465330.7273994107,24710900642.408134,133180260402383.75,1576099.5303492157,516870.9245826352
2021-04-15 13:30:00,114871.76649253273,1143875.4749380741,75425136.33479561,1453198.838069995,24214596210.327934,127830560327926.5,1567400.2132067636,514018.04377906024
2021-04-15 15:15:00,117437.77032490025,1194979.222047824,82164518.68440051,1541874.2488307552,28151087392.187607,169392589207717.47,1637425.3390796848,536982.2988003994
2021-04-19 14:45:00,117123.43411609565,1188582.2130239026,81284826.12109464,1534870.8371511595,27602722251.270763,162793271052999.44,1628659.8103769014,534107.7043742089
2021-04-19 16:00:00,116813.20492776127,1182285.7293526744,80423617.57400057,1529576.2723891253,27070639935.597908,156517120472681.2,1620032.0269643145,531278.2825618857
2021-04-20 15:30:00,116504.46618534521,1176036.137802087,79573375.1184254,1523916.5078352597,26549942109.872807,150495975460020.53,1611468.4976785972,528469.9324454317
2021-04-22 15:00:00,116191.12058153881,1169710.10128583,78717306.05636111,1517954.8162811766,26030266109.546986,144604501477249.5,1602800.2193549697,525627.2306075089
2021-04-22 16:00:00,115880.97315003446,1163465.5176773276,77876829.77328096,1512420.5727837717,25524602259.244873,138986328487370.97,1594243.5522231006,522821.1308868808
2021-04-26 14:15:00,115565.60981229262,1157132.9100191712,77029080.69757181,1503722.6850243877,25019073224.977303,133480924430297.56,1585566.2697644602,521398.30354606296
2021-04-26 14:45:00,115252.01438446301,1150852.9865962327,76192985.33820277,1495976.7318131374,24524989696.80833,128208888532506.06,1576961.1781022153,519983.4524988029
2021-04-26 15:30:00,114942.99066556756,1144681.4524721776,75375804.31768146,1490290.0482838855,24046425533.313797,123205324392284.83,1568504.6073357335,518589.22766799654
2021-04-28 16:45:00,117515.00383843185,1195909.209074718,82122368.34904154,1539433.5306194762,27962304631.800987,163332465446300.34,1638699.657741262,530193.4004596061
2021-04-30 14:15:00,117194.40792007935,1189384.0233771258,81226207.17001998,1526834.217586135,27407135024.015495,156846789678550.22,1629758.4944086245,527300.5300248065
2021-04-30 17:00:00,119814.5271180369,1242566.2181371285,88490115.0154722,1629240.6647006785,31866426392.835278,207886457621060.75,1702631.6219753681,550878.2803002867
2021-05-03 13:30:00,119488.35939344921,1235801.0118509147,87526538.38891955,1619500.5382821744,31235101491.68943,199649330828789.88,1688726.5431345447,547878.9993360792
2021-05-03 15:15:00,119163.14424936238,1229073.9765786605,86573643.69899093,1610358.342401255,30616407163.497944,191740157961599.88,1679534.0251547743,544896.6410776562
2021-05-03 15:45:00,118845.0261489661,1222511.701285597,85649175.20660964,1604693.7580161768,30021582863.952824,184289792897853.6,1670566.6522812445,541987.327372251
2021-05-04 14:45:00,118523.23419535013,1215891.40859986,84721539.73684125,1597090.068378166,29429999698.682217,177026835477944.75,1661519.9984312216,539052.2922839231
2021-05-05 15:45:00,121174.89858640966,1270296.5380830031,92303279.86066014,1666087.7504094169,34221741086.94145,234673238677208.75,1735864.804237174,563172.2174289353
2021-05-06 13:45:00,120843.06975297957,1263339.3048068099,91292216.0170674,1656624.864815686,33539729729.311344,225319546607416.9,1721604.177662646,560087.80337768
2021-05-06 16:30:00,123545.5629059867,1319845.082558802,99458727.81499825,1715067.0845419348,38998445258.62146,298662732020633.1,1798606.9137207812,585139.0281902417
2021-05-07 15:45:00,126307.44154704479,1378855.7318655455,108352383.8737944,1830088.790802223,45343169963.44983,395842647870941.4,1919231.2542916744,611300.7606878772
2021-05-11 15:45:00,125965.53773939457,1371390.834799294,107179180.07326838,1820684.7788775812,44449916048.5647,380246561616970.44,1903645.6530262283,607991.2793914675
2021-05-11 16:15:00,125631.62487724093,1364120.1947973198,106042726.16932562,1814172.1535334124,43592403668.38256,365575391765851.1,1893553.182022875,604767.9198614018
2021-05-13 15:30:00,128444.61473592692,1425207.6204792398,115540242.85250814,1915272.628296851,50695832876.43244,484717200754801.44,1978349.4409762674,631850.3686809737
2021-05-17 15:45:00,128095.04726270585,1417450.094362156,114282452.14380966,1903110.138126651,49691736435.10404,465516300455367.8,1962196.95494206,628411.1534629947
2021-05-18 15:15:00,130957.24740237166,1480794.0868856497,124496719.04880644,2019272.584340082,57772267122.34173,616914461240170.6,2049884.9728397222,656494.0267612976
2021-05-19 13:30:00,130609.70658609192,1472934.4778009048,123175136.86162351,2012452.2356548682,56656473846.264366,593084722784209.4,2033564.7146439003,653009.5541647965
2021-05-19 15:30:00,133536.42956028998,1538945.9755424876,134215648.69878243,2068570.8911523202,65895873542.517815,786522345549583.2,2124701.5945195733,682275.0370220782
2021-05-24 14:45:00,133171.0751953965,1530524.893275257,132746797.89153594,2052317.7104138923,64583792048.09274,755200766243663.6,2107262.1061894605,678541.6413688518
2021-05-25 14:30:00,132809.36604426728,1522210.7025380202,131304570.84606029,2041553.449593908,63307173406.32771,725344873739117.9,2095814.935900895,674855.6349181983
2021-05-25 17:00:00,135780.09592221843,1590309.4661908704,143052851.0567776,2124047.294963313,73612824482.89876,961499823540989.1,2189574.890250226,705046.4845196783
2021-05-27 14:45:00,135414.15410659456,1581737.359513393,141510680.3964807,2113706.201978249,72168989834.45015,923782298926016.2,2171871.4778610882,701246.1338292186
2021-05-28 14:45:00,135040.79932068032,1573015.2400698254,139950025.5260181,2096222.8968156883,70720897219.9125,886710356320639.6,2159895.2023232775,697379.27660301
2021-05-28 15:45:00,138062.869438134,1643420.071427873,152477759.13561288,2172368.692460996,82238851465.61214,1175538403327190.0,2256567.538100442,728592.496355193
2021-06-02 15:00:00,141149.5411217126,1716903.9591573575,166113540.67238045,2315515.446266414,95619545170.82991,1558070966302467.2,2407917.784918073,761170.7824145764
2021-06-04 15:15:00,140768.86248735743,1707643.0200243362,164321515.69494078,2296780.693374382,93742763487.73483,1496908595255951.0,2388435.4079995737,757065.0453125226
2021-06-04 16:00:00,140398.45770941285,1698656.385871524,162592000.4184224,2288817.475381204,91947633997.21466,1439578415005639.2,2375866.039016934,753080.9183537107
2021-06-07 14:30:00,140015.56945086812,1689391.389716105,160818346.5219569,2274550.141816871,90122737151.07632,1382435408816003.0,2362907.332417784,748973.3826146998
2021-06-09 16:15:00,143144.36245734087,1764893.7925712932,175192956.99945727,2401053.345822268,104778989199.11888,1832073811559613.0,2468510.558767638,782446.5555018251
2021-06-11 15:15:00,142759.148653315,1755394.8302668482,173307119.67423493,2389919.785457682,102726930176.87589,1760312791088581.5,2448581.6354143843,778235.2934036531
2021-06-11 15:45:00,142377.2060202704,1746001.945399859,171452432.86114663,2380371.304808589,100726761835.26723,1691763640247573.8,2435479.599910853,774071.0595889409
2021-06-16 16:00:00,141989.99585476724,1736505.0642466934,169587299.33985436,2368862.546659477,98733156408.16331,1624796150910619.0,2422232.501090459,769860.7201466573
2021-06-22 13:30:00,141610.1140386482,1727213.329381363,167772435.3876125,2355469.7037865603,96810764937.70746,1561524715551507.2,2409271.558651698,765741.3300900909
2021-06-22 14:00:00,141230.17603374762,1717945.1497621625,165971910.76234224,2340410.0096029295,94920467404.68636,1500545002821052.5,2396343.4731759955,761632.3829968778
2021-06-22 15:30:00,144392.18891385142,1794871.552368384,180835740.41417414,2449090.688814232,110386682751.15941,1989538636865433.8,2503647.29648249,778684.6268768599
2021-06-23 16:30:00,144003.2184786646,1785201.3344143413,178887165.29593986,2436566.6682848083,108222581253.03046,1911529887307630.2,2483413.969753547,774489.3127055335
2021-06-24 14:45:00,143611.74706879773,1775495.2279722414,176941952.91679105,2416695.3168189498,106081496839.21227,1835894159516350.0,2469911.694203135,770278.4287214843
2021-06-24 17:45:00,146824.34641869206,1854930.9974207056,192774741.37628105,2522921.522502604,123351574530.18266,2433661644175866.5,2580415.7005264084,804740.7346241176
2021-06-25 15:00:00,146419.77196758386,1844708.47358961,190649978.36300185,2503930.940054626,120877953723.43143,2336055170929709.0,2559084.696007014,800305.808824189
2021-06-25 15:30:00,146016.64606188156,1834550.6955220804,188550372.71092573,2487145.8560488406,118455942610.07158,2242440886254458.5,2544993.247536856,795898.9722380415
2021-06-28 16:00:00,145622.42688441978,1824644.7692361947,186514161.77621594,2475575.644501595,116128493026.02986,2154320898469104.2,2531251.182207338,791601.398685429
2021-06-30 16:45:00,145231.30480196452,1814843.2726239844,184510354.83735183,2463939.7889289325,113858571136.49365,2070101426794324.2,2517653.987670977,787349.1307600487
2021-07-02 14:00:00,144839.02673119598,1805039.2814155736,182516862.70062238,2452472.2942208927,111620429474.76503,1988716596454973.2,2504053.3324886383,783095.7805824543
2021-07-05 17:00:00,145477.014105491,1820940.9661705662,185732665.97207186,2484880.2659153948,115198576865.81192,2116218723702132.8,2526113.055572169,786545.1631981116
2021-07-07 16:15:00,145085.9640437181,1811151.3910726134,183735628.26963568,2474038.191614302,112944996009.8388,2033421346641786.2,2512532.3992396086,782316.6115393215
2021-07-09 14:30:00,144697.02844778448,1801440.9928234685,181765449.3747633,2457156.18608726,110741525018.69325,1954080338037722.2,2499061.58154278,778122.2598730759
2021-07-09 17:45:00,147734.0440372181,1877061.1273533758,197025596.9892187,2575036.725432081,127657068633.3729,2551043964447697.5,2603966.140586145,810785.9497783958
2021-07-12 14:15:00,147334.315541765,1866903.4846082628,194893204.392414,2562450.535441626,125143345506.42973,2450577640413612.0,2582829.2494713585,806398.4133787592
2021-07-15 13:30:00,146933.66716662876,1856750.0883014463,192773300.54305488,2550802.3524015113,122666748820.71353,2353583390535152.5,2568782.1982022766,802012.7112041551
2021-07-16 14:15:00,146534.44745948716,1846660.4847302476,190678235.41410124,2538282.65604676,120241224915.56049,2260507266297803.5,2554823.403098988,797654.5639413134
2021-07-19 15:30:00,146143.25929884776,1836800.8001185895,188642097.9876103,2528026.791968281,117905146516.54007,2172671797234087.8,2541182.696969556,793395.7288741517
2021-07-21 14:00:00,145750.67208572224,1826932.3393952567,186615087.61758253,2516674.533942831,115600108066.22723,2087720593991533.8,2527529.8492387417,789133.1030151314
2021-07-21 15:15:00,145358.74795836597,1817107.082981546,184607852.8153164,2504643.6936477437,113337873027.97733,2006009343771978.8,2513936.7739361837,787011.1210143537
2021-07-22 15:30:00,144962.90771098936,1807210.4083425594,182596959.92713577,2491002.4261876284,111091706844.82246,1926497875439393.5,2500244.892732459,784867.9360928676
2021-07-22 18:15:00,144578.85039504452,1797634.5466309641,180661907.72829017,2482306.569008141,108949759251.5549,1852208666911947.2,2486996.8507626886,782788.5471121504
2021-07-23 19:00:00,144384.99767017612,1792813.9749604906,179692974.77586013,2478070.549905607,107886641259.16675,1816061430369554.2,2480327.671765316,781738.9766359788
2021-07-27 15:00:00,143989.3279835645,1782987.993659497,177723267.00391302,2463720.066582408,105735017000.38066,1743624624785027.8,2466733.5935935187,779596.7151760712
2021-07-27 15:30:00,143598.976023248,1773320.709725437,175796051.24034613,2453877.194273515,103648927439.08672,1674823252604494.2,2453359.070532369,777483.245307943
2021-07-27 17:30:00,146811.20048186227,1852656.987942701,191525867.45938736,2534770.3534122948,120522514027.44496,2220130876547366.0,2563119.4634038536,794875.0872688261
2021-07-30 17:30:00,146412.13040056996,1842585.0047103814,189443403.9076766,2524342.0201535113,118138294655.49872,2132292034371955.2,2549185.045740008,790553.7430573158
2021-08-03 15:30:00,146006.90318102963,1832385.500117658,187346101.62498364,2511720.9529423513,115758714723.26572,2046393395840768.2,2535074.2044408224,786177.6863150245
2021-08-05 15:45:00,145608.90761428027,1822395.8175789025,185303378.54079983,2500766.3607152356,113462319728.70927,1965201624450832.5,2521253.6483881106,781891.6528876501
2021-08-06 15:15:00,145206.21717009615,1812315.9207747304,183253506.7016105,2487411.2796632214,111178703665.52751,1886095785477732.5,2507308.2824320705,777566.9133897172
2021-08-09 15:00:00,144826.90568048324,1802847.5623951028,181338708.23200086,2469661.516943159,109065115138.43375,1814383662890325.2,2494208.969495435,773504.5520123657
2021-08-11 13:30:00,144429.80864094562,1792961.2028626532,179349877.11380047,2450215.160244736,106888802369.23845,1741974325977132.2,2480531.359066335,771383.7004604404
2021-08-11 14:00:00,144034.4153844776,1783144.326756654,177385913.2305427,2431891.5599011513,104759228624.42976,1672562699941376.0,2466949.877777102,769271.9486262354
2021-08-13 13:30:00,143636.95086424757,1773303.1148151418,175427919.879869,2413559.5339012523,102655389944.33058,1605383852803374.0,2453334.7282729386,767149.1344004063
2021-08-13 14:30:00,143241.3319502232,1763534.705665573,173495197.06071013,2397718.2984260414,100597696486.76749,1541025072371438.5,2439820.300194401,765036.1773540465
2021-08-13 16:15:00,142852.15100069132,1753951.7996434225,171609679.11384353,2387441.8971538013,98608584157.0645,1480083876322507.8,2426562.5125406706,762957.6047669643
2021-08-16 15:45:00,142464.62846553462,1744435.7252521147,169747540.74373803,2378142.251316385,96661821745.84158,1421643291651049.2,2413397.185312642,760887.8895884022
2021-08-17 15:00:00,142069.72202056122,1734764.7084086526,167865406.2495804,2358712.849644978,94711841561.17792,1364285046207080.0,2400017.4978347616,758778.7377607726
2021-08-17 16:00:00,141686.1386254249,1725397.097532103,166052482.8049682,2349568.4170908486,92850823449.73758,1310670648296369.5,2387057.5673567834,756730.0610952026
2021-08-18 14:00:00,141291.8398885821,1715793.873071202,164204051.19818407,2331706.8202366317,90970329972.45325,1257581025320143.5,2373771.669488283,754624.1549697655
2021-08-18 14:30:00,140899.80274544217,1706272.3758814668,162381608.02879778,2315954.5095381523,89133377348.33736,1206792669046186.5,2360598.8399107708,752530.3277672034
2021-08-19 15:15:00,140522.28223674578,1697128.9590311092,160641296.51461574,2305424.366363282,87395342109.2291,1159729531813029.2,2347949.078058637,750514.0323103432
2021-08-20 16:00:00,140138.0120971438,1687847.0718936555,158884147.32930675,2290714.1483987463,85656069006.27745,1113569488664274.2,2335107.7449171236,748461.6878182202
2021-08-25 16:30:00,139754.33864800064,1678605.0097577842,157144158.93050602,2279907.740460824,83949389459.5794,1069194202892263.4,2322321.508988613,746412.5301841183
2021-08-26 16:00:00,139378.89872487733,1669586.107848697,155455533.26009324,2270761.3616316295,82308116760.7187,1027387126836466.2,2309844.0114420317,744407.3469056484
2021-08-27 14:15:00,138991.115380193,1660295.782109819,153725484.67486852,2254679.7723759552,80641549526.73459,985782245335401.9,2296991.003638832,742336.2387721246
2021-08-31 16:00:00,138609.14603475804,1651170.2766214118,152035637.87862366,2246703.03839138,79028720299.26108,946350998626177.5,2284366.021851616,740296.1825682383
2021-09-01 15:30:00,141704.5322609207,1724917.3543217748,165616531.5739744,2371577.6468193615,91872591978.33946,1253955898305565.8,2386393.85077685,756828.2994765115
2021-09-02 14:30:00,141298.0841044899,1715022.2653295798,163716393.79126015,2351170.606613886,89954826763.93947,1201605290787513.5,2372704.163288519,752486.709801871
2021-09-02 15:45:00,140902.4437246068,1705418.0011972906,161882743.55762312,2338881.643150462,88121766010.56763,1152633699627282.0,2359416.8270523176,748272.723043171
2021-09-08 15:00:00,140510.7980139367,1695937.4041627361,160082897.35283288,2319378.5116413604,86339198068.71121,1106001681802933.4,2346300.5821445435,744112.9967155841
2021-09-09 14:45:00,140120.88303685412,1686525.0116146277,158305988.52774888,2306949.9212481296,84595560258.2419,1061329820262140.8,2333278.6969848713,739983.1959292785
2021-09-10 15:00:00,139739.9175826953,1677354.2477274062,156584357.56144464,2295799.317817756,82921703262.44942,1019329641078603.0,2320591.1009719037,735959.4126330664
2021-09-10 15:30:00,139359.17992023914,1668213.9541529128,154877828.36616683,2283925.0923794587,81277476846.76106,978905755504257.0,2307945.6601188593,733954.2055936196
2021-09-13 15:00:00,138972.06563290645,1658945.9682713947,153156939.36019194,2264892.115112433,79634384844.11113,939326962445768.1,2295123.5591287296,731915.4151860137
2021-09-13 16:15:00,138587.91791395287,1649774.6242796883,151463508.7090986,2246110.2152593806,78032396226.26266,901534466020461.2,2282435.1605510637,729892.2486170331
2021-09-15 15:00:00,138202.12085906268,1640589.4341006307,149776949.69406,2227352.244455378,76451524865.30875,865005791081091.5,2269727.606008465,727860.3955944742
2021-09-15 15:45:00,141290.93485643883,1713923.7009917335,163166994.24109286,2314469.4631148498,88886681254.61336,1146399322699935.0,2371184.3181933607,744128.057509306
2021-09-20 15:15:00,140906.1304618076,1704587.994169857,161389459.77983275,2295559.1624316955,87124906159.33884,1100954994090411.2,2358268.5264329254,740074.8074265751
2021-09-21 15:00:00,140519.50421562605,1695233.7034046203,159618141.50422767,2280549.5285436553,85385136237.7495,1056985744235747.1,2345327.02410262,736013.4888203355
2021-09-21 15:30:00,140138.1339270384,1686031.9663176634,157885325.35093763,2270203.0401433217,83698658654.61386,1015231808084986.1,2332596.5771940993,732018.4038931205
2021-09-23 13:45:00,139765.59474437634,1677067.7685925656,156206454.12831396,2261858.2901093415,82079377819.31558,975949328851930.2,2320194.761956562,728126.4505719508
2021-09-27 16:00:00,139391.53786191854,1668091.0423483488,154534222.86545154,2253881.9830936356,80480705411.59268,937931904626180.4,2307775.613725701,724229.057788925
2021-09-29 13:30:00,139011.7857201066,1659002.0954038564,152850198.05256712,2235460.8538715946,78885033327.28912,900739592517691.0,2295201.210062807,722256.000169529
2021-09-29 15:30:00,142119.82418646984,1733186.3424672566,166519953.97082105,2385402.7804763946,91720670337.75195,1193864053847156.5,2397833.855373641,738404.2671632955
2021-09-30 15:45:00,141739.3757147105,1723907.0163909642,164736887.81890947,2375992.3967305836,89933785955.64519,1147346796083502.5,2384996.065416728,734450.9161569751
2021-09-30 16:15:00,141364.42273949596,1714786.2754320079,162993728.27968273,2367611.8940062555,88202386744.37575,1103169509056551.0,2372377.675275051,730565.1285305868
2021-10-04 15:30:00,140982.9104457625,1705530.5938039892,161234187.65595058,2357087.719614094,86470032115.72261,1059835516049270.5,2359572.59701057,726621.8509716922
2021-10-04 17:15:00,140606.05566870095,1696412.646817827,159510237.60692224,2347802.59517489,84787895657.32582,1018600699365859.1,2346958.0722827795,722737.2536855362
2021-10-05 13:45:00,140221.6450255387,1687136.814798637,157765862.29569322,2328546.2345294617,83100902638.94969,978067265789724.1,2334125.1162944986,718785.3912823803
2021-10-05 16:00:00,139839.08078467048,1677930.843571061,156044143.01810014,2309487.439668432,81450905819.7982,939227546214576.2,2321388.811524376,716824.3417774126
2021-10-07 15:45:00,139459.95259005032,1668832.5158668025,154351891.2129098,2298176.479836595,79843811036.65947,902164049510412.1,2308801.4297397383,714880.9056719054
2021-10-07 16:15:00,139085.6989808917,1659875.5847830758,152695021.22854373,2288308.6911148746,78284453180.32463,866925335825741.0,2296409.6677770666,712962.4570126493
2021-10-11 17:00:00,142196.50403746948,1734125.481073889,166355791.4625062,2396463.8107258487,91026931158.77861,1149146812809877.0,2399133.1376785473,728908.6486964526
2021-10-13 16:00:00,141822.40307651667,1725000.952826534,164605147.5386643,2388617.8470557877,89284089804.01526,1105142679910656.1,2386509.5078877225,725073.3163474618
2021-10-15 14:30:00,141435.52774361853,1715589.7412915784,162809051.29803258,2378192.4439634695,87511581304.71654,1061263086191791.6,2373489.25663968,721117.4818029553
2021-10-15 15:15:00,141051.7960945617,1706280.537429814,161042168.91048366,2368927.5699160527,85783665063.47354,1019353805259540.4,2360610.1312742345,717204.5243605005
2021-10-15 15:45:00,140672.99962238083,1697116.0593299246,159312245.37474212,2360544.9807001953,84107101772.50562,979509129256432.4,2347931.231541236,713352.3998050953
2021-10-18 16:15:00,143169.16469096844,1757344.8429061642,170619878.33828688,2423940.8755712733,94968438340.90533,1232490818090514.2,2431256.730241793,738668.4923995028
2021-10-19 13:30:00,142775.96870545667,1747692.1926461456,168745534.75722528,2408407.7665060917,93070304067.39018,1183223227626142.5,2417902.4526200313,734611.1734026027
2021-10-21 14:15:00,142382.955252497,1738070.5938635168,166887539.58092836,2389845.1004573954,91205850875.90692,1135816821359600.0,2404591.134189627,730566.9063391822
2021-10-21 15:00:00,141998.28210112642,1728679.1735005898,165084032.81535426,2379939.089868007,89412585255.59792,1091152553943596.5,2391598.2636918044,726619.3906600733
2021-10-28 15:15:00,145171.43912230668,1805938.8470064283,179840198.87769392,2525219.9763654782,103953615433.06192,1446057451721784.2,2498485.7092296537,759094.1134113909
2021-10-29 14:45:00,144777.88430829693,1796147.1699197553,177890036.32647306,2510186.095312495,101902681380.55269,1388997993861357.0,2484939.0903554894,754978.3569729935
2021-10-29 15:15:00,144384.80465460513,1786393.899785926,175958112.69853753,2494283.7549784705,99889179677.45682,1334107390624094.0,2471445.6068479926,750878.7442107046
2021-10-29 15:45:00,143999.7795763451,1776866.4920685608,174081231.36675733,2484481.684591377,97950642986.77332,1282325683448446.5,2458264.6001559333,746874.0686779142
2021-10-29 16:15:00,143623.54121697787,1767581.4037752685,172261894.22391585,2476312.7567434413,96088141678.81949,1233559627610140.0,2445418.838269709,742971.247783604
2021-11-01 14:45:00,143236.42758525815,1758052.9539016928,170404679.81700477,2464812.09063361,94203318217.60274,1185165682502928.2,2432236.3897722405,738966.134199079
2021-11-01 15:15:00,142851.2430426347,1748597.61025242,168571703.3943797,2453732.0231520734,92359705815.54057,1138776952422025.5,2419155.082493911,736978.9418541271
2021-11-01 15:45:00,142468.56588237724,1739229.1461960776,166765389.65483537,2442905.6059339284,90559098085.75667,1094374676236216.8,2406193.971656186,735004.6852594252
2021-11-02 14:30:00,142079.42508538597,1729728.03257274,164943367.6182151,2431043.2248791023,88758951585.3523,1050866408481777.6,2393049.342396438,732997.082338439
2021-11-03 13:30:00,141689.0757078911,1720223.5140916945,163130704.2904185,2418977.836282647,86984261535.70757,1008843330801660.9,2379900.002573905,730983.2442712846
2021-11-04 13:30:00,141303.24968143375,1710855.0147949834,161353853.92661712,2399216.864549326,85260473411.4224,968858346801163.0,2366938.8429817287,728992.7424691163
2021-11-04 14:45:00,140924.9025541448,1701693.2003071369,159625719.08901733,2386368.797565843,83599073889.06018,931099682552497.4,2354263.6283107325,727040.8247987904
2021-11-04 15:30:00,140551.39486512903,1692672.857086869,157933429.58265376,2376391.589267821,81986567959.46129,895180534425187.5,2341784.136734623,725113.8741082522
2021-11-04 16:00:00,140178.93301049934,1683701.6750898943,156259332.2705118,2366457.585462629,80405402208.12914,860652224788121.1,2329372.6588756167,723192.318945977
2021-11-10 15:30:00,139790.59957929328,1674373.0600894352,154527810.38329554,2346790.409213738,78784356318.17554,825949164711116.8,2316466.6785296113,721188.8812780849
2021-11-11 17:30:00,141216.41767556177,1708529.168099056,160832341.56305557,2398345.9252845026,84632448321.81966,948568093932457.9,2363721.073597529,728544.7704498074
2021-11-16 15:00:00,140833.84606595614,1699271.9618243643,159089487.89770386,2386416.279211677,82963847307.88995,911164433405033.6,2350913.8860102817,724597.346345889
2021-12-01 13:45:00,140460.41096859748,1690260.3810399342,157402120.83186397,2372519.8844575565,81362870549.92091,875998439350879.9,2338446.5171152665,720754.660966811
2021-12-02 13:30:00,140082.44235780966,1681163.6488904855,155707890.8197026,2353367.0561564467,79769502470.0125,841688244986366.2,2325861.342753598,716875.6656535282
2021-12-02 14:15:00,139706.0278343051,1672128.7633876486,154034284.6048969,2336503.8143080166,78209563525.46904,808768840154619.9,2313361.732176649,713023.0427615067
2021-12-02 16:30:00,142833.26725832306,1746988.052882332,167826161.58927864,2461136.698883958,90950281440.35718,1072273587816474.6,2416928.2872211817,744944.2676953602
2021-12-03 15:30:00,142442.87938403236,1737438.4155258958,165991370.58489135,2442761.2967791874,89141196131.09656,1029616558844023.5,2403716.5262011825,740872.1461971569
2021-12-07 13:45:00,142050.205327352,1727859.179360394,164161008.6842231,2426001.1427971106,87352823672.81172,988303720866783.9,2390463.8157317694,736787.4032828496
2021-12-07 15:30:00,145224.18829630734,1805074.0710306286,178833123.9276898,2545043.5153577058,101557381687.98444,1309722467265767.2,2497289.306360971,769713.0954966897
2021-12-10 14:30:00,144817.8815410281,1794973.6353188762,176831773.9550184,2523682.0248601395,99489552642.31299,1256387453807045.0,2483315.5251752804,765406.1045746389
2021-12-10 15:15:00,144411.83722075896,1784908.04339199,174848550.98024485,2502454.119684573,97459455693.66533,1205113962901667.2,2469389.949773904,761113.9716121247
2021-12-10 18:15:00,144029.43322556984,1775455.1345449828,172996548.104728,2494207.7791556073,95581299702.90268,1158666094034232.2,2456312.0110031376,757083.0967317806
2021-12-13 14:00:00,143627.90127083048,1765555.7416950597,171067396.80369192,2481227.9713137783,93642067369.76901,1111650145101940.5,2442616.3692007684,752861.8337729139
2021-12-13 14:45:00,143227.99616277806,1755724.0202341469,169162175.73737472,2469324.065789805,91744587484.4871,1066599157889699.4,2429014.3496152572,748669.4270006978
2021-12-15 14:15:00,142825.8448606397,1745864.6810009112,167262301.66057685,2452067.865964334,89869894880.03746,1023009762416181.1,2415374.1213110043,746567.3352797655
2021-12-15 14:45:00,142426.2047366787,1736094.4944045683,165390239.1627884,2438586.3746492327,88039838087.34764,981345844433484.4,2401857.234165056,744478.369779806
2021-12-16 15:00:00,142030.38727064605,1726444.9144717338,163551691.3901231,2418255.107352602,86259213613.68996,941649987065213.0,2388507.204288784,742409.385758311
2021-12-16 16:00:00,141646.88270397476,1717121.5644263008,161785229.38885,2404958.320245,84564162441.75984,904641884457851.5,2375608.5079185977,740404.7626966601
2021-12-17 16:15:00,141266.4548615686,1707898.052557438,160047171.91593793,2396136.118247723,82911288719.1768,869277996115714.1,2362847.935969296,738416.2220312888
2021-12-20 15:15:00,140875.53011949072,1698445.5663837655,158275586.45460966,2376243.733429386,81241521895.28542,834264873510201.2,2349770.5819599065,736372.8128480783
2021-12-20 16:45:00,140494.1920634716,1689250.471536708,156561832.35117683,2365802.91600436,79641077146.08467,801395109254110.9,2337049.3244774253,734379.5143900804
2021-12-27 16:00:00,143627.46564031087,1764597.1287812737,170528275.9526566,2471326.2498283936,92567105995.6181,1061533637594015.4,2441290.1445228127,750757.5005118907
2021-12-28 15:15:00,143215.9102651644,1754484.4469194822,168573724.20254692,2452881.5993360416,90636758405.69713,1017260266899102.4,2427299.4209966236,746455.0046989943
2021-12-29 13:30:00,142821.20661930935,1744813.7140167912,166715364.65534538,2442217.6977228634,88818848795.18472,976453705673451.8,2413920.1263459753,742340.5384881393
2021-12-29 15:15:00,142430.20411139546,1735260.1392477222,164889693.88190702,2432098.2334341276,87049228723.67514,937544125108086.1,2400702.9179825014,738275.9178460705
2022-01-03 14:00:00,142034.83436841978,1725626.3770898902,163058835.1452744,2413655.8684812784,85290680380.31915,899664026864698.4,2387374.771729178,734177.18104084
2022-01-03 14:30:00,141640.15574821163,1716036.2249200637,161246439.29593068,2393888.060766077,83565881897.43442,863276952879056.4,2374106.9591532606,730096.9983435462
2022-01-03 15:00:00,141244.8991080878,1706458.789636832,159446561.9803102,2373847.13070498,81868772531.22002,828212992106973.6,2360856.7401738684,728059.6122293798
2022-01-03 15:30:00,140861.43965864662,1697193.212584489,157715064.66583458,2364710.409963507,80251240084.18385,795485949881464.1,2348037.9717579726,726083.0358019919
2022-01-04 13:30:00,140474.8596488877,1687877.6614972136,155983732.33285853,2352987.064408299,78648411523.17451,763710052113051.9,2335150.0651138816,724090.3741640995
2022-01-04 16:00:00,143617.22953904344,1763392.041152225,169940922.5393345,2433742.8042189954,91452147320.45108,1012369663759462.8,2439622.9262642665,740288.0040831615
2022-01-05 15:15:00,143219.89239413085,1753634.699902267,168060261.25148436,2420512.480531147,89610804808.823,971602566343346.4,2426123.81043678,736191.7835544752
2022-01-07 15:30:00,142822.8703921474,1743912.146035422,166196731.81404266,2401724.6519314367,87802966186.9662,932399690121488.4,2412672.822362741,732110.1670853577
2022-01-10 13:45:00,142430.80203393067,1734337.5902224348,164371800.56586352,2384942.308701032,86048838210.4138,895144721347695.9,2399426.587081506,728090.6815442141
2022-01-13 15:30:00,142038.18608278624,1724776.0544750127,162559411.95612687,2372871.6745826392,84322614482.76817,859229766775302.4,2386198.3648397494,724076.6619449174
2022-01-21 15:00:00,145212.69153503908,1801872.3782150922,177092003.61479437,2477076.6316443793,98037843823.42836,1138740391058743.8,2492859.8187522283,756442.3992805583
2022-01-26 13:45:00,144808.30008402065,1791836.5917025805,175119325.01353672,2459109.183503513,96050929263.09935,1092583115965986.8,2478975.4786352003,752229.2849002202
2022-01-26 16:00:00,144405.26150699874,1781862.311640504,173169717.331614,2442444.726614737,94105377532.1215,1048321660323382.6,2465176.2316472633,748041.9914867282
2022-01-28 15:00:00,144017.85010424134,1772301.5273523263,171311393.82161394,2430213.1934148283,92268027616.33643,1007385982366968.4,2451949.049036603,744028.2873568513
2022-01-31 13:45:00,143622.75816240118,1762577.4264653728,169431522.64744115,2410212.388327608,90425893965.40329,967161005946903.2,2438495.92068653,739946.0214346333
2022-01-31 16:30:00,143238.4065604301,1753143.6923395598,167617846.93233457,2399588.833658864,88664784731.0701,929488695417980.2,2425444.509816729,735985.654117513
2022-02-02 15:15:00,142840.56014161516,1743404.9364232682,165755604.48681095,2384952.2186058625,86872548772.42688,891912039293833.1,2411971.106482577,733941.4449991555
2022-02-07 15:00:00,142442.78499496618,1733695.045149154,163909253.28748038,2365027.736703113,85111964921.08719,855760551732216.5,2398537.636890425,731897.6020904826
2022-02-07 18:15:00,142051.42937028737,1724168.535155392,162107917.87513986,2350472.6304379497,83410159937.26428,821538863318673.2,2385357.8721837173,729886.7438832581
2022-02-08 15:45:00,145222.4206803076,1801145.2113666018,176582754.23958316,2481062.6993827233,96960695123.31122,1088467767003253.0,2491853.795772996,746179.888784459
2022-02-09 13:30:00,144802.96946615606,1790740.5845571628,174542632.60224807,2460483.0041287905,94922566655.42526,1042708253017008.0,2477459.1713723177,741869.4516100902
2022-02-10 15:15:00,144386.71611036765,1780445.1910246059,172535658.38571966,2442879.214979416,92936756153.60756,999080671670843.2,2463215.669354169,737604.2676856432
2022-02-10 15:45:00,143974.78317307666,1770286.0290603747,170566692.75062802,2428151.226797163,91007122610.18423,957593112680607.6,2449160.641396021,733395.5218850414
2022-02-15 14:00:00,143594.96450557743,1760945.6756202602,168766810.50645995,2417113.738144928,89259879620.62657,920823510368344.9,2436238.4211182063,729525.9927392686
2022-02-15 14:30:00,143216.22510615244,1751656.4988040559,166986284.54793012,2406128.66309538,87546531459.10559,885472997343223.0,2423387.002830004,725677.6650864664
2022-02-15 15:15:00,142840.1477915053,1742457.0066129132,165232300.22306344,2397392.177499469,85873469943.34482,851629262579332.2,2410659.661696698,723772.078569416
2022-02-16 16:00:00,146030.9020190456,1820302.7964152675,179996095.09766668,2527781.592656499,99833621239.2065,1128522076190667.2,2518357.9891717844,739939.6536887154
2022-02-17 14:00:00,145646.5656295466,1810721.144930598,178101179.75146863,2519314.3572210604,97921428727.2064,1085291119786751.8,2505101.9371493426,736044.7830686766
2022-02-21 16:15:00,145256.00110544424,1801009.9177664695,176190801.64647102,2499047.0448665437,96010439070.65567,1042931033108755.5,2491666.619376054,732097.2408911507
2022-02-25 13:45:00,144877.05971772238,1791613.0296194002,174352227.36736023,2479488.6304542576,94187616222.16724,1003329536960003.6,2478666.1842917763,728277.4752043721
2022-02-25 15:45:00,144503.35563831413,1782370.2537210723,172553291.39369956,2461580.577585245,92419503001.8381,965660036662613.6,2465878.960885035,724520.3550094247
2022-03-01 15:30:00,144125.2438650296,1773042.6478076032,170747259.11972928,2450971.7978023086,90659578866.6571,928882336075574.5,2452974.376593734,720728.7520393315
2022-03-03 18:15:00,143749.1723680665,1763789.7121683082,168965109.77191243,2439229.3979364876,88937979431.24397,893603917063613.0,2440173.0973579935,718848.1270119934
2022-03-04 16:30:00,146972.19342884867,1842882.0825167615,184118674.78689182,2539644.405130105,103450174238.2512,1185226330967389.5,2549596.047837338,734965.5252181633
