entry_time,direction,adx_sig,atr_pct_sig,ema50_slope_sig,pnl,r_multiple,mfe_r,mae_r,bars_held,exit_reason,is_loss
2012-05-18 15:30:00,long,45.85334200553198,0.53,2.197964786489554,-31.408075272170123,-1.0536249564702462,1.072499129405991,2.205326334840856,1,stop_loss,True
2012-05-22 15:45:00,long,43.17528955677762,0.78,-1.6183331567712411,265.3851363924789,8.959687451241058,10.852138125719993,0.0,7,take_profit,False
2012-05-24 15:45:00,short,29.240874417496176,0.72,0.9678327200455384,-31.57737335864663,-1.044810331429266,0.0,3.2263438629100887,1,stop_loss,True
2012-06-01 15:45:00,short,28.75728226012808,0.89,-0.23042307738721,-30.939963077126865,-1.033561430099154,0.591520205498161,1.8920256218415217,1,stop_loss,True
2012-06-20 13:15:00,long,27.98380696857521,0.62,-0.847300828764796,-33.96175516546251,-1.087409567084632,1.3767006815844436,4.457887921320204,2,stop_loss,True
2012-06-20 14:15:00,long,36.382552955908935,0.72,-1.0216665580374753,-33.57731204497589,-1.0786189187890198,1.1989385115336686,1.1498016872905312,2,stop_loss,True
2012-06-20 15:15:00,long,42.32710693685122,0.78,-1.1883112098027568,-33.20209302342536,-1.0700280488791818,0.0,6.845241777946388,1,stop_loss,True
2012-06-25 15:45:00,short,28.86732480093611,0.57,-0.4081515500123481,-34.36049924587251,-1.0818896627071033,1.1874001092541575,1.709446709012405,1,stop_loss,True
2012-06-28 13:45:00,short,36.869991406784486,0.59,-1.2059287325909276,-34.29947309837085,-1.087006861547071,4.089322492716296,1.533495934768364,2,stop_loss,True
2012-06-29 14:00:00,short,44.36024910594777,0.63,1.3707393057443866,-33.30237935047365,-1.0588602816658157,0.0,4.907475983891728,1,stop_loss,True
2012-06-29 14:30:00,short,47.43763784363546,0.74,1.4912643009217086,-33.09303688932344,-1.0555572310286434,3.250098015178636,4.041788557337435,3,stop_loss,True
2012-06-29 15:30:00,short,53.14446443991017,0.87,1.530800567724344,-32.678067538631986,-1.0456322702929406,0.0,7.803118220099813,1,stop_loss,True
2012-07-06 16:00:00,long,38.673709245086265,0.89,-1.0618939029683618,-32.517001688057576,-1.039949589301697,1.6429268600337683,1.4381852148623435,2,stop_loss,True
2012-07-10 14:00:00,short,34.239575373205334,0.76,1.066211101534592,-33.78600267218355,-1.0875436072562754,5.646562668034994,2.3199055922932907,6,stop_loss,True
2012-07-19 13:15:00,short,30.996950422376656,0.61,0.8752997030689267,-33.9016969054512,-1.0838522132952195,0.0,2.316417392282342,1,stop_loss,True
2012-07-19 13:45:00,short,33.250700446659025,0.59,1.0132486512770602,-33.844666164580055,-1.0855586708420122,0.1497276739737648,3.78597118476221,1,stop_loss,True
2012-07-19 14:15:00,short,36.12792384225013,0.63,1.1021374278648428,-33.624247438143065,-1.0820125631415694,0.953396046521675,2.5936473093544588,1,stop_loss,True
2012-07-19 14:45:00,short,39.94711458594679,0.66,1.2718139785439526,-33.408036056967994,-1.0785560154510143,4.045634795731042,2.189748930698815,3,stop_loss,True
2012-07-25 13:45:00,short,26.87634878178468,0.55,1.564955842013756,-33.322954672562105,-1.0828535636656622,0.0,2.4959636054301946,1,stop_loss,True
2012-07-25 14:15:00,short,29.80452974992059,0.51,1.6790953168282925,-33.23733002577004,-1.0835912406190984,1.9017007240863868,1.0135437925072794,1,stop_loss,True
2012-07-27 15:45:00,long,37.92653296685616,0.75,1.3006613626930603,-32.338006549928714,-1.0577102031038097,6.427473870692708,1.8539402747115263,3,stop_loss,True
2012-08-01 16:00:00,long,27.011700060150567,0.75,-0.6108655042866475,-32.3339900020512,-1.075144729683361,0.0,6.265191837355768,1,stop_loss,True
2012-08-09 15:15:00,long,25.36729201446997,0.65,-0.5935091509540992,141.29407115442285,4.500273751078355,8.259819213935467,0.0,12,time_stop,False
2012-08-15 15:45:00,short,36.55523631365206,0.78,-1.0483445935954865,-33.84692079447233,-1.0744163462491807,0.0,4.567303251047492,1,stop_loss,True
2012-08-20 15:30:00,long,36.15962513806012,0.56,-0.984452121177908,-35.06751217729156,-1.124390898694927,3.0631258803653987,1.6481794077091931,1,stop_loss,True
2012-08-21 14:15:00,long,30.55361705457151,0.53,1.3878480866491856,277.0741711177323,8.914065777043591,20.589839820467606,0.8593422295687636,4,take_profit,False
2012-08-31 13:15:00,long,28.10009325019641,0.51,0.8192926628000539,300.1135146012058,8.916478906208287,10.005827036347396,0.0,9,take_profit,False
2012-09-06 13:30:00,long,56.4883675421853,0.63,3.226743804011787,-38.36439226068448,-1.0963905243656769,2.915813362064468,5.614748044305616,4,stop_loss,True
2012-09-06 14:45:00,long,48.67770013446257,0.85,2.255038184589698,312.1451873404641,8.950028483446518,10.63393872254258,0.0,1,take_profit,False
2012-09-12 14:15:00,long,32.89428611144951,0.9,1.49952570829444,-38.953327897121575,-1.0698906799298789,0.4542894195446097,1.476440613520081,2,stop_loss,True
2012-09-12 15:00:00,long,28.60006700277218,0.86,1.557032690412472,-39.01183952911127,-1.0749479887787958,2.1172806830031115,3.916032413695489,2,stop_loss,True
2012-09-24 13:15:00,long,44.63102989700568,0.54,-1.48181836928842,138.0944551738937,3.7287390458546255,7.1467498378880725,0.3964463928062635,12,time_stop,False
2012-10-03 14:15:00,long,30.08384657101665,0.61,0.8763771377654243,-40.32258308860085,-1.1018788923006952,6.48204452263753,2.075782430628694,4,stop_loss,True
2012-10-11 13:45:00,short,34.917718254822795,0.57,1.496923806231846,-41.06581305641827,-1.1000981819883684,0.8132977286560626,1.2262027293586517,2,stop_loss,True
2012-10-19 16:00:00,short,37.33418683349069,0.69,-0.966867039637056,-41.03062992229729,-1.095861834153636,0.6470673805375902,1.6416339098823844,1,stop_loss,True
2012-11-06 13:45:00,short,35.64881616296246,0.53,1.4213373508966665,-42.29838235714843,-1.1057479828371892,0.0,2.604044077367888,1,stop_loss,True
2012-11-06 14:15:00,short,40.01143666146135,0.53,1.6270354571887724,-42.201518153373954,-1.1068876124493698,5.103883494462281,1.5498703805170808,6,stop_loss,True
2012-11-14 14:30:00,long,28.359312785567205,0.55,-0.8742011900670232,341.91245493284674,8.935692023520211,9.19604063649283,0.3987094541695439,3,take_profit,False
2012-11-15 15:00:00,long,32.44159006782296,0.63,-0.8127732588384242,350.3228048234429,8.946406992908495,9.100092604187424,0.0,2,take_profit,False
2012-11-16 15:00:00,short,26.03851857688113,0.56,-1.330893979704426,-44.02213734416032,-1.0948356183061707,0.2133801411891536,4.066077134880842,1,stop_loss,True
2012-11-19 16:00:00,short,26.234641233861243,0.58,1.3026331486901,-43.8322589147519,-1.1009531619910682,4.65646459684233,2.13263554706304,6,stop_loss,True
2012-12-10 13:15:00,short,30.13637857933364,0.51,1.5016921393722331,-43.816543912188784,-1.116054816068504,2.6112333615436487,1.0590001966260885,5,stop_loss,True
2012-12-10 15:15:00,short,30.34248504669285,0.55,1.5561323525897937,-43.54408815705355,-1.1128410478149084,0.0,3.3711263034735994,1,stop_loss,True
2012-12-11 14:30:00,short,26.27826456846299,0.59,0.1639898786201599,-44.72739570425137,-1.1509146783514947,0.3961510306731027,1.5091467835162349,1,stop_loss,True
2012-12-12 14:30:00,short,29.731545782757824,0.68,1.1746328171469913,-44.4495217330411,-1.147727300189502,2.769886878555683,4.394887180641885,4,stop_loss,True
2012-12-31 15:15:00,short,38.460976271041886,0.79,-0.002318044644756,-43.95044629562648,-1.0948271676847232,1.9795171254204824,3.532311996259171,1,stop_loss,True
2013-01-02 14:30:00,short,42.50699765364067,0.59,1.5616155187335985,-43.60329565975231,-1.0897587676399485,0.0,3.478152246051052,1,stop_loss,True
2013-01-10 13:45:00,short,36.95382491267034,0.56,1.393408494453945,361.7615854842364,8.923087550080266,9.291023950227714,0.323032289660293,5,take_profit,False
2013-01-10 15:45:00,short,33.635007177387656,0.89,0.8852474280195569,-44.70419069645387,-1.0739104875966168,0.0,2.716210419177977,1,stop_loss,True
2013-01-15 14:00:00,long,49.45063010340642,0.71,2.050663988042388,-44.7203486754745,-1.0814239567122197,0.0,2.340938755478404,1,stop_loss,True
2013-01-15 14:30:00,long,43.46373148831629,0.84,1.670392073012696,-44.39981430751713,-1.0771674438573702,0.3279616363942619,1.6108703905239188,1,stop_loss,True
2013-01-24 14:45:00,long,29.54698046427329,0.71,-1.4640105680658884,-45.68125640528919,-1.112885122053269,3.372443021344617,6.589668999865348,2,stop_loss,True
2013-02-05 14:45:00,long,28.767486163348103,0.74,1.0661184429540265,-45.81159782141393,-1.0981162996889309,0.0,4.255794499010987,1,stop_loss,True
2013-02-12 13:15:00,short,28.779156109723324,0.73,-0.9410665288337698,-45.81828495735128,-1.0841478200904353,1.6829564018101373,3.8076888590955376,3,stop_loss,True
2013-02-12 14:15:00,short,25.724465026384078,0.75,-0.5160800230367758,-45.43343149402188,-1.0785493755863822,0.59893898884661,1.3255207130213142,1,stop_loss,True
2013-02-12 14:45:00,short,26.52969839438284,0.72,-0.2476942483874824,-45.33213255854486,-1.0796379572188115,8.750220549424842,1.1746598689783758,11,stop_loss,True
2013-02-13 15:45:00,short,29.702445522943755,0.65,-0.5087398587634524,-45.74498085544782,-1.0930105912631307,2.197375218593577,1.2091376864217565,1,stop_loss,True
2013-02-28 14:15:00,short,40.67644270594258,0.75,-1.65460321495789,-45.19288421060445,-1.0691666915088756,2.2133341282859886,2.645625950216855,4,stop_loss,True
2013-03-01 14:45:00,short,37.50691141463567,0.54,-2.203448325369308,-45.13181148606664,-1.071157579878348,0.0,3.83361461594944,1,stop_loss,True
2013-03-01 15:15:00,short,33.57023934578901,0.65,-1.8614306778851128,-44.86457780744556,-1.068247846020178,0.0,11.798346380748963,1,stop_loss,True
2013-03-01 15:45:00,short,34.356628074408455,0.88,-0.985571550523112,-43.97216194786959,-1.0503651327247467,0.0,2.826743074178982,1,stop_loss,True
2013-03-05 15:45:00,short,41.33373204949023,0.57,1.1647244600358715,371.7303586973738,8.937429977862413,9.410531329330633,0.0875980309910275,6,take_profit,False
2013-03-06 15:30:00,short,26.70191679580695,0.68,-0.4391114511125776,380.31017771560727,8.935665058500643,9.508704353613805,0.0,3,take_profit,False
2013-03-20 14:15:00,long,25.130149794428903,0.64,-0.4546833596602525,-50.7819817640336,-1.116992091850347,1.9888655614578976,1.0383048151724967,1,stop_loss,True
2013-03-22 13:45:00,long,26.348527834116847,0.65,-0.6013409519401776,-51.96035125305428,-1.1467540583431797,1.871114243877208,6.824063712964107,2,stop_loss,True
2013-03-22 14:30:00,long,33.81451845659475,0.72,-0.8861109278772739,-50.63139460661684,-1.1212817670310222,1.7282651801937916,2.0769502604079806,1,stop_loss,True
2013-03-25 14:15:00,long,46.26651637192998,0.85,-1.7916593005618635,-49.27839975941226,-1.098708883075502,0.0,8.772751983343094,1,stop_loss,True
2013-03-26 15:00:00,long,30.01229192638503,0.55,-1.1798290458167493,-49.72306203743492,-1.112289298709369,1.6422309936261223,1.3334354221750375,1,stop_loss,True
2013-03-27 14:15:00,short,37.90271093166046,0.68,-1.1198107884184951,-49.66761441263166,-1.1147687889208482,0.0,3.572178555164658,1,stop_loss,True
2013-03-27 14:45:00,short,36.13014830685098,0.74,-0.8174287947960784,-49.16986679993707,-1.1073002034891424,1.3949026453600697,1.30101496730707,1,stop_loss,True
2013-04-03 14:00:00,short,26.79453510562573,0.56,-0.653277756293996,-48.441023830513984,-1.0934337803366831,0.0116792225420853,1.541657375556597,2,stop_loss,True
2013-04-10 14:15:00,long,33.70777451679253,0.74,-1.0165639516702745,-49.1924095196127,-1.0959019756025734,1.8940640181524584,2.013941487655948,2,stop_loss,True
2013-04-10 15:00:00,long,38.90785691388851,0.75,-1.060067241776132,-48.8316388390851,-1.0914531512196568,1.4975453512231824,1.9090845317118987,1,stop_loss,True
2013-04-22 14:30:00,short,45.40696200031204,0.51,1.6404769979627432,396.2263175573579,8.970443407463605,10.25613761023141,0.0,11,take_profit,False
2013-04-24 15:30:00,short,31.02043467471753,0.6,-0.0106606105379433,-47.96212202250892,-1.057392039479631,0.0,5.05767347914704,1,stop_loss,True
2013-04-24 16:00:00,short,31.07631134951473,0.65,0.1174693734006933,-47.54922930241207,-1.051625182457698,1.9682100812016496,1.5100365868889918,3,stop_loss,True
2013-04-29 15:45:00,long,31.413833604087905,0.53,0.5731110249813023,-47.33076283367913,-1.0534964478429096,1.1501736286236215,1.370846475975776,1,stop_loss,True
2013-04-30 15:15:00,long,27.939422913526524,0.64,0.3727475800337988,-47.18501135333907,-1.0535821208112874,3.355580315810082,1.1118290068351306,6,stop_loss,True
2013-05-01 16:00:00,long,34.29467965395343,0.77,-0.8193463438578583,-46.985383227783394,-1.0524512064775615,0.0,5.22545144533184,1,stop_loss,True
2013-05-03 15:15:00,long,33.576630673957894,0.77,0.9862949451318844,-47.01898076436554,-1.056539645283608,0.0,12.912241491655704,1,stop_loss,True
2013-05-09 15:15:00,long,26.72812286182954,0.63,-0.2266540800059923,-47.07244482659781,-1.0819731218229234,0.0,4.262602334795972,1,stop_loss,True
2013-05-09 15:45:00,long,32.061994146169575,0.66,-0.4247098270499778,-46.617255859438615,-1.074999840721812,1.4906218343472903,3.9937415184401073,2,stop_loss,True
2013-05-16 15:45:00,short,35.787616503792506,0.58,-1.945674762718267,-45.31708881776527,-1.0483989095961934,0.2661940027793392,1.627413335173519,1,stop_loss,True
2013-05-22 14:45:00,short,29.77562195594124,0.63,0.9073264993305272,-46.05303331522735,-1.047367615927178,4.055852113768251,1.3262932459621954,4,stop_loss,True
2013-05-30 13:30:00,long,40.71660669452808,0.55,1.8421169949215384,-47.51841768975998,-1.0648005568240588,0.0,3.2319277716028827,1,stop_loss,True
2013-05-31 15:00:00,long,27.81039988185129,0.65,-0.719497281930858,-47.326191518864334,-1.0638916181802804,1.4375614090577635,1.629236263598605,1,stop_loss,True
2013-06-04 15:00:00,long,52.97941020946936,0.57,-1.6386023379598669,-47.537855884709,-1.0790363895523492,1.0571117102635683,1.2053049406744474,1,stop_loss,True
2013-06-04 16:00:00,long,58.47925954149467,0.72,-1.8465925908359189,-47.02495337433856,-1.0708607827899097,4.694526859835721,5.916875362962864,7,stop_loss,True
2013-06-06 15:45:00,long,27.498147652558647,0.75,0.6423025507429512,-46.306232842875445,-1.0578925150745473,0.0,3.4228949537857325,1,stop_loss,True
2013-06-11 14:15:00,short,40.62238925542109,0.87,-1.978346141736376,-47.02322004139865,-1.0598030226348951,0.0,2.780840552525178,1,stop_loss,True
2013-06-14 15:45:00,short,29.28159283491721,0.65,-0.5123293127480636,-47.18174901924176,-1.0703716485963788,3.6241399027167,3.1227419064671023,5,stop_loss,True
2013-06-24 16:00:00,short,29.27922332075413,0.75,-0.5728984949703495,203.95090725299175,4.672895997070424,6.422236549819733,0.0,12,time_stop,False
2013-06-27 14:45:00,short,31.37374921664159,0.54,-0.6570502331043161,-46.21022824790506,-1.0474792967408866,2.172177825897582,1.6973848584881772,2,stop_loss,True
2013-07-08 13:15:00,short,28.966917624262905,0.67,0.7701301519420451,-46.086405428026815,-1.058089742799317,0.3630608924960621,3.187674636115333,3,stop_loss,True
2013-07-12 14:15:00,long,39.91369357116517,0.54,-1.3318215006478151,387.52845496034905,8.954462214876205,9.972774941938802,0.5009156363530469,9,take_profit,False
2013-07-15 15:00:00,long,33.62414342702694,0.52,-0.9642651966775648,-47.65765228501361,-1.0723977312097204,0.0,4.108571246155334,1,stop_loss,True
2013-07-15 15:30:00,long,36.246879036850174,0.7,-1.0678055127062651,396.79055023716506,8.957442407418947,9.04774418274002,0.0,1,take_profit,False
2013-07-16 15:45:00,long,30.27974732255493,0.87,1.2964353706462783,-48.66701770585073,-1.0698945793062806,5.198409335909382,2.4637839205485736,12,stop_loss,True
2013-07-17 15:30:00,long,26.07225950835597,0.64,-0.7165830907189485,405.3605875693451,8.940132677394942,14.978804116071892,0.0,1,take_profit,False
2013-07-23 14:00:00,long,25.85068563643777,0.6,-0.6816575945210067,233.6828146751784,5.019202652048961,6.32398489283313,0.7260481823716487,12,time_stop,False
2013-07-26 15:15:00,long,44.19305169386698,0.55,-1.1864797719021614,-50.458692282817545,-1.0746420478788767,1.1756122540933722,2.873718843339307,1,stop_loss,True
2013-07-26 15:45:00,long,46.48947985142162,0.63,-1.2726624626852203,-50.05154509314643,-1.0694185728449226,8.390969992637695,8.373615349426268,8,stop_loss,True
2013-07-29 16:00:00,long,37.24461084915024,0.79,0.9839860150307964,90.23635326922695,1.9342265354974688,2.859945850151854,0.7676696755670261,12,time_stop,False
2013-08-20 14:15:00,long,31.3055181737999,0.87,0.0075292357851151,412.5105503826737,8.96134948381366,10.319687821715272,0.0,11,take_profit,False
2013-09-04 13:30:00,long,33.39850491778687,0.54,-0.80964551007967,-51.29115916115207,-1.0786067485561228,1.169275384773444,2.8101912608838484,2,stop_loss,True
2013-09-04 15:30:00,long,39.7206129010925,0.65,-1.1291663133672498,-50.87080332977232,-1.07323985636317,0.0,6.628207000872908,1,stop_loss,True
2013-09-04 16:00:00,long,43.49239424534052,0.76,-1.153400766982087,-50.30776973688873,-1.0647896557844976,1.0123383716336936,1.247200873852681,2,stop_loss,True
2013-09-12 13:45:00,short,60.32589526283355,0.85,-3.0629471247413043,420.5261265471874,8.958433494509952,9.967648016703649,0.0,7,take_profit,False
2013-09-13 15:15:00,short,29.15652724012496,0.88,-1.3066892972319344,-50.66988647883432,-1.0511660224279125,0.4732857074586276,4.118864805450598,1,stop_loss,True
2013-09-20 15:30:00,long,35.09743074420687,0.58,-1.125717451890727,-51.49868357006594,-1.06240427021447,5.124950691368128,1.2714870056208882,5,stop_loss,True
2013-09-27 15:00:00,short,26.47889517055318,0.86,0.379435930393838,-50.87891739934818,-1.059610312849106,0.0,5.037071435753876,1,stop_loss,True
2013-10-02 16:00:00,short,27.10961202991912,0.71,0.5252221988420571,-49.94235976523752,-1.0536185081989906,2.446344436581083,1.3739742726003554,2,stop_loss,True
2013-10-07 15:30:00,short,26.350819708024307,0.62,0.4520203325082044,-52.24289810203759,-1.0876426516105788,3.713857362001765,7.559178701419149,4,stop_loss,True
2013-10-14 15:15:00,short,47.009672803612105,0.6,1.2949399060102336,250.1030229309669,4.986312546980261,5.97069528226965,0.9199838647564932,12,time_stop,False
2013-10-17 14:15:00,short,48.77764713049629,0.89,2.7785361555669765,-54.04453069243293,-1.0371620479650063,0.0,2.155398781972365,1,stop_loss,True
2013-10-23 14:00:00,long,36.7961198350523,0.7,-1.052922404827034,132.25447565064002,2.487600076642688,6.399816937265339,0.4054678539019551,12,time_stop,False
2013-10-29 14:00:00,long,32.65175461635691,0.88,-1.4238271352250746,192.86663169943563,3.5302524810324303,8.56710261179794,0.0,12,time_stop,False
2013-10-31 14:00:00,long,34.24520505669776,0.5,-1.150478127644614,-59.66894810240127,-1.0807412569803991,0.0,6.6409683866438005,1,stop_loss,True
2013-10-31 14:30:00,long,38.2750079027677,0.75,-1.130378991854904,-58.77276464943095,-1.0679719268813856,2.124122715045233,1.2574806473067934,2,stop_loss,True
2013-10-31 16:00:00,long,44.990351493531264,0.86,-1.3494248313857071,-57.90357984509582,-1.0555597164657202,0.8542306406613979,1.034799719174831,1,stop_loss,True
2013-11-05 13:30:00,short,28.205117855609227,0.72,-1.0835432162773568,-60.02185581683938,-1.105004427813501,2.546357374479783,1.1156720455196405,4,stop_loss,True
2013-11-06 13:15:00,short,29.146903102521563,0.73,1.1222875118174562,172.6667654222158,3.1999855205796885,6.399971041159115,0.6700330692909193,12,time_stop,False
2013-11-25 16:00:00,short,36.91635955596178,0.87,-1.0467329646017636,-57.4042018571124,-1.0783505342992488,0.822680610143003,1.322165266300937,1,stop_loss,True
2013-12-10 14:15:00,short,39.82259716068277,0.84,1.0851397443275093,-57.091801143595305,-1.0976522913458944,0.0,1.7455347078095274,1,stop_loss,True
2013-12-19 13:45:00,short,41.999303203906834,0.58,-2.7209967019967007,352.1524822175388,6.569868136265136,7.868994603888164,0.0,12,time_stop,False
2013-12-23 14:30:00,short,27.454696889508813,0.71,-1.3145290525135962,-59.24182038954919,-1.087471937764171,0.0,4.1767850282428975,1,stop_loss,True
2013-12-26 15:30:00,short,29.264590408733117,0.66,1.2429922557689626,-60.57644202824133,-1.1267890359367525,0.0,7.195277789417196,1,stop_loss,True
2013-12-30 13:30:00,short,33.04439734468093,0.79,-1.7130117247713743,-59.05724157815139,-1.1059472911424368,4.396812582415047,3.284366025418556,9,stop_loss,True
2014-01-08 13:15:00,long,42.17780873129706,0.62,-0.8370009214825734,-61.0914118246534,-1.1027878231207615,8.261571283338807,6.359996555602673,9,stop_loss,True
2014-01-08 15:45:00,long,36.21878820968377,0.9,-0.2457884643219099,-59.17136152563471,-1.0716736404210796,1.8635146509499056,2.1681276227394948,3,stop_loss,True
2014-01-21 14:00:00,long,34.71548044889757,0.81,-1.8551379173516775,-63.82007169675384,-1.1372196445139289,0.0,7.324098525937576,1,stop_loss,True
2014-01-24 15:30:00,long,35.661287941634846,0.79,1.6002219550159258,-60.40268103663542,-1.0800092595153783,1.4701701435964458,1.9002199134918327,3,stop_loss,True
2014-01-27 15:30:00,long,28.846387625959373,0.8,-0.8434063933678926,-59.61192561950739,-1.0763386261660437,2.566886304835608,2.452378365586325,4,stop_loss,True
2014-01-30 15:45:00,long,42.81566981156054,0.86,-1.480088393310803,-58.68643773551258,-1.066570600827784,0.0,2.86253583559736,1,stop_loss,True
2014-01-31 13:45:00,short,25.109772821628333,0.57,-0.0805862614820767,-60.34431709248752,-1.1038920384643711,0.402581649049734,1.194758442341451,1,stop_loss,True
2014-01-31 14:30:00,short,30.388369385154263,0.62,0.5189732200603282,-60.06902967476974,-1.1025072914568157,1.0122595031372164,1.473542314692885,2,stop_loss,True
2014-01-31 15:15:00,short,35.32084089671248,0.6,0.992472428173092,-59.96096314255319,-1.1041759237683872,0.0,6.8756109687194895,1,stop_loss,True
2014-01-31 15:45:00,short,40.37216882225326,0.71,1.2384868927633044,484.0265478336291,8.942930506820653,11.299759649469584,0.6962478167856385,6,take_profit,False
2014-02-04 15:30:00,long,27.880903127625896,0.68,-0.8728068936502789,-60.345666145412,-1.0894583215985103,2.0239945261680767,2.5607444557596475,1,stop_loss,True
2014-02-06 15:15:00,long,34.94018836814269,0.66,0.9492569136806526,-61.37531336215108,-1.1116805803366228,2.582613420286623,5.723629742256995,1,stop_loss,True
2014-02-13 14:45:00,long,33.57717902271484,0.64,0.4269444229805832,504.2615000929964,8.924949303170637,9.066124177036835,0.0,7,take_profit,False
2014-02-26 14:45:00,long,25.523223123457967,0.66,-0.6286685388324282,-64.28879880268222,-1.1194414167211366,0.0,8.375829347577167,1,stop_loss,True
2014-02-26 15:15:00,long,32.36786478428327,0.8,-0.9885181011342532,-63.057643303256974,-1.1017035560011077,4.958048355058624,2.9239772350344477,7,stop_loss,True
2014-02-27 14:45:00,long,28.70469741486957,0.73,0.7922085319744151,169.40615633969645,2.969572776494674,6.785937790036359,0.9047917053381284,12,time_stop,False
2014-03-04 14:00:00,long,34.613925491806256,0.54,-1.8704935057255327,-62.29480796601172,-1.08595845161697,0.0,1.837361903314444,1,stop_loss,True
2014-03-04 15:30:00,long,42.669852941171854,0.62,-2.120514843618714,-61.94650306127461,-1.0834162378766836,2.2209573334688355,1.48063822231232,4,stop_loss,True
2014-03-18 14:30:00,long,29.228479253918877,0.78,-0.61897434748066,-63.52169175058731,-1.078243335012189,0.0,2.376641300997242,1,stop_loss,True
2014-03-18 15:00:00,long,34.672540395749365,0.79,-0.9669570877476994,382.2522815214026,6.50956420638672,6.852172848828025,0.0,12,time_stop,False
2014-03-19 15:00:00,long,36.06651787996366,0.76,-1.983449089522748,-64.85720001887867,-1.083329505437567,1.8957462487063068,2.9373650666768416,4,stop_loss,True
2014-03-21 13:15:00,short,35.47612728734481,0.65,1.3018609678907291,373.4003548048699,6.257355841841624,6.712796298684325,0.8118721187198734,12,time_stop,False
2014-04-03 16:00:00,short,42.08775166679288,0.85,-1.4550409262779325,-68.75786942307164,-1.0937953212737133,0.820709061145793,1.3952054039475548,2,stop_loss,True
2014-04-04 14:45:00,short,46.55538995434689,0.67,1.6712465335653588,-70.40939052004815,-1.1237550761515955,0.1856326142277451,2.289468908806629,1,stop_loss,True
2014-04-11 16:00:00,long,26.178163482424868,0.81,0.6667296106892099,-68.40287968855982,-1.0895806172694915,4.0983132400830655,1.7804147682326754,6,stop_loss,True
2014-04-25 13:45:00,short,25.91573859197465,0.5,1.1036214900009007,-71.87165582861391,-1.1279197523392026,0.0799498452120015,8.202854118758998,1,stop_loss,True
2014-04-25 14:15:00,short,30.691279353752016,0.59,1.1575653443085072,-70.20669370491981,-1.1055314771054146,0.3034029966783665,1.8204179800701996,1,stop_loss,True
2014-04-25 14:45:00,short,36.09663184376098,0.57,1.4384809600828454,-70.03728335049466,-1.1065337280170615,2.1040411283387868,2.2904751523689475,2,stop_loss,True
2014-04-29 13:15:00,short,48.4327960719086,0.65,-1.725227127417414,-69.86653912225509,-1.1152836042666716,2.363313887469061,1.354582350134374,5,stop_loss,True
2014-05-01 13:30:00,short,41.9624246280201,0.61,-1.7140488420110904,558.0633868804379,8.938304349461584,9.414756272085606,0.6169565053791266,6,take_profit,False
2014-05-06 13:15:00,long,31.2981941223724,0.6,0.2262587433003153,-72.30848266361926,-1.1302984836253116,8.143655226589386,2.101063048460002,6,stop_loss,True
2014-05-12 15:00:00,short,31.12641861729932,0.58,1.610909277256667,-70.84613739841518,-1.108728633720128,1.6717027434485092,9.364253579154346,1,stop_loss,True
2014-05-19 14:15:00,short,54.23321697263265,0.78,2.124151731311001,-73.63042999678554,-1.1375664900545912,5.055568509510921,5.124351754538217,4,stop_loss,True
2014-05-22 14:30:00,short,35.947508923817054,0.5,1.293850076997258,-74.0360000851001,-1.1557348521818422,2.316555926207118,10.278500244010887,3,stop_loss,True
2014-05-22 15:30:00,short,40.72242683887504,0.67,1.2870746571096436,569.9767742953034,8.928547763194075,9.9318609161683,0.4858752102872499,11,take_profit,False
2014-05-30 15:00:00,short,30.58501735860898,0.56,-1.1720128914555334,-74.86268879316039,-1.1427452564913183,7.226478609879477,2.051963062064728,2,stop_loss,True
2014-06-06 15:30:00,short,31.49546330270126,0.68,-0.2629304978857926,-75.51243287179518,-1.146832141610019,3.303723186228347,3.4138472924362784,1,stop_loss,True
2014-06-10 14:15:00,short,27.10483902749286,0.62,-0.3229410469302112,-79.83510952965798,-1.2166679949151715,0.0,3.7916899110192017,1,stop_loss,True
2014-06-10 14:45:00,short,26.01791054829377,0.69,-0.2647329102363473,-79.1413251386243,-1.2105132647958543,1.184137114477879,1.3683362211742518,1,stop_loss,True
2014-06-17 15:45:00,long,34.84638786538404,0.88,-1.06488571269555,577.9797395772805,8.932279321147197,9.49443917534469,0.0,4,take_profit,False
2014-06-26 15:00:00,long,53.80854139765167,0.75,-1.8799415795815275,604.9628396928008,8.929047752064154,9.45083942519241,0.0,1,take_profit,False
2014-07-03 13:45:00,long,30.90946032559023,0.54,-1.03061552717068,-81.95436796876646,-1.1473193238479225,0.147319323848341,8.931234008288248,1,stop_loss,True
2014-07-03 14:15:00,long,33.703731880829416,0.77,-0.8275493397237089,-79.7166615888445,-1.1198470430621283,0.4194646507181304,1.1984704306223053,1,stop_loss,True
2014-07-03 14:45:00,long,37.98362294598524,0.74,-0.9483068991684674,-79.75959749072518,-1.1242270869522693,2.5466552825236364,1.7236508314645,1,stop_loss,True
2014-07-14 14:15:00,long,52.27011319086274,0.86,-2.8322092542453587,-77.9125887243369,-1.1019095276717463,0.0,4.012687652078502,1,stop_loss,True
2014-07-24 13:15:00,short,33.915756552737584,0.55,-0.85800758284382,378.7614655251321,5.429794052272937,7.709357736026051,0.0,12,time_stop,False
2014-08-14 13:45:00,long,25.339026548554173,0.78,0.7968740665399272,-80.78781775465491,-1.1035553598517718,0.0,2.006385097129844,1,stop_loss,True
2014-08-14 14:15:00,long,26.52899778037565,0.76,0.5089177344143047,-80.52327204450795,-1.1035953214502598,0.0,2.162552335276236,1,stop_loss,True
2014-08-14 14:45:00,long,28.08207028618592,0.72,0.1316690162778735,649.6233205656231,8.932855016314795,12.905265864484464,0.4565858890659317,3,take_profit,False
2014-08-21 13:15:00,short,52.5084595700403,0.62,-2.565029905534476,-84.73188364700326,-1.120700121971902,0.0,3.25890329324444,1,stop_loss,True
2014-08-21 13:45:00,short,47.51969763920951,0.58,-2.2293721582356154,672.3618964067758,8.92294576322589,10.772182301030329,0.0,6,take_profit,False
2014-09-05 15:45:00,short,25.24956801785478,0.78,0.3259110597355793,174.44457308088505,2.219671217678784,4.681297117853124,0.1893558384750228,12,time_stop,False
2014-09-11 15:00:00,short,34.691478658632555,0.71,-1.250106092828339,-87.17329861050436,-1.1018748757739645,0.8659364440795657,1.2352328687601866,1,stop_loss,True
2014-09-16 13:30:00,short,25.159589035911004,0.81,1.1814535038235876,721.7651807016737,8.91537703690019,9.968585053121096,0.0,8,take_profit,False
2014-09-25 15:45:00,short,26.29008715222443,0.74,-0.7411592494713108,-93.44678305095132,-1.1008746005718535,5.686805607243393,5.40940045567051,4,stop_loss,True
2014-10-01 15:30:00,short,26.24686992139601,0.69,0.4549895885044429,-94.48497928282538,-1.095182288757719,0.0,4.759114437890279,1,stop_loss,True
2014-10-01 16:00:00,short,30.882958142501813,0.72,0.6143063268746001,-93.30779197431109,-1.08510258015564,1.4892951527251492,3.223260223397763,2,stop_loss,True
2014-10-13 13:45:00,long,27.01660422329672,0.52,-0.4718320233828839,-93.4564134316294,-1.108735198289551,0.8562896865308326,1.4679251769104844,1,stop_loss,True
2014-10-22 16:00:00,long,27.529395514645785,0.85,-0.5131032103756198,100.62155868030776,1.2099384519051504,4.839753807620602,0.0,12,time_stop,False
2014-10-23 13:15:00,long,30.714593754499543,0.68,-0.9463979193439896,-94.69525273225264,-1.1345584930349144,2.337953816483936,1.6147019164205052,3,stop_loss,True
2014-10-23 14:30:00,long,34.32944681430134,0.72,-1.389336473545154,-94.20631207022484,-1.132555269817798,0.0,3.943519277082887,1,stop_loss,True
2014-11-18 14:15:00,long,48.81136417941246,0.57,2.807179691391636,-89.15502047113824,-1.082668823920938,0.0103336029901172,1.0230266960225474,1,stop_loss,True
2014-11-18 15:15:00,long,40.82161699338725,0.57,2.512795044848568,-88.8922526845194,-1.0829954357714096,3.2679452835023213,2.220127906887095,1,stop_loss,True
2014-11-19 14:15:00,long,40.366874541439735,0.5,1.1699297295173643,-89.64054252481,-1.0956718515366377,0.0,5.297828778846196,1,stop_loss,True
2014-11-20 15:15:00,long,36.99033375739842,0.6,1.2932374338514578,78.2189284793433,0.9592190041840536,5.936583758178483,0.6948673101176471,12,time_stop,False
2014-12-01 15:15:00,short,50.39282329987308,0.74,1.7436241636886811,-86.46062158916864,-1.043459337268408,0.0,3.161666786279515,1,stop_loss,True
2015-01-02 13:15:00,long,37.519485396977686,0.74,-2.118904986537017,-96.98611884160655,-1.0860528062513712,3.366816044588079,7.454324341531637,4,stop_loss,True
2015-01-05 15:30:00,short,32.45834409327639,0.54,-0.3340549508445523,-94.5966421435671,-1.062758024820959,0.4393061737470693,1.4434345708833043,1,stop_loss,True
2015-01-07 15:30:00,long,26.891805590560462,0.52,-0.4592499392480125,249.5590260346492,2.812670227581965,6.695258149577166,0.0,12,time_stop,False
2015-01-21 13:15:00,long,32.6874993621236,0.85,1.4923659637608593,-95.98308790795244,-1.076255015671369,0.8102095415091624,1.4774409286340744,1,stop_loss,True
2015-01-21 13:45:00,long,28.69489855589368,0.82,1.3360885534643676,-95.77833359092602,-1.0774379065117097,8.46009128641197,6.504784146989544,12,stop_loss,True
2015-01-22 14:30:00,long,35.88717598582175,0.58,-0.7768001182402096,793.2011917947522,8.95188268107818,9.065302884755535,0.0,2,take_profit,False
2015-01-26 13:30:00,long,35.83538341610793,0.86,-2.014498401922568,-97.5492742615596,-1.0721256104071903,0.081141311708089,1.1810568704187654,1,stop_loss,True
2015-01-26 14:00:00,long,37.90233205230452,0.79,-2.256307493084945,812.0472561880388,8.953689648105325,9.289856590249167,0.0,5,take_profit,False
2015-02-03 14:15:00,long,25.732575616836453,0.5,1.115138931728329,-104.1591217382612,-1.092789459348209,0.0,5.404986007037924,1,stop_loss,True
2015-02-03 14:45:00,long,26.16204366459854,0.66,0.6398257003815148,-102.876767503874,-1.0828856884361215,0.0,9.138147150090656,1,stop_loss,True
2015-02-03 15:15:00,long,30.245168313406403,0.88,0.1086618011646631,-100.75058391003884,-1.0639618271350917,0.0,6.260263830852736,1,stop_loss,True
2015-02-05 15:15:00,short,41.68073632299314,0.73,-1.309562487537974,534.5916972216509,5.663554962243585,7.876165662926932,0.0,12,time_stop,False
2015-02-13 15:15:00,short,28.73183716925728,0.55,-0.5067239778949635,-110.88385393316888,-1.1324786250645058,0.9273503754522928,6.938567987759886,1,stop_loss,True
2015-02-13 15:45:00,short,28.40692075857861,0.65,-0.3439328422803866,-107.89235201781672,-1.105682311950316,1.8626507481258232,1.1889260094422578,1,stop_loss,True
2015-02-18 14:45:00,short,25.98565855266169,0.55,-0.9134962612430269,-108.12473563064825,-1.111751514374738,4.120837092572283,2.179154530309301,4,stop_loss,True
2015-02-19 14:15:00,short,32.5793790248864,0.54,1.1693917876119846,-106.7048728294452,-1.1008238422899237,0.5671341128813925,3.7304821647306063,1,stop_loss,True
2015-02-20 14:45:00,short,26.581597831115,0.75,-0.6334906895331001,-103.73252780025967,-1.0772869724745424,0.0,3.8836703668492714,1,stop_loss,True
2015-02-23 15:30:00,short,37.250307101742685,0.63,-1.3441788651598536,-102.99355172891762,-1.083872263740713,4.172645121104286,6.384776077267499,5,stop_loss,True
2015-02-24 13:30:00,short,29.487747909921087,0.5,-1.374751936309518,-105.84671041919684,-1.1175318079874186,2.262487303759813,1.4985305518409242,4,stop_loss,True
2015-03-06 13:15:00,short,34.99902885619881,0.61,-1.3619149731114195,-106.4908108895154,-1.128958813619581,4.1750415909376,2.353498348559552,4,stop_loss,True
2015-03-18 13:15:00,short,25.65196683015961,0.67,-0.5595758234623455,484.4085335810434,4.88744708393463,6.594920584411599,0.0,12,time_stop,False
2015-03-30 14:15:00,long,50.16177921705699,0.59,-2.1102457321249224,-110.65993594601288,-1.1075592019221216,0.0,2.352857542048246,1,stop_loss,True
2015-03-30 14:45:00,long,51.285744728754736,0.57,-2.2429596660982285,281.56763561060296,2.827513534151435,6.987220944969679,0.6660969383337142,12,time_stop,False
2015-04-10 14:30:00,short,42.01975240671686,0.8,1.905329215084136,-108.72401683926677,-1.0974624021913075,6.700540150658484,2.2294524501280977,4,stop_loss,True
2015-04-16 15:15:00,long,27.09693365455922,0.56,0.8762667315946996,-108.83157835565908,-1.102176923493008,3.0014471276100223,1.008997119494328,2,stop_loss,True
2015-04-20 14:45:00,long,27.491251751435456,0.76,-0.752150911905621,-107.78325343839148,-1.1025151674420526,1.4736555319809648,1.2814395930268243,1,stop_loss,True
2015-04-20 15:30:00,long,31.04603092396262,0.74,-1.207276058259858,-107.6271955226572,-1.1045722736897798,2.0260878027412668,2.117588542219824,2,stop_loss,True
2015-04-21 14:45:00,short,28.464515528677516,0.52,0.7819537119919081,-111.91813617309516,-1.1564392471367644,0.0,4.830061755351605,1,stop_loss,True
2015-05-05 15:30:00,short,25.83376020071496,0.81,0.4713917945339309,-105.57582082208788,-1.098988812366587,0.0,3.687333260658738,1,stop_loss,True
2015-05-05 16:00:00,short,31.34385456000449,0.88,0.8027904537861001,-104.23009692014791,-1.0885695108964633,2.5242310605514646,2.5685158159996964,3,stop_loss,True
2015-05-06 15:30:00,short,34.786558135027434,0.85,-0.7132881205199046,-103.79823489209988,-1.0876110042770366,2.245031984601055,2.0260044739082144,2,stop_loss,True
2015-05-11 14:45:00,short,25.303703290113788,0.61,-0.5370944269370004,-107.65643027523618,-1.139581067180063,0.2268192341679991,6.211357489518358,1,stop_loss,True
2015-05-18 14:30:00,long,38.95666197088939,0.51,1.393126276825647,-113.9384269588062,-1.1322571048243566,0.0,3.45521686353932,1,stop_loss,True
2015-05-18 15:00:00,long,35.15319878667736,0.57,1.1117938316868836,-112.96968290793184,-1.1264565773329591,0.2529131546662782,2.418482041495005,1,stop_loss,True
2015-05-18 15:30:00,long,32.79321119450323,0.61,0.8142470610097305,-112.09621476026412,-1.1215370374148312,6.198388908162269,3.615726863094341,4,stop_loss,True
2015-05-21 16:00:00,long,31.455155023406306,0.84,-0.6527817062772104,298.5977310372241,3.01801999919906,7.77294130405941,0.0,12,time_stop,False
2015-05-26 14:15:00,short,47.7233427189976,0.73,-2.924352071317572,887.1271587489339,8.919049896923868,9.859722554771809,0.2104702679998585,4,take_profit,False
2015-06-03 14:45:00,short,27.0002763498494,0.6,-1.0710167213708603,-114.7116972672668,-1.1306929018474383,2.2544525568701728,1.47029514578517,1,stop_loss,True
2015-06-18 13:45:00,long,56.34766892021295,0.78,2.732529739065809,974.2171179254468,8.935358559002566,9.43765038546272,0.0,6,take_profit,False
2015-06-23 14:45:00,long,32.52673459669731,0.51,-1.220246420920116,-127.15190837990528,-1.1436916869023994,0.0,3.7719067811912512,1,stop_loss,True
2015-06-29 14:15:00,short,27.47750989222857,0.55,-0.829926112998567,-123.02385864628512,-1.1103709353939122,2.4005678448197862,7.229296268307837,4,stop_loss,True
2015-07-09 15:45:00,short,26.202037251257195,0.67,0.5279342819259646,-122.85999672851374,-1.094914453042544,0.5220294917345311,2.6813332984542937,1,stop_loss,True
2015-07-13 13:45:00,short,27.62343989251235,0.71,-1.8575648377391467,-125.23286634045162,-1.119739255850885,0.8681096049199367,2.664198442684572,1,stop_loss,True
2015-07-13 14:15:00,short,25.35791147898641,0.73,-1.6050497453307826,505.2540132198643,4.532832807652629,8.873721555046203,0.132884349409884,12,time_stop,False
2015-07-24 15:30:00,short,32.76258432452926,0.85,-1.2847869961124183,-122.0610867024768,-1.0880919499050687,0.0,2.5877010284636497,1,stop_loss,True
2015-07-24 16:00:00,short,29.21985830963346,0.83,-1.2021316467944692,-121.7001312697113,-1.0884272032304307,4.841389376870357,1.4811556541109718,4,stop_loss,True
2015-07-31 15:15:00,short,28.175483233126748,0.53,-1.281744989652946,-124.39203997453728,-1.123712379395625,0.0,13.268152690192744,1,stop_loss,True
2015-07-31 15:45:00,short,29.975688116622404,0.82,-0.618685947524279,-120.06973384022378,-1.0883351672771484,1.53482353144196,4.229046133397246,1,stop_loss,True
2015-08-11 14:30:00,long,29.28937291501045,0.8,1.763956945851637,-122.60463434687242,-1.0650091866847846,0.8369932785673395,1.5602204804361213,3,stop_loss,True
2015-08-14 15:30:00,long,39.35297886793311,0.62,1.2869027946395972,-130.84062540826903,-1.1477418317566104,0.3508868504223697,1.3112087568407575,1,stop_loss,True
2015-08-26 15:45:00,long,34.374854534269744,0.88,-1.1720115524282793,-118.92920628016728,-1.0650440046379046,1.5773171124706629,1.2439665887010325,1,stop_loss,True
2015-09-03 14:00:00,long,28.784898721105968,0.59,-0.935312962860943,-124.44414515316696,-1.136878725797158,0.0,4.6367668363826136,1,stop_loss,True
2015-09-03 15:30:00,long,38.81979685136885,0.78,-1.4120916253245794,-120.77426872281696,-1.1071280131983805,0.0,4.860933598880766,1,stop_loss,True
2015-09-03 16:00:00,long,43.02360863424534,0.87,-1.4751448988501872,74.60072375094593,0.6861377650255333,8.67964272757119,0.2630194765930821,12,time_stop,False
2015-09-15 15:30:00,short,29.326926461742875,0.88,-0.4977774923621841,954.968888242113,8.918868904076293,9.394980908101973,0.0,11,take_profit,False
2015-09-16 15:30:00,short,39.357861927226125,0.6,1.1094282600146468,-127.7151708755226,-1.1617041482190138,0.0,9.702248893149555,1,stop_loss,True
2015-09-16 16:00:00,short,44.10417873918246,0.86,1.1133440556809309,-123.1854476079918,-1.124420269815004,2.5195104637563053,6.252118558209607,3,stop_loss,True
2015-09-18 15:00:00,long,46.91144622627161,0.78,2.2733490170192283,-120.5433707876505,-1.1040279205202803,0.0,3.5889632579529174,1,stop_loss,True
2015-10-02 15:15:00,short,61.39713616130273,0.75,-1.8241115847230365,-124.5733129427057,-1.1454819412610768,0.0,45.2085132469206,1,stop_loss,True
2015-10-08 15:45:00,long,27.51234566734052,0.75,-0.3046044394879409,990.472112839842,8.931717533919175,9.65514070396957,0.0,5,take_profit,False
2015-10-09 15:15:00,long,53.15229242974279,0.74,2.083050354572605,830.8237734860828,7.296554540247136,8.772394859876073,0.4132352894960702,12,time_stop,False
2015-10-12 15:30:00,long,49.96190451937119,0.66,1.806795335987083,-128.71827293677313,-1.1062291944050189,3.983594790191822,1.3677008779658226,5,stop_loss,True
2015-10-14 13:15:00,long,33.4104941684731,0.9,0.6073361918998644,-129.38048243487287,-1.0865479629858277,0.0,2.142062083900956,1,stop_loss,True
2015-10-14 13:45:00,long,36.59386206428297,0.88,0.3052822157684324,-129.11077684416634,-1.0878288879762723,1.943214146477021,1.2296044316688102,2,stop_loss,True
2015-10-20 15:15:00,long,39.57650620741465,0.69,1.172497876078982,-133.31180799120344,-1.1269025036529008,2.315970691667603,1.189710971747027,1,stop_loss,True
2015-11-24 15:15:00,short,38.3464486058036,0.85,0.89054458880715,-155.75250913610822,-1.102536129558363,2.3198799312600107,3.2170710648965644,1,stop_loss,True
2015-12-16 15:45:00,short,29.522974619172544,0.74,0.4562217184780708,-159.01010198942868,-1.0909094257510867,0.0,2.454554495281412,1,stop_loss,True
2015-12-18 16:00:00,short,26.69650210603956,0.65,0.6648355566708661,-165.36253188317576,-1.1085492488891182,3.229340154454348,5.9566400327956,3,stop_loss,True
2015-12-21 15:45:00,short,32.40913708885568,0.86,0.5871476733242094,-161.9811197025301,-1.0895044112790917,1.1076170895797748,2.1704819735197494,1,stop_loss,True
2015-12-30 14:15:00,short,28.922983039765647,0.66,-0.6681512695490606,-169.23020454573805,-1.1459412520315737,1.1492873597498872,2.845854414618176,3,stop_loss,True
2016-01-04 13:30:00,short,49.0221413730884,0.7,2.720668386035748,-170.72860333310263,-1.1337823094129402,6.689115470653094,7.023571244185825,7,stop_loss,True
2016-01-08 15:45:00,long,26.401985787196075,0.84,-0.6254505446325996,799.3934338847313,5.252096197782986,7.798567081556515,0.0,12,time_stop,False
2016-01-12 14:45:00,long,28.982805319848563,0.73,-1.0933204871433964,-168.2087861018575,-1.095237323004058,0.904754568539362,1.214275868302821,1,stop_loss,True
2016-01-14 16:00:00,long,28.528282219749794,0.73,-0.7328334818383992,-165.7961580409821,-1.0940956962781605,0.7645275322608548,1.4937691784168643,1,stop_loss,True
2016-01-15 15:45:00,short,29.956603761241723,0.82,0.5563760171332746,-162.8479768567572,-1.0892014541692523,0.8139632692951885,1.9401316281830137,1,stop_loss,True
2016-02-05 15:45:00,long,25.325166718536156,0.8,0.7641202277211501,-176.04874345327008,-1.081123716584392,0.0,7.990686083569777,1,stop_loss,True
2016-02-08 13:45:00,long,37.30467572287142,0.5,1.854040395716218,1451.8653679211727,8.944986269307535,11.629902668450857,0.0,3,take_profit,False
2016-02-16 15:15:00,long,33.162512697630056,0.85,1.7099654410928926,-180.29862799930945,-1.056870193396608,3.042555346721283,3.7249976674812273,5,stop_loss,True
2016-02-19 15:45:00,long,27.867848881638714,0.88,0.4954724279002459,-182.0683092250505,-1.0555890594425,3.286703139540821,1.4800587076579874,1,stop_loss,True
2016-02-24 15:15:00,long,37.86213953413417,0.63,1.765904949483945,1623.3307238961715,8.954318065896663,9.547524227475742,0.0,1,take_profit,False
2016-03-03 15:30:00,long,29.72652168833688,0.56,0.8662185910642624,1642.408796891923,8.936902508434255,9.7801111926552,0.8076478920384622,5,take_profit,False
2016-03-04 13:45:00,long,32.80762352497484,0.57,2.453328119602714,-203.26964422473893,-1.077179044475828,0.5595480724501916,3.2897567707852384,1,stop_loss,True
2016-03-04 14:15:00,long,29.80438329596844,0.63,2.25544586435389,-202.1927594341093,-1.0749460782964535,0.0,1.7237598008199235,1,stop_loss,True
2016-03-04 15:30:00,long,27.07732046773115,0.76,1.00060076556473,-200.2000660112905,-1.0677955070690368,4.305014698887699,3.2457099009330337,1,stop_loss,True
2016-04-07 16:00:00,short,36.66420540945841,0.84,1.915481605480472,-208.38815009232133,-1.076973285934114,1.5779523616508706,2.164873666898928,1,stop_loss,True
2016-04-12 13:30:00,long,32.00361101711123,0.58,1.1783327337685192,-215.3899240359682,-1.104904830368013,1.0490483036810232,1.0097089922930182,1,stop_loss,True
2016-04-13 13:15:00,long,26.784341332799883,0.63,-1.658075640085146,-212.8560179822944,-1.0955378224467112,1.7793919430716223,3.8453973534836496,2,stop_loss,True
2016-04-13 14:00:00,long,32.45684190172771,0.7,-1.6103218888908484,-209.7450016087418,-1.0830855739970806,1.3085977904552024,1.1112695522118996,2,stop_loss,True
2016-04-14 15:15:00,long,27.787573720703037,0.6,0.4859894122785289,-207.89066068757336,-1.0770095706126224,1.2610317187827864,3.118887609814053,1,stop_loss,True
2016-04-19 13:15:00,short,38.23002780688658,0.7,2.3968568141929363,-209.0014092734761,-1.089880776997073,2.4155458817983866,1.0560991297166322,6,stop_loss,True
2016-04-19 15:30:00,short,38.35540748289793,0.76,1.8288473196928607,-207.32763942490143,-1.088306981393453,0.0,2.803746659244641,1,stop_loss,True
2016-05-09 13:30:00,long,57.2816927668952,0.5,-1.7357406974583758,-204.2095971207129,-1.0933608514945616,1.7621860719614408,1.0036291535675976,1,stop_loss,True
2016-06-07 14:45:00,long,27.03307580021221,0.7,-0.9189352056082036,-212.760597537016,-1.1280344004163438,0.6241677020304035,1.9525246063506976,1,stop_loss,True
2016-06-07 15:15:00,long,32.262716026887034,0.75,-1.054772976141207,-210.59006179416477,-1.120317718058198,0.0,4.25623927631252,1,stop_loss,True
2016-06-15 15:00:00,long,26.984282899435417,0.63,-0.8651881196906832,1075.2184155168725,5.608772422903757,8.807409215806242,0.0,12,time_stop,False
2016-06-21 14:15:00,long,41.26915012819675,0.56,-1.3392740954200355,-209.7332930334104,-1.082955601201931,0.0,2.716795939365832,1,stop_loss,True
2016-07-06 15:30:00,long,27.45739208987595,0.56,1.4248430301900346,-211.21879018739293,-1.0726974878413875,2.544412074451045,2.971509815519197,3,stop_loss,True
2016-07-12 14:45:00,long,28.7278946867322,0.71,-0.8711421237894605,-208.5919606527212,-1.0839193861716745,1.9616156517645649,2.3077831197232,1,stop_loss,True
2016-08-02 14:00:00,long,43.07954082417231,0.68,2.3455545306066603,-216.8333044891076,-1.1120405459187386,1.2184409368675566,1.2324460051070805,2,stop_loss,True
2016-08-05 15:30:00,long,31.1677346616064,0.69,-0.2729984889413894,-217.48296413570856,-1.1191058313844826,0.0,12.297677090458995,1,stop_loss,True
2016-08-10 16:00:00,short,40.09204304271408,0.9,1.4750816848799182,1724.4774041863864,8.933645852093182,10.709559472316451,0.0,3,take_profit,False
2016-08-16 14:00:00,short,51.96934672851556,0.79,1.743670199233869,-222.9562427152646,-1.106643713526303,0.3332616047699998,2.4128140185347258,1,stop_loss,True
2016-08-30 15:15:00,short,26.89702929327663,0.62,-0.8228089556344655,1316.698064861241,6.499366902435014,8.781447977727682,0.0,12,time_stop,False
2016-09-21 13:15:00,short,31.0194761919964,0.78,1.4176355567207026,-223.7409520046641,-1.1098952750481947,1.6072183975814098,3.022120063828167,5,stop_loss,True
2016-09-21 14:45:00,short,34.03513301161566,0.76,1.2883271717296023,-223.92816192716563,-1.114535004941161,0.0,3.650803282502762,1,stop_loss,True
2016-09-21 15:15:00,short,37.40480771464019,0.74,1.5316928575158133,-223.34885346271008,-1.115381065202543,0.0,6.793060213805641,1,stop_loss,True
2016-09-21 15:45:00,short,42.23347924776247,0.88,1.5606712374531224,171.9176631027833,0.8614214614813754,5.447580791621388,0.1819904496088423,12,time_stop,False
2016-09-28 16:00:00,long,31.442651434785702,0.65,-0.0555309449381626,-234.6324906531395,-1.1767060217970085,0.0,3.5120321832185573,1,stop_loss,True
2016-10-18 15:45:00,short,31.316770327724207,0.78,0.8259481489178233,1905.486561067872,8.921308233281916,9.364320239460538,0.0,3,take_profit,False
2016-10-19 13:15:00,short,38.67596936509823,0.75,1.12864333106623,-249.30952443353152,-1.1368179527198694,1.6589176767299738,1.5049974799201205,1,stop_loss,True
2016-10-19 15:00:00,short,50.085504537570486,0.66,2.5024474732270594,-249.6736869553108,-1.142374500439862,0.2669521883251459,3.292410322674641,1,stop_loss,True
2016-10-26 14:30:00,long,27.586132554885477,0.69,-0.5438448137638093,-248.24771045542167,-1.1519997145164538,6.40298797401123,4.578991399812489,10,stop_loss,True
2016-11-03 13:15:00,long,45.46799059280531,0.89,-1.5532784797259154,-236.0084777811785,-1.0820256988801449,0.0,5.106099755293678,1,stop_loss,True
2016-12-07 16:00:00,short,30.361999515363937,0.72,1.0547260922947064,-245.95706976741857,-1.1149300504473878,0.0,4.022551765662167,1,stop_loss,True
2016-12-13 16:00:00,short,25.264198369122624,0.61,-0.3224501199193829,1935.9810549303104,8.925301438857703,11.802372660278955,0.0,4,take_profit,False
2016-12-15 16:00:00,short,42.81290676459169,0.75,-2.34577311343238,-238.78299485954076,-1.072135104319656,2.9395055010286377,1.1361278930356034,2,stop_loss,True
2017-01-12 15:30:00,long,49.29232772127848,0.64,1.542719090039197,-245.66487636467565,-1.0893795590051578,0.5586222437827437,1.1619342670680664,1,stop_loss,True
2017-02-02 14:45:00,long,36.23969436892955,0.56,2.09092540253716,-240.91422171566524,-1.1048945937632022,7.381957036092204,1.232511476718519,10,stop_loss,True
2017-03-01 16:00:00,long,25.63605212129956,0.78,-0.8992709993435488,2064.054971060526,8.942545123625802,9.83627483513762,0.0,11,take_profit,False
2017-03-03 15:30:00,short,34.65112677839748,0.54,-1.2837540354705583,2085.984705787801,8.924786793328051,10.228996107394565,0.2707675440190144,11,take_profit,False
2017-03-10 15:45:00,short,29.940493596951992,0.83,-0.2981109415450988,-282.7269419289462,-1.1214688580375796,0.0,7.667721663629123,1,stop_loss,True
2017-03-16 14:30:00,short,31.0156271958117,0.72,1.1693873962074297,-274.83805274073205,-1.1015454826659303,1.155079865326111,1.3327844599914889,1,stop_loss,True
2017-03-30 15:45:00,long,26.47272280851913,0.66,-0.373582545144523,-305.0795346093887,-1.1563464526261784,2.755606227538619,2.833779453852152,1,stop_loss,True
2017-04-05 15:30:00,long,33.45938187148285,0.76,-1.2354896487789595,-309.43303582818675,-1.1463729690718265,3.4214681520572747,4.994977569580659,3,stop_loss,True
2017-04-21 16:00:00,long,27.841463824786462,0.5,0.8837761213341272,-313.6653774554943,-1.1490268800739856,2.403058441195556,6.296385683131389,5,stop_loss,True
2017-05-25 16:00:00,long,27.31944026253246,0.53,-0.2521066071591566,-359.7833666515923,-1.1495176739900772,4.840634695433418,2.130626854360297,6,stop_loss,True
2017-06-08 14:45:00,long,25.785532299821256,0.61,-0.945618383002216,-349.25282158469423,-1.139633826090491,2.059598934836727,2.2166869891881325,1,stop_loss,True
2017-06-23 14:15:00,short,45.90759974060092,0.58,2.286385191001676,-370.6328706969976,-1.1776172558671063,2.975089035777062,1.2433207910707549,4,stop_loss,True
2017-07-20 14:30:00,long,40.63146475642554,0.5,-1.1552429699896491,2734.7808884428846,8.876540904299482,9.605117645683425,0.0,3,take_profit,False
2017-08-08 14:00:00,short,30.770581578980767,0.76,1.1251114388011931,-386.8841892324126,-1.1946027660275345,0.5594829523297148,1.824400931509795,1,stop_loss,True
2017-08-08 14:30:00,short,36.097743845274486,0.76,1.3759985088726303,2866.057328129075,8.881506359428151,13.74526230659754,0.4739745622960209,10,take_profit,False
2017-08-15 15:45:00,long,42.42200871948807,0.79,-1.1180297866455728,-375.4152376207276,-1.1211047620795662,0.2573476194194226,1.634914288075522,1,stop_loss,True
2017-09-27 13:30:00,short,37.54886464924926,0.54,-1.5608185083434871,3295.786462162586,8.928637009475374,9.020282002403071,0.0,8,take_profit,False
2017-10-04 13:15:00,short,32.642055489457185,0.54,0.8106513733432513,-448.1307092191372,-1.1905437858985843,1.786347992801396,2.59615908287038,1,stop_loss,True
2017-10-04 13:45:00,short,36.09294584587301,0.72,0.8779690600257811,-440.2601483010084,-1.1738266317461343,0.0,3.1723360293694216,1,stop_loss,True
2017-10-10 15:45:00,long,35.51541191208974,0.81,1.7632173814880063,-425.6412450009359,-1.1429831131838024,0.2144746697757036,2.3234755892388206,1,stop_loss,True
2017-10-13 14:15:00,long,26.624225198640197,0.51,-0.6163836440417481,-435.88737192054055,-1.1827667815104606,0.0,3.0384977426140045,1,stop_loss,True
2017-10-13 14:45:00,long,29.1253505606572,0.58,-0.8610718327009785,-431.5323030771144,-1.1751191136629244,2.517337258907028,2.648676594154221,2,stop_loss,True
2017-10-17 14:30:00,long,48.92285820842539,0.66,-1.9186448291468463,-420.91631498799,-1.1502654812675437,4.207433475495064,1.126991109507431,3,stop_loss,True
2017-10-17 15:45:00,long,44.108894448352366,0.84,-1.5560186372493623,-411.3031976487424,-1.1278871973309037,0.0,4.683868602248704,1,stop_loss,True
2017-10-19 13:15:00,short,41.3299059418136,0.79,1.2961364089595842,-405.0841107822048,-1.114604486793249,0.0,1.3752538415199644,1,stop_loss,True
2017-10-19 13:45:00,short,44.82393140205292,0.83,1.4241755300992236,-402.3572892786197,-1.1108158938490222,0.761859270212658,1.6206824475435253,4,stop_loss,True
2017-10-26 16:00:00,short,27.780814170378356,0.77,-0.4858108003459121,2545.92535530383,6.940823971072352,8.436204745327679,0.0,12,time_stop,False
2017-11-21 16:00:00,long,27.58378148640895,0.62,-0.8484496244571327,3450.4763284799446,8.905425281403803,9.570961521813244,0.0,1,take_profit,False
2017-11-24 13:15:00,long,30.99477424504544,0.72,-0.6284534771960958,-467.7691157401191,-1.1758629580886393,1.2750064461441344,3.978899426758963,1,stop_loss,True
2017-11-29 15:45:00,long,28.26159169490529,0.76,-0.6151180485789923,-440.4022754784762,-1.1148642710140304,0.1866544403981258,2.26856935252906,1,stop_loss,True
2017-12-13 15:45:00,short,30.42016537679068,0.75,-0.422777909212166,-458.2061114623241,-1.1418633667081253,4.876553230596239,1.5072982712750396,8,stop_loss,True
2017-12-15 15:15:00,short,33.69835872475523,0.54,1.3221653732850287,-474.9859901891516,-1.1877480655682415,0.0,3.8253668359561246,1,stop_loss,True
2017-12-15 15:45:00,short,38.08922400926241,0.6,1.450631685180617,3543.97479324838,8.893739747037731,13.580060328343489,0.0,4,take_profit,False
2017-12-19 15:15:00,long,28.268958581609592,0.68,0.4979613469304825,-493.5427212374444,-1.206376659706116,0.2837679070964959,2.347534504158828,1,stop_loss,True
2017-12-20 16:00:00,long,31.54313436426981,0.68,0.9680240903847244,-488.1638892506775,-1.1975632065704025,1.4570286484578414,4.445172147837987,2,stop_loss,True
2017-12-21 14:45:00,long,34.86563823147114,0.5,-0.5606406643526903,-514.1469750309236,-1.2658527047112296,1.5618846401799846,5.017969801428235,2,stop_loss,True
2017-12-27 14:00:00,long,35.90040356317881,0.67,1.9615212039765884,-515.018430462646,-1.2399914916907782,3.9898585493626,4.979823452588424,3,stop_loss,True
2018-01-02 14:00:00,long,37.094860517580365,0.61,3.049358348563356,2178.263181687656,5.127465835545972,7.76341658198855,0.0,12,time_stop,False
2018-01-08 15:00:00,long,25.075171848448274,0.63,0.2072312554776299,-498.5979549894185,-1.1558814314985135,4.540046692398641,1.4224180624248235,8,stop_loss,True
2018-01-09 15:45:00,long,35.90094647351054,0.8,-1.1464906596775482,-489.2711048237997,-1.1382062296912074,2.504987913155493,2.746848815115106,2,stop_loss,True
2018-01-16 15:30:00,long,33.79619494699164,0.87,-1.5394675673107328,-479.7654011955965,-1.1199169118823424,0.9743249090450556,1.8137432922221348,1,stop_loss,True
2018-01-29 14:45:00,long,31.896780754727068,0.56,-0.8338038514839761,-473.86061819947776,-1.109261354808284,5.080652998589862,2.0623080720082227,12,stop_loss,True
2018-01-30 14:30:00,long,37.0817203196753,0.74,1.530234238673766,-469.71542846918345,-1.103229179609761,0.8387370843301893,1.7161851110137458,2,stop_loss,True
2018-02-02 15:45:00,long,26.80670449335298,0.75,-0.6141795249048131,-481.2398756967514,-1.1045108975663944,0.0,9.001001052913738,1,stop_loss,True
2018-02-08 15:30:00,short,28.23217858286004,0.77,-0.5999226620272012,-471.1455148030314,-1.0849379452130383,0.0,1.8686347946882895,1,stop_loss,True
2018-02-08 16:00:00,short,27.095810379789675,0.75,-0.3942345830245327,-469.8980946062361,-1.0855988503618474,0.0,2.086471977571734,1,stop_loss,True
2018-02-16 14:30:00,long,28.148817377283414,0.61,0.6883599720249142,-475.4049788583606,-1.11687396777091,3.18481562176029,1.1687396777100976,5,stop_loss,True
2018-03-02 16:00:00,short,30.909070859618005,0.6,1.479398414865714,2472.246469000548,5.94903614418758,8.56985908490173,0.2551243570607021,12,time_stop,False
2018-03-06 14:00:00,short,32.97324381398546,0.79,1.0066252666612778,-483.6121322121043,-1.1433244273739416,1.8273864490193867,1.6661464682237024,3,stop_loss,True
2018-03-12 15:15:00,short,43.243392825362186,0.66,-1.7734063390165589,-474.7726235832639,-1.1341694265216409,3.706430407664136,1.8112872580436736,6,stop_loss,True
2018-03-15 14:45:00,long,42.788043833798,0.7,-1.1810518388383473,-476.5438120186696,-1.1462665236527116,0.0365666309131779,3.729796353147471,1,stop_loss,True
2018-03-15 15:15:00,long,45.53008986399543,0.74,-1.227134939231389,-470.488403714488,-1.135606118347834,1.8815348920781263,2.898580779687653,1,stop_loss,True
2018-03-15 15:45:00,long,48.81940747982922,0.79,-1.3438850376417362,-464.3277556010751,-1.1245675129888375,3.17647158121819,1.3235298255078152,7,stop_loss,True
2018-03-21 15:00:00,short,25.87686171094593,0.73,0.8188651041928676,-465.5125830100013,-1.1390509728686324,0.1911950876947648,7.908524081910583,1,stop_loss,True
2018-03-21 15:30:00,short,29.43187339443608,0.86,0.8279420177935014,-453.989959166584,-1.1146655384349595,3.296634230008024,2.0066469226137498,1,stop_loss,True
2018-03-28 14:00:00,long,43.55319406805047,0.52,-1.4229129693696023,-459.61033301812233,-1.136169335020761,1.3446721833315585,1.940413024047386,1,stop_loss,True
2018-03-28 15:15:00,long,52.1703886437819,0.64,-1.7376194610096858,-452.6748039133155,-1.122851766297087,0.0,3.762335342851432,1,stop_loss,True
2018-04-09 15:30:00,short,36.07118854660322,0.54,-0.7627491932023933,-458.2559894668768,-1.134478861642353,0.5211055888648811,2.386999794153672,1,stop_loss,True
2018-04-09 16:00:00,short,36.099497657310174,0.55,-0.4423513045004115,-456.3604372879784,-1.1336444355033355,1.3197388005965809,1.6538498893553002,1,stop_loss,True
2018-04-17 15:45:00,long,34.91896823487664,0.82,-1.0153362744706849,-444.187777845703,-1.1110430179813595,0.4441720719260689,1.429678856511265,1,stop_loss,True
2018-04-19 13:15:00,long,28.56766499451123,0.87,0.1160050561479584,-437.90309106165006,-1.0989862486898605,4.392514785616775,1.1383418599342383,8,stop_loss,True
2018-05-08 14:45:00,short,31.143287479458014,0.8,-1.2098489028389614,-463.6114103026586,-1.139576171693126,2.7391823694799764,1.988960446629028,1,stop_loss,True
2018-05-09 15:00:00,short,31.307266564139525,0.7,-0.7059327031237764,-449.0625617935813,-1.1151655458130387,0.4894535697057416,2.4616635417559927,1,stop_loss,True
2018-05-10 14:45:00,short,25.83767783433288,0.73,0.8956679604616326,-451.0260816178112,-1.1276708152730948,1.228831597004625,7.101689099572424,3,stop_loss,True
2018-05-10 15:45:00,short,34.096406907745774,0.78,1.167763466738628,-443.5862085081277,-1.1128341220804632,0.0,3.145251152995796,1,stop_loss,True
2018-05-22 13:15:00,short,33.479361682486086,0.61,1.170090506707124,-451.913843080386,-1.1578549016002346,2.486214700205939,1.440425977103487,5,stop_loss,True
2018-05-29 15:15:00,long,36.310010572826464,0.86,1.2715863739162014,-427.7404760803678,-1.103571225820006,0.0,6.602665646031261,1,stop_loss,True
2018-06-01 15:00:00,long,29.923821700166,0.66,-0.5642226053888427,-449.909030462569,-1.1461634264261464,0.0,2.5578599624600558,1,stop_loss,True
2018-06-01 15:30:00,long,34.24669309238664,0.7,-0.8471742458390977,-447.3659374941132,-1.1436170993507366,0.3769948857960917,3.3211454224886405,1,stop_loss,True
2018-06-01 16:00:00,long,40.19070955545355,0.86,-0.8980502798305593,2061.5642710279344,5.28819141773138,8.69436984970363,0.0,12,time_stop,False
2018-06-04 15:15:00,short,29.672486582408624,0.63,0.657889739612451,-452.1967660155915,-1.149882907674908,0.8618267191315726,1.030444990265844,1,stop_loss,True
2018-06-06 14:45:00,short,37.334235886621805,0.56,-0.891243871378792,-460.32986028524846,-1.1787403867235005,0.0,2.301282479067101,1,stop_loss,True
2018-06-06 15:45:00,short,31.31276423647234,0.7,-0.6762089956139636,-451.8049573721542,-1.161016766694594,0.1610167666950515,2.314616021236618,1,stop_loss,True
2018-06-08 13:30:00,short,28.07398906890878,0.65,0.6668486269239763,813.0434599770958,2.0420409828570234,5.131282469742068,0.7155870110862117,12,time_stop,False
2018-06-14 15:00:00,long,47.29862337798973,0.73,2.016192185834868,3633.510240590193,8.900157827859525,11.961092222276616,0.0,1,take_profit,False
2018-06-15 15:30:00,long,35.44762241280128,0.73,-0.7724862369182607,-468.4915658478629,-1.1216224831762946,0.0,3.4814435809245428,1,stop_loss,True
2018-06-15 16:00:00,long,39.65295997015275,0.77,-1.0855878103809853,-465.0448870135285,-1.1171297326391512,0.0,6.266440696200247,1,stop_loss,True
2018-06-21 15:00:00,short,35.412411909044515,0.72,-1.3653173641882888,-474.4549705540549,-1.14757375747161,3.1174956265906992,1.1252499007222851,1,stop_loss,True
2018-06-26 13:45:00,short,61.26543525329894,0.68,-2.791719884759992,-475.6587132247441,-1.1584737466960515,5.9229562827703255,2.9119550955426465,10,stop_loss,True
2018-07-03 15:00:00,short,48.03570815193603,0.61,1.6960880181764884,-465.9876985076612,-1.14282250090648,0.8747878180530015,1.4996362595192572,1,stop_loss,True
2018-07-09 13:15:00,short,41.58805507438649,0.65,1.861857943675044,-476.5022779451549,-1.1767745352247532,0.0,2.0108103381830724,1,stop_loss,True
2018-07-09 13:45:00,short,44.75455203186981,0.71,1.9547080263536944,-473.5282949417324,-1.173573051299751,0.0,2.408326086786511,1,stop_loss,True
2018-07-09 15:45:00,long,52.19439398768613,0.8,2.480660203723421,-469.2465797827439,-1.167070351485009,0.1461865575493828,2.109263187500138,1,stop_loss,True
2018-07-18 15:45:00,short,32.80248875594512,0.65,-1.2003585190855954,-454.2276129407282,-1.145652976795921,0.910331104975333,1.2562569248660589,1,stop_loss,True
2018-07-20 16:00:00,short,26.243425069202925,0.68,0.908096942893294,-435.69204531656817,-1.106437563155191,1.530039970357385,1.1708131947080098,1,stop_loss,True
2018-07-24 13:15:00,short,30.66631151412033,0.71,0.4330975648840047,-444.86341594197495,-1.1334906184275102,1.5184557846144455,1.535142111917505,2,stop_loss,True
2018-07-24 14:00:00,short,34.13804077842283,0.7,0.8303239303694611,-443.67922958827234,-1.1343306278456011,1.7462981619943423,2.182872702492928,3,stop_loss,True
2018-07-24 15:00:00,short,35.720825651252284,0.63,1.073637921674472,-443.52142119348025,-1.137799088743865,5.339714688829462,2.3770342808336267,7,stop_loss,True
2018-07-25 14:45:00,short,44.05298482560757,0.62,1.8819522296513904,-445.8682147687316,-1.1477371789693076,3.2502179373277054,2.1975905371705493,5,stop_loss,True
2018-07-27 14:15:00,short,42.69648232994933,0.53,-2.0189067867724955,-448.10256459187485,-1.1615085370331657,0.0,2.705267995307819,1,stop_loss,True
2018-07-27 14:45:00,short,42.12950340719023,0.53,-2.196860184611818,-447.57425492373966,-1.1641957969774035,3.28391593955134,1.7240558682641387,2,stop_loss,True
2018-07-27 15:45:00,short,37.13913885342546,0.88,-1.3665593904055098,-432.583320516267,-1.1291461707501669,0.0,5.149703558667316,1,stop_loss,True
2018-07-31 14:15:00,short,31.43006843381474,0.83,-1.361255632654185,-447.2415739747879,-1.175520882597611,0.0,1.3383467298077785,1,stop_loss,True
2018-08-03 14:45:00,short,25.65170134189169,0.57,0.1489780811731458,-437.57416989056645,-1.1624095969578012,3.573011133074857,1.40078277376242,2,stop_loss,True
2018-08-07 13:15:00,short,32.82546048225534,0.81,1.5823024356628823,2178.867196049287,5.808385074454299,7.020206420922943,0.0,12,time_stop,False
2018-08-22 14:15:00,short,30.99359686446517,0.79,0.7657479951522216,-438.0321274551188,-1.1422663720726811,0.9780813080004932,1.653846575346134,2,stop_loss,True
2018-08-22 15:30:00,short,36.59349511139575,0.88,1.379231375986029,3407.804649519152,8.917167271466022,10.436923795291031,0.0,7,take_profit,False
2018-08-23 14:00:00,short,41.63847322912597,0.69,-1.504928333064835,-445.0443143334894,-1.1342012786726434,1.5433147047369256,1.7446166227458908,4,stop_loss,True
2018-08-23 15:45:00,short,28.407964941151292,0.83,-0.6433668439060402,1941.5743003663767,4.965021599601297,5.863454079529023,0.2521915733128451,12,time_stop,False
2018-08-24 16:00:00,short,44.88528869231956,0.59,1.6634985251394148,-455.05967402177976,-1.1506168800986218,0.0,6.401217404197417,1,stop_loss,True
2018-08-28 14:30:00,long,35.70074918075658,0.59,1.5140973449407644,-469.4592170968662,-1.1642957303229733,4.908334943403027,1.0679222471002596,4,stop_loss,True
2018-08-31 14:30:00,long,33.81086391834953,0.75,1.046892456210272,-449.3921907010164,-1.1222578180431786,1.5740694073076618,2.0631006794803763,4,stop_loss,True
2018-08-31 15:45:00,long,29.335704223927927,0.76,0.4118684129956835,-447.5693255482877,-1.1214813883876584,0.7896290245208152,1.8222208258162569,1,stop_loss,True
2018-09-17 16:00:00,short,25.39188442611572,0.63,0.7363075642165223,-454.6613604121717,-1.1530762264221508,0.0,2.946717358629014,1,stop_loss,True
2018-09-21 13:15:00,long,25.00211473018351,0.7,0.2232096970150612,-467.348613583626,-1.158447384246157,0.0,3.2085595309873747,1,stop_loss,True
2018-09-21 13:45:00,long,29.52793258009685,0.7,-0.1434470443083692,-465.5557583742942,-1.1580278605483083,0.6321114421936829,1.264222884387815,1,stop_loss,True
2018-10-01 15:15:00,short,29.39747911863188,0.69,-0.922470935629856,-452.5751987851074,-1.1456846726030336,0.0,6.7561266919718905,1,stop_loss,True
2018-10-01 15:45:00,short,30.443244909473638,0.83,-0.4415620610110565,3512.529392362588,8.922562194995452,9.69521318666671,0.0,6,take_profit,False
2018-10-05 15:30:00,long,27.95235904767144,0.64,1.2734273261609448,-464.4648279322164,-1.1569173582089352,5.5117222070937535,1.6084029216429234,4,stop_loss,True
2018-10-08 15:15:00,long,46.598543610064254,0.62,-1.664242724794085,-459.62394225322544,-1.1488467467572991,0.0,9.656432695888247,1,stop_loss,True
2018-10-08 15:45:00,long,51.25713753632486,0.77,-1.6680817600962583,-445.2663745757512,-1.1168086103985777,6.745697250523838,2.73040126806941,10,stop_loss,True
2018-10-15 14:45:00,long,47.77388176052562,0.67,2.814737496109668,-442.9453712740436,-1.1226916902853925,4.570265463135404,7.591548336415286,5,stop_loss,True
2018-10-17 14:00:00,long,31.084014698017583,0.66,0.7689359330308358,1877.6042969143248,4.775068611498193,6.831485020829636,0.5576722465982162,12,time_stop,False
2018-10-23 13:15:00,long,59.848998619444544,0.8,3.915925760244527,-452.0734807212313,-1.14144815601008,0.070724078005442,1.4321625796032666,2,stop_loss,True
2018-10-24 15:15:00,long,25.081619695349858,0.64,-0.6562512878563147,3507.095238601002,8.916307815835825,9.072232763281288,0.0,5,take_profit,False
2018-10-26 13:45:00,long,34.81711802207116,0.79,1.566520204535124,-452.7270561786066,-1.121010517142469,0.6504315296414567,2.37483139892301,2,stop_loss,True
2018-10-26 14:30:00,long,30.43516562013093,0.77,1.4458744892267863,-452.39599559945947,-1.123970717482851,1.72009370507632,2.0610131781541603,2,stop_loss,True
2018-10-26 15:15:00,long,29.26425800583908,0.77,1.1020640135965938,-450.0821996215947,-1.1220054316107857,0.0,2.9433810376126317,1,stop_loss,True
2018-10-26 15:45:00,long,31.18574785515008,0.85,0.7118830950332786,3569.127790869596,8.927493200945525,15.182923722090122,0.0,8,take_profit,False
2018-10-31 13:15:00,short,46.365943948912864,0.52,-1.1656034689387946,-468.18930308804113,-1.1443894769714558,0.4692658001576414,1.2453592388800367,1,stop_loss,True
2018-11-01 14:00:00,short,40.46448110324901,0.56,2.0184259290576283,-463.8780273081658,-1.1377575909296966,0.0,9.849667751482317,1,stop_loss,True
2018-11-01 14:30:00,short,43.224999598391,0.88,1.628783312658599,-450.4044928627584,-1.1084945323748276,1.9529015827487497,1.0306980575617888,2,stop_loss,True
2018-11-07 14:15:00,long,30.25209768716422,0.82,1.3453245630956756,-461.1275158695878,-1.1128818201086026,1.411022751358816,1.326361386277364,3,stop_loss,True
2018-11-08 14:30:00,short,27.022593272671813,0.51,-0.6805664528877009,-468.4210401468268,-1.1419150156777598,2.1819433660479755,1.9690708425305288,3,stop_loss,True
2018-11-13 14:15:00,short,35.92568304788385,0.81,-1.7902156726711882,-476.74031472106464,-1.1407429860210705,0.0,3.905617862087906,1,stop_loss,True
2018-11-13 14:45:00,short,31.48623589596269,0.87,-1.650962173166714,-472.7709391827901,-1.135129748445746,0.574301430894805,1.6891218555733627,1,stop_loss,True
2018-11-15 16:00:00,short,26.126401724826746,0.84,-0.1974998849076821,-451.5241898758388,-1.0916147570083692,0.0,3.12635358291346,1,stop_loss,True
2018-12-03 13:15:00,long,45.10190903283249,0.78,2.494485939672042,-472.42490827190994,-1.1510344592579276,0.0,3.284999488862497,1,stop_loss,True
2018-12-14 15:45:00,long,37.65033759222625,0.76,-1.184221941984415,-482.94026125093626,-1.1667164456101506,0.9586195622593144,1.3337315648821535,1,stop_loss,True
2018-12-31 15:45:00,long,42.41839086458481,0.67,1.2613081419601309,-492.48563673002457,-1.1489963564201149,0.2234945346305954,1.8810789998056412,1,stop_loss,True
2019-01-04 16:00:00,long,34.87962311611982,0.67,-0.9602687034675452,-476.245328983966,-1.126625533699923,0.0,8.104034156802253,1,stop_loss,True
2019-01-08 16:00:00,long,25.979337740085857,0.72,-1.0247625397646687,3737.78457565994,8.903498048020644,10.595914327487517,0.1737035135652108,3,take_profit,False
2019-01-14 14:30:00,long,31.689544570840464,0.67,1.577717974274707,-502.82202677343537,-1.1706545830603716,3.434423484093372,11.647175293881023,4,stop_loss,True
2019-01-15 15:15:00,long,25.222613576291696,0.65,-0.3100708930100898,-505.2148042343268,-1.180370792458892,4.261259971845423,3.675054896352999,1,stop_loss,True
2019-01-18 15:30:00,long,49.19824309750285,0.89,-2.032733183509448,-485.1519609527783,-1.1417425528979577,2.5513659521656527,1.0276335085109978,3,stop_loss,True
2019-01-29 13:30:00,long,26.1910483408227,0.7,1.8757749771193,-488.3995137670165,-1.170046055564256,8.821139132404,2.4231562917930654,12,stop_loss,True
2019-02-11 14:45:00,long,49.323390071064885,0.73,-2.4170082413963825,-489.1957679386803,-1.1924126859907258,1.5633530736762888,1.467146730680379,1,stop_loss,True
2019-02-11 16:00:00,long,46.73847750190337,0.9,-1.9685281208805503,-475.0139955900182,-1.162001429560502,1.7212651890821742,2.6325232303604578,1,stop_loss,True
2019-02-14 15:45:00,short,37.85501599604529,0.9,-0.5525207155964726,580.0846603105423,1.439836251282592,7.144330351601007,0.0,12,time_stop,False
2019-02-15 14:30:00,long,47.63908384924973,0.61,2.008719484080776,-475.0297257209406,-1.174006795690098,0.9787882257577918,1.7835696558249907,1,stop_loss,True
2019-02-26 13:30:00,long,28.030825226888112,0.57,-1.1688625914083517,-498.1404214400311,-1.1844289390255731,1.4062706600710448,1.0143591646417016,2,stop_loss,True
2019-02-26 15:00:00,long,28.71508075159591,0.67,-0.9063077770015694,3726.459787526689,8.892002706213725,10.950925589789152,0.7343815977371391,12,take_profit,False
2019-02-28 13:30:00,short,51.92586882034925,0.65,2.016431517864563,3813.4734870467946,8.894989956660776,12.454191140269751,0.6090582513790449,8,take_profit,False
2019-03-08 15:45:00,short,31.14311389816652,0.83,1.12245455245991,-502.9229397693213,-1.120783872774358,0.0,4.90684483146276,1,stop_loss,True
2019-03-11 15:15:00,short,26.360817119989093,0.65,-0.676281675758303,-519.60384053855,-1.1618645239254866,3.2575235440036354,1.49724684631213,1,stop_loss,True
2019-03-13 14:45:00,long,37.46736967666207,0.64,2.0417161503798944,1547.310034016432,3.4843506019668453,7.03702180397115,0.3643765335391553,12,time_stop,False
2019-03-26 13:45:00,long,35.904923988171774,0.64,-1.8063093714444556,3939.995734971705,8.903077834955097,11.281740011236884,0.0,5,take_profit,False
2019-03-28 14:15:00,long,42.27795410363096,0.66,-1.7869141748574369,-510.97478296089287,-1.1441923829849463,5.17290173958987,2.775703372462677,1,stop_loss,True
2019-03-28 15:00:00,long,44.77439208048047,0.8,-1.7127574966439858,-494.9533136892205,-1.1121340415105578,0.0,9.79771187699392,1,stop_loss,True
2019-03-29 14:00:00,short,29.642187358429634,0.6,0.1726235621159887,-505.5349451513535,-1.1397129511001542,0.0,5.134450952935037,1,stop_loss,True
2019-03-29 14:30:00,short,33.423077190445355,0.7,0.4797577483934082,-497.50386436059904,-1.1254552146616674,0.0,3.983203065511505,1,stop_loss,True
2019-03-29 15:00:00,short,38.169918912096485,0.72,0.7696370861173,-493.0807595631919,-1.1192281730015554,0.0,3.561941668424854,1,stop_loss,True
2019-04-08 16:00:00,short,47.16694743808027,0.71,1.4416523275932611,3811.455704880425,8.896026785815907,14.410687485666394,0.1039732141822016,9,take_profit,False
2019-04-11 14:15:00,long,35.49507088030029,0.68,-1.2180767933414014,-512.4756453256599,-1.1736411870327654,0.0,3.9286318566197744,1,stop_loss,True
2019-04-11 15:15:00,long,43.30001557700463,0.83,-1.35869880777479,-495.9577161987965,-1.1398260503645026,0.0,5.890172371609841,1,stop_loss,True
2019-04-18 14:45:00,short,32.33290178994781,0.63,1.0820625089403797,588.1573106707609,1.356360181839514,8.032195451829539,0.9324976250146356,12,time_stop,False
2019-04-29 14:15:00,long,37.0915690767846,0.68,-1.60586634195728,3851.7775674981913,8.878891643213302,10.124658627285184,0.0,5,take_profit,False
2019-04-30 15:30:00,long,39.95543362100095,0.77,1.2588890144695415,-526.3003777044272,-1.181719667061098,0.0,5.678739595664481,1,stop_loss,True
2019-04-30 16:00:00,long,39.98405876211792,0.82,0.8061416058306287,-515.7090479758886,-1.1620582850675765,0.0,2.613189846716975,1,stop_loss,True
2019-05-03 15:15:00,short,27.2038618919995,0.5,-0.4359082756162379,-527.6629746238211,-1.2019819222386503,7.902542707594078,10.427316735580076,1,stop_loss,True
2019-05-03 15:45:00,short,29.44661731213287,0.83,-0.0517106067166697,-490.9013346383411,-1.12228820877218,0.0,4.998530533567374,1,stop_loss,True
2019-05-16 15:45:00,long,29.26240301693948,0.81,-0.9338820951638248,-499.4662937940971,-1.140403583938412,4.352511102094766,1.1407791195007957,6,stop_loss,True
2019-05-20 15:15:00,short,25.207885698297616,0.79,-0.4781972323759783,-498.08644957249726,-1.1493349856722208,5.282725118159483,1.7360192084412658,11,stop_loss,True
2019-05-23 13:15:00,short,37.2615886087566,0.71,0.8968478808081123,-533.0317486417124,-1.2113223856256787,1.1622731209424335,2.667945118526595,2,stop_loss,True
2019-05-23 14:00:00,short,41.23648707188783,0.77,1.1652149214874472,-527.4676033425102,-1.2030496275053568,2.0051150716171287,3.477224871032119,4,stop_loss,True
2019-05-23 15:15:00,short,46.45076131739859,0.82,1.4034206764532504,-521.4116999287107,-1.193544987129675,0.0,12.386879176310202,1,stop_loss,True
2019-05-30 15:45:00,short,27.73530784897484,0.68,-0.157786852533239,-497.023797088816,-1.1545716546414737,0.096607284150921,4.44393507094632,1,stop_loss,True
2019-05-31 14:15:00,long,47.33126894625613,0.69,2.568510557263008,-497.7994663621124,-1.1603927813784929,0.9022093952549328,2.2454989393007203,1,stop_loss,True
2019-06-05 14:45:00,long,44.502715408362455,0.84,2.195622829642333,3795.803743893632,8.938831692505888,10.863491410964384,0.6973187054334382,2,take_profit,False
2019-06-12 13:45:00,long,47.30655505399435,0.68,2.3039084546678605,-494.228197171387,-1.1453540550772612,2.1439723123916674,1.290017238811932,3,stop_loss,True
2019-06-12 15:30:00,long,33.19664618286439,0.83,1.2025485185773388,-488.72436037641165,-1.1365042329069277,4.197505161892285,1.0579078050294632,1,stop_loss,True
2019-07-09 14:15:00,short,36.66041704602295,0.74,-1.39944749996603,-475.74170200284425,-1.0926232233800353,1.0883228747164655,2.952365245241252,2,stop_loss,True
2019-07-09 15:00:00,short,33.239067842236054,0.72,-1.3170947714130097,-474.4076169842148,-1.093142444517679,0.0,3.4113420304629,1,stop_loss,True
2019-07-09 15:30:00,short,29.88656866382619,0.8,-0.9600672398469544,-471.237950038707,-1.0894114607253689,4.649395957723487,6.1917436552373655,10,stop_loss,True
2019-07-11 15:45:00,long,26.8368661725162,0.5,0.0689669991792794,-467.0067794005502,-1.0867950253926395,0.3905776142673725,2.3109175510810083,1,stop_loss,True
2019-07-24 16:00:00,long,33.62864161579914,0.58,1.400367319770391,-466.0686785938047,-1.113761555780704,6.527069262924031,2.5169744216500143,6,stop_loss,True
2019-08-12 16:00:00,long,36.57144424838684,0.81,1.3141619054046536,1016.558406891392,2.2823673979366355,3.753579832146529,0.8986324598146418,12,time_stop,False
2019-08-13 14:00:00,long,52.66475833411437,0.85,2.187164979595154,-476.8125473382251,-1.0632548433215252,0.0,1.2730037218469556,1,stop_loss,True
2019-08-13 14:30:00,long,47.87947150401707,0.75,2.1388259233697813,-476.3596922077076,-1.0656441656127909,0.541564366306085,3.290413801344131,2,stop_loss,True
2019-08-13 15:15:00,long,41.361651720153006,0.74,1.9628787379360848,-474.7189726441142,-1.065379728188051,0.0,7.76384272233814,1,stop_loss,True
2019-08-19 14:30:00,long,35.717776829417275,0.56,-2.018723210606684,-475.5422915074199,-1.0775124601732022,0.0,3.4783716502755344,1,stop_loss,True
2019-08-20 15:15:00,long,41.63470639053832,0.57,1.7530799737530482,-483.7635960108989,-1.0996955958350083,3.339802460475908,2.3553084516040634,3,stop_loss,True
2019-08-23 15:45:00,short,27.86934770839991,0.77,0.4112094618105071,-487.72451457258177,-1.0943003659658752,2.4164468778776995,1.2376923033031857,2,stop_loss,True
2019-08-28 15:45:00,long,29.797122844062677,0.67,0.8942562073161888,-483.2941211122729,-1.0822048150199133,3.5348070458595444,1.5927182910122228,3,stop_loss,True
2019-09-03 14:00:00,long,38.13053057070689,0.69,1.6474530617437155,-487.9933157133803,-1.0998228972767523,1.147963318683788,1.7344228401849924,2,stop_loss,True
2019-09-03 14:45:00,long,34.01650776589867,0.63,1.4900441505191735,3952.396436479642,8.937266185083706,9.347338422706471,0.0,5,take_profit,False
2019-09-05 13:15:00,long,27.732264334321894,0.51,-0.7660272048408704,-491.09478789160056,-1.081480438814738,2.362932725629491,1.6703489957035218,1,stop_loss,True
2019-09-06 15:45:00,short,44.789091917289234,0.83,-1.108119690989306,-474.9241762254842,-1.0492741060522637,1.0039599108157056,4.120547118624303,1,stop_loss,True
2019-09-19 16:00:00,short,35.31071362154738,0.66,0.9687141600276798,3164.2033215305964,7.059393430207681,7.808283840900601,0.396471393896104,12,time_stop,False
2019-10-01 13:30:00,short,37.64870920049688,0.62,-1.1380322081196277,-500.891387507579,-1.0764859887080087,0.4206729378942647,1.9121497177019544,1,stop_loss,True
2019-10-02 16:00:00,short,37.27571437535896,0.76,1.2874047977736656,-491.07982060501047,-1.0657951502569556,0.0,4.416499461002262,1,stop_loss,True
2019-10-08 13:15:00,short,37.96902252146821,0.66,1.2679329535730457,-502.6726898665008,-1.0945910478571568,0.3901880724113094,1.3479224319655594,2,stop_loss,True
2019-10-08 14:30:00,short,49.09772006849083,0.88,1.827881708798375,-494.8707252586758,-1.0811521984131425,3.986601747049298,1.0955546785783417,6,stop_loss,True
2019-10-17 14:15:00,short,27.45352573623672,0.7,-0.3789320507622608,-535.5858194723984,-1.0878626568532126,1.900029954452715,1.0543518822392974,3,stop_loss,True
2019-10-28 15:45:00,long,28.27259758641065,0.88,-0.8517774360730429,-509.31054588107634,-1.0810446099731876,0.0,2.2388573505111498,1,stop_loss,True
2019-10-29 15:45:00,long,33.668911649666,0.87,-1.316383534995731,1771.5586991175164,3.7724827083193375,7.826009973705434,0.8215148591182391,12,time_stop,False
2019-10-30 14:15:00,short,29.807183537820272,0.51,1.2956881128186446,-548.0454563210741,-1.1580057650042177,8.848322840244267,3.021860255708355,7,stop_loss,True
2019-11-05 14:15:00,long,34.92584073168708,0.77,-0.7222592565929659,-537.1664436688468,-1.1092276278337776,0.2867225230639769,2.894532137597904,1,stop_loss,True
2019-11-05 14:45:00,long,39.074387797175575,0.79,-0.8524663815735642,-534.0142178525766,-1.1064001540711226,1.569402272550269,1.9152027732820225,1,stop_loss,True
2019-11-07 15:00:00,short,31.83926774739724,0.86,-1.50543148583922,-525.6530135191513,-1.1000396247942708,1.2129804506316713,1.1129408258374005,1,stop_loss,True
2019-11-19 13:30:00,short,29.54306764598801,0.61,-1.2008986221500828,-529.5122908490232,-1.1305433024017504,0.473219471206716,1.9744674488283287,2,stop_loss,True
2019-12-03 15:30:00,short,38.46065462684384,0.77,2.2011327938487555,-517.2493563193052,-1.1064614157974302,0.0,3.2470731818246485,1,stop_loss,True
2019-12-03 16:00:00,short,41.137982654267816,0.77,2.1755627881128987,-513.6122470868809,-1.1023402727297331,0.0,4.285498920561365,1,stop_loss,True
2019-12-10 13:15:00,short,29.63842714608809,0.53,1.4057726138528166,-555.93029498262,-1.2014879890796388,0.0,5.06238572562993,1,stop_loss,True
2019-12-18 13:45:00,long,25.503565688991287,0.75,0.8570128257981917,-535.0433637909952,-1.175196051474653,0.0,4.226604741829488,1,stop_loss,True
2019-12-18 14:15:00,long,28.81050511012038,0.77,0.6889941796390879,-529.2146360077688,-1.1665061620421502,0.5827715671479989,1.894007593231352,1,stop_loss,True
2019-12-18 14:45:00,long,32.09058041982247,0.77,0.4800415557744171,-526.971002357361,-1.1656398752985853,0.1863448597109085,6.749824918423473,1,stop_loss,True
2019-12-18 15:15:00,long,36.35768091996847,0.86,0.1386267692820908,-516.032869614803,-1.1454506894252734,0.0,6.308923653826598,1,stop_loss,True
2019-12-23 13:15:00,long,31.223931963923324,0.65,2.073596473270371,-537.1619844248481,-1.1964629665517854,0.6385046412938608,1.1051041868549094,1,stop_loss,True
2019-12-23 15:15:00,long,25.83239522170997,0.7,0.9575317672631096,1483.6013671357614,3.3284170720790813,8.089902605747461,0.0,12,time_stop,False
2019-12-24 15:15:00,long,37.89859878235483,0.77,0.7939988799811336,4004.583414128233,8.895345654575536,9.628199779190622,0.2930321671929732,5,take_profit,False
2020-01-08 13:45:00,long,26.209612763559115,0.58,-0.6667061662973377,-480.6717653058982,-1.0507299472620169,1.585310851939474,2.568203580141919,4,stop_loss,True
2020-01-08 15:15:00,long,33.41455518240648,0.57,-0.9357290392564972,-479.21090102842754,-1.0508490299105897,0.5084902991063301,2.1865082861573786,1,stop_loss,True
2020-01-17 16:00:00,long,26.7359777325539,0.86,0.8697863365626801,-511.58256521159495,-1.107148772509868,4.741333183566236,1.834922729233016,5,stop_loss,True
2020-02-04 15:45:00,long,33.63324667236742,0.8,-1.1438116217103624,-512.6826033059551,-1.0845717391763787,0.0,5.423162774690106,1,stop_loss,True
2020-02-19 14:45:00,long,39.1988296303059,0.53,2.119772592052512,-539.9560784439269,-1.119938272358051,0.6146836458356947,1.9340046417752816,1,stop_loss,True
2020-02-19 15:45:00,long,31.139179284761056,0.74,1.3541313412481106,-530.3401546905982,-1.103701844992742,1.4518258298995663,3.0592044272885404,1,stop_loss,True
2020-02-24 14:15:00,long,47.2364322908958,0.69,2.762948923811486,-500.8366913179788,-1.045764213935253,1.5044985331228702,4.696552455109622,3,stop_loss,True
2020-02-24 15:15:00,long,39.26240693963005,0.83,2.018151812360227,-497.8985545137685,-1.04290116953587,4.381281938854747,1.2065953931974411,6,stop_loss,True
2020-03-31 13:45:00,long,41.13038348713419,0.89,-0.8837509230905459,-500.0764529247612,-1.0445871039712822,0.9697695113762802,1.8782317547919205,1,stop_loss,True
2020-04-09 14:30:00,long,56.04340869590938,0.55,1.4659482013616243,4225.533940270228,8.96681771855861,9.516678317528784,0.0,4,take_profit,False
2020-04-16 15:45:00,long,41.82518053328087,0.64,1.149490731251396,-501.3163059891533,-1.0391790067235995,0.0,2.982501886836689,1,stop_loss,True
2020-04-17 13:15:00,long,43.86848818447155,0.55,-1.2979796683360807,-496.6258460313072,-1.032675552461902,0.0,2.3771464416054973,1,stop_loss,True
2020-04-17 13:45:00,long,46.65297491919804,0.51,-1.4695814276687145,3112.77660992942,6.492770864365667,7.180387804430099,0.4625786687705501,12,time_stop,False
2020-05-01 13:30:00,short,32.6027536499554,0.58,-1.5143873604260794,-514.1006119124432,-1.045912236067215,0.430427213130533,1.3084987279168048,1,stop_loss,True
2020-05-01 14:30:00,short,29.18110438171901,0.63,-0.9775372624859742,-511.6037567285742,-1.0441086458683388,4.377783102436653,1.31774579531788,8,stop_loss,True
2020-05-07 15:00:00,short,28.5330266595762,0.54,0.5893695906541679,-528.6576504619791,-1.0606892232793006,1.3958521354252955,1.2517152301366117,1,stop_loss,True
2020-05-07 16:00:00,short,33.19277357166293,0.63,0.6275991387724985,-524.8400999775224,-1.056391266989505,3.002834967194025,2.0653301534923827,4,stop_loss,True
2020-05-11 13:15:00,long,29.894242880269207,0.54,-0.4610618335675183,-521.3950049631599,-1.0561096744649543,1.20635800099764,1.9918934435076423,1,stop_loss,True
2020-05-12 13:45:00,long,27.172066578749615,0.52,0.9484895480637257,-527.3222932682759,-1.0715105688411866,3.2894861666976354,2.2704605607097093,6,stop_loss,True
2020-05-18 16:00:00,long,27.79547106811508,0.74,0.2989795425895212,-530.4749270496069,-1.0434970570152178,0.0,4.317082908764293,1,stop_loss,True
2020-05-21 13:15:00,long,53.57269092046607,0.57,-1.649945360425154,2406.357762821042,4.793923673933107,7.640573704065268,0.2722882637517262,12,time_stop,False
2020-06-04 15:45:00,short,29.62291025316832,0.74,0.8793781861751808,-521.1704555514921,-1.0503393299292036,1.2018515020608884,1.2836529131958447,1,stop_loss,True
2020-06-15 13:15:00,long,43.56142711561389,0.83,-1.527427884484284,-514.3900411540517,-1.0534849376945117,0.0,2.89487225271818,1,stop_loss,True
2020-06-15 14:00:00,long,47.6419201408504,0.9,-1.658113985268019,-511.8965330016845,-1.0517020212015231,2.5721755547781324,2.559250049477752,6,stop_loss,True
2020-06-17 13:15:00,long,34.73570820038841,0.6,-0.8919554526244647,-511.21001203482047,-1.0603053419903152,0.4522900649278794,1.123186994570652,1,stop_loss,True
2020-07-16 14:45:00,long,27.80968016363297,0.51,-0.8951457573248288,-555.1786474349653,-1.1050800373528622,0.8406402988237929,2.154140765735465,1,stop_loss,True
2020-07-23 14:30:00,long,40.38438037240664,0.58,1.8085021990767016,-525.4262144810907,-1.0526688581686912,1.9882493958700345,2.363515010322108,2,stop_loss,True
2020-07-27 15:15:00,long,47.78738945593506,0.74,1.9785116001422285,-533.6758179690088,-1.0444950097651806,1.4127165600458815,2.374921146218675,1,stop_loss,True
2020-07-30 15:45:00,long,37.28501520137387,0.56,-0.7212507212736735,-530.9354513120485,-1.0423979811825754,6.571687083305213,2.188795778552504,6,stop_loss,True
2020-08-05 16:00:00,long,38.92698355452499,0.63,1.9406548250680475,4664.876092514367,8.97551686773724,9.98911796298814,0.0,6,take_profit,False
2020-08-18 13:15:00,long,30.2186828778705,0.56,2.281716096031464,-552.8217030642502,-1.0454888764159862,2.206210506177401,2.2005243966252737,4,stop_loss,True
2020-08-18 14:30:00,long,25.1776067247454,0.59,1.98108357223623,-551.2284061620813,-1.0457556326565656,7.738421373048668,5.35912847490505,10,stop_loss,True
2020-08-21 16:00:00,short,28.23450303965252,0.88,-0.944691750707601,-548.7282640088027,-1.0264325514756376,5.58718056816801,2.335976736661578,7,stop_loss,True
2020-08-25 14:30:00,short,25.23092573401863,0.57,-0.8958116497622639,2512.420287600427,4.590635770093244,8.780501750733727,0.7468891530707203,12,time_stop,False
2020-08-28 14:30:00,short,34.32580872760737,0.61,1.7341161603987298,-575.3189024059366,-1.0369287971010497,0.0,1.0617029166561147,1,stop_loss,True
2020-08-28 15:00:00,short,35.27457926021261,0.53,1.86955730370937,-574.2992500372906,-1.0383210166274706,4.560200978673163,1.1304699905113686,2,stop_loss,True
2020-09-21 15:00:00,short,48.92744092702458,0.75,-2.814356092025636,4842.620269538086,8.964274040005142,9.460234206604026,0.0,2,take_profit,False
2020-09-23 13:15:00,short,34.57205296249494,0.67,-1.2696285039605373,-574.2457968546414,-1.038419405473914,0.0,2.828628728019429,1,stop_loss,True
2020-09-30 15:30:00,short,37.1474625638658,0.76,-0.814710722554574,-577.2995899636196,-1.0571884559880689,0.0,8.842765007163232,1,stop_loss,True
2020-10-01 15:45:00,short,28.25871442955428,0.66,0.8973121467471226,-572.0791156140141,-1.0509615780742914,6.981736196184319,1.4969963559337636,10,stop_loss,True
2020-10-09 15:00:00,long,32.052099180842184,0.61,2.060971079931964,4827.138248027859,8.95303708571401,9.430153188463922,0.1314961599983818,4,take_profit,False
2020-10-30 15:15:00,short,27.652137800441785,0.75,0.9355460268697632,-580.5202145963235,-1.051174050558486,1.3689058524408089,1.516031247796456,1,stop_loss,True
2020-11-03 16:00:00,short,26.8478746463515,0.82,1.3006426097211066,-581.6677450386716,-1.0668369232506825,0.7017876941327357,1.3283838496084537,1,stop_loss,True
2020-11-06 14:30:00,long,28.00879466936413,0.5,1.3885948037010798,-571.2875416886662,-1.051162848303146,0.0,2.871514861016703,1,stop_loss,True
2020-11-06 15:00:00,long,25.134768054391355,0.58,1.3236194688675482,-568.4418305629531,-1.0492355230597896,6.511397924663045,3.0956835123870667,6,stop_loss,True
2020-11-19 13:45:00,short,41.46520115611832,0.64,-1.2262421088805104,-558.6827977047669,-1.0578714839366643,0.0,2.184648518610891,1,stop_loss,True
2020-11-19 14:15:00,short,36.58808373554841,0.61,-1.0416895823491092,-556.9484929268208,-1.0579450701995683,2.209155801360685,1.1806308053171934,2,stop_loss,True
2020-11-23 14:30:00,short,40.91918765251885,0.8,-1.0776254675166486,4699.761103945699,8.955801102386928,23.9116036084752,0.954696188434437,9,take_profit,False
2020-12-01 13:15:00,short,54.04145952519266,0.57,1.999241094413529,-567.4972866115708,-1.0564899836716724,2.3443343223764885,1.334575864244543,3,stop_loss,True
2020-12-07 13:15:00,long,31.453610484522823,0.73,-1.073066274119403,3774.250725418424,7.093590277260515,8.203520150131727,0.2632525980528808,12,time_stop,False
2020-12-09 13:45:00,long,26.92338991014975,0.84,-0.5430982857511079,-569.402922168899,-1.0512459879994598,6.482617481937471,2.876181076472294,11,stop_loss,True
2020-12-14 13:45:00,short,46.17399434737604,0.72,-1.417942213961746,-568.9681095855956,-1.0571432815203663,4.057172987949757,4.5928912522035175,8,stop_loss,True
2020-12-14 16:00:00,short,36.65626527106608,0.9,-0.8923177721506312,-562.5456408354481,-1.0485356859232775,0.6188299955223447,3.949591442010324,2,stop_loss,True
2020-12-15 15:45:00,short,34.450386896445465,0.82,1.3200674822785077,1318.9008331649627,2.4660726559079578,5.525585255750895,0.890159915902543,12,time_stop,False
2020-12-16 14:15:00,long,25.749645652882347,0.76,1.367760097741091,-571.968506614546,-1.061609175343924,2.2949417815632707,6.253331297414066,4,stop_loss,True
2021-01-04 14:45:00,long,35.47621699993189,0.65,2.425843158804473,-582.4325154864138,-1.05948803698324,1.9110531880882735,1.412840878353301,1,stop_loss,True
2021-01-06 14:00:00,long,28.33221365963432,0.78,0.9527186269642164,-573.5764250070338,-1.0500370811535034,1.5886773266252934,12.546798099252324,2,stop_loss,True
2021-01-08 15:15:00,long,49.40969020480127,0.61,-1.8235673552285483,-565.1168724713191,-1.044358995929592,3.199392581424715,3.970130135702131,1,stop_loss,True
2021-01-21 16:00:00,long,27.073518271856468,0.75,-0.0478802538579826,583.328640124679,1.0917836228454605,4.373337807420166,0.1798961651279003,12,time_stop,False
2021-01-22 13:30:00,long,46.6308739877397,0.79,-1.182599385303457,-568.0117703005825,-1.059645183637168,3.123916492999548,4.4435661809730735,4,stop_loss,True
2021-01-22 14:45:00,long,52.384725866879535,0.85,-1.6859629828360256,-562.7183692265536,-1.0531179588805797,0.0,4.3158341590510165,1,stop_loss,True
2021-01-22 15:15:00,long,55.10991322656732,0.89,-1.8794565044769276,-558.8928792024888,-1.0492736454332214,1.4042988948482067,2.161881193384404,1,stop_loss,True
2021-01-25 15:30:00,short,27.94904383245012,0.65,1.3905094454707607,4728.227580559426,8.962115116363169,9.09237207280662,0.0,5,take_profit,False
2021-01-29 13:30:00,short,37.39619004645122,0.7,0.966775212832846,-565.3611449694554,-1.0468709112974484,0.0,2.238086014455159,1,stop_loss,True
2021-01-29 14:30:00,short,46.94653085795521,0.74,1.55720673239717,-562.4027235444858,-1.0446737616045898,0.7985434886826778,2.1275878964204944,1,stop_loss,True
2021-02-02 15:30:00,long,45.74573092242207,0.77,-1.0636473114289724,-556.1780595230908,-1.0396412047262655,2.4379340906675915,1.7888093632743152,1,stop_loss,True
2021-02-04 14:30:00,short,45.37260413983094,0.72,-2.0883406555170216,-562.7060510864027,-1.058549541410826,0.0,2.649366748842207,1,stop_loss,True
2021-02-08 15:45:00,short,29.46135630984347,0.76,1.3051108480252749,-554.2876098733259,-1.056159933332273,0.0,3.566155766602543,1,stop_loss,True
2021-03-09 13:30:00,short,52.71933990485782,0.57,2.204295016105746,-606.0203151976829,-1.0611362046919046,0.0,3.095020362530446,1,stop_loss,True
2021-03-09 16:00:00,short,44.93261667050382,0.81,1.753435569983118,-595.6551314451162,-1.0463177165724125,0.0,3.699627611224738,1,stop_loss,True
2021-03-12 14:15:00,short,51.39524981254958,0.52,-2.5755216799948486,-601.9098959496072,-1.0639953408831644,0.991927783689958,2.055850325873476,2,stop_loss,True
2021-03-12 15:00:00,short,43.93954490565287,0.5,-2.286444633702948,-600.3404331529198,-1.064619253313009,5.6299524449010345,1.211610999620017,7,stop_loss,True
2021-03-15 16:00:00,short,26.406006728239596,0.72,0.8180092623978847,2172.457786655904,3.889812357409027,8.026366543459442,0.0,12,time_stop,False
2021-03-18 13:45:00,long,41.32645689205301,0.81,-1.592648457829964,-591.3611558773663,-1.0534669975545372,2.13199652748915,2.0651627805458266,2,stop_loss,True
2021-03-25 14:00:00,long,27.58501653316582,0.5,-0.6649656182438558,-610.8941871751745,-1.096622781332077,2.65712648663459,2.8382942016322343,1,stop_loss,True
2021-04-09 13:15:00,long,39.83501633060564,0.59,-1.5479906531273573,-594.8548144500068,-1.0924022307042858,4.9319690638459885,6.652960610714628,8,stop_loss,True
2021-04-09 15:30:00,long,35.00586083098498,0.81,-1.0351244615036737,-584.0741341994709,-1.0761310968976878,0.0951638711221098,3.3212191021646618,1,stop_loss,True
2021-04-09 16:00:00,long,38.46881145326922,0.85,-1.178215995203684,-579.2984199463749,-1.0707889798087729,0.0,6.247127468129823,1,stop_loss,True
2021-04-19 14:30:00,long,29.501075801627508,0.66,1.7402924648769325,-606.7244263332578,-1.0706477411312196,0.0,3.9121186651447033,1,stop_loss,True
2021-04-19 15:15:00,long,28.995242620576867,0.86,1.021484611607209,-598.475740410742,-1.0594948506269577,1.7476612371684053,3.2350325028437013,3,stop_loss,True
2021-04-28 15:30:00,long,31.017694880236903,0.76,-1.1438838157482745,4943.131784188971,8.950569871103161,9.352180387163052,0.0,5,take_profit,False
2021-05-03 15:30:00,short,29.03785392016101,0.85,1.097763105566649,-615.7403710096174,-1.0678405723520117,0.3561630048484462,1.7299345949778366,1,stop_loss,True
2021-05-19 13:15:00,long,31.023996876254508,0.88,-0.6957971594466085,-685.3053346906177,-1.061539771714655,0.4923181737177651,1.169255662579321,1,stop_loss,True
2021-05-19 14:45:00,long,42.80351150713734,0.9,-1.6511007055782476,5768.046158053135,8.96326330009439,9.904214294696525,0.0,3,take_profit,False
2021-06-11 14:15:00,long,38.12057005750249,0.65,-1.0293457865646802,-773.0004913436478,-1.076434439786406,3.2580179958985958,2.742085527339704,4,stop_loss,True
2021-06-11 15:30:00,long,40.65989243278475,0.75,-1.356192986054382,-766.022678579608,-1.0701734681036374,1.6315331334111691,2.7192218890183493,1,stop_loss,True
2021-06-22 13:15:00,short,35.348046723575514,0.53,-0.9358936598157076,-761.0654261623033,-1.0701650178442097,0.0,2.2891337071693347,1,stop_loss,True
2021-06-22 14:15:00,short,29.51660867398995,0.54,-0.5447389357034096,6328.056117994036,8.955629650559162,11.882379580266942,0.0,5,take_profit,False
2021-06-24 15:00:00,short,26.00899377508853,0.57,1.0791433984261225,6450.445225673958,8.948012723096577,11.988266054049078,0.0935770984270111,11,take_profit,False
2021-06-28 13:30:00,short,32.76739256052738,0.65,-0.4031252414066181,-794.1221537613376,-1.0799294137867246,4.845720710824488,2.4678206506673903,10,stop_loss,True
2021-07-02 13:45:00,short,26.98522194101605,0.65,1.1102879403263044,-789.3587189541175,-1.0804229055256909,1.809515374329648,1.1862378565050855,1,stop_loss,True
2021-07-07 16:00:00,long,25.47592918486285,0.69,1.1095536206779637,-787.1512327690288,-1.0752215782744745,0.0,3.131098195677785,1,stop_loss,True
2021-07-15 13:15:00,long,41.32821569972761,0.67,1.30873309613073,-808.4770690505276,-1.0877258937621852,0.0,4.846855630364972,1,stop_loss,True
2021-07-19 15:15:00,long,34.65227776160214,0.74,-1.455760912460314,-788.5267194277619,-1.0678394532385798,4.367164802237435,3.1375747122872117,1,stop_loss,True
2021-07-21 13:45:00,long,25.79427968069123,0.67,-0.8745385143422769,-790.9231741516094,-1.0745270497155437,0.7266387347271834,1.2483280827364107,1,stop_loss,True
2021-07-21 15:00:00,long,29.624401219525463,0.63,-1.110225546290844,-789.161933788756,-1.075601564638463,1.9089395071231172,3.6194249070696256,1,stop_loss,True
2021-07-22 14:45:00,short,26.77844566631822,0.56,-1.1382733316749472,-796.6174599015517,-1.0892780873153598,4.329987234799004,9.16216371074716,3,stop_loss,True
2021-07-22 15:45:00,short,25.61066429362409,0.85,-0.5420957319592089,-772.4825354466167,-1.0597395485761385,5.555778017585968,3.1960658488262923,10,stop_loss,True
2021-07-23 16:00:00,short,30.7711736193406,0.88,-1.015202403540434,-389.7029963065149,-0.536323879568052,5.642127213055817,0.6292866853599258,12,time_stop,True
2021-08-06 15:00:00,short,44.49161981492952,0.58,-0.9911803049834162,-810.6296805389593,-1.106224751718707,3.585085370509677,2.3103883498836857,1,stop_loss,True
2021-08-13 16:00:00,short,27.42055169531449,0.71,1.035242850416457,-780.8659644025313,-1.086783944922014,0.0,2.5492783820863743,1,stop_loss,True
2021-08-17 15:45:00,long,33.77416527671058,0.78,0.9420712901676064,-768.3696137812842,-1.07998633257217,0.5399077448626005,1.8596822323047653,1,stop_loss,True
2021-08-19 15:00:00,long,31.456759394422534,0.66,1.2700372242069295,-754.973162581417,-1.0717417663910584,1.4886416526158892,2.77999344765596,1,stop_loss,True
2021-08-31 15:45:00,long,27.874212779927657,0.87,-0.163380793068511,-761.7857841716162,-1.0992626237730918,0.0,11.241492142312817,1,stop_loss,True
2021-09-09 14:30:00,short,37.14222532633769,0.58,1.61912207494229,-779.2772548684367,-1.1099929189609714,1.9798725412993623,1.7873849331173497,1,stop_loss,True
2021-09-10 14:45:00,short,25.58822319600535,0.63,-0.0346231644759872,-760.9671497145595,-1.0875336949129102,0.3173096440595484,1.9147995762216528,1,stop_loss,True
2021-09-21 15:15:00,short,30.22646541019768,0.67,1.0956411606737342,-762.1596426515714,-1.0856010081060503,0.0,6.4414758599861255,1,stop_loss,True
2021-09-23 13:15:00,short,28.360679338140983,0.81,0.2414633961679246,-744.1056624133322,-1.0633484897294887,2.541858150398075,1.0373315193212778,2,stop_loss,True
2021-09-27 15:45:00,short,30.63282442261224,0.85,-1.001059030317088,-746.7388069159898,-1.0705263570535817,1.4546061142315232,1.1901322752801913,1,stop_loss,True
2021-09-30 15:30:00,short,27.23097113998513,0.76,-0.7873767759817618,-761.9944512611519,-1.0707822752725766,0.0,8.175352793990053,1,stop_loss,True
2021-09-30 16:00:00,short,27.11628859263197,0.84,-0.4979002239358587,-750.5844535813736,-1.0581476694782166,0.1526376323804837,3.1472426105112814,1,stop_loss,True
2021-10-04 15:00:00,short,35.71064274842598,0.68,-1.7900671264086792,-763.3098268265372,-1.0795143115647592,2.25621859065208,4.731101538107475,2,stop_loss,True
2021-10-04 15:45:00,short,30.92476659699121,0.76,-1.1859553634370674,-753.583237761105,-1.0692211584226845,7.744117098544937,4.421501494252922,6,stop_loss,True
2021-10-13 15:45:00,long,61.213412331798565,0.9,1.0999740286000623,-749.3131669105212,-1.052349250032841,2.6567244391692086,1.5770211572406734,1,stop_loss,True
2021-10-15 14:00:00,long,50.90634922107615,0.7,-2.463848587273086,-774.4910481615578,-1.0911543578610363,2.256070357062732,2.8941508620905068,2,stop_loss,True
2021-10-15 15:00:00,long,52.71205301040568,0.78,-2.560341041264136,-767.7774067272816,-1.085248254603808,0.0,6.287058777036661,1,stop_loss,True
2021-10-15 15:30:00,long,55.13721754810796,0.85,-2.476149213741951,-757.4906379361207,-1.074205313704604,0.1576862916224944,8.552162404463205,1,stop_loss,True
2021-11-02 14:00:00,long,25.10043591994508,0.63,0.0932017188250364,-779.6520488837796,-1.0925660536586317,5.0679914378148005,2.1637315042723486,2,stop_loss,True
2021-11-03 13:15:00,short,25.41229033501207,0.62,-0.4288660997938563,-781.6450625956194,-1.0989610276372423,0.0,2.3379542779318183,1,stop_loss,True
2021-11-04 14:30:00,short,33.20457791543868,0.56,0.925030995910192,-756.7805250387777,-1.0710217299090483,0.0,8.380564129275383,1,stop_loss,True
2021-11-04 15:00:00,short,39.605469571782166,0.71,1.149727418023376,-746.6993904347286,-1.0601609289664962,1.308500205022489,1.7296267077883043,2,stop_loss,True
2021-11-04 15:45:00,short,48.02132338941514,0.71,1.7003292044649667,-744.2128550622991,-1.060001873299289,0.0,2.84258874755638,1,stop_loss,True
2021-11-11 14:30:00,long,46.84710492740906,0.52,2.043662306806909,2845.8190417638352,4.079868318927228,8.056011172118916,0.1901633538483254,12,time_stop,False
2021-11-16 14:45:00,long,27.26213148213358,0.61,1.74553567925526,-765.1243078258825,-1.0836462669222513,4.663279380919783,1.882041005752316,1,stop_loss,True
2021-12-10 16:00:00,short,34.5506816341708,0.9,-0.1078525176589328,-768.1244983187391,-1.0592040169243766,3.937067125474751,1.309888874453012,9,stop_loss,True
2021-12-16 15:15:00,short,28.318486738187843,0.55,1.0382404554940945,-767.773335906961,-1.080063425977981,3.212544967369458,2.0916570036765822,3,stop_loss,True
2021-12-17 16:00:00,long,34.06108467864955,0.82,1.1948442092345877,-761.2013472926718,-1.0742992295882825,0.5015197997215408,1.2445120956047888,1,stop_loss,True
2021-12-29 13:15:00,long,40.60019132137185,0.71,-1.7214836272068934,-791.4592414983978,-1.1024016678712487,0.3328054205818492,1.4464235586825518,1,stop_loss,True
2021-12-29 15:00:00,long,48.88226115097387,0.74,-2.341628220458632,-783.6043678931834,-1.0950824941735962,0.0,4.849207202857724,1,stop_loss,True
2022-01-21 14:00:00,long,30.884888741658163,0.57,-1.6971575613202503,6354.576890513692,8.939864806222168,9.633658043217292,0.0,4,take_profit,False
2022-01-28 14:45:00,short,46.359716908516255,0.6,-1.905998359597832,-778.0231651404242,-1.0731226790891106,3.500748261394286,2.0200140098385497,1,stop_loss,True
2022-02-02 14:30:00,short,31.303667793700537,0.51,0.9286100425576485,-797.6818851117051,-1.1110048718591286,2.414355962938257,5.009094842647599,3,stop_loss,True
2022-02-15 13:45:00,long,53.20760839900318,0.65,-2.430973002623221,-762.2691275440342,-1.0552366438854102,0.0828549658282721,1.6847176385064202,1,stop_loss,True
2022-02-15 14:15:00,long,55.39183773779624,0.65,-2.615962103003478,-759.7010079455241,-1.0550213950163272,0.0,2.365919985704252,1,stop_loss,True
2022-02-15 14:45:00,long,58.45144322534762,0.81,-2.4449342547436657,-753.9622329594674,-1.0503762806718748,2.1724771039766058,2.6888339808636093,2,stop_loss,True
2022-02-17 13:30:00,long,33.64037950189133,0.88,2.187754399836612,-773.4797237674474,-1.05275358622079,1.5100714055714617,1.015506534751106,2,stop_loss,True
2022-03-01 15:00:00,long,49.6844342559392,0.68,1.6289927999716711,-759.3514347005658,-1.0466518832432017,3.2831262832433588,1.7144567091891156,2,stop_loss,True
2022-03-04 15:15:00,long,25.374063469801783,0.61,1.141491475005287,6465.923033838784,8.96845806535761,10.333137789044722,0.3469612810728992,5,take_profit,False
