entry_time,exit_time,direction,entry_price,exit_price,stop_price,take_profit,size_oz,pnl,r_multiple,exit_reason,bars_held
2012-05-17 14:15:00,2012-05-17 14:45:00,short,1548.285,1550.909631396598,1550.684631396598,1544.4455897654434,8.33461340285646,-21.875288015641946,-1.0937644007820972,stop_loss,2
2012-05-17 15:00:00,2012-05-17 15:30:00,short,1556.925,1552.2620348814426,1559.9487281990982,1552.0870348814426,6.599882036328502,30.775019721993353,1.5421244277008592,take_profit,2
2012-05-18 08:15:00,2012-05-18 09:15:00,long,1569.615,1572.2168246596652,1567.8794845877094,1572.3918246596652,11.534210138181466,30.009992367281193,1.4991654013784883,take_profit,4
2012-05-18 15:30:00,2012-05-18 15:45:00,long,1588.405,1585.1963145943319,1585.4213145943318,1593.178896649069,6.729201212032853,-21.591889720854045,-1.0754100950363161,stop_loss,1
2012-05-21 10:45:00,2012-05-21 11:45:00,long,1594.615,1592.3345634078255,1592.5595634078254,1597.9036985474795,9.747143621448037,-22.227742983530476,-1.1094657946912703,stop_loss,4
2012-05-21 12:00:00,2012-05-21 12:30:00,long,1592.155,1589.8274085414218,1590.0524085414218,1595.519146333725,9.507401022287016,-22.12934541275221,-1.1070108028271242,stop_loss,2
2012-05-21 12:45:00,2012-05-21 14:30:00,long,1590.495,1593.7552264924175,1588.347983442239,1593.9302264924174,9.290064121682438,30.287713165767205,1.5184915461563038,take_profit,7
2012-05-21 15:15:00,2012-05-21 15:45:00,long,1589.2949999999998,1586.7914232994856,1587.0164232994855,1592.9407227208228,8.780260464231203,-21.98205552269575,-1.098745853035853,stop_loss,2
2012-05-22 10:15:00,2012-05-22 10:30:00,long,1587.125,1585.459121225081,1585.6841212250808,1589.4304060398706,13.854415204581787,-23.079776228228777,-1.156154704973382,stop_loss,1
2012-05-22 10:45:00,2012-05-22 11:30:00,long,1582.2849999999999,1580.275313709381,1580.5003137093809,1585.1404980649904,11.159593346702389,-22.4272817577497,-1.1260725771148672,stop_loss,3
2012-05-22 11:45:00,2012-05-22 12:00:00,long,1578.0449999999998,1575.663948741504,1575.888948741504,1581.494682013593,9.21662628053217,-21.94525960434608,-1.10435744470977,stop_loss,1
2012-05-22 12:15:00,2012-05-22 13:15:00,long,1576.7749999999999,1574.1669251903786,1574.3919251903785,1580.587919695394,8.320187050766123,-21.699670258440108,-1.0944158358317169,stop_loss,4
2012-05-22 15:45:00,2012-05-22 16:00:00,long,1577.0349999999999,1580.828987447544,1574.5543828452849,1581.003987447544,7.97552689414288,30.259048923929015,1.5294530396731356,take_profit,1
2012-05-23 08:30:00,2012-05-23 09:15:00,long,1558.105,1555.7852554070753,1556.0102554070752,1561.4565913486797,9.473587852369565,-21.976304196131753,-1.1074116628632749,stop_loss,3
2012-05-23 09:30:00,2012-05-23 09:45:00,long,1555.685,1559.0554227537912,1553.4691107788803,1559.2304227537911,8.93582320462423,30.11750185272106,1.52102493286568,take_profit,1
2012-05-23 11:15:00,2012-05-23 11:30:00,long,1554.945,1552.0109671198147,1552.2359671198146,1559.2794526082962,7.331409474551705,-21.510596456436105,-1.083055470328776,stop_loss,1
2012-05-23 15:30:00,2012-05-23 16:00:00,long,1559.465,1563.8505570630325,1556.6146518356047,1564.0255570630325,6.952837684639428,30.492066415989626,1.538603991545412,take_profit,2
2012-05-24 10:00:00,2012-05-24 10:15:00,short,1561.035,1557.691542839743,1563.2340357251608,1557.5165428397431,9.039867809846148,30.224410756606897,1.52041966485683,take_profit,1
2012-05-24 12:30:00,2012-05-24 13:00:00,short,1558.415,1561.2588516185208,1561.0338516185209,1554.2248374103665,7.613810933418362,-21.6525485461134,-1.0859155205314706,stop_loss,2
2012-05-24 13:15:00,2012-05-24 13:30:00,short,1561.285,1564.0774624657035,1563.8524624657036,1557.1770600548746,7.749338599795513,-21.639737173956018,-1.0876351662411752,stop_loss,1
2012-05-24 15:45:00,2012-05-24 16:00:00,short,1571.845,1575.6406051461015,1575.4156051461016,1566.1320317662376,5.560081751500977,-21.103874908742036,-1.0630145285724373,stop_loss,1
2012-05-25 10:00:00,2012-05-25 10:15:00,short,1560.9750000000001,1563.1474481178982,1562.9224481178983,1557.859083011363,10.172619533617503,-22.099488159900353,-1.115535812190339,stop_loss,1
2012-05-25 10:30:00,2012-05-25 11:00:00,short,1563.185,1565.5855547547183,1565.3605547547184,1559.7041123924507,9.08570549449399,-21.81073352477786,-1.1034218971101153,stop_loss,2
2012-05-25 11:15:00,2012-05-25 11:45:00,short,1565.885,1562.229723734043,1568.278922666223,1562.0547237340431,8.238707373361102,30.114751524010945,1.5268982233765898,take_profit,2
2012-05-28 11:00:00,2012-05-28 11:15:00,long,1579.0349999999999,1576.7241390186794,1576.9491390186793,1582.3723775701128,9.484360655709194,-21.91703897204971,-1.1078691255145192,stop_loss,1
2012-05-28 15:30:00,2012-05-28 16:15:00,long,1577.5349999999999,1575.2753426189367,1575.5003426189367,1580.7904518097007,9.701497623279106,-21.92206071180882,-1.1105837287859919,stop_loss,3
2012-05-29 11:45:00,2012-05-29 13:30:00,long,1574.475,1572.345578355853,1572.5705783558528,1577.5220746306352,10.341921751245973,-22.022312019177686,-1.1181461052448174,stop_loss,7
2012-05-30 14:30:00,2012-05-30 14:45:00,short,1553.195,1556.060791077638,1555.835791077638,1548.9697342757788,7.44145766301422,-21.32566297528745,-1.0852017419723878,stop_loss,1
2012-05-31 11:45:00,2012-05-31 12:00:00,short,1565.575,1567.8253161779285,1567.6003161779286,1562.3344941153146,9.68178889244593,-21.78708617595881,-1.11109376523622,stop_loss,1
2012-05-31 12:15:00,2012-05-31 12:30:00,short,1567.785,1570.060043030969,1569.835043030969,1564.50493115045,9.543755524760934,-21.71245449587778,-1.1097537937501558,stop_loss,1
2012-05-31 12:45:00,2012-05-31 13:00:00,short,1569.945,1566.625981451153,1572.1287615930294,1566.450981451153,8.939476111370823,29.670287030614393,1.5198630470658103,take_profit,1
2012-06-01 07:45:00,2012-06-01 08:15:00,short,1556.845,1558.9639240811732,1558.7389240811733,1553.8147214701228,10.338864879814249,-21.90726976583418,-1.1188009605224103,stop_loss,2
2012-06-01 15:45:00,2012-06-01 16:15:00,short,1582.395,1587.3873772996903,1587.1623772996904,1574.767196320495,4.098104555226583,-20.459284153270858,-1.0471957610769593,stop_loss,2
2012-06-04 10:00:00,2012-06-04 10:15:00,long,1622.215,1619.4258265959006,1619.6508265959005,1626.317677446559,7.60334384128219,-21.207044424326504,-1.0877475757451494,stop_loss,1
2012-06-04 11:00:00,2012-06-04 13:00:00,long,1617.325,1621.9775692042685,1614.3077692473323,1622.1525692042685,6.447593692988055,29.99787585763205,1.5419997957248928,take_profit,8
2012-06-04 15:15:00,2012-06-04 15:30:00,long,1619.565,1616.234457417293,1616.459457417293,1624.5338681323317,6.283563404207097,-20.927675488851342,-1.0724511076591887,stop_loss,1
2012-06-04 15:45:00,2012-06-04 17:30:00,long,1617.145,1613.6356801200127,1613.8606801200126,1622.3999118079798,5.9287825435573716,-20.805994444227483,-1.0685073343101932,stop_loss,7
2012-06-05 10:30:00,2012-06-05 11:45:00,long,1613.435,1616.0715308146844,1611.6777932408222,1616.2465308146843,11.05755272198669,29.153578486515492,1.5004101258511868,take_profit,5
2012-06-07 11:45:00,2012-06-07 12:45:00,long,1620.065,1617.7465619461238,1617.9715619461238,1623.4145008862022,9.309429292128359,-21.583335130740227,-1.1074786997319026,stop_loss,4
2012-06-07 13:15:00,2012-06-07 13:30:00,long,1617.855,1615.2226002054588,1615.4476002054587,1621.7068396712664,8.077406550354691,-21.26296334357978,-1.0934618340128157,stop_loss,1
2012-06-07 13:45:00,2012-06-07 14:00:00,long,1613.905,1617.612290328796,1611.4785685445024,1617.787290328796,7.996525473283927,29.645441551076633,1.5278776247301158,take_profit,1
2012-06-08 09:30:00,2012-06-08 10:00:00,long,1567.495,1572.492490151669,1564.2621936552068,1572.667490151669,6.020252916637827,30.086154661454874,1.545867465806717,take_profit,2
2012-06-08 16:00:00,2012-06-08 17:30:00,long,1575.235,1581.5247785350264,1571.1945134156085,1581.6997785350263,4.831716113327801,30.39042429695073,1.5566883848406372,take_profit,6
2012-06-11 12:15:00,2012-06-11 12:30:00,long,1594.075,1591.5050769137958,1591.7300769137958,1597.8268769379267,8.351346404193498,-21.46231792502529,-1.0959519744266386,stop_loss,1
2012-06-11 12:45:00,2012-06-11 15:15:00,long,1589.2949999999998,1593.3009959311714,1586.6818775430177,1593.4759959311714,7.47777445179474,29.955934028108544,1.5330303103353176,take_profit,10
2012-06-12 16:00:00,2012-06-12 16:15:00,short,1599.815,1603.0909044682624,1602.8659044682624,1594.9335528507802,6.424407063604915,-21.045743805599205,-1.073748621872797,stop_loss,1
2012-06-13 14:00:00,2012-06-13 14:30:00,long,1610.325,1608.143282666297,1608.3682826662969,1613.4557477339251,9.995394016192783,-21.807124382319948,-1.11498850453483,stop_loss,2
2012-06-14 09:30:00,2012-06-14 09:45:00,long,1620.595,1618.7228241531245,1618.9478241531244,1623.230481355001,11.8472757580367,-22.18018352547002,-1.1365974376243402,stop_loss,1
2012-06-14 10:00:00,2012-06-14 10:15:00,long,1618.2649999999999,1620.8481446377305,1616.5411596014183,1621.0231446377304,11.294657051129604,29.175732796631365,1.4984824812413082,take_profit,1
2012-06-15 15:15:00,2012-06-15 15:30:00,long,1622.235,1624.7404675254463,1620.559707796596,1624.9154675254463,11.656794879590125,29.20572102160317,1.4955406109786913,take_profit,1
2012-06-18 08:45:00,2012-06-18 09:30:00,long,1622.055,1619.6924215138365,1619.9174215138364,1625.475125577862,9.16314846321804,-21.648657424721595,-1.1052592929131322,stop_loss,3
2012-06-18 09:45:00,2012-06-18 10:15:00,long,1620.125,1617.9073610177188,1618.1323610177187,1623.31322237165,9.807924004013175,-21.750434606551003,-1.1129155868175966,stop_loss,2
2012-06-18 10:30:00,2012-06-18 11:45:00,long,1618.205,1621.1969608420245,1616.2256494737346,1621.3719608420245,9.851792584322721,29.476177636041744,1.5115871606985631,take_profit,5
2012-06-18 14:15:00,2012-06-18 15:30:00,long,1619.995,1617.3934430325342,1617.618443032534,1623.7974911479453,8.230016557341001,-21.410856917108884,-1.094674776611743,stop_loss,5
2012-06-19 11:15:00,2012-06-19 11:45:00,long,1627.945,1630.199432657051,1626.426604589343,1630.3744326570509,12.853227387871335,28.97673557171925,1.4847467538614472,take_profit,2
2012-06-19 15:30:00,2012-06-19 15:45:00,long,1629.735,1627.7653984865392,1627.990398486539,1632.526362421537,11.2198887814716,-22.098709924847217,-1.128969279382071,stop_loss,1
2012-06-20 10:45:00,2012-06-20 11:00:00,long,1617.315,1615.707519933802,1615.9325199338018,1619.5269681059174,14.126813114111785,-22.708570479841303,-1.162750990412939,stop_loss,1
2012-06-20 13:15:00,2012-06-20 13:45:00,long,1614.245,1612.1895367528252,1612.4145367528251,1617.1737411954794,10.644638955893564,-21.87966415328284,-1.1229197037128105,stop_loss,2
2012-06-20 14:15:00,2012-06-20 15:00:00,long,1611.905,1609.6448664409997,1609.8698664409997,1615.1612136944004,9.552621730364864,-21.590200949232415,-1.1105578545471149,stop_loss,3
2012-06-20 15:15:00,2012-06-20 15:30:00,long,1608.065,1605.5552012292117,1605.7802012292116,1611.7206780332615,8.489885807890461,-21.307904964777304,-1.0984769437363893,stop_loss,1
2012-06-21 12:30:00,2012-06-21 13:00:00,short,1598.7050000000002,1600.9694321440033,1600.7444321440034,1595.441908569595,9.490418646673046,-21.49040904357374,-1.110324827752419,stop_loss,2
2012-06-22 11:15:00,2012-06-22 12:00:00,short,1567.835,1570.1467529932622,1569.9217529932623,1564.4961952107803,9.254609478141873,-21.3943711625671,-1.1078230153383704,stop_loss,3
2012-06-22 12:15:00,2012-06-22 14:00:00,short,1571.185,1568.0016121515798,1573.2839924052626,1567.8266121515799,9.180259651892401,29.224327021175835,1.5166266635547208,take_profit,7
2012-06-22 14:45:00,2012-06-22 15:45:00,short,1570.015,1567.199701621751,1571.8839364864057,1567.024701621751,10.341573446872594,29.11461495352389,1.5063638591932935,take_profit,4
2012-06-25 15:45:00,2012-06-25 17:00:00,short,1571.385,1573.5638485653817,1573.3388485653818,1568.258842295389,9.921942526708587,-21.618410240118816,-1.1151573381819082,stop_loss,5
2012-06-26 10:30:00,2012-06-26 10:45:00,short,1583.885,1585.4505998016043,1585.2255998016044,1581.7400403174329,14.428419523843669,-22.589130743993564,-1.1678353224658335,stop_loss,1
2012-06-26 11:00:00,2012-06-26 11:45:00,short,1585.385,1583.2255398655416,1586.8440375840364,1583.0505398655416,13.22622412251741,28.561503721988558,1.4800579218009404,take_profit,3
2012-06-27 15:00:00,2012-06-27 15:15:00,short,1571.185,1568.161955079773,1573.1837780751418,1567.986955079773,9.683256654549801,29.272919840791012,1.512446508105898,take_profit,1
2012-06-28 13:45:00,2012-06-28 14:00:00,short,1569.9750000000001,1567.2077033184764,1571.8139354259524,1567.0327033184765,10.556774676693474,29.213727530407315,1.5048362451828174,take_profit,1
2012-06-29 08:45:00,2012-06-29 09:00:00,short,1568.615,1571.4841333830193,1571.2591333830194,1564.3843865871688,7.36409687834788,-21.128576189456037,-1.0850940430784841,stop_loss,1
2012-06-29 10:30:00,2012-06-29 13:30:00,short,1570.9750000000001,1571.895,1573.8160044135775,1566.4293929382764,6.838918358097236,-6.291804889448399,-0.3238291343734274,time_stop,12
2012-06-29 14:00:00,2012-06-29 14:15:00,short,1577.2450000000001,1580.1883016368877,1579.9633016368878,1572.8957173809797,7.142994495600627,-21.023987391180114,-1.0827722710925949,stop_loss,1
2012-06-29 14:30:00,2012-06-29 15:15:00,short,1583.2350000000001,1586.339913146092,1586.114913146092,1578.627138966253,6.727552072596444,-20.888464871221856,-1.0781273561340692,stop_loss,3
2012-06-29 15:30:00,2012-06-29 15:45:00,short,1586.4850000000001,1590.2162905915643,1589.9912905915644,1580.8749350534972,5.513801044231412,-20.57359396009739,-1.06417038009948,stop_loss,1
2012-07-02 12:15:00,2012-07-02 12:45:00,short,1596.115,1593.6554686241427,1597.7615821099107,1593.4804686241428,11.716294875979152,28.816594856266786,1.4937192388120204,take_profit,2
2012-07-04 10:30:00,2012-07-04 10:45:00,long,1614.5449999999998,1612.83257007609,1613.0575700760899,1616.9248878782557,13.00866307440856,-22.276423918678905,-1.1512676304161307,stop_loss,1
2012-07-04 13:15:00,2012-07-04 16:15:00,long,1615.195,1615.9750000000001,1613.4722525364837,1617.9513959416258,11.205891918539155,8.740595696462783,0.45276514202967116,time_stop,12
2012-07-05 08:45:00,2012-07-05 09:30:00,long,1614.575,1616.2846425777789,1613.3970983888883,1616.4596425777788,16.40408917707124,28.04512930680176,1.451430715138536,take_profit,3
2012-07-06 07:15:00,2012-07-06 07:30:00,long,1604.215,1602.75767772983,1602.98267772983,1606.186715632272,15.725183093894588,-22.916659525232188,-1.1825821097665201,stop_loss,1
2012-07-06 08:00:00,2012-07-06 08:30:00,long,1603.235,1605.070660074381,1601.9783374535118,1605.245660074381,15.384130022880523,28.240033262090403,1.4607422489921151,take_profit,2
2012-07-06 10:00:00,2012-07-06 10:15:00,long,1602.5149999999999,1600.7944145201056,1601.0194145201056,1604.9079367678307,12.964247338073354,-22.30609572764638,-1.1504427550445384,stop_loss,1
2012-07-06 11:45:00,2012-07-06 12:00:00,long,1600.155,1598.1115374128908,1598.3365374128907,1603.064540139375,10.637847609434239,-21.738043597247497,-1.1237308931153673,stop_loss,1
2012-07-06 12:15:00,2012-07-06 12:30:00,long,1593.985,1591.179795014176,1591.404795014176,1598.113327977318,7.480433494227998,-20.98414933413188,-1.0872023739338919,stop_loss,1
2012-07-06 16:00:00,2012-07-06 19:00:00,long,1588.395,1584.1649525690607,1584.3899525690606,1594.8030758895031,4.808702975771195,-20.34104166881108,-1.056179109955543,stop_loss,12
2012-07-09 13:30:00,2012-07-09 13:45:00,short,1583.945,1585.6005829406117,1585.3755829406118,1581.6560672950209,13.433965183245748,-22.24104358215445,-1.157278542622403,stop_loss,1
2012-07-10 11:45:00,2012-07-10 12:00:00,short,1587.7350000000001,1589.4651557117018,1589.2401557117018,1585.3267508612773,12.73882773702076,-22.040155569589583,-1.1494861948505817,stop_loss,1
2012-07-10 12:15:00,2012-07-10 12:30:00,short,1589.7050000000002,1591.525925077947,1591.300925077947,1587.1515198752852,11.986677370989769,-21.826841426093498,-1.1409840619143319,stop_loss,1
2012-07-10 12:45:00,2012-07-10 13:45:00,short,1593.105,1595.110568051903,1594.8855680519032,1590.2560911169548,10.719155223732834,-21.497995260108613,-1.1263641677493965,stop_loss,4
2012-07-10 14:00:00,2012-07-10 14:30:00,short,1595.9850000000001,1593.235743072246,1597.8126605798466,1593.060743072246,10.419434305383648,28.645701947356095,1.504249179563312,take_profit,2
2012-07-11 08:45:00,2012-07-11 10:15:00,short,1576.4550000000002,1578.07914419086,1577.85414419086,1574.2163692946242,13.651545618328768,-22.172078512266932,-1.1608125892025607,stop_loss,6
2012-07-11 10:30:00,2012-07-11 10:45:00,short,1579.345,1581.1996064813065,1580.9746064813066,1576.7376296299096,11.693704467743993,-21.687220096361003,-1.138070143056565,stop_loss,1
2012-07-11 14:00:00,2012-07-11 15:00:00,short,1578.395,1575.3951643141065,1580.3792723036834,1575.2201643141066,9.581730348014112,28.74361663058108,1.5118064593881073,take_profit,4
2012-07-13 11:00:00,2012-07-13 12:00:00,short,1576.675,1578.7665825815604,1578.5415825815605,1573.6884678695028,10.216665242983357,-21.368999063858436,-1.1205411441329294,stop_loss,4
2012-07-13 12:15:00,2012-07-13 13:00:00,short,1579.405,1581.4951286972232,1581.2701286972233,1576.4207940844428,10.201714988562035,-21.32289725848592,-1.1206351070223053,stop_loss,3
2012-07-13 13:45:00,2012-07-13 14:00:00,short,1582.625,1584.738898876626,1584.5138988766262,1579.6027617973982,10.050758050877214,-21.24628615298988,-1.1191170172125835,stop_loss,1
2012-07-16 13:30:00,2012-07-16 15:00:00,short,1585.625,1583.25414680249,1587.2161582484437,1583.07914680249,11.904770023827163,28.224462076612863,1.4900172247663341,take_profit,6
2012-07-17 08:00:00,2012-07-17 09:15:00,long,1592.445,1590.9423822775043,1591.1673822775042,1594.489188355993,14.870505949367894,-22.34468578199709,-1.1761090160524603,stop_loss,5
2012-07-17 09:30:00,2012-07-17 10:15:00,long,1592.145,1594.0522215342887,1590.8436115410695,1594.2272215342887,14.564546382564696,27.777816497974523,1.4655282373229428,take_profit,3
2012-07-17 14:30:00,2012-07-17 15:00:00,long,1593.055,1591.2405335722133,1591.4655335722132,1595.598146284459,11.95979221234081,-21.70064145259822,-1.141556937640509,stop_loss,2
2012-07-17 15:15:00,2012-07-17 15:30:00,long,1591.315,1589.4782078200265,1589.7032078200264,1593.893867487958,11.767203711229705,-21.61390775694304,-1.139596160594092,stop_loss,1
2012-07-18 07:15:00,2012-07-18 07:30:00,long,1578.635,1580.6603966779326,1577.2597520762922,1580.8353966779325,13.759743810690878,27.868939403376636,1.4727502169004918,take_profit,1
2012-07-18 10:15:00,2012-07-18 10:30:00,short,1582.135,1583.8786115650428,1583.6536115650429,1579.7052214959313,12.497466384482902,-21.790726921717813,-1.14816165317005,stop_loss,1
2012-07-18 11:45:00,2012-07-18 12:00:00,short,1584.095,1581.7214397891921,1585.6878501317549,1581.5464397891922,11.887631581827321,28.216009323368816,1.4901340455633045,take_profit,1
2012-07-19 10:30:00,2012-07-19 10:45:00,short,1581.7350000000001,1579.5034625536466,1583.239085903971,1579.3284625536467,12.626704033243044,28.176962874204794,1.4836502625694852,take_profit,1
2012-07-19 13:00:00,2012-07-19 13:15:00,short,1582.2050000000002,1584.3541281361122,1584.1291281361123,1579.1263949822207,9.899549369019757,-21.275400083790554,-1.1169360791400003,stop_loss,1
2012-07-19 13:30:00,2012-07-19 14:00:00,short,1584.335,1586.4946819132801,1586.2696819132802,1581.2395089387514,9.823553187289168,-21.215750142733594,-1.116298187549822,stop_loss,2
2012-07-19 14:15:00,2012-07-19 14:30:00,short,1587.4950000000001,1589.670920613512,1589.445920613512,1584.373527018381,9.720036296696314,-21.150027342064746,-1.1153301669179037,stop_loss,1
2012-07-19 14:45:00,2012-07-19 15:00:00,short,1589.2150000000001,1586.131178908706,1591.251763182059,1585.956178908706,9.289601897408094,28.647470260952883,1.514079358100362,take_profit,1
2012-07-20 10:45:00,2012-07-20 11:00:00,short,1584.855,1586.4496996114055,1586.2246996114056,1582.663480621751,13.855603011868416,-22.095524738815868,-1.1642695946806967,stop_loss,1
2012-07-20 11:15:00,2012-07-20 12:15:00,short,1585.7350000000001,1583.581516454469,1587.190302215957,1583.406516454469,13.010234440700067,28.017325791549826,1.4797500628522022,take_profit,4
2012-07-24 08:00:00,2012-07-24 10:00:00,short,1577.305,1575.488955436608,1578.5494028521202,1575.313955436608,15.26021708395949,27.713234271507837,1.45937029981728,take_profit,8
2012-07-24 15:45:00,2012-07-24 16:00:00,short,1576.185,1578.1224637538733,1577.8974637538734,1573.4450579938027,11.121569194511036,-21.54763720055919,-1.1313896422572352,stop_loss,1
2012-07-25 13:45:00,2012-07-25 14:00:00,short,1591.015,1593.1711179015242,1592.9461179015243,1587.9252113575612,9.839994151779106,-21.2161875415435,-1.11651282390491,stop_loss,1
2012-07-25 14:15:00,2012-07-25 15:15:00,short,1592.9550000000002,1595.0940761497839,1594.869076149784,1589.8924781603462,9.905434788711311,-21.188479309770155,-1.1175501821206664,stop_loss,4
2012-07-27 15:45:00,2012-07-27 16:00:00,long,1619.2549999999999,1623.515957356436,1616.4825266522273,1623.690957356436,6.823286340656738,29.07373212829173,1.5368794653551672,take_profit,1
2012-07-30 09:15:00,2012-07-30 11:00:00,long,1618.5049999999999,1620.3801613997857,1617.2236491251338,1620.5551613997857,14.80900146880586,27.769267923676534,1.4634253868845728,take_profit,7
2012-07-30 11:45:00,2012-07-30 12:45:00,long,1617.945,1620.099836996044,1616.4888518774726,1620.2748369960439,13.06945717223085,28.162549832935227,1.4798199185285925,take_profit,4
2012-07-31 10:30:00,2012-07-31 11:00:00,long,1620.7849999999999,1622.4613827942044,1619.627885753622,1622.6363827942043,16.495683709029176,27.653080348456445,1.4487616926782354,take_profit,2
2012-07-31 14:15:00,2012-07-31 15:15:00,long,1623.585,1625.8126631871469,1622.0833355080333,1625.9876631871468,12.747652279562868,28.397475705730766,1.4834626503216357,take_profit,4
2012-08-01 11:30:00,2012-08-01 11:45:00,long,1615.485,1614.1269429042786,1614.3519429042785,1617.2978913531542,16.944858125923613,-23.012084813900927,-1.1985778129359501,stop_loss,1
2012-08-01 13:00:00,2012-08-01 15:15:00,long,1613.675,1612.1078668025305,1612.3328668025304,1615.8224131159513,14.27091409560025,-22.36442323745061,-1.1676435695235878,stop_loss,9
2012-08-01 15:30:00,2012-08-01 15:45:00,long,1608.565,1606.3992425838117,1606.6242425838116,1611.6702118659016,9.846021228657813,-21.324093495914067,-1.1159341183617855,stop_loss,1
2012-08-01 16:00:00,2012-08-01 16:15:00,long,1605.725,1603.3707754931845,1603.5957754931844,1609.1317592109049,8.954476369892411,-21.080847715700106,-1.105672276117291,stop_loss,1
2012-08-02 07:15:00,2012-08-02 10:00:00,long,1601.345,1599.7059256815237,1599.9309256815236,1603.6075189095623,13.453273698896407,-22.050915419294196,-1.159114692247811,stop_loss,11
2012-08-02 14:00:00,2012-08-02 14:30:00,long,1602.495,1600.6748861328695,1600.8998861328694,1605.0471821874087,11.898728609480575,-21.65704094333718,-1.1410557607430656,stop_loss,2
2012-08-02 14:45:00,2012-08-02 15:00:00,long,1599.225,1602.0352275020907,1597.3592328111931,1602.2102275020907,10.149451141559057,28.522266729136238,1.5062048035521711,take_profit,1
2012-08-03 12:30:00,2012-08-03 13:45:00,short,1594.9550000000002,1596.350070036813,1596.125070036813,1593.0828879410997,16.232838086781143,-22.64594602730102,-1.1922961813574764,stop_loss,5
2012-08-06 09:15:00,2012-08-06 09:45:00,short,1607.2050000000002,1605.3772507141073,1608.4567183036831,1605.2022507141073,15.137803377940326,27.66810931401723,1.4601921858256781,take_profit,2
2012-08-06 11:45:00,2012-08-06 14:45:00,short,1608.9850000000001,1609.725,1610.5820401297933,1606.429735792331,11.899263787949463,-8.805455203080006,-0.46335717318237374,time_stop,12
2012-08-07 12:30:00,2012-08-07 12:45:00,long,1613.455,1611.9384083428201,1612.16340834282,1615.5215466514878,14.699685282420372,-22.29342006248725,-1.174203664717984,stop_loss,1
2012-08-08 09:30:00,2012-08-08 09:45:00,long,1607.995,1606.8111782473127,1607.0361782473126,1609.5291148042995,19.754875169166493,-23.38625094687969,-1.2346630115235695,stop_loss,1
2012-08-08 10:00:00,2012-08-08 10:45:00,long,1607.145,1608.6433132751358,1606.09917920304,1608.8183132751358,18.066796517001816,27.06972106060182,1.4326673168970527,take_profit,3
2012-08-08 12:30:00,2012-08-08 13:15:00,long,1607.825,1606.321146110024,1606.546146110024,1609.8711662239618,14.816994437418613,-22.28259472246431,-1.1759387853166874,stop_loss,3
2012-08-08 15:15:00,2012-08-08 15:30:00,long,1604.055,1606.1906139325677,1602.6108662921454,1606.3656139325676,13.090343146054247,27.95591920480416,1.4788200849768423,take_profit,1
2012-08-09 07:30:00,2012-08-09 08:00:00,long,1614.575,1616.1973022694092,1613.4516860816193,1616.3723022694091,16.878734708764334,27.382409622783314,1.4442109572965074,take_profit,2
2012-08-09 11:00:00,2012-08-09 12:00:00,long,1614.635,1613.1297936652818,1613.3547936652817,1616.6833301355493,14.852982622087245,-22.356803532224998,-1.1757529188054059,stop_loss,4
2012-08-09 14:45:00,2012-08-09 15:00:00,long,1611.095,1609.4623034607473,1609.6873034607472,1613.3473144628047,13.476035712399645,-22.002276870480962,-1.1598355851036874,stop_loss,1
2012-08-09 15:15:00,2012-08-09 15:30:00,long,1610.825,1612.9396384908875,1609.3939759431953,1613.1146384908875,13.225608746026605,27.96738131976623,1.4777099524162864,take_profit,1
2012-08-10 08:15:00,2012-08-10 09:15:00,long,1611.815,1613.3154427823836,1610.7678482610104,1613.4904427823835,18.1273623843718,27.19907005328111,1.4328799986821386,take_profit,4
2012-08-10 10:30:00,2012-08-10 11:15:00,long,1608.175,1610.3913899056874,1606.6803813089452,1610.5663899056874,12.736691504081131,28.229474481501065,1.4829132801246097,take_profit,3
2012-08-13 09:30:00,2012-08-13 10:00:00,long,1622.2549999999999,1623.7623118599302,1621.2035550875435,1623.93731185993,18.158779320691988,27.370943431935544,1.433562369338818,take_profit,2
2012-08-13 10:45:00,2012-08-13 11:30:00,long,1621.2749999999999,1623.1392360501,1620.0004774686872,1623.3142360501,15.023428420919245,28.007216858375916,1.4626936788477936,take_profit,3
2012-08-13 15:00:00,2012-08-13 15:45:00,long,1622.0449999999998,1620.270926894395,1620.4959268943949,1624.523516968968,12.396905210126414,-21.99301612601834,-1.145248148189906,stop_loss,3
2012-08-13 16:00:00,2012-08-13 16:30:00,long,1619.995,1618.1847309202108,1618.4097309202107,1622.5314305276627,12.086103656318441,-21.879099744159536,-1.1419317407173717,stop_loss,2
2012-08-14 11:45:00,2012-08-14 12:30:00,long,1614.0149999999999,1612.6710497499569,1612.8960497499568,1615.8053204000687,17.08384105661925,-22.959832459738447,-1.2010813259939328,stop_loss,3
2012-08-14 13:00:00,2012-08-14 13:15:00,long,1612.735,1611.2995648294066,1611.5245648294065,1614.6716962729492,15.754704605726147,-22.61485709336814,-1.185883561107697,stop_loss,1
2012-08-14 13:30:00,2012-08-14 14:00:00,long,1612.2849999999999,1610.852379878417,1611.0773798784169,1614.2171921945328,15.753976356369648,-22.569463523076198,-1.186316869004281,stop_loss,2
2012-08-15 15:45:00,2012-08-15 16:00:00,short,1598.035,1600.410065248623,1600.185065248623,1594.5948956022037,8.82749020198547,-20.96586521129423,-1.1046479869129633,stop_loss,1
2012-08-16 11:45:00,2012-08-16 12:00:00,short,1603.395,1604.7374420832025,1604.5124420832026,1601.607092666876,16.947409149966745,-22.750915244166695,-1.2013527174089023,stop_loss,1
2012-08-16 14:30:00,2012-08-16 15:15:00,short,1603.935,1602.3934974881008,1605.007814069937,1602.2184974881009,17.609991222473095,27.145845703963822,1.436877605445231,take_profit,3
2012-08-17 14:30:00,2012-08-17 15:00:00,long,1613.7949999999998,1612.195970369759,1612.4209703697588,1615.9934474083855,13.789031640476336,-22.04907016545123,-1.1637519272131291,stop_loss,2
2012-08-20 11:45:00,2012-08-20 12:15:00,long,1617.2949999999998,1616.0690352402798,1616.2940352402798,1618.896543615552,18.884221170084224,-23.151389669281645,-1.2247831382823386,stop_loss,2
2012-08-20 12:30:00,2012-08-20 12:45:00,long,1615.915,1614.6222814952243,1614.8472814952243,1617.6233496076413,17.66021385068794,-22.829685243079027,-1.210729699816501,stop_loss,1
2012-08-20 15:30:00,2012-08-20 16:00:00,long,1612.635,1614.5180283821858,1611.3487322611338,1614.6930283821857,14.624076456096823,27.537551030085226,1.4639474545522295,take_profit,2
2012-08-21 14:15:00,2012-08-21 15:00:00,long,1624.665,1626.3518891809879,1623.5013192618826,1626.5268891809878,16.211966255255795,27.347790478532225,1.4496151098255836,take_profit,3
2012-08-22 10:15:00,2012-08-22 10:45:00,long,1638.325,1639.5940422666486,1637.4224735833448,1639.7690422666485,20.963650581358298,26.60375865099433,1.40609985838587,take_profit,2
2012-08-22 14:00:00,2012-08-22 14:15:00,long,1638.615,1636.9224204137863,1637.1474204137862,1640.963127337942,12.928400023237296,-21.882345961736128,-1.1533136615646087,stop_loss,1
2012-08-22 14:30:00,2012-08-22 14:45:00,long,1636.7649999999999,1638.9478036740418,1635.2913727037237,1639.1228036740417,12.845643747520503,28.0395183675212,1.4812454136523006,take_profit,1
2012-08-23 11:30:00,2012-08-23 14:00:00,long,1662.2749999999999,1660.2701706928233,1660.4951706928232,1665.1227268914824,10.66718601877473,-21.385887155543827,-1.1264166170838175,stop_loss,10
2012-08-23 14:15:00,2012-08-23 14:30:00,long,1659.985,1658.1335372575497,1658.3585372575496,1662.5873403879204,11.646746053630386,-21.563516389075172,-1.1383370145085203,stop_loss,1
2012-08-24 13:30:00,2012-08-24 14:15:00,long,1666.7749999999999,1665.038319844937,1665.2633198449369,1669.1936882481004,12.502559771609576,-21.71294744284226,-1.1488410092877956,stop_loss,3
2012-08-24 14:45:00,2012-08-24 15:15:00,long,1663.475,1665.9361427375907,1661.8274107890056,1666.1111427375906,11.444870768464254,28.167460574470606,1.493784203712719,take_profit,2
2012-08-27 09:15:00,2012-08-27 09:45:00,long,1674.155,1672.6774808918726,1672.9024808918725,1676.1590305730037,15.099794005354303,-22.310234171697847,-1.17963797800761,stop_loss,2
2012-08-27 10:15:00,2012-08-27 10:30:00,long,1673.2649999999999,1671.74671209269,1671.9717120926898,1675.334260651696,14.589295968440194,-22.15075164504882,-1.1739751827324296,stop_loss,1
2012-08-27 12:30:00,2012-08-27 13:00:00,long,1668.845,1671.1637549522725,1667.2864031548297,1671.3387549522724,12.077439144825197,28.00462182783265,1.487719521220433,take_profit,2
2012-08-28 13:45:00,2012-08-28 15:00:00,long,1661.895,1664.0115858815427,1660.462758824036,1664.1865858815427,13.182045111787168,27.900930573468116,1.4778138745509164,take_profit,5
2012-08-29 10:45:00,2012-08-29 13:15:00,long,1665.2549999999999,1663.6597082168328,1663.8847082168327,1667.4474668530672,13.818713566169773,-22.044880206050554,-1.1641986055552773,stop_loss,10
2012-08-29 14:45:00,2012-08-29 15:15:00,long,1662.165,1664.266107738184,1660.7424326636349,1664.441107738184,13.279919628636211,27.902541894189866,1.476982976111875,take_profit,2
2012-08-30 13:00:00,2012-08-30 13:15:00,long,1656.715,1655.393940653402,1655.618940653402,1658.4686949545564,17.286823962453035,-22.836920368590246,-1.2052808551820546,stop_loss,1
2012-08-30 13:30:00,2012-08-30 13:45:00,long,1656.2549999999999,1654.8967651552293,1655.1217651552292,1658.068175751633,16.679429884745808,-22.654582860368993,-1.1985466658020452,stop_loss,1
2012-08-31 13:15:00,2012-08-31 13:30:00,long,1657.705,1659.4456837241312,1656.5076976724179,1659.6206837241311,15.749073175746847,27.41415534717473,1.4538380858630289,take_profit,1
2012-09-03 08:30:00,2012-09-03 09:00:00,long,1689.855,1688.3020472342962,1688.527047234296,1691.9797244251263,14.240890767867015,-22.1154307040451,-1.1694337372614623,stop_loss,2
2012-09-03 09:15:00,2012-09-03 09:45:00,long,1688.855,1687.2552652236693,1687.4802652236692,1691.0545756421293,13.724101364646305,-21.954922226912394,-1.1636679335343796,stop_loss,2
2012-09-03 10:00:00,2012-09-03 10:15:00,long,1686.995,1689.0398730633228,1685.6075793354232,1689.2148730633228,13.566966426262473,27.742724196070807,1.4738666617358451,take_profit,1
2012-09-03 12:30:00,2012-09-03 12:45:00,long,1687.125,1685.3521540687386,1685.5771540687385,1689.6015534900184,12.196675807663159,-21.622827080529643,-1.1453633048713954,stop_loss,1
2012-09-04 12:00:00,2012-09-04 13:30:00,long,1692.495,1690.8612100058165,1691.0862100058164,1694.7490639906935,13.369863107639315,-21.843548568863113,-1.1597115261528474,stop_loss,6
2012-09-04 13:45:00,2012-09-04 14:00:00,long,1691.365,1689.801109631462,1690.0261096314618,1693.507224589661,14.035235979048112,-21.949570367792308,-1.168049606814015,stop_loss,1
2012-09-04 14:15:00,2012-09-04 14:45:00,long,1689.985,1692.0230814063912,1688.6018241210054,1692.198081406391,13.554128160043359,27.624416582828506,1.473479575043508,take_profit,2
2012-09-05 11:15:00,2012-09-05 11:30:00,long,1689.7849999999999,1688.3113430287451,1688.536343028745,1691.7828511540076,15.0585728489081,-22.191170855940783,-1.1801936041519847,stop_loss,1
2012-09-05 11:45:00,2012-09-05 12:15:00,long,1688.875,1690.8921879848333,1687.5048825094793,1691.0671879848333,13.691241629283434,27.617808112040027,1.4722737274645918,take_profit,2
2012-09-05 15:00:00,2012-09-05 15:15:00,long,1688.875,1691.1607299841355,1687.3370437599153,1691.3357299841355,12.233017266092228,27.96137436155446,1.4862126272264284,take_profit,1
2012-09-06 13:30:00,2012-09-06 14:30:00,long,1707.5349999999999,1705.6500858014542,1705.8750858014541,1710.1908627176729,11.36791769400205,-21.42754946932256,-1.1355491748893016,stop_loss,4
2012-09-06 14:45:00,2012-09-06 15:00:00,long,1702.925,1705.9518239796532,1700.9238600127167,1706.1268239796532,9.408093890919396,28.47664419186429,1.512549846031723,take_profit,1
2012-09-07 13:45:00,2012-09-07 14:15:00,long,1694.2649999999999,1696.621625233243,1692.682734229223,1696.796625233243,11.934699294130047,28.12561350771693,1.4893991115575866,take_profit,2
2012-09-07 15:30:00,2012-09-07 15:45:00,long,1690.395,1693.5503207919337,1688.3135495050415,1693.7253207919337,9.09948012239951,28.711778825994752,1.5159240152846407,take_profit,1
2012-09-10 14:00:00,2012-09-10 14:15:00,long,1732.555,1730.9340248608216,1731.1590248608215,1734.7885602226856,13.608796051672543,-22.059520073910722,-1.1611776554504498,stop_loss,1
2012-09-10 14:30:00,2012-09-10 14:45:00,long,1731.2849999999999,1729.638368374892,1729.863368374892,1733.5596106001726,13.332161150184744,-21.953158180928178,-1.1582688482910113,stop_loss,1
2012-09-11 09:15:00,2012-09-11 09:30:00,long,1728.2949999999998,1730.3115767966592,1726.9252645020879,1730.4865767966592,13.80523147323102,27.839309461429252,1.4722381070896209,take_profit,1
2012-09-12 14:15:00,2012-09-12 15:30:00,long,1742.335,1739.820710495872,1740.0457104958718,1745.9978632066052,8.28431449604761,-20.829164986308783,-1.0982837686514417,stop_loss,5
2012-09-13 10:15:00,2012-09-13 10:30:00,long,1729.245,1730.9240168106737,1728.0862394933288,1731.0990168106737,16.330842987641773,27.41975990872536,1.448976558147728,take_profit,1
2012-09-14 10:30:00,2012-09-14 11:00:00,long,1771.105,1768.6727208621485,1768.8977208621484,1774.6366466205625,8.59808580124376,-20.912944719822722,-1.101935453537111,stop_loss,2
2012-09-14 11:15:00,2012-09-14 11:45:00,long,1768.595,1772.346671875137,1766.1408300780395,1772.521671875137,7.716071065680822,28.94816680367262,1.5286927940750927,take_profit,2
2012-09-14 14:45:00,2012-09-14 15:00:00,long,1772.135,1769.5033216570575,1769.7283216570574,1775.9856853487079,7.892390736141195,-20.770233774342405,-1.0934898511301727,stop_loss,1
2012-09-14 15:15:00,2012-09-14 15:30:00,long,1769.935,1767.137660000218,1767.3626600002178,1774.050743999651,7.367962785933442,-20.610697017997026,-1.0874689971072904,stop_loss,1
2012-09-14 15:45:00,2012-09-14 16:15:00,long,1767.625,1772.1798404894953,1764.6688496940656,1772.3548404894952,6.397402716350943,29.13914892004243,1.5408013863001122,take_profit,2
2012-09-17 14:45:00,2012-09-17 15:30:00,long,1768.385,1770.5532135254591,1766.9204915465882,1770.728213525459,12.953125842854323,28.085142649450848,1.4805059816540904,take_profit,3
2012-09-18 07:15:00,2012-09-18 08:15:00,long,1756.0449999999998,1754.17054342332,1754.3955434233199,1758.6841305226878,11.534788395922016,-21.621459969347065,-1.1364085621779667,stop_loss,4
2012-09-18 12:45:00,2012-09-18 14:30:00,long,1756.2549999999999,1758.8451981530145,1754.5267511543657,1759.0201981530145,10.983886787067988,28.450443268785254,1.4987414338842664,take_profit,7
2012-09-19 12:45:00,2012-09-19 14:45:00,long,1772.325,1769.7865416511938,1770.0115416511937,1776.02653335809,8.230012248410976,-20.89154330275626,-1.0972569919471447,stop_loss,8
2012-09-19 15:00:00,2012-09-19 15:15:00,long,1771.7849999999999,1769.3321045860268,1769.5571045860268,1775.3496326623567,8.527333617684981,-20.91665752423737,-1.1009921734156527,stop_loss,1
2012-09-19 15:45:00,2012-09-19 16:00:00,long,1768.245,1772.7672164574337,1765.3092397141038,1772.9422164574337,6.456989774089977,29.199905421871723,1.5403902284390727,take_profit,1
2012-09-20 07:15:00,2012-09-20 08:00:00,long,1765.0149999999999,1763.2434564984449,1763.4684564984448,1767.4894696024878,12.294884648853676,-21.78092300204525,-1.145485723339604,stop_loss,3
2012-09-20 10:15:00,2012-09-20 10:30:00,long,1758.815,1761.4790470123287,1757.0405956172947,1761.6540470123286,10.691481769857775,28.4826100663557,1.5013753563135712,take_profit,1
2012-09-20 12:45:00,2012-09-20 13:00:00,long,1760.245,1758.2939821381751,1758.518982138175,1763.0066285789196,11.024206499268386,-21.508423792517302,-1.1303578630188824,stop_loss,1
2012-09-20 13:15:00,2012-09-20 14:00:00,long,1757.875,1760.5345062746808,1756.1034335783245,1760.7095062746807,10.716482458863862,28.500552341854952,1.501217364554396,take_profit,3
2012-09-24 09:30:00,2012-09-24 10:30:00,long,1759.065,1761.7646893142964,1757.2683191785648,1761.9396893142964,10.598410891963363,28.61241663355599,1.5025981699630488,take_profit,4
2012-09-24 11:45:00,2012-09-24 12:45:00,long,1758.855,1756.6527040454762,1756.877704045476,1762.0186735272382,9.659245181203657,-21.27251658631865,-1.1137917667231978,stop_loss,4
2012-09-24 13:00:00,2012-09-24 14:30:00,long,1756.855,1759.7116502851284,1754.960218571795,1759.8866502851283,10.057435176271687,28.730575063956444,1.5076410622382184,take_profit,6
2012-09-25 12:45:00,2012-09-25 13:00:00,long,1765.615,1763.914659719109,1764.139659719109,1767.9755444494258,12.955724713189563,-22.02914059797045,-1.1525071896390031,stop_loss,1
2012-09-26 07:15:00,2012-09-26 10:15:00,long,1762.155,1762.775,1760.8082938754637,1764.309729799258,14.16050904415031,8.779515607374867,0.4603825502120036,time_stop,12
2012-09-26 14:45:00,2012-09-26 15:00:00,long,1758.945,1757.194406615852,1757.4194066158518,1761.3859494146368,12.511592856822146,-21.902711680306634,-1.147483597095924,stop_loss,1
2012-09-26 15:15:00,2012-09-26 15:30:00,long,1755.445,1753.3196159085662,1753.5446159085661,1758.485614546294,10.0210257231705,-21.29852865187463,-1.1183971182531582,stop_loss,1
2012-09-27 11:45:00,2012-09-27 13:15:00,long,1756.245,1754.6449070914641,1754.869907091464,1758.4451486536573,13.818121443946696,-22.11027813174518,-1.1636253074997522,stop_loss,6
2012-09-27 15:15:00,2012-09-27 15:30:00,short,1761.775,1763.7889609009283,1763.5639609009284,1758.912662558515,10.59664313555344,-21.341224956093498,-1.1257713345681064,stop_loss,1
2012-09-27 15:45:00,2012-09-27 16:00:00,short,1763.195,1765.584206082943,1765.359206082943,1759.732270267291,8.739601071151755,-20.8807080416911,-1.1039642212325413,stop_loss,1
2012-09-28 10:15:00,2012-09-28 12:00:00,long,1779.655,1781.6012876243394,1778.329195234788,1781.7762876243394,14.234777909838487,27.704972081139196,1.468004698284614,take_profit,7
2012-09-28 14:00:00,2012-09-28 14:30:00,long,1777.935,1780.2146003555056,1776.400874777809,1780.3896003555055,12.33794090271757,28.125574468042498,1.4859284773702444,take_profit,2
2012-10-01 13:30:00,2012-10-01 13:45:00,long,1768.625,1767.052641465027,1767.2776414650268,1770.780773655957,14.089937447923313,-22.154433403479196,-1.1669934127848067,stop_loss,1
2012-10-02 09:45:00,2012-10-02 10:00:00,long,1776.705,1775.159884073644,1775.384884073644,1778.8171854821694,14.347140453923013,-22.167995213022145,-1.1704395769400224,stop_loss,1
2012-10-02 10:15:00,2012-10-02 11:00:00,long,1775.865,1777.8560374820747,1774.5112265737032,1778.0310374820747,13.957692072707244,27.790288080017262,1.4707316921717937,take_profit,3
2012-10-02 14:15:00,2012-10-02 14:30:00,long,1778.5149999999999,1776.8464109900872,1777.071410990087,1780.8247424158603,13.127789880978456,-21.90488591984372,-1.1558615356967163,stop_loss,1
2012-10-03 14:15:00,2012-10-03 14:30:00,long,1776.845,1779.1827874304347,1775.2745078559783,1779.3577874304347,12.039107293059786,28.144873703369573,1.4885699615459715,take_profit,1
2012-10-05 11:45:00,2012-10-05 14:15:00,long,1788.825,1790.822133792775,1787.4674163795157,1790.997133792775,13.968652012335358,27.89726697334949,1.4710944966045791,take_profit,10
2012-10-05 15:30:00,2012-10-05 15:45:00,long,1784.585,1782.5175356415164,1782.7425356415163,1787.532942973574,10.322809023991272,-21.342039736535614,-1.1221190515647586,stop_loss,1
2012-10-08 09:00:00,2012-10-08 09:45:00,long,1769.105,1771.5160941672818,1767.488691145449,1771.6910941672818,11.740778115043982,28.308121632532554,1.4917286139296957,take_profit,3
2012-10-09 10:45:00,2012-10-09 11:30:00,long,1772.945,1771.3811747969935,1771.6061747969934,1775.0871203248105,14.216448739677329,-22.232040836356617,-1.1680577864045563,stop_loss,3
2012-10-09 12:30:00,2012-10-09 12:45:00,long,1770.975,1773.0335658013742,1769.5790213741411,1773.208565801374,13.602554821766047,28.0017541674059,1.4746399144240765,take_profit,1
2012-10-10 10:15:00,2012-10-10 12:30:00,short,1763.845,1761.8187162553088,1765.220802340432,1761.6437162553088,13.842743784409848,28.049326712275196,1.4728014956384419,take_profit,9
2012-10-10 15:00:00,2012-10-10 15:30:00,short,1766.945,1764.5700450174354,1768.5387218641026,1764.3950450174355,11.985138925587584,28.464165408052352,1.4901941399302427,take_profit,2
2012-10-11 10:15:00,2012-10-11 10:30:00,short,1766.2050000000002,1767.8147654315426,1767.5897654315427,1763.989375309532,13.834766412021764,-22.2707287235369,-1.1624823922339518,stop_loss,1
2012-10-11 11:00:00,2012-10-11 11:15:00,short,1767.7050000000002,1769.4190159085638,1769.1940159085639,1765.322574546298,12.836239501176777,-22.001518711149796,-1.1511065118282995,stop_loss,1
2012-10-11 13:45:00,2012-10-11 15:15:00,short,1770.445,1772.268430629024,1772.043430629024,1767.8875109935614,11.930052790346625,-21.753623663790798,-1.1407630684212342,stop_loss,6
2012-10-12 14:30:00,2012-10-12 15:30:00,short,1768.7050000000002,1770.226510372519,1770.001510372519,1766.6305834039697,14.674664346627592,-22.327654016626184,-1.1735427689350206,stop_loss,4
2012-10-12 15:45:00,2012-10-12 16:00:00,short,1771.7350000000001,1769.3368083068256,1773.3432448082342,1769.1618083068256,11.80243152872059,28.304493251439325,1.4911857205420658,take_profit,1
2012-10-15 07:30:00,2012-10-15 08:45:00,short,1744.525,1746.084028952432,1745.859028952432,1742.3905536761092,14.270910824236605,-22.24876315255787,-1.168662006615174,stop_loss,5
2012-10-15 10:30:00,2012-10-15 11:00:00,short,1748.425,1746.1522612598665,1749.9548367125833,1745.9772612598665,12.415253559138291,28.2166277324338,1.485608706759069,take_profit,2
2012-10-15 14:30:00,2012-10-15 15:15:00,short,1747.755,1745.5687919963568,1749.2307550022772,1745.3937919963569,12.908473233613996,28.220607498142062,1.4814166309922574,take_profit,3
2012-10-16 14:00:00,2012-10-16 14:30:00,short,1739.9850000000001,1741.548673038284,1741.3236730382841,1737.8431231387456,14.272480743881525,-22.317493328634015,-1.1680768892517075,stop_loss,2
2012-10-16 14:45:00,2012-10-16 15:15:00,short,1743.4650000000001,1745.1296664231452,1744.9046664231453,1741.161533722968,13.24025473412266,-22.040607489781095,-1.1562862037918265,stop_loss,2
2012-10-17 13:45:00,2012-10-17 14:15:00,short,1749.9850000000001,1751.5524946625992,1751.3274946625993,1747.8370085398415,14.165768765743891,-22.204766931916225,-1.16759843168709,stop_loss,2
2012-10-17 14:30:00,2012-10-17 15:00:00,short,1751.105,1749.2569908024896,1752.369380748444,1749.0819908024896,15.005811698027692,27.73087803406529,1.4615923247682852,take_profit,2
2012-10-19 07:30:00,2012-10-19 08:45:00,short,1737.765,1739.187031626754,1738.9620316267542,1735.8497493971936,15.896423082343853,-22.605216375355354,-1.187964958461478,stop_loss,5
2012-10-19 09:00:00,2012-10-19 09:15:00,short,1738.4550000000002,1736.7636666802734,1739.6214583248293,1736.5886666802735,16.274315459885297,27.525291993047507,1.4499732084079873,take_profit,1
2012-10-19 16:00:00,2012-10-19 16:30:00,short,1736.825,1734.3294898615284,1738.4940688365448,1734.1544898615284,11.406576479180766,28.465227249048116,1.4951511188944193,take_profit,2
2012-10-22 07:45:00,2012-10-22 10:00:00,short,1726.2350000000001,1724.0926317740193,1727.683355141238,1723.9176317740194,13.184122625644116,28.245245400614742,1.4791732807671127,take_profit,9
2012-10-24 10:00:00,2012-10-24 10:15:00,short,1710.665,1712.20016148257,1711.97516148257,1708.568741627888,14.617879195162748,-22.44080509727443,-1.1717345556202314,stop_loss,1
2012-10-24 12:45:00,2012-10-24 14:15:00,short,1710.095,1707.631969347127,1711.7437691580456,1707.4569693471271,11.588584475233146,28.543038785906603,1.4938602173955287,take_profit,6
2012-10-25 09:15:00,2012-10-25 09:45:00,short,1713.285,1711.2381635648455,1714.6736477719717,1711.0631635648456,13.800466275571472,28.247297194961245,1.4739781220751635,take_profit,2
2012-10-25 11:00:00,2012-10-25 11:15:00,short,1715.025,1716.8363053312085,1716.6113053312085,1712.4869114700664,12.116508065625128,-21.94669565489588,-1.1418390240348644,stop_loss,1
2012-10-25 11:30:00,2012-10-25 14:30:00,short,1716.395,1717.605,1717.9988551070114,1713.8288318287816,11.95655883439148,-14.467436189614125,-0.7544322393652515,time_stop,12
2012-10-26 09:45:00,2012-10-26 12:45:00,short,1704.935,1705.225,1706.9009757995668,1701.7894387206932,9.739516163251203,-2.8244596873424945,-0.14750944546919312,time_stop,12
2012-10-26 15:30:00,2012-10-26 15:45:00,short,1705.915,1707.6702719168816,1707.4452719168817,1703.4665649329893,12.508890704910844,-21.956504565671423,-1.1470326923716936,stop_loss,1
2012-10-29 15:30:00,2012-10-29 16:45:00,short,1712.395,1709.96725674576,1714.0217145338997,1709.7922567457601,11.740284327669965,28.50239607935901,1.4924211984630176,take_profit,5
2012-10-30 07:15:00,2012-10-30 07:45:00,short,1711.2450000000001,1709.382731712499,1712.5182926796883,1709.207731712499,15.043749363881894,28.015497365472665,1.462561057020408,take_profit,2
2012-10-30 08:45:00,2012-10-30 09:00:00,short,1710.7150000000001,1712.3258840233918,1712.100884023392,1708.4975855625732,13.862001877912597,-22.330077357355016,-1.162351247436455,stop_loss,1
2012-10-30 09:15:00,2012-10-30 10:15:00,short,1712.015,1713.6289510201693,1713.4039510201694,1709.792678367729,13.799238779330613,-22.27129550545937,-1.161992753331562,stop_loss,4
2012-10-30 10:30:00,2012-10-30 13:00:00,short,1713.185,1714.8759936357092,1714.6509936357093,1710.8394101828649,13.043661120567085,-22.056747941226725,-1.1534795203193666,stop_loss,10
2012-10-30 13:30:00,2012-10-30 15:45:00,short,1714.4650000000001,1712.4251514762482,1715.849280327345,1712.2501514762482,13.781753822804253,28.112690190160336,1.4735805193912719,take_profit,9
2012-10-31 09:45:00,2012-10-31 10:00:00,short,1714.135,1715.3529611455197,1715.1279611455197,1712.5462621671686,19.269672494166556,-23.469712384783907,-1.2265949690127451,stop_loss,1
2012-10-31 10:15:00,2012-10-31 10:45:00,short,1717.135,1715.2592209502625,1718.4167369060858,1715.0842209502625,14.891587000577898,27.933326913027358,1.4634665201814046,take_profit,2
2012-11-01 08:30:00,2012-11-01 09:00:00,short,1722.195,1720.515931651764,1723.3537927176474,1720.340931651764,16.51974767456128,27.737785441199247,1.448980756148275,take_profit,2
2012-11-01 10:00:00,2012-11-01 11:30:00,short,1723.925,1721.5922625800738,1725.4923358874537,1721.4172625800738,12.249090336804878,28.573911388720685,1.4883455668943308,take_profit,6
2012-11-01 13:45:00,2012-11-01 14:15:00,short,1725.9750000000001,1723.520462494162,1727.618460941149,1723.3454624941621,11.716485749186761,28.758553707996064,1.4935173963564772,take_profit,2
2012-11-02 13:00:00,2012-11-02 13:45:00,short,1709.505,1707.1592151093755,1711.0804905566404,1706.9842151093756,12.258470050696946,28.75573382709907,1.4889234852838433,take_profit,3
2012-11-05 13:00:00,2012-11-05 14:00:00,short,1680.275,1682.4199100834053,1682.1949100834054,1677.2031438665515,10.089334619789927,-21.640715560836515,-1.1171929883303875,stop_loss,4
2012-11-05 14:15:00,2012-11-05 16:15:00,short,1681.275,1683.5354611073471,1683.3104611073472,1678.0182622282448,9.495309819725664,-21.46377854970044,-1.110540063471493,stop_loss,8
2012-11-06 12:15:00,2012-11-06 13:30:00,short,1690.755,1692.5155311297374,1692.2905311297375,1688.2981501924205,12.55878562778601,-22.11013304941434,-1.1465291036062504,stop_loss,5
2012-11-06 13:45:00,2012-11-06 14:00:00,short,1692.025,1693.7630312248718,1693.538031224872,1689.6041500402052,12.716317879490257,-22.101357539948953,-1.14870810086485,stop_loss,1
2012-11-06 14:15:00,2012-11-06 15:00:00,short,1692.795,1690.5749610040546,1694.291899372466,1690.3999610040546,12.823830148556295,28.469403007176744,1.483091673883304,take_profit,3
2012-11-07 08:45:00,2012-11-07 09:30:00,short,1726.615,1729.2102254632866,1728.9852254632867,1722.8226392587412,8.122823084223326,-21.080557301948765,-1.0949276781829476,stop_loss,3
2012-11-07 12:15:00,2012-11-07 12:30:00,short,1726.545,1729.0026274539653,1728.7776274539654,1722.9727960736557,8.604552881975858,-21.146785391839146,-1.100778121132702,stop_loss,1
2012-11-07 15:45:00,2012-11-07 16:00:00,short,1723.4650000000001,1726.6386324542439,1726.413632454244,1718.7471880732103,6.500799173875858,-20.631147236733163,-1.076306560241538,stop_loss,1
2012-11-08 12:15:00,2012-11-08 12:30:00,long,1715.965,1714.014217853866,1714.239217853866,1718.7262514338142,11.08320952965381,-21.62092727230932,-1.1303756679276975,stop_loss,1
2012-11-08 15:45:00,2012-11-08 16:00:00,long,1715.915,1713.6131464894913,1713.8381464894912,1719.2379656168139,9.188882690584649,-21.15146187897431,-1.1083369620733603,stop_loss,1
2012-11-09 09:30:00,2012-11-09 09:45:00,long,1733.085,1731.3646224131942,1731.589622413194,1735.4776041388895,12.733680454919577,-21.906738452191398,-1.1504636701694178,stop_loss,1
2012-11-09 13:00:00,2012-11-09 15:00:00,long,1730.2649999999999,1727.8611843176166,1728.0861843176165,1733.751105091813,8.719345572246645,-20.959699626685968,-1.1032671105771472,stop_loss,8
2012-11-09 15:15:00,2012-11-09 15:30:00,long,1728.5349999999999,1731.8840722160098,1726.3324548649937,1732.0590722160098,8.60637413163601,28.82336848484911,1.520546463625855,take_profit,1
2012-11-12 15:30:00,2012-11-12 15:45:00,long,1735.0449999999998,1733.2127160535604,1733.4377160535603,1737.616654314303,11.829629887591558,-21.67524093535462,-1.1399877106334113,stop_loss,1
2012-11-12 16:00:00,2012-11-12 18:00:00,long,1733.875,1731.9802500665905,1732.2052500665905,1736.5465998934553,11.36111662543421,-21.526474969498548,-1.1347507165581794,stop_loss,8
2012-11-13 10:15:00,2012-11-13 11:30:00,long,1723.165,1724.8669958451646,1721.9918775967722,1725.0419958451646,16.13401187016836,27.46002116886409,1.4508254556231204,take_profit,5
2012-11-13 15:15:00,2012-11-13 15:30:00,long,1727.0049999999999,1724.9893895189352,1725.2143895189351,1729.8699767697035,10.60090456406158,-21.36729434808851,-1.125655469114712,stop_loss,1
2012-11-14 11:15:00,2012-11-14 12:45:00,long,1724.965,1723.4608571613219,1723.6858571613218,1727.0116285418849,14.806287194674429,-22.27077085127984,-1.1758990420744764,stop_loss,6
2012-11-14 13:15:00,2012-11-14 14:15:00,long,1723.315,1721.5215346884056,1721.7465346884055,1725.8245444985514,12.046689557684891,-21.60531984125489,-1.1434523277860504,stop_loss,4
2012-11-14 14:30:00,2012-11-14 15:15:00,long,1722.105,1724.41802728309,1720.5499829480689,1724.59302728309,12.123085099088101,28.04102658941168,1.4874610411618443,take_profit,3
2012-11-15 13:45:00,2012-11-15 14:30:00,long,1720.375,1718.7649052881943,1718.9899052881942,1722.5911515388893,13.650825422344472,-21.97912182429946,-1.1624437650957253,stop_loss,3
2012-11-15 15:00:00,2012-11-15 15:30:00,long,1717.175,1719.985464124563,1715.3090849221483,1720.1604641245628,10.109639010122141,28.41277775023028,1.5062122375894742,take_profit,2
2012-11-16 10:00:00,2012-11-16 10:15:00,short,1714.285,1715.6974256112471,1715.4724256112472,1712.3851190220046,15.934095775695017,-22.505724965654988,-1.1894855541843963,stop_loss,1
2012-11-16 10:30:00,2012-11-16 11:00:00,short,1715.105,1713.3388169118305,1716.318239430106,1713.1638169118305,15.557969431100972,27.47822249546945,1.4557580674866542,take_profit,2
2012-11-16 15:00:00,2012-11-16 15:15:00,short,1710.835,1712.7471298237683,1712.5221298237684,1708.1355922819705,11.220534510439466,-21.455118676032544,-1.1333625882431198,stop_loss,1
2012-11-16 15:30:00,2012-11-16 16:00:00,short,1713.4650000000001,1710.6494290594542,1715.3341068378413,1710.4744290594542,10.105141017860635,28.451741400007503,1.5063723932431627,take_profit,2
2012-11-19 11:00:00,2012-11-19 11:30:00,short,1724.005,1722.1114404685668,1725.2978497071458,1721.9364404685668,14.653282243036132,27.74686225808356,1.4646401054719849,take_profit,2
2012-11-19 15:30:00,2012-11-19 15:45:00,short,1728.305,1729.9541367225495,1729.7291367225496,1726.0263812439207,13.341405414456716,-22.001801599400352,-1.1579904488363373,stop_loss,1
2012-11-19 16:00:00,2012-11-19 17:00:00,short,1731.035,1728.6741705623601,1732.619893398525,1728.4991705623602,11.960414369567912,28.23649833004779,1.4895824790722834,take_profit,4
2012-11-20 11:00:00,2012-11-20 13:15:00,long,1732.475,1734.215828389759,1731.2776072564004,1734.390828389759,15.878211118481124,27.64124069364124,1.4538491226579708,take_profit,9
2012-11-20 14:45:00,2012-11-20 15:00:00,long,1731.2749999999999,1733.408950701982,1729.831905811261,1733.5839507019818,13.213092675996531,28.19608839129642,1.4787327941823771,take_profit,1
2012-11-21 14:00:00,2012-11-21 15:15:00,long,1726.215,1728.0538762844803,1724.9563273221997,1728.2288762844803,15.193886202570017,27.939677007000277,1.4609646470552482,take_profit,5
2012-11-26 08:30:00,2012-11-26 10:45:00,long,1749.445,1748.096103601797,1748.321103601797,1751.2432342371249,17.065637738016726,-23.019777277846185,-1.2001963885280391,stop_loss,9
2012-11-26 11:00:00,2012-11-26 11:30:00,long,1748.305,1746.9532021899931,1747.178202189993,1750.1078764960114,16.98083636861087,-22.95465741517418,-1.1996808992719885,stop_loss,2
2012-11-26 11:45:00,2012-11-26 12:00:00,long,1746.175,1747.9392447746854,1744.9629720158216,1748.1142447746854,15.748860724818995,27.784845241011514,1.4556138948239725,take_profit,1
2012-11-27 10:30:00,2012-11-27 11:15:00,long,1748.625,1749.904545140196,1747.7159092873776,1750.079545140196,21.057997119635555,26.94465787669058,1.4074999583979346,take_profit,3
2012-11-27 12:30:00,2012-11-27 13:00:00,long,1746.725,1745.350655067602,1745.575655067602,1748.5639518918367,16.70300915112563,-22.955695982645082,-1.1957636856069582,stop_loss,2
2012-11-27 13:30:00,2012-11-27 15:00:00,long,1746.215,1748.0342557523622,1744.9685901547734,1748.2092557523622,15.365417406662152,27.953624004518296,1.4595967444655036,take_profit,6
2012-11-28 07:45:00,2012-11-28 08:15:00,long,1739.135,1738.1165971273672,1738.341597127367,1740.4044445962127,24.20903105120759,-24.654546766206586,-1.283588587539707,stop_loss,2
2012-11-28 08:30:00,2012-11-28 09:00:00,long,1738.085,1739.2658752834836,1737.2375779478227,1739.4408752834836,22.607631742566642,26.69679354289625,1.39349133109003,take_profit,2
2012-11-28 13:15:00,2012-11-28 14:00:00,long,1738.745,1737.2383661172644,1737.4633661172643,1740.7956142123771,14.989927725875926,-22.584333011561178,-1.1755571564007452,stop_loss,3
2012-11-28 14:15:00,2012-11-28 15:15:00,long,1734.385,1732.5663576289876,1732.7913576289875,1736.93482779362,12.026807868468184,-21.872462377621588,-1.141186005149298,stop_loss,4
2012-11-29 10:15:00,2012-11-29 10:30:00,short,1721.275,1722.6571189759745,1722.4321189759746,1719.423609638441,16.52611881708789,-22.84106241630537,-1.1944484574807133,stop_loss,1
2012-11-29 10:45:00,2012-11-29 11:00:00,short,1721.9650000000001,1723.4125158517331,1723.1875158517332,1720.008974637227,15.604708544748359,-22.588062980196447,-1.1840466932849514,stop_loss,1
2012-11-29 11:15:00,2012-11-29 11:30:00,short,1722.945,1724.369771321137,1724.1447713211371,1721.0253658861802,15.86287911402165,-22.600975232322522,-1.1875357378826557,stop_loss,1
2012-11-29 11:45:00,2012-11-29 13:30:00,short,1723.9950000000001,1725.4344456799602,1725.2094456799603,1722.0518869120638,15.633984948447988,-22.50427209460382,-1.1852697108752486,stop_loss,7
2012-11-29 14:45:00,2012-11-29 15:15:00,short,1726.105,1727.70961503272,1727.48461503272,1723.8976159476479,13.729639419534362,-22.030785806409224,-1.1630889738540329,stop_loss,2
2012-11-30 13:15:00,2012-11-30 13:30:00,short,1729.4650000000001,1730.8025063202413,1730.5775063202414,1727.6849898876142,16.986470118484473,-22.719511142059883,-1.202246042027991,stop_loss,1
2012-11-30 13:45:00,2012-11-30 15:00:00,short,1730.265,1728.6789096479938,1731.3656814700041,1728.5039096479939,17.127676677476412,27.16604273042857,1.4410075895985628,take_profit,5
2012-12-03 15:00:00,2012-12-03 15:15:00,short,1718.165,1715.7571250656786,1719.7792968339509,1715.5821250656786,11.711878528750294,28.20073874319481,1.4915936670880146,take_profit,1
2012-12-04 09:45:00,2012-12-04 10:30:00,short,1706.115,1708.2106061539246,1707.9856061539247,1703.1220301537205,10.137275484890413,-21.243736890164968,-1.1202818666707817,stop_loss,3
2012-12-05 14:30:00,2012-12-05 15:00:00,short,1704.285,1702.5961697824087,1705.4498938859947,1702.4211697824087,16.24213386280291,27.43020646566658,1.449771724185388,take_profit,2
2012-12-06 11:00:00,2012-12-06 12:45:00,short,1691.925,1693.6536019756827,1693.4286019756828,1689.5192368389075,12.619844315247857,-21.814687816146165,-1.1496406653082032,stop_loss,7
2012-12-06 13:00:00,2012-12-06 14:15:00,short,1693.4850000000001,1691.4658135769228,1694.8563665144234,1691.2908135769228,13.804911575769609,27.87469002557764,1.4723900589964325,take_profit,5
2012-12-10 08:00:00,2012-12-10 10:15:00,short,1708.335,1709.7170703645556,1709.4920703645557,1706.483687416711,16.409842850764235,-22.67955749105587,-1.1944566267465568,stop_loss,9
2012-12-10 10:30:00,2012-12-10 11:15:00,short,1709.695,1711.1428013868303,1710.9178013868304,1707.7385177810713,15.490646264109127,-22.427379144076443,-1.1840037167304083,stop_loss,3
2012-12-10 11:30:00,2012-12-10 12:00:00,short,1710.935,1709.1762411324753,1712.1435992922027,1709.0012411324753,15.635561842771027,27.49918303970357,1.4552042838939774,take_profit,2
2012-12-10 13:15:00,2012-12-10 15:00:00,short,1712.445,1714.0486588563924,1713.8236588563925,1710.2391458297718,13.746785330226677,-22.045154041744304,-1.1632020850964162,stop_loss,7
2012-12-10 15:15:00,2012-12-10 15:30:00,short,1714.695,1716.3379237351844,1716.1129237351845,1712.4263220237044,13.335016944264614,-21.908415846819388,-1.1586827234897954,stop_loss,1
2012-12-11 10:30:00,2012-12-11 11:15:00,short,1709.565,1708.1301499744902,1710.5711562659437,1707.9551499744903,18.74879761840442,26.901712741046254,1.4260707546894684,take_profit,3
2012-12-11 12:30:00,2012-12-11 13:45:00,short,1709.765,1711.001580798521,1710.776580798521,1708.1464707223665,18.70144595054523,-23.12584896702049,-1.222424150724172,stop_loss,5
2012-12-11 14:00:00,2012-12-11 14:15:00,short,1711.765,1712.9934883733245,1712.7684883733245,1710.159418602681,18.806168991968903,-23.10315995340677,-1.2242178444524567,stop_loss,1
2012-12-11 14:30:00,2012-12-11 15:00:00,short,1713.385,1711.8636772645564,1714.4452017096523,1711.6886772645564,17.756588617916677,27.01350196835602,1.4349370705528093,take_profit,2
2012-12-12 10:30:00,2012-12-12 12:15:00,short,1714.665,1713.4363629492934,1715.5422731566914,1713.2613629492935,21.520768611509823,26.441213675783278,1.400518232360182,take_profit,7
2012-12-12 14:30:00,2012-12-12 15:30:00,short,1715.185,1716.4930767217338,1716.268076721734,1713.4520772452258,17.480271398767446,-22.865536106318032,-1.2077415158915923,stop_loss,4
2012-12-13 07:15:00,2012-12-13 07:45:00,short,1700.885,1698.2425189823898,1702.6459256360063,1698.0675189823899,10.72546368977786,28.341834205305233,1.5006204484609822,take_profit,2
2012-12-17 11:15:00,2012-12-17 13:30:00,short,1690.2350000000001,1691.8050942478287,1691.5800942478288,1688.082849203474,14.083345957634064,-22.112180478261305,-1.1672745239696884,stop_loss,9
2012-12-17 14:00:00,2012-12-17 15:30:00,short,1691.9950000000001,1693.46317946232,1693.2381794623202,1690.005912860288,15.202312980273762,-22.31972369739861,-1.1809875459010581,stop_loss,6
2012-12-17 15:45:00,2012-12-17 17:15:00,short,1696.4550000000002,1698.2250547998617,1698.0000547998618,1693.9829123202214,12.203168347900641,-21.60027670772013,-1.1456259027317717,stop_loss,6
2012-12-18 15:00:00,2012-12-18 15:15:00,short,1698.555,1697.1503211935292,1699.5422992540443,1696.9753211935292,19.05335509874151,26.763844099366146,1.4227487772495502,take_profit,1
2012-12-19 07:45:00,2012-12-19 10:00:00,short,1675.075,1673.1144121892148,1676.409742381741,1672.9394121892149,14.133731888862437,27.71042246221017,1.4688885567776078,take_profit,9
2012-12-19 11:45:00,2012-12-19 12:15:00,short,1676.095,1674.1043948134477,1677.4485032415953,1673.9293948134477,13.978770960940956,27.826213976476158,1.4707058877865464,take_profit,2
2012-12-20 14:30:00,2012-12-20 14:45:00,short,1670.115,1668.4102123912496,1671.289867255469,1668.2352123912497,16.15158150741746,27.535016015567294,1.4510470019608948,take_profit,1
2012-12-21 08:00:00,2012-12-21 08:15:00,short,1643.345,1645.4583742782804,1645.2333742782805,1640.3236011547513,10.077999095849108,-21.298584065700524,-1.1191501084227804,stop_loss,1
2012-12-21 08:30:00,2012-12-21 09:45:00,short,1645.135,1647.2015574134152,1646.9765574134153,1642.1885081385356,10.311075268507794,-21.308429036417312,-1.122179193741577,stop_loss,5
2012-12-21 10:15:00,2012-12-21 10:45:00,short,1647.375,1649.3990855113987,1649.1740855113987,1644.4964631817622,10.53080585825032,-21.315251561036526,-1.1250635384334662,stop_loss,2
2012-12-21 11:00:00,2012-12-21 12:45:00,short,1650.045,1647.3679236918117,1651.8275476926178,1647.1929236918118,10.604591292617183,28.389300107486054,1.501825908656026,take_profit,7
2012-12-26 15:30:00,2012-12-26 15:45:00,short,1659.535,1661.1371782110373,1660.9121782110374,1657.3315148623403,13.767258433273808,-22.057601487509416,-1.1633775485239772,stop_loss,1
2012-12-26 16:00:00,2012-12-26 16:15:00,short,1661.9850000000001,1663.679454681966,1663.4544546819661,1659.6338725088547,12.872702621724489,-21.81221122693588,-1.1531180258644513,stop_loss,1
2012-12-28 08:00:00,2012-12-28 10:15:00,short,1662.255,1660.79093885149,1663.279413217819,1660.61593885149,18.42247677629289,26.971632507501017,1.4291704978459714,take_profit,9
2012-12-31 08:00:00,2012-12-31 08:45:00,short,1663.255,1664.5473773968652,1664.3223773968652,1661.5471961650157,17.73147158183773,-22.915753085522045,-1.2107970439141096,stop_loss,3
2012-12-31 10:45:00,2012-12-31 11:15:00,short,1667.4850000000001,1665.9833869533425,1668.532883154161,1665.8083869533425,18.017600911389497,27.05546459801354,1.4329966472837279,take_profit,2
2012-12-31 15:15:00,2012-12-31 15:30:00,short,1662.785,1664.6972801740933,1664.4722801740934,1660.085351721451,11.221877488609739,-21.459373837571327,-1.1333507045567095,stop_loss,1
2013-01-02 07:15:00,2013-01-02 08:15:00,short,1679.675,1681.6367389650518,1681.4117389650519,1676.8962176559166,10.877588995877206,-21.33899017903139,-1.1295531478981826,stop_loss,4
2013-01-02 08:30:00,2013-01-02 11:30:00,short,1683.155,1682.5049999999999,1684.8031076719355,1680.518027724903,11.436664603633211,7.433831992362627,0.3943917081805192,time_stop,12
2013-01-02 14:30:00,2013-01-02 14:45:00,short,1686.515,1688.5225556678952,1688.2975556678953,1683.662910931368,10.582402938843906,-21.244762999825593,-1.1262232669937249,stop_loss,1
2013-01-03 10:15:00,2013-01-03 10:30:00,long,1684.0449999999998,1685.7777516248543,1682.8526552344658,1685.9527516248543,15.785059285396816,27.35158712519551,1.4532303700586322,take_profit,1
2013-01-03 12:30:00,2013-01-03 12:45:00,long,1683.895,1682.4681570610346,1682.6931570610345,1685.8179487023447,15.705825923548533,-22.409746819634403,-1.187212482351137,stop_loss,1
2013-01-03 13:00:00,2013-01-03 13:30:00,long,1681.865,1680.3649415475247,1680.5899415475246,1683.9050935239604,14.768826053926958,-22.154102355330366,-1.1764624982980958,stop_loss,2
2013-01-03 13:45:00,2013-01-03 14:00:00,long,1680.955,1679.283894526207,1679.5088945262069,1683.268768758069,12.99131261788986,-21.709853627511517,-1.155590310718999,stop_loss,1
2013-01-04 07:15:00,2013-01-04 07:30:00,long,1650.585,1648.256979780229,1648.4819797802288,1653.9498323516339,8.91260502634228,-20.748724712158662,-1.106988985595386,stop_loss,1
2013-01-07 14:30:00,2013-01-07 14:45:00,short,1657.595,1655.0813496719225,1659.2754064550486,1654.9063496719225,11.129385438636392,27.975383359130145,1.4958585290633877,take_profit,1
2013-01-08 12:15:00,2013-01-08 13:45:00,short,1653.555,1655.2097173348002,1654.9847173348003,1651.2674522643197,13.119965353954079,-21.709834103164873,-1.1573737650955667,stop_loss,6
2013-01-08 14:15:00,2013-01-08 14:30:00,short,1656.635,1654.4019793183527,1658.1400129260294,1654.2269793183527,12.43472524830299,27.766998650062483,1.4837219289129817,take_profit,1
2013-01-09 10:30:00,2013-01-09 12:00:00,short,1664.505,1662.581238374223,1665.8167260161108,1662.406238374223,14.30935728733476,27.52779243890938,1.466587993338095,take_profit,6
2013-01-10 10:15:00,2013-01-10 11:45:00,short,1660.765,1662.1235657645288,1661.898565764529,1658.951294776754,16.606898692218827,-22.561564018245743,-1.198488704440919,stop_loss,6
2013-01-10 12:00:00,2013-01-10 12:30:00,short,1662.105,1663.5753150342687,1663.3503150342688,1660.11249594517,15.080431993249968,-22.172985882941393,-1.1806771730914103,stop_loss,2
2013-01-10 13:45:00,2013-01-10 14:45:00,short,1664.655,1662.749712606109,1665.9551796211817,1662.574712606109,14.409964905976905,27.45512448177034,1.4654032126417191,take_profit,4
2013-01-10 15:45:00,2013-01-10 16:00:00,short,1667.275,1669.664780739549,1669.4397807395492,1663.8113508167214,8.680072128493316,-20.74346919056939,-1.1039366231828058,stop_loss,1
2013-01-11 11:15:00,2013-01-11 13:00:00,long,1669.945,1668.331857825202,1668.5568578252019,1672.1660274796768,13.5065171015392,-21.787932371123134,-1.1620871435828526,stop_loss,7
2013-01-11 13:15:00,2013-01-11 14:15:00,long,1668.635,1667.1400777888148,1667.3650777888147,1670.6668755378964,14.729555868683331,-22.019540228988205,-1.1771762065567004,stop_loss,4
2013-01-15 14:00:00,2013-01-15 14:15:00,long,1679.225,1677.0349763575684,1677.2599763575683,1682.3690378278905,9.496756514840646,-20.798121293916104,-1.1145024391266303,stop_loss,1
2013-01-15 14:30:00,2013-01-15 15:15:00,long,1678.2649999999999,1681.407461188334,1676.191586757291,1681.582461188334,8.980243036917626,28.220065205322175,1.5155981082808683,take_profit,3
2013-01-16 11:00:00,2013-01-16 11:30:00,long,1678.645,1676.984129740439,1677.2091297404388,1680.9423924152977,13.006881952975638,-21.602743405318968,-1.1566993943231845,stop_loss,2
2013-01-16 11:45:00,2013-01-16 12:30:00,long,1677.575,1679.709759160499,1676.1314005246882,1679.884759160499,12.907312449018727,27.554003487965712,1.4787752399520706,take_profit,3
2013-01-16 14:30:00,2013-01-16 14:45:00,long,1675.845,1674.1348105944767,1674.3598105944766,1678.2213030488374,12.582972526308495,-21.51926630448419,-1.1514958288573367,stop_loss,1
2013-01-17 15:45:00,2013-01-17 16:00:00,long,1674.155,1671.9985277676435,1672.2235277676434,1677.2453555717707,9.653288637087188,-20.817048896800696,-1.1164914494915572,stop_loss,1
2013-01-18 11:15:00,2013-01-18 13:00:00,long,1689.645,1691.5458299857833,1688.3476062588854,1691.7208299857832,14.339073995903343,27.256141819778286,1.4651141943619497,take_profit,7
2013-01-21 16:00:00,2013-01-21 17:00:00,long,1686.205,1688.0387088614455,1684.9495569615965,1688.2137088614454,14.861635748150379,27.251913166959014,1.460606977260788,take_profit,4
2013-01-22 10:30:00,2013-01-22 11:00:00,long,1692.435,1691.253595486769,1691.4785954867689,1693.9652472211694,19.565404289467182,-23.114656930765165,-1.2352561043859793,stop_loss,2
2013-01-22 11:15:00,2013-01-22 11:45:00,long,1691.095,1692.5361053735094,1690.0849341415567,1692.7111053735093,18.480192648569144,26.63190492934088,1.426743970665734,take_profit,2
2013-01-22 14:15:00,2013-01-22 14:30:00,long,1691.695,1690.4618870809697,1690.6868870809697,1693.3079806704482,18.568828063071063,-22.89746177582328,-1.2231892834151352,stop_loss,1
2013-01-22 14:45:00,2013-01-22 15:00:00,long,1691.0349999999999,1689.8366781463465,1690.0616781463464,1692.5923149658456,19.185514501691596,-22.9904213009612,-1.2311671099907422,stop_loss,1
2013-01-23 10:30:00,2013-01-23 11:30:00,long,1691.075,1692.3531090430092,1690.1668068481192,1692.5281090430092,20.51072468109164,26.214942693574823,1.4073097119949427,take_profit,4
2013-01-24 07:45:00,2013-01-24 08:00:00,long,1679.325,1677.9704712966575,1678.1954712966574,1681.1322459253483,16.537985732975834,-22.40117637078562,-1.1991981251419799,stop_loss,1
2013-01-24 08:15:00,2013-01-24 10:00:00,long,1678.675,1680.403349802979,1677.4854063731382,1680.578349802979,15.665288386999123,27.07509809727888,1.4528909401931447,take_profit,7
2013-01-24 11:30:00,2013-01-24 11:45:00,long,1680.5249999999999,1678.9087197983256,1679.1337197983255,1682.7510483226788,13.433295034191058,-21.711968807012315,-1.1617215566850791,stop_loss,1
2013-01-24 12:00:00,2013-01-24 12:15:00,long,1678.465,1676.7907328873318,1677.0157328873318,1680.783827380269,12.865850141578308,-21.540869768560473,-1.1552508837281719,stop_loss,1
2013-01-24 14:45:00,2013-01-24 15:15:00,long,1676.435,1674.7926298710618,1675.0176298710617,1678.7027922063012,13.124992101466509,-21.556094969998178,-1.1587447028874898,stop_loss,2
2013-01-29 09:45:00,2013-01-29 10:00:00,short,1663.4850000000001,1664.7024242424511,1664.4774242424512,1661.8971212120784,18.701537873954447,-22.76770557886746,-1.2267175572456859,stop_loss,1
2013-01-29 13:45:00,2013-01-29 14:30:00,short,1662.545,1663.8721337670374,1663.6471337670375,1660.78158597274,16.79861800790143,-22.29401319784797,-1.2041494478521517,stop_loss,3
2013-01-31 08:15:00,2013-01-31 08:45:00,short,1679.885,1678.6886770230335,1680.7420768606041,1678.5136770230336,21.549684711657,25.78038296693865,1.3958176121138284,take_profit,2
2013-01-31 13:30:00,2013-01-31 15:00:00,short,1675.635,1674.112488236476,1676.6959448522025,1673.9374882364762,17.45736062261845,26.57903690801516,1.4350526894618147,take_profit,6
2013-02-04 15:15:00,2013-02-04 16:00:00,short,1665.2150000000001,1663.2938952291834,1666.5250654817607,1663.1188952291834,14.178264535650229,27.237931641340047,1.4664188909358953,take_profit,3
2013-02-05 10:45:00,2013-02-05 11:30:00,long,1673.5249999999999,1675.0397436040062,1672.468910247496,1675.2147436040061,17.6395337408992,26.719370911680357,1.4342943868313465,take_profit,3
2013-02-05 14:45:00,2013-02-05 15:00:00,long,1677.2549999999999,1675.3992821630338,1675.6242821630337,1679.8641485391456,11.456531069341477,-21.26008905513272,-1.1379760464376283,stop_loss,1
2013-02-06 10:15:00,2013-02-06 11:15:00,long,1670.885,1669.5828497369605,1669.8078497369604,1672.6084404208634,17.304780981831005,-22.533425107332068,-1.2088845054588644,stop_loss,4
2013-02-06 11:30:00,2013-02-06 12:00:00,long,1669.875,1671.3274879592277,1668.8578200254826,1671.5024879592277,18.280720228521716,26.552526017938227,1.4279557164078818,take_profit,2
2013-02-06 13:00:00,2013-02-06 13:45:00,long,1668.635,1670.2511818663183,1667.515511333551,1670.4261818663183,16.657504579653803,26.921556839751457,1.4436786318212775,take_profit,3
2013-02-07 09:00:00,2013-02-07 09:15:00,long,1678.575,1677.3685190580513,1677.5935190580512,1680.1453695071182,19.05460401990966,-22.98901660640032,-1.2292454090378515,stop_loss,1
2013-02-07 09:30:00,2013-02-07 10:15:00,long,1677.105,1678.5566145239948,1676.0883659225033,1678.7316145239947,18.350508881863917,26.637865215608304,1.427863334631722,take_profit,3
2013-02-07 12:00:00,2013-02-07 14:30:00,long,1675.5249999999999,1677.1053922886715,1674.42787981958,1677.2803922886715,17.052852306465063,26.950196284993883,1.4404914948032022,take_profit,10
2013-02-08 15:30:00,2013-02-08 15:45:00,long,1668.475,1666.8980548069153,1667.1230548069152,1670.6381123089357,13.878468511656036,-21.88558420683213,-1.1664268648986662,stop_loss,1
2013-02-08 16:00:00,2013-02-08 16:15:00,long,1666.945,1669.3334182663782,1665.3428635835137,1669.5084182663782,11.683872503411022,27.905974509181654,1.490770849349064,take_profit,1
2013-02-12 07:15:00,2013-02-12 09:15:00,short,1646.865,1645.17603190933,1648.0299800566688,1645.00103190933,16.11612959796185,27.21962863605925,1.4497828361967513,take_profit,8
2013-02-12 13:15:00,2013-02-12 14:00:00,short,1646.615,1648.7414158635115,1648.5164158635116,1643.5727346183817,9.902835666266498,-21.057546854496664,-1.11833287200222,stop_loss,3
2013-02-12 14:15:00,2013-02-12 15:30:00,short,1648.875,1645.790903436995,1650.9119353518781,1645.615903436995,9.223313699453469,28.44559008000142,1.5140866204523165,take_profit,5
2013-02-13 15:45:00,2013-02-13 16:15:00,short,1651.505,1648.927625280915,1653.2252341994283,1648.752625280915,10.954429880711764,28.233670636537216,1.4982696658058716,take_profit,2
2013-02-14 10:15:00,2013-02-14 10:45:00,short,1644.4750000000001,1645.5377580863899,1645.31275808639,1643.1345870617763,22.560990534583162,-23.976875127590848,-1.268573951902397,stop_loss,2
2013-02-14 13:15:00,2013-02-14 13:30:00,short,1644.2450000000001,1645.7473522767843,1645.5223522767844,1642.2012363571453,14.75920061341063,-22.17351864507255,-1.1761456131477983,stop_loss,1
2013-02-14 13:45:00,2013-02-14 15:00:00,short,1647.695,1649.503380279472,1649.278380279472,1645.1615915528446,11.87860662003285,-21.481037959272665,-1.1421010498343005,stop_loss,5
2013-02-18 08:15:00,2013-02-18 09:15:00,short,1615.795,1617.4067146784291,1617.1817146784292,1613.5762565145135,13.532264196629876,-21.810148838088303,-1.1622539975236916,stop_loss,4
2013-02-19 13:45:00,2013-02-19 14:00:00,short,1614.085,1612.3362945912945,1615.287315880441,1612.1612945912946,15.571422951933659,27.22983153728764,1.4544475683580458,take_profit,1
2013-02-21 08:00:00,2013-02-21 08:15:00,short,1563.165,1565.575793531978,1565.350793531978,1559.667730348835,8.59012001113117,-20.709005761749943,-1.1029374443231552,stop_loss,1
2013-02-21 08:45:00,2013-02-21 09:00:00,short,1567.785,1570.2822443111354,1570.0572443111355,1564.1494091021832,8.2450688316879,-20.58995123485174,-1.0990210422784512,stop_loss,1
2013-02-21 09:15:00,2013-02-21 09:45:00,short,1570.375,1566.9424956034131,1572.6296902478668,1566.7674956034132,8.290997338964397,28.458884818085288,1.5223840169772065,take_profit,2
2013-02-21 12:00:00,2013-02-21 12:45:00,short,1569.765,1566.2344913902327,1572.0809428811046,1566.0594913902328,8.096291479324584,28.584026774941613,1.524436823797465,take_profit,3
2013-02-21 13:45:00,2013-02-21 14:30:00,short,1572.825,1569.3315609322158,1575.1177744173654,1569.1565609322158,8.203038435002924,28.656814943375117,1.5236732586185584,take_profit,3
2013-02-22 13:00:00,2013-02-22 13:45:00,short,1582.4850000000001,1580.070256419964,1584.1035897375227,1579.895256419964,11.655226683446353,28.144383807718715,1.4918811877135658,take_profit,3
2013-02-25 10:30:00,2013-02-25 10:45:00,short,1592.2450000000001,1589.9697920427877,1593.776379973258,1589.7947920427878,12.355731037600524,28.11185757392478,1.4857239855188895,take_profit,1
2013-02-25 13:00:00,2013-02-25 15:00:00,short,1593.265,1590.717850660484,1594.9663433371977,1590.542850660484,11.154446234437412,28.412040358716013,1.4971401032502627,take_profit,8
2013-02-26 10:15:00,2013-02-26 10:30:00,short,1595.565,1597.6198478856552,1597.3948478856553,1592.6372433829515,10.402158021452566,-21.374852416632415,-1.122961040512579,stop_loss,1
2013-02-26 10:45:00,2013-02-26 11:15:00,short,1599.015,1595.7597608761164,1601.1588994524275,1595.5847608761164,8.858445826585049,28.836359431504036,1.5183730375965385,take_profit,2
2013-02-28 08:30:00,2013-02-28 10:00:00,short,1602.055,1599.9756354715082,1603.4639778303074,1599.8006354715083,13.519935847167519,28.112875028085565,1.4757964843480234,take_profit,6
2013-02-28 14:15:00,2013-02-28 15:15:00,short,1591.815,1594.3532521812083,1594.1282521812084,1588.1137965100668,8.259158158844869,-20.963826211631787,-1.097265659934396,stop_loss,4
2013-03-01 14:45:00,2013-03-01 15:00:00,short,1569.7050000000002,1572.1785306593254,1571.9535306593255,1566.1073509450796,8.478242399945517,-20.971192513456153,-1.1000653467039776,stop_loss,1
2013-03-01 15:15:00,2013-03-01 15:30:00,short,1573.275,1575.8443963338061,1575.6193963338062,1569.5239658659104,8.113664619821646,-20.8472201279014,-1.0959735334659146,stop_loss,1
2013-03-01 15:45:00,2013-03-01 16:00:00,short,1582.665,1586.0668009204755,1585.8418009204756,1577.582118527239,5.974548491803052,-20.32422455884161,-1.070825967894211,stop_loss,1
2013-03-04 11:15:00,2013-03-04 11:30:00,short,1577.795,1580.0781771022698,1579.85317710227,1574.5019166363684,9.201979109660575,-21.009747998741577,-1.1093200384708248,stop_loss,1
2013-03-05 12:00:00,2013-03-05 12:30:00,short,1581.2350000000001,1582.8641378237048,1582.639137823705,1578.9883794820723,13.458282288280817,-21.92539671793326,-1.1602406802248597,stop_loss,2
2013-03-05 13:45:00,2013-03-05 15:15:00,short,1583.685,1581.5781993139535,1585.111125428779,1581.4031993139536,13.220038033946025,27.851985199477337,1.47728989577744,take_profit,6
2013-03-05 15:45:00,2013-03-05 16:00:00,short,1584.7150000000001,1582.3328648970123,1586.3132094393675,1582.1578648970124,11.831450818811142,28.18411431476414,1.4905024612611573,take_profit,1
2013-03-06 14:45:00,2013-03-06 15:15:00,short,1576.165,1577.487655145982,1577.262655145982,1574.4087517664286,17.278199512921436,-22.853099499069668,-1.2049824125760302,stop_loss,2
2013-03-06 15:30:00,2013-03-06 16:00:00,short,1578.305,1575.9930155360216,1579.8593652899865,1575.8180155360217,12.172041238665901,28.141570238700368,1.4874138523761098,take_profit,2
2013-03-08 11:15:00,2013-03-08 11:30:00,short,1581.435,1579.9580107142863,1582.467493303571,1579.7830107142863,18.37889067610494,27.145424611909885,1.430507375307157,take_profit,1
2013-03-11 07:45:00,2013-03-11 08:30:00,short,1581.325,1582.5553168835518,1582.3303168835519,1579.7164929863172,18.929725254520886,-23.289560581632475,-1.2238100281425468,stop_loss,3
2013-03-12 13:00:00,2013-03-12 13:15:00,short,1584.615,1585.8451912154121,1585.6201912154122,1583.0066940553406,18.885753264784643,-23.23308776277856,-1.223838008679417,stop_loss,1
2013-03-13 10:00:00,2013-03-13 10:15:00,long,1592.5349999999999,1591.3470702548655,1591.5720702548654,1594.075687592215,19.66636423723029,-23.362259056053205,-1.2336619064233854,stop_loss,1
2013-03-13 10:45:00,2013-03-13 11:00:00,long,1591.375,1590.035824835984,1590.2608248359838,1593.1576802624259,16.954786998188805,-22.70542965915701,-1.2019431120586759,stop_loss,1
2013-03-13 14:45:00,2013-03-13 15:00:00,long,1590.695,1593.2273658791812,1589.0028963255118,1593.4023658791812,11.137137758978014,28.203307652577283,1.4965784410031784,take_profit,1
2013-03-14 13:00:00,2013-03-14 13:15:00,long,1585.365,1583.8905782598783,1584.1155782598782,1587.3640747841946,15.12827713299664,-22.305460695475777,-1.1800833079613149,stop_loss,1
2013-03-14 13:30:00,2013-03-14 13:45:00,long,1581.395,1579.5878455404054,1579.8128455404053,1583.9264471353515,11.918550243187273,-21.53866122387801,-1.1422111467280829,stop_loss,1
2013-03-14 14:00:00,2013-03-14 14:15:00,long,1580.2549999999999,1582.770482478951,1578.5734484506554,1582.945482478951,11.18842303945334,28.144282122837367,1.495929446784839,take_profit,1
2013-03-18 08:00:00,2013-03-18 09:00:00,long,1596.845,1599.4872044060817,1595.084247246199,1599.6622044060816,10.717120061419587,28.316821846788834,1.5006106907275365,take_profit,4
2013-03-18 12:30:00,2013-03-18 12:45:00,long,1602.925,1601.076037054681,1601.3010370546808,1605.5233407125106,11.654719314383136,-21.5491441503886,-1.1385499593130757,stop_loss,1
2013-03-19 14:45:00,2013-03-19 15:00:00,long,1601.2549999999999,1603.2317614233223,1599.9101491104234,1603.4067614233222,14.041507621933738,27.756710592325877,1.4698740497133407,take_profit,1
2013-03-20 10:00:00,2013-03-20 10:30:00,long,1611.445,1610.1772015866775,1610.4022015866774,1613.113477461316,18.161945008329532,-23.02568506440982,-1.2157655757099002,stop_loss,2
2013-03-20 13:30:00,2013-03-20 14:00:00,long,1609.195,1607.7515965937698,1607.9765965937697,1611.144445449968,15.506519409581141,-22.382162934562857,-1.1846679013284018,stop_loss,2
2013-03-20 14:15:00,2013-03-20 16:15:00,long,1607.975,1609.988182089497,1606.6073861940642,1610.163182089497,13.781984109647176,27.745643567276016,1.4720398995386117,take_profit,8
2013-03-21 09:15:00,2013-03-21 12:15:00,long,1607.935,1608.595,1606.9910772443502,1609.4452764090397,20.026980931995503,13.21780741511867,0.6992097563595437,time_stop,12
2013-03-22 12:45:00,2013-03-22 13:30:00,long,1611.975,1610.8896405129346,1611.1146405129346,1613.3515751793045,22.00284756326077,-23.880999345235846,-1.2615185900574817,stop_loss,3
2013-03-22 13:45:00,2013-03-22 14:15:00,long,1608.695,1607.3797405427406,1607.6047405427405,1610.4394151316149,17.319360560538986,-22.7794527709334,-1.2063728945452006,stop_loss,2
2013-03-22 14:30:00,2013-03-22 14:45:00,long,1605.655,1604.110758007435,1604.3357580074348,1607.7657871881042,14.278682641571333,-22.049741333624084,-1.1705524848874909,stop_loss,1
2013-03-25 08:45:00,2013-03-25 09:00:00,long,1609.665,1608.280979903714,1608.505979903714,1611.5194321540575,16.214505957942833,-22.44120209714025,-1.194129507090437,stop_loss,1
2013-03-25 09:15:00,2013-03-25 09:45:00,long,1608.235,1606.7606408353452,1606.985640835345,1610.2339746634475,15.006137852752628,-22.124436869278284,-1.1800923276230746,stop_loss,2
2013-03-25 10:00:00,2013-03-25 10:30:00,long,1607.0349999999999,1605.5756479282993,1605.8006479282992,1609.0099633147208,15.15273268258252,-22.11317183225144,-1.1822818668663253,stop_loss,2
2013-03-25 11:00:00,2013-03-25 11:30:00,long,1605.825,1604.3128537713494,1604.5378537713493,1607.884433965841,14.496861521761573,-21.92137447740228,-1.1748053134846763,stop_loss,2
2013-03-25 11:45:00,2013-03-25 13:15:00,long,1603.575,1601.956756463431,1602.181756463431,1605.8041896585105,13.361438540668907,-21.622061557701727,-1.1614936614412545,stop_loss,6
2013-03-25 13:45:00,2013-03-25 14:00:00,long,1601.345,1599.8367343015425,1600.0617343015424,1603.3982251175323,14.472835816666464,-21.828881821685677,-1.175333915860402,stop_loss,1
2013-03-25 14:15:00,2013-03-25 14:30:00,long,1596.885,1595.0390719232687,1595.2640719232686,1599.4784849227701,11.431004413630232,-21.10081199235943,-1.1388093668249752,stop_loss,1
2013-03-26 11:15:00,2013-03-26 11:30:00,long,1600.355,1598.9936701404476,1599.2186701404476,1602.1731277752838,16.268721815151306,-22.147096783716506,-1.1980058854464355,stop_loss,1
2013-03-26 11:45:00,2013-03-26 12:00:00,long,1597.975,1596.4423482333452,1596.6673482333451,1600.0672428266475,14.103403254614658,-21.615605914028528,-1.1720641578571815,stop_loss,1
2013-03-26 12:15:00,2013-03-26 12:30:00,long,1596.5049999999999,1598.4003114168543,1595.211055364466,1598.5753114168542,14.219394296047641,26.95018035005319,1.464754646223499,take_profit,1
2013-03-26 15:00:00,2013-03-26 15:30:00,long,1597.585,1595.9351090990963,1596.1601090990962,1599.864825441446,12.950471730087068,-21.36686546988198,-1.1579068263101306,stop_loss,2
2013-03-27 10:30:00,2013-03-27 11:45:00,short,1595.915,1594.2781934914628,1597.0473790678357,1594.103193491463,16.258050084642683,26.611282194665616,1.445458111183144,take_profit,5
2013-03-27 14:15:00,2013-03-27 14:30:00,short,1596.135,1597.7541072438273,1597.5291072438274,1593.9044284098761,13.243958272085969,-21.443388775281274,-1.1613936094200241,stop_loss,1
2013-03-27 14:45:00,2013-03-27 15:30:00,short,1598.575,1600.2911434908513,1600.0661434908513,1596.189170414638,12.353345938556298,-21.200114222686615,-1.1508909111566827,stop_loss,3
2013-03-28 12:30:00,2013-03-28 12:45:00,long,1603.465,1602.146669433806,1602.371669433806,1605.2143289059104,16.809382017044722,-22.16032211190073,-1.2057932037729016,stop_loss,1
2013-03-28 13:00:00,2013-03-28 13:30:00,long,1602.435,1601.078097624047,1601.3030976240468,1604.2460438015248,16.197413225151262,-21.978308489500957,-1.198780393768893,stop_loss,2
2013-03-28 14:00:00,2013-03-28 14:15:00,long,1600.665,1599.2442606268328,1599.4692606268327,1602.5781829970676,15.295920087015341,-21.731515916441452,-1.188168095028877,stop_loss,1
2013-03-28 14:30:00,2013-03-28 15:00:00,long,1599.7849999999999,1598.252551254769,1598.477551254769,1601.8769179923695,13.955782918135975,-21.386522021610837,-1.1720908760826227,stop_loss,2
2013-03-28 15:15:00,2013-03-28 15:30:00,long,1596.105,1598.6477404625496,1594.4064122109066,1598.8227404625495,10.716960252436817,27.250448469406287,1.4969732379312173,take_profit,1
2013-04-01 08:30:00,2013-04-01 09:45:00,short,1598.7350000000001,1597.2958786131612,1599.7438258667744,1597.1208786131613,18.09846408509335,26.045886733793672,1.4265310141585932,take_profit,5
2013-04-01 13:15:00,2013-04-01 16:00:00,short,1598.9550000000002,1597.3478089623277,1600.0688693985455,1597.1728089623277,16.43845366010276,26.419735395711275,1.4428900190375349,take_profit,11
2013-04-03 08:00:00,2013-04-03 09:00:00,short,1568.165,1565.9143323254643,1569.6810422965848,1565.7393323254644,12.112544619337159,27.261312631112677,1.48456786437007,take_profit,4
2013-04-03 10:45:00,2013-04-03 11:15:00,short,1567.7050000000002,1569.4369166064516,1569.2119166064517,1565.2939334296775,12.222078188399253,-21.167620179837055,-1.149311514012531,stop_loss,2
2013-04-03 11:30:00,2013-04-03 12:15:00,short,1571.2250000000001,1568.626719659257,1572.9583002129646,1568.4517196592572,10.601347192856908,27.54527199659142,1.4990365323380725,take_profit,3
2013-04-03 14:00:00,2013-04-03 14:45:00,short,1571.085,1573.0224427527528,1572.7974427527529,1568.3450915955955,10.76264176507735,-20.852002288223268,-1.1313912535985267,stop_loss,3
2013-04-03 15:00:00,2013-04-03 15:15:00,short,1571.945,1573.7371828785238,1573.5121828785238,1569.4375073943618,11.733604379231908,-21.028764871831513,-1.1435697154960187,stop_loss,1
2013-04-04 07:15:00,2013-04-04 08:00:00,short,1546.535,1548.827180897446,1548.602180897446,1543.2275105640865,8.875201187970262,-20.343566624054237,-1.108843885060036,stop_loss,3
2013-04-04 09:00:00,2013-04-04 09:15:00,short,1551.615,1554.2237834815305,1553.9987834815306,1547.800946429551,7.67937162302995,-20.033817838694667,-1.094387767069952,stop_loss,1
2013-04-05 14:45:00,2013-04-05 15:00:00,short,1557.2350000000001,1555.0353841739277,1558.7191348912954,1554.8603841739277,12.307433572897434,27.071625665280365,1.482086189721399,take_profit,1
2013-04-08 14:30:00,2013-04-08 14:45:00,short,1578.565,1576.5995686119177,1579.9027696175515,1576.4245686119177,13.69446173601897,26.915524938864795,1.4691852485630388,take_profit,1
2013-04-09 15:15:00,2013-04-09 15:30:00,short,1574.325,1575.905065262781,1575.680065262781,1572.1568955795506,13.559395546260603,-21.424729886951926,-1.1660436631208073,stop_loss,1
2013-04-10 12:45:00,2013-04-10 14:00:00,long,1580.575,1578.9330967182984,1579.1580967182983,1582.842045250723,12.937380176898872,-21.241926969071688,-1.158797006758064,stop_loss,5
2013-04-10 14:15:00,2013-04-10 14:45:00,long,1580.055,1578.161629781404,1578.3866297814038,1582.724392349754,10.961915030298492,-20.75496345714864,-1.1348621531911687,stop_loss,2
2013-04-10 15:00:00,2013-04-10 15:15:00,long,1578.425,1576.4504703461168,1576.6754703461168,1581.2242474462132,10.42967325984882,-20.59369913188322,-1.1286059939027078,stop_loss,1
2013-04-11 11:30:00,2013-04-11 12:00:00,short,1559.195,1556.9108301167817,1560.7319811770112,1556.7358301167817,11.845190769060892,27.0564280156641,1.4861404403532992,take_profit,2
2013-04-11 14:15:00,2013-04-11 15:30:00,short,1560.785,1558.045815108388,1562.6063655572575,1557.8708151083881,10.025416387955215,27.461469102006397,1.5039182445816228,take_profit,5
2013-04-15 09:00:00,2013-04-15 09:30:00,short,1451.2250000000001,1458.6521911751277,1458.4271911751277,1439.7014941197958,2.5429581913403254,-18.8870366374411,-1.0312404925846643,stop_loss,2
2013-04-15 09:45:00,2013-04-15 10:30:00,short,1453.575,1442.7906390602009,1460.4246005873745,1442.615639060201,2.6683449258054934,28.77639479176808,1.5744510650266996,take_profit,3
2013-04-16 07:30:00,2013-04-16 07:45:00,short,1353.425,1361.815099540977,1361.590099540977,1340.3608407344368,2.2454900480618574,-18.839885021512124,-1.0275563082692052,stop_loss,1
2013-04-16 08:00:00,2013-04-16 09:15:00,short,1365.4650000000001,1374.101488889924,1373.876488889924,1352.0066177761216,2.1752355890968618,-18.786397998201984,-1.0267491288337116,stop_loss,5
2013-04-16 09:30:00,2013-04-16 11:15:00,short,1374.9650000000001,1362.5082683815237,1382.8598322615478,1362.3332683815238,2.3128290240683977,28.810290432242716,1.5778336012467022,take_profit,7
2013-04-18 08:00:00,2013-04-18 08:45:00,short,1367.685,1372.5175789281873,1372.2925789281874,1360.3128737149,3.975410527091982,-19.211485144118804,-1.0488325872452111,stop_loss,3
2013-04-18 09:00:00,2013-04-18 09:15:00,short,1372.525,1377.258208344647,1377.0332083446472,1365.3118666485648,4.054514212267663,-19.19086050299509,-1.049908962230432,stop_loss,1
2013-04-18 09:30:00,2013-04-18 10:30:00,short,1377.615,1382.4646796441089,1382.239679644109,1370.2155125694258,3.9441030488380315,-19.12763627021744,-1.048652018586092,stop_loss,4
2013-04-18 10:45:00,2013-04-18 11:45:00,short,1384.525,1389.4359141077753,1389.2109141077754,1377.0275374275595,3.884398517140251,-19.07594747804501,-1.0480162450324408,stop_loss,4
2013-04-18 12:30:00,2013-04-18 14:00:00,short,1393.9950000000001,1398.708154089843,1398.483154089843,1386.8139534562513,4.047054881167917,-19.07439326499513,-1.0501319686213761,stop_loss,6
2013-04-18 14:15:00,2013-04-18 15:30:00,short,1398.515,1392.0051772374798,1402.6930142265753,1391.8301772374798,4.338342606616881,28.241841452166412,1.5581140727365472,take_profit,5
2013-04-19 09:00:00,2013-04-19 09:15:00,short,1412.645,1416.3635022707958,1416.138502270796,1407.0553963667264,5.204559609163938,-19.353166725168474,-1.0644052823096193,stop_loss,1
2013-04-22 13:15:00,2013-04-22 14:15:00,short,1433.555,1437.0971088857918,1436.872108885792,1428.247625782733,5.469652973217214,-19.374106398630104,-1.0678301520229405,stop_loss,4
2013-04-22 14:30:00,2013-04-22 15:15:00,short,1436.405,1431.1666560970657,1439.788339939334,1430.9916560970657,5.351128349941382,28.031050565734187,1.5482759630607286,take_profit,3
2013-04-24 15:30:00,2013-04-24 15:45:00,short,1426.195,1429.207843078074,1428.982843078074,1421.7344510750813,6.514264920727569,-19.626457975154047,-1.0807075555182784,stop_loss,1
2013-04-24 16:00:00,2013-04-24 17:15:00,short,1429.795,1425.0111797535142,1432.8942626540538,1424.8361797535142,5.847034431992474,27.971161697665792,1.543534956686812,take_profit,5
2013-04-25 12:15:00,2013-04-25 13:30:00,short,1446.7050000000002,1449.0363179432509,1448.811317943251,1443.3348912907989,8.629959134935516,-20.119178580795666,-1.1068214799768796,stop_loss,5
2013-04-25 15:15:00,2013-04-25 15:30:00,short,1448.415,1450.8429416084289,1450.617941608429,1444.8902934265136,8.233173021416887,-19.98966334809242,-1.1021361615482694,stop_loss,1
2013-04-26 10:30:00,2013-04-26 10:45:00,long,1467.425,1463.9799424110624,1464.2049424110623,1472.5770921423,5.620154171698835,-19.36175478020991,-1.069874526708121,stop_loss,1
2013-04-29 11:45:00,2013-04-29 14:15:00,long,1471.495,1475.2212063473658,1469.0567460328964,1475.3962063473657,7.406323059722215,27.597487995779055,1.5282273289161845,take_profit,10
2013-04-29 15:45:00,2013-04-29 16:30:00,long,1468.975,1465.7591472153497,1465.9841472153496,1473.7603644554404,6.056363472977538,-19.47637333942872,-1.0752293797791241,stop_loss,3
2013-04-30 08:15:00,2013-04-30 08:45:00,long,1467.125,1465.0312607007313,1465.2562607007312,1470.11498287883,9.672156420321937,-20.250974005902023,-1.1204020272319148,stop_loss,2
2013-04-30 09:00:00,2013-04-30 09:15:00,long,1464.185,1461.968349037721,1462.193349037721,1467.3716415396461,9.054918359129891,-20.071593494122066,-1.1129716020835543,stop_loss,1
2013-04-30 15:15:00,2013-04-30 15:30:00,long,1467.7949999999998,1472.3977130901812,1464.8089293186365,1472.5727130901812,6.026010632847743,27.73599802138059,1.541394555362616,take_profit,1
2013-05-01 12:45:00,2013-05-01 14:30:00,long,1469.2849999999999,1467.3002510442093,1467.5252510442092,1472.1005983292648,10.256898072295492,-20.357367738638732,-1.1278591467604062,stop_loss,7
2013-05-01 16:00:00,2013-05-01 16:15:00,long,1459.925,1456.6495458590011,1456.874545859001,1464.805726625598,5.903662243222146,-19.337174941620347,-1.0737595091091026,stop_loss,1
2013-05-03 07:15:00,2013-05-03 08:30:00,long,1473.215,1475.8287629990555,1471.47202312559,1476.0037629990554,10.310048773938895,26.948024003779548,1.4995970614587795,take_profit,5
2013-05-03 12:45:00,2013-05-03 13:00:00,long,1476.245,1478.699412571529,1474.6016171427943,1478.8744125715289,10.967664994186926,26.919174842051138,1.4935123369258958,take_profit,1
2013-05-03 15:15:00,2013-05-03 15:30:00,long,1474.5049999999999,1471.4501272762277,1471.6751272762276,1479.0327963580355,6.388241715905214,-19.515265370782412,-1.0795088761801201,stop_loss,1
2013-05-06 09:45:00,2013-05-06 10:00:00,long,1475.2949999999998,1473.31144276456,1473.53644276456,1478.1086915767037,10.257772730070231,-20.346879318227625,-1.1279457929861634,stop_loss,1
2013-05-06 10:15:00,2013-05-06 13:15:00,long,1473.195,1475.8740912064436,1471.4111929959727,1476.0490912064436,10.08976119876878,27.031390502738006,1.501895216464079,take_profit,12
2013-05-06 16:00:00,2013-05-06 16:45:00,long,1470.715,1468.5557954810806,1468.7807954810805,1473.8097272302707,9.333164771229734,-20.15221154985762,-1.1163268919077975,stop_loss,3
2013-05-07 07:45:00,2013-05-07 08:45:00,long,1463.965,1461.731383760502,1461.956383760502,1467.1787859831966,8.96734015141374,-20.029596587299338,-1.1120174155597498,stop_loss,4
2013-05-07 09:00:00,2013-05-07 09:45:00,long,1461.355,1459.072772246289,1459.297772246289,1464.6465644059376,8.735972877887844,-19.937479757581436,-1.1093704863712999,stop_loss,3
2013-05-07 10:00:00,2013-05-07 12:00:00,long,1458.825,1462.2021716732088,1456.6048927042445,1462.3771716732087,8.077092010294072,27.277726339065854,1.5211749808963655,take_profit,8
2013-05-07 13:45:00,2013-05-07 14:15:00,long,1459.845,1463.241518392531,1457.6128010046682,1463.4165183925309,8.057779073835054,27.368394827231192,1.5216019717032303,take_profit,2
2013-05-08 14:15:00,2013-05-08 14:30:00,short,1455.315,1457.3191790562025,1457.0941790562026,1452.4683135100759,10.140240286653214,-20.322857207370944,-1.1264628195883462,stop_loss,1
2013-05-08 14:45:00,2013-05-08 15:00:00,short,1459.445,1461.7750574515214,1461.5500574515215,1456.0769080775653,8.551147815680196,-19.924665686987417,-1.1068854438330287,stop_loss,1
2013-05-08 15:15:00,2013-05-08 15:30:00,short,1465.2250000000001,1467.8086974964651,1467.5836974964652,1461.451084005656,7.614714529524688,-19.67411886622854,-1.0953916304812763,stop_loss,1
2013-05-09 09:30:00,2013-05-09 09:45:00,long,1471.895,1470.1599219632744,1470.3849219632743,1474.3111248587609,11.867903130498773,-20.591738063714864,-1.1489989222595305,stop_loss,1
2013-05-09 10:00:00,2013-05-09 12:30:00,long,1470.405,1472.7215362302582,1468.8477898560886,1472.896536230258,11.482250133765104,26.599048439753695,1.4876195350484958,take_profit,10
2013-05-09 14:45:00,2013-05-09 15:00:00,long,1469.575,1467.636246021485,1467.861246021485,1472.3170063656241,10.464439298133264,-20.28797332218483,-1.131290723651513,stop_loss,1
2013-05-09 15:15:00,2013-05-09 15:30:00,long,1465.635,1463.4581407021988,1463.6831407021987,1468.757974876482,9.167104695311263,-19.955497089905627,-1.1152747025635308,stop_loss,1
2013-05-09 15:45:00,2013-05-09 16:15:00,long,1464.145,1461.7866621360795,1462.0116621360794,1467.5583405822729,8.368570136598946,-19.735915820015617,-1.1054685260151014,stop_loss,2
2013-05-10 07:45:00,2013-05-10 08:15:00,long,1460.455,1458.6067368134247,1458.8317368134246,1463.0522210985202,10.973892499357433,-20.282641519996005,-1.1386096856385979,stop_loss,2
2013-05-10 10:45:00,2013-05-10 11:15:00,long,1455.485,1453.4432034832596,1453.6682034832595,1458.3918744267844,9.782576232856782,-19.974030076993476,-1.1238443589728984,stop_loss,2
2013-05-10 11:45:00,2013-05-10 12:00:00,long,1453.095,1450.6941642723184,1450.9191642723183,1456.5763371642906,8.149972968474767,-19.566746282353684,-1.1034085418937574,stop_loss,1
2013-05-13 07:30:00,2013-05-13 08:15:00,short,1431.7150000000001,1434.6382527227338,1434.413252722734,1427.3977956436263,6.557528404513684,-19.169312762897878,-1.0833872965657383,stop_loss,3
2013-05-13 08:30:00,2013-05-13 08:45:00,short,1434.585,1437.358585902072,1437.1335859020721,1430.507262556685,6.9275790280416,-19.214235527665828,-1.0882842519912614,stop_loss,1
2013-05-16 15:45:00,2013-05-16 16:45:00,short,1379.065,1382.595859601689,1382.370859601689,1373.7756246372976,5.329053226065908,-18.81613875116611,-1.0680609666196814,stop_loss,4
2013-05-17 08:45:00,2013-05-17 09:00:00,short,1382.755,1385.2986520697343,1385.0736520697344,1379.0451566884253,7.581762579762094,-19.285366078245215,-1.097039138789673,stop_loss,1
2013-05-17 13:00:00,2013-05-17 14:45:00,short,1380.9550000000002,1376.1174870718194,1384.087820580113,1375.9424870718194,5.599075439236055,27.085599823163925,1.544139794946883,take_profit,7
2013-05-20 11:45:00,2013-05-20 12:30:00,short,1354.335,1349.6678427779623,1357.3613482637736,1349.4928427779623,5.813960731455896,27.134668816458312,1.5421745335476538,take_profit,3
2013-05-20 14:30:00,2013-05-20 15:15:00,short,1356.835,1360.1276883898197,1359.9026883898198,1351.9266985762883,5.75330250669926,-18.943832366928994,-1.073345128777284,stop_loss,3
2013-05-20 15:30:00,2013-05-20 15:45:00,short,1364.505,1359.0440483922682,1368.0274697548325,1358.8690483922683,4.999745310524684,27.30336719175973,1.5503189488682263,take_profit,1
2013-05-21 08:45:00,2013-05-21 09:30:00,short,1398.2050000000002,1393.6925055461318,1401.1346840336678,1393.5175055461318,6.0300217257408395,27.210439594111406,1.5402665959916715,take_profit,3
2013-05-22 10:15:00,2013-05-22 10:30:00,short,1387.685,1390.3146558209246,1390.0896558209247,1383.8375506865202,7.369237251152808,-19.378557633268777,-1.093568484122348,stop_loss,1
2013-05-22 10:45:00,2013-05-22 11:30:00,short,1388.845,1385.165740132765,1391.2539124170219,1384.990740132765,7.340126611308524,27.006233261411328,1.5273531080817528,take_profit,3
2013-05-22 14:45:00,2013-05-22 15:15:00,short,1395.175,1389.9454636941543,1398.5528351911535,1389.7704636941544,5.250621655392168,27.458316575132535,1.5481916700796052,take_profit,2
2013-05-23 07:45:00,2013-05-23 08:30:00,short,1372.4850000000001,1375.624082461796,1375.399082461796,1367.8224680611268,6.105061016427888,-19.164289964862338,-1.077211267337041,stop_loss,3
2013-05-23 10:30:00,2013-05-23 11:30:00,short,1381.865,1385.585155117485,1385.3601551174852,1376.272751812024,5.079122974378876,-18.89512532547168,-1.064374825275795,stop_loss,4
2013-05-23 11:45:00,2013-05-23 12:00:00,short,1386.105,1390.1970132776453,1389.9720132776454,1379.9177787557674,4.5809339492034065,-18.745242544156298,-1.0581844394744133,stop_loss,1
2013-05-23 13:30:00,2013-05-23 13:45:00,short,1389.7250000000001,1393.5381246179006,1393.3131246179007,1383.9840006113593,4.926540687107053,-18.785513575096275,-1.0627068521749272,stop_loss,1
2013-05-23 15:15:00,2013-05-23 15:30:00,short,1393.665,1387.8317533985103,1397.420154125931,1387.6567533985103,4.697402636962008,27.401107967887345,1.553397385531638,take_profit,1
2013-05-24 08:00:00,2013-05-24 08:30:00,short,1397.9850000000001,1394.7173052335834,1400.1366842290106,1394.5423052335834,8.22345252649854,26.871732782715906,1.518668363303253,take_profit,2
2013-05-24 15:00:00,2013-05-24 15:15:00,short,1391.905,1394.712700932392,1394.487700932392,1387.7726785081725,6.871882203724848,-19.294190070686117,-1.0871181007363158,stop_loss,1
2013-05-29 14:00:00,2013-05-29 14:15:00,short,1389.395,1392.1905720788327,1391.9655720788328,1385.2820846738673,6.889294542850706,-19.25951946684806,-1.0875291542503924,stop_loss,1
2013-05-29 14:30:00,2013-05-29 14:45:00,short,1390.815,1393.7954422516468,1393.570442251647,1386.4062923973652,6.413093631416935,-19.11385522284181,-1.081656583390718,stop_loss,1
2013-05-29 15:15:00,2013-05-29 15:30:00,short,1392.695,1388.5475063400186,1395.3965585374883,1388.3725063400186,6.526855221031364,27.070090648843852,1.5352225770525996,take_profit,1
2013-05-30 08:30:00,2013-05-30 08:45:00,short,1398.655,1400.5910332971187,1400.3660332971187,1395.91734672461,10.336924276347277,-20.01262958880278,-1.1314994865259425,stop_loss,1
2013-05-30 09:30:00,2013-05-30 10:45:00,short,1409.825,1405.7679516035398,1412.4700302477877,1405.5929516035399,6.671680364414776,27.06733012414418,1.5338381857272243,take_profit,5
2013-05-30 13:30:00,2013-05-30 13:45:00,long,1403.235,1400.5408854145458,1400.7658854145457,1407.1855833367267,7.168938668125797,-19.31394222802392,-1.0911257830338872,stop_loss,1
2013-05-31 10:15:00,2013-05-31 10:30:00,long,1414.845,1412.886382947779,1413.111382947779,1417.6187872835537,10.188122642548036,-19.954630737812604,-1.1297864483460478,stop_loss,1
2013-05-31 10:45:00,2013-05-31 11:15:00,long,1413.165,1415.8789900557172,1411.3593812151767,1416.0539900557171,9.759753293378065,26.4878733844813,1.503080317135039,take_profit,2
2013-05-31 12:30:00,2013-05-31 12:45:00,long,1411.885,1409.4002613883797,1409.6252613883796,1415.5005817785925,7.821864678348432,-19.435289181161245,-1.099569038136924,stop_loss,1
2013-05-31 13:00:00,2013-05-31 14:45:00,long,1410.2949999999998,1407.7968070134498,1408.0218070134497,1413.9321087784801,7.758469762365728,-19.38215474670282,-1.098979717661972,stop_loss,7
2013-05-31 15:00:00,2013-05-31 15:30:00,long,1407.0049999999999,1410.8367853544953,1404.5007591534404,1411.0117853544953,7.027173430564811,26.9266202347376,1.5301185426153572,take_profit,2
2013-06-03 10:30:00,2013-06-03 10:45:00,long,1392.7549999999999,1395.5872922115082,1390.8754423678072,1395.762292211508,9.391352347389786,26.599054109042044,1.506892985347893,take_profit,1
2013-06-03 12:45:00,2013-06-03 13:30:00,long,1396.345,1393.8505870894169,1394.0755870894168,1399.9760606569332,7.801482932788654,-19.46011974924212,-1.0991445844652763,stop_loss,3
2013-06-03 13:45:00,2013-06-03 15:00:00,long,1394.605,1397.8795711011733,1392.4490180617668,1398.0545711011732,8.193883973046368,26.8314556645043,1.5188304888382504,take_profit,5
2013-06-04 09:45:00,2013-06-04 10:00:00,long,1407.5149999999999,1405.696266383868,1405.921266383868,1410.0649737858107,11.118249989733274,-20.221135008884882,-1.1411779219076783,stop_loss,1
2013-06-04 10:15:00,2013-06-04 10:30:00,long,1406.455,1404.6108113207843,1404.8358113207842,1409.045701886745,10.918484496655923,-20.135745502924728,-1.1389584814222422,stop_loss,1
2013-06-04 10:45:00,2013-06-04 12:45:00,long,1404.615,1402.708250577615,1402.933250577615,1407.305799075816,10.488372860658613,-19.99869889381952,-1.1337892536218666,stop_loss,8
2013-06-04 13:00:00,2013-06-04 14:00:00,long,1400.145,1397.9469488515547,1398.1719488515546,1403.3018818375126,8.919595225015385,-19.605726528012298,-1.1140365773980017,stop_loss,4
2013-06-04 15:00:00,2013-06-04 15:30:00,long,1397.605,1395.3556160307162,1395.580616030716,1400.8440143508544,8.674049200033904,-19.511267219335462,-1.111144922808047,stop_loss,2
2013-06-04 16:00:00,2013-06-04 16:15:00,long,1395.875,1399.3127176404298,1393.6170514747314,1399.4877176404298,7.759514186801812,26.67501880113396,1.5224960188234864,take_profit,1
2013-06-05 09:15:00,2013-06-05 09:30:00,long,1404.805,1403.1329808273497,1403.3579808273496,1407.1202306762407,12.144921079589055,-20.30654089539865,-1.1554920655182348,stop_loss,1
2013-06-05 10:15:00,2013-06-05 12:00:00,long,1399.935,1397.8660288788508,1398.0910288788507,1402.8853537938387,9.508457247298864,-19.672723451342797,-1.1220192645206275,stop_loss,7
2013-06-05 12:15:00,2013-06-05 12:30:00,long,1398.595,1396.638599571809,1396.863599571809,1401.3652406851058,10.10394524510739,-19.767362803946977,-1.1299526073439727,stop_loss,1
2013-06-05 12:45:00,2013-06-05 15:00:00,long,1397.315,1399.9736871213413,1395.5439455491617,1400.1486871213413,9.85539455883367,26.202410589307657,1.501188808781492,take_profit,9
2013-06-06 10:15:00,2013-06-06 11:00:00,long,1392.425,1395.1700247878694,1390.5999845075817,1395.3450247878693,9.59271046854047,26.332228018997853,1.5041104030476067,take_profit,3
2013-06-06 15:45:00,2013-06-06 16:00:00,long,1401.355,1398.3662575750282,1398.591257575028,1405.7769878799552,6.35352611616318,-18.98905305154359,-1.0814113493236233,stop_loss,1
2013-06-07 11:00:00,2013-06-07 11:30:00,long,1410.305,1413.16994849696,1408.4050321894001,1413.34494849696,9.222014958122712,26.420597893215092,1.5078931763876642,take_profit,2
2013-06-07 15:45:00,2013-06-07 16:00:00,long,1406.2649999999999,1403.4797494517666,1403.7047494517665,1410.361400877173,6.864317547834258,-19.118844213352876,-1.087882023950805,stop_loss,1
2013-06-10 13:15:00,2013-06-10 13:45:00,short,1379.515,1381.5122383499463,1381.2872383499464,1376.6794186400862,9.89490780243838,-19.76248933221182,-1.1269580922942601,stop_loss,2
2013-06-10 14:15:00,2013-06-10 14:45:00,short,1381.685,1383.6251004662852,1383.4001004662853,1378.9408392539435,10.201507399677284,-19.791949262926124,-1.131187650183099,stop_loss,2
2013-06-10 15:45:00,2013-06-10 16:00:00,short,1385.285,1382.3134108180755,1387.251618238703,1382.1384108180755,8.876672582365199,26.377824217243376,1.51101475794534,take_profit,1
2013-06-11 14:15:00,2013-06-11 14:30:00,short,1373.585,1376.4854500516915,1376.2604500516916,1369.3042799172936,6.544611751147369,-18.98231949191586,-1.084098000580371,stop_loss,1
2013-06-12 10:30:00,2013-06-12 12:30:00,short,1378.775,1376.7784157398505,1380.1322401625935,1376.6034157398506,12.87304759353708,25.7021242054125,1.4710618762817673,take_profit,8
2013-06-12 15:00:00,2013-06-12 16:00:00,short,1378.045,1376.1278317807846,1379.3526051370097,1375.9528317807847,13.401003836226016,25.69197866039691,1.4661675493259343,take_profit,4
2013-06-13 09:15:00,2013-06-13 10:15:00,short,1390.345,1387.5231878959635,1392.2180075650228,1387.3481878959635,9.383093663288003,26.47732727237477,1.506567382178287,take_profit,4
2013-06-14 15:45:00,2013-06-14 16:15:00,short,1388.665,1385.2021713416427,1390.9386429114732,1385.0271713416428,7.753002892516307,26.847320604532033,1.523031009347693,take_profit,2
2013-06-18 11:00:00,2013-06-18 11:15:00,short,1381.875,1379.6548326254522,1383.3719796090923,1379.4798326254522,11.811286274721935,26.223032438582187,1.48309794005418,take_profit,1
2013-06-19 10:00:00,2013-06-19 10:15:00,short,1368.645,1370.084956498374,1369.859956498374,1366.7010696026016,14.596161096319168,-21.017837021957547,-1.1851918157572117,stop_loss,1
2013-06-19 14:30:00,2013-06-19 14:45:00,short,1370.145,1371.708263596735,1371.483263596735,1368.0037782452237,13.219865760680914,-20.66613489739515,-1.1681283123510515,stop_loss,1
2013-06-19 15:00:00,2013-06-19 16:30:00,short,1372.395,1374.144778305348,1373.919778305348,1369.9553547114429,11.575671538309042,-20.254858927566836,-1.1475624352804206,stop_loss,6
2013-06-21 08:30:00,2013-06-21 09:30:00,short,1295.295,1299.4480305127936,1299.2230305127937,1289.0101511795303,4.483117698866635,-18.61852459583781,-1.0572806141059963,stop_loss,4
2013-06-24 16:00:00,2013-06-24 17:15:00,short,1289.4750000000001,1284.3085586292425,1292.8134008567235,1284.1335586292425,5.263773530674435,27.194977335175402,1.5475796923406082,take_profit,5
2013-06-25 09:00:00,2013-06-25 11:00:00,short,1281.4750000000001,1284.5054950875692,1284.2804950875693,1276.9862078598894,6.283017958995909,-19.040655059845406,-1.0801997483427643,stop_loss,8
2013-06-25 11:15:00,2013-06-25 11:30:00,short,1284.9650000000001,1288.1388907177218,1287.9138907177219,1280.2467748516453,5.964580037927333,-18.93092521748531,-1.0762998773225958,stop_loss,1
2013-06-25 11:45:00,2013-06-25 14:45:00,short,1286.415,1287.0549999999998,1289.3894006698722,1281.6559589282042,5.900695570805904,-3.776445165315027,-0.21516939747978303,time_stop,12
2013-06-27 14:45:00,2013-06-27 16:30:00,short,1234.875,1229.6581762458095,1238.244889846369,1229.4831762458095,5.205950570488047,27.158526599263627,1.548069519189635,take_profit,7
2013-06-28 08:45:00,2013-06-28 10:15:00,short,1206.335,1199.2928306607653,1210.8457308370218,1199.1178306607653,3.9013183577595143,27.47374452160776,1.5612036261255438,take_profit,6
2013-06-28 13:00:00,2013-06-28 15:00:00,short,1204.265,1198.5052934649314,1207.9741915844181,1198.3302934649314,4.7591891949140415,27.41153310757496,1.5528199080534826,take_profit,8
2013-07-02 10:15:00,2013-07-02 10:45:00,short,1266.2450000000001,1262.1662009474721,1268.90362440783,1261.9912009474722,6.660424663406152,27.16653380653503,1.5341764863497136,take_profit,2
2013-07-03 11:15:00,2013-07-03 12:00:00,short,1246.265,1249.490050864759,1249.2650508647591,1241.4649186163854,5.920533165921246,-19.09402060658831,-1.0749987284025537,stop_loss,3
2013-07-03 14:15:00,2013-07-03 14:30:00,short,1248.395,1251.1924237720348,1250.9674237720349,1244.2791219647443,6.889888359655178,-19.27393748396518,-1.087466148636127,stop_loss,1
2013-07-03 14:45:00,2013-07-03 15:15:00,short,1254.895,1250.2113092451111,1257.9316817218055,1250.0363092451112,5.823845351023637,27.277090628491862,1.5423713065668583,take_profit,2
2013-07-04 13:30:00,2013-07-04 14:45:00,short,1250.7150000000001,1247.8694256334827,1252.6028589790735,1247.6944256334828,9.396739431268182,26.739120854460403,1.5073023981453049,take_profit,5
2013-07-08 08:15:00,2013-07-08 10:15:00,short,1221.615,1224.1799546107104,1223.9549546107105,1217.871072622863,7.604077903732809,-19.504114679380553,-1.0961557112988578,stop_loss,8
2013-07-08 10:45:00,2013-07-08 13:00:00,short,1227.2450000000001,1230.2081590594976,1229.9831590594977,1222.8639455048042,6.483987429474054,-19.21308609331367,-1.0821719977221471,stop_loss,9
2013-07-08 13:15:00,2013-07-08 14:00:00,short,1231.265,1234.2443588986548,1234.019358898655,1226.8580257621525,6.431900635079969,-19.162940392388382,-1.0816887008115743,stop_loss,3
2013-07-09 08:15:00,2013-07-09 08:30:00,short,1255.055,1257.6475024143442,1257.4225024143443,1251.266996137049,7.466702784169082,-19.35744499514856,-1.0950368618999824,stop_loss,1
2013-07-09 08:45:00,2013-07-09 09:45:00,short,1259.7250000000001,1255.9422211589863,1262.1986117756337,1255.7672211589863,7.1307559870437025,26.974072868221757,1.5292532475290952,take_profit,4
2013-07-10 08:45:00,2013-07-10 10:00:00,short,1248.765,1250.9825295197713,1250.7575295197714,1245.5769527683663,8.879502134797916,-19.69055810478606,-1.1129217899997443,stop_loss,5
2013-07-10 10:15:00,2013-07-10 11:00:00,short,1253.2250000000001,1255.8230569823688,1255.598056982369,1249.42810882821,7.439049773944446,-19.32707520738459,-1.09481441097774,stop_loss,3
2013-07-10 14:00:00,2013-07-10 14:30:00,short,1255.065,1257.3678061045102,1257.1428061045103,1251.740510232784,8.47751617419791,-19.522075997026754,-1.1082872937525323,stop_loss,2
2013-07-11 10:15:00,2013-07-11 12:30:00,long,1285.0449999999998,1280.53453220693,1280.7595322069299,1291.9017484689116,4.1012070454152925,-18.49836229105701,-1.0525030197085499,stop_loss,9
2013-07-12 09:45:00,2013-07-12 10:15:00,long,1277.5449999999998,1275.3723616261684,1275.5973616261683,1280.6612213981302,9.005056696820848,-19.5647317380407,-1.115524526022392,stop_loss,2
2013-07-12 14:15:00,2013-07-12 15:15:00,long,1270.675,1274.0135657030264,1268.4790214356085,1274.1885657030264,7.968868549784856,26.604591232237933,1.5203088760347898,take_profit,4
2013-07-15 09:45:00,2013-07-15 11:30:00,long,1286.575,1284.4578300433097,1284.6828300433097,1289.602471930705,9.276478383023639,-19.6398813364247,-1.118911094219812,stop_loss,7
2013-07-15 11:45:00,2013-07-15 12:15:00,long,1283.355,1281.1745007488755,1281.3995007488754,1286.4837988017991,8.95597066963874,-19.528487338240275,-1.1150601309975001,stop_loss,2
2013-07-15 12:30:00,2013-07-15 13:45:00,long,1280.7849999999999,1283.6593771747641,1278.8791392657722,1283.834377174764,9.168737594028569,26.35441006167885,1.5081779707944538,take_profit,5
2013-07-15 15:00:00,2013-07-15 15:15:00,long,1278.665,1276.2299859936718,1276.4549859936717,1282.201022410125,7.930739684378211,-19.311462212003626,-1.1018093095137103,stop_loss,1
2013-07-15 15:30:00,2013-07-15 15:45:00,long,1274.335,1277.919611159751,1271.9852430251558,1278.094611159751,7.442651749019496,26.679012517674995,1.5255242129831474,take_profit,1
2013-07-16 15:45:00,2013-07-16 17:15:00,long,1289.7949999999998,1293.2826588576768,1287.5058382139518,1293.4576588576767,7.662971219659696,26.725829450369556,1.5235528038837383,take_profit,6
2013-07-17 12:00:00,2013-07-17 14:00:00,long,1285.475,1287.804000048697,1283.9099999695643,1287.979000048697,11.242959872424896,26.184854090376287,1.4881789159127083,take_profit,8
2013-07-17 15:30:00,2013-07-17 15:45:00,long,1284.465,1286.9625765080973,1282.794639682439,1287.1375765080973,10.565146971691846,26.387262881093744,1.4952321854391868,take_profit,1
2013-07-19 09:45:00,2013-07-19 11:00:00,long,1290.315,1288.4459877063628,1288.6709877063627,1292.94541966982,10.766572029283354,-20.122855483062054,-1.1368602904435072,stop_loss,5
2013-07-19 11:15:00,2013-07-19 13:30:00,long,1287.5449999999998,1290.112398593494,1285.831000879066,1290.287398593494,10.303465649321508,26.45310321618271,1.4978995975770553,take_profit,9
2013-07-22 12:30:00,2013-07-22 13:30:00,long,1315.205,1318.0002080404793,1313.3486199747003,1318.1752080404792,9.541708610596558,26.67106062825043,1.5057305090471664,take_profit,4
2013-07-23 08:45:00,2013-07-23 10:15:00,long,1331.2849999999999,1333.7133210082945,1329.6579243698156,1333.8883210082945,10.91920932475991,26.515345397281745,1.4924450733859047,take_profit,6
2013-07-23 11:45:00,2013-07-23 12:15:00,long,1330.935,1328.8400707688256,1329.0650707688255,1333.9268867698788,9.529456937148412,-19.963537894849107,-1.120325409244818,stop_loss,2
2013-07-23 12:30:00,2013-07-23 15:00:00,long,1327.665,1330.671763569032,1325.676397769355,1330.846763569032,8.9406934852099,26.88255145321128,1.5119984895404466,take_profit,10
2013-07-24 11:15:00,2013-07-24 12:30:00,long,1341.335,1339.3254556499846,1339.5504556499845,1344.190270960025,9.993166104811834,-20.081710484690056,-1.1260826047825347,stop_loss,5
2013-07-24 15:30:00,2013-07-24 16:45:00,long,1335.2649999999999,1338.5375985857427,1333.1102508839108,1338.7125985857426,8.257613175140222,27.02385319857499,1.5187840483641286,take_profit,5
2013-07-25 09:00:00,2013-07-25 09:30:00,long,1321.135,1319.246414488378,1319.4714144883778,1323.7967368185953,10.728112424550611,-20.260957692058984,-1.1352500357979867,stop_loss,2
2013-07-25 09:45:00,2013-07-25 10:00:00,long,1319.695,1322.2798002151799,1317.9701248655124,1322.4548002151798,10.323420011757674,26.683978267784127,1.4985433806186044,take_profit,1
2013-07-25 12:00:00,2013-07-25 12:15:00,long,1318.655,1316.5125902261457,1316.7375902261456,1321.7228556381672,9.314638258980654,-19.955772045957325,-1.1173458084275918,stop_loss,1
2013-07-25 12:30:00,2013-07-25 12:45:00,long,1311.635,1309.082641572544,1309.3076415725438,1315.3587734839298,7.656778037869019,-19.542841952115438,-1.0966761274694756,stop_loss,1
2013-07-25 13:00:00,2013-07-25 14:15:00,long,1311.475,1315.128110810123,1309.082430743673,1315.303110810123,7.431751938913276,27.149013346197048,1.5268568717343736,take_profit,5
2013-07-26 11:30:00,2013-07-26 12:00:00,long,1330.955,1328.7723924270103,1328.9973924270103,1334.0871721167834,9.110753085791142,-19.88519868068595,-1.1149362124995703,stop_loss,2
2013-07-26 12:15:00,2013-07-26 12:30:00,long,1330.085,1328.02399277046,1328.2489927704598,1333.0226115672642,9.692504774874445,-19.976322413368266,-1.1225485370535588,stop_loss,1
2013-07-26 12:45:00,2013-07-26 13:00:00,long,1328.955,1326.8854835622842,1327.1104835622841,1331.9062263003452,9.626130638436363,-19.92143558784297,-1.1219831904987208,stop_loss,1
2013-07-26 14:30:00,2013-07-26 15:00:00,long,1327.2749999999999,1325.036249718264,1325.2612497182638,1330.4970004507775,8.797373479569254,-19.69512235592226,-1.1117318279434008,stop_loss,2
2013-07-26 15:15:00,2013-07-26 15:30:00,long,1323.905,1321.5364360900242,1321.761436090024,1327.3347022559615,8.246230959592328,-19.531725044215655,-1.1049653798297239,stop_loss,1
2013-07-26 15:45:00,2013-07-26 16:15:00,long,1322.175,1325.6877738839669,1319.8701413225206,1325.8627738839668,7.652208701796829,26.88047888233638,1.5240734359507575,take_profit,2
2013-07-29 10:00:00,2013-07-29 12:00:00,long,1324.5049999999999,1326.946078646674,1322.8699508458285,1327.121078646674,10.81987079156033,26.412155549051946,1.492969578588182,take_profit,8
2013-07-29 16:00:00,2013-07-29 19:00:00,long,1329.215,1331.515,1326.5576070288719,1333.466828753805,6.6771625762035205,15.357473925269312,0.8655099283354566,time_stop,12
2013-07-30 10:30:00,2013-07-30 13:30:00,long,1322.0449999999998,1322.6750000000002,1320.4758225815465,1324.5556838695252,11.3273104977844,7.1362056136079834,0.401484237914465,time_stop,12
2013-07-30 15:30:00,2013-07-30 15:45:00,long,1322.5149999999999,1325.4350166436514,1320.5806145977178,1325.6100166436513,9.196115849082814,26.85281133626897,1.5095319889235508,take_profit,1
2013-07-31 10:15:00,2013-07-31 10:45:00,long,1330.0349999999999,1333.0024168087975,1328.0709894945014,1333.1774168087975,9.084746659389484,26.958229940740924,1.5108966069632068,take_profit,2
2013-07-31 12:15:00,2013-07-31 14:15:00,long,1331.7749999999999,1329.6742906991365,1329.8992906991364,1334.7761348813815,9.541166283323081,-20.043216752461074,-1.1199546219109375,stop_loss,8
2013-07-31 14:30:00,2013-07-31 15:00:00,long,1329.115,1326.9790529449172,1327.204052944917,1332.172515288133,9.344250463513909,-19.958824259499107,-1.117742665554982,stop_loss,2
2013-07-31 15:15:00,2013-07-31 15:30:00,long,1327.5249999999999,1325.312645524775,1325.537645524775,1330.70476716036,8.96490811216439,-19.833554581926503,-1.1132158368347658,stop_loss,1
2013-07-31 15:45:00,2013-07-31 16:30:00,long,1323.2649999999999,1320.5914137433008,1320.8164137433007,1327.1827380107184,7.260019163666527,-19.41028745935079,-1.0918897585838865,stop_loss,3
2013-08-01 08:00:00,2013-08-01 09:15:00,long,1317.2749999999999,1321.2526089234889,1314.6796194228193,1321.4276089234888,6.834436047093,27.184713807932106,1.5325725091963305,take_profit,5
2013-08-01 11:15:00,2013-08-01 11:45:00,long,1317.305,1320.829629216756,1314.9927317395277,1321.004629216756,7.694752509636971,27.121149511173112,1.5243167399772106,take_profit,2
2013-08-06 10:15:00,2013-08-06 10:30:00,short,1292.385,1294.9253553234446,1294.7003553234447,1288.6804314824888,7.707920299979953,-19.58085636674078,-1.097177309124702,stop_loss,1
2013-08-06 11:00:00,2013-08-06 11:15:00,short,1293.9550000000002,1290.4553844632026,1296.2516347104986,1290.2803844632026,7.753698272133041,27.134962940797433,1.5238015522451418,take_profit,1
2013-08-07 09:15:00,2013-08-07 10:15:00,short,1282.885,1280.0793329341973,1284.7479169161265,1279.9043329341973,9.588018852463268,26.900788720651672,1.5060612964084092,take_profit,4
2013-08-07 13:15:00,2013-08-07 14:30:00,short,1279.885,1276.1654818593515,1282.3190738379053,1275.9904818593516,7.360287847821773,27.376724170367503,1.5281040709304674,take_profit,5
2013-08-07 16:00:00,2013-08-07 16:15:00,short,1279.945,1282.6887100681972,1282.4637100681973,1275.915063890884,7.134698735308309,-19.575544753619862,-1.0893314410582158,stop_loss,1
2013-08-08 15:45:00,2013-08-08 16:45:00,short,1292.795,1295.5006000844917,1295.2756000844918,1288.8260398648133,7.2285277101984695,-19.5575051834629,-1.0907038588793783,stop_loss,4
2013-08-09 13:15:00,2013-08-09 14:15:00,short,1313.2450000000001,1309.5783546549203,1315.646028340675,1309.4033546549203,7.4517951892533185,27.323090143163835,1.5271145629414724,take_profit,4
2013-08-12 10:45:00,2013-08-12 11:00:00,long,1329.625,1327.158553467133,1327.383553467133,1333.2113144525872,8.006712341977133,-19.74812789553243,-1.100381604780959,stop_loss,1
2013-08-12 11:15:00,2013-08-12 12:30:00,long,1328.425,1325.9340588568648,1326.1590588568647,1332.0505058290164,7.902730138003585,-19.68523564384733,-1.0992964890908816,stop_loss,5
2013-08-13 13:00:00,2013-08-13 13:15:00,long,1331.725,1329.1865022308887,1329.4115022308886,1335.426596430578,7.723262641559811,-19.605484985859803,-1.09725533475934,stop_loss,1
2013-08-14 08:15:00,2013-08-14 10:45:00,long,1319.855,1322.5344863902521,1318.0709460060925,1322.709486390252,9.993273736345387,26.776840970601445,1.5019087983897992,take_profit,10
2013-08-15 10:30:00,2013-08-15 11:45:00,long,1337.715,1340.671316512968,1335.757927179395,1340.8463165129679,9.13716312198932,27.012346219219154,1.5105807417294692,take_profit,5
2013-08-15 15:15:00,2013-08-15 15:30:00,long,1335.885,1333.6096991706343,1333.8346991706342,1339.1654813269854,8.748042257518508,-19.90442780385834,-1.1097399936522991,stop_loss,1
2013-08-16 08:45:00,2013-08-16 09:15:00,long,1365.195,1362.443170520733,1362.668170520733,1369.2379271668274,7.08251569294703,-19.48987547122219,-1.0890443941097196,stop_loss,2
2013-08-16 09:30:00,2013-08-16 12:30:00,long,1362.915,1360.1423234817967,1360.3673234817966,1366.9912824291252,7.009261011661019,-19.4344134169904,-1.0883157647339694,stop_loss,12
2013-08-19 10:15:00,2013-08-19 12:30:00,long,1374.235,1377.7890509260944,1371.9043431711907,1377.9640509260944,7.645252892781011,27.171618123815257,1.524913870700735,take_profit,9
2013-08-20 08:45:00,2013-08-20 09:00:00,long,1359.495,1357.3396423706993,1357.5646423706992,1362.5835722068812,9.258804600500632,-19.956035133892758,-1.1165587125331884,stop_loss,1
2013-08-20 14:15:00,2013-08-20 15:15:00,long,1363.585,1367.5496601077512,1360.9977124326556,1367.724660107751,6.892504819948014,27.326438902130175,1.5323615966741506,take_profit,4
2013-08-21 07:45:00,2013-08-21 08:30:00,long,1368.485,1366.4505771228353,1366.6755771228352,1371.3800766034633,9.885773597792959,-20.111843965819947,-1.1243490412547867,stop_loss,3
2013-08-21 10:30:00,2013-08-21 10:45:00,long,1364.475,1362.2723665231013,1362.4973665231012,1367.6392135630376,9.024584902543886,-19.877852821457342,-1.1137723459013982,stop_loss,1
2013-08-21 11:00:00,2013-08-21 12:00:00,long,1362.215,1359.8790303183885,1360.1040303183884,1365.5925514905784,8.435727745340367,-19.705604255443692,-1.1065860878817266,stop_loss,4
2013-08-22 07:15:00,2013-08-22 09:45:00,long,1360.905,1364.6165733409603,1358.4758916618998,1364.7915733409602,7.314681698441161,27.148977589544316,1.5279571037425095,take_profit,10
2013-08-22 13:15:00,2013-08-22 14:00:00,long,1366.105,1369.894883262565,1363.626947960897,1370.0698832625649,7.19212186757086,27.257302288233806,1.529380014124638,take_profit,3
2013-08-23 15:00:00,2013-08-23 15:15:00,long,1372.705,1370.8536378871386,1371.0786378871385,1375.307179380578,10.991996630156718,-20.350166105771805,-1.1383455739780122,stop_loss,1
2013-08-26 08:30:00,2013-08-26 09:30:00,long,1395.7549999999999,1398.3705228134968,1394.0109232415643,1398.5455228134967,10.22676693873002,26.748342236564316,1.4996603795368895,take_profit,4
2013-08-26 10:45:00,2013-08-26 13:45:00,long,1395.095,1394.365,1393.206736577663,1398.1162214757394,9.474188296306117,-6.916157456303638,-0.3865986023795858,time_stop,12
2013-08-28 14:00:00,2013-08-28 15:00:00,long,1423.105,1426.7049937621975,1420.7456288986266,1426.8799937621975,7.576566014108872,27.275590389669727,1.5258276920073812,take_profit,4
2013-08-29 08:45:00,2013-08-29 09:00:00,long,1407.915,1410.9089246535086,1405.934422091557,1411.0839246535086,9.053156659821799,27.104468915916566,1.5116419509406822,take_profit,1
2013-08-29 10:45:00,2013-08-29 12:45:00,long,1406.585,1410.5805622225955,1403.978398610878,1410.7555622225955,6.899670618991489,27.568063273594372,1.5328627688414158,take_profit,8
2013-08-30 10:15:00,2013-08-30 10:30:00,long,1397.7549999999999,1395.1844458779444,1395.4094458779443,1401.5078865952887,7.691072645420577,-19.770318491713816,-1.095926159999552,stop_loss,1
2013-08-30 10:45:00,2013-08-30 12:15:00,long,1396.365,1393.641792619248,1393.866792619248,1400.3621318092032,7.205281134063588,-19.62147476467511,-1.0900645806002591,stop_loss,6
2013-08-30 12:30:00,2013-08-30 14:15:00,long,1392.975,1396.4972162197457,1390.6642398626589,1396.6722162197457,7.772785790155427,27.377432182695234,1.5242673451164719,take_profit,7
2013-08-30 15:45:00,2013-08-30 17:00:00,long,1393.915,1397.257550877008,1391.71653070187,1397.432550877008,8.194700940182068,27.39120481442451,1.5203991612942667,take_profit,5
2013-09-02 10:30:00,2013-09-02 13:30:00,long,1393.055,1390.429087387386,1390.654087387386,1396.8964601801824,7.526546671892925,-19.76405383515157,-1.0937143646202645,stop_loss,12
2013-09-03 11:00:00,2013-09-03 11:15:00,long,1387.135,1385.3558548595981,1385.580854859598,1389.621632224643,11.601910437813254,-20.641482574812972,-1.1447741231824193,stop_loss,1
2013-09-04 08:45:00,2013-09-04 09:00:00,long,1409.445,1407.592216788195,1407.8172167881949,1412.0494531388879,11.051698795447832,-20.476401990131173,-1.1382247945353865,stop_loss,1
2013-09-04 09:15:00,2013-09-04 09:30:00,long,1408.0049999999999,1406.1067583530864,1406.3317583530863,1410.6821866350615,10.726972395340828,-20.362385746126865,-1.1344695193398657,stop_loss,1
2013-09-04 12:00:00,2013-09-04 13:15:00,long,1404.415,1402.2739219587236,1402.4989219587235,1407.4807248660422,9.346222752886232,-20.010992305082457,-1.117427367337301,stop_loss,5
2013-09-04 13:30:00,2013-09-04 14:00:00,long,1402.7549999999999,1400.4945513529206,1400.7195513529205,1406.0117178353269,8.77844313425047,-19.843219906279298,-1.1105407401570913,stop_loss,2
2013-09-04 15:30:00,2013-09-04 15:45:00,long,1400.735,1398.3253971355914,1398.5503971355913,1404.2303645830536,8.160926661646416,-19.664592260130885,-1.1029935480107598,stop_loss,1
2013-09-04 16:00:00,2013-09-04 17:00:00,long,1394.115,1391.420469979158,1391.645469979158,1398.0662480333474,7.203417017248985,-19.409823405621285,-1.091110453447004,stop_loss,4
2013-09-05 08:45:00,2013-09-05 09:00:00,long,1383.5149999999999,1386.1545968440198,1381.7558769724874,1386.3295968440198,10.090388592678277,26.634557884168323,1.5005186122499308,take_profit,1
2013-09-06 10:30:00,2013-09-06 11:00:00,short,1371.315,1368.7993888601345,1372.996631962416,1368.6243888601346,10.587039520895713,26.632874556961998,1.4959344232798648,take_profit,2
2013-09-09 16:00:00,2013-09-09 17:00:00,short,1387.765,1389.7931477748486,1389.5681477748487,1384.8799635602422,9.903109464398101,-20.08496942430061,-1.124781786128869,stop_loss,4
2013-09-11 08:30:00,2013-09-11 09:30:00,short,1365.625,1367.7768819091486,1367.5518819091487,1362.541988945362,9.246337189306239,-19.8970257235564,-1.1167689617778969,stop_loss,4
2013-09-11 10:00:00,2013-09-11 10:45:00,short,1367.575,1364.816926860616,1369.4081707121152,1364.641926860616,9.697299704294936,26.745861838973465,1.504536986739127,take_profit,3
2013-09-12 13:45:00,2013-09-12 14:45:00,short,1344.325,1340.6507469028093,1346.7307831857443,1340.4757469028093,7.411431601089395,27.23147551492037,1.5272586153910543,take_profit,4
2013-09-13 10:30:00,2013-09-13 11:15:00,short,1317.915,1313.6002182450818,1320.7211135968237,1313.4252182450819,6.373498385620636,27.500254549276256,1.537636166904341,take_profit,3
2013-09-13 15:15:00,2013-09-13 15:30:00,short,1316.4950000000001,1319.8470752035746,1319.6220752035747,1311.491679674281,5.736913831754198,-19.23056660046674,-1.0719522190392832,stop_loss,1
2013-09-18 07:15:00,2013-09-18 08:45:00,short,1297.845,1300.2269408701818,1300.001940870182,1294.393894607709,8.299392951653894,-19.768663269243003,-1.10431440338044,stop_loss,6
2013-09-18 09:30:00,2013-09-18 10:30:00,short,1303.4950000000001,1306.1370119806725,1305.9120119806726,1299.6277808309242,7.390018200742967,-19.524516623749644,-1.0930901467593517,stop_loss,4
2013-09-18 10:45:00,2013-09-18 12:15:00,short,1305.805,1302.0400217191057,1308.267486425559,1301.8650217191057,7.237690047891723,27.249745834157967,1.5289336184015663,take_profit,6
2013-09-18 15:30:00,2013-09-18 16:15:00,short,1303.675,1299.7983963034706,1306.207252310331,1299.6233963034706,7.059807158263645,27.36807452650957,1.5308915627063953,take_profit,3
2013-09-19 08:15:00,2013-09-19 09:45:00,short,1363.2050000000002,1365.9797674735494,1365.7547674735495,1359.1253720423213,7.0327782129464085,-19.51432423396929,-1.088243340749306,stop_loss,6
2013-09-19 10:15:00,2013-09-19 11:15:00,short,1371.865,1367.264382527579,1374.8497609202632,1367.0893825275791,5.99475836276073,27.579590066658536,1.5413688383508095,take_profit,4
2013-09-19 14:00:00,2013-09-19 15:00:00,short,1366.395,1369.5035176285267,1369.2785176285267,1361.781371794357,6.224369669240536,-19.348562843300922,-1.078029694625056,stop_loss,4
2013-09-20 10:30:00,2013-09-20 10:45:00,long,1359.075,1356.9891969672344,1357.2141969672343,1362.0522848524254,9.624545009160377,-20.074905169095977,-1.120915538097276,stop_loss,1
2013-09-20 11:00:00,2013-09-20 11:15:00,long,1356.385,1354.2216035074623,1354.4466035074622,1359.4864343880606,9.218564313590411,-19.943409702254574,-1.1160753235295713,stop_loss,1
2013-09-20 15:00:00,2013-09-20 15:15:00,long,1353.615,1351.1956230000835,1351.4206230000834,1357.1260031998668,8.12501494181301,-19.65747427420025,-1.102534796896095,stop_loss,1
2013-09-20 15:30:00,2013-09-20 16:00:00,long,1350.245,1354.1722833713136,1347.6810728929288,1354.3472833713136,6.938586871163871,27.249796839537467,1.5317453294528498,take_profit,2
2013-09-23 07:30:00,2013-09-23 08:30:00,short,1323.415,1319.804991231694,1325.7806304801911,1319.629991231694,7.543245112390415,27.23118099721069,1.5260239494438192,take_profit,4
2013-09-23 09:15:00,2013-09-23 09:30:00,short,1325.415,1328.1890031559144,1327.9640031559145,1321.336594950537,7.021957928096932,-19.478933453239332,-1.088269800481743,stop_loss,1
2013-09-23 09:45:00,2013-09-23 10:15:00,short,1328.535,1331.4138853742322,1331.1888853742323,1324.2887834012283,6.729768823447615,-19.37423303778678,-1.0847813557377177,stop_loss,2
2013-09-23 14:00:00,2013-09-23 16:00:00,short,1325.395,1320.6717091689986,1328.4564317693757,1320.4967091689987,5.8212261219429235,27.495343966958558,1.5428372039022948,take_profit,8
2013-09-25 09:30:00,2013-09-25 09:45:00,short,1329.305,1327.0904597851138,1330.7984626343039,1326.9154597851139,11.969684988271142,26.507348766046768,1.482822645856555,take_profit,1
2013-09-26 10:30:00,2013-09-26 10:45:00,short,1336.885,1339.1925125898538,1338.9675125898539,1333.5529798562338,8.609451899236854,-19.866418649229633,-1.1080425641103553,stop_loss,1
2013-09-26 11:00:00,2013-09-26 12:15:00,short,1338.165,1335.0193907944056,1340.2403807534965,1334.8443907944056,8.619892568852036,27.114813415815576,1.5156781233008454,take_profit,5
2013-09-26 13:45:00,2013-09-26 15:30:00,short,1336.355,1333.3204482788503,1338.3609698257185,1333.1454482788504,8.945193756844509,27.144653110849898,1.512760402596193,take_profit,7
2013-09-27 14:15:00,2013-09-27 14:45:00,short,1333.675,1336.0034585915507,1335.7784585915508,1330.3094662535186,8.556421381410303,-19.923272878473533,-1.1069666885308251,stop_loss,2
2013-09-27 15:00:00,2013-09-27 15:15:00,short,1337.2050000000002,1340.1140993169233,1339.8890993169234,1332.910441092923,6.690598745237653,-19.46361623957791,-1.0838270024440908,stop_loss,1
2013-09-30 10:15:00,2013-09-30 11:00:00,short,1342.265,1339.9371741014263,1343.8292661866087,1339.7621741014264,11.455406019016829,26.666190809745476,1.4881264573138886,take_profit,3
2013-09-30 15:15:00,2013-09-30 15:30:00,long,1332.925,1330.98271063841,1331.20771063841,1335.672662978544,10.465700814916662,-20.327419354395676,-1.131020435479542,stop_loss,1
2013-09-30 15:45:00,2013-09-30 16:00:00,long,1331.165,1329.086316825976,1329.3113168259758,1334.1308930784385,9.673703728670837,-20.108565171281647,-1.121379965655868,stop_loss,1
2013-10-01 09:30:00,2013-10-01 09:45:00,short,1333.7450000000001,1335.6659316528392,1335.4409316528393,1331.0315093554575,10.549814712188827,-20.26547301223055,-1.1326704408301123,stop_loss,1
2013-10-02 08:30:00,2013-10-02 10:00:00,short,1291.585,1288.5714300499856,1293.577856218759,1288.3964300499856,8.957612490017377,26.994391823790668,1.5121863392086912,take_profit,6
2013-10-02 11:30:00,2013-10-02 11:45:00,short,1292.535,1295.1314284306093,1294.9064284306094,1288.7407145110253,7.550395495179167,-19.604061526026772,-1.0948795237063513,stop_loss,1
2013-10-02 12:00:00,2013-10-02 15:00:00,short,1294.395,1294.5849999999998,1296.7746500243518,1290.587559961037,7.507832762688136,-1.4264882249094486,-0.0798436736728047,time_stop,12
2013-10-02 15:30:00,2013-10-02 15:45:00,short,1298.525,1301.5696015919177,1301.3446015919178,1294.013637452932,6.33534946614953,-19.288615069993345,-1.0797985079327743,stop_loss,1
2013-10-02 16:00:00,2013-10-02 16:45:00,short,1301.685,1304.8940442297655,1304.6690442297656,1296.9105292323748,5.97329759129271,-19.168576168010603,-1.0754010271548744,stop_loss,3
2013-10-03 09:45:00,2013-10-03 10:15:00,short,1315.065,1312.568890947561,1316.7344431577744,1312.393890947561,10.653999793168254,26.59354532841183,1.495174628027967,take_profit,2
2013-10-04 14:30:00,2013-10-04 14:45:00,short,1316.345,1314.2624810612804,1317.7559493366998,1314.0874810612804,12.643568187939021,26.330470204376407,1.4759700327657934,take_profit,1
2013-10-07 11:30:00,2013-10-07 14:00:00,short,1312.515,1314.1401483510958,1313.915148351096,1310.2747626382468,12.778713823214975,-20.767305698922048,-1.1606972574183396,stop_loss,10
2013-10-07 14:15:00,2013-10-07 14:30:00,short,1314.805,1316.4762093487122,1316.2512093487123,1312.4910650420604,12.342998953226523,-20.62773524177684,-1.1555791353445837,stop_loss,1
2013-10-07 14:45:00,2013-10-07 15:00:00,short,1316.865,1318.5878029588387,1318.3628029588388,1314.468515265858,11.890285635852976,-20.48461927488428,-1.1502200263874178,stop_loss,1
2013-10-07 15:30:00,2013-10-07 16:30:00,short,1320.065,1322.1155951532685,1321.8905951532686,1317.1440477547706,9.732900383996126,-19.958238354666918,-1.1232474788274234,stop_loss,4
2013-10-08 09:45:00,2013-10-08 11:15:00,short,1325.925,1323.730309660296,1327.406056462315,1323.555309660296,11.970117104007775,26.270700373291948,1.481841101637283,take_profit,6
2013-10-10 08:45:00,2013-10-10 09:00:00,short,1306.605,1308.3878168406657,1308.1628168406658,1304.1124930549347,11.414025210246914,-20.34911636461044,-1.1444328974539488,stop_loss,1
2013-10-10 09:15:00,2013-10-10 10:00:00,short,1306.805,1304.4589302361428,1308.3806686024109,1304.2839302361429,11.2588792036813,26.414116074677985,1.4889360365927895,take_profit,3
2013-10-10 13:45:00,2013-10-10 14:00:00,short,1302.095,1304.4101588888225,1304.1851588888226,1298.7507457778838,8.512793351202838,-19.708469195745923,-1.1076473186814326,stop_loss,1
2013-10-10 15:45:00,2013-10-10 16:00:00,short,1305.9650000000001,1302.1668774287225,1308.4482016070488,1301.9918774287225,7.1495096100696935,27.154713823572138,1.5295264631339656,take_profit,1
2013-10-11 15:00:00,2013-10-11 15:30:00,short,1289.795,1285.7499286035334,1292.4325446227917,1285.5749286035334,6.751727734612939,27.31122073601378,1.5336504116412906,take_profit,2
2013-10-14 13:00:00,2013-10-14 13:30:00,short,1277.075,1278.9529929171897,1278.7279929171898,1274.4302113324964,10.806220303001616,-20.29400519062812,-1.136116735685977,stop_loss,2
2013-10-14 13:45:00,2013-10-14 14:00:00,short,1281.135,1283.1917366760442,1282.9667366760443,1278.2042213183288,9.729574040390714,-20.011171771159507,-1.1228342495635348,stop_loss,1
2013-10-14 15:15:00,2013-10-14 16:00:00,short,1286.265,1282.9616781265543,1288.4389511709037,1282.7866781265543,8.179574365112884,27.01976691575425,1.5195014118338401,take_profit,3
2013-10-16 10:00:00,2013-10-16 10:30:00,short,1286.695,1283.8390375752524,1288.5893515154671,1283.6640375752525,9.415377587914572,26.88996460589406,1.5076201018812516,take_profit,2
2013-10-16 13:30:00,2013-10-16 14:45:00,short,1282.535,1279.0516184194846,1284.821488487822,1278.8766184194847,7.824143802540841,27.254478405075034,1.5234634239657057,take_profit,5
2013-10-17 10:30:00,2013-10-17 10:45:00,short,1281.555,1283.8911152823853,1283.6661152823854,1278.1772155481835,8.49992600503974,-19.856807039516784,-1.106578736782999,stop_loss,1
2013-10-17 14:15:00,2013-10-17 14:30:00,short,1312.915,1317.4454677759015,1317.2204677759016,1306.0262515585573,4.158574864854249,-18.840289418896404,-1.052259129950819,stop_loss,1
2013-10-18 14:15:00,2013-10-18 15:15:00,long,1317.655,1320.8104376323647,1315.5734764797721,1320.9854376323647,8.583582804536862,27.08496020195447,1.515926964889322,take_profit,4
2013-10-21 11:45:00,2013-10-21 12:30:00,long,1318.445,1316.3107849032885,1316.5357849032885,1321.4997441547384,9.386631944582277,-20.033091603400855,-1.1178494766710465,stop_loss,3
2013-10-21 13:00:00,2013-10-21 16:00:00,long,1315.445,1318.2969072734672,1313.5531829540828,1318.4719072734672,9.451777206075016,26.955592161197817,1.507496340421599,take_profit,12
2013-10-22 11:15:00,2013-10-22 11:30:00,long,1315.165,1313.9473472900775,1314.1723472900774,1316.7532443358762,18.06769299847559,-22.000175341641654,-1.2266653762698678,stop_loss,1
2013-10-22 11:45:00,2013-10-22 13:15:00,long,1312.115,1313.8979453712402,1310.8912841429749,1314.0729453712402,14.62017833927247,26.066979296712127,1.4569929457109203,take_profit,6
2013-10-22 15:15:00,2013-10-22 15:30:00,long,1312.675,1314.8320230392967,1311.2174856004394,1315.0070230392967,12.310738082798165,26.554545675343494,1.4799325755870008,take_profit,1
2013-10-23 07:30:00,2013-10-23 07:45:00,long,1338.7949999999998,1337.4668497352795,1337.6918497352794,1340.5600404235524,16.31345039001409,-21.66671345399881,-1.2039613343672062,stop_loss,1
2013-10-23 08:00:00,2013-10-23 10:00:00,long,1336.155,1334.665497986032,1334.890497986032,1338.1782032223489,14.197568284611105,-21.147306553375333,-1.1779356596624613,stop_loss,8
2013-10-23 10:15:00,2013-10-23 10:30:00,long,1334.675,1333.0755121082693,1333.3005121082692,1336.8741806267692,13.030714336580887,-20.84246980196189,-1.1636973314596424,stop_loss,1
2013-10-23 11:30:00,2013-10-23 12:00:00,long,1332.145,1330.2093982738138,1330.4343982738137,1334.881962761898,10.445958204699421,-20.21921473268487,-1.1315326627791609,stop_loss,2
2013-10-23 14:00:00,2013-10-23 15:15:00,long,1330.2849999999999,1333.030083524762,1328.4599477970237,1333.205083524762,9.768726438668287,26.8159700046962,1.5041123318476068,take_profit,5
2013-10-25 09:15:00,2013-10-25 09:30:00,long,1342.805,1341.5598349925244,1341.7848349925243,1344.4372640119611,17.528603231960957,-21.826003374362095,-1.2205525560582051,stop_loss,1
2013-10-25 09:45:00,2013-10-25 10:15:00,long,1341.5449999999998,1343.1983909082724,1340.4022556823295,1343.3733909082723,15.610154751668299,25.809687943135334,1.4468598816953135,take_profit,2
2013-10-25 13:15:00,2013-10-25 13:45:00,long,1341.905,1340.3007529187078,1340.5257529187077,1344.111795330068,12.970870309580565,-20.808480835964467,-1.163132482244655,stop_loss,2
2013-10-25 14:00:00,2013-10-25 14:15:00,long,1340.375,1338.6970496218662,1338.922049621866,1342.6997206050144,12.284258515120007,-20.612376220538977,-1.1548573188637659,stop_loss,1
2013-10-28 15:45:00,2013-10-28 16:00:00,long,1349.185,1351.8017244331259,1347.4401722292964,1351.9767244331258,10.205702592077078,26.70551132990452,1.4997035679176713,take_profit,1
2013-10-29 07:45:00,2013-10-29 08:45:00,long,1352.2849999999999,1354.4078459375435,1350.848846289035,1354.5828459375434,12.436415537204306,26.400594200758466,1.4781467480367634,take_profit,4
2013-10-29 09:45:00,2013-10-29 10:00:00,long,1345.625,1343.4227176832703,1343.6477176832702,1348.7886517067675,9.05960942536792,-19.9518176339653,-1.1137925515725224,stop_loss,1
2013-10-29 14:00:00,2013-10-29 14:15:00,long,1343.5149999999999,1346.9295449597685,1341.2715344001444,1347.1045449597684,7.966915953220863,27.203392712970278,1.5219956838155357,take_profit,1
2013-10-31 08:00:00,2013-10-31 08:15:00,long,1337.105,1335.3952940706338,1335.6202940706337,1339.4805294869861,12.07505695829475,-20.644796479031573,-1.151545161603779,stop_loss,1
2013-10-31 08:30:00,2013-10-31 09:30:00,long,1335.625,1333.9283402955975,1334.1533402955974,1337.9796555270443,12.15404554255949,-20.62127931753307,-1.1528886055158056,stop_loss,4
2013-10-31 10:15:00,2013-10-31 13:15:00,long,1333.725,1336.055,1331.6378032362918,1337.0645148219328,8.549925345859192,19.92132605585324,1.1163298259722694,time_stop,12
2013-10-31 14:00:00,2013-10-31 14:15:00,long,1329.445,1327.2383612940448,1327.4633612940447,1332.6156219295285,9.025469229171936,-19.915949740497794,-1.1135423926287566,stop_loss,1
2013-10-31 14:30:00,2013-10-31 15:30:00,long,1326.345,1329.9362607453588,1323.9910870341507,1330.1112607453588,7.581158489441102,27.22591688747341,1.525655704973378,take_profit,4
2013-10-31 16:00:00,2013-10-31 17:00:00,long,1325.5249999999999,1322.4202156854317,1322.6452156854316,1330.1326549033092,6.215687406753719,-19.298368764747902,-1.0781308512799648,stop_loss,4
2013-11-04 11:00:00,2013-11-04 13:30:00,short,1314.4950000000001,1316.034158127415,1315.809158127415,1312.3923469961362,13.591395120642524,-20.919306262842714,-1.1712122729420031,stop_loss,10
2013-11-04 13:45:00,2013-11-04 14:00:00,short,1315.915,1317.4993208337057,1317.2743208337058,1313.7400866660707,13.109049244535973,-20.7689398281931,-1.165523836919723,stop_loss,1
2013-11-04 14:45:00,2013-11-04 15:00:00,short,1318.2450000000001,1320.0051377637305,1319.7801377637306,1315.7887795780314,11.58063223284636,-20.38350812090669,-1.146566650443892,stop_loss,1
2013-11-05 13:30:00,2013-11-05 14:45:00,short,1312.915,1314.663745268,1314.438745268,1310.4770075712,11.640461975350673,-20.356202796728343,-1.147662476612788,stop_loss,5
2013-11-05 15:00:00,2013-11-05 15:15:00,short,1316.345,1318.234121664773,1318.0091216647731,1313.682405336363,10.634070105141442,-20.089052220337898,-1.1352064604186165,stop_loss,1
2013-11-06 10:45:00,2013-11-06 11:00:00,short,1316.9950000000001,1318.7148696367215,1318.4898696367216,1314.6032085812456,11.811202735353694,-20.313728957694874,-1.1505147970584124,stop_loss,1
2013-11-06 13:15:00,2013-11-06 15:00:00,short,1320.035,1317.439987466195,1321.7662578336283,1317.264987466195,10.17501873040419,26.40430113710129,1.4989174248914696,take_profit,7
2013-11-07 12:15:00,2013-11-07 12:45:00,short,1316.7450000000001,1315.1887421646622,1317.8270361470863,1315.0137421646623,16.32883479371616,25.411877089658475,1.4382678799859492,take_profit,2
2013-11-08 07:45:00,2013-11-08 08:45:00,short,1310.115,1311.3834753349925,1311.1584753349925,1308.4454394640122,16.98096030310697,-21.539929308977023,-1.2156256046066665,stop_loss,4
2013-11-11 13:45:00,2013-11-11 14:00:00,short,1285.805,1287.591203388742,1287.3662033887422,1283.3070745780128,11.322120813741936,-20.223610565252446,-1.1441195949370793,stop_loss,1
2013-11-12 08:15:00,2013-11-12 08:30:00,short,1280.255,1281.731017155392,1281.506017155392,1278.253372551373,14.09707779387334,-20.807528664651258,-1.1798536487130808,stop_loss,1
2013-11-12 08:45:00,2013-11-12 09:30:00,short,1281.555,1283.0415403023533,1282.8165403023534,1279.5365355162348,13.946499426836773,-20.732033474738742,-1.1783533982863572,stop_loss,3
2013-11-13 15:00:00,2013-11-13 16:00:00,short,1278.045,1275.1746660059978,1279.9483337462516,1274.9996660059978,9.222033220038721,26.470315445295583,1.5080560619782073,take_profit,4
2013-11-14 15:45:00,2013-11-14 16:15:00,short,1285.365,1281.9791424503799,1287.5905359685125,1281.80414245038,7.9107001265002115,26.784503746091747,1.5213672560336677,take_profit,2
2013-11-15 13:15:00,2013-11-15 15:30:00,short,1283.595,1285.2520649278229,1285.027064927823,1281.3036961154835,12.331226281744842,-20.433642588526503,-1.1571157812948905,stop_loss,9
2013-11-19 10:00:00,2013-11-19 12:30:00,short,1274.935,1272.898763867787,1276.317022582633,1272.723763867787,12.748163171394843,25.958270468940412,1.4733739938847763,take_profit,10
2013-11-19 14:00:00,2013-11-19 15:30:00,short,1276.195,1273.7072160202842,1277.859239987322,1273.5322160202843,10.617558804922098,26.414192698574425,1.4948468962812533,take_profit,6
2013-11-21 11:30:00,2013-11-21 14:30:00,short,1248.645,1249.105,1250.4795256623274,1245.7097589402763,9.660804795615649,-4.4439702059835495,-0.25074601541220054,time_stop,12
2013-11-22 14:15:00,2013-11-22 15:00:00,short,1246.425,1248.2173748407617,1247.9923748407618,1243.917200254781,11.30176771707678,-20.25700411222229,-1.143552131977912,stop_loss,3
2013-11-25 16:00:00,2013-11-25 16:30:00,short,1234.7150000000001,1236.9821047722378,1236.7571047722379,1231.4476323644199,8.654596281213282,-19.6208765309288,-1.110180438858362,stop_loss,2
2013-11-27 10:45:00,2013-11-27 11:45:00,short,1247.925,1249.289036082833,1249.0640360828331,1246.102542267467,15.481819127917424,-21.117759918374755,-1.197535445444588,stop_loss,4
2013-11-27 12:00:00,2013-11-27 13:00:00,short,1251.605,1253.2649216924185,1253.0399216924186,1249.3091252921301,12.259982678989399,-20.350611197529492,-1.1568029817854852,stop_loss,4
2013-11-28 11:15:00,2013-11-28 14:15:00,short,1242.625,1242.685,1244.0621133110442,1240.3256187023294,12.212964515380019,-0.7327778709221346,-0.04175036132422313,time_stop,12
2013-11-29 09:45:00,2013-11-29 10:00:00,short,1243.9850000000001,1245.1962863074996,1244.9712863074997,1242.4069419080008,17.79396934051958,-21.553591418236376,-1.228128483878414,stop_loss,1
2013-11-29 10:15:00,2013-11-29 11:45:00,short,1248.255,1246.210225420674,1249.6423591120788,1246.0352254206741,12.618824485575379,25.802651529081416,1.47386106562009,take_profit,6
2013-11-29 14:15:00,2013-11-29 14:30:00,short,1247.625,1249.2027476124326,1248.9777476124327,1245.4606038201077,12.97983916250751,-20.47891024840579,-1.1663281442391749,stop_loss,1
2013-12-02 09:00:00,2013-12-02 09:45:00,short,1247.035,1245.8675636509713,1247.8740227181431,1245.6925636509714,20.878443738825528,24.37425413185718,1.3914240029311626,take_profit,3
2013-12-03 08:00:00,2013-12-03 08:45:00,short,1221.605,1222.9161127114212,1222.6911127114213,1219.867219661726,16.17349372665279,-21.205273213105087,-1.2071608200823638,stop_loss,3
2013-12-03 09:15:00,2013-12-03 09:30:00,short,1223.815,1225.1303566165916,1224.9053566165917,1222.0704294134537,16.07164693782619,-21.139947139192902,-1.2063545051005795,stop_loss,1
2013-12-03 13:45:00,2013-12-03 15:00:00,short,1222.7350000000001,1224.581511998946,1224.3565119989462,1220.1405808016864,10.781015925424919,-19.907275267124714,-1.1387593802242308,stop_loss,5
2013-12-04 14:15:00,2013-12-04 14:45:00,short,1213.805,1215.4860472767557,1215.2610472767558,1211.475324357191,11.978822674105349,-20.136967235043446,-1.154527949464141,stop_loss,2
2013-12-04 15:00:00,2013-12-04 15:15:00,short,1220.815,1222.885505053583,1222.6605050535832,1217.862191914267,9.429103521074206,-19.523006491141587,-1.1219178455041692,stop_loss,1
2013-12-06 09:30:00,2013-12-06 09:45:00,short,1231.525,1229.5652383204656,1232.8592260497092,1229.3902383204656,13.013096386256668,25.502567629874633,1.4688378179708301,take_profit,1
2013-12-06 11:30:00,2013-12-06 12:15:00,short,1231.275,1229.058984319205,1232.769384800497,1228.883984319205,11.65256586883692,25.822268686841333,1.4828949545380885,take_profit,3
2013-12-06 15:15:00,2013-12-06 15:30:00,short,1231.7250000000001,1233.8698883836712,1233.6448883836713,1228.6531785861264,9.096915220225332,-19.51186778310177,-1.1171943129160826,stop_loss,1
2013-12-09 15:15:00,2013-12-09 16:15:00,short,1232.515,1234.065736620511,1233.840736620511,1230.3938214071825,13.144419376655318,-20.383532482731948,-1.169716968301888,stop_loss,4
2013-12-10 09:00:00,2013-12-10 09:30:00,short,1246.125,1244.62605436347,1247.1712160228312,1244.4510543634701,16.61728618050873,24.90840861124258,1.432730529660149,take_profit,2
2013-12-10 12:45:00,2013-12-10 13:15:00,short,1247.875,1245.4241624271401,1249.5161484830373,1245.2491624271402,10.623711416394743,26.036991102520712,1.4933673571839252,take_profit,2
2013-12-10 14:15:00,2013-12-10 15:00:00,short,1247.885,1249.7484664178855,1249.5234664178856,1245.263453731383,10.672883903238064,-19.888560735675355,-1.1373235347052526,stop_loss,3
2013-12-11 09:45:00,2013-12-11 10:15:00,long,1256.825,1255.481654912415,1255.706654912415,1258.6143521401361,15.601074238767616,-20.9576264396977,-1.2011901357619057,stop_loss,2
2013-12-11 11:00:00,2013-12-11 13:45:00,long,1255.225,1257.2533055947067,1253.8479340033082,1257.4283055947067,12.639531819761753,25.636833104497484,1.472918218574581,take_profit,11
2013-12-11 15:00:00,2013-12-11 15:30:00,long,1255.145,1257.4274753681905,1253.609077894881,1257.6024753681904,11.365643538253412,25.941801419696812,1.486061930213376,take_profit,2
2013-12-12 11:00:00,2013-12-12 11:15:00,long,1252.835,1251.1940655473934,1251.4190655473933,1255.100495124171,12.365421803185896,-20.290846657861103,-1.1589056609122579,stop_loss,1
2013-12-12 11:30:00,2013-12-12 11:45:00,long,1245.2849999999999,1242.9524340689256,1243.1774340689255,1248.6571054897186,8.288255565948328,-19.332902561167298,-1.106758226009669,stop_loss,1
2013-12-13 13:15:00,2013-12-13 13:30:00,short,1227.9650000000001,1230.1968613459328,1229.971861345933,1224.7540218465076,8.684894593755068,-19.383480537301445,-1.1121153688349774,stop_loss,1
2013-12-13 14:30:00,2013-12-13 14:45:00,short,1232.4950000000001,1229.0429458269905,1234.7619088581312,1228.8679458269905,7.671509258193309,26.48246554802821,1.5228023661505632,take_profit,1
2013-12-13 16:00:00,2013-12-13 17:15:00,short,1233.915,1236.773378395243,1236.5483783952432,1229.7015945676108,6.624029898338193,-18.93398395085429,-1.0854415758883484,stop_loss,5
2013-12-16 12:15:00,2013-12-16 12:30:00,short,1231.435,1229.0637879567873,1233.0263825270079,1228.8887879567874,10.937476665998725,25.935076392773066,1.490032724985942,take_profit,1
2013-12-16 14:45:00,2013-12-16 15:00:00,short,1232.835,1234.6462306465032,1234.4212306465033,1230.2970309655946,11.00570049323941,-19.9338620195905,-1.1418457022602,stop_loss,1
2013-12-16 15:15:00,2013-12-16 17:15:00,short,1235.2450000000001,1237.2856784656076,1237.0606784656077,1232.339914455028,9.59294942056007,-19.576125304198595,-1.12392061935075,stop_loss,8
2013-12-17 08:00:00,2013-12-17 08:45:00,short,1246.325,1244.6103277363666,1247.506045164771,1244.4353277363666,14.714559571763578,25.23064716928546,1.4518261576948723,take_profit,3
2013-12-17 13:45:00,2013-12-17 14:30:00,short,1239.425,1237.0334528054407,1241.0290919965994,1236.8584528054407,10.865349846051188,25.984996942228822,1.490904012755624,take_profit,3
2013-12-18 16:00:00,2013-12-18 16:15:00,short,1232.795,1234.6328131286612,1234.4078131286612,1230.2144989941423,10.838819706719143,-19.919725156198904,-1.139507792937354,stop_loss,1
2013-12-19 08:15:00,2013-12-19 08:45:00,short,1221.915,1223.8950876024355,1223.6700876024356,1219.106859836103,9.937481894163827,-19.677084698061645,-1.1281987290478617,stop_loss,2
2013-12-19 09:00:00,2013-12-19 09:30:00,short,1223.445,1220.9224038119235,1225.1309976175476,1220.7474038119235,10.321365179502088,26.03663645755725,1.4962038865426903,take_profit,2
2013-12-19 13:45:00,2013-12-19 14:15:00,short,1208.315,1204.1794112008613,1211.0091179994618,1204.0044112008613,6.478509990609945,26.792453352275036,1.5350436766188709,take_profit,2
2013-12-20 11:00:00,2013-12-20 13:15:00,short,1197.275,1194.6711206481,1199.0117995949377,1194.4961206481,10.080296732639775,26.2478765231468,1.4992399580757094,take_profit,9
2013-12-20 14:30:00,2013-12-20 14:45:00,short,1197.265,1194.9694478349488,1198.809095103157,1194.7944478349489,11.372324799971297,26.105764816240434,1.486665011991823,take_profit,1
2013-12-23 14:30:00,2013-12-23 14:45:00,short,1197.625,1199.6791580601678,1199.4541580601679,1194.6983471037313,9.628562423501984,-19.77858911006507,-1.123007412480943,stop_loss,1
2013-12-23 15:00:00,2013-12-23 15:15:00,short,1199.865,1201.9982026131038,1201.7732026131039,1196.8118758190337,9.208982980048647,-19.644626557067976,-1.117912007066129,stop_loss,1
2013-12-23 15:30:00,2013-12-23 16:15:00,short,1202.555,1199.5115000684525,1204.5665624572173,1199.3365000684526,8.716267332657996,26.527959030294824,1.513002949835277,take_profit,3
2013-12-24 10:30:00,2013-12-24 11:00:00,short,1199.785,1200.951332778399,1200.7263327783992,1198.2788675545614,18.68241758394198,-21.789916007889566,-1.2390228037979942,stop_loss,2
2013-12-26 09:15:00,2013-12-26 12:15:00,short,1205.905,1206.145,1207.2448722191277,1203.7612044493956,13.092884507232142,-3.142292281735833,-0.17912155843954047,time_stop,12
2013-12-26 13:30:00,2013-12-26 14:30:00,short,1206.595,1205.113087961639,1207.6305700239757,1204.938087961639,16.934159186648483,25.094934358217397,1.431010944747017,take_profit,4
2013-12-26 15:30:00,2013-12-26 15:45:00,short,1208.675,1210.1619387695293,1209.9369387695294,1206.655897968753,13.936252636250178,-20.72235434679653,-1.1782970817861484,stop_loss,1
2013-12-27 15:30:00,2013-12-27 15:45:00,short,1212.615,1214.2624532335526,1214.0374532335527,1210.3390748263157,12.33450238017828,-20.320515830486904,-1.1581774322646474,stop_loss,1
2013-12-30 13:30:00,2013-12-30 14:00:00,short,1204.855,1202.6137041491172,1206.3651849068017,1202.4387041491173,11.591038742639082,25.97894704129884,1.484120150312927,take_profit,2
2013-12-30 16:00:00,2013-12-30 17:00:00,short,1206.415,1203.708717881662,1208.2158013239612,1203.5337178816621,9.749309612206757,26.384382269654633,1.5028210399051127,take_profit,4
2013-12-31 08:00:00,2013-12-31 08:15:00,short,1199.355,1200.7687837455442,1200.5437837455443,1197.4529460071294,14.81290309352862,-20.94224161795144,-1.189269075088927,stop_loss,1
2013-12-31 11:30:00,2013-12-31 11:45:00,short,1200.365,1201.8661755234714,1201.6411755234715,1198.323119162446,13.765703553760202,-20.664737238267733,-1.1763080358945153,stop_loss,1
2013-12-31 13:15:00,2013-12-31 13:45:00,short,1204.695,1202.167527087087,1206.3840455705706,1201.992527087087,10.376347902960921,26.225938259695614,1.496391190948792,take_profit,2
2014-01-02 15:30:00,2014-01-02 16:00:00,short,1221.2250000000001,1224.5498036367624,1224.3248036367625,1216.2653141811804,5.670867706664241,-18.854521574714735,-1.0725852429268445,stop_loss,2
2014-01-03 11:00:00,2014-01-03 11:15:00,long,1231.235,1229.2862787981314,1229.5112787981313,1233.9929539229897,10.17616264077487,-19.830503891739784,-1.1305315498562085,stop_loss,1
2014-01-03 11:30:00,2014-01-03 11:45:00,long,1229.875,1232.545460270333,1228.096587331042,1232.720460270333,9.84091408887503,26.279770098101274,1.501597642069008,take_profit,1
2014-01-03 15:30:00,2014-01-03 16:45:00,long,1228.315,1231.1681918500399,1226.4223800937252,1231.3431918500398,9.274850048750395,26.462926569436057,1.5075355810114273,take_profit,5
2014-01-06 07:15:00,2014-01-06 07:45:00,long,1238.645,1241.162853734527,1236.9619664159206,1241.337853734527,10.461283630741836,26.33998205761034,1.496021088553861,take_profit,2
2014-01-06 12:15:00,2014-01-06 15:15:00,long,1237.405,1240.1220250461422,1235.597484346161,1240.2970250461422,9.769968857380203,26.545250085531553,1.5031820279794943,take_profit,12
2014-01-07 14:45:00,2014-01-07 15:00:00,long,1236.375,1238.6940709247024,1234.8162056720612,1238.8690709247023,11.362924428154262,26.35142766092289,1.4877337459707536,take_profit,1
2014-01-08 10:30:00,2014-01-08 10:45:00,long,1225.465,1223.9137348645068,1224.1387348645067,1227.587024216789,13.394882009108192,-20.779013454774216,-1.1696493363042588,stop_loss,1
2014-01-08 11:00:00,2014-01-08 11:30:00,long,1224.695,1223.0061795515392,1223.231179551539,1227.0371127175374,12.10777386970652,-20.447856096499407,-1.1537073759534413,stop_loss,2
2014-01-08 13:15:00,2014-01-08 14:30:00,long,1225.5449999999998,1227.8605673865572,1223.9883953834014,1228.0355673865572,11.359796235388888,26.30437368060409,1.487575818461552,take_profit,5
2014-01-08 15:45:00,2014-01-08 16:30:00,long,1221.705,1219.2476590855458,1219.4726590855457,1225.2767454631266,7.944718432632854,-19.52288165832642,-1.1007910568421941,stop_loss,3
2014-01-10 09:00:00,2014-01-10 10:00:00,long,1234.075,1235.9306718132611,1232.805830116712,1236.105671813261,13.943187969307216,25.873980901644632,1.4621145976562915,take_profit,4
2014-01-10 11:15:00,2014-01-10 11:30:00,long,1233.465,1231.716851942407,1231.9418519424069,1235.9020368921488,11.65219764486816,-20.369766679565664,-1.147720373523939,stop_loss,1
2014-01-10 11:45:00,2014-01-10 14:45:00,long,1232.635,1233.9750000000001,1231.0899386646263,1235.1070981365979,11.460569409582314,15.357163008841969,0.8672794854943677,time_stop,12
2014-01-13 09:00:00,2014-01-13 09:45:00,long,1249.405,1247.7873799063082,1248.012379906308,1251.633192149907,12.73713992960252,-20.60385348628935,-1.161565958310585,stop_loss,3
2014-01-13 11:15:00,2014-01-13 11:30:00,long,1246.675,1245.0634585365958,1245.2884585365957,1248.8934663414468,12.763260069921252,-20.568522810888485,-1.162274267260274,stop_loss,1
2014-01-14 11:15:00,2014-01-14 11:45:00,long,1249.385,1248.1755746133665,1248.4005746133664,1250.9600806186138,17.93498267035998,-21.69102335036495,-1.2285597294167092,stop_loss,2
2014-01-14 14:30:00,2014-01-14 15:15:00,long,1247.645,1249.1103483738264,1246.6197822663585,1249.2853483738263,17.179053409734863,25.17329797783139,1.4293045523330385,take_profit,3
2014-01-15 07:15:00,2014-01-15 08:00:00,long,1239.2949999999998,1240.7302615857377,1238.2885865089136,1240.9052615857377,17.550059647676505,25.18892643971825,1.4261152085597593,take_profit,3
2014-01-15 10:15:00,2014-01-15 11:00:00,long,1239.945,1238.5930844794561,1238.818084479456,1241.74806483287,15.71812112688007,-21.24957190521654,-1.1996600418559469,stop_loss,3
2014-01-15 11:15:00,2014-01-15 13:00:00,long,1236.7549999999999,1238.5414699784362,1235.529081263477,1238.7164699784362,14.414083887795519,25.75032813220971,1.457249918133672,take_profit,7
2014-01-15 14:45:00,2014-01-15 15:00:00,long,1238.2749999999999,1236.872050420695,1237.0970504206948,1240.1597193268879,15.044783304374805,-21.107072407606907,-1.1910098733874936,stop_loss,1
2014-01-16 09:30:00,2014-01-16 09:45:00,long,1240.5149999999999,1239.3116770981974,1239.5366770981973,1242.080316642884,18.071520135870557,-21.74587404987796,-1.229985416456408,stop_loss,1
2014-01-16 10:00:00,2014-01-16 10:15:00,long,1239.245,1238.0260889265069,1238.2510889265068,1240.8352577175888,17.74433421817716,-21.628765470297214,-1.2263784014490797,stop_loss,1
2014-01-16 10:30:00,2014-01-16 10:45:00,long,1237.965,1236.699484839692,1236.924484839692,1239.6298242564924,16.90800231595119,-21.397333261355858,-1.2162390406049712,stop_loss,1
2014-01-17 09:45:00,2014-01-17 10:00:00,long,1241.125,1239.9326373872402,1240.1576373872401,1242.6727801804157,18.14235721150635,-21.632268446332947,-1.2325911680191852,stop_loss,1
2014-01-17 14:00:00,2014-01-17 14:15:00,long,1240.845,1239.5585336835036,1239.7835336835035,1242.5433461063947,16.49319744279436,-21.217942961480233,-1.211970927860002,stop_loss,1
2014-01-20 10:00:00,2014-01-20 11:15:00,long,1253.925,1255.454700273457,1252.8595623290892,1255.629700273457,16.391890513877144,25.07467940155733,1.4357482518423283,take_profit,5
2014-01-21 10:30:00,2014-01-21 10:45:00,long,1251.395,1250.0490699996792,1250.274069999679,1253.1884880005132,15.625138951334646,-21.03034327378203,-1.2007261826657352,stop_loss,1
2014-01-21 11:15:00,2014-01-21 11:30:00,long,1249.2949999999998,1247.8948676345829,1248.1198676345828,1251.1752117846675,14.868645301062838,-20.81807151592338,-1.191467792583562,stop_loss,1
2014-01-21 14:00:00,2014-01-21 14:15:00,long,1246.895,1245.5039861936923,1245.7289861936922,1248.7606220900923,14.949214225301178,-20.79456338084515,-1.1929651250977722,stop_loss,1
2014-01-22 08:15:00,2014-01-22 08:30:00,long,1240.5449999999998,1239.3693757188987,1239.5943757188986,1242.0659988497619,18.29261191734734,-21.505238734793544,-1.2366865695238327,stop_loss,1
2014-01-22 08:45:00,2014-01-22 09:30:00,long,1239.655,1241.0399632939275,1238.6800229412952,1241.2149632939274,17.791588449236418,24.640696942857154,1.4205085971636942,take_profit,3
2014-01-23 08:15:00,2014-01-23 08:45:00,short,1236.015,1237.251548443417,1237.0265484434171,1234.396522490533,17.197072550519753,-21.26501329367356,-1.222431265120484,stop_loss,2
2014-01-23 10:45:00,2014-01-23 11:15:00,short,1237.755,1239.1757987841343,1238.9507987841343,1235.8417219453854,14.511757474134356,-20.618287374899744,-1.1881587462583092,stop_loss,2
2014-01-23 11:30:00,2014-01-23 11:45:00,short,1238.415,1239.8233636766554,1239.5983636766555,1236.521618117351,14.629404053873635,-20.603521280591274,-1.1901359695574023,stop_loss,1
2014-01-24 10:00:00,2014-01-24 10:30:00,long,1257.685,1259.2875014423312,1256.574061598543,1259.4625014423311,15.546044950161708,24.912559455180293,1.4424755146007018,take_profit,2
2014-01-24 15:30:00,2014-01-24 16:15:00,long,1266.685,1264.460231461096,1264.685231461096,1269.8846296622462,8.6612640952505,-19.269307866250788,-1.1125130211935579,stop_loss,3
2014-01-27 08:30:00,2014-01-27 09:00:00,long,1269.345,1267.8110215008855,1268.0360215008855,1271.4393655985834,13.202649883689983,-20.252581052916756,-1.1718897599556484,stop_loss,2
2014-01-27 09:15:00,2014-01-27 10:00:00,long,1267.625,1266.065037987407,1266.290037987407,1269.7609392201487,12.915333548325071,-20.147429715353844,-1.1685441217633412,stop_loss,3
2014-01-27 14:00:00,2014-01-27 15:15:00,long,1264.205,1262.0955750094988,1262.3205750094987,1267.2200799848017,9.128081454160803,-19.25500313473652,-1.1193998175220896,stop_loss,5
2014-01-27 15:30:00,2014-01-27 16:30:00,long,1260.495,1258.174075459102,1258.3990754591018,1263.848479265437,8.18859384791009,-19.005108417060722,-1.1073511930460533,stop_loss,4
2014-01-28 11:30:00,2014-01-28 11:45:00,long,1255.0049999999999,1253.370323454827,1253.595323454827,1257.2604824722766,12.147938931868007,-19.857950844116772,-1.1596110829610955,stop_loss,1
2014-01-28 12:30:00,2014-01-28 13:15:00,long,1253.0249999999999,1255.1744344775796,1251.5722284515125,1255.3494344775795,11.760244548117926,25.27787509649324,1.4795405924749128,take_profit,3
2014-01-29 10:15:00,2014-01-29 10:30:00,long,1251.995,1250.6607715164928,1250.8857715164927,1253.7697655736113,15.448128755919367,-20.611333403032784,-1.2028436912190505,stop_loss,1
2014-01-30 09:30:00,2014-01-30 09:45:00,long,1258.325,1256.808721337284,1257.0337213372839,1260.3910458603461,13.238259300427512,-20.072890108741255,-1.1742458901370083,stop_loss,1
2014-01-30 10:00:00,2014-01-30 11:45:00,long,1257.095,1255.4529280918416,1255.6779280918415,1259.3623150530534,12.034771056954165,-19.761959473742376,-1.1587781104857962,stop_loss,7
2014-01-30 12:00:00,2014-01-30 15:00:00,long,1254.165,1252.352709189957,1252.577709189957,1256.704665296069,10.719278382592357,-19.426449703063604,-1.1417509624426134,stop_loss,12
2014-01-30 15:15:00,2014-01-30 15:30:00,long,1252.355,1250.4785868714318,1250.7035868714318,1254.9972610057093,10.279535068425151,-19.2886545579699,-1.136246948814667,stop_loss,1
2014-01-30 15:45:00,2014-01-30 16:00:00,long,1242.905,1240.2765366391427,1240.5015366391426,1246.7505413773717,7.046989829051289,-18.522754569995133,-1.0936149074141275,stop_loss,1
2014-01-31 11:30:00,2014-01-31 11:45:00,short,1242.025,1243.7648400777368,1243.539840077737,1239.6012558756213,11.156383170537696,-19.41032256268921,-1.148530530256407,stop_loss,1
2014-01-31 12:00:00,2014-01-31 12:15:00,short,1242.385,1244.112489658865,1243.887489658865,1239.9810165458161,11.222250752082548,-19.386322123411418,-1.1497514466554657,stop_loss,1
2014-01-31 12:30:00,2014-01-31 13:30:00,short,1244.865,1246.646891593613,1246.421891593613,1242.373973450219,10.805211569616946,-19.25371566310987,-1.1445187326612485,stop_loss,4
2014-01-31 13:45:00,2014-01-31 14:15:00,short,1247.335,1249.1000602622184,1248.8750602622185,1244.8709035804504,10.898297969485242,-19.236152671754013,-1.146098179090596,stop_loss,2
2014-01-31 14:30:00,2014-01-31 15:15:00,short,1248.4550000000002,1250.240864575836,1250.015864575836,1245.9576166786626,10.728389626184718,-19.159450989167897,-1.1441508786112402,stop_loss,3
2014-01-31 15:30:00,2014-01-31 17:00:00,short,1252.505,1249.9364313556664,1254.2197304027086,1249.7614313556664,9.743365134781095,25.026502175493004,1.4979431403773769,take_profit,6
2014-02-03 11:45:00,2014-02-03 12:00:00,short,1244.035,1245.4831063798376,1245.2581063798377,1242.07802979226,13.700605034759382,-19.839933558469582,-1.1839578336839152,stop_loss,1
2014-02-03 12:15:00,2014-02-03 12:30:00,short,1245.695,1247.2385968275128,1247.0135968275129,1243.5852450759792,12.678338981040227,-19.570243829265927,-1.1706359330655256,stop_loss,1
2014-02-03 14:30:00,2014-02-03 15:30:00,short,1247.9850000000001,1245.8847020860203,1249.4070611962375,1245.7097020860203,11.728382094247735,24.633096446906904,1.4769391918836223,take_profit,4
2014-02-04 08:00:00,2014-02-04 08:15:00,short,1258.545,1259.7603158693253,1259.5353158693254,1256.9604946090797,16.891321023831637,-20.528290494128893,-1.227200236782234,stop_loss,1
2014-02-04 09:30:00,2014-02-04 09:45:00,long,1256.875,1258.5985893039683,1255.68838168502,1258.7735893039683,14.062387603600211,24.237780861821886,1.4525220807815753,take_profit,1
2014-02-04 11:45:00,2014-02-04 12:00:00,long,1255.5149999999999,1253.703109008122,1253.928109008122,1258.0540255870044,10.545880170823517,-19.107985282938028,-1.1417866766851117,stop_loss,1
2014-02-04 12:30:00,2014-02-04 15:15:00,long,1253.435,1251.5471758348558,1251.7721758348557,1256.0955186642307,10.04131803225843,-18.956242831195052,-1.1353119618515968,stop_loss,11
2014-02-04 15:30:00,2014-02-04 15:45:00,long,1249.625,1247.6114576135474,1247.8364576135473,1252.4866678183243,9.314307513458433,-18.75475297880273,-1.1258007647479689,stop_loss,1
2014-02-06 15:15:00,2014-02-06 15:30:00,long,1260.855,1259.197342688249,1259.4223426882488,1263.147251698802,11.601884237061972,-19.231948235655715,-1.1570508160984303,stop_loss,1
2014-02-07 11:15:00,2014-02-07 12:30:00,long,1260.365,1259.0602369792111,1259.285236979211,1262.0926208332623,15.358055486776742,-20.03862287036988,-1.2083790569485389,stop_loss,5
2014-02-07 15:30:00,2014-02-07 15:45:00,long,1258.455,1260.7174899030103,1256.9315688106185,1260.8924899030103,10.859028786736918,24.568442986491757,1.4851277292865979,take_profit,1
2014-02-10 12:45:00,2014-02-10 13:00:00,long,1272.995,1271.4530414402373,1271.6780414402372,1275.10213369562,12.598817102542805,-19.426853874149742,-1.170848200447892,stop_loss,1
2014-02-11 09:15:00,2014-02-11 09:45:00,long,1283.2649999999999,1285.1778864734847,1281.9600709540719,1285.3528864734847,12.685184968473402,24.26531873984589,1.4658930916235786,take_profit,2
2014-02-11 12:15:00,2014-02-11 13:00:00,long,1282.5249999999999,1284.762923532409,1281.0169227922443,1284.937923532409,11.00858554882463,24.636372658254935,1.483958195840536,take_profit,3
2014-02-13 14:45:00,2014-02-13 15:15:00,long,1290.745,1292.7018922642771,1289.4125673348267,1292.876892264277,12.496743840306719,24.45478134975069,1.4686612805480002,take_profit,2
2014-02-17 07:15:00,2014-02-17 07:30:00,long,1324.155,1326.0630569526224,1322.853089404611,1326.2380569526224,12.827285777512335,24.475191811057783,1.4655821677619394,take_profit,1
2014-02-17 09:45:00,2014-02-17 10:00:00,long,1325.745,1324.0835529270319,1324.3085529270318,1328.0433153167487,11.659969909535244,-19.372422877092642,-1.1566364707994377,stop_loss,1
2014-02-17 10:15:00,2014-02-17 12:15:00,long,1323.055,1325.4702004516867,1321.436124717696,1325.6452004516866,10.322095212863507,24.929929020459902,1.4919002582145284,take_profit,8
2014-02-18 07:45:00,2014-02-18 08:00:00,long,1319.055,1317.431469006068,1317.656469006068,1321.2926495902914,11.984035200115416,-19.456452579759887,-1.1608830987487064,stop_loss,1
2014-02-18 08:45:00,2014-02-18 10:30:00,long,1317.715,1319.8436515500912,1316.2752177811929,1320.0186515500911,11.613653465195448,24.721421450911055,1.4784538399529328,take_profit,7
2014-02-19 12:45:00,2014-02-19 14:00:00,long,1319.085,1317.511081202233,1317.736081202233,1321.2432700764275,12.432605005756189,-19.567910723771323,-1.166800255413717,stop_loss,5
2014-02-19 14:15:00,2014-02-19 15:15:00,long,1317.2649999999999,1319.2591673268219,1315.909270420736,1319.4341673268218,12.34128032016122,24.61057798561661,1.4709182106248304,take_profit,4
2014-02-20 14:45:00,2014-02-20 15:00:00,long,1311.0149999999999,1309.4887543351872,1309.713754335187,1313.0969930637004,12.895843103089621,-19.682224630194998,-1.1729112388876113,stop_loss,1
2014-02-25 12:45:00,2014-02-25 13:45:00,long,1332.305,1334.40355131853,1330.8840304259188,1334.57855131853,11.781600245427423,24.724292729433575,1.4768446536842388,take_profit,4
2014-02-26 12:15:00,2014-02-26 12:45:00,long,1340.695,1339.2296331025123,1339.4546331025122,1342.6795870359804,13.536917263921882,-19.836550452580674,-1.1813979399608467,stop_loss,2
2014-02-26 13:00:00,2014-02-26 14:00:00,long,1339.2849999999999,1337.7580772325873,1337.9830772325872,1341.3680764278602,12.866409119324665,-19.6460130191412,-1.1728213113954993,stop_loss,4
2014-02-26 14:15:00,2014-02-26 14:30:00,long,1337.665,1336.1478373220962,1336.372837322096,1339.732460284646,12.933184982842434,-19.621745562394413,-1.1741266822261869,stop_loss,1
2014-02-26 14:45:00,2014-02-26 15:00:00,long,1335.5149999999999,1333.9504311603787,1334.1754311603786,1337.6583101433937,12.44619534061787,-19.47292940176914,-1.1679644922641832,stop_loss,1
2014-02-26 15:15:00,2014-02-26 15:45:00,long,1331.735,1334.0771194603753,1330.1618003372653,1334.2521194603753,10.573095065641114,24.763451709637625,1.4887617356237162,take_profit,2
2014-02-27 10:00:00,2014-02-27 10:15:00,long,1326.205,1324.7397256545776,1324.9647256545775,1328.1894389526756,13.451150188117904,-19.709625287072292,-1.1814114762837185,stop_loss,1
2014-02-27 10:30:00,2014-02-27 11:30:00,long,1325.195,1327.1924601173582,1323.8372124266511,1327.3674601173582,12.257953726239787,24.484773688587374,1.471113859461712,take_profit,4
2014-02-27 14:45:00,2014-02-27 15:30:00,long,1330.405,1332.988645979261,1328.680846262962,1333.163645979261,9.681657982673208,25.013976719514417,1.49850093049103,take_profit,3
2014-02-28 14:30:00,2014-02-28 14:45:00,long,1328.245,1330.3999470992967,1326.7887830629395,1330.5749470992967,11.497390477264258,24.776268258463325,1.4798255977209798,take_profit,1
2014-03-03 11:15:00,2014-03-03 11:45:00,long,1345.225,1343.1998442688612,1343.424844268861,1348.105249169822,9.32821921516908,-18.891096604918168,-1.124989186273105,stop_loss,2
2014-03-03 12:00:00,2014-03-03 14:30:00,long,1343.7749999999999,1346.4785260299193,1341.9759212313002,1346.6535260299192,9.31280240742631,25.177403719973366,1.502727994435411,take_profit,10
2014-03-04 08:15:00,2014-03-04 08:30:00,long,1343.465,1341.5970863373552,1341.8220863373551,1346.0936618602314,10.22866890563405,-19.106270399502815,-1.1369518101381546,stop_loss,1
2014-03-04 12:00:00,2014-03-04 12:45:00,long,1338.645,1336.478653085074,1336.703653085074,1341.7511550638817,8.63658485045977,-18.709838946289743,-1.1158989144443978,stop_loss,3
2014-03-04 13:00:00,2014-03-04 13:45:00,long,1336.995,1334.876372885329,1335.1013728853288,1340.0248033834735,8.834467751033701,-18.716942921026277,-1.1188195913845442,stop_loss,3
2014-03-04 14:00:00,2014-03-04 15:00:00,long,1334.085,1331.998635619999,1332.223635619999,1337.0631830080017,8.96748319165363,-18.709437509323696,-1.1208790725864104,stop_loss,4
2014-03-04 15:30:00,2014-03-04 17:00:00,long,1332.725,1335.6189468443565,1330.8069082222771,1335.7939468443565,8.682762269048588,25.127452468811764,1.5087634898223548,take_profit,6
2014-03-05 09:00:00,2014-03-05 09:30:00,long,1334.895,1333.4807362370175,1333.7057362370174,1336.797822020772,14.046160608835391,-19.864975958108108,-1.1891926812228975,stop_loss,2
2014-03-06 09:45:00,2014-03-06 10:00:00,long,1332.945,1331.5446047124328,1331.7696047124327,1334.8256324601075,14.178089741790345,-19.854930061106746,-1.191424963482377,stop_loss,1
2014-03-06 14:15:00,2014-03-06 15:00:00,long,1333.825,1335.683031933018,1332.5543550418638,1335.8580319330179,13.08402469362363,24.310535693146868,1.4622746669873676,take_profit,3
2014-03-07 09:15:00,2014-03-07 10:30:00,long,1349.0149999999999,1347.6960773989033,1347.9210773989032,1350.7652761617546,15.242185382908916,-20.103262791622406,-1.2056818277402304,stop_loss,5
2014-03-07 10:45:00,2014-03-07 11:00:00,long,1348.165,1346.7452297716252,1346.970229771625,1350.0766323653997,13.921977765976935,-19.766009552229587,-1.1883207286692739,stop_loss,1
2014-03-10 08:15:00,2014-03-10 08:30:00,long,1331.365,1329.559663298787,1329.7846632987869,1333.893538721941,10.500314599441602,-18.956603320654988,-1.1423747229480847,stop_loss,1
2014-03-10 15:30:00,2014-03-10 16:00:00,long,1337.135,1339.593309542371,1335.4891815360181,1339.7683095423708,10.05950515896185,24.729377523805194,1.4936699254322992,take_profit,2
2014-03-11 09:00:00,2014-03-11 09:30:00,long,1341.335,1343.0619821688142,1340.1462611444913,1343.2369821688142,13.969071514097331,24.124337419736115,1.4527851603496857,take_profit,2
2014-03-12 10:15:00,2014-03-12 10:30:00,long,1356.655,1354.691201477368,1354.9162014773678,1359.4370776362114,9.57777830051147,-18.808826876641564,-1.1293996958654606,stop_loss,1
2014-03-13 08:00:00,2014-03-13 08:15:00,long,1371.135,1369.3716186627187,1369.5966186627186,1373.5964101396503,10.801098988003753,-19.046456377573932,-1.1462576245220992,stop_loss,1
2014-03-13 13:15:00,2014-03-13 13:45:00,long,1369.405,1367.5299148029833,1367.7549148029832,1372.045136315227,10.046824383668689,-18.838651678843465,-1.1363565956513586,stop_loss,2
2014-03-13 14:00:00,2014-03-13 14:30:00,long,1367.605,1365.672023623234,1365.897023623234,1370.3377622028256,9.684231652243053,-18.719391010915043,-1.131734843093048,stop_loss,2
2014-03-14 12:15:00,2014-03-14 13:15:00,long,1369.615,1371.6545950802752,1368.230878074828,1371.829595080275,11.923082646848007,24.318260708225193,1.4735660516480762,take_profit,4
2014-03-17 09:45:00,2014-03-17 10:45:00,long,1381.325,1379.528576814421,1379.753576814421,1383.8392770969265,10.532895772730045,-18.92153817741916,-1.1431823089189022,stop_loss,4
2014-03-17 11:15:00,2014-03-17 13:30:00,long,1378.915,1376.8471457318271,1377.072145731827,1381.8635668290767,8.960987223679663,-18.530015677528127,-1.122093213709722,stop_loss,9
2014-03-17 13:45:00,2014-03-17 14:00:00,long,1377.225,1375.3217648223547,1375.5467648223546,1379.9101762842324,9.817893070245352,-18.685759461650274,-1.1340694099355013,stop_loss,1
2014-03-17 15:45:00,2014-03-17 16:30:00,long,1376.385,1379.288019975525,1374.461237515297,1379.463019975525,8.545421866078362,24.80753037651371,1.5090324292154615,take_profit,3
2014-03-18 13:30:00,2014-03-18 13:45:00,long,1360.325,1358.5611250070115,1358.7861250070114,1362.787199988782,10.714955495281819,-18.899842049113126,-1.1462107065388942,stop_loss,1
2014-03-18 14:00:00,2014-03-18 14:15:00,long,1358.7749999999999,1356.790408807066,1357.0154088070658,1361.5903459086944,9.349431529687077,-18.55479947275621,-1.1278706104596534,stop_loss,1
2014-03-18 14:30:00,2014-03-18 14:45:00,long,1353.215,1350.945097389766,1351.170097389766,1356.4868441763742,8.026821276223941,-18.22010256678161,-1.1100296898609587,stop_loss,1
2014-03-18 15:00:00,2014-03-18 16:00:00,long,1351.665,1354.8524370704454,1349.5634768309717,1355.0274370704453,7.793217707931005,24.84039102031091,1.5167270660733485,take_profit,4
2014-03-19 09:15:00,2014-03-19 10:00:00,long,1351.835,1354.0299107529486,1350.3538057794071,1354.2049107529485,11.090583617024533,24.342841237482112,1.4818520909904433,take_profit,3
2014-03-19 11:00:00,2014-03-19 11:15:00,long,1347.885,1345.748502565941,1345.9735025659409,1350.9433958944944,8.61941729318812,-18.415362929980514,-1.1177087638156615,stop_loss,1
2014-03-19 12:15:00,2014-03-19 14:45:00,long,1345.5149999999999,1343.483263806033,1343.7082638060328,1348.405777910347,9.098817728922983,-18.486397302160857,-1.1245339528544451,stop_loss,10
2014-03-19 15:00:00,2014-03-19 16:00:00,long,1343.655,1341.509911801232,1341.7349118012319,1346.7271411180288,8.54241515002962,-18.32423392730558,-1.1171821170216378,stop_loss,4
2014-03-20 09:45:00,2014-03-20 10:15:00,short,1333.035,1330.4414229419665,1334.765360661271,1330.2664229419665,9.457879167615415,24.52973842678115,1.4988650147239895,take_profit,2
2014-03-21 10:30:00,2014-03-21 10:45:00,short,1337.015,1339.2010722933558,1338.9760722933559,1333.877284330631,8.370217448465525,-18.297900453452627,-1.114733149186914,stop_loss,1
2014-03-21 11:00:00,2014-03-21 11:45:00,short,1339.515,1336.3637859789624,1341.5938837631486,1336.1887859789624,7.878269106223156,24.826112069038803,1.515820209334444,take_profit,3
2014-03-21 12:45:00,2014-03-21 13:00:00,short,1338.555,1340.712215519588,1340.487215519588,1335.4634551686593,8.501980128118754,-18.340603479605765,-1.1164466374061033,stop_loss,1
2014-03-21 13:15:00,2014-03-21 14:15:00,short,1340.585,1337.5279638954255,1342.6050225653591,1337.3529638954255,8.114254278593501,24.805568291358735,1.5133673044048719,take_profit,4
2014-03-24 13:45:00,2014-03-24 14:15:00,short,1325.015,1322.5342463488869,1326.674846031946,1322.359246348887,9.90488729917346,24.571585331289505,1.4945685342905581,take_profit,2
2014-03-25 11:00:00,2014-03-25 13:30:00,short,1315.865,1313.592512078053,1317.3946799512169,1313.417512078053,10.779856948473727,24.49709471572303,1.4855969839568444,take_profit,10
2014-03-25 16:00:00,2014-03-25 17:15:00,short,1314.845,1311.603700678097,1316.9801870761894,1311.4287006780971,7.745796808593339,25.106445943291572,1.5180399685106913,take_profit,5
2014-03-26 10:00:00,2014-03-26 10:15:00,short,1315.945,1314.2624346903945,1317.1059783185033,1314.0874346903945,14.288757910457235,24.04176837748622,1.4492650575719084,take_profit,1
2014-03-26 12:30:00,2014-03-26 13:15:00,short,1314.595,1315.90086000563,1315.67586000563,1312.865623990992,15.392392708102143,-20.100310028460488,-1.2081675691837237,stop_loss,3
2014-03-28 09:00:00,2014-03-28 09:45:00,short,1297.075,1298.3699663517207,1298.1449663517208,1295.3630538372468,15.511535500523856,-20.086916536698443,-1.210286986724455,stop_loss,3
2014-03-28 12:00:00,2014-03-28 13:15:00,short,1296.565,1294.878431166685,1297.728480520822,1294.703431166685,14.23027452519226,24.00033750370639,1.449589230874021,take_profit,5
2014-03-31 12:45:00,2014-03-31 15:00:00,short,1295.765,1293.6424215016043,1297.2009865614975,1293.4674215016043,11.563233484372494,24.543870765859364,1.4781325642646663,take_profit,9
2014-04-01 07:30:00,2014-04-01 08:45:00,short,1285.065,1286.505336192848,1286.2803361928482,1283.120462091443,13.702986655503327,-19.73690763003472,-1.1851339582610712,stop_loss,5
2014-04-01 09:00:00,2014-04-01 09:15:00,short,1285.775,1284.0725173304354,1286.948426668478,1283.8975173304354,14.158755944108092,24.10503661744004,1.4508641360375099,take_profit,1
2014-04-01 10:30:00,2014-04-01 10:45:00,short,1285.925,1287.447336816538,1287.222336816538,1283.8492610935389,12.843597497669304,-19.552281327496956,-1.1734322167779994,stop_loss,1
2014-04-02 09:45:00,2014-04-02 12:45:00,short,1283.945,1283.995,1284.937413107163,1282.3571390285392,16.750451206140347,-0.8375225603062556,-0.05038224469131633,time_stop,12
2014-04-02 15:00:00,2014-04-02 15:15:00,short,1291.045,1289.0731623685149,1292.3867735196784,1288.898162368515,12.387852375214383,24.42683348673087,1.4695756046504105,take_profit,1
2014-04-03 08:45:00,2014-04-03 09:45:00,short,1293.185,1291.965219040258,1294.0567380998386,1291.790219040258,19.123342151507533,23.326288643038797,1.3992516329934623,take_profit,4
2014-04-03 16:00:00,2014-04-03 17:15:00,short,1284.755,1286.6858420167134,1286.4608420167135,1282.0256527732586,9.799968791491604,-18.922191505091185,-1.131899670541244,stop_loss,5
2014-04-04 10:45:00,2014-04-04 11:15:00,short,1289.2250000000001,1290.2822247678741,1290.0572247678742,1287.8934403714015,20.041886264216124,-21.188778553443083,-1.270359653648218,stop_loss,2
2014-04-04 11:30:00,2014-04-04 11:45:00,short,1290.9750000000001,1292.14678491801,1291.9217849180102,1289.460144131184,17.57207605488361,-20.590693699236606,-1.2376463711238797,stop_loss,1
2014-04-04 14:45:00,2014-04-04 15:00:00,short,1293.095,1294.6128762599108,1294.3878762599109,1291.0263979841427,12.836336866944697,-19.48397099455231,-1.1740305758382692,stop_loss,1
2014-04-07 13:00:00,2014-04-07 13:15:00,short,1299.7350000000001,1301.0032424898134,1300.7782424898135,1298.0658120162987,15.870545361380218,-20.127699963810922,-1.2156737308889396,stop_loss,1
2014-04-07 13:30:00,2014-04-07 14:00:00,short,1300.7450000000001,1299.1858940344616,1301.8288162284616,1299.0108940344617,15.23927343385493,23.759642121195487,1.438533512043527,take_profit,2
2014-04-08 07:15:00,2014-04-08 08:30:00,short,1300.865,1302.0678288281356,1301.8428288281357,1299.3004738749828,16.93966332880336,-20.3755153907958,-1.230101622621307,stop_loss,5
2014-04-08 08:45:00,2014-04-08 09:00:00,short,1303.615,1304.8771130210553,1304.6521130210554,1301.9556191663114,15.932053474963743,-20.108052142900387,-1.2169483898398588,stop_loss,1
2014-04-08 09:15:00,2014-04-08 11:00:00,short,1308.195,1309.8483780640731,1309.6233780640732,1305.9095950974827,11.539748769135043,-19.07956747980353,-1.1575213213218074,stop_loss,7
2014-04-08 11:15:00,2014-04-08 11:45:00,short,1309.835,1311.5038307672658,1311.2788307672658,1307.5248707723747,11.389814682320091,-19.007673175310572,-1.1558354379897258,stop_loss,2
2014-04-08 12:15:00,2014-04-08 12:30:00,short,1311.555,1313.2280791999135,1313.0030791999136,1309.2380732801382,11.330146532329595,-18.956232495212095,-1.1553782417517933,stop_loss,1
2014-04-09 10:30:00,2014-04-09 11:45:00,long,1309.895,1308.5791085480914,1308.8041085480913,1311.640426323054,15.005193258970845,-19.745205543715617,-1.206253334927361,stop_loss,5
2014-04-09 14:15:00,2014-04-09 14:30:00,long,1305.7949999999998,1304.3447064224433,1304.5697064224432,1307.7554697240903,13.327048267015526,-19.328132509438394,-1.183629461641827,stop_loss,1
2014-04-10 14:00:00,2014-04-10 14:45:00,long,1320.825,1322.8178286939863,1319.4701070662588,1322.9928286939862,12.02374739630448,23.96126882059757,1.4708385027025666,take_profit,3
2014-04-11 10:00:00,2014-04-11 11:30:00,long,1316.065,1314.7599338172881,1314.984933817288,1317.7931058923393,15.127603459407569,-19.742523700348755,-1.2083205673886948,stop_loss,6
2014-04-11 11:45:00,2014-04-11 12:00:00,long,1314.485,1316.1676995840992,1313.323937759938,1316.3426995840991,14.03828951815127,23.622223933658454,1.4492759526909749,take_profit,1
2014-04-11 16:00:00,2014-04-11 16:45:00,long,1317.7549999999999,1320.4377610626368,1315.9688993358518,1320.6127610626368,9.152100243043641,24.552898173387444,1.502021199861392,take_profit,3
2014-04-14 11:45:00,2014-04-14 12:00:00,long,1325.0049999999999,1323.5645908237914,1323.7895908237913,1326.9496546819337,13.489842301456266,-19.430892636623255,-1.1851228412655108,stop_loss,1
2014-04-14 12:15:00,2014-04-14 13:00:00,long,1323.965,1322.4662033123507,1322.6912033123506,1326.0030747002388,12.840994557544677,-19.246040108969964,-1.1766372939900824,stop_loss,3
2014-04-14 14:15:00,2014-04-14 14:30:00,long,1322.675,1321.2157292256315,1321.4407292256315,1324.6498332389895,13.22102458567469,-19.29305478508124,-1.1822938731697898,stop_loss,1
2014-04-15 08:00:00,2014-04-15 09:15:00,long,1319.925,1318.6179875529137,1318.8429875529137,1321.6562199153382,15.045795626080292,-19.665042159602173,-1.2079458518298944,stop_loss,5
2014-04-15 09:30:00,2014-04-15 09:45:00,long,1315.345,1313.742243459928,1313.9672434599279,1317.5494104641155,11.787574645492809,-18.89261235465108,-1.1633089689330218,stop_loss,1
2014-04-16 08:15:00,2014-04-16 08:45:00,short,1300.315,1298.1920377770934,1301.7512263893166,1298.0170377770935,11.281384992805773,23.949954161792192,1.4781529142608927,take_profit,2
2014-04-16 10:15:00,2014-04-16 11:00:00,short,1301.445,1303.7071677047566,1303.4821677047566,1298.1855316723893,7.977017653031795,-18.04535171496198,-1.1104474606948374,stop_loss,3
2014-04-16 13:45:00,2014-04-16 15:00:00,short,1302.675,1299.6904176614112,1304.649738961618,1299.5154176614112,8.210924256194192,24.506179518527397,1.511380692131292,take_profit,5
2014-04-17 14:30:00,2014-04-17 14:45:00,short,1301.165,1302.6987541257236,1302.4737541257236,1299.070993398842,12.426661417128102,-19.05944321749038,-1.1719192288127418,stop_loss,1
2014-04-17 15:00:00,2014-04-17 15:30:00,short,1303.015,1300.95808614492,1304.409946159425,1300.78308614492,11.631506637425305,23.925007157977547,1.4745471294233254,take_profit,2
2014-04-21 07:15:00,2014-04-21 10:15:00,short,1286.555,1287.735,1288.9966249839824,1282.6484000256282,6.664895564746644,-7.864576766399948,-0.4832847008614813,time_stop,12
2014-04-21 10:30:00,2014-04-21 11:30:00,short,1287.435,1289.466829094304,1289.2418290943042,1284.544073449113,8.997777611748097,-18.281946335628362,-1.1245275497882934,stop_loss,4
2014-04-21 15:45:00,2014-04-21 16:00:00,short,1287.515,1289.5907161351554,1289.3657161351555,1284.5538541837516,8.764651786511143,-18.192929132278813,-1.1215745600991471,stop_loss,1
2014-04-22 09:00:00,2014-04-22 09:15:00,short,1289.325,1290.6296692518174,1290.4046692518175,1287.597529197092,14.990235754890719,-19.55729966689909,-1.208397154611153,stop_loss,1
2014-04-22 09:30:00,2014-04-22 10:00:00,short,1290.295,1291.8080821610058,1291.583082161006,1288.2340685423906,12.534434923086515,-18.965629880409573,-1.1746782983347988,stop_loss,2
2014-04-22 12:15:00,2014-04-22 15:15:00,short,1291.065,1292.5622304692356,1292.3372304692357,1289.0294312492229,12.660796257012194,-18.95612992078202,-1.1768547487587608,stop_loss,12
2014-04-23 13:15:00,2014-04-23 13:30:00,short,1285.4750000000001,1286.8996834899976,1286.6746834899977,1283.555506416004,13.394815080055873,-19.083371896125218,-1.1875494677353273,stop_loss,1
2014-04-23 13:45:00,2014-04-23 14:00:00,short,1286.275,1287.6831964786204,1287.4581964786205,1284.3818856342073,13.549205097376612,-19.079942906230123,-1.1901628377581528,stop_loss,1
2014-04-23 15:00:00,2014-04-23 15:30:00,short,1288.075,1286.2677872906038,1289.3138829433726,1286.0927872906038,12.909380954080556,23.329997330652315,1.458743716719946,take_profit,2
2014-04-25 11:00:00,2014-04-25 12:00:00,short,1293.845,1292.16364437938,1295.0052222628876,1291.98864437938,13.824826829516168,23.244450293905523,1.4491668315650224,take_profit,4
2014-04-25 13:00:00,2014-04-25 13:30:00,short,1295.115,1296.575845123136,1296.3508451231362,1293.137647802982,13.016486020461961,-19.015070123361024,-1.1820616481690922,stop_loss,2
2014-04-25 13:45:00,2014-04-25 14:00:00,short,1296.915,1298.3907841601786,1298.1657841601786,1294.913745343714,12.830615496616897,-18.935219115249186,-1.1798871517270946,stop_loss,1
2014-04-25 14:15:00,2014-04-25 15:15:00,short,1300.385,1302.1261353217867,1301.9011353217868,1297.9591834851412,10.560046956370822,-18.386470755463527,-1.1484036396795643,stop_loss,4
2014-04-28 13:45:00,2014-04-28 14:00:00,long,1300.7649999999999,1299.5760919168201,1299.80109191682,1302.3072529330877,16.571795099045765,-19.70234114605391,-1.2334247465356423,stop_loss,1
2014-04-28 14:15:00,2014-04-28 14:45:00,long,1299.815,1301.2335548249584,1298.819028234401,1301.4085548249584,15.998729197804066,22.695074496747658,1.424292207826963,take_profit,2
2014-04-29 09:45:00,2014-04-29 10:00:00,long,1293.865,1292.6886236769008,1292.9136236769007,1295.387202116959,16.796374187044986,-19.758856907555103,-1.2364994740114164,stop_loss,1
2014-04-29 10:45:00,2014-04-29 11:45:00,long,1289.865,1288.3551942116817,1288.5801942116816,1291.9206892613095,12.406664996831424,-18.73165462594234,-1.1751237440285784,stop_loss,4
2014-04-29 12:00:00,2014-04-29 12:30:00,long,1287.845,1290.0481838090145,1286.358635119366,1290.2231838090145,10.699049674546279,23.57197301480211,1.4822630955022928,take_profit,2
2014-04-29 13:15:00,2014-04-29 15:30:00,short,1290.4750000000001,1292.0878816594745,1291.8628816594746,1288.2543893448408,11.492215874135422,-18.535584210113544,-1.1621175685001155,stop_loss,9
2014-04-30 12:15:00,2014-04-30 14:00:00,short,1292.2350000000001,1290.4939299131834,1293.4325438042606,1290.3189299131834,13.287834994762934,23.135052027938713,1.453867558433014,take_profit,7
2014-05-01 13:30:00,2014-05-01 14:30:00,short,1285.255,1282.8366243145995,1286.8758598033753,1282.6616243145995,9.846030200044124,23.811400033507045,1.4920326115588343,take_profit,4
2014-05-02 11:15:00,2014-05-02 13:00:00,short,1284.2350000000001,1285.4256032446112,1285.2006032446113,1282.6900348086222,16.57684712998435,-19.736447978381754,-1.2330149585304104,stop_loss,7
2014-05-02 13:15:00,2014-05-02 13:30:00,short,1285.4850000000001,1286.708745257877,1286.483745257877,1283.887007587397,15.987244347095212,-19.56431445627499,-1.2252826716576508,stop_loss,1
2014-05-02 13:45:00,2014-05-02 14:00:00,short,1285.665,1286.8945813703122,1286.6695813703122,1284.0576698075004,15.855416315670015,-19.49552452029178,-1.2239738926573627,stop_loss,1
2014-05-02 14:15:00,2014-05-02 14:30:00,short,1286.665,1287.9171135284835,1287.6921135284836,1285.0216183544262,15.469628584957972,-19.369731231841023,-1.219060496975532,stop_loss,1
2014-05-05 13:45:00,2014-05-05 15:15:00,long,1311.305,1313.6823568844904,1309.7097769471936,1313.8573568844904,9.936118532062437,23.621699797311106,1.4902974730135472,take_profit,6
2014-05-06 11:15:00,2014-05-06 12:30:00,long,1310.685,1309.2797238649468,1309.5047238649468,1312.5734418160853,13.4693638761419,-18.92817560948853,-1.1906333554645405,stop_loss,5
2014-05-06 12:45:00,2014-05-06 13:00:00,long,1308.5049999999999,1307.0748629263264,1307.2998629263263,1310.4332193178777,13.160090028426994,-18.820732642533727,-1.1867007537275873,stop_loss,1
2014-05-06 13:15:00,2014-05-06 13:45:00,long,1307.125,1308.9147197179661,1305.8970501762713,1309.089719717966,12.884949055010269,23.06044738874101,1.4574860335347704,take_profit,2
2014-05-07 09:30:00,2014-05-07 10:15:00,long,1310.065,1311.2648823123527,1309.2056985547797,1311.4398823123527,18.466385578534823,22.15748942876811,1.396346205428488,take_profit,3
2014-05-07 12:30:00,2014-05-07 14:30:00,long,1310.995,1309.5318559159248,1309.7568559159247,1312.97603053452,12.851902294048607,-18.804184810648568,-1.1817235997763271,stop_loss,8
2014-05-07 14:45:00,2014-05-07 15:00:00,long,1309.905,1308.670894987645,1308.8958949876449,1311.5195680197683,15.731661452971611,-19.414522251784685,-1.2229698566998375,stop_loss,1
2014-05-07 15:15:00,2014-05-07 15:30:00,long,1304.7849999999999,1303.1766390454693,1303.4016390454692,1306.998377527249,11.447532423478656,-18.41176417564559,-1.1626473548085998,stop_loss,1
2014-05-08 12:45:00,2014-05-08 13:00:00,long,1289.605,1291.2087696653234,1288.493268959173,1291.3837696653234,14.211392208910967,22.791799726664685,1.4425878260360934,take_profit,1
2014-05-08 14:30:00,2014-05-08 14:45:00,short,1293.2350000000001,1294.6204553837313,1294.3954553837314,1291.3782713860303,13.65397556304131,-18.916973953149025,-1.1938894016558075,stop_loss,1
2014-05-09 14:15:00,2014-05-09 14:30:00,short,1291.2350000000001,1292.6319279645097,1292.4069279645098,1289.3599152567847,13.48802655304258,-18.841801477993027,-1.19199132268684,stop_loss,1
2014-05-09 14:45:00,2014-05-09 15:30:00,short,1293.365,1291.5635442775335,1294.6002848265416,1291.3885442775336,12.76572945913427,22.996896385616242,1.4583322677976749,take_profit,3
2014-05-12 07:15:00,2014-05-12 08:30:00,short,1291.365,1289.225269255583,1292.8117067152605,1289.050269255583,10.931936325827849,23.39140025238249,1.4790356067654902,take_profit,5
2014-05-12 12:00:00,2014-05-12 12:30:00,short,1290.845,1292.4349460814426,1292.2099460814427,1288.6610862696919,11.621036691144896,-18.476821749386232,-1.1648416762089953,stop_loss,2
2014-05-12 12:45:00,2014-05-12 13:00:00,short,1294.375,1296.0734717714756,1295.8484717714757,1292.017445165639,10.74003259290925,-18.241642183784517,-1.1527005839918918,stop_loss,1
2014-05-12 15:00:00,2014-05-12 15:15:00,short,1296.265,1297.9615534861928,1297.7365534861929,1293.9105144220916,10.72924070661008,-18.202730724999636,-1.1528996411690304,stop_loss,1
2014-05-13 11:45:00,2014-05-13 12:45:00,short,1292.895,1294.3908559247848,1294.1658559247849,1290.861630520344,12.394989705249023,-18.54111878824325,-1.1770460330017307,stop_loss,4
2014-05-14 10:45:00,2014-05-14 11:45:00,short,1300.425,1301.9866454498806,1301.7616454498807,1298.286367280191,11.75716706953896,-18.360526457632055,-1.168331848973103,stop_loss,4
2014-05-14 13:45:00,2014-05-14 14:00:00,short,1302.175,1303.6496858007572,1303.4246858007573,1300.175502718788,12.54590778303647,-18.50127206525366,-1.1800452560664085,stop_loss,1
2014-05-15 09:15:00,2014-05-15 10:30:00,long,1301.705,1302.8813394964277,1300.8604128147326,1303.0563394964277,18.519627745702504,21.785369576409483,1.3927981822924251,take_profit,5
2014-05-15 15:15:00,2014-05-15 15:30:00,long,1303.5249999999999,1302.0706420028473,1302.2956420028472,1305.491972795444,12.758700919847946,-18.555718716058532,-1.1830223584350843,stop_loss,1
2014-05-16 10:15:00,2014-05-16 12:45:00,long,1292.825,1294.3790013354096,1291.7443741653692,1294.5540013354096,14.48040484522325,22.502568466748084,1.4380568052404963,take_profit,10
2014-05-16 14:30:00,2014-05-16 15:00:00,long,1293.435,1294.931437283325,1292.390351697922,1295.106437283325,15.022189455895075,22.479764378974917,1.4324795056368596,take_profit,2
2014-05-16 15:45:00,2014-05-16 16:00:00,long,1288.2549999999999,1290.5653907360727,1286.7016307899544,1290.7403907360726,10.131438254072403,23.407581085302507,1.4873416578181862,take_profit,1
2014-05-19 10:30:00,2014-05-19 10:45:00,short,1297.015,1298.1134354440703,1297.8884354440704,1295.6175032894876,18.07194739655333,-19.850867563746696,-1.2576034686105513,stop_loss,1
2014-05-19 11:00:00,2014-05-19 14:00:00,short,1300.675,1302.010819336979,1301.785819336979,1298.8976890608335,14.174201996892235,-18.93417311369581,-1.2025531898029362,stop_loss,12
2014-05-19 14:15:00,2014-05-19 15:00:00,short,1302.105,1300.419081691347,1303.2680739429081,1300.244081691347,13.504824361291593,22.768030645845528,1.4495366515027028,take_profit,3
2014-05-20 13:00:00,2014-05-20 14:00:00,short,1292.565,1290.917987241474,1293.7037579740788,1290.742987241474,13.833181183389007,22.78342590004333,1.446323798398324,take_profit,4
2014-05-21 11:15:00,2014-05-21 12:15:00,short,1294.295,1293.264235677384,1295.048602701635,1293.089235677384,20.96358226554522,21.608512673550575,1.3677821488429367,take_profit,4
2014-05-22 08:45:00,2014-05-22 09:00:00,short,1293.275,1294.298014962992,1294.0730149629921,1291.9981760592127,19.851042889236563,-20.307913906684256,-1.2819496004890685,stop_loss,1
2014-05-22 09:15:00,2014-05-22 09:45:00,short,1293.515,1294.5805843303351,1294.3555843303352,1292.170065071464,18.797416105169795,-20.03023205245596,-1.2676709425575554,stop_loss,2
2014-05-22 10:00:00,2014-05-22 10:30:00,short,1294.325,1295.396612162444,1295.171612162444,1292.97042054009,18.616260979752067,-19.949411685132077,-1.2657651401444339,stop_loss,2
2014-05-22 10:45:00,2014-05-22 11:00:00,short,1294.825,1293.571943486362,1295.717535321024,1293.396943486362,17.613705330211054,22.070968193322333,1.403929328198076,take_profit,1
2014-05-22 13:30:00,2014-05-22 14:00:00,short,1296.125,1297.335868429779,1297.1108684297792,1294.5476105123535,15.990973644664434,-19.36296514775398,-1.228225180159487,stop_loss,2
2014-05-22 14:30:00,2014-05-22 15:15:00,short,1298.095,1299.3473872402883,1299.1223872402884,1296.4511804155384,15.307052229884075,-19.17035689913295,-1.219002135880875,stop_loss,3
2014-05-22 15:30:00,2014-05-22 16:00:00,short,1301.315,1299.2507419004633,1302.7145363122106,1299.0757419004633,11.209376489012415,23.139046208201265,1.4749585855877654,take_profit,2
2014-05-26 13:30:00,2014-05-26 15:45:00,short,1293.085,1292.1644030838268,1293.7697480726083,1291.9894030838268,22.978096843844234,21.153565093974002,1.3444315551946535,take_profit,9
2014-05-28 12:30:00,2014-05-28 14:15:00,short,1265.615,1267.0036072352748,1266.7786072352749,1263.7532284235604,13.558281676110226,-18.827128033340077,-1.1933642153288602,stop_loss,7
2014-05-28 14:30:00,2014-05-28 14:45:00,short,1266.445,1264.8160503616023,1267.5724685239984,1264.6410503616023,13.959467661530336,22.739269799473824,1.4447850239053746,take_profit,1
2014-05-30 15:00:00,2014-05-30 15:15:00,short,1254.165,1252.5465953973376,1255.285877876664,1252.3715953973376,14.082121940639942,22.790570963984774,1.4438723757123975,take_profit,1
2014-06-02 10:15:00,2014-06-02 13:15:00,short,1244.9850000000001,1245.605,1246.2212672527808,1243.006972395551,12.80461004371975,-7.938858227104848,-0.5015096845810445,time_stop,12
2014-06-02 13:30:00,2014-06-02 13:45:00,short,1245.2050000000002,1246.4413410781847,1246.2163410781848,1243.5868542749047,15.63670526822582,-19.332301050571925,-1.2224768723958,stop_loss,1
2014-06-02 14:00:00,2014-06-02 15:30:00,short,1247.165,1245.683700879892,1248.2001869500673,1245.508700879892,15.2391582622785,22.573751725098262,1.4309484098611982,take_profit,6
2014-06-03 08:45:00,2014-06-03 09:00:00,short,1244.605,1245.6625270828563,1245.4375270828564,1243.2729566674298,19.003015748499323,-20.096203809982207,-1.2702614781346753,stop_loss,1
2014-06-03 09:15:00,2014-06-03 09:45:00,short,1245.7050000000002,1246.8552912091977,1246.6302912091978,1244.224534065284,17.054450212095905,-19.61758415667165,-1.2431666893226077,stop_loss,2
2014-06-03 10:00:00,2014-06-03 10:15:00,short,1246.4650000000001,1245.083507413057,1247.4378078668394,1244.9085074130571,16.181096213564008,22.354064467651224,1.420108362642707,take_profit,1
2014-06-04 14:45:00,2014-06-04 15:15:00,short,1245.435,1246.3921284766232,1246.1671284766232,1244.2635944374028,21.561524136283207,-20.637148750235344,-1.3073231095143933,stop_loss,2
2014-06-04 15:30:00,2014-06-04 15:45:00,short,1248.625,1247.3081771060401,1249.5573893087249,1247.1331771060402,16.8862205676785,22.236161835974777,1.4123101601848678,take_profit,1
2014-06-05 12:45:00,2014-06-05 13:15:00,short,1243.785,1244.752124288509,1244.5271242885092,1242.5976011383857,21.275417191188435,-20.575972713760525,-1.3031837166412175,stop_loss,2
2014-06-05 13:30:00,2014-06-05 13:45:00,short,1244.375,1245.3477394540284,1245.1227394540285,1243.1786168735543,21.060613848144776,-20.4864900161482,-1.3009069519973775,stop_loss,1
2014-06-05 14:30:00,2014-06-05 14:45:00,short,1245.885,1244.6516298814447,1246.765231324097,1244.4766298814448,17.844035414667257,22.008300074892865,1.4011886248431833,take_profit,1
2014-06-06 08:15:00,2014-06-06 08:30:00,short,1255.185,1256.0549799087923,1255.8299799087924,1254.1530321459318,24.420753740877387,-21.245565112130222,-1.3488480756263332,stop_loss,1
2014-06-06 15:30:00,2014-06-06 15:45:00,short,1255.695,1257.009679672621,1256.784679672621,1253.9515125238063,14.415616611831053,-18.951918127871448,-1.2064826991391935,stop_loss,1
2014-06-10 14:15:00,2014-06-10 14:30:00,short,1253.855,1254.8184570114402,1254.5934570114403,1252.6734687816954,21.220599589666616,-20.445135461628087,-1.3046893678497082,stop_loss,1
2014-06-10 14:45:00,2014-06-10 15:15:00,short,1254.885,1255.870047117007,1255.6450471170072,1253.6689246127885,20.56400180106795,-20.25651068827019,-1.2960342786193202,stop_loss,2
2014-06-11 13:45:00,2014-06-11 14:15:00,long,1261.855,1263.1559489192412,1260.9325319254742,1263.330948919241,16.899335263899477,21.98517194746365,1.4102915376338665,take_profit,2
2014-06-13 13:00:00,2014-06-13 13:15:00,long,1272.365,1273.8723825828913,1271.313510885693,1274.0473825828913,14.867550593571746,22.4110868150052,1.4335693659412476,take_profit,1
2014-06-13 14:30:00,2014-06-13 15:30:00,long,1272.665,1274.2936214248186,1271.5377366094883,1274.4686214248186,13.907920643164212,22.650737534135164,1.444756778697013,take_profit,4
2014-06-16 11:45:00,2014-06-16 13:00:00,long,1280.735,1279.446013255203,1279.671013255203,1282.437378791675,14.77761948740204,-19.048155638912554,-1.2114687998701092,stop_loss,5
2014-06-17 07:45:00,2014-06-17 08:00:00,long,1266.595,1265.2422619284118,1265.4672619284117,1268.3993809145413,13.908455640661359,-18.814497462118155,-1.1995144135579494,stop_loss,1
2014-06-17 14:30:00,2014-06-17 15:30:00,long,1264.345,1263.036093756,1263.2610937559998,1266.0792499904005,14.436180282806111,-18.89560651167644,-1.2075825296194749,stop_loss,4
2014-06-17 15:45:00,2014-06-17 16:00:00,long,1262.0349999999999,1264.2226461327232,1260.5583461670478,1264.3976461327231,10.570977697472427,23.12555847898013,1.4814888120054102,take_profit,1
2014-06-18 11:00:00,2014-06-18 11:45:00,long,1267.185,1268.4807315421176,1266.2657927861765,1268.6557315421176,17.031987582929712,22.06888353615843,1.409618552413238,take_profit,3
2014-06-20 09:30:00,2014-06-20 09:45:00,long,1312.645,1310.8747516602728,1311.0997516602727,1315.1173973435637,10.160220344791806,-17.986113196630537,-1.1456076633220087,stop_loss,1
2014-06-20 10:00:00,2014-06-20 10:30:00,long,1311.745,1309.9866991356432,1310.2116991356431,1314.1982813829707,10.215928104384997,-17.962675216145737,-1.1467422377631669,stop_loss,2
2014-06-20 10:45:00,2014-06-20 11:00:00,long,1309.2549999999999,1307.4106151607173,1307.6356151607172,1311.8460157428522,9.650680717222327,-17.799569203601898,-1.1389416490397501,stop_loss,1
2014-06-20 11:15:00,2014-06-20 11:30:00,long,1308.335,1306.5507855212309,1306.7757855212308,1310.829743166031,10.000270723581433,-17.84262781662546,-1.1443034316725358,stop_loss,1
2014-06-20 14:15:00,2014-06-20 15:00:00,long,1309.575,1311.9037701918705,1308.010143630081,1312.0787701918705,9.941411842796052,23.15126356461172,1.488168650258346,take_profit,3
2014-06-23 12:45:00,2014-06-23 13:00:00,long,1313.465,1312.1992336641224,1312.4242336641223,1315.1302261374042,14.992014669805238,-18.976387476021333,-1.216186854093606,stop_loss,1
2014-06-23 13:15:00,2014-06-23 13:30:00,long,1311.855,1310.5436759654933,1310.7686759654932,1313.5931184552107,14.328350387121272,-18.78911023746546,-1.207120520998197,stop_loss,1
2014-06-23 13:45:00,2014-06-23 14:00:00,long,1311.0149999999999,1309.7361797865733,1309.9611797865732,1312.7011123414827,14.73463213369096,-18.842945409968674,-1.2135089051559245,stop_loss,1
2014-06-25 10:45:00,2014-06-25 11:00:00,long,1312.085,1313.8087356285293,1310.898290232169,1313.9837356285293,13.052869125179427,22.499695565602007,1.4525334460505133,take_profit,1
2014-06-26 10:00:00,2014-06-26 10:15:00,long,1315.685,1314.6091625492015,1314.8341625492014,1317.0463399212774,18.25844250934335,-19.643116244801405,-1.2644453412208727,stop_loss,1
2014-06-26 10:30:00,2014-06-26 10:45:00,long,1312.615,1311.309686075587,1311.534686075587,1314.3435022790607,14.34368297726965,-18.723009117595577,-1.2082727945232672,stop_loss,1
2014-06-26 12:15:00,2014-06-26 12:30:00,long,1309.565,1311.3564263947264,1308.3359835032961,1311.5314263947264,12.577727370570724,22.5320727973129,1.4576097225145173,take_profit,1
2014-06-26 15:00:00,2014-06-26 15:15:00,long,1307.2549999999999,1309.3350377846007,1305.8456013846244,1309.5100377846006,10.999938843376992,22.88028842252206,1.4758335661104816,take_profit,1
2014-06-27 09:00:00,2014-06-27 09:30:00,long,1319.325,1320.8136345880182,1318.2852283824889,1320.9886345880182,14.954302358372011,22.261491730354088,1.4316938094361422,take_profit,2
2014-06-27 10:30:00,2014-06-27 11:30:00,long,1317.225,1315.5988002167267,1315.8238002167266,1319.466919653237,11.128735760255578,-18.097547681432893,-1.1605766734236047,stop_loss,4
2014-06-27 12:45:00,2014-06-27 13:45:00,long,1313.995,1316.14990879821,1312.5388070011186,1316.32490879821,10.683602415315288,23.022188841341,1.4798236221884833,take_profit,4
2014-06-30 10:30:00,2014-06-30 11:15:00,long,1313.605,1315.058489966861,1312.5871937707118,1315.233489966861,15.33045384150187,22.282660846049723,1.4280615750185846,take_profit,3
2014-07-01 07:45:00,2014-07-01 09:30:00,long,1326.905,1325.516781012048,1325.741781012048,1328.766150380723,13.4523223068593,-18.674769258430437,-1.193428754456683,stop_loss,7
2014-07-01 10:15:00,2014-07-01 12:00:00,long,1324.645,1326.3818479366512,1323.4500950395932,1326.5568479366511,13.064342117683445,22.690775650803886,1.453544837624489,take_profit,7
2014-07-02 15:30:00,2014-07-02 15:45:00,long,1322.475,1324.643537446243,1321.010289096098,1324.818537446243,10.688818326173257,23.17910279639658,1.480522497966115,take_profit,1
2014-07-03 07:15:00,2014-07-03 08:30:00,long,1322.435,1323.6331719300017,1321.576767543749,1323.8081719300017,18.296193348778697,21.92198529639159,1.3960925402841213,take_profit,5
2014-07-03 09:45:00,2014-07-03 10:00:00,long,1321.185,1322.6155010902587,1320.1815618185883,1322.7905010902587,15.692278029730554,22.447820830173118,1.425599620144339,take_profit,1
2014-07-03 13:45:00,2014-07-03 14:00:00,long,1321.425,1320.1139238775966,1320.3389238775965,1323.1627217958453,14.539613056839212,-19.062539507806488,-1.2071677991612457,stop_loss,1
2014-07-03 14:15:00,2014-07-03 15:00:00,long,1319.0449999999998,1317.4849649760909,1317.7099649760908,1321.1810560382544,11.799691550321553,-18.407932089824648,-1.1685349043061743,stop_loss,3
2014-07-07 08:45:00,2014-07-07 09:00:00,long,1314.065,1313.0741847221616,1313.2991847221615,1315.2903044445418,20.522162565339823,-20.333672204023316,-1.2938045329089687,stop_loss,1
2014-07-07 09:15:00,2014-07-07 10:15:00,long,1312.995,1314.1669614853447,1312.1531490716595,1314.3419614853447,18.62030171222666,21.82227645222965,1.3921247169676823,take_profit,4
2014-07-07 12:30:00,2014-07-07 12:45:00,long,1313.365,1312.3682444651715,1312.5932444651714,1314.5998088557258,20.368059736444653,-20.30197627601833,-1.2915430986185124,stop_loss,1
2014-07-08 11:00:00,2014-07-08 11:15:00,long,1318.105,1319.1825062395885,1317.3221836002572,1319.3575062395885,20.028398597574814,21.580724457852455,1.3764482194579295,take_profit,1
2014-07-09 10:45:00,2014-07-09 12:00:00,long,1323.2649999999999,1321.9191030830514,1322.1441030830513,1325.0584350671177,14.026017998588898,-18.87757438136503,-1.2007321071168826,stop_loss,5
2014-07-10 09:45:00,2014-07-10 10:15:00,long,1327.915,1329.4198874316005,1326.8650703552496,1329.5948874316005,14.938110626117398,22.480174933102496,1.4333221650850194,take_profit,2
2014-07-11 11:15:00,2014-07-11 11:45:00,long,1335.165,1336.5978226500888,1334.1601108436944,1336.7728226500888,15.652398509915072,22.427111113223088,1.4258514395324269,take_profit,2
2014-07-14 08:00:00,2014-07-14 08:30:00,long,1331.195,1329.8269659787452,1330.051965978745,1333.0238544340075,13.79992149113559,-18.878762090517977,-1.196844534647273,stop_loss,2
2014-07-14 14:15:00,2014-07-14 14:30:00,long,1318.905,1317.1099799669837,1317.3349799669836,1321.417032052826,10.022816206109322,-17.991155877206378,-1.1433102732884455,stop_loss,1
2014-07-15 12:30:00,2014-07-15 13:15:00,short,1312.595,1310.6163786315265,1313.941013355296,1310.4413786315265,11.664104117024603,23.078845650045405,1.4699864311810187,take_profit,3
2014-07-15 15:00:00,2014-07-15 15:15:00,short,1311.125,1309.280806815639,1312.3869957402255,1309.105806815639,12.477219303105084,23.010402798564833,1.4613307522191012,take_profit,1
2014-07-16 15:45:00,2014-07-16 16:30:00,short,1299.385,1300.8514166331258,1300.626416633126,1297.3987333869984,12.721126811560483,-18.65447194857545,-1.181244550778533,stop_loss,3
2014-07-17 08:45:00,2014-07-17 09:00:00,short,1306.385,1307.5396524014598,1307.3146524014599,1304.897556157664,16.947097051906635,-19.5680063087558,-1.242025943940536,stop_loss,1
2014-07-21 10:00:00,2014-07-21 11:30:00,short,1313.345,1314.5668735718718,1314.341873571872,1311.750002285005,15.765061792088828,-19.262912362679387,-1.2257056525005576,stop_loss,6
2014-07-21 14:45:00,2014-07-21 15:00:00,short,1316.2450000000001,1317.5562469501526,1317.3312469501527,1314.507004879756,14.432489437630263,-18.924557758200972,-1.207135219084666,stop_loss,1
2014-07-24 12:45:00,2014-07-24 14:45:00,short,1299.835,1297.8929222738786,1301.1581735788259,1297.7179222738787,11.819612157837321,22.954605503129525,1.4677422200681745,take_profit,8
2014-07-25 13:15:00,2014-07-25 13:30:00,short,1294.275,1295.3588919957676,1295.1338919957677,1292.9007728067718,18.262258593068598,-19.79431591366411,-1.2619654171987194,stop_loss,1
2014-07-25 13:45:00,2014-07-25 14:00:00,short,1294.775,1295.8914425881874,1295.6664425881875,1293.3486918589,17.551011479282614,-19.594696681234996,-1.2523998774362077,stop_loss,1
2014-07-28 07:15:00,2014-07-28 07:30:00,short,1306.7450000000001,1308.208955859255,1307.983955859255,1304.7626706251924,12.596517937629217,-18.440746241000966,-1.1816045328162195,stop_loss,1
2014-07-28 07:45:00,2014-07-28 08:00:00,short,1307.7050000000002,1309.1468037766024,1308.9218037766025,1305.7581139574363,12.795529165786007,-18.448642274854222,-1.1849106686931699,stop_loss,1
2014-07-28 11:45:00,2014-07-28 14:45:00,short,1304.9550000000002,1305.705,1306.3721694718542,1302.6875288450335,10.960404691530785,-8.220303518645597,-0.529223931855194,time_stop,12
2014-07-29 10:15:00,2014-07-29 10:30:00,short,1306.825,1307.9365993252243,1307.7115993252244,1305.4064410796411,17.50092728419419,-19.454018959908637,-1.2537786727313158,stop_loss,1
2014-07-29 10:45:00,2014-07-29 11:00:00,short,1308.555,1309.751812683484,1309.5268126834842,1307.0000997064253,15.926322578500741,-19.060824863207934,-1.2315260994466974,stop_loss,1
2014-07-29 11:15:00,2014-07-29 11:45:00,short,1311.145,1309.4446829101319,1312.3170731811674,1309.269682910132,13.172625123921128,22.39763961662928,1.4506919168430548,take_profit,2
2014-07-30 14:30:00,2014-07-30 15:15:00,short,1299.085,1297.9527098748542,1299.902056328216,1297.7777098748543,18.951050714412155,21.458087585066153,1.385816480508806,take_profit,3
2014-07-31 10:00:00,2014-07-31 11:45:00,short,1295.2450000000001,1296.463515248136,1296.238515248136,1293.6553756029828,15.628337981581542,-19.043368133578117,-1.2264685926280998,stop_loss,7
2014-07-31 12:00:00,2014-07-31 12:15:00,short,1296.785,1295.2249995716068,1297.869375267746,1295.0499995716068,14.283713223794285,22.282598748166457,1.4386167545449595,take_profit,1
2014-08-04 09:45:00,2014-08-04 10:45:00,short,1294.285,1295.3294643551221,1295.1044643551222,1292.9738570318048,18.95563907308415,-19.79848934039508,-1.274569599755653,stop_loss,4
2014-08-04 11:00:00,2014-08-04 12:15:00,short,1294.845,1293.6513031807985,1295.700435512001,1293.4763031807986,18.112263698325243,21.62055156522923,1.3954258415217962,take_profit,5
2014-08-05 08:45:00,2014-08-05 09:30:00,short,1291.2050000000002,1292.2570845123876,1292.0320845123877,1289.88166478018,18.78540154083212,-19.763830020088054,-1.2720399144585763,stop_loss,3
2014-08-06 15:15:00,2014-08-06 15:30:00,short,1293.375,1294.944734120763,1294.7197341207632,1291.223425406779,11.524647715912051,-18.09063274944152,-1.167319320991286,stop_loss,1
2014-08-07 10:30:00,2014-08-07 10:45:00,long,1303.145,1304.7010858325852,1302.0630713546343,1304.8760858325852,14.290596532489173,22.237394803398555,1.4382518100898694,take_profit,1
2014-08-08 10:30:00,2014-08-08 11:30:00,long,1317.7649999999999,1315.9795088878284,1316.2045088878283,1320.2617857794742,9.936538834811001,-17.741601775301845,-1.144185377439798,stop_loss,4
2014-08-08 11:45:00,2014-08-08 14:15:00,long,1316.855,1315.0325814829546,1315.2575814829545,1319.4108696272729,9.684623765682046,-17.64943768119725,-1.140852254809249,stop_loss,10
2014-08-08 14:30:00,2014-08-08 15:00:00,long,1315.225,1313.5233941284143,1313.7483941284142,1317.587569394537,10.453092971912815,-17.787044377236708,-1.1523764765734619,stop_loss,2
2014-08-08 15:15:00,2014-08-08 15:30:00,long,1313.125,1311.340596537947,1311.565596537947,1315.620045539285,9.875266244136842,-17.621459274732693,-1.1442859436156951,stop_loss,1
2014-08-11 16:00:00,2014-08-11 16:15:00,long,1308.625,1307.3050825321666,1307.5300825321665,1310.3768679485336,14.032364906602776,-18.521563555237684,-1.205494940586811,stop_loss,1
2014-08-12 10:15:00,2014-08-12 10:30:00,long,1307.205,1308.3300046325858,1306.3924971046338,1308.5050046325857,18.864226098832177,21.222341751332944,1.3846161521416647,take_profit,1
2014-08-12 13:00:00,2014-08-12 13:30:00,long,1310.225,1311.8603130470365,1309.0935543456021,1312.0353130470364,13.584110688750634,22.214273441702723,1.4453306181170038,take_profit,2
2014-08-13 10:15:00,2014-08-13 10:30:00,long,1308.315,1307.2572708300677,1307.4822708300676,1309.6473666718919,18.510353799398025,-19.578941159391807,-1.2701958909619524,stop_loss,1
2014-08-13 10:45:00,2014-08-13 11:30:00,long,1307.145,1308.4378467732129,1306.227595766742,1308.6128467732128,16.759191984116075,21.66706727831974,1.4092443945039281,take_profit,3
2014-08-13 15:15:00,2014-08-13 15:30:00,long,1305.215,1306.9875144829848,1303.9978034481344,1307.1625144829848,12.667048541286178,22.452526996102357,1.4562269998779225,take_profit,1
2014-08-14 12:00:00,2014-08-14 13:30:00,long,1314.925,1313.4600574525525,1313.6850574525524,1316.9089080759159,12.470894633457512,-18.2691441532858,-1.181460020436496,stop_loss,6
2014-08-14 13:45:00,2014-08-14 14:00:00,long,1311.555,1309.784932702384,1310.0099327023838,1314.027107676186,9.984454784754647,-17.673156899021308,-1.1456247247916274,stop_loss,1
2014-08-14 14:15:00,2014-08-14 14:30:00,long,1310.865,1309.0955287076679,1309.3205287076678,1313.3361540677317,9.965422041229939,-17.63352821793021,-1.1456809207895016,stop_loss,1
2014-08-14 14:45:00,2014-08-14 15:30:00,long,1309.705,1311.9129032522787,1308.2156854673256,1312.0879032522787,10.310811360071527,22.765273935535237,1.4824962785490763,take_profit,3
2014-08-15 13:00:00,2014-08-15 13:15:00,long,1312.595,1311.4770892597026,1311.7020892597025,1314.0236571844762,17.24872493409247,-19.282534860258828,-1.25198487356634,stop_loss,1
2014-08-15 14:45:00,2014-08-15 15:00:00,long,1311.2749999999999,1310.1023583030021,1310.327358303002,1312.7912267151964,16.211830620201358,-19.0106685699129,-1.2374315109948386,stop_loss,1
2014-08-15 15:15:00,2014-08-15 15:30:00,long,1306.345,1304.8342783326907,1305.0592783326906,1308.402154667695,11.919364612793128,-18.006842381106615,-1.1749989952885824,stop_loss,1
2014-08-18 10:15:00,2014-08-18 11:45:00,long,1300.7749999999999,1301.9401738029746,1299.9373913731408,1302.1151738029746,18.253121049862404,21.268058469827142,1.3910718748732123,take_profit,6
2014-08-18 12:00:00,2014-08-18 12:30:00,short,1302.045,1303.1485149858202,1302.9235149858202,1300.6393760226877,17.451617812863272,-19.258121783299337,-1.2561140147084124,stop_loss,2
2014-08-19 12:00:00,2014-08-19 14:15:00,short,1300.615,1301.562004945294,1301.337004945294,1299.4597920875296,21.181283634578605,-20.05878034961835,-1.3116322145249255,stop_loss,9
2014-08-19 14:30:00,2014-08-19 15:00:00,short,1301.755,1300.6467679090708,1302.5570200568309,1300.4717679090709,19.018070484937112,21.076436018962237,1.3818009680562389,take_profit,2
2014-08-20 09:00:00,2014-08-20 10:30:00,short,1295.625,1294.6933337040784,1296.316666434951,1294.5183337040785,22.1132992296529,20.602215583895784,1.3469878670454172,take_profit,6
2014-08-20 14:15:00,2014-08-20 15:15:00,short,1295.355,1296.8232654725316,1296.5982654725317,1293.3657752439494,12.33544372716893,-18.111706112958455,-1.1809750250215982,stop_loss,4
2014-08-21 13:15:00,2014-08-21 13:30:00,short,1280.855,1282.4055993232312,1282.1805993232313,1278.7340410828301,11.541955094564901,-17.896947758396706,-1.1697345465230438,stop_loss,1
2014-08-21 13:45:00,2014-08-21 14:30:00,short,1282.045,1280.1435405255015,1283.3427871715617,1279.9685405255016,11.761723571544334,22.364440721545915,1.4651550856451856,take_profit,3
2014-08-22 12:00:00,2014-08-22 13:15:00,short,1280.755,1281.774094812593,1281.549094812593,1279.4844482998515,19.27848237423907,-19.646601382248985,-1.2833414806794066,stop_loss,5
2014-08-22 13:30:00,2014-08-22 13:45:00,short,1282.035,1280.8982947245033,1282.8548157971857,1280.7232947245034,18.625707991603665,21.171940533917894,1.3865374141350355,take_profit,1
2014-08-25 08:45:00,2014-08-25 10:15:00,short,1277.445,1276.119728295402,1278.3826698153737,1275.944728295402,16.329835167240837,21.641468487893317,1.4133671393375842,take_profit,6
2014-08-26 07:45:00,2014-08-26 09:15:00,short,1282.755,1283.931579782418,1283.7065797824182,1281.232472348131,16.136614866182036,-18.986014808215568,-1.236448907550509,stop_loss,6
2014-08-27 10:30:00,2014-08-27 12:00:00,short,1285.9550000000002,1284.7633163745868,1286.8091772658836,1284.5883163745868,17.932231452996664,21.369546589658572,1.3951244934865576,take_profit,6
2014-08-27 13:15:00,2014-08-27 13:45:00,short,1286.335,1285.1709261895205,1287.1719211315497,1284.9959261895206,18.35303584514446,21.364288370124566,1.3909002492554594,take_profit,2
2014-08-27 15:00:00,2014-08-27 15:15:00,short,1286.095,1287.2093359007465,1286.9843359007466,1284.6720625588055,17.31940888779932,-19.299639103382486,-1.2529977703711586,stop_loss,1
2014-08-28 09:30:00,2014-08-28 09:45:00,short,1288.195,1289.1916468551838,1288.9666468551839,1286.9603650317058,19.91088633641939,-19.844122251115,-1.2915841598891524,stop_loss,1
2014-08-28 11:00:00,2014-08-28 11:15:00,short,1288.9750000000001,1290.1304702740545,1289.9054702740546,1287.486247561513,16.469612203886523,-19.03014732679319,-1.2418132059388616,stop_loss,1
2014-08-28 11:30:00,2014-08-28 11:45:00,short,1291.355,1289.6852695811003,1292.5079565118124,1289.5102695811004,13.25845695796236,22.138048890381995,1.448216304598511,take_profit,1
2014-08-29 14:45:00,2014-08-29 15:45:00,short,1285.805,1287.054860377129,1286.829860377129,1284.1652233965938,14.958818514375512,-18.69643454978053,-1.219542100583702,stop_loss,4
2014-09-01 08:30:00,2014-09-01 09:00:00,short,1286.9750000000001,1287.9793712395035,1287.7543712395036,1285.7280060167943,19.62262236503777,-19.708397547079553,-1.2886942558250634,stop_loss,2
2014-09-01 09:30:00,2014-09-01 10:30:00,short,1287.665,1288.7083330375744,1288.4833330375745,1286.3556671398808,18.640199062552913,-19.44793550892639,-1.274949182873977,stop_loss,4
2014-09-01 10:45:00,2014-09-01 11:00:00,short,1288.7150000000001,1289.8107870948863,1289.5857870948864,1287.321740648182,17.47269216343036,-19.14635058560607,-1.2583869252555844,stop_loss,1
2014-09-02 12:45:00,2014-09-02 13:15:00,short,1277.415,1275.610053780638,1278.6524663871012,1275.435053780638,12.264334858594585,22.136464836008773,1.458582017399289,take_profit,2
2014-09-03 09:30:00,2014-09-03 09:45:00,short,1268.375,1269.4976294743044,1269.2726294743045,1266.938792841113,16.956857493043238,-19.03626801326982,-1.2506602183203095,stop_loss,1
2014-09-04 11:30:00,2014-09-04 13:00:00,short,1271.665,1272.7298234678085,1272.5048234678086,1270.321282451506,18.078683346307535,-19.25060629422764,-1.267913446842593,stop_loss,6
2014-09-04 13:30:00,2014-09-04 13:45:00,short,1272.365,1271.1790517946454,1273.2155926283467,1271.0040517946454,17.804529247047206,21.115249507719735,1.3942610902468806,take_profit,1
2014-09-05 09:00:00,2014-09-05 09:30:00,short,1264.515,1263.1635567017145,1265.4690270614287,1262.9885567017145,15.918449739775152,21.51288221991577,1.4165670481735355,take_profit,2
2014-09-05 15:45:00,2014-09-05 16:30:00,short,1268.615,1265.748108053921,1270.5161824662994,1265.573108053921,8.010623841814267,22.965592975165915,1.5079520229635868,take_profit,3
2014-09-11 09:45:00,2014-09-11 10:15:00,short,1248.7450000000001,1249.898574450036,1249.673574450036,1247.2592808799425,16.450580540457,-18.976969399728567,-1.2423069038688217,stop_loss,2
2014-09-11 10:30:00,2014-09-11 11:00:00,short,1249.405,1248.1348349465136,1250.308228158429,1247.9598349465136,16.870194642546515,21.42793168047574,1.406250504518656,take_profit,2
2014-09-11 15:00:00,2014-09-11 15:30:00,short,1242.7050000000002,1244.5005540623663,1244.2755540623664,1240.1921135002144,9.729363075644049,-17.46959739470776,-1.1432615440572098,stop_loss,2
2014-09-12 08:30:00,2014-09-12 08:45:00,short,1234.4950000000001,1235.7638430916616,1235.5388430916616,1232.8248510533417,14.605213781347476,-18.53172460870117,-1.215549637486001,stop_loss,1
2014-09-12 09:00:00,2014-09-12 09:15:00,short,1236.565,1237.8946402167899,1237.66964021679,1234.7975756531364,13.767820352293484,-18.306247637946697,-1.2036862288553658,stop_loss,1
2014-09-12 10:00:00,2014-09-12 10:30:00,short,1239.345,1237.5852803318728,1240.5541997925795,1237.4102803318729,12.547037848096878,22.07926927803268,1.4552761908545457,take_profit,2
2014-09-15 10:15:00,2014-09-15 13:15:00,short,1234.7150000000001,1235.165,1235.8296799374946,1232.9315121000093,13.650585778160316,-6.142763600169659,-0.40370332762185107,time_stop,12
2014-09-15 14:45:00,2014-09-15 15:00:00,short,1237.785,1236.3669804153492,1238.7806372404068,1236.1919804153492,15.270369525903778,21.653683052587716,1.4242331715832814,take_profit,1
2014-09-16 10:30:00,2014-09-16 10:45:00,short,1236.385,1237.4161276558339,1237.191127655834,1235.0951957506654,18.913947227245814,-19.50269406699551,-1.2791121212274257,stop_loss,1
2014-09-16 11:45:00,2014-09-16 12:30:00,short,1239.695,1238.2837242645396,1240.6864223346627,1238.1087242645397,15.339628754587753,21.64844585231913,1.4234859213055973,take_profit,3
2014-09-16 13:30:00,2014-09-16 14:00:00,short,1240.695,1238.9792602511227,1241.8767123430482,1238.8042602511227,12.906142120083214,22.143581040085547,1.4519098145758718,take_profit,2
2014-09-17 13:15:00,2014-09-17 15:00:00,short,1237.195,1235.6072347824904,1238.2967282609434,1235.4322347824905,13.883309658789715,22.043436180140183,1.441158653904238,take_profit,7
2014-09-18 09:00:00,2014-09-18 11:15:00,short,1223.765,1225.1470866395994,1224.9220866395995,1221.9136613766411,13.257193501248473,-18.32259001665772,-1.1944538916098935,stop_loss,9
2014-09-19 14:30:00,2014-09-19 15:30:00,short,1222.145,1223.797556468306,1223.5725564683062,1219.8609096507103,10.71976950726294,-17.71502443797789,-1.1576119789270916,stop_loss,4
2014-09-19 16:00:00,2014-09-19 16:30:00,short,1224.315,1221.978217390452,1225.8848641309676,1221.8032173904521,9.725457094531617,22.72627900840652,1.4885253847463908,take_profit,2
2014-09-22 15:30:00,2014-09-22 16:00:00,short,1215.7150000000001,1213.5982209804897,1217.1473618871942,1213.4232209804898,10.690803033012656,22.63006756199968,1.4778241716953089,take_profit,2
2014-09-23 11:00:00,2014-09-23 11:15:00,short,1217.385,1218.89732639884,1218.6723263988401,1215.3252777618557,11.930431129934929,-18.042705947343833,-1.1747808482779725,stop_loss,1
2014-09-24 13:00:00,2014-09-24 13:30:00,short,1224.335,1222.3394942873695,1225.6915660703942,1222.1644942873695,11.294896625833438,22.539030740422426,1.4709978055479442,take_profit,2
2014-09-25 12:00:00,2014-09-25 15:00:00,short,1210.395,1212.1357621520804,1211.9107621520805,1207.9697805566711,10.138366083097637,-17.64848396139176,-1.1484401755849911,stop_loss,12
2014-09-25 15:45:00,2014-09-25 16:00:00,short,1212.275,1209.9121956513484,1213.8611277179075,1209.7371956513484,9.666343038882582,22.839677367830923,1.489668405624349,take_profit,1
2014-09-26 09:30:00,2014-09-26 09:45:00,short,1225.105,1226.7179089289782,1226.4929089289783,1222.8843457136347,11.079786042466827,-17.870685839062624,-1.1621143832294134,stop_loss,1
2014-09-29 13:45:00,2014-09-29 14:15:00,short,1220.295,1221.542790353735,1221.317790353735,1218.658535434024,15.000134242374417,-18.71702281236335,-1.2199864314111508,stop_loss,2
2014-09-29 14:30:00,2014-09-29 15:15:00,short,1222.435,1220.7913525322706,1223.5716546673307,1220.6163525322706,13.46456316248301,22.130995146097113,1.4460394304184048,take_profit,3
2014-10-01 07:45:00,2014-10-01 09:30:00,short,1206.835,1208.2102550146192,1207.9852550146193,1204.9945919766092,13.343841458999268,-18.35118488077156,-1.1956087973016924,stop_loss,7
2014-10-01 12:30:00,2014-10-01 12:45:00,short,1208.395,1209.945990466753,1209.7209904667532,1206.273415253195,11.54768346127677,-17.910346961522617,-1.1696844778611746,stop_loss,1
2014-10-01 13:00:00,2014-10-01 14:45:00,short,1209.065,1210.6197060657207,1210.3947060657208,1206.9374702948467,11.488476951884063,-17.86120480298622,-1.169210328357756,stop_loss,7
2014-10-01 15:30:00,2014-10-01 15:45:00,short,1211.545,1213.4509850034929,1213.225985003493,1208.8554239944115,9.066455112650827,-17.28052747955299,-1.1338500935656102,stop_loss,1
2014-10-01 16:00:00,2014-10-01 16:30:00,short,1213.395,1215.5000840081136,1215.2750840081137,1210.386865587018,8.087943920923163,-17.025801406455244,-1.1196755033439434,stop_loss,2
2014-10-02 11:45:00,2014-10-02 12:15:00,short,1217.765,1214.9136492599262,1219.6564692125462,1214.7386492599262,8.021257930501784,22.871419736460222,1.5074793293810733,take_profit,2
2014-10-03 14:30:00,2014-10-03 15:00:00,short,1207.555,1205.783291750396,1208.7716926560026,1205.6082917503961,12.507435781609606,22.15952715566986,1.4561674559826014,take_profit,2
2014-10-06 09:45:00,2014-10-06 10:15:00,short,1192.765,1194.3060987329409,1194.081098732941,1190.6592420272948,11.596412893063157,-17.871217216157774,-1.1709598181111671,stop_loss,2
2014-10-06 12:00:00,2014-10-06 13:30:00,short,1194.065,1195.7408495103118,1195.515849510312,1191.743640783501,10.494735513619514,-17.58759737135074,-1.155081556288733,stop_loss,6
2014-10-06 15:15:00,2014-10-06 17:15:00,short,1197.2150000000001,1198.9340793847146,1198.7090793847146,1194.824472984457,10.16753650539625,-17.478802399757836,-1.1505944077013714,stop_loss,8
2014-10-07 10:15:00,2014-10-07 10:30:00,short,1208.795,1210.4336087409713,1210.2086087409714,1206.5332260144457,10.721601134717842,-17.568509336555625,-1.1591670972869819,stop_loss,1
2014-10-07 10:45:00,2014-10-07 11:15:00,short,1211.425,1209.031184675721,1213.0305095776744,1208.8561846757211,9.418201095053472,22.545434108479093,1.4910003388122604,take_profit,2
2014-10-07 15:30:00,2014-10-07 16:00:00,short,1206.165,1208.1558153021185,1207.9308153021186,1203.3396955166104,8.588725509736154,-17.098566170478787,-1.1274198947817196,stop_loss,2
2014-10-08 08:45:00,2014-10-08 09:00:00,short,1213.155,1214.61818788021,1214.39318788021,1211.1738993916638,12.221009460923767,-17.881632927154712,-1.1817171720028,stop_loss,1
2014-10-08 09:15:00,2014-10-08 09:45:00,short,1213.585,1215.0565497538546,1214.8315497538547,1211.5905203938325,12.110340951825245,-17.820969246753243,-1.1804982106042308,stop_loss,2
2014-10-08 10:00:00,2014-10-08 10:30:00,short,1216.035,1217.6087244202693,1217.3837244202693,1213.8770409275694,11.166477278652248,-17.5729579817959,-1.1668242945842038,stop_loss,2
2014-10-09 12:15:00,2014-10-09 13:15:00,long,1225.915,1228.1967479726056,1224.3795325171216,1228.3717479726056,9.785524503566748,22.32810069689655,1.4860281953534333,take_profit,4
2014-10-10 10:45:00,2014-10-10 11:00:00,long,1220.2849999999999,1218.997342169289,1219.2223421692888,1221.9852525291376,14.181433048347184,-18.260833315407186,-1.2117332536375889,stop_loss,1
2014-10-10 11:15:00,2014-10-10 11:30:00,long,1218.115,1219.8486463133893,1216.9220960541318,1220.0236463133892,12.602430618969604,21.84815738232074,1.453299169135921,take_profit,1
2014-10-10 16:00:00,2014-10-10 16:15:00,long,1221.425,1223.695929184663,1219.8962942595854,1223.870929184663,9.862712704653875,22.397522120946473,1.4855240774115739,take_profit,1
2014-10-13 10:30:00,2014-10-13 11:45:00,long,1230.345,1228.5453915539556,1228.7703915539555,1232.8643735136711,9.603645026732258,-17.282800702919964,-1.1428926667865387,stop_loss,5
2014-10-13 12:00:00,2014-10-13 12:30:00,long,1228.555,1226.80972056328,1227.03472056328,1230.9874470987522,9.924106454435965,-17.32033892274743,-1.1479991076412446,stop_loss,2
2014-10-13 13:45:00,2014-10-13 15:15:00,long,1226.565,1224.8685353545427,1225.0935353545426,1228.919343432732,10.229789984505661,-17.354477039167588,-1.1529088725947347,stop_loss,6
2014-10-14 11:30:00,2014-10-14 14:00:00,long,1232.565,1234.0158459961522,1231.5488462524052,1234.1908459961521,14.77932387113877,21.442522864277006,1.4277819666424212,take_profit,10
2014-10-15 08:15:00,2014-10-15 09:45:00,long,1226.055,1224.662206742614,1224.887206742614,1227.923469211818,12.896932131647524,-17.962760113924485,-1.1926710901752589,stop_loss,6
2014-10-15 11:00:00,2014-10-15 12:45:00,long,1223.395,1221.8153639346042,1222.040363934604,1225.5624177046334,11.09155827745232,-17.52062547650288,-1.1660962717201502,stop_loss,7
2014-10-15 13:00:00,2014-10-15 14:00:00,long,1222.7849999999999,1224.7862705405269,1221.4248309121706,1224.9612705405268,11.020676581502892,22.05535537923757,1.471339525676836,take_profit,4
2014-10-16 09:45:00,2014-10-16 10:45:00,long,1238.735,1240.7683322863663,1237.354792321021,1240.9433322863663,10.892631995067076,22.14834031907787,1.4732074870578582,take_profit,4
2014-10-16 15:15:00,2014-10-16 15:30:00,long,1238.695,1236.5843172665207,1236.8093172665206,1241.7120923735672,7.996250237015651,-16.877547307848534,-1.1193201783126847,stop_loss,1
2014-10-17 11:45:00,2014-10-17 13:15:00,long,1237.925,1236.6032980877512,1236.8282980877511,1239.679723059598,13.718072104985751,-18.13120213352559,-1.20516057963147,stop_loss,6
2014-10-17 13:30:00,2014-10-17 14:00:00,long,1237.235,1235.9207427003405,1236.1457427003404,1238.9778116794548,13.778538376864377,-18.108544640431226,-1.2065627653541962,stop_loss,2
2014-10-17 14:15:00,2014-10-17 14:45:00,long,1235.825,1237.4191943366484,1234.719253539595,1237.5941943366483,13.54031593361168,21.58589497779306,1.4417358714079689,take_profit,2
2014-10-20 12:30:00,2014-10-20 14:00:00,long,1240.975,1242.663758003744,1239.8101512476599,1242.838758003744,12.890367248235984,21.76871086166022,1.4497659033858654,take_profit,6
2014-10-22 12:45:00,2014-10-22 14:00:00,long,1245.725,1247.244942695379,1244.665660815388,1247.419942695379,14.215339002638146,21.606500679397275,1.4348026745899833,take_profit,5
2014-10-22 16:00:00,2014-10-22 16:15:00,long,1242.385,1244.8283150019006,1240.7485531238121,1245.0033150019005,9.22857860474859,22.548324551201144,1.4930609954124374,take_profit,1
2014-10-23 10:00:00,2014-10-23 11:00:00,long,1242.0449999999998,1240.928556299352,1241.153556299352,1243.4713099210364,16.991735167895417,-18.97031569127216,-1.2523995624585011,stop_loss,4
2014-10-23 11:15:00,2014-10-23 11:30:00,long,1240.925,1239.6172544253425,1239.8422544253424,1242.6573929194521,13.954556823650112,-18.249009932434692,-1.2078050515893992,stop_loss,1
2014-10-23 11:45:00,2014-10-23 12:45:00,long,1239.435,1238.040591825933,1238.265591825933,1241.3060530785071,12.889200675611027,-17.972806779261127,-1.1924050173323075,stop_loss,4
2014-10-23 13:00:00,2014-10-23 14:00:00,long,1238.845,1237.423304967473,1237.648304967473,1240.7597120520434,12.565265673359127,-17.86397579019596,-1.1880178273363282,stop_loss,4
2014-10-23 14:30:00,2014-10-23 14:45:00,long,1237.165,1235.732956325163,1235.957956325163,1239.096269879739,12.427937260958442,-17.797348945825423,-1.1864058481813378,stop_loss,1
2014-10-24 10:45:00,2014-10-24 11:15:00,long,1231.075,1232.487300707099,1230.0829370580632,1232.662300707099,15.085200476293627,21.30483929939805,1.4235999021811783,take_profit,2
2014-10-24 11:30:00,2014-10-24 13:45:00,short,1232.575,1231.0430948784633,1233.6418157009605,1230.8680948784634,14.068107574069803,21.551006043047305,1.4359604195528755,take_profit,9
2014-10-27 11:30:00,2014-10-27 12:00:00,short,1230.315,1231.335762797883,1231.1107627978831,1229.041779523387,18.91415393499678,-19.306864690276697,-1.2827475732699056,stop_loss,2
2014-10-27 12:15:00,2014-10-27 13:00:00,short,1231.175,1230.1309732554232,1231.9368917153604,1229.9559732554233,19.7043307111188,20.57184824639285,1.370308566858263,take_profit,3
2014-10-28 08:15:00,2014-10-28 09:15:00,short,1228.7250000000001,1229.9280079608861,1229.7030079608862,1227.1601872625822,15.392216243697552,-18.516958676846926,-1.2300594770169928,stop_loss,4
2014-10-30 12:00:00,2014-10-30 14:00:00,short,1205.675,1203.426553401066,1207.1896541243336,1203.251553401066,9.914260862207609,22.291686116574414,1.484462071446879,take_profit,8
2014-11-04 13:00:00,2014-11-04 13:15:00,short,1170.355,1172.0511442634217,1171.8261442634218,1168.001169178525,10.237785546513276,-17.364761224860384,-1.1529421726979843,stop_loss,1
2014-11-04 13:30:00,2014-11-04 14:15:00,short,1172.805,1170.355482608014,1174.4453233699915,1170.180482608014,9.160711984811238,22.43932332977056,1.4933137189888024,take_profit,3
2014-11-06 07:15:00,2014-11-06 10:15:00,short,1145.015,1145.5249999999999,1147.0864121670531,1141.7007405327154,7.2759100486251675,-3.7107141247971147,-0.24620884636654955,time_stop,12
2014-11-11 07:45:00,2014-11-11 08:00:00,short,1150.9750000000001,1152.9481021396157,1152.7231021396158,1148.1780365766153,8.6173381014042,-17.002888245671215,-1.1287110145917334,stop_loss,1
2014-11-11 08:15:00,2014-11-11 09:15:00,short,1151.895,1153.8734656203826,1153.6484656203827,1149.0894550073876,8.571586018940172,-16.958588250625475,-1.128317314799021,stop_loss,4
2014-11-11 11:30:00,2014-11-11 13:00:00,short,1151.775,1153.9053418321691,1153.6803418321692,1148.7264530685293,7.870537436734461,-16.766935143128002,-1.118089046385843,stop_loss,6
2014-11-11 13:15:00,2014-11-11 13:30:00,short,1154.285,1156.3454703746181,1156.1204703746182,1151.3482474006112,8.151877881815553,-16.796702872984966,-1.1225843811544607,stop_loss,1
2014-11-11 13:45:00,2014-11-11 16:45:00,short,1155.525,1157.7235433332166,1157.4985433332167,1152.3673306668536,7.564534658328914,-16.630957241954555,-1.114008137654209,stop_loss,12
2014-11-12 15:15:00,2014-11-12 15:30:00,short,1166.345,1168.1075416124345,1167.8825416124346,1163.884933420105,9.68798171632014,-17.075470915518476,-1.1463375027903424,stop_loss,1
2014-11-13 13:00:00,2014-11-13 15:30:00,short,1162.585,1164.9867451985003,1164.7617451985004,1159.1022076823992,6.827406394535647,-16.39769052628619,-1.1033653365377434,stop_loss,10
2014-11-13 15:45:00,2014-11-13 18:30:00,short,1163.365,1165.5986607866892,1165.3736607866892,1160.1511427412972,7.382395676128624,-16.48976773359199,-1.1120149312870116,stop_loss,11
2014-11-17 10:15:00,2014-11-17 10:45:00,long,1184.845,1187.8080977686761,1182.8836888945775,1187.983097768676,7.543805330062209,22.353032740834255,1.5107739718007611,take_profit,2
2014-11-17 15:00:00,2014-11-17 15:30:00,long,1187.965,1185.789160441537,1186.014160441537,1191.086343293541,7.607214633360345,-16.55207852898359,-1.1153349587483121,stop_loss,2
2014-11-17 15:45:00,2014-11-17 16:00:00,long,1186.185,1183.9254794059973,1184.1504794059972,1189.4402329504044,7.2780541632601805,-16.444913266153115,-1.1105911636692953,stop_loss,1
2014-11-18 14:15:00,2014-11-18 15:00:00,long,1200.175,1198.0145666357503,1198.2395666357502,1203.2716933827994,7.633670849016752,-16.492037193916005,-1.116253033638864,stop_loss,3
2014-11-18 15:15:00,2014-11-18 15:30:00,long,1196.975,1194.8221831446185,1195.0471831446184,1200.0595069686103,7.646720764656367,-16.461989350547086,-1.1167123315536038,stop_loss,1
2014-11-19 14:15:00,2014-11-19 14:30:00,long,1198.655,1196.757616770973,1196.982616770973,1201.3308131664432,8.7949657378211,-16.687420490807952,-1.1345385412234827,stop_loss,1
2014-11-20 15:15:00,2014-11-20 15:45:00,long,1188.315,1192.3767801120216,1185.6670124299865,1192.5517801120216,5.5420117998295995,22.510433309136634,1.5339120764833183,take_profit,2
2014-11-21 11:00:00,2014-11-21 12:30:00,long,1190.415,1193.4580793216671,1188.403700423958,1193.633079321667,7.318750225366259,22.271537471258963,1.5129915791339985,take_profit,6
2014-11-24 10:00:00,2014-11-24 10:30:00,long,1197.5249999999999,1195.7128848206999,1195.9378848206998,1200.06438428688,9.302880151955495,-16.85789033456732,-1.1417666486556644,stop_loss,2
2014-11-24 10:45:00,2014-11-24 13:45:00,long,1194.875,1194.7450000000001,1193.267444588585,1197.447088658264,9.163619751522422,-1.1912705676968314,-0.08086813000458574,time_stop,12
2014-11-25 13:45:00,2014-11-25 14:15:00,long,1200.235,1198.5256539001678,1198.7506539001677,1202.6099537597313,9.9226480806857,-16.961239796727032,-1.1515818986052773,stop_loss,2
2014-11-25 14:45:00,2014-11-25 15:00:00,long,1199.185,1197.530633617313,1197.755633617313,1201.4719862122993,10.280584234362674,-17.007852951710866,-1.157412405052467,stop_loss,1
2014-11-25 15:15:00,2014-11-25 15:30:00,long,1197.375,1195.4577912312545,1195.6827912312544,1200.0825340299928,8.66365076452406,-16.610027215093904,-1.1329623177444605,stop_loss,1
2014-11-26 11:45:00,2014-11-26 12:00:00,long,1196.2549999999999,1195.0494270950317,1195.2744270950316,1197.823916647949,14.917285256948114,-17.983874921458558,-1.2294576964750825,stop_loss,1
2014-11-27 15:30:00,2014-11-27 17:15:00,long,1195.095,1193.5581316002995,1193.7831316002994,1197.1939894395211,11.122699496484046,-17.09412537551157,-1.1715111058786476,stop_loss,7
2014-11-28 10:15:00,2014-11-28 10:30:00,long,1185.625,1183.8621941897238,1184.0871941897237,1188.0854892964421,9.466299087163296,-16.687247032663528,-1.1463123617405813,stop_loss,1
2014-11-28 10:45:00,2014-11-28 13:00:00,long,1183.7849999999999,1181.9662286635883,1182.1912286635882,1186.3350341382586,9.11294795694305,-16.574368534298678,-1.141174580606078,stop_loss,9
2014-11-28 13:15:00,2014-11-28 13:30:00,long,1181.5449999999998,1183.9037789813385,1179.9613881366633,1184.0787789813385,9.150478625733548,21.583956651569082,1.4894931238826281,take_profit,1
2014-12-01 08:45:00,2014-12-01 09:00:00,short,1154.7250000000001,1157.373198185898,1157.148198185898,1150.8478829025635,5.997848011278584,-15.883490222758999,-1.0928524960563772,stop_loss,1
2014-12-01 09:15:00,2014-12-01 10:30:00,short,1156.605,1159.4104617011058,1159.1854617011059,1152.4762612782306,5.6200049136794235,-15.766708545353703,-1.0871936986716322,stop_loss,5
2014-12-01 10:45:00,2014-12-01 11:00:00,short,1160.555,1163.5676444528658,1163.342644452866,1156.0947688754147,5.191004185562144,-15.638649964436647,-1.08071330609203,stop_loss,1
2014-12-01 11:15:00,2014-12-01 11:45:00,short,1164.2250000000001,1167.4932240435426,1167.2682240435427,1159.355841530332,4.744769532626427,-15.506969867597277,-1.073934747090784,stop_loss,2
2014-12-01 12:00:00,2014-12-01 14:00:00,short,1175.885,1169.399140977456,1180.0480368890899,1169.224140977456,3.461026929831389,22.447732740114645,1.557963379940629,take_profit,8
2014-12-01 15:15:00,2014-12-01 15:30:00,short,1177.825,1181.7316023910278,1181.5066023910279,1171.9344361743556,3.925811837727216,-15.336585911990062,-1.0611146930337294,stop_loss,1
2014-12-02 10:15:00,2014-12-02 10:30:00,long,1203.685,1201.2497306497135,1201.4747306497134,1207.2214309604585,6.525270358930598,-15.890790907436605,-1.1017975478738533,stop_loss,1
2014-12-02 10:45:00,2014-12-02 11:00:00,long,1198.425,1195.7627779581712,1195.9877779581711,1202.324555266926,5.904600913614133,-15.719358700425584,-1.0923182197347419,stop_loss,1
2014-12-02 11:15:00,2014-12-02 12:45:00,long,1195.485,1199.5744940821962,1192.8196911986272,1199.7494940821962,5.3875126101961,22.032200937155025,1.5343415667595925,take_profit,6
2014-12-02 14:45:00,2014-12-02 15:00:00,long,1193.355,1196.883899635962,1191.0400627275237,1197.058899635962,6.2219608931040105,21.956675530644755,1.524403999157676,take_profit,1
2014-12-03 12:30:00,2014-12-03 13:30:00,long,1203.495,1201.5229950981832,1201.747995098183,1206.2902078429067,8.269789349401979,-16.308065134012384,-1.1287918538556583,stop_loss,4
2014-12-03 13:45:00,2014-12-03 14:30:00,long,1200.5449999999998,1203.080922505534,1198.850673434041,1203.255922505534,8.507655306680725,21.5747545615395,1.4967141261219432,take_profit,3
2014-12-04 09:30:00,2014-12-04 10:00:00,long,1203.865,1205.7776895943712,1202.560194003518,1205.9526895943711,11.080494685213377,21.193546884892555,1.4658804447007492,take_profit,2
2014-12-04 11:45:00,2014-12-04 13:00:00,long,1203.875,1202.2467670932597,1202.4717670932596,1206.1201726507845,10.333482726474402,-16.82531661647833,-1.1603440162492797,stop_loss,5
2014-12-04 13:15:00,2014-12-04 14:30:00,long,1202.7749999999999,1204.8155251857963,1201.3902967588772,1204.9905251857963,10.447460466735404,21.31830620998652,1.4736191302203259,take_profit,5
2014-12-05 10:15:00,2014-12-05 10:30:00,long,1203.905,1202.5235330120004,1202.7485330120003,1205.7553471807996,12.546202470773338,-17.332164538132403,-1.1945580827941185,stop_loss,1
2014-12-05 10:45:00,2014-12-05 13:30:00,long,1203.185,1201.7470769338165,1201.9720769338164,1205.1256769058934,11.933654373214143,-17.159676887105377,-1.1855022847474364,stop_loss,11
2014-12-05 13:45:00,2014-12-05 14:00:00,long,1202.5449999999998,1201.164601025546,1201.389601025546,1204.393638359126,12.498094267553427,-17.252356509557455,-1.194737926010589,stop_loss,1
2014-12-05 14:15:00,2014-12-05 14:45:00,long,1199.625,1201.720958585165,1198.205650884272,1201.8959585851649,10.149568155366236,21.27307451095622,1.4767040483129434,take_profit,2
2014-12-10 10:30:00,2014-12-10 12:30:00,long,1229.695,1227.0733904801916,1227.2983904801915,1233.5295752316936,6.028652818051442,-15.804773619422896,-1.0938826279960268,stop_loss,8
2014-12-10 12:45:00,2014-12-10 14:00:00,long,1227.0449999999998,1224.75300140273,1224.97800140273,1230.3521977556316,6.9747106781612125,-15.98602709070866,-1.108853484611496,stop_loss,5
2014-12-10 14:15:00,2014-12-10 14:30:00,long,1226.0149999999999,1229.0126997599405,1224.032062650037,1229.1876997599404,7.254261025549283,21.74609653483545,1.5117470857043078,take_profit,1
2014-12-11 10:45:00,2014-12-11 11:15:00,long,1221.985,1220.013763619757,1220.2387636197568,1224.7789782083887,8.26247665565343,-16.28729457453255,-1.1288485353675815,stop_loss,2
2014-12-11 11:30:00,2014-12-11 13:00:00,long,1219.715,1222.5184730771978,1217.8534543267513,1222.6934730771977,7.733177297089776,21.67975435358883,1.5059920997293608,take_profit,6
2014-12-11 16:00:00,2014-12-11 17:15:00,long,1217.115,1220.4606761480668,1214.9145774074582,1220.6356761480668,6.56193146512375,21.95409758811347,1.5204698222090216,take_profit,5
2014-12-12 07:30:00,2014-12-12 07:45:00,long,1219.325,1221.6336648521772,1217.7727094673894,1221.8086648521771,9.33003850599297,21.539931968245067,1.4872633722080402,take_profit,1
2014-12-12 14:30:00,2014-12-12 15:00:00,long,1221.7849999999999,1224.7668334036007,1219.8119791227493,1224.9418334036006,7.362319615150075,21.95321055644011,1.5113035234356622,take_profit,2
2014-12-15 10:00:00,2014-12-15 10:15:00,long,1216.745,1215.0456232241943,1215.2706232241942,1219.104002841289,9.88208507206921,-16.79338586800966,-1.1526068530731939,stop_loss,1
2014-12-15 10:30:00,2014-12-15 10:45:00,long,1214.375,1212.5894404331063,1212.8144404331063,1216.87189530703,9.314819032504591,-16.632164237371654,-1.1441790526764488,stop_loss,1
2014-12-15 12:00:00,2014-12-15 14:45:00,long,1211.445,1209.5526026142225,1209.7776026142224,1214.112835817244,8.698025887704535,-16.460121451316954,-1.1349408376905799,stop_loss,11
2014-12-15 15:00:00,2014-12-15 15:15:00,long,1208.0349999999999,1206.1636959124542,1206.388695912454,1210.669086540073,8.789473034263576,-16.447776816390096,-1.1366697693955956,stop_loss,1
2014-12-16 08:15:00,2014-12-16 09:30:00,long,1196.2849999999999,1198.757597132268,1194.6302517923323,1198.932597132268,8.724741180048515,21.572770021570403,1.4942437289316801,take_profit,5
2014-12-16 11:45:00,2014-12-16 12:15:00,short,1201.7050000000002,1198.8286466791064,1203.6120958255588,1198.6536466791065,7.592903920205772,21.839874406110766,1.508237437440362,take_profit,2
2014-12-16 13:45:00,2014-12-16 14:00:00,short,1205.2350000000001,1207.7536126835996,1207.5286126835997,1201.565219706241,6.332400942303045,-15.948865330921784,-1.0980985157645693,stop_loss,1
2014-12-17 12:45:00,2014-12-17 13:45:00,short,1197.685,1199.554357399444,1199.329357399444,1195.0540281608892,8.813277085104476,-16.475164732390038,-1.1368315671982132,stop_loss,4
2014-12-18 07:45:00,2014-12-18 08:00:00,short,1198.885,1200.8598057641495,1200.6348057641496,1196.0853107773605,8.26333262526675,-16.318476899461817,-1.1285857005444562,stop_loss,1
2014-12-18 12:15:00,2014-12-18 12:30:00,short,1205.9750000000001,1208.5357425729576,1208.3107425729577,1202.237811883268,6.176446956100784,-15.816290670100742,-1.0963291086119185,stop_loss,1
2014-12-19 15:30:00,2014-12-19 15:45:00,short,1197.145,1199.1076684205107,1198.8826684205108,1194.364730527183,8.284064643015816,-16.258872068316233,-1.1294838516624321,stop_loss,1
2014-12-19 16:00:00,2014-12-19 19:00:00,short,1197.825,1196.5049999999999,1199.6200304238077,1194.9529513219077,8.001223594325223,10.561615144510604,0.7353635807465135,time_stop,12
2014-12-22 09:30:00,2014-12-22 10:00:00,short,1200.665,1199.0145370685202,1201.8059143321748,1198.8395370685203,12.60704910453075,20.807467222372996,1.4466142504614097,take_profit,2
2014-12-23 09:30:00,2014-12-23 12:00:00,short,1181.685,1179.321631381584,1183.27148038651,1179.146631381584,9.092566203083729,21.489085625237657,1.489692931921502,take_profit,10
2014-12-24 15:15:00,2014-12-24 15:30:00,short,1178.645,1177.3316504076274,1179.5752184952328,1177.1566504076275,15.553502956168682,20.42718676744955,1.411872155953947,take_profit,1
2014-12-26 12:00:00,2014-12-26 12:15:00,short,1187.095,1188.8137440528901,1188.5887440528902,1184.7050095153759,9.713183768630307,-16.694476836961872,-1.1506282147631428,stop_loss,1
2014-12-29 15:30:00,2014-12-29 16:30:00,short,1194.365,1192.3829310051588,1195.7131681217757,1192.2079310051588,10.737252499548411,21.281975269136687,1.4701942308431948,take_profit,4
2014-12-30 07:15:00,2014-12-30 10:15:00,short,1188.315,1189.9316215839629,1189.706621583963,1186.0884054656592,10.432567052130791,-16.865513072613762,-1.1616818843519097,stop_loss,12
2014-12-31 11:15:00,2014-12-31 12:15:00,long,1197.435,1198.8793831249636,1196.4228855468978,1199.0543831249636,14.311083509720092,20.670687521385677,1.427094653708942,take_profit,4
2014-12-31 13:45:00,2014-12-31 14:00:00,long,1196.335,1197.967828527862,1195.2051071700864,1198.1428285278619,12.855905843648362,20.99148981301523,1.4451180542376851,take_profit,1
2015-01-02 12:45:00,2015-01-02 13:00:00,long,1182.965,1180.8949858294102,1181.11998582941,1185.9170226729436,7.895754431930342,-16.344323561592468,-1.1219502828685486,stop_loss,1
2015-01-02 13:15:00,2015-01-02 13:30:00,long,1180.7849999999999,1183.5849175088135,1178.9256765569912,1183.7599175088135,7.817408112579893,21.888097847954533,1.5058797431624038,take_profit,1
2015-01-05 15:30:00,2015-01-05 16:30:00,short,1194.605,1197.3794747557195,1197.1544747557195,1190.525840390849,5.718380356689211,-15.865501943236136,-1.088253472404518,stop_loss,4
2015-01-07 12:30:00,2015-01-07 12:45:00,long,1214.065,1212.383136716767,1212.608136716767,1216.3959812531732,9.985244000941178,-16.79381525930597,-1.1544413965190883,stop_loss,1
2015-01-07 15:30:00,2015-01-07 16:30:00,long,1210.435,1213.1611577397096,1208.6217764126816,1213.3361577397095,8.004279135835136,21.820927516953073,1.5034868059164255,take_profit,4
2015-01-09 11:45:00,2015-01-09 13:00:00,long,1210.5149999999999,1212.054490543304,1209.4434434104348,1212.2294905433039,13.585087083006464,20.914113094250517,1.4366861799888366,take_profit,5
2015-01-12 10:30:00,2015-01-12 13:00:00,long,1221.475,1219.168233691966,1219.3932336919659,1224.8058260928542,7.012803384057907,-16.1768985712113,-1.1080812957398622,stop_loss,10
2015-01-12 13:15:00,2015-01-12 15:00:00,long,1219.7649999999999,1222.3945459146669,1218.012158803333,1222.5695459146668,8.310315869090715,21.852357143159875,1.500162090934005,take_profit,7
2015-01-14 10:30:00,2015-01-14 12:00:00,long,1226.975,1230.0812399339165,1224.924225041302,1230.2562399339165,7.124315939677247,22.12983467366432,1.5146664048837426,take_profit,6
2015-01-16 08:00:00,2015-01-16 08:45:00,long,1257.185,1259.5411395077908,1255.6030378076307,1259.7161395077908,9.263576883808097,21.826279479398636,1.4893778872567,take_profit,3
2015-01-16 10:15:00,2015-01-16 10:30:00,long,1256.685,1254.6989049220529,1254.9239049220528,1259.5027521247155,8.346103023796998,-16.576154135602494,-1.1277614155064137,stop_loss,1
2015-01-21 13:00:00,2015-01-21 14:45:00,long,1297.735,1300.942783619172,1295.6207602380175,1301.1177836191719,6.9363602514159295,22.25034279116783,1.5172279307453136,take_profit,7
2015-01-22 08:45:00,2015-01-22 10:00:00,long,1286.195,1284.2650871211672,1284.490087121167,1288.9228606061326,8.6277894402617,-16.650881956618157,-1.1319715527950862,stop_loss,5
2015-01-22 14:30:00,2015-01-22 14:45:00,long,1282.915,1286.0652060502787,1280.8367462185759,1286.2402060502786,7.061855342127643,22.246299424963542,1.5157946918879435,take_profit,1
2015-01-23 09:45:00,2015-01-23 10:00:00,long,1294.7849999999999,1293.1348175529158,1293.3598175529157,1297.0652919153347,10.329077654313693,-17.044862639716392,-1.1578745236865997,stop_loss,1
2015-01-23 10:15:00,2015-01-23 10:45:00,long,1293.915,1296.1216802739366,1292.4264498287896,1296.2966802739365,9.866466529828356,21.772137064828197,1.4824359411025703,take_profit,2
2015-01-23 12:30:00,2015-01-23 13:45:00,long,1293.485,1296.0690971750385,1291.7605642656008,1296.2440971750384,8.542083895912747,22.073574864370425,1.4985175286564207,take_profit,5
2015-01-26 08:00:00,2015-01-26 09:45:00,long,1292.315,1290.564566107112,1290.7895661071118,1294.7556942286212,9.685389799555194,-16.953634570974753,-1.1474990171969328,stop_loss,7
2015-01-26 10:00:00,2015-01-26 10:15:00,long,1289.0049999999999,1287.0358203710155,1287.2608203710154,1291.7956874063752,8.451259464322446,-16.642047976405546,-1.129000474642,stop_loss,1
2015-01-26 10:30:00,2015-01-26 10:45:00,long,1287.145,1285.1038451158247,1285.3288451158246,1290.0508478146808,8.098004541974273,-16.529281522924425,-1.1238881121650977,stop_loss,1
2015-01-26 11:00:00,2015-01-26 11:15:00,long,1282.805,1280.551784819257,1280.7767848192568,1286.0501442891891,7.235017308448361,-16.302050832335325,-1.1109349748173452,stop_loss,1
2015-01-26 13:30:00,2015-01-26 14:00:00,long,1278.565,1276.1216478904432,1276.3466478904431,1282.114363375291,6.600200109438382,-16.12661286089347,-1.1014266396351522,stop_loss,2
2015-01-27 10:00:00,2015-01-27 10:30:00,long,1279.735,1277.87995193198,1278.10495193198,1282.3430769088318,8.962505399178054,-16.625878325362894,-1.1380327392880012,stop_loss,2
2015-01-27 12:45:00,2015-01-27 14:45:00,long,1279.805,1282.3101075942893,1278.1299327535692,1282.4851075942893,8.701777725613969,21.79888946425265,1.4955265823667332,take_profit,8
2015-01-28 12:45:00,2015-01-28 13:00:00,long,1287.0149999999999,1289.0415708652936,1285.6390182091914,1289.2165708652935,10.62489397060705,21.532100567667015,1.472818084389706,take_profit,1
2015-01-28 16:00:00,2015-01-28 16:15:00,long,1286.815,1284.724743888491,1284.949743888491,1289.7994097784147,7.860971339801048,-16.431443385416284,-1.120626866526051,stop_loss,1
2015-01-29 09:15:00,2015-01-29 10:15:00,long,1279.415,1277.4285584603053,1277.6535584603052,1282.2333064635113,8.305618788646548,-16.49862617463565,-1.1277362858371702,stop_loss,4
2015-01-29 11:30:00,2015-01-29 11:45:00,long,1275.875,1273.4573238564244,1273.6823238564243,1279.383281829721,6.657100154808083,-16.094712229672872,-1.1026143330190992,stop_loss,1
2015-02-02 13:15:00,2015-02-02 13:30:00,short,1277.765,1275.5127615373888,1279.282024039132,1275.3377615373888,9.60082035266671,21.623336870897646,1.4846425663103746,take_profit,1
2015-02-03 12:00:00,2015-02-03 13:00:00,long,1280.995,1279.0567157983592,1279.281715798359,1283.736254722625,8.526268981021396,-16.526332464853148,-1.1313267231346826,stop_loss,4
2015-02-03 14:15:00,2015-02-03 14:30:00,long,1279.2849999999999,1277.3356662111864,1277.5606662111863,1282.0439340621017,8.452464003053125,-16.476673679880587,-1.130485177208485,stop_loss,1
2015-02-03 14:45:00,2015-02-03 15:00:00,long,1275.5149999999999,1273.3596305596454,1273.5846305596453,1278.6035911045672,7.533229457447234,-16.236892559759582,-1.1165579993633685,stop_loss,1
2015-02-03 15:15:00,2015-02-03 15:30:00,long,1271.655,1268.9285079825515,1269.1535079825514,1275.6573872279178,5.800315190097816,-15.814513064486603,-1.0899463194087682,stop_loss,1
2015-02-04 12:30:00,2015-02-04 12:45:00,short,1270.935,1267.8289054376053,1272.9856841014966,1267.6539054376053,7.0599918875947125,21.929002412608444,1.5146626241105,take_profit,1
2015-02-05 15:15:00,2015-02-05 15:30:00,short,1264.7050000000002,1261.3655995690535,1266.9015002693418,1261.1905995690536,6.611276733311743,22.077700372328632,1.5203278039877257,take_profit,1
2015-02-09 08:15:00,2015-02-09 08:30:00,short,1238.585,1239.947308444387,1239.7223084443872,1236.7653064889807,12.807278973475865,-17.44746429518693,-1.1978355134091645,stop_loss,1
2015-02-09 12:15:00,2015-02-09 14:15:00,short,1242.115,1240.1453604708743,1243.4553997057037,1239.9703604708743,10.840745141716503,21.35236015630268,1.4694419289593115,take_profit,8
2015-02-11 14:00:00,2015-02-11 14:15:00,short,1234.915,1236.435449824028,1236.210449824028,1232.842280281555,11.249865527452748,-17.104856061554102,-1.173684843539746,stop_loss,1
2015-02-11 14:30:00,2015-02-11 15:15:00,short,1236.945,1234.9187671815448,1238.3207705115344,1234.7437671815449,10.56820631337592,21.41364646436697,1.4727985528597667,take_profit,3
2015-02-12 10:30:00,2015-02-12 10:45:00,short,1228.915,1226.7243028580465,1230.393560713721,1226.5493028580465,9.862465412046445,21.605674790785184,1.4816416543628554,take_profit,1
2015-02-12 15:15:00,2015-02-12 15:30:00,short,1224.105,1226.0893019661112,1225.8643019661113,1221.2901168542219,8.313220544278405,-16.495939870727337,-1.127891632212091,stop_loss,1
2015-02-13 08:00:00,2015-02-13 08:30:00,short,1229.355,1230.6555336641518,1230.4305336641519,1227.634146137357,13.567658414514842,-17.6451965117886,-1.2091984728133434,stop_loss,2
2015-02-13 08:45:00,2015-02-13 09:45:00,short,1230.7050000000002,1229.1109052710544,1231.810684205591,1228.9359052710545,13.165769124575977,20.98748316400287,1.441726960451385,take_profit,4
2015-02-13 15:15:00,2015-02-13 15:30:00,short,1226.815,1228.2477420030734,1228.0227420030735,1224.8826127950824,12.087977320219446,-17.3189528388767,-1.1862980664970904,stop_loss,1
2015-02-13 15:45:00,2015-02-13 16:15:00,short,1228.195,1229.9339714210173,1229.7089714210174,1225.7726457263718,9.620075936679598,-16.729037121902707,-1.1486157511802295,stop_loss,2
2015-02-16 09:45:00,2015-02-16 10:15:00,short,1235.505,1233.8965761093343,1236.6196399316661,1233.7215761093344,13.036552476805253,20.96830245561185,1.4429986267060304,take_profit,2
2015-02-17 07:30:00,2015-02-17 08:45:00,short,1228.415,1226.7298346827654,1229.5776033232714,1226.5548346827654,12.534798649818828,21.123207943193503,1.4494757442225976,take_profit,5
2015-02-18 14:45:00,2015-02-18 15:15:00,short,1207.515,1205.3992033031311,1208.9467479355433,1205.2242033031312,10.20797349860316,21.597996610070684,1.4777717811524553,take_profit,2
2015-02-19 08:00:00,2015-02-19 08:45:00,short,1216.345,1214.7979127040123,1217.4213045599924,1214.6229127040124,13.619231508252478,21.070140047532732,1.437406616579406,take_profit,3
2015-02-19 10:30:00,2015-02-19 10:45:00,short,1217.2350000000001,1215.5792054915173,1218.3792465678018,1215.4042054915174,12.847389426093784,21.27263686006625,1.447060935182777,take_profit,1
2015-02-19 11:45:00,2015-02-19 13:00:00,short,1219.555,1217.3405749065903,1221.0483906833813,1217.1655749065903,9.872250238202605,21.861358655896456,1.482817000301649,take_profit,5
2015-02-19 14:15:00,2015-02-19 14:30:00,short,1218.875,1220.6869262306006,1220.4619262306007,1216.3359180310388,9.317918477819841,-16.88338090456023,-1.141783528220297,stop_loss,1
2015-02-20 14:15:00,2015-02-20 14:30:00,short,1206.625,1208.32881948109,1208.10381948109,1204.258888830256,9.97625651669617,-16.99774020149822,-1.152148387870878,stop_loss,1
2015-02-20 14:45:00,2015-02-20 15:00:00,short,1210.685,1212.9802065933886,1212.7552065933887,1207.3726694505779,7.109960451215372,-16.318828106362307,-1.1086848050423803,stop_loss,1
2015-02-23 07:15:00,2015-02-23 08:00:00,short,1204.415,1202.977983222854,1205.4225104857162,1202.802983222854,14.576969229442987,20.947349342650973,1.4263045372916918,take_profit,3
2015-02-23 14:00:00,2015-02-23 14:15:00,short,1193.9950000000001,1195.6022241720739,1195.377224172074,1191.783441324682,10.655539343675425,-17.125840399638076,-1.162781120852724,stop_loss,1
2015-02-23 14:30:00,2015-02-23 14:45:00,short,1195.345,1197.009162678982,1196.784162678982,1193.0423397136287,10.210167746224803,-16.991380109412447,-1.1563409080056601,stop_loss,1
2015-02-23 15:00:00,2015-02-23 15:15:00,short,1196.4650000000001,1198.243206595653,1198.018206595653,1193.9798694469555,9.438608905811021,-16.78379661010059,-1.144861604779194,stop_loss,1
2015-02-23 15:30:00,2015-02-23 16:00:00,short,1201.285,1198.4077394721196,1203.1926628299252,1198.2327394721196,7.667257433352528,22.060697170083433,1.5082647115336438,take_profit,2
2015-02-24 13:30:00,2015-02-24 14:45:00,short,1199.325,1200.9113336061075,1200.6863336061076,1197.146866230228,10.776684966561202,-17.09541752488923,-1.1652791049823912,stop_loss,5
2015-02-24 15:00:00,2015-02-24 15:30:00,short,1200.635,1198.6764962043956,1201.9684398722527,1198.5014962043956,10.976477362745518,21.49747257730319,1.4687604865870223,take_profit,2
2015-02-25 08:30:00,2015-02-25 09:30:00,short,1210.775,1209.236610317715,1211.845868551428,1209.0616103177151,13.708001320930995,21.088247796869595,1.436581250082979,take_profit,4
2015-02-25 15:15:00,2015-02-25 15:30:00,short,1210.695,1208.6182189984813,1212.102363125949,1208.4432189984814,10.460444601448657,21.724052615726492,1.4756539824205075,take_profit,1
2015-02-26 10:30:00,2015-02-26 10:45:00,short,1213.365,1214.7586264569713,1214.5336264569714,1211.4951976688455,12.634569438560131,-17.60787024201884,-1.192533720811877,stop_loss,1
2015-02-26 12:00:00,2015-02-26 13:30:00,short,1218.835,1216.6774885846569,1220.2928196345895,1216.502488584657,10.104045814973691,21.799594186955936,1.4799577150370602,take_profit,6
2015-02-27 08:30:00,2015-02-27 09:30:00,short,1210.775,1209.4365377511908,1211.7209139055058,1209.2615377511909,15.618203179216476,20.90437534961409,1.4149937335932652,take_profit,4
2015-02-27 13:45:00,2015-02-27 14:15:00,short,1208.045,1209.4934998556528,1209.2684998556529,1206.0874002309554,12.10893834476872,-17.53979544450492,-1.1838986731059824,stop_loss,2
2015-02-27 14:30:00,2015-02-27 15:00:00,short,1208.825,1210.2485857080428,1210.023585708043,1206.9072628671317,12.331370737081723,-17.55476314188632,-1.1877212438710842,stop_loss,2
2015-02-27 15:30:00,2015-02-27 16:00:00,short,1209.865,1211.3592288735788,1211.1342288735789,1207.8342338022737,11.617365084189474,-17.359002343701853,-1.1772729920376555,stop_loss,2
2015-03-02 07:45:00,2015-03-02 08:30:00,short,1223.005,1221.2612258770384,1224.2042338268511,1221.0862258770385,12.266479535271154,21.3899695934447,1.4540734958590393,take_profit,3
2015-03-02 10:15:00,2015-03-02 11:00:00,long,1218.705,1217.1516161579211,1217.376616157921,1220.8304141473263,11.106094990715475,-17.252028507169737,-1.1693787539961258,stop_loss,3
2015-03-02 11:30:00,2015-03-02 14:00:00,long,1215.865,1214.2112710442877,1214.4362710442877,1218.1509663291397,10.30192117154003,-17.036585340840993,-1.1574826345475198,stop_loss,10
2015-03-02 14:15:00,2015-03-02 14:30:00,long,1215.0049999999999,1216.9920914171453,1213.653692864284,1217.1670914171452,10.866944692617732,21.59361252929438,1.4704957626770394,take_profit,1
2015-03-03 11:00:00,2015-03-03 14:00:00,short,1209.2050000000002,1209.605,1210.6941472840624,1206.8223643455003,9.890067483080887,-3.956026993231006,-0.2686100994044731,time_stop,12
2015-03-04 14:30:00,2015-03-04 14:45:00,short,1205.425,1206.8148737462427,1206.5898737462428,1203.5612020060114,12.63643817633705,-17.56305366731056,-1.1931539797558475,stop_loss,1
2015-03-05 14:30:00,2015-03-05 15:00:00,short,1201.675,1203.0005705699093,1202.7755705699094,1199.9140870881447,13.342832683150373,-17.68686632400887,-1.20443941183928,stop_loss,2
2015-03-05 15:15:00,2015-03-05 15:30:00,short,1203.045,1204.4871186377884,1204.2621186377885,1201.0976101795386,12.036094742803424,-17.357476554782906,-1.1848628334282585,stop_loss,1
2015-03-06 13:00:00,2015-03-06 13:45:00,short,1196.275,1194.4093985423824,1197.550375911011,1194.2343985423825,11.459084461583226,21.37808467449384,1.4627855532717522,take_profit,3
2015-03-09 08:00:00,2015-03-09 08:15:00,short,1171.945,1173.314042324791,1173.089042324791,1170.114532280334,12.81193548199233,-17.54008193733976,-1.1966710454012135,stop_loss,1
2015-03-09 08:30:00,2015-03-09 10:30:00,short,1173.165,1174.5270058820902,1174.3020058820903,1171.3457905886553,12.860369959683808,-17.51589953094566,-1.197888158314768,stop_loss,8
2015-03-10 07:45:00,2015-03-10 08:00:00,short,1163.275,1161.50320638811,1164.4917460074314,1161.32820638811,11.988767090143565,21.241620944755695,1.4561737626989597,take_profit,1
2015-03-11 13:30:00,2015-03-11 13:45:00,short,1159.945,1157.8262648049626,1161.3785844968982,1157.6512648049627,10.205026466524531,21.621748740912544,1.47792836740457,take_profit,1
2015-03-12 07:15:00,2015-03-12 07:30:00,short,1154.355,1155.7043373693514,1155.4793373693515,1152.5560602090375,13.050363378734989,-17.609342990541602,-1.200117870430381,stop_loss,1
2015-03-12 08:00:00,2015-03-12 08:15:00,short,1158.565,1160.134930466642,1159.909930466642,1156.413111253373,10.883679794164028,-17.08662049803225,-1.1672948941083159,stop_loss,1
2015-03-12 08:30:00,2015-03-12 08:45:00,short,1161.2250000000001,1162.9160880044005,1162.6910880044006,1158.8792591929594,9.960943176342239,-16.844831518026368,-1.1534696411979142,stop_loss,1
2015-03-12 09:00:00,2015-03-12 09:45:00,short,1164.825,1162.2382132837251,1166.551116697672,1162.0632132837252,8.440871732465078,21.834734871320972,1.4986163564514017,take_profit,3
2015-03-12 12:15:00,2015-03-12 14:00:00,short,1160.275,1157.4686570504855,1162.1383393434467,1157.2936570504855,7.842693367396234,22.009287236797345,1.506082592730417,take_profit,7
2015-03-13 15:00:00,2015-03-13 15:45:00,short,1158.635,1156.3731683718133,1160.1580197676167,1156.1981683718134,9.624049533820278,21.767979626829742,1.4850966982037956,take_profit,3
2015-03-16 07:45:00,2015-03-16 08:30:00,short,1162.445,1163.9003338132825,1163.6753338132826,1160.4764658987478,11.94891458323828,-17.38965942501164,-1.1828771976928674,stop_loss,3
2015-03-17 08:45:00,2015-03-17 10:00:00,short,1156.195,1154.6811595237884,1157.250525297632,1154.5061595237885,13.894858188463422,21.03459873691471,1.4342057737578737,take_profit,5
2015-03-18 12:00:00,2015-03-18 12:15:00,short,1147.565,1148.9689554419292,1148.7439554419293,1145.6786712929134,12.475826481057643,-17.515504480644754,-1.1908469073536132,stop_loss,1
2015-03-18 12:30:00,2015-03-18 12:45:00,short,1148.585,1149.9867523963571,1149.7617523963572,1146.7021961658284,12.469413751669734,-17.479030607571183,-1.191204199538008,stop_loss,1
2015-03-18 13:00:00,2015-03-18 14:00:00,short,1150.645,1148.8748477144131,1151.8607201784916,1148.6998477144132,12.040973499669395,21.314356761130426,1.456052401616843,take_profit,4
2015-03-18 15:30:00,2015-03-18 15:45:00,short,1149.445,1147.604453624784,1150.70471648451,1147.429453624784,11.654275661449931,21.45023482445014,1.461079852369929,take_profit,1
2015-03-19 09:15:00,2015-03-19 09:30:00,short,1172.375,1169.925224845422,1174.0154844716112,1169.750224845422,8.975387387203584,21.987681023884022,1.493324195974817,take_profit,1
2015-03-19 14:00:00,2015-03-19 14:15:00,short,1165.785,1162.9215512074093,1167.6840304953694,1162.7465512074093,7.776578118919894,22.26783322510933,1.5078477147013827,take_profit,1
2015-03-23 10:30:00,2015-03-23 10:45:00,long,1180.895,1179.2887630517046,1179.5137630517045,1183.104979117273,10.72407937116056,-17.225412522410785,-1.162897466852133,stop_loss,1
2015-03-25 11:30:00,2015-03-25 13:00:00,long,1191.105,1193.0336600554276,1189.7902124653579,1193.2086600554276,11.239872184274883,21.677892509922728,1.4668986468239587,take_profit,6
2015-03-27 09:45:00,2015-03-27 10:00:00,long,1201.305,1199.5611125778028,1199.7861125778027,1203.735219875516,9.758063308229481,-17.016963868226405,-1.1481347443607102,stop_loss,1
2015-03-27 10:15:00,2015-03-27 11:30:00,long,1198.165,1196.305959314534,1196.530959314534,1200.7794650967458,9.049570079659032,-16.823518964061666,-1.137695469887113,stop_loss,5
2015-03-27 11:45:00,2015-03-27 12:45:00,long,1196.625,1198.9877746255756,1195.0388908590153,1199.1627746255756,9.301830672920405,21.978129485377504,1.4896671133921702,take_profit,4
2015-03-27 15:45:00,2015-03-27 16:00:00,long,1195.855,1198.7781666127887,1193.9186458670072,1198.9531666127887,7.642029247155536,22.33892474923976,1.5096239695941454,take_profit,1
2015-03-30 10:00:00,2015-03-30 10:15:00,long,1190.995,1189.6004064387419,1189.8254064387418,1192.866349698013,12.690179955090109,-17.697643256574437,-1.1923745200494076,stop_loss,1
2015-03-30 10:30:00,2015-03-30 10:45:00,long,1189.075,1187.4539728987113,1187.6789728987112,1191.3086433620624,10.606497156464313,-17.19341934037067,-1.1611716561893282,stop_loss,1
2015-03-30 11:00:00,2015-03-30 12:15:00,long,1188.435,1190.5724782050436,1186.9897011218477,1190.7474782050435,10.221118181709627,21.847417344579558,1.4789177777376503,take_profit,5
2015-03-30 13:00:00,2015-03-30 14:00:00,long,1187.0349999999999,1185.315287287443,1185.5402872874429,1189.426540340091,9.912450300118005,-17.046566793701235,-1.1505305990306367,stop_loss,4
2015-03-30 14:15:00,2015-03-30 14:30:00,long,1184.5049999999999,1182.7924471254846,1183.0174471254845,1186.8850845992247,9.937241624035837,-17.01805170799534,-1.1512551277030831,stop_loss,1
2015-03-30 14:45:00,2015-03-30 15:00:00,long,1182.845,1185.0240117207602,1181.373742674525,1185.1990117207602,10.0241718316744,21.842787912132483,1.481054118154696,take_profit,1
2015-03-31 07:15:00,2015-03-31 08:15:00,long,1181.225,1182.8036095834505,1180.1289940103434,1182.9786095834504,13.496114030938765,21.305094948581274,1.4403293397559345,take_profit,4
2015-03-31 10:00:00,2015-03-31 10:30:00,long,1181.0249999999999,1179.5400320569213,1179.7650320569212,1183.040948708926,11.773658279468988,-17.48350511777307,-1.1785759719014228,stop_loss,2
2015-03-31 10:45:00,2015-03-31 12:30:00,long,1180.085,1178.494048990181,1178.719048990181,1182.2705216157108,10.834550352298317,-17.23723882392421,-1.1647204024027937,stop_loss,7
2015-04-01 09:30:00,2015-04-01 10:00:00,long,1185.665,1184.3901892111385,1184.6151892111384,1187.3446972621784,14.064430156048868,-17.92948730211994,-1.2143243357633053,stop_loss,2
2015-04-01 11:45:00,2015-04-01 12:00:00,long,1183.185,1181.9287034970039,1182.1537034970038,1184.8350744047939,14.282150186308625,-17.942615334324124,-1.2181719799749458,stop_loss,1
2015-04-01 12:15:00,2015-04-01 12:30:00,long,1182.585,1181.2907188316003,1181.5157188316002,1184.2958498694397,13.741237333980083,-17.785024711881604,-1.2104217362554168,stop_loss,1
2015-04-02 11:00:00,2015-04-02 11:15:00,long,1203.665,1202.1191464852377,1202.3441464852376,1205.77836562362,11.097124774620317,-17.154529336602135,-1.1703444004086945,stop_loss,1
2015-04-02 11:30:00,2015-04-02 12:15:00,long,1202.7649999999999,1201.217478346965,1201.442478346965,1204.8810346448558,11.057185468443562,-17.111233934039163,-1.170129539643883,stop_loss,3
2015-04-02 15:45:00,2015-04-02 16:45:00,long,1202.095,1204.4678750560824,1200.5025780899484,1204.6428750560824,9.161607639083266,21.73935024039484,1.4901045012659577,take_profit,4
2015-04-06 12:30:00,2015-04-06 12:45:00,long,1219.2549999999999,1217.8598023745135,1218.0848023745134,1221.1273162007783,12.504403630258551,-17.446114253060117,-1.1922752149718052,stop_loss,1
2015-04-06 13:00:00,2015-04-06 13:15:00,long,1218.2849999999999,1216.865952047412,1217.090952047412,1220.1954767241405,12.225414545629475,-17.348449480512482,-1.1884346432756432,stop_loss,1
2015-04-06 15:00:00,2015-04-06 15:15:00,long,1217.2749999999999,1219.0156066480797,1216.07774584495,1219.1906066480797,12.163694940928321,21.17220827939504,1.4538322049149994,take_profit,1
2015-04-07 11:30:00,2015-04-07 11:45:00,long,1210.215,1208.881774087528,1209.1067740875278,1211.988161459955,13.179062645056424,-17.570667820481223,-1.203027196411609,stop_loss,1
2015-04-07 12:00:00,2015-04-07 14:00:00,long,1208.435,1210.1616341159818,1207.2464786775113,1210.3366341159817,12.259129991201885,21.16703207506513,1.4527582158697754,take_profit,8
2015-04-08 11:30:00,2015-04-08 11:45:00,long,1210.215,1209.0694138427743,1209.2944138427742,1211.6879378515607,15.873116643303808,-18.184022698595804,-1.244409497398898,stop_loss,1
2015-04-08 12:00:00,2015-04-08 12:15:00,long,1209.555,1208.3965354052496,1208.6215354052495,1211.048543351601,15.615164721219097,-18.089615470729576,-1.2410375297201528,stop_loss,1
2015-04-08 14:30:00,2015-04-08 14:45:00,long,1209.435,1208.2249695174667,1208.4499695174666,1211.0110487720533,14.760989061089884,-17.86124671625912,-1.228419327106748,stop_loss,1
2015-04-08 15:00:00,2015-04-08 15:15:00,long,1206.435,1205.0034686145505,1205.2284686145504,1208.3654502167194,12.021487264235654,-17.209136318534654,-1.1864849955113843,stop_loss,1
2015-04-09 08:00:00,2015-04-09 08:30:00,long,1196.845,1195.5353990472156,1195.7603990472155,1198.5803615244554,13.341204776094747,-17.47165448606576,-1.2074495688227667,stop_loss,2
2015-04-09 08:45:00,2015-04-09 09:00:00,long,1195.715,1194.417803100121,1194.642803100121,1197.430515039806,13.462956388051154,-17.464105289783806,-1.2098495155370417,stop_loss,1
2015-04-09 09:15:00,2015-04-09 09:45:00,long,1194.2749999999999,1196.0356022537103,1193.0652485914309,1196.2106022537102,11.903281773341895,20.956944716696036,1.4553421812445244,take_profit,2
2015-04-10 10:45:00,2015-04-10 11:00:00,short,1195.7250000000001,1196.91822574909,1196.69322574909,1194.1758388014564,14.915866258361655,-17.79799568945736,-1.2323838218632335,stop_loss,1
2015-04-10 11:30:00,2015-04-10 12:00:00,short,1202.4750000000001,1204.2832587356963,1204.0582587356964,1199.9417860228862,9.09916330486108,-16.453641533541347,-1.1421119586628763,stop_loss,2
2015-04-10 14:30:00,2015-04-10 15:00:00,short,1204.295,1201.8433460878866,1205.936658695071,1201.6683460878867,8.755426782703346,21.46527632403747,1.4934004976031883,take_profit,2
2015-04-13 08:30:00,2015-04-13 09:15:00,long,1203.445,1204.8195717278206,1202.476517670112,1204.9945717278206,14.885509641870177,20.46120070791709,1.4193049118197012,take_profit,3
2015-04-13 11:00:00,2015-04-13 11:15:00,long,1202.0249999999999,1200.6717697312185,1200.8967697312185,1203.8301684300502,12.814117703614206,-17.340451944257286,-1.1994273742034323,stop_loss,1
2015-04-13 11:30:00,2015-04-13 11:45:00,long,1200.2849999999999,1198.8055565539587,1199.0305565539586,1202.2921095136658,11.497205874502594,-17.00946587881878,-1.17936241024652,stop_loss,1
2015-04-13 12:00:00,2015-04-13 15:00:00,long,1198.5349999999999,1200.025,1197.2061176409134,1200.6612117745383,10.827576667651892,16.13308923480388,1.1212429676803752,time_stop,12
2015-04-14 07:45:00,2015-04-14 08:30:00,long,1198.5349999999999,1197.4374381588523,1197.6624381588522,1199.931098945836,16.527014044988636,-18.139419963889654,-1.2578613794341142,stop_loss,3
2015-04-14 08:45:00,2015-04-14 09:00:00,long,1197.7649999999999,1196.6377444620725,1196.8627444620724,1199.2086088606836,15.942892405940428,-17.97171375517608,-1.2493750279624285,stop_loss,1
2015-04-14 09:15:00,2015-04-14 09:30:00,long,1195.135,1193.874279663726,1194.0992796637258,1196.7921525380386,13.853758619771401,-17.465715225777885,-1.21724011021094,stop_loss,1
2015-04-15 07:45:00,2015-04-15 08:45:00,short,1192.525,1193.7037931575826,1193.4787931575827,1190.998930947868,15.00711972201322,-17.690290043330634,-1.2359002035306852,stop_loss,4
2015-04-15 10:00:00,2015-04-15 10:15:00,short,1194.125,1192.7913552052944,1195.067902996691,1192.6163552052944,15.142923053486449,20.19528050690972,1.4144029655075663,take_profit,1
2015-04-15 13:00:00,2015-04-15 15:15:00,short,1192.335,1190.359915410398,1193.6788028685014,1190.184915410398,10.655356096072794,21.045229622076672,1.469772565528746,take_profit,9
2015-04-16 10:15:00,2015-04-16 10:45:00,short,1205.755,1207.4541204570878,1207.229120457088,1203.3964072686597,9.741936947555072,-16.552724359249343,-1.1526333882133413,stop_loss,2
2015-04-16 13:00:00,2015-04-16 13:30:00,short,1206.2350000000001,1208.121789035465,1207.8967890354652,1203.576137543256,8.621842358781805,-16.267597628056958,-1.1353962477775894,stop_loss,2
2015-04-16 15:15:00,2015-04-16 16:00:00,long,1206.0149999999999,1204.2240886911634,1204.4490886911633,1208.5204580941386,9.12896395945731,-16.34916479295279,-1.1436862986621366,stop_loss,3
2015-04-20 12:00:00,2015-04-20 12:15:00,long,1204.435,1202.9129439480037,1203.1379439480036,1206.510289683194,10.996016363778272,-16.73655325433893,-1.1734697584222347,stop_loss,1
2015-04-20 12:30:00,2015-04-20 13:15:00,long,1203.735,1202.2690179959827,1202.4940179959826,1205.7205712064274,11.465900730163316,-16.808804130266843,-1.1813080280548356,stop_loss,3
2015-04-20 13:45:00,2015-04-20 14:00:00,long,1200.125,1198.4578370224879,1198.6828370224878,1202.4324607640197,9.843103088257074,-16.41005705257755,-1.15601565392286,stop_loss,1
2015-04-20 14:15:00,2015-04-20 14:30:00,long,1199.2649999999999,1197.5859411061247,1197.8109411061246,1201.5914942302004,9.740003519300394,-16.354039535457154,-1.1547392619017296,stop_loss,1
2015-04-20 14:45:00,2015-04-20 15:30:00,long,1198.665,1196.8792553415055,1197.1042553415054,1201.1621914535913,9.053262228155946,-16.166814665878796,-1.1441619542154593,stop_loss,3
2015-04-21 11:15:00,2015-04-21 12:15:00,short,1195.785,1197.0015347460508,1196.7765347460509,1194.198544406319,14.21785478659451,-17.29651436219525,-1.226920943412292,stop_loss,4
2015-04-21 12:30:00,2015-04-21 13:00:00,short,1197.4750000000001,1198.7482358363804,1198.5232358363805,1195.7978226617915,13.41578251612553,-17.081455072615412,-1.2146463536076415,stop_loss,2
2015-04-21 13:15:00,2015-04-21 14:30:00,short,1198.145,1199.3957923223497,1199.1707923223498,1196.5037322842404,13.676005162727948,-17.1058422579557,-1.2193426438252999,stop_loss,5
2015-04-21 14:45:00,2015-04-21 15:00:00,short,1199.525,1200.7727612503145,1200.5477612503146,1197.8885819994966,13.683085282634707,-17.07322360041881,-1.2199926912861863,stop_loss,1
2015-04-22 08:45:00,2015-04-22 09:00:00,short,1201.9650000000001,1203.0596422100784,1202.8346422100785,1200.5735724638746,16.05301904948719,-17.572312250759566,-1.2587270918917672,stop_loss,1
2015-04-22 09:15:00,2015-04-22 09:30:00,short,1202.9750000000001,1204.1389261913432,1203.9139261913433,1201.4727180938512,14.831025557189202,-17.262219090491108,-1.2396354495959234,stop_loss,1
2015-04-22 10:30:00,2015-04-22 11:00:00,long,1200.855,1199.4553825928886,1199.6803825928885,1202.7343878513784,11.825734760820456,-16.551504223127434,-1.1915517330474403,stop_loss,2
2015-04-22 11:15:00,2015-04-22 12:00:00,long,1199.225,1201.0881833489352,1197.9511354069152,1201.2631833489352,10.878401808736395,20.268457113065395,1.4626227615162637,take_profit,3
2015-04-22 15:00:00,2015-04-22 15:15:00,long,1200.645,1199.0947754016406,1199.3197754016405,1202.7653593573752,10.4873904581373,-16.25781066080372,-1.1697825412224048,stop_loss,1
2015-04-23 08:00:00,2015-04-23 09:15:00,short,1189.2350000000001,1187.8502603881943,1190.2098372573787,1187.6752603881944,14.223535345467013,19.69589281278805,1.420482856317473,take_profit,5
2015-04-23 14:45:00,2015-04-23 15:15:00,short,1191.045,1189.147138311507,1192.3405385553083,1188.972138311507,10.73300668286148,20.369762185743156,1.4649210405332842,take_profit,2
2015-04-27 13:00:00,2015-04-27 13:45:00,short,1182.695,1183.900649898796,1183.675649898796,1181.1259601619258,14.220940127071636,-17.14547502498906,-1.2294396810483685,stop_loss,3
2015-04-27 14:00:00,2015-04-27 14:30:00,short,1184.675,1185.9947472865347,1185.7697472865348,1182.9234043415443,12.707473877723002,-16.77065416883578,-1.205526885307109,stop_loss,2
2015-04-27 14:45:00,2015-04-27 16:00:00,short,1186.825,1185.157382047512,1187.976636220305,1184.9823820475121,12.050620667642123,20.095831363982263,1.4480422924232308,take_profit,5
2015-04-28 10:15:00,2015-04-28 11:00:00,short,1201.4950000000001,1200.0173812865773,1202.5278866958893,1199.8423812865774,13.474975480014603,19.910875932182567,1.4305719294319914,take_profit,3
2015-04-28 12:30:00,2015-04-28 13:45:00,short,1201.4950000000001,1202.9097604284239,1202.684760428424,1199.591383314522,11.731727093239419,-16.597583248581717,-1.1891137027460101,stop_loss,5
2015-04-29 11:00:00,2015-04-29 12:00:00,long,1208.0449999999998,1206.8543666352236,1207.0793666352236,1209.590013383642,14.420327625415734,-17.169323201823982,-1.2330076902966522,stop_loss,4
2015-04-29 12:15:00,2015-04-29 12:30:00,long,1207.155,1205.9829787088195,1206.2079787088194,1208.670234065889,14.667474711563061,-17.19059264980346,-1.2375870554287287,stop_loss,1
2015-04-29 13:00:00,2015-04-29 13:45:00,long,1205.2949999999998,1206.8142599281186,1204.2360875449256,1206.9892599281186,13.085151268176894,19.879745975114044,1.4347361019681555,take_profit,3
2015-04-30 10:30:00,2015-04-30 10:45:00,long,1201.085,1202.889023867258,1199.8481100829638,1203.064023867258,11.2344590694456,20.26723229701196,1.4585161075454365,take_profit,1
2015-04-30 13:15:00,2015-04-30 14:15:00,long,1203.205,1201.49201207442,1201.71701207442,1205.5857806809279,9.365884878074889,-16.04364770851375,-1.151210904424649,stop_loss,4
2015-04-30 15:45:00,2015-04-30 16:00:00,long,1198.365,1196.066641448475,1196.2916414484748,1201.6823736824404,6.706141735737211,-15.413118206070983,-1.108519580385359,stop_loss,1
2015-05-01 11:15:00,2015-05-01 11:45:00,short,1182.875,1181.5227586740841,1183.8295258286973,1181.3477586740842,14.534347486491656,19.653945316455673,1.4166628971803843,take_profit,2
2015-05-01 14:00:00,2015-05-01 14:30:00,short,1181.575,1179.7972303230017,1182.795481048124,1179.6222303230018,11.399372395939718,20.265458582313457,1.4566139144323815,take_profit,2
2015-05-04 08:15:00,2015-05-04 10:00:00,short,1184.145,1182.8387661107506,1185.0707711807809,1182.6637661107507,15.072027706832055,19.687593370369495,1.4109684081411633,take_profit,7
2015-05-04 16:00:00,2015-05-04 16:15:00,short,1186.7050000000002,1188.4818805903808,1188.256880590381,1184.2219910553908,9.016559753623797,-16.02135001822139,-1.1449853818615698,stop_loss,1
2015-05-05 09:15:00,2015-05-05 10:15:00,short,1189.025,1190.1317466373062,1189.9067466373062,1187.61420538031,15.83287169233986,-17.522977504395442,-1.2551753423038992,stop_loss,4
2015-05-05 14:15:00,2015-05-05 14:30:00,short,1189.785,1191.1449935832336,1190.9199935832337,1187.9690102668262,12.269263566175965,-16.6861197210001,-1.1982390062143626,stop_loss,1
2015-05-05 15:30:00,2015-05-05 15:45:00,short,1195.345,1197.1863442734045,1196.9613442734046,1192.7588491625527,8.594804589437999,-15.825994211792391,-1.1392030173905832,stop_loss,1
2015-05-05 16:00:00,2015-05-05 16:45:00,short,1197.415,1199.4464907255376,1199.2214907255377,1194.5246148391398,7.672616855876828,-15.586849983317627,-1.1245508746981985,stop_loss,3
2015-05-06 15:30:00,2015-05-06 16:00:00,short,1195.365,1197.4162546048885,1197.1912546048886,1192.4429926321782,7.572513412839743,-15.533153008667657,-1.123202974764645,stop_loss,2
2015-05-07 12:45:00,2015-05-07 14:30:00,short,1183.545,1185.0418831794245,1184.8168831794246,1181.509986912921,10.84869381715148,-16.239227293620164,-1.1769030392411575,stop_loss,7
2015-05-08 10:00:00,2015-05-08 10:15:00,short,1185.545,1186.6368238158775,1186.4118238158776,1184.158081894596,15.880727407378755,-17.338956396833606,-1.2595683181271753,stop_loss,1
2015-05-08 10:30:00,2015-05-08 10:45:00,short,1187.055,1188.218740943282,1187.993740943282,1185.5530144907486,14.627160896353804,-17.022226019059435,-1.2396827384701723,stop_loss,1
2015-05-08 15:15:00,2015-05-08 15:30:00,short,1186.635,1188.062104045914,1187.8371040459142,1184.7116335265373,11.394246955492351,-16.26077593032778,-1.1871718182503863,stop_loss,1
2015-05-11 13:15:00,2015-05-11 13:45:00,short,1186.805,1185.4494028698525,1187.7616232063422,1185.2744028698526,14.284149415246114,19.36355195390635,1.417064860187768,take_profit,2
2015-05-11 14:45:00,2015-05-11 15:00:00,short,1187.835,1189.2062872668357,1188.9812872668358,1186.000940373063,11.954486727587003,-16.393035431096187,-1.1962858757220627,stop_loss,1
2015-05-11 15:15:00,2015-05-11 15:30:00,short,1191.155,1189.239856750243,1192.461339531098,1189.064856750243,10.464729514108209,20.041456089476828,1.466037889971214,take_profit,1
2015-05-12 10:00:00,2015-05-12 10:15:00,short,1183.185,1184.1333060392562,1183.9083060392563,1182.0277103371898,18.95542414218259,-17.97554319069632,-1.3110716457327336,stop_loss,1
2015-05-12 10:30:00,2015-05-12 12:45:00,short,1184.525,1185.556473064461,1185.331473064461,1183.2346430968626,16.956079843119248,-17.48973963702586,-1.278992578816367,stop_loss,9
2015-05-12 13:00:00,2015-05-12 13:15:00,short,1187.635,1188.9758269118515,1188.7508269118516,1185.8496769410374,12.223797479859668,-16.38999662601883,-1.2016441776140165,stop_loss,1
2015-05-12 16:00:00,2015-05-12 16:15:00,short,1194.925,1192.345172197909,1196.6467673763068,1192.170172197909,7.902845870494961,20.38798149234219,1.4983602533023845,take_profit,1
2015-05-13 11:45:00,2015-05-13 13:15:00,long,1193.495,1195.0932105662077,1192.38674339612,1195.2682105662077,12.314511021188581,19.681181631746657,1.442094331414457,take_profit,6
2015-05-14 11:15:00,2015-05-14 11:30:00,long,1215.0249999999999,1213.5690576390323,1213.7940576390322,1216.994507777548,11.11912381932162,-16.18880338539401,-1.1827867876957543,stop_loss,1
2015-05-15 11:15:00,2015-05-15 11:30:00,long,1218.5249999999999,1219.9304875671519,1217.53719527053,1220.1054875671518,13.82320059006494,19.428336567584772,1.4228394795257862,take_profit,1
2015-05-15 12:30:00,2015-05-15 13:00:00,long,1216.975,1215.4815063823498,1215.7065063823497,1219.00458978824,10.795071730655355,-16.122370731808513,-1.1773757446385207,stop_loss,2
2015-05-15 13:15:00,2015-05-15 15:15:00,long,1213.435,1215.8980061096079,1211.786246181495,1216.0730061096078,8.285794214770203,20.407961773933064,1.493859229900894,take_profit,8
2015-05-18 11:45:00,2015-05-18 12:00:00,long,1228.095,1229.648943976396,1227.0144100147527,1229.8239439763959,12.680157100808167,19.704253746554365,1.4380514326534253,take_profit,1
2015-05-18 14:30:00,2015-05-18 14:45:00,long,1227.145,1225.7102351241372,1225.935235124137,1229.0806238013809,11.358785129373077,-16.297185936097307,-1.18598655365938,stop_loss,1
2015-05-18 15:00:00,2015-05-18 15:15:00,long,1226.165,1224.6747435509142,1224.899743550914,1228.1894103185375,10.834850847843166,-16.14670635088093,-1.177829561874564,stop_loss,1
2015-05-18 15:30:00,2015-05-18 15:45:00,long,1225.0049999999999,1226.9363537950653,1223.6885288780838,1227.1113537950653,10.388812386184425,20.06447222828007,1.4670688653272348,take_profit,1
2015-05-19 09:30:00,2015-05-19 09:45:00,long,1220.325,1221.55639620576,1219.4460023714,1221.73139620576,15.604934524929977,19.21585716513033,1.400909588028287,take_profit,1
2015-05-19 10:30:00,2015-05-19 11:45:00,long,1218.365,1220.127947991272,1217.153782505455,1220.302947991272,11.356451023991232,20.020832520725158,1.4555172784506947,take_profit,5
2015-05-19 15:15:00,2015-05-19 15:30:00,long,1218.715,1217.0803723092477,1217.3053723092476,1220.9704043052036,9.786395309729503,-15.997112765931963,-1.159616614710385,stop_loss,1
2015-05-20 09:00:00,2015-05-20 09:15:00,long,1206.675,1205.6178172554125,1205.8428172554125,1208.00649239134,16.538650537069312,-17.484375966550942,-1.2703733061798084,stop_loss,1
2015-05-20 09:30:00,2015-05-20 09:45:00,long,1205.465,1204.2402607967588,1204.4652607967587,1207.064582725186,13.73179205063761,-16.81786405517096,-1.225058694577987,stop_loss,1
2015-05-21 13:00:00,2015-05-21 14:45:00,long,1209.165,1207.834566791492,1208.059566791492,1210.9336931336125,12.388423841683066,-16.48197048004597,-1.2035401128428158,stop_loss,7
2015-05-21 15:00:00,2015-05-21 15:15:00,long,1208.475,1207.1562225199252,1207.3812225199251,1210.2250439681195,12.490302116820253,-16.471929150991738,-1.2057091173467265,stop_loss,1
2015-05-21 16:00:00,2015-05-21 16:15:00,long,1202.865,1205.2877296380013,1201.2414189762492,1205.4627296380013,8.394202147621252,20.33688233041641,1.4922135714571785,take_profit,1
2015-05-25 15:45:00,2015-05-25 16:00:00,short,1204.435,1205.3419752660002,1205.1169752660003,1203.3438395743995,20.043749036875525,-18.179184614362335,-1.3299239887679422,stop_loss,1
2015-05-26 14:15:00,2015-05-26 15:15:00,short,1195.755,1193.9534737953584,1196.990328877901,1193.7784737953584,11.035913557694942,19.881487466348403,1.4583373196156089,take_profit,4
2015-05-27 08:45:00,2015-05-27 10:00:00,short,1190.015,1188.7990184436244,1190.884363472735,1188.6240184436244,15.727306374810606,19.124114483239815,1.39870329788574,take_profit,5
2015-05-28 08:30:00,2015-05-28 09:00:00,short,1188.7050000000002,1187.7464774618372,1189.413451586352,1187.5714774618373,19.35346631989533,18.55073365919674,1.3529824149293819,take_profit,2
2015-05-28 10:15:00,2015-05-28 11:00:00,short,1189.605,1190.753180719805,1190.528180719805,1188.1279108483122,14.892095434964773,-17.09881685592173,-1.2437225942580639,stop_loss,3
2015-05-28 11:15:00,2015-05-28 11:30:00,short,1191.825,1190.184929007149,1192.9594193705318,1190.0099290071491,12.088913593670188,19.82667652006003,1.4457360615079833,take_profit,1
2015-05-29 10:30:00,2015-05-29 10:45:00,short,1189.275,1190.3949589403903,1190.1699589403904,1187.8430656953756,15.367801227155574,-17.21130637849289,-1.2514081818119813,stop_loss,1
2015-05-29 12:45:00,2015-05-29 13:45:00,short,1190.055,1188.6345376461902,1191.0521639711312,1188.4595376461903,13.758146991677467,19.542929859860124,1.424502283409333,take_profit,4
2015-06-01 07:45:00,2015-06-01 09:45:00,short,1191.415,1190.2167507755746,1192.2732807652658,1190.0417507755747,16.02996933653287,19.207898325062708,1.3961040173773958,take_profit,8
2015-06-02 10:15:00,2015-06-02 10:30:00,short,1189.095,1187.2147272569023,1190.379545464436,1187.0397272569023,10.740476322537408,20.195024877153827,1.4637650399734072,take_profit,1
2015-06-02 13:45:00,2015-06-02 14:15:00,short,1190.325,1192.163589977645,1191.938589977645,1187.743256035768,8.575301276936683,-15.766462983061427,-1.1394406281131535,stop_loss,2
2015-06-02 14:30:00,2015-06-02 15:00:00,short,1191.515,1193.315950138807,1193.090950138807,1188.993479777909,8.760104098367043,-15.776510691917116,-1.142771014424501,stop_loss,2
2015-06-03 14:45:00,2015-06-03 15:15:00,short,1192.175,1190.391209611379,1193.3992439928882,1190.216209611379,11.250971479881542,20.069374788460564,1.4570546386040482,take_profit,2
2015-06-04 08:15:00,2015-06-04 08:30:00,short,1184.775,1186.0053019846462,1185.7803019846463,1183.166516824566,13.741217274966903,-16.90584688484472,-1.223813345080684,stop_loss,1
2015-06-04 11:45:00,2015-06-04 12:15:00,short,1184.805,1182.490703069917,1186.360810581302,1182.315703069917,8.857287300794956,20.498392809094447,1.4875184408029973,take_profit,2
2015-06-05 13:00:00,2015-06-05 13:45:00,short,1175.905,1174.6903064795395,1176.7735584502877,1174.5153064795395,15.912870440956228,19.329260616557175,1.3985167262584004,take_profit,3
2015-06-08 11:00:00,2015-06-08 14:00:00,short,1174.825,1174.875,1176.2883807272028,1172.4835908364755,9.47116246197461,-0.47355812309829975,-0.03416745831792427,time_stop,12
2015-06-09 08:00:00,2015-06-09 08:30:00,short,1177.365,1178.394607141485,1178.1696071414851,1176.077628573624,17.224517134204575,-17.734485850008298,-1.2796395761347712,stop_loss,2
2015-06-09 11:30:00,2015-06-09 11:45:00,short,1177.755,1178.9863238678022,1178.7613238678023,1176.1448818115166,13.736631879063598,-16.91424269590188,-1.223586071242963,stop_loss,1
2015-06-10 07:30:00,2015-06-10 07:45:00,short,1179.135,1180.274578930528,1180.049578930528,1177.671673711155,15.07761831967929,-17.182136159648483,-1.2460148517416725,stop_loss,1
2015-06-10 08:00:00,2015-06-10 08:45:00,short,1180.2150000000001,1181.420835914588,1181.195835914588,1178.6456625366595,14.02406616725637,-16.910722653034128,-1.2293961677519054,stop_loss,3
2015-06-10 10:00:00,2015-06-10 10:15:00,short,1182.195,1183.4515443854866,1183.2265443854867,1180.5445289832212,13.301886485109137,-16.714410779244997,-1.2181195527458912,stop_loss,1
2015-06-10 10:30:00,2015-06-10 10:45:00,short,1184.035,1185.4678112303432,1185.2428112303432,1182.102502031451,11.33294438291409,-16.2379699846928,-1.1862873885813938,stop_loss,1
2015-06-10 12:45:00,2015-06-10 13:00:00,short,1185.4550000000002,1187.0229359174277,1186.7979359174278,1183.306302532116,10.168453595853945,-15.943483617634989,-1.167543363074901,stop_loss,1
2015-06-11 07:30:00,2015-06-11 07:45:00,short,1187.665,1186.8007060550133,1188.3145587156166,1186.6257060550133,20.973769212533842,18.12750173394114,1.3305863260816682,take_profit,1
2015-06-12 14:30:00,2015-06-12 14:45:00,short,1180.385,1181.5397810390427,1181.3147810390428,1178.8973503375314,14.691576856486153,-16.965554387509435,-1.2419924590326505,stop_loss,1
2015-06-12 15:00:00,2015-06-12 15:15:00,short,1181.2450000000001,1179.9274857502185,1182.1778214061137,1179.7524857502185,14.607317538730593,19.245349008363007,1.4123971010386727,take_profit,1
2015-06-15 09:30:00,2015-06-15 09:45:00,short,1181.4950000000001,1182.5333469167122,1182.3083469167123,1180.1936449332609,16.80034546547538,-17.444586913773527,-1.2766347242200742,stop_loss,1
2015-06-15 10:00:00,2015-06-15 10:15:00,short,1183.535,1184.7167123924712,1184.4917123924713,1182.0042601720463,14.246308626785753,-16.835039451241045,-1.235180396711207,stop_loss,1
2015-06-16 09:15:00,2015-06-16 09:45:00,long,1184.215,1185.4241782015802,1183.3498886240122,1185.5991782015801,15.715837646673915,19.003248301932253,1.3977139072986395,take_profit,2
2015-06-17 14:30:00,2015-06-17 15:15:00,short,1179.4650000000001,1178.2383989570221,1180.3410006518613,1178.0633989570222,15.563865619220024,19.090653801305,1.4002284591591418,take_profit,3
2015-06-18 07:45:00,2015-06-18 08:30:00,short,1187.755,1188.9644001902377,1188.7394001902378,1186.1799596956198,13.888800379262694,-16.79711782085238,-1.2285655795592447,stop_loss,3
2015-06-18 08:45:00,2015-06-18 10:30:00,short,1188.255,1189.441494008574,1189.216494008574,1186.7166095862817,14.184741015813692,-16.830110228434627,-1.2340108185735068,stop_loss,7
2015-06-18 13:45:00,2015-06-18 14:15:00,long,1195.475,1197.7751923461776,1193.928004783639,1197.9501923461776,8.794392597686183,20.228794542479665,1.4868774782565146,take_profit,2
2015-06-19 10:15:00,2015-06-19 12:00:00,long,1199.0149999999999,1200.2640260635003,1198.124983710312,1200.4390260635003,15.331563058573884,19.149521854359048,1.4033743853594034,take_profit,7
2015-06-22 11:15:00,2015-06-22 11:30:00,long,1195.0249999999999,1193.8608121480559,1194.0858121480558,1196.5277005631103,14.569651730364496,-16.961811551545328,-1.2395686864285607,stop_loss,1
2015-06-23 07:45:00,2015-06-23 10:45:00,long,1185.825,1184.7681737991907,1184.9931737991906,1187.1559219212952,16.409336801159462,-17.34181706937094,-1.2704891956768798,stop_loss,12
2015-06-23 11:00:00,2015-06-23 11:30:00,long,1183.685,1182.4189978339732,1182.6439978339731,1185.3506034656427,13.078774568680316,-16.55775693292469,-1.2161378788083235,stop_loss,2
2015-06-23 13:45:00,2015-06-23 14:00:00,long,1183.135,1181.880532872502,1182.105532872502,1184.782147403997,13.193152824719848,-16.550376526667726,-1.218559674213918,stop_loss,1
2015-06-23 14:15:00,2015-06-23 14:30:00,long,1182.735,1181.492041099249,1181.717041099249,1184.3637342412014,13.309787239994243,-16.54351851705112,-1.2210305345666952,stop_loss,1
2015-06-23 14:45:00,2015-06-23 15:00:00,long,1181.955,1180.6165048253729,1180.8415048253728,1183.7365922794033,12.138112188537708,-16.246804593439403,-1.2020664347066012,stop_loss,1
2015-06-24 13:00:00,2015-06-24 14:15:00,short,1179.2350000000001,1177.2425953356296,1180.5896279152316,1177.0675953356297,9.953460718051408,19.83132156127414,1.4708132336324975,take_profit,5
2015-06-29 07:45:00,2015-06-29 08:30:00,short,1182.925,1184.4893623617215,1184.2643623617216,1180.7820202212454,10.09651963608439,-15.794615303073263,-1.167990385895782,stop_loss,3
2015-06-29 09:30:00,2015-06-29 09:45:00,short,1184.035,1182.143461190192,1185.32658675613,1181.968461190192,10.445530732116566,19.758126768840924,1.464507746638636,take_profit,1
2015-06-29 14:15:00,2015-06-29 15:15:00,short,1178.335,1180.0096570082405,1179.7846570082406,1176.015548786815,9.333811605759564,-15.630933019181782,-1.1552091278977674,stop_loss,4
2015-06-29 15:30:00,2015-06-29 16:00:00,short,1182.535,1180.068716666982,1184.1858020831364,1179.893716666982,8.177578450955606,20.16822543803941,1.4939909261153763,take_profit,2
2015-07-03 09:30:00,2015-07-03 10:15:00,short,1167.885,1168.8921758715712,1168.6671758715713,1166.633518605486,17.31055697937079,-17.4347753130813,-1.287659090720739,stop_loss,3
2015-07-03 15:00:00,2015-07-03 15:30:00,short,1168.555,1169.62232072142,1169.39732072142,1167.207286845728,16.03312146866178,-17.11248277254572,-1.2671191557778487,stop_loss,2
2015-07-07 09:15:00,2015-07-07 09:30:00,short,1168.125,1169.116593256668,1168.891593256668,1166.8984507893313,17.572298424724334,-17.424572622114567,-1.2935063647413785,stop_loss,1
2015-07-08 07:30:00,2015-07-08 08:30:00,short,1153.9850000000001,1152.1806180736091,1155.2221137039944,1152.0056180736092,10.860728717116416,19.596902604600444,1.4585417011913786,take_profit,4
2015-07-08 10:45:00,2015-07-08 11:00:00,short,1150.405,1152.430796246645,1152.2057962466451,1147.5237260053677,7.482884397178144,-15.158799125882563,-1.124944729543432,stop_loss,1
2015-07-08 11:15:00,2015-07-08 12:45:00,short,1153.355,1155.4985947228724,1155.2735947228725,1150.2852484434038,7.007645949394067,-15.021552876879422,-1.117273334132307,stop_loss,6
2015-07-08 13:00:00,2015-07-08 14:15:00,short,1154.355,1156.3065867544283,1156.0815867544284,1151.5924611929145,7.769542652928591,-15.162936529420863,-1.130314911441796,stop_loss,5
2015-07-08 14:45:00,2015-07-08 15:15:00,short,1156.9550000000002,1154.4596148987937,1158.623990688254,1154.2846148987937,8.019495647070906,20.011729956890846,1.4951462094837595,take_profit,2
2015-07-09 09:00:00,2015-07-09 09:15:00,short,1163.2450000000001,1164.796153278365,1164.571153278365,1161.1231547546163,10.122877376527107,-15.702134429085255,-1.1696636457267755,stop_loss,1
2015-07-09 15:45:00,2015-07-09 16:00:00,short,1164.645,1166.5557285152147,1166.3307285152148,1161.9478343756562,7.944982023871609,-15.180703705879795,-1.133473449591163,stop_loss,1
2015-07-13 13:45:00,2015-07-13 14:00:00,short,1156.285,1157.8462367993925,1157.6212367993926,1154.1470211209719,10.00026443604361,-15.61278084120655,-1.1683833285404208,stop_loss,1
2015-07-13 14:15:00,2015-07-13 15:15:00,short,1156.9550000000002,1154.9627018849196,1158.3095613219255,1154.7877018849197,9.841928575419931,19.608055749566333,1.4708068825180844,take_profit,4
2015-07-14 15:30:00,2015-07-14 15:45:00,short,1154.295,1155.6235542170834,1155.3985542170835,1152.5293132526663,12.116044400837271,-16.09682188310165,-1.2038866749968602,stop_loss,1
2015-07-17 10:30:00,2015-07-17 11:30:00,short,1145.025,1144.1734153804803,1145.6666153872,1143.9984153804803,20.7889625393183,17.7035607542573,1.3272509302439124,take_profit,4
2015-07-17 14:15:00,2015-07-17 15:30:00,short,1143.9950000000001,1143.0363500601584,1144.7035312124012,1142.8613500601584,18.87556276502531,18.095057109170398,1.3530101752229162,take_profit,5
2015-07-20 09:15:00,2015-07-20 09:30:00,short,1109.155,1113.1298616554925,1112.9048616554926,1103.155221351212,3.5761627272922203,-14.214752098515444,-1.0600022135937575,stop_loss,1
2015-07-20 10:00:00,2015-07-20 13:00:00,short,1117.075,1113.5749999999998,1121.1189052686286,1110.6047515701941,3.3090997666263737,11.58184918319306,0.8654999975276852,time_stop,12
2015-07-23 10:45:00,2015-07-23 11:00:00,short,1102.7250000000001,1104.4298251808154,1104.2048251808155,1100.3572797106954,9.05840085222647,-15.442989870794507,-1.1520449867435911,stop_loss,1
2015-07-23 11:15:00,2015-07-23 14:15:00,short,1103.765,1101.3586901587119,1105.3783186508053,1101.183690158712,8.289722363667938,19.947640505241438,1.4915279384436606,take_profit,12
2015-07-24 09:00:00,2015-07-24 12:00:00,short,1084.885,1083.7549999999999,1086.545923990299,1082.227521615522,8.076142592111834,9.126041129087254,0.6803441979285012,time_stop,12
2015-07-24 15:30:00,2015-07-24 15:45:00,short,1081.785,1083.8262840097452,1083.6012840097453,1078.8789455844076,7.395380342777751,-15.096071639695761,-1.1238793045540656,stop_loss,1
2015-07-24 16:00:00,2015-07-24 16:15:00,short,1083.405,1080.6849632845147,1085.2143979471782,1080.5099632845147,7.406838799719193,20.14687348091743,1.5032827464667038,take_profit,1
2015-07-27 09:30:00,2015-07-27 09:45:00,short,1102.885,1104.697673983735,1104.4726739837351,1100.3447216260238,8.466607631013622,-15.34719938323118,-1.1417167518677698,stop_loss,1
2015-07-28 09:45:00,2015-07-28 11:00:00,short,1097.055,1095.2093557928365,1098.3179026294772,1095.0343557928365,10.619598023198348,19.599999573921615,1.4614303304821559,take_profit,5
2015-07-28 15:00:00,2015-07-28 15:15:00,short,1093.855,1095.3637102773578,1095.1387102773579,1091.8010635562275,10.478001542777871,-15.808268613759333,-1.1752731936235712,stop_loss,1
2015-07-29 08:30:00,2015-07-29 08:45:00,short,1097.285,1098.204843610234,1097.9798436102342,1096.1732502236255,19.312405743915058,-17.76439302178688,-1.3238138721950738,stop_loss,1
2015-07-29 09:00:00,2015-07-29 09:30:00,short,1098.685,1097.5627055499626,1099.4958090312732,1097.3877055499627,16.506442857878735,18.5250892092554,1.3841661929627311,take_profit,2
2015-07-30 13:45:00,2015-07-30 14:45:00,short,1087.535,1085.6346523223972,1088.832092298502,1085.4596523223972,10.346698640708471,19.66232473272737,1.4650828470709334,take_profit,4
2015-07-31 09:30:00,2015-07-31 09:45:00,short,1084.9950000000001,1083.491934748263,1086.043790782336,1083.316934748263,12.833777716153262,19.290005333667864,1.4331411727223298,take_profit,1
2015-07-31 15:15:00,2015-07-31 15:30:00,short,1082.895,1084.413322469275,1084.1883224692751,1080.8256840491597,10.437093689001445,-15.846873861939848,-1.1739705335251858,stop_loss,1
2015-07-31 15:45:00,2015-07-31 16:00:00,short,1090.575,1092.611283149528,1092.386283149528,1087.6769469607552,7.434968981907132,-15.139702055120022,-1.1242213289835683,stop_loss,1
2015-08-03 10:00:00,2015-08-03 10:15:00,short,1097.295,1095.6505646414198,1098.4321470991129,1095.4755646414199,11.816021551270504,19.43068363665568,1.4461061017200683,take_profit,1
2015-08-04 09:00:00,2015-08-04 09:15:00,short,1086.185,1087.516307161776,1087.291307161776,1084.4149085411582,12.180537614635076,-16.21603696064645,-1.203379321560818,stop_loss,1
2015-08-04 09:30:00,2015-08-04 10:00:00,short,1088.055,1089.5294689303068,1089.304468930307,1086.055849711509,10.758958144026609,-15.863749505838381,-1.180076506539981,stop_loss,2
2015-08-04 10:15:00,2015-08-04 10:30:00,short,1089.2350000000001,1090.8104749416489,1090.585474941649,1087.074240093362,9.930770287412795,-15.64567973908867,-1.1666080525161031,stop_loss,1
2015-08-04 10:45:00,2015-08-04 11:00:00,short,1090.535,1092.1834197200951,1091.9584197200952,1088.2575284478478,9.39987333043928,-15.494936564291502,-1.158070031504743,stop_loss,1
2015-08-04 13:00:00,2015-08-04 15:00:00,short,1093.415,1091.1058469935324,1094.967595629042,1090.9308469935324,8.597844114794185,19.85373758681648,1.487285525782534,take_profit,8
2015-08-05 12:15:00,2015-08-05 14:00:00,short,1086.295,1087.5570162606045,1087.3320162606046,1084.6357739830328,12.91077408871413,-16.293606836948072,-1.2169686325542652,stop_loss,7
2015-08-05 14:15:00,2015-08-05 14:45:00,short,1087.675,1088.8580193616583,1088.6330193616584,1086.1421690213463,13.941362761388982,-16.492902074625924,-1.23485955399733,stop_loss,2
2015-08-05 15:30:00,2015-08-05 16:45:00,short,1090.4750000000001,1088.679252267364,1091.7067173328976,1088.504252267364,10.816694133729918,19.424053965263415,1.4579219474096399,take_profit,5
2015-08-07 09:30:00,2015-08-07 09:45:00,short,1089.785,1090.8445975618397,1090.6195975618398,1088.4496439010568,16.010060858124522,-16.964221450172513,-1.269591010431354,stop_loss,1
2015-08-07 10:00:00,2015-08-07 10:30:00,short,1095.835,1094.0151674452989,1097.0817703466882,1093.840167445299,10.690043559023358,19.454089279884364,1.4596373418209645,take_profit,2
2015-08-07 15:15:00,2015-08-07 15:30:00,short,1092.4850000000001,1090.8641352441086,1093.6074154724324,1090.6891352441087,11.909081637826125,19.303010701786857,1.4440862547796551,take_profit,1
2015-08-10 14:30:00,2015-08-10 16:45:00,short,1096.365,1097.668537403273,1097.443537403273,1094.6393401547632,12.429372846484105,-16.202152404616736,-1.2086158526511075,stop_loss,9
2015-08-11 08:15:00,2015-08-11 09:45:00,long,1099.845,1097.5603340744453,1097.7853340744452,1103.1404654808878,6.492868111971889,-14.834034534542795,-1.1092410168116482,stop_loss,6
2015-08-11 14:30:00,2015-08-11 15:30:00,long,1109.185,1106.498809387423,1106.723809387423,1113.122904980123,5.421551289889539,-14.563320180505276,-1.0914191687755244,stop_loss,4
2015-08-11 15:45:00,2015-08-11 16:15:00,long,1106.885,1110.4856732198355,1104.5252042376028,1110.6606732198354,5.64215967842668,20.315573256146457,1.525841039810042,take_profit,2
2015-08-13 10:30:00,2015-08-13 10:45:00,long,1119.365,1117.8079418243365,1118.0329418243364,1121.4962930810618,10.025820110881,-15.61078517137922,-1.1689115416357951,stop_loss,1
2015-08-13 12:15:00,2015-08-13 14:15:00,long,1117.0149999999999,1115.4840497241166,1115.7090497241165,1119.1045204414131,10.202344087777062,-15.61928149583806,-1.17228833605301,stop_loss,8
2015-08-13 14:45:00,2015-08-13 15:00:00,long,1115.5049999999999,1117.3332628919334,1114.2529606925414,1117.5082628919333,10.616691851376146,19.41010374696368,1.4602280304159423,take_profit,1
2015-08-14 15:30:00,2015-08-14 17:00:00,long,1118.0349999999999,1119.5927523082391,1116.9520298073503,1119.767752308239,12.309974744526857,19.17589157265404,1.4384073715160604,take_profit,6
2015-08-17 12:45:00,2015-08-17 15:00:00,long,1116.7549999999999,1118.0771974791808,1115.8192515755118,1118.2521974791807,14.287694377952521,18.89115348983574,1.4129839223658618,take_profit,9
2015-08-18 14:45:00,2015-08-18 15:00:00,long,1119.235,1118.0750847020818,1118.3000847020817,1120.730864476669,14.34083904774133,-16.634158596456874,-1.240663513048633,stop_loss,1
2015-08-18 15:15:00,2015-08-18 15:30:00,long,1118.075,1116.8688740543462,1117.093874054346,1119.6448015130463,13.631482841490916,-16.441285132857686,-1.229328355851336,stop_loss,1
2015-08-19 14:15:00,2015-08-19 15:15:00,long,1121.2949999999998,1122.5255628119903,1120.416523242506,1122.7005628119903,15.186877523450468,18.688406710612025,1.4007915422839314,take_profit,4
2015-08-20 11:45:00,2015-08-20 12:00:00,long,1136.665,1138.4026172868653,1135.4696141957093,1138.5776172868652,11.191947979185956,19.447322282330855,1.4536037492065956,take_profit,1
2015-08-20 14:30:00,2015-08-20 15:15:00,long,1138.345,1140.0541416169592,1137.1674114894006,1140.2291416169592,11.394124739221176,19.474172780627153,1.451391213123481,take_profit,3
2015-08-21 09:15:00,2015-08-21 09:30:00,long,1162.085,1160.1259830755002,1160.3509830755002,1164.8594270791998,7.760327212888051,-15.202612349703996,-1.1297565189940706,stop_loss,1
2015-08-21 09:45:00,2015-08-21 10:00:00,long,1158.115,1156.0103119375487,1156.2353119375487,1161.1225008999222,7.142745527997932,-15.033251245904367,-1.1197007123120635,stop_loss,1
2015-08-21 12:45:00,2015-08-21 13:30:00,long,1149.645,1152.5914401955351,1147.6940998777904,1152.766440195535,6.866608314341423,20.232050744371502,1.51029781688573,take_profit,3
2015-08-24 09:15:00,2015-08-24 10:30:00,long,1154.355,1158.0129332649842,1151.9594167093849,1158.1879332649842,5.608876616288351,20.51689635391315,1.526948897712879,take_profit,5
2015-08-24 12:00:00,2015-08-24 14:45:00,long,1155.215,1158.5529802436633,1153.0193873477103,1158.7279802436633,6.138407373338759,20.489882539762668,1.5202955950279213,take_profit,11
2015-08-25 14:00:00,2015-08-25 15:15:00,long,1148.185,1151.266790390243,1146.1495060060981,1151.4417903902429,6.641407294440728,20.467425177697105,1.5140257841466513,take_profit,5
2015-08-26 11:15:00,2015-08-26 12:30:00,long,1136.2949999999998,1134.4038769267506,1134.6288769267505,1138.9607969171989,8.138342075055219,-15.390606476131849,-1.1350440454324358,stop_loss,5
2015-08-26 12:45:00,2015-08-26 13:30:00,long,1134.355,1132.2966733547635,1132.5216733547634,1137.2883226323784,7.3793168999333805,-15.189044598777237,-1.1227277204444202,stop_loss,3
2015-08-26 15:45:00,2015-08-26 16:15:00,long,1126.2549999999999,1123.570126858877,1123.795126858877,1130.1907970257967,5.4874050134689245,-14.732986335125352,-1.0914681315220993,stop_loss,2
2015-08-27 12:45:00,2015-08-27 13:45:00,short,1128.2150000000001,1126.4183229716125,1129.4472981427425,1126.2433229716125,10.929866537371714,19.63744013103861,1.4579889119927667,take_profit,4
2015-08-28 08:30:00,2015-08-28 09:45:00,short,1131.4650000000001,1129.5385106225604,1132.7784308609,1129.3635106225604,10.28461376751293,19.81319917418471,1.466761163294045,take_profit,5
2015-08-28 14:00:00,2015-08-28 14:30:00,short,1127.7050000000002,1125.4789453027374,1129.2056591857893,1125.3039453027375,9.027869646439065,20.09653163273126,1.483384580818169,take_profit,2
2015-08-28 15:45:00,2015-08-28 16:00:00,short,1127.415,1129.2615045155949,1129.036504515595,1124.820592775048,8.379840108749216,-15.473412600768816,-1.1387600206079884,stop_loss,1
2015-09-01 08:45:00,2015-09-01 09:00:00,long,1140.805,1142.4602455619508,1139.6610965237808,1142.6352455619508,11.85152596607767,19.61718575769447,1.4470150640869786,take_profit,1
2015-09-01 11:30:00,2015-09-01 13:15:00,long,1141.5149999999999,1143.4666122430924,1140.185867348067,1143.6416122430924,10.229404945279313,19.963831930758488,1.4683351885565081,take_profit,7
2015-09-01 14:45:00,2015-09-01 15:00:00,long,1142.125,1140.549911344214,1140.774911344214,1144.2851418492578,10.100198774381182,-15.908708510711216,-1.1666557222265574,stop_loss,1
2015-09-01 15:15:00,2015-09-01 15:45:00,long,1140.375,1142.415142716962,1138.9905358018987,1142.590142716962,9.826434217737082,20.047328203022587,1.4735973091683179,take_profit,2
2015-09-02 13:00:00,2015-09-02 15:00:00,long,1138.815,1137.4218277980572,1137.646827798057,1140.684075523109,11.68016239657704,-16.272477565089766,-1.1926085894063174,stop_loss,8
2015-09-03 12:30:00,2015-09-03 12:45:00,long,1130.575,1129.3996192350041,1129.624619235004,1132.0956092239935,14.322571091585731,-16.8344745663363,-1.2367472157339552,stop_loss,1
2015-09-03 14:00:00,2015-09-03 14:15:00,long,1128.725,1127.3310820467677,1127.5560820467676,1130.5952687251718,11.616065168690342,-16.191841784552413,-1.1924857081523506,stop_loss,1
2015-09-03 15:30:00,2015-09-03 15:45:00,long,1125.965,1124.246459746401,1124.4714597464008,1128.3546644057585,9.06962059133416,-15.586508071078399,-1.1506487685602753,stop_loss,1
2015-09-03 16:00:00,2015-09-03 16:15:00,long,1123.225,1125.8482718600671,1121.4760800874578,1126.023271860067,7.727438131940032,20.2711710019288,1.4999382426004138,take_profit,1
2015-09-07 08:15:00,2015-09-07 10:15:00,short,1123.565,1122.1726058719796,1124.544621330013,1121.9976058719797,13.837196423349791,19.266831048137707,1.421359545123626,take_profit,8
2015-09-08 10:15:00,2015-09-08 11:00:00,short,1120.9850000000001,1119.7375792001587,1121.874012999901,1119.5625792001588,15.290829748837437,19.074099075533365,1.4031524848124004,take_profit,3
2015-09-08 12:15:00,2015-09-08 14:45:00,short,1120.835,1122.019372034351,1121.794372034351,1119.3000047450387,14.209184900162704,-16.828961226673396,-1.2345284122776485,stop_loss,10
2015-09-08 15:00:00,2015-09-08 15:15:00,short,1122.015,1123.1727833346313,1122.9477833346314,1120.52254666459,14.578129986702823,-16.87831594869154,-1.2412135719479298,stop_loss,1
2015-09-08 15:30:00,2015-09-08 16:30:00,short,1123.185,1121.763343807733,1124.1829101201668,1121.588343807733,13.59288757139767,19.324412786665786,1.424633505098934,take_profit,4
2015-09-10 07:30:00,2015-09-10 07:45:00,short,1107.2250000000001,1106.011897129418,1108.092564294114,1105.836897129418,15.679678137577795,19.021062558499548,1.3982858432655625,take_profit,1
2015-09-10 11:00:00,2015-09-10 13:00:00,short,1107.7350000000001,1106.2582273381186,1108.767357913676,1106.0832273381186,13.213606288835887,19.51349253221921,1.4304851469808708,take_profit,8
2015-09-10 15:30:00,2015-09-10 15:45:00,short,1109.165,1110.4837242540202,1110.2587242540203,1107.4150411935673,12.507904030888989,-16.494476412491,-1.2057191281740778,stop_loss,1
2015-09-10 16:00:00,2015-09-10 16:15:00,short,1110.415,1111.8223948924972,1111.5973948924973,1108.5231681720045,11.542006092307389,-16.244160423485248,-1.1902917556796027,stop_loss,1
2015-09-15 15:30:00,2015-09-15 15:45:00,short,1108.845,1107.047883166423,1110.0775730209857,1106.872883166423,11.045772136877162,19.850543047038762,1.4580205821314722,take_profit,1
2015-09-16 10:15:00,2015-09-16 10:30:00,short,1107.635,1108.7212889271004,1108.4962889271005,1106.256937716639,15.85347423881425,-17.221453521696006,-1.2612363783165723,stop_loss,1
2015-09-16 15:30:00,2015-09-16 15:45:00,short,1109.895,1111.109461320331,1110.8844613203312,1108.31186188747,13.765044303461847,-16.717113879198514,-1.2273964584331554,stop_loss,1
2015-09-16 16:00:00,2015-09-16 16:45:00,short,1113.765,1115.2759640976326,1115.0509640976327,1111.707457443788,10.565259720838858,-15.963728120350236,-1.1749660044274377,stop_loss,3
2015-09-18 15:00:00,2015-09-18 15:15:00,long,1136.0049999999999,1134.241951376134,1134.466951376134,1138.4658777981854,8.81286652228949,-15.537512194436085,-1.1462892632317179,stop_loss,1
2015-09-21 12:15:00,2015-09-21 12:30:00,long,1138.065,1137.041982555774,1137.266982555774,1139.341827910762,16.94642429232443,-17.336487668304333,-1.2819487238378502,stop_loss,1
2015-09-21 13:00:00,2015-09-21 14:15:00,long,1136.815,1135.7960078990654,1136.0210078990654,1138.0853873614958,16.98866929698284,-17.311319819015864,-1.2833781340331156,stop_loss,5
2015-09-21 14:30:00,2015-09-21 14:45:00,long,1134.625,1133.4746175383557,1133.6996175383556,1136.1056119386312,14.539119926316799,-16.725548570978194,-1.2431427105286654,stop_loss,1
2015-09-21 15:00:00,2015-09-21 15:15:00,long,1130.935,1132.6503643756564,1129.7535222652145,1132.8253643756564,11.359330011287904,19.485390032688603,1.4518804080281988,take_profit,1
2015-09-22 12:15:00,2015-09-22 12:30:00,long,1133.7549999999999,1132.5949253711085,1132.8199253711084,1135.2511194062263,14.394323035411826,-16.698488953448013,-1.240622505464239,stop_loss,1
2015-09-22 12:45:00,2015-09-22 13:30:00,long,1130.585,1129.175522386313,1129.400522386313,1132.4801641818992,11.335266397126226,-15.976804231927133,-1.189957156977862,stop_loss,3
2015-09-23 07:45:00,2015-09-23 08:15:00,long,1123.805,1124.7896851744401,1123.080196765975,1124.96468517444,18.48007163230594,18.197052558922234,1.3585551612011295,take_profit,2
2015-09-23 12:45:00,2015-09-23 14:15:00,long,1125.235,1126.600696594882,1124.2720646281987,1126.775696594882,13.947779033296595,19.04843433194164,1.4182640236047501,take_profit,6
2015-09-24 07:45:00,2015-09-24 09:30:00,long,1134.335,1135.578274719608,1133.4485783002451,1135.753274719608,15.194694197599816,18.891179168051018,1.4025770352325506,take_profit,7
2015-09-25 10:00:00,2015-09-25 10:15:00,long,1146.855,1145.688577932435,1145.913577932435,1148.3612753081043,14.34711324662543,-16.734789496718157,-1.239000133682707,stop_loss,1
2015-09-25 10:30:00,2015-09-25 10:45:00,long,1146.165,1144.994947298885,1145.219947298885,1147.6770843217837,14.256579999549215,-16.68094993713258,-1.238081960650936,stop_loss,1
2015-09-25 11:00:00,2015-09-25 11:15:00,long,1144.695,1143.493194354651,1143.718194354651,1146.2578890325583,13.75898839380552,-16.535629925966028,-1.2303426490942444,stop_loss,1
2015-09-25 11:30:00,2015-09-25 11:45:00,long,1142.7749999999999,1141.4116318670203,1141.6366318670202,1144.596389012767,11.777197454058655,-16.056655704671233,-1.197651351510502,stop_loss,1
2015-09-25 12:00:00,2015-09-25 12:30:00,long,1142.095,1143.831218077335,1140.9004887016656,1144.006218077335,11.19677393152237,19.440041307742696,1.4534965719921957,take_profit,2
2015-09-28 09:45:00,2015-09-28 10:00:00,long,1142.205,1140.9798660736226,1141.2048660736225,1143.805214282204,13.411756860703925,-16.43119834237241,-1.2249698706001086,stop_loss,1
2015-09-29 08:45:00,2015-09-29 09:00:00,long,1127.105,1125.7937767321314,1126.0187767321313,1128.8429572285897,12.318545411280684,-16.15236336956754,-1.2071397351314177,stop_loss,1
2015-09-29 11:15:00,2015-09-29 12:30:00,long,1125.695,1124.2313642796855,1124.4563642796854,1127.6768171525032,10.776684142374034,-15.773139857324546,-1.1816514704926957,stop_loss,5
2015-09-30 11:00:00,2015-09-30 12:15:00,short,1124.855,1123.2779507092248,1125.9500308067345,1123.1029507092248,12.1611552512291,19.178741263958212,1.4401871445773968,take_profit,5
2015-10-01 14:45:00,2015-10-01 15:00:00,short,1114.4650000000001,1115.5541721295074,1115.3291721295075,1113.0823245927884,15.454325211481434,-16.83242030068655,-1.2603647957591324,stop_loss,1
2015-10-02 15:15:00,2015-10-02 15:30:00,short,1108.775,1110.0997928582262,1109.8747928582263,1107.015331426838,12.11276486100158,-16.046904381227517,-1.2045839798985352,stop_loss,1
2015-10-05 10:30:00,2015-10-05 12:00:00,short,1136.4550000000002,1135.1274942702203,1137.3940660811127,1134.9524942702203,14.151760718475497,18.78654344025015,1.413644637454253,take_profit,6
2015-10-05 14:30:00,2015-10-05 15:00:00,long,1130.875,1132.5183872495247,1129.738507969047,1132.6933872495247,11.726445239080924,19.271090588155463,1.44601739806902,take_profit,2
2015-10-07 10:30:00,2015-10-07 10:45:00,long,1150.0149999999999,1148.669519086515,1148.894519086515,1151.8077694615758,11.92840822716739,-16.049445597909198,-1.2008066333768355,stop_loss,1
2015-10-07 12:30:00,2015-10-07 12:45:00,long,1148.5249999999999,1147.2803683515838,1147.5053683515837,1150.1564106374658,13.076736953303678,-16.27572067009394,-1.2206679248818995,stop_loss,1
2015-10-08 15:15:00,2015-10-08 15:30:00,long,1141.465,1140.13027844547,1140.3552784454698,1143.240554487248,11.985802528539496,-15.997708983181912,-1.2027535637939226,stop_loss,1
2015-10-08 15:45:00,2015-10-08 16:15:00,long,1138.195,1140.3632076956374,1136.7304951902265,1140.5382076956373,9.0603376019968,19.644693713722553,1.4805056843568027,take_profit,2
2015-10-09 09:45:00,2015-10-09 10:30:00,long,1146.065,1147.6790891220662,1144.9468192987088,1147.8540891220662,11.901651824570182,19.210326744657614,1.443495778635943,take_profit,3
2015-10-09 15:15:00,2015-10-09 15:30:00,long,1151.5049999999999,1154.0403203150088,1149.8110498031194,1154.2153203150087,7.878990812003158,19.975765467440098,1.496691177626063,take_profit,1
2015-10-12 15:30:00,2015-10-12 15:45:00,long,1164.145,1166.379883661771,1162.6388227113932,1166.5548836617709,8.887778131703065,19.8631501359882,1.483811818619478,take_profit,1
2015-10-13 12:45:00,2015-10-13 14:00:00,long,1154.7849999999999,1153.316591660741,1153.541591660741,1156.774453342814,10.7979779807668,-15.855840914090416,-1.1809542311209071,stop_loss,5
2015-10-13 14:15:00,2015-10-13 14:30:00,long,1152.495,1154.3105730292245,1151.2508918567346,1154.4855730292245,10.766414687581081,19.547212128220366,1.4593369869435047,take_profit,1
2015-10-14 11:45:00,2015-10-14 12:30:00,long,1173.7849999999999,1172.248065335264,1172.473065335264,1175.8840954635773,10.239594220609824,-15.737587310483406,-1.171502442955273,stop_loss,3
2015-10-14 12:45:00,2015-10-14 13:15:00,long,1168.485,1166.5584471064265,1166.7834471064264,1171.2074846297176,7.876454200656306,-15.174405631373112,-1.132232151495081,stop_loss,2
2015-10-14 13:30:00,2015-10-14 14:30:00,long,1167.235,1165.1812202233305,1165.4062202233304,1170.161047642671,7.311899877477561,-15.0170320973952,-1.1230328565912215,stop_loss,4
2015-10-15 10:00:00,2015-10-15 10:45:00,long,1183.475,1185.4058262941237,1182.1588585661725,1185.5808262941237,10.137072063729521,19.57292528607667,1.4670355666175348,take_profit,3
2015-10-19 09:45:00,2015-10-19 10:15:00,long,1172.175,1170.6923138014301,1170.91731380143,1174.187297917712,10.639352190201432,-15.77482065413513,-1.1788999515584682,stop_loss,2
2015-10-20 15:15:00,2015-10-20 15:45:00,long,1173.395,1171.9091895715671,1172.134189571567,1175.4122966854927,10.587965065156192,-15.731708909691685,-1.178456645762014,stop_loss,2
2015-10-21 08:45:00,2015-10-21 09:15:00,long,1176.335,1175.0763586802495,1175.3013586802495,1177.9888261116007,12.884501710348319,-16.21696623704032,-1.2176770565385298,stop_loss,2
2015-10-21 09:45:00,2015-10-21 12:45:00,long,1174.7649999999999,1174.785,1173.5084954255155,1176.775407319175,10.573395186556706,0.2114679037333459,0.015917172453126384,time_stop,12
2015-10-22 11:45:00,2015-10-22 13:45:00,long,1166.935,1168.3828486516759,1165.9207195927027,1168.5578486516758,13.098884943414186,18.965202903780504,1.4274638859819426,take_profit,8
2015-10-22 15:30:00,2015-10-22 15:45:00,long,1166.195,1164.8205851114396,1165.0455851114396,1168.0340638216967,11.591874173512656,-15.932044450393363,-1.1957517709568874,stop_loss,1
2015-10-23 13:30:00,2015-10-23 13:45:00,long,1171.815,1170.4780548183992,1170.703054818399,1173.5941122905617,11.953834498671675,-15.98162143465332,-1.2023481046754103,stop_loss,1
2015-10-26 10:45:00,2015-10-26 12:00:00,short,1165.115,1166.517378960419,1166.292378960419,1163.2311936633296,11.26234277608048,-15.794072554201058,-1.1911024466751459,stop_loss,5
2015-10-26 12:15:00,2015-10-26 12:30:00,short,1166.435,1167.8490740614773,1167.6240740614774,1164.5324815016359,11.125007022724338,-15.731583864587536,-1.1892228644869678,stop_loss,1
2015-10-27 08:00:00,2015-10-27 09:45:00,short,1165.4650000000001,1166.5818275247498,1166.3568275247499,1164.0380759604006,14.797697705562566,-16.52647610049663,-1.2522909349126152,stop_loss,7
2015-10-27 10:00:00,2015-10-27 11:00:00,short,1166.375,1165.1519237242082,1167.2487976723698,1164.9769237242083,15.06520511646956,18.425894967890475,1.3997248041123997,take_profit,4
2015-10-27 14:30:00,2015-10-27 14:45:00,short,1167.565,1166.0390695205522,1168.628081549655,1165.8640695205522,12.417479128262363,18.94820987972342,1.4353842185890202,take_profit,1
2015-10-28 07:45:00,2015-10-28 08:00:00,short,1170.315,1171.4078439804382,1171.1828439804383,1168.9264496312987,15.25468825347553,-16.67099423127124,-1.259263191393331,stop_loss,1
2015-10-28 08:15:00,2015-10-28 08:30:00,short,1170.595,1171.6920185341535,1171.4670185341536,1169.1997703453546,15.143425132123365,-16.612618040504472,-1.2580220387383332,stop_loss,1
2015-10-28 11:00:00,2015-10-28 13:15:00,short,1171.905,1173.1672725728845,1172.9422725728846,1170.2453638833845,12.698805014255862,-16.029353277903496,-1.2169150191392752,stop_loss,9
2015-10-29 08:30:00,2015-10-29 09:00:00,short,1162.375,1160.6307259610305,1163.574546274356,1160.4557259610306,10.954194701822816,19.10711743620655,1.4541115055407057,take_profit,2
2015-10-29 11:15:00,2015-10-29 12:30:00,short,1161.325,1159.1908576736587,1162.7682139539634,1159.0158576736587,9.131201677910466,19.487283991187986,1.478742857551111,take_profit,5
2015-11-02 07:45:00,2015-11-02 08:15:00,short,1141.665,1142.9318222284871,1142.7068222284872,1139.9980844344204,12.686667537500771,-16.071752441932585,-1.2159677475173585,stop_loss,2
2015-11-03 14:15:00,2015-11-03 15:00:00,short,1132.355,1130.9785459591465,1133.3246587755336,1130.8035459591465,13.597678970992915,18.71658016585267,1.4195241414652051,take_profit,3
2015-11-04 12:00:00,2015-11-04 13:30:00,short,1118.695,1117.3201637380262,1119.6636476637334,1117.1451637380262,13.650517516844255,18.767226476865613,1.4193357538020903,take_profit,6
2015-11-05 11:00:00,2015-11-05 12:00:00,short,1109.895,1108.4124352881172,1110.9309779449266,1108.2374352881172,12.799573986430271,18.976196719414414,1.431077484943822,take_profit,4
2015-11-05 14:30:00,2015-11-05 14:45:00,short,1110.095,1108.5473556070053,1111.1716527456217,1108.3723556070054,12.351269991103631,19.11537374809521,1.4374591986955358,take_profit,1
2015-11-06 14:30:00,2015-11-06 15:15:00,short,1108.7150000000001,1107.6262955918294,1109.5048152551067,1107.4512955918294,16.885289830890677,18.383089472131754,1.378429197374673,take_profit,3
2015-11-09 08:30:00,2015-11-09 09:00:00,short,1094.025,1092.9114162486467,1094.830364844596,1092.7364162486467,16.604928516573462,18.490978588441205,1.3827071777786752,take_profit,2
2015-11-09 14:15:00,2015-11-09 15:15:00,short,1094.515,1092.7198398359094,1095.7463501025568,1092.5448398359094,10.890491342478633,19.55017622539232,1.4578795749180982,take_profit,4
2015-11-11 08:45:00,2015-11-11 09:00:00,short,1093.335,1092.065743848821,1094.237660094487,1091.890743848821,14.899415700379663,18.911175026679544,1.4061285736802591,take_profit,1
2015-11-11 15:00:00,2015-11-11 15:15:00,short,1089.305,1087.8199244809177,1090.3425471994265,1087.6449244809178,12.998859561679803,19.30428811103993,1.4313329744452525,take_profit,1
2015-11-13 08:45:00,2015-11-13 09:15:00,short,1083.085,1084.3551731044763,1084.1301731044764,1081.412723032838,12.940955763453559,-16.4372539569559,-1.2152753443771742,stop_loss,2
2015-11-13 13:15:00,2015-11-13 13:30:00,short,1086.055,1087.383113160945,1087.158113160945,1084.2900189424881,12.231441777657311,-16.244738802237894,-1.203968194711014,stop_loss,1
2015-11-16 08:00:00,2015-11-16 08:30:00,short,1095.025,1096.324523250525,1096.0995232505252,1093.3057627991598,12.526648369948274,-16.27867080789886,-1.209395189810884,stop_loss,2
2015-11-16 15:00:00,2015-11-16 15:15:00,short,1092.645,1090.689808482804,1093.9763696982475,1090.514808482804,10.085566466414852,19.719214001250744,1.4685564195802603,take_profit,1
2015-11-17 10:30:00,2015-11-17 11:15:00,short,1079.675,1081.0814440444321,1080.8564440444322,1077.784689528908,11.398809850126792,-16.03178822732583,-1.1904449060116324,stop_loss,3
2015-11-17 15:15:00,2015-11-17 15:30:00,short,1081.325,1079.4135259057648,1082.629046308897,1079.2385259057648,10.302542434983433,19.693042969230138,1.4658023117692744,take_profit,1
2015-11-18 07:15:00,2015-11-18 07:45:00,short,1068.2250000000001,1069.730768330327,1069.505768330327,1066.175770671477,10.52054317824388,-15.841500735636062,-1.1756757991841267,stop_loss,2
2015-11-18 08:15:00,2015-11-18 11:15:00,short,1070.775,1071.385,1072.0831964359243,1068.6818857025214,10.275746936708552,-6.268205631391189,-0.46629082853980275,time_stop,12
2015-11-20 12:00:00,2015-11-20 14:30:00,short,1085.755,1083.7653028040547,1087.107935747466,1083.5903028040548,9.926679173755243,19.751085717070232,1.4706516548714568,take_profit,10
2015-11-24 10:45:00,2015-11-24 11:00:00,short,1073.775,1074.9439708200725,1074.7189708200726,1072.2646466878841,14.269150055080305,-16.680220041624004,-1.238354825398755,stop_loss,1
2015-11-24 13:30:00,2015-11-24 14:30:00,short,1075.585,1074.1454036794496,1076.594122700344,1073.9704036794496,13.314833602066432,19.167985462276143,1.426582040082558,take_profit,4
2015-11-24 15:15:00,2015-11-24 15:30:00,short,1078.365,1080.1504255854886,1079.9254255854887,1075.868319063218,8.635231910692804,-15.417563989978632,-1.1441914321915212,stop_loss,1
2015-11-25 15:00:00,2015-11-25 15:15:00,short,1074.325,1072.8140094478622,1075.3787440950862,1072.6390094478622,12.758127656216862,19.277410351512355,1.4339255225096654,take_profit,1
2015-11-26 13:15:00,2015-11-26 15:30:00,short,1072.435,1071.0842831266943,1073.388573045816,1070.9092831266944,14.138776847723245,19.097484456122356,1.4164797119970105,take_profit,9
2015-11-30 10:15:00,2015-11-30 11:15:00,short,1057.4850000000001,1055.623640032074,1058.757724979954,1055.448640032074,10.623309579575444,19.77380317830749,1.4624997522980694,take_profit,4
2015-11-30 15:15:00,2015-11-30 15:30:00,short,1058.7450000000001,1060.0557908905516,1059.8307908905517,1057.0077345751174,12.488683775175732,-16.370052927478866,-1.207222221108895,stop_loss,1
2015-12-01 15:30:00,2015-12-01 15:45:00,short,1070.595,1068.5130812123969,1072.005574242252,1068.338081212397,9.589965963517923,19.96553031192292,1.4759370511966499,take_profit,1
2015-12-03 07:15:00,2015-12-03 07:30:00,short,1052.695,1054.2301562780801,1054.0051562780802,1050.5987499550713,10.35547457950124,-15.897271813221188,-1.171735237821851,stop_loss,1
2015-12-03 14:45:00,2015-12-03 15:00:00,short,1053.265,1054.6815223762355,1054.4565223762356,1051.3585641980233,11.359833234497627,-16.09145796696884,-1.1888340533820019,stop_loss,1
2015-12-04 08:00:00,2015-12-04 09:30:00,short,1062.275,1060.5238142984256,1063.4788660634842,1060.3488142984256,11.216623661766409,19.6423909764277,1.4546349919577746,take_profit,6
2015-12-04 11:45:00,2015-12-04 12:30:00,short,1061.605,1063.046945020746,1062.8219450207462,1059.6578879668061,11.128355944069995,-16.046477442641564,-1.184889207124537,stop_loss,3
2015-12-04 13:15:00,2015-12-04 15:00:00,short,1062.635,1064.0340292029473,1063.8090292029474,1060.7565532752842,11.50780948755234,-16.09976153503977,-1.1916477030001023,stop_loss,7
2015-12-04 15:15:00,2015-12-04 15:30:00,short,1064.195,1065.719652656216,1065.4946526562162,1062.115555750054,10.370697749744469,-15.811711870963025,-1.1731231794308494,stop_loss,1
2015-12-07 15:30:00,2015-12-07 16:30:00,long,1079.875,1078.349189550407,1078.5741895504068,1081.956296719349,10.337156699298264,-15.772541710870707,-1.1729690902085488,stop_loss,4
2015-12-08 12:30:00,2015-12-08 14:30:00,long,1071.805,1073.5132066728704,1070.627995829456,1073.6882066728704,11.397696546739661,19.469621296491997,1.4513174342286281,take_profit,8
2015-12-09 11:45:00,2015-12-09 12:00:00,long,1074.875,1076.5311543151606,1073.7305285530247,1076.7061543151606,11.755711029976254,19.46927155007647,1.4470909864440846,take_profit,1
2015-12-10 08:15:00,2015-12-10 08:30:00,long,1072.7849999999999,1074.4892762304119,1071.6104523559923,1074.6642762304118,11.48783893496427,19.57845083566118,1.4510064696881673,take_profit,1
2015-12-10 15:00:00,2015-12-10 15:15:00,long,1073.145,1071.546956517068,1071.771956517068,1075.341869572691,9.855602699905761,-15.749681664950154,-1.1638695371245271,stop_loss,1
2015-12-11 10:30:00,2015-12-11 10:45:00,long,1068.955,1067.5919513727342,1067.8169513727341,1070.7758778036252,11.863000728341724,-16.169846858018165,-1.1977068418776458,stop_loss,1
2015-12-11 11:45:00,2015-12-11 12:00:00,long,1067.965,1069.5939256826423,1066.8375464483486,1069.7689256826422,11.945797661198297,19.458816609975127,1.4447829626830693,take_profit,1
2015-12-11 12:45:00,2015-12-11 13:30:00,long,1063.2649999999999,1065.4871320653358,1061.766792459165,1065.6621320653358,9.015606493422395,20.0338682774847,1.4831937530480495,take_profit,3
2015-12-14 09:45:00,2015-12-14 10:00:00,long,1071.805,1070.4523771118695,1070.6773771118694,1073.6091966210092,12.01404965507552,-16.250478542592138,-1.1995347933855,stop_loss,1
2015-12-14 10:15:00,2015-12-14 10:30:00,long,1069.685,1068.2890904689077,1068.5140904689076,1071.5584552497478,11.542152535480966,-16.111800733598223,-1.1921583128544617,stop_loss,1
2015-12-14 10:45:00,2015-12-14 11:15:00,long,1066.085,1067.9919078428948,1064.7838075981908,1068.1669078428947,10.361721135861538,19.758847299862406,1.4655079757946046,take_profit,2
2015-12-14 12:45:00,2015-12-14 13:30:00,long,1066.7949999999998,1068.6947750288316,1065.4982656069799,1068.8697750288316,10.427818201657306,19.810508624705808,1.4650456092302566,take_profit,3
2015-12-15 15:15:00,2015-12-15 15:30:00,short,1064.905,1066.713551512421,1066.488551512421,1062.3713175801263,8.564124006779895,-15.488659425022693,-1.1420856841315556,stop_loss,1
2015-12-16 15:15:00,2015-12-16 15:30:00,short,1069.575,1071.201826801339,1070.976826801339,1067.3320771178576,9.652229641867144,-15.702505874067178,-1.1605048496611676,stop_loss,1
2015-12-16 15:45:00,2015-12-16 16:00:00,short,1072.4750000000001,1074.4599935174813,1074.2349935174814,1069.6590103720303,7.670113019631476,-15.225124622316198,-1.1278413799625304,stop_loss,1
2015-12-17 09:30:00,2015-12-17 10:00:00,short,1067.855,1066.1541360413287,1069.0274149741695,1065.9791360413287,11.488166937817194,19.539809095732895,1.450735444483942,take_profit,2
2015-12-17 11:15:00,2015-12-17 12:15:00,short,1068.375,1066.737489927397,1069.5078187953768,1066.562489927397,11.924218257125162,19.52602750395828,1.4455180998813277,take_profit,4
2015-12-17 14:00:00,2015-12-17 14:15:00,short,1067.345,1065.5037802359766,1068.6051373525147,1065.3287802359766,10.750439695974965,19.793922040171196,1.4611262497291877,take_profit,1
2015-12-18 16:00:00,2015-12-18 16:45:00,short,1060.355,1062.0539853258983,1061.8289853258984,1057.9966234785627,9.21760768049282,-15.660580189044955,-1.1526473812503994,stop_loss,3
2015-12-21 10:30:00,2015-12-21 11:00:00,short,1073.425,1071.454989137367,1074.7656317891456,1071.279989137367,10.111126269201463,19.919028583780655,1.4694645305169685,take_profit,2
2015-12-21 15:45:00,2015-12-21 16:00:00,short,1074.025,1076.03762138886,1075.8126213888602,1071.1648057778239,7.605153665337144,-15.306294932424546,-1.125865578361302,stop_loss,1
2015-12-23 10:30:00,2015-12-23 10:45:00,long,1073.165,1072.2527596465861,1072.477759646586,1074.2645845654624,19.737669216419807,-18.00549834155219,-1.327396374328431,stop_loss,1
2015-12-23 11:00:00,2015-12-23 13:15:00,long,1071.335,1072.4676213855264,1070.517736634046,1072.6426213855264,16.553429818042602,18.748768615724824,1.3858707397269352,take_profit,9
2015-12-23 15:30:00,2015-12-23 15:45:00,long,1071.5149999999999,1070.2075991555353,1070.4325991555352,1073.2468413511435,12.533258245116134,-16.385992413557865,-1.2078712347191325,stop_loss,1
2015-12-24 12:45:00,2015-12-24 14:15:00,long,1071.7849999999999,1072.6548722226344,1071.1319548608533,1072.8298722226343,20.72328008025084,18.02660570368532,1.33202464958441,take_profit,6
2015-12-28 07:30:00,2015-12-28 09:15:00,long,1073.2649999999999,1072.3881845435844,1072.6131845435843,1074.3079047302647,20.81768758539177,-18.253270241699383,-1.3451897278368175,stop_loss,7
2015-12-28 09:30:00,2015-12-28 10:15:00,long,1072.725,1071.8554097845533,1072.0804097845532,1073.7563443447145,20.99439872063087,-18.256523706644767,-1.3490589751567903,stop_loss,3
2015-12-28 12:15:00,2015-12-28 12:30:00,long,1072.115,1071.176163795908,1071.401163795908,1073.2571379265476,18.906677567939752,-17.750273399876168,-1.3151983588252945,stop_loss,1
2015-12-28 12:45:00,2015-12-28 15:15:00,long,1071.375,1070.4168453138186,1070.6418453138185,1072.5480474978904,18.360068692188282,-17.591785856032384,-1.3068929439321821,stop_loss,10
2015-12-29 10:45:00,2015-12-29 11:00:00,long,1072.805,1071.8736076543114,1072.0986076543113,1073.935227753102,19.005849809271712,-17.70190303566403,-1.3185198726644283,stop_loss,1
2015-12-29 11:45:00,2015-12-29 12:00:00,long,1071.675,1070.7433844808097,1070.9683844808096,1072.8055848307044,18.94974375577148,-17.653875367555155,-1.318419273125676,stop_loss,1
2015-12-30 10:30:00,2015-12-30 11:45:00,long,1068.345,1067.5143220540706,1067.7393220540705,1069.3140847134873,22.04946599347873,-18.316005120303895,-1.3714845513395797,stop_loss,5
2015-12-30 12:15:00,2015-12-30 12:30:00,short,1070.555,1069.1176147786655,1071.5627407633342,1068.9426147786655,13.215941783945274,18.9963994062611,1.4263442282308274,take_profit,1
2015-12-30 14:15:00,2015-12-30 15:00:00,short,1067.785,1069.1063315565173,1068.8813315565174,1066.0308695095723,12.182661331736188,-16.097334859984635,-1.2052298856695043,stop_loss,3
2015-12-30 15:15:00,2015-12-30 15:30:00,short,1068.525,1067.0030888968893,1069.5855694394443,1066.8280888968893,12.563101382223456,19.11992348311282,1.434994302596936,take_profit,1
2015-12-31 09:45:00,2015-12-31 10:00:00,short,1062.9750000000001,1062.23154443294,1063.5490347294128,1062.05654443294,23.277827199170876,17.30603022028915,1.295140396506778,take_profit,1
2015-12-31 15:45:00,2015-12-31 16:30:00,short,1061.805,1063.1348816858504,1062.9098816858505,1060.0371893026395,12.125183600740778,-16.125059608197507,-1.2036417137521243,stop_loss,3
2016-01-04 07:15:00,2016-01-04 07:30:00,short,1065.425,1066.5583646208302,1066.3333646208303,1063.9716166066714,14.712861853425645,-16.675037095834973,-1.247697890076615,stop_loss,1
2016-01-04 07:45:00,2016-01-04 08:00:00,short,1067.565,1068.8201715353077,1068.5951715353078,1065.9167255435075,12.940847856605778,-16.242983872358995,-1.2184102280914686,stop_loss,1
2016-01-04 09:00:00,2016-01-04 09:45:00,short,1069.625,1070.913713221907,1070.6887132219072,1067.9230588449484,12.502248597639227,-16.11181307134684,-1.2115231768920758,stop_loss,3
2016-01-04 10:00:00,2016-01-04 10:15:00,short,1071.075,1072.5258786268973,1072.3008786268974,1069.1135941969642,10.822101976207293,-15.701556455382114,-1.1835418246660918,stop_loss,1
2016-01-04 10:30:00,2016-01-04 11:45:00,short,1072.155,1073.6145586119676,1073.3895586119677,1070.1797062208516,10.720576787140685,-15.647310174931373,-1.1822513713150409,stop_loss,5
2016-01-04 13:30:00,2016-01-04 13:45:00,short,1074.175,1072.4364435580221,1075.3709727762362,1072.2614435580222,11.040289578354145,19.19416656774835,1.4536755990794155,take_profit,1
2016-01-05 16:00:00,2016-01-05 16:15:00,long,1075.365,1077.80316155804,1073.731774026225,1077.97816155804,8.108047706345655,19.768730228366895,1.4928500998575291,take_profit,1
2016-01-07 09:30:00,2016-01-07 10:00:00,long,1097.2749999999999,1095.5919381185142,1095.8169381185141,1099.607899010377,9.109223510825423,-15.331386861002954,-1.1543144381297736,stop_loss,2
2016-01-07 10:15:00,2016-01-07 11:15:00,long,1094.865,1097.1049282528422,1093.3556698419736,1097.2799282528422,8.779489846458361,19.665427352623478,1.4840545263941247,take_profit,4
2016-01-08 11:00:00,2016-01-08 11:15:00,long,1099.315,1097.8354654609516,1098.0604654609515,1101.3222552624777,10.593952767638248,-15.674119024768947,-1.1793493865625644,stop_loss,1
2016-01-08 11:30:00,2016-01-08 11:45:00,long,1097.385,1095.8049676678613,1096.0299676678612,1099.553051731422,9.785103351057135,-15.460779667988733,-1.1660476983931245,stop_loss,1
2016-01-08 12:00:00,2016-01-08 13:15:00,long,1096.225,1098.268371135767,1094.8385180401456,1098.443371135767,9.540845274362995,19.49548784445304,1.4737812643315973,take_profit,5
2016-01-08 15:45:00,2016-01-08 16:00:00,long,1097.825,1100.8670012436428,1095.8143742227235,1101.0420012436427,6.598543090562256,20.072776287720618,1.5129624209648733,take_profit,1
2016-01-11 09:45:00,2016-01-11 10:30:00,long,1104.655,1103.0623113291426,1103.2873113291425,1106.843301873372,9.72980669247445,-15.496552888736002,-1.164511123616204,stop_loss,3
2016-01-11 11:00:00,2016-01-11 12:30:00,long,1100.245,1102.6944361268181,1098.6047274207385,1102.869436126818,8.093992087053714,19.82571662821023,1.49331041546841,take_profit,6
2016-01-11 15:45:00,2016-01-11 17:00:00,long,1100.605,1098.6394204232013,1098.8644204232012,1103.389927322878,7.650328021715063,-15.037328515294277,-1.129267287172078,stop_loss,5
2016-01-12 12:00:00,2016-01-12 12:30:00,long,1094.855,1093.4419046191,1093.6669046190998,1096.7559526094403,11.1825449934093,-15.80200267689457,-1.1893787347522773,stop_loss,2
2016-01-12 12:45:00,2016-01-12 13:00:00,long,1093.245,1091.7409673644906,1091.9659673644906,1095.2914522168148,10.362773927771238,-15.585950181772292,-1.17591419777206,stop_loss,1
2016-01-12 13:45:00,2016-01-12 14:30:00,long,1091.185,1089.5389043340592,1089.7639043340591,1093.4587530655053,9.304900763951741,-15.316756819549457,-1.1583285386004971,stop_loss,3
2016-01-12 14:45:00,2016-01-12 16:00:00,long,1086.585,1089.0980217957076,1084.904986377683,1089.2730217957076,7.852627180383567,19.733823257869606,1.4958341779643112,take_profit,5
2016-01-13 09:30:00,2016-01-13 09:45:00,long,1082.395,1081.0715078485564,1081.2965078485563,1084.1525874423098,12.045592008234044,-15.942246482389367,-1.2048262244788965,stop_loss,1
2016-01-13 14:30:00,2016-01-13 16:00:00,long,1081.385,1083.0434447519715,1080.2390970300178,1083.2184447519714,11.51939050108045,19.104272722427236,1.4472820085257645,take_profit,6
2016-01-14 09:30:00,2016-01-14 09:45:00,long,1089.565,1088.2918022187607,1088.5168022187606,1091.2421164499833,12.629593927745644,-16.0799709667595,-1.2146541464091458,stop_loss,1
2016-01-14 10:00:00,2016-01-14 10:15:00,long,1088.575,1090.188289183914,1087.4573192600537,1090.363289183914,11.81567501263264,19.062100698523725,1.4434257711120153,take_profit,1
2016-01-14 14:30:00,2016-01-14 14:45:00,long,1089.945,1088.415131828949,1088.6401318289488,1092.032789073682,10.149896277884325,-15.528003255004457,-1.1724312118201676,stop_loss,1
2016-01-14 15:00:00,2016-01-14 15:45:00,long,1085.655,1083.8772310157774,1084.1022310157773,1088.1394303747563,8.509456796360524,-15.12784836515174,-1.1449024306165843,stop_loss,3
2016-01-14 16:00:00,2016-01-14 16:45:00,long,1084.2949999999998,1086.8406345255469,1082.5946034215328,1087.0156345255468,7.752876626655059,19.73599041311971,1.4970828321955618,take_profit,3
2016-01-15 14:15:00,2016-01-15 14:30:00,short,1082.7450000000001,1084.1394276542167,1083.9144276542168,1080.8739157532536,11.306759184624099,-15.76645768660673,-1.192401812278529,stop_loss,1
2016-01-15 14:45:00,2016-01-15 15:00:00,short,1083.855,1085.2486901712377,1085.0236901712378,1081.9850957260196,11.28691271590231,-15.730459315771114,-1.1925232243218074,stop_loss,1
2016-01-15 15:15:00,2016-01-15 15:30:00,short,1087.755,1089.4235134639755,1089.1985134639756,1085.4453784576394,9.11625929682782,-15.210601377848011,-1.1558696926734944,stop_loss,1
2016-01-15 15:45:00,2016-01-15 16:00:00,short,1092.835,1094.853692731693,1094.628692731693,1089.965091629291,7.319548995950321,-14.775920357395039,-1.1254395449255905,stop_loss,1
2016-01-18 10:15:00,2016-01-18 10:30:00,long,1089.385,1087.9939802724414,1088.2189802724413,1091.2506315640937,11.23434679790405,-15.627198022119483,-1.192964145187313,stop_loss,1
2016-01-20 12:00:00,2016-01-20 14:00:00,long,1093.365,1095.3468726137523,1092.0169546164047,1095.5218726137523,9.694195577966871,19.212660728331482,1.470182412157844,take_profit,8
2016-01-21 10:15:00,2016-01-21 10:30:00,long,1100.425,1098.889738440869,1099.114738440869,1102.5214184946096,10.003072155071612,-15.357332152894722,-1.1717214386943677,stop_loss,1
2016-01-21 12:15:00,2016-01-21 12:30:00,long,1097.815,1096.2997238845778,1096.5247238845777,1099.879441784676,10.1342077849893,-15.356123005320399,-1.1743812795653141,stop_loss,1
2016-01-21 12:45:00,2016-01-21 13:15:00,long,1097.5149999999999,1099.4118094980113,1096.2201190637427,1099.5868094980112,10.074450586472357,19.10931355966736,1.4648524392474853,take_profit,2
2016-01-21 15:45:00,2016-01-21 16:00:00,long,1095.985,1098.8573678177634,1094.0803951138978,1099.0323678177633,6.869368408259988,19.731352744247,1.5081174256787413,take_profit,1
2016-01-22 14:30:00,2016-01-22 15:15:00,long,1097.0249999999999,1095.7015772307802,1095.9265772307801,1098.7824764307516,11.947035065212553,-15.810978229967652,-1.2048391623925823,stop_loss,3
2016-01-22 15:30:00,2016-01-22 15:45:00,long,1095.7749999999999,1094.3283472326195,1094.5533472326194,1097.7296444278086,10.716034648624008,-15.502381179775407,-1.1841767202659186,stop_loss,1
2016-01-22 16:00:00,2016-01-22 16:15:00,long,1095.135,1097.0521576954065,1093.827401440371,1097.2271576954065,9.987980275216755,19.148533246200717,1.466166876132447,take_profit,1
2016-01-26 07:15:00,2016-01-26 08:15:00,long,1111.855,1113.1885544144138,1110.9121534909914,1113.3635544144138,13.892574838869038,18.526504503948047,1.414391846045009,take_profit,4
2016-01-26 11:15:00,2016-01-26 13:00:00,long,1113.825,1112.3544362104344,1112.5794362104343,1115.8179020633052,10.545922101313325,-15.508451169771265,-1.180641089508838,stop_loss,7
2016-01-27 12:45:00,2016-01-27 13:30:00,long,1116.605,1118.3095024747304,1115.4303109532934,1118.4845024747303,11.155804875662906,19.015097018176455,1.4510244047215561,take_profit,3
2016-01-28 08:15:00,2016-01-28 11:15:00,long,1118.335,1118.285,1117.1020880552098,1120.3076591116642,10.659830204589296,-0.5329915102289801,-0.04055439661464446,time_stop,12
2016-01-29 10:00:00,2016-01-29 10:15:00,long,1113.325,1111.5399669746942,1111.764966974694,1115.8210528404895,8.423902438267612,-15.036944054262523,-1.1442277159201664,stop_loss,1
2016-01-29 13:45:00,2016-01-29 14:15:00,long,1112.055,1113.9177765271756,1110.7813896705154,1114.0927765271756,10.294743858468786,19.17680721284065,1.4625953355209718,take_profit,2
2016-02-01 15:45:00,2016-02-01 16:15:00,long,1121.745,1123.3610563223035,1120.6255897985602,1123.5360563223035,11.747119791349203,18.98400720766787,1.4436676744817982,take_profit,2
2016-02-02 12:45:00,2016-02-02 13:15:00,long,1124.635,1123.374644932912,1123.5996449329118,1126.2915681073412,12.737479310817367,-16.053746591318315,-1.2173167516653944,stop_loss,2
2016-02-02 13:30:00,2016-02-02 15:15:00,long,1123.975,1125.3742595232611,1122.9910877979617,1125.549259523261,13.370813194459638,18.709237696094256,1.42213860175992,take_profit,7
2016-02-03 09:15:00,2016-02-03 09:30:00,long,1127.305,1126.0891651630407,1126.3141651630406,1128.8903357391353,13.315160344058912,-16.189035806007166,-1.2270812365563883,stop_loss,1
2016-02-03 09:45:00,2016-02-03 10:00:00,long,1126.5249999999999,1125.2647903701727,1125.4897903701726,1128.1813354077237,12.713122325938274,-16.021199180318064,-1.2173472826343934,stop_loss,1
2016-02-03 14:15:00,2016-02-03 14:30:00,long,1127.435,1129.0259843616452,1126.3312597739716,1129.2009843616452,11.894741125694548,18.92434711679887,1.4414481996096473,take_profit,1
2016-02-04 13:45:00,2016-02-04 14:45:00,long,1145.465,1147.320147488755,1144.196157819528,1147.495147488755,10.37682475842608,19.250540391846563,1.4620789861078076,take_profit,4
2016-02-05 15:45:00,2016-02-05 16:00:00,long,1153.385,1151.187703774723,1151.412703774723,1156.5406739604434,6.695269130672966,-14.711489588040571,-1.1140802264468723,stop_loss,1
2016-02-08 13:45:00,2016-02-08 14:00:00,long,1172.245,1174.9783648388354,1170.4272719757278,1175.1533648388354,7.248406185375061,19.812538604702244,1.5037259712877349,take_profit,1
2016-02-09 07:45:00,2016-02-09 09:00:00,long,1191.385,1193.5805698460247,1189.9033938462346,1193.7555698460246,8.919547275156555,19.58348903752535,1.4818849398302225,take_profit,5
2016-02-09 09:45:00,2016-02-09 10:00:00,long,1189.5049999999999,1187.7079215973945,1187.9329215973944,1192.0203254441685,8.431146365080085,-15.151431041890389,-1.143122632832437,stop_loss,1
2016-02-09 10:15:00,2016-02-09 10:30:00,long,1186.315,1188.8677653064517,1184.6101466834677,1189.0427653064517,7.756749580405178,19.80116121969171,1.4973518728543769,take_profit,1
2016-02-09 13:30:00,2016-02-09 13:45:00,long,1187.7949999999998,1190.781751085451,1185.818905571593,1190.956751085451,6.712089452525201,20.0473404579756,1.511441478967756,take_profit,1
2016-02-10 11:30:00,2016-02-10 14:30:00,long,1182.875,1183.395,1181.3683764413656,1185.2855976938151,8.830219848067735,4.591714320995061,0.34514261841977145,time_stop,12
2016-02-12 10:15:00,2016-02-12 12:30:00,long,1236.945,1241.2588824342317,1234.1394484786051,1241.4338824342317,4.745234788289662,20.47038499950843,1.5376236726841839,take_profit,9
2016-02-12 14:00:00,2016-02-12 15:15:00,long,1237.405,1241.5226998152484,1234.7220626154697,1241.6976998152484,4.977358594598187,20.495268565402206,1.5347729838910564,take_profit,5
2016-02-15 09:15:00,2016-02-15 09:30:00,long,1214.455,1211.7863595862543,1212.0113595862542,1218.3648246619932,5.481547903465584,-14.628280265070758,-1.092075740249778,stop_loss,1
2016-02-15 09:45:00,2016-02-15 10:30:00,long,1212.885,1210.1747182146785,1210.3997182146784,1216.8614508565145,5.377931591178422,-14.575710034276018,-1.0905329936141601,stop_loss,3
2016-02-15 10:45:00,2016-02-15 13:45:00,long,1208.225,1209.1950000000002,1205.670354980462,1212.3124320312606,5.220499875401495,5.06388487914078,0.379700503428732,time_stop,12
2016-02-16 15:15:00,2016-02-16 16:30:00,long,1211.665,1208.626575419499,1208.8515754194989,1216.1664793288016,4.7439166731009434,-14.414033027398371,-1.0799737094640143,stop_loss,5
2016-02-17 10:45:00,2016-02-17 11:00:00,long,1205.245,1202.7428168138586,1202.9678168138585,1208.8884930978263,5.848376095057452,-14.633708331283689,-1.0988062802190106,stop_loss,1
2016-02-17 11:15:00,2016-02-17 14:15:00,long,1202.5249999999999,1206.0732976200645,1200.1979389874596,1206.2482976200645,5.710446018227725,20.262362015985147,1.5247978462718594,take_profit,12
2016-02-18 13:00:00,2016-02-18 14:00:00,long,1202.845,1204.9125654885877,1201.4433965696328,1205.0875654885876,9.509880418723982,19.662300554349283,1.4751429996471561,take_profit,4
2016-02-19 09:15:00,2016-02-19 09:30:00,long,1225.065,1223.5422052029771,1223.767205202977,1227.141471675237,10.300862392914423,-15.686099656779202,-1.1733710140586413,stop_loss,1
2016-02-19 09:45:00,2016-02-19 10:00:00,long,1221.445,1223.702059760791,1219.9249626495055,1223.8770597607909,8.77414848702384,19.803777485266572,1.484871250076024,take_profit,1
2016-02-19 12:00:00,2016-02-19 13:00:00,long,1220.935,1223.7568178137183,1219.061988866426,1223.9318178137182,7.141784015189894,20.152813355791633,1.5065675601905688,take_profit,4
2016-02-19 15:45:00,2016-02-19 17:00:00,long,1226.625,1231.055222728486,1223.7467357946964,1231.2302227284858,4.661471513289293,20.65135704636373,1.5391994662347528,take_profit,5
2016-02-22 09:45:00,2016-02-22 10:00:00,long,1211.7949999999998,1209.7107053629752,1209.935705362975,1214.7698714192395,7.238362896787435,-15.086880966612195,-1.121013633621811,stop_loss,1
2016-02-22 10:15:00,2016-02-22 10:30:00,long,1208.685,1206.271373501749,1206.4963735017488,1212.1868023972015,6.1353892789074145,-14.808538140656065,-1.102804201712674,stop_loss,1
2016-02-22 12:00:00,2016-02-22 12:15:00,long,1206.195,1203.8489368656965,1204.0739368656964,1209.5887010148856,6.316859814274496,-14.819751934832327,-1.1060788792002594,stop_loss,1
2016-02-22 12:30:00,2016-02-22 13:45:00,long,1204.135,1201.6595935219527,1201.8845935219526,1207.7356503648757,5.940624106428729,-14.705459396697401,-1.0999819375720685,stop_loss,5
2016-02-23 07:45:00,2016-02-23 09:15:00,long,1216.815,1219.9811485038324,1214.7267821851049,1220.1561485038324,6.387939016135448,20.225163558509518,1.5161964816353517,take_profit,6
2016-02-23 14:15:00,2016-02-23 14:30:00,long,1216.075,1218.9282807733407,1214.1823245166622,1219.1032807733407,7.0692828743568175,20.170648906708685,1.5075382961630368,take_profit,1
2016-02-24 15:15:00,2016-02-24 15:30:00,long,1234.2549999999999,1237.5824786743942,1232.0659508285034,1237.7574786743942,6.130606773768567,20.399463300812407,1.520056615320192,take_profit,1
2016-02-25 11:15:00,2016-02-25 12:00:00,long,1235.925,1239.1919793196976,1233.773762925189,1239.3669793196975,6.257329219129839,20.44256515543679,1.5186514577825732,take_profit,3
2016-02-25 13:30:00,2016-02-25 14:00:00,long,1234.0149999999999,1231.5124109484452,1231.7374109484451,1237.6591424824874,5.928147453371484,-14.835716912809062,-1.0987886729813345,stop_loss,2
2016-02-26 11:15:00,2016-02-26 12:00:00,long,1230.5049999999999,1233.0259079254015,1228.820057546624,1233.2009079254015,7.9956512906317245,20.156300707301174,1.4961388861386713,take_profit,3
2016-02-26 15:45:00,2016-02-26 16:15:00,long,1229.645,1227.0637643380726,1227.2887643380725,1233.414977059084,5.734793476615267,-14.802853435627911,-1.0954912972566806,stop_loss,2
2016-02-29 13:45:00,2016-02-29 14:00:00,long,1232.615,1230.378670192348,1230.6036701923479,1235.8331276922436,6.703485000432399,-14.991203321615423,-1.1118662882357195,stop_loss,1
2016-02-29 15:15:00,2016-02-29 16:30:00,long,1227.475,1231.0660025643108,1225.1212483973056,1231.2410025643107,5.715529529316649,20.524481196170665,1.525650608246156,take_profit,5
2016-03-03 15:30:00,2016-03-03 16:00:00,long,1240.695,1243.0557584910307,1239.1101509431057,1243.2307584910307,8.51436652188933,20.10036306229832,1.4895793897603733,take_profit,2
2016-03-04 07:45:00,2016-03-04 10:15:00,long,1261.0249999999999,1263.3678154821412,1259.4513653236615,1263.5428154821411,8.60058988397809,20.149595135731754,1.4887924861905006,take_profit,10
2016-03-04 13:45:00,2016-03-04 14:00:00,long,1268.855,1266.5568984076378,1266.7818984076378,1272.1719625477797,6.547911457246059,-15.047765746543682,-1.1085330312941999,stop_loss,1
2016-03-04 14:15:00,2016-03-04 15:00:00,long,1265.705,1263.345131790259,1263.570131790259,1269.1207891355855,6.344368273119012,-14.971872998622029,-1.1053929226044412,stop_loss,3
2016-03-04 15:30:00,2016-03-04 15:45:00,long,1260.595,1258.0099616004507,1258.2349616004506,1264.3710614392794,5.7263671615485165,-14.802879002521479,-1.0953374318158813,stop_loss,1
2016-03-07 15:45:00,2016-03-07 16:00:00,long,1268.495,1265.8405725061045,1266.0655725061044,1272.3820839902326,5.550624855877621,-14.733731225740499,-1.0926144124758934,stop_loss,1
2016-03-08 15:45:00,2016-03-08 16:30:00,long,1272.0049999999999,1269.5844034960219,1269.8094034960218,1275.5179544063647,6.128345142806486,-14.834250827847962,-1.1024778458119433,stop_loss,3
2016-03-09 13:30:00,2016-03-09 13:45:00,long,1254.0349999999999,1252.282984396578,1252.507984396578,1256.478224965475,8.79212015841601,-15.403931704704164,-1.1473462350323773,stop_loss,1
2016-03-09 14:00:00,2016-03-09 14:30:00,long,1251.925,1254.3821276488025,1250.2799202194983,1254.5571276488024,8.142399514245655,20.006914974049028,1.493622180471532,take_profit,2
2016-03-10 09:00:00,2016-03-10 10:15:00,long,1246.065,1248.2582629115345,1244.584835680291,1248.4332629115345,9.07663457138389,19.907445966967906,1.4817698834718573,take_profit,5
2016-03-10 12:30:00,2016-03-10 13:15:00,long,1247.0249999999999,1249.3140848020853,1245.4849469986964,1249.4890848020852,8.74952064385394,20.028394731378746,1.4863675471869997,take_profit,3
2016-03-10 15:00:00,2016-03-10 15:15:00,long,1239.7949999999998,1243.2234933894886,1237.5428166315694,1243.3984933894885,6.000746878090665,20.57352100352893,1.5222976235181254,take_profit,1
2016-03-11 09:00:00,2016-03-11 10:45:00,long,1269.355,1266.8688246968136,1267.0938246968135,1272.9728804850984,5.995081115515619,-14.904822609994275,-1.0995057745778631,stop_loss,7
2016-03-11 11:00:00,2016-03-11 14:00:00,long,1263.615,1267.1550000000002,1261.0117220131522,1267.7802447789566,5.1958030537344975,18.393142810221114,1.3598240441031693,time_stop,12
2016-03-14 14:00:00,2016-03-14 14:30:00,long,1254.225,1256.765120098179,1252.5280499386379,1256.940120098179,7.992519230953796,20.301958733629174,1.4968738067285081,take_profit,2
2016-03-14 16:00:00,2016-03-14 16:45:00,long,1246.745,1244.0908857598713,1244.3158857598712,1250.6315827842059,5.60019355703537,-14.86355346720397,-1.0926263558473024,stop_loss,3
2016-03-15 07:15:00,2016-03-15 07:45:00,short,1230.105,1227.336480528492,1231.9446996696925,1227.1614805284921,7.378260176676771,20.42685696498128,1.504875777887588,take_profit,2
2016-03-15 10:00:00,2016-03-15 10:15:00,short,1230.265,1232.2525020679695,1232.0275020679696,1227.4449966912487,7.724607404036476,-15.352673189774578,-1.1276594246831817,stop_loss,1
2016-03-15 10:30:00,2016-03-15 10:45:00,short,1232.945,1234.953075762688,1234.7280757626881,1230.092078779699,7.618257990904449,-15.298039225440334,-1.1261864496776588,stop_loss,1
2016-03-15 11:00:00,2016-03-15 11:45:00,short,1235.025,1232.2688995600467,1236.856937774971,1232.0938995600468,7.398359968450673,20.390623163980102,1.5044727378893956,take_profit,3
2016-03-17 07:45:00,2016-03-17 09:00:00,short,1258.615,1260.4088652214507,1260.1838652214508,1256.1048156456786,8.664935750691,-15.54372688926929,-1.1434157612288993,stop_loss,5
2016-03-17 09:30:00,2016-03-17 10:00:00,short,1262.275,1264.2065002510392,1263.9815002510393,1259.5445995983375,7.947862230507582,-15.35129789344955,-1.1318487939646615,stop_loss,2
2016-03-17 10:15:00,2016-03-17 12:00:00,short,1266.505,1268.7038742899174,1268.4788742899175,1263.3468011361324,6.855718403609996,-15.07486293661079,-1.1139890220715765,stop_loss,7
2016-03-17 12:15:00,2016-03-17 14:00:00,short,1269.005,1265.5435352697154,1271.277790456428,1265.3685352697155,5.94079253181453,20.563843818814508,1.523002140604305,take_profit,7
2016-03-18 11:00:00,2016-03-18 11:15:00,long,1255.365,1253.2327304988153,1253.4577304988152,1258.4166312018956,7.100886502484438,-15.141003720621926,-1.1179696942986481,stop_loss,1
2016-03-18 14:30:00,2016-03-18 14:45:00,long,1249.125,1251.7196119693785,1247.3939925191385,1251.8946119693785,7.806449365196734,20.25470696128701,1.498902805484809,take_profit,1
2016-03-21 08:00:00,2016-03-21 08:15:00,long,1246.125,1244.308462834977,1244.533462834977,1248.6714594640368,8.516000733070262,-15.46963182898494,-1.1413727589557419,stop_loss,1
2016-03-21 08:30:00,2016-03-21 09:30:00,long,1242.895,1240.8461745873017,1241.0711745873016,1245.8131206603175,7.414411657078462,-15.190835023228916,-1.1233670714495725,stop_loss,4
2016-03-21 09:45:00,2016-03-21 11:00:00,long,1241.7749999999999,1244.6539012285268,1239.8663117321705,1244.8289012285268,7.068839347812657,20.350490282677548,1.5083139960832794,take_profit,5
2016-03-21 14:15:00,2016-03-21 14:30:00,long,1244.595,1242.650306808915,1242.875306808915,1247.3465091057362,7.869375642737181,-15.303521230520982,-1.1308372918880614,stop_loss,1
2016-03-21 14:45:00,2016-03-21 15:15:00,long,1243.215,1245.924066524844,1241.4124584219724,1246.099066524844,7.490703589328446,20.292814341378847,1.5029148608091802,take_profit,2
2016-03-22 09:15:00,2016-03-22 09:30:00,short,1250.545,1252.1361902549777,1251.9111902549778,1248.3590955920358,9.91288749702618,-15.773289983957536,-1.1646915568165723,stop_loss,1
2016-03-22 09:45:00,2016-03-22 10:00:00,short,1253.4550000000002,1255.219215066792,1254.994215066792,1250.992255893133,8.778073973327343,-15.486410361157487,-1.1461784027808786,stop_loss,1
2016-03-22 14:45:00,2016-03-22 15:00:00,short,1254.875,1251.3346956668827,1257.1970652081984,1251.1596956668827,5.805336925441536,20.552659472346647,1.524636052690393,take_profit,1
2016-03-24 12:45:00,2016-03-24 14:00:00,short,1218.355,1220.174442862616,1219.949442862616,1215.8038914198141,8.48037677135529,-15.429560988936181,-1.1411151225768925,stop_loss,5
2016-03-24 14:15:00,2016-03-24 14:30:00,short,1221.645,1223.5818156124442,1223.3568156124443,1218.9060950200892,7.880882143691235,-15.26381557573395,-1.1314393900629474,stop_loss,1
2016-03-24 14:45:00,2016-03-24 15:00:00,short,1223.165,1220.5255768285463,1224.9240144821586,1220.3505768285463,7.652062901571452,20.197032131828923,1.5005124734474655,take_profit,1
2016-03-28 07:45:00,2016-03-28 08:45:00,short,1214.035,1215.6430284362966,1215.4180284362967,1211.8221545019255,9.761537197793956,-15.696829396019083,-1.1626864597248614,stop_loss,4
2016-03-28 10:30:00,2016-03-28 11:15:00,short,1217.305,1215.166305398868,1218.7510591257076,1214.991305398868,9.314342427827308,19.920533863489933,1.4789814352063317,take_profit,3
2016-03-28 15:30:00,2016-03-28 16:15:00,short,1219.615,1221.2264004516167,1221.0014004516167,1217.3967592774134,9.743888152732472,-15.701305769815193,-1.1622907722927582,stop_loss,3
2016-03-29 09:30:00,2016-03-29 10:00:00,short,1218.9950000000001,1217.3984278829578,1220.1022325731515,1217.2234278829578,12.172265024278119,19.43389893901217,1.4419482914039081,take_profit,2
2016-03-29 11:15:00,2016-03-29 12:30:00,short,1218.9650000000001,1216.8669967051,1220.3856270593126,1216.6919967051,9.514387349718232,19.961216008664504,1.476814960793077,take_profit,5
2016-03-29 14:45:00,2016-03-29 16:00:00,short,1220.155,1221.887517521363,1221.662517521363,1217.742971965819,8.99247827086588,-15.579626164751001,-1.1492519966179022,stop_loss,5
2016-03-30 10:30:00,2016-03-30 10:45:00,short,1240.815,1242.3287343810173,1242.1037343810174,1238.7530249903723,10.494916175667479,-15.886515441001722,-1.174589894794531,stop_loss,1
2016-03-30 11:00:00,2016-03-30 11:45:00,short,1242.445,1240.1248480784332,1244.0044699509792,1239.9498480784332,8.652546502817911,20.075222394958864,1.4877823840785152,take_profit,3
2016-03-31 10:15:00,2016-03-31 11:15:00,short,1229.195,1230.8399777882446,1230.6149777882447,1226.9230355388083,9.53080874040597,-15.677968681975884,-1.158453182762833,stop_loss,4
2016-03-31 11:45:00,2016-03-31 12:00:00,short,1232.885,1234.6811746458347,1234.4561746458348,1230.3711205666643,8.593685503909763,-15.435760016400373,-1.1432049585298363,stop_loss,1
2016-03-31 12:15:00,2016-03-31 14:00:00,short,1234.415,1236.227645485439,1236.0026454854392,1231.8747672232973,8.485086489104836,-15.380453718036472,-1.1417192956887743,stop_loss,7
2016-03-31 14:15:00,2016-03-31 15:15:00,short,1236.135,1233.957696230679,1237.6051898558255,1233.782696230679,9.142049441638592,19.90501870859904,1.480967754398256,take_profit,4
2016-04-01 15:30:00,2016-04-01 15:45:00,short,1232.4550000000002,1230.170720496672,1233.9920496895802,1229.995720496672,8.770281455021086,20.033774166124154,1.486145515537837,take_profit,1
2016-04-04 08:45:00,2016-04-04 09:00:00,short,1218.7150000000001,1216.7534107714641,1220.0503682678352,1216.5784107714642,10.124866871534776,19.86082979556374,1.4689500086116276,take_profit,1
2016-04-04 14:30:00,2016-04-04 14:45:00,short,1217.655,1219.241297510017,1219.016297510017,1215.4769239839727,9.961193270472837,-15.801416081748638,-1.1652834875141238,stop_loss,1
2016-04-04 15:00:00,2016-04-04 15:15:00,short,1219.2050000000002,1220.8148432611881,1220.5898432611882,1216.9892507820991,9.769007903554057,-15.726571542028434,-1.162473260552882,stop_loss,1
2016-04-04 15:30:00,2016-04-04 15:45:00,short,1219.7450000000001,1221.3401964854122,1221.1151964854123,1217.5526856233405,9.850478938125018,-15.713449381722834,-1.1642100256389323,stop_loss,1
2016-04-04 16:00:00,2016-04-04 16:30:00,short,1221.845,1219.717933011962,1223.2837918675239,1219.542933011962,9.35900808576061,19.907237140002067,1.4783701771255406,take_profit,2
2016-04-07 08:00:00,2016-04-07 09:30:00,short,1229.405,1227.231848364691,1230.8725947720682,1227.056848364691,9.202457962649781,19.998336570395328,1.4807572748753879,take_profit,6
2016-04-07 16:00:00,2016-04-07 16:15:00,short,1239.125,1241.428643233924,1241.2036432339241,1235.7991708257214,6.516498670015296,-15.011688070055802,-1.1082436833449028,stop_loss,1
2016-04-08 13:15:00,2016-04-08 13:30:00,long,1230.205,1233.3627985348985,1228.1220009156882,1233.5377985348985,6.488458201904922,20.489243803726005,1.5159865209167838,take_profit,1
2016-04-11 08:30:00,2016-04-11 08:45:00,long,1249.995,1248.2666837976453,1248.4916837976452,1252.400305923767,9.017684343145353,-15.585409957977177,-1.1496691112937452,stop_loss,1
2016-04-11 09:00:00,2016-04-11 09:15:00,long,1249.375,1247.6263242949087,1247.8513242949086,1251.8128811281463,8.8767315221078,-15.522524753327785,-1.1476692180941597,stop_loss,1
2016-04-11 09:30:00,2016-04-11 10:00:00,long,1248.465,1250.6724587278404,1246.9759632950997,1250.8474587278404,9.062379098473839,20.00482783592543,1.4824743544441337,take_profit,2
2016-04-11 11:45:00,2016-04-11 14:15:00,long,1247.5149999999999,1250.445222040051,1245.5742362249678,1250.620222040051,6.973659000202437,20.434369302194238,1.5098293144938093,take_profit,10
2016-04-11 14:30:00,2016-04-11 15:15:00,long,1247.855,1250.4795876458386,1246.1052577213509,1250.6545876458385,7.7583388543965315,20.36244030947853,1.4999852708964936,take_profit,3
2016-04-12 13:00:00,2016-04-12 13:15:00,long,1258.5049999999999,1256.8216709054398,1257.0466709054397,1260.8383265512962,9.336588316746838,-15.716550757510069,-1.1542861627318504,stop_loss,1
2016-04-12 13:30:00,2016-04-12 14:30:00,long,1257.145,1259.4103070773933,1255.6198080766292,1259.5853070773933,8.906672712182436,20.176348730933054,1.4852603417849286,take_profit,4
2016-04-13 12:00:00,2016-04-13 13:00:00,long,1245.2549999999999,1243.3319584951307,1243.5569584951306,1247.9718664077907,8.023795615784325,-15.430091995740465,-1.1325055950368148,stop_loss,4
2016-04-13 13:15:00,2016-04-13 13:45:00,long,1243.055,1241.1552706006662,1241.380270600666,1245.7345670389345,8.117059271548326,-15.420216134295877,-1.1343500628157552,stop_loss,2
2016-04-13 14:00:00,2016-04-13 15:15:00,long,1241.225,1244.131160635765,1239.2992746026468,1244.3061606357649,7.043079654332982,20.46832084597981,1.509125153440647,take_profit,5
2016-04-14 15:15:00,2016-04-14 15:30:00,long,1237.565,1235.2623361625442,1235.4873361625441,1240.8892621399298,6.547726230957307,-15.077212409586409,-1.1082947086740549,stop_loss,1
2016-04-18 12:15:00,2016-04-18 12:45:00,short,1235.815,1237.8732317253045,1237.6482317253046,1232.8818292395129,7.404311956551586,-15.239789773025871,-1.1227340749639962,stop_loss,2
2016-04-18 13:00:00,2016-04-18 15:15:00,short,1238.505,1240.4869752552822,1240.2619752552823,1235.6938395915488,7.7083271164686895,-15.277713604461141,-1.128060995351792,stop_loss,9
2016-04-18 15:30:00,2016-04-18 16:30:00,short,1240.005,1237.6990212574578,1241.555611714089,1237.524021257458,8.714486323861289,20.095420214999425,1.4871413143535368,take_profit,4
2016-04-19 09:15:00,2016-04-19 09:30:00,short,1234.075,1235.806015107363,1235.581015107363,1231.665375828219,8.999229390339872,-15.577802029303115,-1.1494008917306753,stop_loss,1
2016-04-19 09:45:00,2016-04-19 10:00:00,short,1237.2250000000001,1239.1305946588998,1238.9055946588999,1234.5360485457604,8.045854329485625,-15.33213703655239,-1.1338811823591144,stop_loss,1
2016-04-19 13:00:00,2016-04-19 15:00:00,short,1242.845,1244.892454071884,1244.667454071884,1239.9290734849856,7.40274103280885,-15.156772270727071,-1.1234599013885176,stop_loss,8
2016-04-19 15:15:00,2016-04-19 15:30:00,short,1246.365,1248.297389066615,1248.0723890666152,1243.6331774934158,7.883875009513685,-15.234713870944162,-1.1317801574341586,stop_loss,1
2016-04-19 15:45:00,2016-04-19 16:15:00,short,1250.285,1252.3952997564181,1252.1702997564182,1247.268520389731,7.123733252678429,-15.03321254791441,-1.1193444168408448,stop_loss,2
2016-04-20 08:45:00,2016-04-20 09:00:00,long,1248.5449999999998,1246.6042687196204,1246.8292687196204,1251.2901700486068,7.810259272071262,-15.157614477181907,-1.1311394170945834,stop_loss,1
2016-04-20 11:00:00,2016-04-20 14:00:00,long,1247.715,1248.9450000000002,1246.0498688462617,1250.379209845981,8.029392088422888,9.876152268762125,0.7386805521228089,time_stop,12
2016-04-22 09:45:00,2016-04-22 10:45:00,long,1245.415,1247.8903979204829,1243.758501299698,1248.0653979204828,8.083159506318712,20.00903623287308,1.4943554860814567,take_profit,4
2016-04-25 15:15:00,2016-04-25 15:30:00,short,1234.785,1236.4149190911644,1236.1899190911645,1232.5371294541371,9.559099433893277,-15.580558661640609,-1.1601515713004003,stop_loss,1
2016-04-25 15:45:00,2016-04-25 16:30:00,short,1235.9950000000001,1237.6402618694224,1237.4152618694225,1233.7225810089244,9.433894171320476,-15.521226360238456,-1.1584214889127606,stop_loss,3
2016-04-27 10:00:00,2016-04-27 10:45:00,short,1247.295,1245.779693072514,1248.3514418296788,1245.604693072514,12.653377917680986,19.173751214761744,1.434349611039992,take_profit,3
2016-04-28 14:15:00,2016-04-28 15:15:00,long,1255.2649999999999,1257.9794915530065,1253.4590677793708,1258.1544915530064,7.42326044591611,20.150377776207364,1.5030971384192096,take_profit,4
2016-04-29 09:15:00,2016-04-29 10:15:00,long,1272.945,1275.8047398592244,1271.0482875879848,1275.9797398592243,7.089217053558291,20.273316578754137,1.507735089995044,take_profit,4
2016-05-03 08:45:00,2016-05-03 09:00:00,long,1290.875,1289.1588444566269,1289.3838444566268,1293.260848869397,9.044497517409924,-15.521764551527587,-1.1508896915548623,stop_loss,1
2016-05-03 12:00:00,2016-05-03 12:45:00,long,1297.215,1295.0284417386672,1295.253441738667,1300.3534932181326,6.85970401504436,-14.999142484392479,-1.1147047245219366,stop_loss,3
2016-05-03 14:15:00,2016-05-03 15:00:00,long,1293.2849999999999,1296.3932063646687,1291.2329960220818,1296.5682063646686,6.542731369195974,20.33615928405334,1.5147175142527747,take_profit,3
2016-05-04 12:30:00,2016-05-04 12:45:00,long,1280.625,1278.6935835770778,1278.9185835770777,1283.3552662766756,7.891615981722535,-15.241996710494295,-1.1318552710683527,stop_loss,1
2016-05-04 13:00:00,2016-05-04 15:00:00,long,1276.935,1279.8335051059091,1275.0140593088067,1280.008505105909,6.9944372477427335,20.273412075543668,1.5088988010914322,take_profit,8
2016-05-05 10:00:00,2016-05-05 10:45:00,long,1278.985,1277.2671281158441,1277.492128115844,1281.3735950146495,9.027195225769574,-15.507564871134875,-1.1507162150937904,stop_loss,3
2016-05-05 11:00:00,2016-05-05 11:15:00,long,1276.245,1274.3027266273589,1274.5277266273588,1278.9926373962255,7.829522678102614,-15.20707341816765,-1.1310216553663017,stop_loss,1
2016-05-09 09:00:00,2016-05-09 09:45:00,long,1280.7549999999999,1279.0343675714494,1279.2593675714493,1283.1480118856807,8.969460953557427,-15.433145383308544,-1.150438032570578,stop_loss,3
2016-05-09 10:45:00,2016-05-09 12:30:00,long,1278.7749999999999,1276.934674842052,1277.1596748420518,1281.3595202527167,8.285731397258811,-15.2484399423748,-1.1392908411614941,stop_loss,7
2016-05-09 12:45:00,2016-05-09 13:15:00,long,1276.335,1274.4448277225927,1274.6698277225926,1278.999275643852,8.019382546350164,-15.158014571035629,-1.1351211541608268,stop_loss,2
2016-05-09 13:30:00,2016-05-09 14:15:00,long,1274.555,1272.616219572353,1272.8412195723529,1277.2970486842355,7.7742383178321655,-15.07254109047703,-1.1312886974142935,stop_loss,3
2016-05-11 14:00:00,2016-05-11 14:15:00,short,1273.675,1275.1854514232461,1274.9604514232462,1271.618277722806,10.341263890948008,-15.619976762246905,-1.175035785818878,stop_loss,1
2016-05-12 08:00:00,2016-05-12 10:00:00,long,1271.5149999999999,1270.0217965861486,1270.2467965861485,1273.544125462162,10.457275456297419,-15.614839410926022,-1.1774163336436867,stop_loss,8
2016-05-12 11:00:00,2016-05-12 12:00:00,short,1271.7450000000001,1269.8798219707726,1273.0201112682673,1269.7048219707726,10.376131937425239,19.353333318051703,1.4627570751234806,take_profit,4
2016-05-13 07:15:00,2016-05-13 07:30:00,short,1269.7150000000001,1271.3789701034516,1271.1539701034517,1267.4126478344774,9.221476797360852,-15.344261700479658,-1.1563618309096348,stop_loss,1
2016-05-13 09:00:00,2016-05-13 11:45:00,short,1274.615,1276.3262674470902,1276.1012674470903,1272.2369720846555,8.90737459371193,-15.242900181257719,-1.1513859436539464,stop_loss,11
2016-05-13 12:00:00,2016-05-13 15:00:00,short,1275.125,1273.885,1276.569339277785,1272.8140571555439,9.144842420657715,11.339604601615651,0.8585240456117755,time_stop,12
2016-05-17 08:45:00,2016-05-17 09:00:00,long,1277.355,1275.8752617218258,1276.1002617218257,1279.362581245079,10.544776178954187,-15.603508946777795,-1.1793202645632992,stop_loss,1
2016-05-17 09:15:00,2016-05-17 10:15:00,long,1275.435,1273.7997919948396,1274.0247919948395,1277.6913328082567,9.36012789625198,-15.30575606527635,-1.1595509309098722,stop_loss,4
2016-05-17 10:30:00,2016-05-17 10:45:00,long,1274.385,1272.780099008486,1273.005099008486,1276.5928415864225,9.543522221867,-15.316408276409161,-1.1630551767000668,stop_loss,1
2016-05-17 11:30:00,2016-05-17 11:45:00,long,1273.095,1271.4929882804397,1271.7179882804396,1275.2982187512966,9.541300755327889,-15.285275629885044,-1.1633973021462272,stop_loss,1
2016-05-18 10:15:00,2016-05-18 11:15:00,long,1272.135,1270.448805194652,1270.673805194652,1274.4729116885567,8.97068095280813,-15.12631562305838,-1.1539835750691194,stop_loss,4
2016-05-18 11:45:00,2016-05-18 13:30:00,long,1270.585,1272.7813842313167,1269.1028848554272,1272.9563842313166,8.823646276956651,19.38011754542339,1.4819255031292826,take_profit,7
2016-05-19 10:45:00,2016-05-19 13:45:00,short,1255.185,1253.2649999999999,1256.75368364852,1252.6751061623677,8.361418202386202,16.053922948582116,1.2239561506307068,time_stop,12
2016-05-20 11:45:00,2016-05-20 12:15:00,short,1255.945,1257.377272999661,1257.1522729996611,1254.013363200542,10.891097425444924,-15.599024779143381,-1.1863704398781814,stop_loss,2
2016-05-20 15:00:00,2016-05-20 15:15:00,short,1256.945,1255.217725305563,1258.133921684023,1255.042725305563,11.03296372261752,19.056959042718994,1.4528077985693169,take_profit,1
2016-05-23 10:45:00,2016-05-23 11:15:00,short,1252.165,1250.2878277233565,1253.4476076729022,1250.1128277233565,10.25679481331851,19.253770870782123,1.4635592132361488,take_profit,2
2016-05-23 13:00:00,2016-05-23 13:45:00,short,1250.885,1249.0306560710362,1252.1533399556024,1248.8556560710363,10.402535385255876,19.289878337480044,1.4620243734914333,take_profit,3
2016-05-24 12:15:00,2016-05-24 13:30:00,short,1243.4650000000001,1241.6722867811786,1244.6948207617636,1241.4972867811787,10.759723235106812,19.28909807443701,1.4577028413888,take_profit,5
2016-05-25 15:30:00,2016-05-25 15:45:00,short,1224.595,1222.7526556128425,1225.8558402419735,1222.5776556128426,10.525607273400242,19.3917934815729,1.4612036686533902,take_profit,1
2016-05-26 08:45:00,2016-05-26 09:00:00,short,1230.665,1228.9389694886238,1231.85314406961,1228.7639694886238,11.20225496967238,19.335433873869814,1.4527114644798749,take_profit,1
2016-05-27 07:15:00,2016-05-27 08:15:00,short,1218.195,1220.1710954884193,1219.9460954884194,1215.3932472185288,7.622978737882193,-15.0637338922455,-1.128490994059381,stop_loss,4
2016-05-27 08:30:00,2016-05-27 09:00:00,short,1219.425,1221.2892193862335,1221.0642193862336,1216.8022489820262,8.124864993842705,-15.146530832052079,-1.137260455732456,stop_loss,2
2016-05-27 09:15:00,2016-05-27 10:30:00,short,1221.2250000000001,1223.1712591077098,1222.94625910771,1218.4709854276646,7.720013266599124,-15.025146131758204,-1.1307182625742396,stop_loss,5
2016-05-27 11:00:00,2016-05-27 12:15:00,short,1222.085,1219.6984448333067,1223.6859719791833,1219.5234448333067,8.281277265873586,19.763725045690947,1.4906914035503267,take_profit,5
2016-05-30 12:00:00,2016-05-30 13:00:00,short,1204.625,1206.430026921086,1206.205026921086,1202.0969569262625,8.416071984052966,-15.19123650101312,-1.1424026369406728,stop_loss,4
2016-05-30 13:15:00,2016-05-30 13:30:00,short,1208.155,1209.982732075197,1209.757732075197,1205.5906286796846,8.277888760645489,-15.129762802744427,-1.1403852855270533,stop_loss,1
2016-05-30 13:45:00,2016-05-30 14:00:00,short,1208.525,1210.31317204443,1210.0881720444302,1206.0239247289119,8.46802394730683,-15.142283694137722,-1.1439380910128436,stop_loss,1
2016-05-30 14:15:00,2016-05-30 15:15:00,short,1209.805,1207.5674606080925,1211.3128371199423,1207.3924606080925,8.758700501491983,19.59793739400919,1.4839397188957253,take_profit,4
2016-06-01 08:15:00,2016-06-01 08:30:00,short,1215.375,1216.8769646724022,1216.6519646724023,1213.3318565241564,10.372949150171285,-15.579803172181792,-1.1761990796320354,stop_loss,1
2016-06-01 14:30:00,2016-06-01 14:45:00,short,1217.365,1218.7290322881338,1218.5040322881339,1215.5425483389859,11.601716777230324,-15.825116281925604,-1.1975361035362184,stop_loss,1
2016-06-01 15:00:00,2016-06-01 15:15:00,short,1218.305,1219.6869717178297,1219.4619717178298,1216.4538452514726,11.394470211609994,-15.746835572097195,-1.1944732066761063,stop_loss,1
2016-06-02 10:15:00,2016-06-02 10:45:00,short,1216.385,1214.7432775026793,1217.5204515608254,1214.5682775026794,11.582692346453559,19.015566604716437,1.4458762962350695,take_profit,2
2016-06-03 15:30:00,2016-06-03 15:45:00,short,1213.135,1214.3701588756637,1214.1451588756638,1211.5187457989377,13.056973070581348,-16.127436177430837,-1.2227372400723122,stop_loss,1
2016-06-06 08:45:00,2016-06-06 11:45:00,long,1240.815,1240.795,1239.7556463910753,1242.5099657742799,12.420179865673894,-0.24840359731325196,-0.018879437263900595,time_stop,12
2016-06-07 11:45:00,2016-06-07 12:00:00,long,1241.845,1240.497204580201,1240.722204580201,1243.6414726716787,11.717954424284901,-15.79340530246477,-1.2003926949044441,stop_loss,1
2016-06-07 12:15:00,2016-06-07 14:15:00,long,1241.395,1240.0877937451733,1240.3127937451732,1243.126530007723,12.128259920746103,-15.854137228563575,-1.2079086116868876,stop_loss,8
2016-06-07 14:45:00,2016-06-07 15:00:00,long,1238.2549999999999,1236.7803358513058,1237.0053358513057,1240.2544626379106,10.477671529284152,-15.451046566027658,-1.1800483755855744,stop_loss,1
2016-06-07 15:15:00,2016-06-07 15:30:00,long,1237.675,1236.1201875452587,1236.3451875452586,1239.8026999275862,9.822940319315904,-15.272829950652804,-1.1691967910194265,stop_loss,1
2016-06-09 09:00:00,2016-06-09 10:00:00,long,1261.315,1259.893488161311,1260.118488161311,1263.2294189419026,10.891762452751735,-15.482769270774464,-1.1880466141032329,stop_loss,4
2016-06-09 10:15:00,2016-06-09 10:30:00,long,1260.2549999999999,1258.8580568176162,1259.0830568176161,1262.130109091814,11.093675338355691,-15.497234131493789,-1.1919888296480845,stop_loss,1
2016-06-09 10:45:00,2016-06-09 11:15:00,long,1259.565,1258.1022530723326,1258.3272530723325,1261.5453950842684,10.478848641978116,-15.327903656545903,-1.1817819095086788,stop_loss,2
2016-06-10 14:30:00,2016-06-10 15:30:00,long,1267.665,1269.7200097883626,1266.2712438822734,1269.8950097883626,9.283910391651176,19.078526729125056,1.4744400130166029,take_profit,4
2016-06-13 10:30:00,2016-06-13 11:45:00,long,1280.615,1283.4018024759678,1278.7638734525203,1283.5768024759677,7.010684372668149,19.53739256798009,1.505462973215964,take_profit,5
2016-06-15 10:45:00,2016-06-15 11:00:00,long,1282.955,1281.5143413849653,1281.7393413849652,1284.9000537840554,10.707560973448999,-15.42593996240795,-1.1850848562394154,stop_loss,1
2016-06-15 11:15:00,2016-06-15 11:45:00,long,1282.375,1280.8984372145876,1281.1234372145875,1284.37750045666,10.3757374498621,-15.320427789676112,-1.179775239901971,stop_loss,2
2016-06-15 12:30:00,2016-06-15 14:00:00,long,1281.675,1280.2287630873964,1280.4537630873963,1283.6289790601659,10.608298745456523,-15.342113225605484,-1.184239435999531,stop_loss,6
2016-06-15 15:00:00,2016-06-15 15:15:00,long,1279.055,1281.0309162951123,1277.710677315555,1281.2059162951123,9.614181127027438,18.99681715305423,1.4698229212190765,take_profit,1
2016-06-16 11:00:00,2016-06-16 12:15:00,long,1308.075,1305.8402392865312,1306.065239286531,1311.2906171415502,6.4498003811406965,-14.4137605014897,-1.1119536263655723,stop_loss,5
2016-06-16 12:45:00,2016-06-16 15:15:00,long,1304.2649999999999,1307.1464937695273,1302.3546913940452,1307.3214937695273,6.770491351195523,19.50912864510921,1.5083917648412453,take_profit,10
2016-06-20 07:30:00,2016-06-20 10:15:00,long,1281.815,1285.0899421736221,1279.6587861414864,1285.264942173622,6.016446884801811,19.703515638394716,1.5188392193525917,take_profit,11
2016-06-20 12:15:00,2016-06-20 13:45:00,long,1282.875,1280.452196312764,1280.677196312764,1286.3914858995774,5.920525686105167,-14.344271462670783,-1.1023749306212463,stop_loss,6
2016-06-20 14:00:00,2016-06-20 14:15:00,long,1280.625,1278.4055175864264,1278.6305175864263,1283.816171861718,6.509691212121934,-14.448145163099161,-1.1128112228358826,stop_loss,1
2016-06-21 14:15:00,2016-06-21 14:30:00,long,1272.605,1270.4512574234698,1270.6762574234697,1275.6909881224487,6.716587536191789,-14.465800545688658,-1.1166563141902879,stop_loss,1
2016-06-22 08:45:00,2016-06-22 09:00:00,long,1264.325,1262.6486170205897,1262.8736170205896,1266.647212767057,8.905738135502203,-14.929427829441925,-1.1550245546432538,stop_loss,1
2016-06-22 11:15:00,2016-06-22 12:15:00,short,1267.925,1265.6252837099157,1269.4716976813027,1265.4502837099158,8.337620240326741,19.17416108721543,1.4868557171090488,take_profit,4
2016-06-22 14:30:00,2016-06-22 14:45:00,short,1266.165,1267.8786407495322,1267.6536407495323,1263.783174800748,8.688547736942898,-14.889049456281649,-1.1511445928580093,stop_loss,1
2016-06-22 15:00:00,2016-06-22 15:45:00,short,1267.4750000000001,1265.3012629659513,1268.9429606462807,1265.1262629659514,8.790663529880348,19.108590868763297,1.4807869949079284,take_profit,3
2016-06-23 09:15:00,2016-06-23 09:30:00,short,1267.065,1268.8528209985914,1268.6278209985915,1264.5644864022538,8.281540438707045,-14.805911897003583,-1.1439704228460617,stop_loss,1
2016-06-24 11:00:00,2016-06-24 14:00:00,long,1313.695,1318.1550000000002,1304.5284595573567,1328.361464708229,1.4087052313029058,6.282825331611331,0.48655215431681104,time_stop,12
2016-06-28 08:15:00,2016-06-28 08:45:00,long,1314.155,1317.2029033317938,1312.140685417629,1317.3779033317937,6.416832424431789,19.557884925988166,1.5131218124857564,take_profit,2
2016-06-28 10:30:00,2016-06-28 11:00:00,long,1314.855,1312.6569999190938,1312.8819999190937,1318.01180012945,6.571026033136763,-14.443115752471618,-1.1140395290285805,stop_loss,2
2016-06-28 11:15:00,2016-06-28 12:30:00,long,1313.0149999999999,1310.8849412617526,1311.1099412617525,1316.0630939811958,6.7902098784693,-14.463545886166475,-1.118106594554091,stop_loss,5
2016-06-28 13:00:00,2016-06-28 13:45:00,long,1309.2749999999999,1307.186048437087,1307.411048437087,1312.2573225006604,6.924440435334517,-14.464820669688804,-1.1207112912571007,stop_loss,3
2016-06-28 14:00:00,2016-06-28 14:30:00,long,1307.2649999999999,1310.1657896954748,1305.342631440328,1310.3407896954748,6.698971363013634,19.43230710011167,1.5089664678921095,take_profit,2
2016-07-04 10:30:00,2016-07-04 10:45:00,long,1349.2549999999999,1346.1580664324388,1346.3830664324387,1353.8500937080978,4.497581939393089,-13.928712480963052,-1.0783444305750345,stop_loss,1
2016-07-06 09:45:00,2016-07-06 10:15:00,long,1366.615,1364.2076154114627,1364.4326154114626,1370.10681534166,5.905878912147236,-14.217721874870676,-1.1030982353805483,stop_loss,2
2016-07-06 15:30:00,2016-07-06 16:15:00,long,1369.0449999999998,1366.619098638058,1366.8440986380579,1372.5664421791068,5.8432712607078345,-14.175199709547078,-1.1022308422769924,stop_loss,3
2016-07-07 13:15:00,2016-07-07 14:00:00,long,1364.895,1363.277815801825,1363.502815801825,1367.12249471708,9.21725249668116,-14.905995088221674,-1.1616165449190181,stop_loss,3
2016-07-07 14:15:00,2016-07-07 14:45:00,long,1361.805,1364.1104836686413,1360.2546977070992,1364.2854836686413,8.257938690355662,19.038542787255878,1.4871187891539548,take_profit,2
2016-07-07 16:00:00,2016-07-07 16:15:00,long,1362.205,1360.0541525198591,1360.279152519859,1365.2863559682255,6.667391111848619,-14.340541372032654,-1.116831681802471,stop_loss,1
2016-07-08 10:15:00,2016-07-08 13:15:00,long,1354.975,1356.2250000000001,1353.566486178591,1357.2286221142542,9.095897459002856,11.369871823755638,0.8874602300671214,time_stop,12
2016-07-11 07:15:00,2016-07-11 07:45:00,long,1367.145,1365.0691273755492,1365.2941273755491,1370.1063961991213,6.934262716527378,-14.394646143988794,-1.12156428110047,stop_loss,2
2016-07-11 08:30:00,2016-07-11 08:45:00,long,1365.2649999999999,1363.3070008602253,1363.5320008602253,1368.0377986236394,7.3892983825417184,-14.468239876554003,-1.1298327245731759,stop_loss,1
2016-07-11 10:15:00,2016-07-11 10:30:00,long,1362.2549999999999,1360.267382266762,1360.492382266762,1365.0751883731805,7.24871367160198,-14.407671836839464,-1.127651047505682,stop_loss,1
2016-07-11 10:45:00,2016-07-11 11:45:00,long,1359.185,1357.0361102198103,1357.2611102198102,1362.2632236483037,6.626105116998414,-14.23876956838004,-1.116950566667973,stop_loss,4
2016-07-11 12:00:00,2016-07-11 14:15:00,long,1357.705,1355.5695030750655,1355.7945030750654,1360.7617950798951,6.657649228278902,-14.217389454281387,-1.1177704067791816,stop_loss,9
2016-07-11 15:15:00,2016-07-11 15:45:00,long,1355.995,1353.9726214742866,1354.1976214742865,1358.8708056411413,7.060829656887991,-14.279670271809833,-1.1251823123404716,stop_loss,2
2016-07-11 16:00:00,2016-07-11 16:15:00,long,1353.385,1351.1690595404548,1351.3940595404547,1356.5705047352724,6.360021565566536,-14.093429110718949,-1.1130119180215443,stop_loss,1
2016-07-12 12:45:00,2016-07-12 13:00:00,long,1352.175,1350.384824493491,1350.6098244934908,1354.6792808104146,8.072089901549814,-14.450457628093593,-1.1437538468141073,stop_loss,1
2016-07-12 14:15:00,2016-07-12 14:30:00,long,1348.925,1346.8115860284886,1347.0365860284885,1351.9464623544181,6.675091730496114,-14.107232124350451,-1.1191476039651533,stop_loss,1
2016-07-12 14:45:00,2016-07-12 15:00:00,long,1346.865,1344.7334083612989,1344.9584083612988,1349.915546621922,6.596652248673592,-14.06136877669169,-1.118011636803977,stop_loss,1
2016-07-15 08:15:00,2016-07-15 11:15:00,short,1332.515,1333.155,1334.456744424762,1329.408208920381,6.462745108551407,-4.136156869472077,-0.3296005343640059,time_stop,12
2016-07-15 13:15:00,2016-07-15 15:00:00,short,1333.655,1335.5386640403572,1335.3136640403573,1331.0011375354284,7.560739646075104,-14.241893389814615,-1.1356513401902917,stop_loss,7
2016-07-18 08:45:00,2016-07-18 09:45:00,short,1329.835,1326.9757761915687,1331.7313898802697,1326.8007761915687,6.597927627039144,18.864951757537295,1.5077193978828605,take_profit,4
2016-07-18 11:30:00,2016-07-18 13:30:00,short,1328.4550000000002,1325.7282365438186,1330.2686021601135,1325.5532365438187,6.919915162319717,18.868971784489787,1.5035069521593207,take_profit,8
2016-07-18 16:00:00,2016-07-18 16:30:00,short,1328.905,1330.8020407727092,1330.5770407727093,1326.229734763665,7.528351721564708,-14.281590167104207,-1.1345660965164877,stop_loss,2
2016-07-19 11:30:00,2016-07-19 14:30:00,short,1333.035,1332.7649999999999,1334.656220777825,1330.4410467554803,7.746722729688133,2.0916151370174165,0.16654116681286138,time_stop,12
2016-07-20 07:15:00,2016-07-20 08:45:00,short,1333.065,1331.0339359416853,1334.4437900364467,1330.8589359416853,9.111852238264328,18.506755585813657,1.4730771216980771,take_profit,6
2016-07-21 11:45:00,2016-07-21 12:15:00,short,1321.2250000000001,1322.9290422277545,1322.7040422277546,1318.858532435593,8.519259527832824,-14.5171779846259,-1.152125474024844,stop_loss,2
2016-07-21 12:30:00,2016-07-21 12:45:00,short,1321.845,1323.6408658069886,1323.4158658069887,1319.3316147088183,8.002790676941554,-14.371938137206158,-1.1432331132289613,stop_loss,1
2016-07-25 13:30:00,2016-07-25 14:15:00,short,1318.505,1316.7949080550143,1319.6831824656163,1316.6199080550143,10.645690904983315,18.20511026542092,1.4514661310050296,take_profit,3
2016-07-26 10:30:00,2016-07-26 10:45:00,short,1320.025,1321.8468801811925,1321.6218801811926,1317.469991710092,7.877220049006757,-14.35135109017727,-1.1408997385338453,stop_loss,1
2016-07-27 07:30:00,2016-07-27 07:45:00,short,1318.9750000000001,1320.4274843444045,1320.2024843444046,1317.0110250489531,10.22438610657777,-14.85076075095018,-1.183301726841221,stop_loss,1
2016-07-27 12:45:00,2016-07-27 15:30:00,short,1320.505,1321.8241240766176,1321.5991240766177,1318.7544014774119,11.443466625993084,-15.095352346316613,-1.2056439528279785,stop_loss,11
2016-07-27 15:45:00,2016-07-27 16:00:00,short,1322.095,1323.496361702459,1323.271361702459,1320.2128212760658,10.617807112104884,-14.879388250999211,-1.1912677023823448,stop_loss,1
2016-07-28 12:00:00,2016-07-28 12:30:00,long,1341.745,1340.229595397268,1340.454595397268,1343.8096473643711,9.656368900028266,-14.633305876780062,-1.174363916188417,stop_loss,2
2016-07-28 12:45:00,2016-07-28 14:00:00,long,1338.885,1340.8364949925376,1337.5559406296638,1341.0114949925376,9.353499580215745,18.253307593493744,1.468327928829872,take_profit,5
2016-07-29 11:15:00,2016-07-29 13:45:00,long,1331.395,1334.6932470053423,1329.224220621661,1334.8682470053423,5.743496092748222,18.94346878810213,1.5193837928689629,take_profit,10
2016-08-02 14:00:00,2016-08-02 15:00:00,long,1357.395,1359.5048871174317,1355.9669455516052,1359.6798871174317,8.757193977681908,18.476690758361993,1.4774556529013758,take_profit,4
2016-08-03 12:30:00,2016-08-03 13:30:00,long,1363.0349999999999,1364.669234850762,1361.9042282182736,1364.844234850762,11.092161477228462,18.127196856368023,1.4452384443722976,take_profit,4
2016-08-04 07:15:00,2016-08-04 09:00:00,long,1351.0149999999999,1353.040603105167,1349.6396230592704,1353.215603105167,9.145825568256475,18.52581267037782,1.472762153546724,take_profit,7
2016-08-04 09:45:00,2016-08-04 10:00:00,long,1350.985,1349.3691402269712,1349.5941402269711,1353.210375636846,9.070655044096695,-14.656906600775356,-1.1617704418253083,stop_loss,1
2016-08-04 10:15:00,2016-08-04 10:30:00,long,1349.845,1351.9173902174846,1348.4403811140721,1352.0923902174845,8.960932768847117,18.570549409695538,1.475411044409755,take_profit,1
2016-08-05 11:15:00,2016-08-05 11:30:00,long,1362.655,1361.3958286412285,1361.6208286412284,1364.3096741740346,12.206716415418159,-15.370347694940238,-1.2175654915324403,stop_loss,1
2016-08-05 15:30:00,2016-08-05 15:45:00,long,1355.395,1353.8266568727993,1354.0516568727992,1357.5443490035211,9.374444660556206,-14.702345854706676,-1.167492575384485,stop_loss,1
2016-08-08 09:00:00,2016-08-08 09:15:00,long,1336.845,1335.360701259569,1335.5857012595689,1338.8598779846898,9.976736028554456,-14.808456720796814,-1.178670868774847,stop_loss,1
2016-08-08 09:30:00,2016-08-08 09:45:00,long,1334.995,1333.4851964942202,1333.71019649422,1337.0506856092477,9.755635118168529,-14.72909210251841,-1.1751240551475215,stop_loss,1
2016-08-08 10:00:00,2016-08-08 10:45:00,long,1333.675,1332.0740724873633,1332.2990724873632,1335.8764840202186,9.088135749799296,-14.549446560430354,-1.1635260563754075,stop_loss,3
2016-08-08 11:00:00,2016-08-08 14:00:00,long,1330.965,1332.075,1329.5519474779148,1333.2258840353359,8.828770996563364,9.799935806186458,0.7855334339322548,time_stop,12
2016-08-08 15:30:00,2016-08-08 16:15:00,short,1335.4650000000001,1333.5480682987793,1336.7724573132632,1333.3730682987793,9.556806840625214,18.319745995238716,1.466152417960558,take_profit,3
2016-08-09 11:45:00,2016-08-09 14:45:00,short,1334.095,1332.568167341409,1335.1586454116193,1332.393167341409,11.781893054124135,17.988979095063744,1.4354714850568493,take_profit,12
2016-08-10 07:15:00,2016-08-10 07:30:00,short,1349.915,1351.2499813156169,1351.024981315617,1348.1390298950128,11.32247387282589,-15.115291066783252,-1.2027061148095437,stop_loss,1
2016-08-10 08:00:00,2016-08-10 09:15:00,short,1352.295,1353.742182562103,1353.517182562103,1350.3395079006352,10.258290579512343,-14.845619243654232,-1.1840968828852898,stop_loss,5
2016-08-10 09:30:00,2016-08-10 10:15:00,short,1353.675,1351.7413781459252,1354.9928886587968,1351.5663781459252,9.4907961619432,18.35161087130234,1.4672118476533924,take_profit,3
2016-08-10 12:45:00,2016-08-10 15:15:00,short,1353.405,1354.8970936021828,1354.672093602183,1351.3776502365074,9.900228226950485,-14.772067197583143,-1.177571727623181,stop_loss,10
2016-08-10 16:00:00,2016-08-10 16:15:00,short,1356.075,1353.8386963355724,1357.5820647902674,1353.6636963355725,8.304202840479665,18.570719242314954,1.4838802411613028,take_profit,1
2016-08-11 13:15:00,2016-08-11 13:45:00,long,1344.345,1346.176432788973,1343.090979506892,1346.351432788973,10.0094960326359,18.331719235264156,1.4604488515444745,take_profit,2
2016-08-11 15:15:00,2016-08-11 15:30:00,long,1343.855,1345.8751388668184,1342.4830382082384,1346.0501388668183,9.175748672210748,18.536286524889732,1.4724454273792242,take_profit,1
2016-08-12 13:45:00,2016-08-12 14:00:00,short,1338.9650000000001,1340.4549830776825,1340.2299830776826,1336.941027075708,9.981041948214273,-14.87158360047726,-1.1778679920462833,stop_loss,1
2016-08-12 15:30:00,2016-08-12 15:45:00,short,1342.515,1344.2940005118762,1344.0690005118763,1340.028599180998,8.105599643414008,-14.419865914696416,-1.144787597095613,stop_loss,1
2016-08-16 08:45:00,2016-08-16 09:00:00,short,1347.595,1348.9973285542294,1348.7723285542295,1345.711274313233,10.674391798239053,-14.969004417702424,-1.1911106285425712,stop_loss,1
2016-08-16 09:30:00,2016-08-16 10:00:00,short,1349.165,1347.3486234206168,1350.4096103621143,1347.1736234206169,10.073295736478931,18.296898452940287,1.4593937465677453,take_profit,2
2016-08-16 11:15:00,2016-08-16 13:00:00,short,1350.565,1352.240398937934,1352.0153989379342,1348.2443616993055,8.669285203062815,-14.524511221858429,-1.1551297330101413,stop_loss,7
2016-08-16 14:00:00,2016-08-16 14:15:00,short,1352.385,1354.1103228480072,1353.8853228480073,1349.984483443188,8.361449034378474,-14.426199061460764,-1.1499677221464393,stop_loss,1
2016-08-17 12:00:00,2016-08-17 15:00:00,long,1342.7549999999999,1344.8768988350776,1341.3194382280765,1345.0518988350775,8.71855246872042,18.499886326941425,1.4780965031095088,take_profit,12
2016-08-18 07:45:00,2016-08-18 09:45:00,long,1352.315,1350.759809275199,1350.9848092751988,1354.4433051596818,9.437007918644913,-14.676347184951576,-1.1691486760543521,stop_loss,8
2016-08-18 11:00:00,2016-08-18 11:30:00,long,1350.7549999999999,1349.2310500831913,1349.4560500831913,1352.8333198668936,9.641378429475319,-14.692977855518498,-1.17321684007087,stop_loss,2
2016-08-18 12:15:00,2016-08-18 12:30:00,long,1346.575,1348.6519898002666,1345.1675063748335,1348.8269898002666,8.876972179321706,18.437380673701327,1.4756655114659984,take_profit,1
2016-08-19 13:00:00,2016-08-19 14:30:00,long,1345.405,1343.7214745788094,1343.9464745788093,1347.738640673905,8.591661367337835,-14.464280322174023,-1.1542653948508035,stop_loss,6
2016-08-19 15:00:00,2016-08-19 15:15:00,long,1343.435,1341.7453745651949,1341.9703745651948,1345.778400695688,8.536126477649656,-14.422856411349837,-1.153622895419566,stop_loss,1
2016-08-23 08:00:00,2016-08-23 09:30:00,short,1338.365,1339.6086539018083,1339.3836539018084,1336.7351537571067,12.244965850435262,-15.228499557403563,-1.2208797311829518,stop_loss,6
2016-08-23 10:15:00,2016-08-23 10:45:00,short,1342.255,1340.4367698402687,1343.5007688498322,1340.2617698402687,9.988149281160142,18.160754262905435,1.459524501657388,take_profit,2
2016-08-23 15:00:00,2016-08-23 15:30:00,short,1341.185,1342.5729147092457,1342.3479147092457,1339.3243364652067,10.731007743948053,-14.893723492855083,-1.193479365435004,stop_loss,2
2016-08-23 15:45:00,2016-08-23 16:30:00,short,1343.305,1341.3112631975434,1344.6604605015355,1341.1362631975435,9.184671400885517,18.31181739041629,1.4708925860976623,take_profit,3
2016-08-24 11:45:00,2016-08-24 12:15:00,short,1339.575,1338.123584504581,1340.591509684637,1337.948584504581,12.283289699027529,17.828157003889654,1.4278422698327844,take_profit,2
2016-08-26 13:00:00,2016-08-26 13:15:00,short,1325.805,1326.7068274716364,1326.4818274716365,1324.7220760453815,18.500636834369928,-16.684382540002197,-1.3324333148828915,stop_loss,1
2016-08-29 08:15:00,2016-08-29 11:15:00,short,1318.7150000000001,1320.1626382274753,1319.9376382274754,1316.7587788360397,10.214281057593727,-14.786583725148303,-1.1840282717681176,stop_loss,12
2016-08-29 11:30:00,2016-08-29 12:45:00,short,1319.335,1317.8644376237648,1320.363476485147,1317.689437623765,12.113837797623882,17.814154097001477,1.4298454048029046,take_profit,5
2016-08-29 14:15:00,2016-08-29 16:30:00,short,1320.2250000000001,1321.854963898495,1321.6299638984951,1317.9770577624083,8.893058135741724,-14.495363708475429,-1.1601464637211887,stop_loss,9
2016-08-30 15:15:00,2016-08-30 15:30:00,short,1320.825,1319.2472138946746,1321.9204913158285,1319.0722138946746,11.378853232707467,17.953396525103514,1.4402543247294426,take_profit,1
2016-08-31 07:45:00,2016-08-31 08:15:00,short,1315.7150000000001,1314.3838294752275,1316.6563565779832,1314.2088294752275,13.280134208392571,17.67812322323766,1.414098074955722,take_profit,2
2016-08-31 11:15:00,2016-08-31 11:30:00,short,1314.075,1315.2280804348907,1315.0030804348908,1312.5900713041747,13.508201949640608,-15.576043378681991,-1.242435883293244,stop_loss,1
2016-08-31 11:45:00,2016-08-31 14:15:00,short,1314.635,1313.2421992367629,1315.6148754770231,1313.067199236763,12.762382717494384,17.775456389650397,1.4214058784984005,take_profit,10
2016-09-01 14:00:00,2016-09-01 15:15:00,short,1306.355,1305.0683449684907,1307.2685343946932,1304.8933449684907,13.728105738424434,17.663336321435853,1.4084363314436705,take_profit,5
2016-09-02 12:30:00,2016-09-02 12:45:00,short,1311.375,1312.530920462413,1312.305920462413,1309.885527260139,13.509664838690417,-15.616098027383007,-1.241696266313328,stop_loss,1
2016-09-02 15:00:00,2016-09-02 15:15:00,short,1313.835,1315.1387885605377,1314.9137885605378,1312.1089383031397,11.62896206126856,-15.161707706408496,-1.2085672839242474,stop_loss,1
2016-09-05 12:30:00,2016-09-05 12:45:00,short,1327.135,1328.2753897555574,1328.0503897555575,1325.670376391108,13.671627578560125,-15.590984032386094,-1.2457969391004136,stop_loss,1
2016-09-05 13:00:00,2016-09-05 13:15:00,short,1328.045,1326.7073398474352,1328.9904125953533,1326.5323398474352,13.20448439179348,17.6631126060676,1.4148956330174074,take_profit,1
2016-09-07 08:45:00,2016-09-07 10:00:00,long,1351.165,1349.8688267159303,1350.0938267159302,1352.8788772545117,11.687195965898365,-15.148631176684745,-1.2100500482471401,stop_loss,5
2016-09-07 10:15:00,2016-09-07 10:30:00,long,1349.865,1348.5840406303778,1348.8090406303777,1351.5545349913957,11.82688953882018,-15.149764968238769,-1.2130763800887385,stop_loss,1
2016-09-07 10:45:00,2016-09-07 11:00:00,long,1349.0249999999999,1347.7690962578256,1347.9940962578255,1350.6744459874787,12.084945259575651,-15.177527975472248,-1.2182551006414468,stop_loss,1
2016-09-07 11:15:00,2016-09-07 12:00:00,long,1348.095,1349.6758590402242,1346.99758809986,1349.8508590402241,11.324881965041317,17.903042033906896,1.4405338961809875,take_profit,3
2016-09-07 13:00:00,2016-09-07 15:00:00,long,1347.615,1346.3199665542668,1346.5449665542667,1349.3270535131733,11.64810910339719,-15.084690868449004,-1.2102738011574132,stop_loss,8
2016-09-07 15:15:00,2016-09-07 15:30:00,long,1347.445,1349.0246757915809,1346.3483276302618,1349.1996757915808,11.337658613043779,17.909824844234386,1.4404263617566326,take_profit,1
2016-09-08 08:15:00,2016-09-08 08:45:00,long,1345.555,1347.1676022195206,1344.4377486127996,1347.3426022195206,11.160887093980557,17.998071299571507,1.4433656006114757,take_profit,2
2016-09-09 13:45:00,2016-09-09 14:00:00,long,1333.915,1332.7260081738593,1332.9510081738592,1335.457386921825,12.972633575951923,-15.424355285324411,-1.233404468687956,stop_loss,1
2016-09-12 11:00:00,2016-09-12 11:45:00,long,1327.215,1328.7044106041562,1326.1747433724022,1328.8794106041562,11.991910158720732,17.860878154488546,1.4317722806494642,take_profit,3
2016-09-12 13:00:00,2016-09-12 13:15:00,long,1327.455,1326.1830060642249,1326.4080060642248,1329.13019029724,11.948861735490784,-15.198879666959076,-1.2149009581734833,stop_loss,1
2016-09-12 13:30:00,2016-09-12 14:45:00,long,1324.845,1326.6308324501715,1323.6194797186429,1326.8058324501715,10.183420223221768,18.185882288361963,1.4572035055950616,take_profit,5
2016-09-13 11:15:00,2016-09-13 12:15:00,short,1329.925,1328.4499458918283,1330.9562838176073,1328.2749458918283,12.136678155928424,17.90225697345949,1.4303085949645715,take_profit,4
2016-09-14 09:00:00,2016-09-14 12:00:00,short,1321.555,1322.175,1322.61166275185,1319.8643395970403,11.879063848602021,-7.3650195861319565,-0.5867529624891737,time_stop,12
2016-09-14 12:45:00,2016-09-14 13:45:00,short,1323.395,1321.8360209042633,1324.4787369348355,1321.6610209042633,11.568706254710015,18.035371215811686,1.4385216980477897,take_profit,4
2016-09-15 12:45:00,2016-09-15 13:00:00,short,1321.085,1322.235415347304,1322.0104153473042,1319.6043354443134,13.58687754158428,-15.63055244577905,-1.2431340701830462,stop_loss,1
2016-09-15 15:15:00,2016-09-15 15:30:00,short,1322.9550000000002,1324.2021504299446,1323.9771504299447,1321.319559312089,12.270448190989743,-15.30309473700384,-1.220124155318429,stop_loss,1
2016-09-19 08:00:00,2016-09-19 08:45:00,short,1315.165,1316.4045046010572,1316.1795046010573,1313.5417926383082,12.33275599885784,-15.28650780430015,-1.2217831242612587,stop_loss,3
2016-09-19 10:15:00,2016-09-19 10:30:00,short,1316.595,1317.796713658197,1317.571713658197,1315.032258146885,12.77863228818706,-15.356256953790583,-1.23036434282618,stop_loss,1
2016-09-21 13:15:00,2016-09-21 14:30:00,short,1320.835,1322.5159315669366,1322.2909315669367,1318.5055094929014,8.551467979527393,-14.37443247043496,-1.154540230536602,stop_loss,5
2016-09-21 14:45:00,2016-09-21 15:00:00,short,1322.355,1323.9769528362272,1323.7519528362272,1320.1198754620366,8.891927478130484,-14.422286992679757,-1.161064850698589,stop_loss,1
2016-09-21 15:15:00,2016-09-21 15:30:00,short,1324.765,1326.3767093332774,1326.1517093332775,1322.5462650667562,8.936810648577946,-14.40354113204507,-1.1622546229411586,stop_loss,1
2016-09-21 15:45:00,2016-09-21 16:00:00,short,1327.875,1325.4124989606212,1329.5234381496116,1325.2374989606212,7.500403734750355,18.469751992583546,1.493838904395072,take_profit,1
2016-09-26 12:00:00,2016-09-26 12:30:00,long,1334.445,1335.822481802877,1333.4746988732018,1335.997481802877,12.780456309226077,17.6048459984251,1.4196436187006978,take_profit,2
2016-09-27 11:45:00,2016-09-27 12:15:00,long,1334.815,1336.278856741658,1333.7907145364638,1336.453856741658,12.141245085036845,17.773043469853143,1.4291491910899632,take_profit,2
2016-09-27 14:30:00,2016-09-27 15:00:00,long,1335.665,1334.3978540989663,1334.6228540989662,1337.3324334416543,11.967275334866084,-15.16428388711726,-1.2159006716590381,stop_loss,2
2016-09-28 10:15:00,2016-09-28 10:30:00,long,1323.335,1322.3628183861072,1322.587818386107,1324.5304905822286,16.650996407924897,-16.187792560780835,-1.3011316068493912,stop_loss,1
2016-09-28 16:00:00,2016-09-28 16:15:00,long,1324.695,1323.5645413270431,1323.789541327043,1326.1437338767312,13.704593212801665,-15.492476256756813,-1.2484928431522313,stop_loss,1
2016-09-30 07:45:00,2016-09-30 08:15:00,short,1322.635,1323.900184197377,1323.6751841973771,1320.9707052841966,11.899774926955953,-15.055407189928177,-1.2163078429447942,stop_loss,2
2016-09-30 10:45:00,2016-09-30 11:00:00,short,1324.275,1325.4974424947186,1325.2724424947187,1322.6790920084504,12.379507673239782,-15.133236243462141,-1.225576914149208,stop_loss,1
2016-09-30 11:15:00,2016-09-30 12:30:00,short,1326.2450000000001,1327.5178458245277,1327.2928458245278,1324.5684466807556,11.755145896629593,-14.962488371237981,-1.2147262457254355,stop_loss,5
2016-10-04 08:15:00,2016-10-04 09:45:00,short,1311.275,1309.7564129186824,1312.3334919258236,1309.5814129186824,11.608643644772883,17.62873627057314,1.4346704441190725,take_profit,6
2016-10-04 12:00:00,2016-10-04 14:00:00,short,1309.275,1310.6353765613514,1310.4103765613515,1307.4583975018377,10.853591187075395,-14.764971057387038,-1.19817213747313,stop_loss,8
2016-10-05 07:15:00,2016-10-05 09:00:00,short,1274.135,1272.3685574366266,1275.3484016021082,1272.1935574366266,10.13133910225793,17.89642861419769,1.455777345525442,take_profit,7
2016-10-05 13:00:00,2016-10-05 15:15:00,short,1273.7350000000001,1275.091626602277,1274.8666266022772,1271.924397436357,10.895092012330876,-14.78057165818314,-1.1988288358961943,stop_loss,9
2016-10-06 13:15:00,2016-10-06 13:30:00,short,1265.925,1267.2248108869196,1266.9998108869197,1264.2053025809282,11.443515284202423,-14.87440575103782,-1.209339152345885,stop_loss,1
2016-10-06 13:45:00,2016-10-06 14:30:00,short,1267.685,1266.134995592739,1268.763127754538,1265.959995592739,11.380716198934842,17.640160266135492,1.4376815741333666,take_profit,3
2016-10-07 10:15:00,2016-10-07 12:30:00,short,1254.4750000000001,1256.0040894374813,1255.7790894374814,1252.3884569000304,9.435814728236698,-14.428204634975911,-1.172534178663757,stop_loss,9
2016-10-07 13:00:00,2016-10-07 13:45:00,short,1256.155,1257.5623788451712,1257.3373788451713,1254.263193847726,10.382704293118978,-14.612398377804384,-1.1902943383322317,stop_loss,3
2016-10-07 14:00:00,2016-10-07 14:45:00,short,1257.305,1255.4846662975037,1258.5520835640602,1255.3096662975038,9.820564930889415,17.876705321251517,1.4596725952908876,take_profit,3
2016-10-10 07:45:00,2016-10-10 09:30:00,short,1263.095,1264.8142175196767,1264.5892175196768,1260.704251968517,8.22023458030212,-14.132371306307682,-1.150580485797394,stop_loss,7
2016-10-11 09:45:00,2016-10-11 10:15:00,short,1261.155,1259.6724761414362,1262.1909524116024,1259.4974761414362,11.829263242094148,17.53716498563645,1.4310733214767684,take_profit,2
2016-10-13 09:00:00,2016-10-13 09:45:00,short,1260.835,1259.3212290351657,1261.8904818530214,1259.1462290351658,11.643618578490967,17.625771729724775,1.434198949514025,take_profit,3
2016-10-17 08:00:00,2016-10-17 08:15:00,short,1254.065,1255.1970185198325,1254.9720185198325,1252.613770368268,13.588343994160928,-15.382257055243533,-1.2480654970986287,stop_loss,1
2016-10-17 12:45:00,2016-10-17 13:00:00,short,1253.2450000000001,1254.5236566074286,1254.2986566074287,1251.5591494281143,11.668047308554703,-14.91942578687182,-1.213542057643441,stop_loss,1
2016-10-18 09:30:00,2016-10-18 09:45:00,short,1260.135,1261.4496837500642,1261.2246837500643,1258.3915059998972,11.254895092407025,-14.796627686664886,-1.2064819265099926,stop_loss,1
2016-10-18 10:00:00,2016-10-18 11:15:00,short,1261.7450000000001,1263.0917681314331,1262.8667681314332,1259.9501709897072,10.906606002321299,-14.6886693860223,-1.200576209731028,stop_loss,5
2016-10-18 15:45:00,2016-10-18 16:00:00,short,1262.045,1260.1867504407028,1263.3157809745608,1260.0117504407028,9.604570686107653,17.847689244699236,1.4622894082433717,take_profit,1
2016-10-19 12:30:00,2016-10-19 12:45:00,short,1266.525,1267.6795837987395,1267.4545837987396,1265.0376659220171,13.168259915692513,-15.20385955624797,-1.2420438053083636,stop_loss,1
2016-10-19 13:00:00,2016-10-19 15:00:00,short,1270.175,1271.5678554183007,1271.3428554183008,1268.3064313307186,10.45556938364111,-14.563096467424154,-1.1926608349578638,stop_loss,8
2016-10-19 15:15:00,2016-10-19 16:00:00,short,1271.375,1269.6997876948694,1272.5313826907066,1269.5247876948695,10.534114061953078,17.646877500232787,1.4486660156656412,take_profit,3
2016-10-20 08:15:00,2016-10-20 08:30:00,long,1271.5249999999999,1270.49320155096,1270.71820155096,1272.8158775184636,15.142271198847423,-15.623771937910767,-1.278880060153394,stop_loss,1
2016-10-20 08:45:00,2016-10-20 09:00:00,long,1270.675,1269.6169952148587,1269.8419952148586,1272.0078076562263,14.628383403856963,-15.47689964016214,-1.2701064915992293,stop_loss,1
2016-10-20 09:15:00,2016-10-20 10:00:00,long,1269.955,1268.8999601597504,1269.1249601597503,1271.2830637443992,14.643344795787876,-15.449312154066272,-1.2710713258441357,stop_loss,3
2016-10-20 10:15:00,2016-10-20 10:30:00,long,1269.185,1268.0745840827424,1268.2995840827423,1270.601665467612,13.692616898346493,-15.204499752833913,-1.2541178621418807,stop_loss,1
2016-10-20 10:45:00,2016-10-20 11:45:00,long,1268.435,1269.6979207348288,1267.536299540732,1269.8729207348288,13.456376734303863,16.99433719342111,1.4052743845903772,take_profit,4
2016-10-21 10:15:00,2016-10-21 10:30:00,long,1261.655,1262.7789594294873,1260.8431503565705,1262.9539594294872,14.93779140477255,16.78947150510824,1.384442844292427,take_profit,1
2016-10-24 13:45:00,2016-10-24 14:00:00,long,1264.815,1263.7866603175498,1264.0116603175497,1266.1003434919205,15.137830029143023,-15.566831325154391,-1.280080773943126,stop_loss,1
2016-10-24 14:15:00,2016-10-24 14:30:00,long,1264.335,1263.2347224166629,1263.4597224166628,1265.7354441333396,13.858101860326547,-15.247758824520492,-1.2570613075020467,stop_loss,1
2016-10-26 09:00:00,2016-10-26 09:30:00,long,1273.655,1274.8383674501076,1272.8060203436828,1275.0133674501076,14.251449134582225,16.864701022729484,1.3938702079635696,take_profit,2
2016-10-26 11:15:00,2016-10-26 11:30:00,long,1274.375,1273.2868265601817,1273.5118265601816,1275.7560775037095,14.056178319037654,-15.295559912126892,-1.2606660372302965,stop_loss,1
2016-10-26 13:30:00,2016-10-26 13:45:00,long,1272.085,1270.9371646410618,1271.1621646410617,1273.5615365743015,13.114287996554312,-15.053043469743972,-1.2438138047276017,stop_loss,1
2016-10-26 14:30:00,2016-10-26 15:00:00,long,1270.845,1272.3542136895728,1269.792366444017,1272.5292136895728,11.468589914281626,17.308552898730248,1.4337503122474775,take_profit,2
2016-10-27 14:45:00,2016-10-27 15:00:00,long,1269.2649999999999,1268.2659776564149,1268.4909776564148,1270.5034357497361,15.641460210699067,-15.626168236784284,-1.2906892828929952,stop_loss,1
2016-10-27 15:15:00,2016-10-27 15:30:00,long,1268.495,1269.5690593964562,1267.7143378772148,1269.7440593964561,15.4683915108165,16.61397125025698,1.3758313169139884,take_profit,1
2016-10-28 09:00:00,2016-10-28 09:15:00,long,1268.835,1267.7616095710653,1267.9866095710652,1270.192424686296,14.272692008805118,-15.320170997385217,-1.265208083832808,stop_loss,1
2016-10-28 11:30:00,2016-10-28 12:30:00,long,1266.485,1265.3047819062697,1265.5297819062696,1268.0133489499685,12.644416005818119,-14.92316855471852,-1.2355483019812168,stop_loss,4
2016-10-28 14:00:00,2016-10-28 15:15:00,long,1265.925,1267.1467743732546,1265.0520160167157,1267.3217743732546,13.801316916461722,16.862095325699165,1.3995381320264686,take_profit,5
2016-10-31 09:15:00,2016-10-31 11:00:00,long,1274.395,1273.2446655769782,1273.469665576978,1275.8755350768351,13.056958118444829,-15.019868383601453,-1.2431553332525038,stop_loss,7
2016-10-31 11:15:00,2016-10-31 13:30:00,long,1273.205,1271.975080575372,1272.2000805753719,1274.8128710794049,11.993014340076318,-14.750441296701434,-1.2238985479688482,stop_loss,9
2016-10-31 13:45:00,2016-10-31 14:45:00,long,1272.735,1274.0611141037327,1271.7968036851669,1274.2361141037327,12.814495215462122,16.993482837441245,1.4134718744539663,take_profit,4
2016-11-02 07:45:00,2016-11-02 08:45:00,long,1291.235,1292.694956022734,1290.2131524857912,1292.869956022734,11.798726312509368,17.225621540539404,1.428741570961911,take_profit,4
2016-11-03 07:30:00,2016-11-03 07:45:00,long,1303.825,1302.2240462837856,1302.4490462837855,1306.0265259459434,8.7873234788826,-14.068098179095697,-1.1635229421952624,stop_loss,1
2016-11-03 10:15:00,2016-11-03 10:30:00,long,1296.695,1294.835820966564,1295.0608209665638,1299.309686453498,7.381574450031832,-13.72366845124621,-1.1376838127257158,stop_loss,1
2016-11-03 11:15:00,2016-11-03 12:15:00,long,1293.975,1291.8504993394947,1292.0754993394946,1297.0142010568084,6.336068796041232,-13.46098234219593,-1.118452183080609,stop_loss,4
2016-11-03 13:15:00,2016-11-03 13:30:00,long,1290.605,1288.4293918103199,1288.6543918103198,1293.7259731034883,6.156256782850613,-13.393602674543663,-1.1153486390502618,stop_loss,1
2016-11-07 07:15:00,2016-11-07 09:15:00,long,1289.455,1287.782355217523,1288.007355217523,1291.771231651963,8.27665587448341,-13.843905264811763,-1.155424868533645,stop_loss,8
2016-11-07 10:15:00,2016-11-07 10:45:00,long,1287.7749999999999,1286.1768728423017,1286.4018728423016,1289.972003452317,8.705653963295173,-13.912742024264746,-1.1638595513448808,stop_loss,2
2016-11-07 11:00:00,2016-11-07 12:45:00,long,1285.435,1287.5909798049347,1283.9781376219157,1287.7659798049347,8.186184623806737,17.649248728394774,1.4798788391871818,take_profit,7
2016-11-08 14:00:00,2016-11-08 14:15:00,long,1282.625,1281.5156739948027,1281.7406739948026,1284.039921608316,13.526055804795911,-15.004805452010235,-1.2544310567341985,stop_loss,1
2016-11-08 14:30:00,2016-11-08 15:00:00,long,1279.915,1278.6594331893962,1278.884433189396,1281.5639068969663,11.577544669847113,-14.536380835742913,-1.2183264565526466,stop_loss,2
2016-11-10 12:00:00,2016-11-10 12:15:00,long,1283.7949999999998,1281.0614328231616,1281.2864328231615,1287.8087074829414,4.744684787894665,-12.969914600632745,-1.0896926349341316,stop_loss,1
2016-11-10 12:30:00,2016-11-10 13:00:00,long,1281.5049999999999,1278.6490415669098,1278.8740415669097,1285.7145334929444,4.514104268916985,-12.892094154661525,-1.0855201652637418,stop_loss,2
2016-11-10 13:15:00,2016-11-10 13:30:00,long,1278.7749999999999,1282.7546563717196,1276.178339767675,1282.9296563717196,4.563799436800379,18.162353507913792,1.5326057380085647,take_profit,1
2016-11-10 16:00:00,2016-11-10 16:30:00,long,1276.2949999999998,1273.097019804311,1273.322019804311,1281.051768313102,3.998331785088644,-12.7865858645067,-1.0756816343163595,stop_loss,2
2016-11-14 09:15:00,2016-11-14 10:00:00,short,1225.945,1221.6679364335478,1228.7275397290325,1221.4929364335478,4.262791980065285,18.232232269301736,1.5371078162248566,take_profit,3
2016-11-14 12:00:00,2016-11-14 15:00:00,short,1225.575,1220.9160008520298,1228.5962494674814,1220.7410008520299,3.9380569640912326,18.3474040403593,1.5420769446934304,take_profit,12
2016-11-16 16:00:00,2016-11-16 16:15:00,short,1227.305,1229.451523478556,1229.2265234785561,1224.2305624343105,6.2109817792705675,-13.33201821408774,-1.1170945879719274,stop_loss,1
2016-11-17 10:00:00,2016-11-17 10:15:00,short,1228.045,1229.486831280672,1229.2618312806721,1226.0980699509248,9.785977289100762,-14.109728167371031,-1.184906489152415,stop_loss,1
2016-11-17 12:30:00,2016-11-17 12:45:00,short,1228.405,1229.953276162257,1229.728276162257,1226.2877581403886,8.977463782560951,-13.899593172064906,-1.1700325347175649,stop_loss,1
2016-11-17 13:00:00,2016-11-17 14:45:00,short,1229.9750000000001,1227.9020516618657,1231.379967711334,1227.7270516618657,8.435684705802025,17.486738591918403,1.4754419773578207,take_profit,7
2016-11-18 08:45:00,2016-11-18 09:15:00,short,1208.4950000000001,1210.237100262725,1210.0121002627252,1206.06763957964,7.8352356821015725,-13.649766140301358,-1.1483092485896447,stop_loss,2
2016-11-18 12:45:00,2016-11-18 13:00:00,short,1206.695,1208.7877535215523,1208.5627535215524,1203.7065943655161,6.349627208675308,-13.28820470149998,-1.1204655739655043,stop_loss,1
2016-11-18 13:15:00,2016-11-18 13:45:00,short,1208.535,1210.6201038017466,1210.3951038017467,1205.5588339172054,6.36145260228735,-13.264289005659691,-1.1209609914181329,stop_loss,2
2016-11-18 14:00:00,2016-11-18 15:15:00,short,1212.085,1214.2109723223168,1213.985972322317,1209.043444284293,6.210734082516678,-13.203848760699984,-1.1183604818221038,stop_loss,5
2016-11-18 15:30:00,2016-11-18 15:45:00,short,1215.285,1211.7983347427285,1217.5735407857949,1211.6233347427285,5.147396090877086,17.94724711547691,1.5235320597796254,take_profit,1
2016-11-22 10:30:00,2016-11-22 11:15:00,short,1217.095,1218.7593240837457,1218.5343240837458,1214.792081466007,8.209353628054068,-13.663024955155267,-1.1563233760490959,stop_loss,3
2016-11-22 11:30:00,2016-11-22 14:30:00,short,1218.285,1216.1882825840958,1219.7048233849403,1216.0132825840958,8.302859682389492,17.40875049787588,1.4767452333465205,take_profit,12
2016-11-23 09:00:00,2016-11-23 10:00:00,short,1214.165,1212.651166746529,1215.2205207834193,1212.476166746529,11.2014960061971,16.95719714280288,1.4342050646951237,take_profit,4
2016-11-24 07:45:00,2016-11-24 09:30:00,short,1186.855,1184.5316171936,1188.416489254,1184.3566171936,7.593600919020509,17.642841813916284,1.4879275028300223,take_profit,7
2016-11-24 11:15:00,2016-11-24 11:45:00,short,1187.2350000000001,1189.458119664431,1189.2331196644311,1184.0380085369104,5.9519017451987475,-13.231789810511907,-1.1126058684097797,stop_loss,2
2016-11-24 12:00:00,2016-11-24 13:45:00,short,1189.395,1186.151691601892,1191.5314427488174,1185.976691601892,5.554161629086393,18.013859056064867,1.5180881396906987,take_profit,7
2016-11-25 08:15:00,2016-11-25 08:45:00,short,1179.815,1181.8953189897156,1181.6703189897157,1176.8464896164548,6.415164250627252,-13.345588012724384,-1.1212729461872164,stop_loss,2
2016-11-25 09:00:00,2016-11-25 09:15:00,short,1182.055,1184.078282004521,1183.8532820045211,1179.1777487927666,6.603794538594153,-13.361338651491472,-1.1251194192202532,stop_loss,1
2016-11-25 09:30:00,2016-11-25 10:15:00,short,1186.785,1189.1957125447145,1188.9707125447146,1183.2878599284568,5.421006633126553,-13.068488695458386,-1.1029412584669478,stop_loss,3
2016-11-29 13:15:00,2016-11-29 14:00:00,short,1188.7050000000002,1186.5194595873222,1190.1803377579238,1186.3444595873223,8.013504136336564,17.513837137125375,1.481383094101681,take_profit,3
2016-12-01 07:15:00,2016-12-01 07:30:00,short,1173.175,1175.2463320323448,1175.0213320323448,1170.220868748248,6.422275458672084,-13.302664878089374,-1.1218632380624158,stop_loss,1
2016-12-02 14:15:00,2016-12-02 15:15:00,short,1172.2250000000001,1173.7796389083765,1173.5546389083765,1170.0975777465978,8.89794025701246,-13.833084127959552,-1.1692188748256858,stop_loss,4
2016-12-05 07:45:00,2016-12-05 08:45:00,short,1176.925,1174.2191796492816,1178.7255127191988,1174.0441796492817,6.555566798288684,17.738186053302996,1.5028054630584735,take_profit,4
2016-12-05 13:30:00,2016-12-05 14:30:00,short,1166.185,1168.337139349351,1168.112139349351,1163.1015770410384,6.143228707342498,-13.22108423313475,-1.1167533629966437,stop_loss,4
2016-12-07 10:15:00,2016-12-07 10:30:00,short,1169.035,1170.3361720344876,1170.1111720344877,1167.3131247448198,10.976326485886572,-14.282089064840454,-1.2090743791786347,stop_loss,1
2016-12-07 10:45:00,2016-12-07 11:15:00,short,1170.895,1172.3070564991244,1172.0820564991245,1168.9957096014007,9.926950769468823,-14.017415350516876,-1.189544474223298,stop_loss,2
2016-12-07 11:30:00,2016-12-07 13:45:00,short,1171.7450000000001,1173.1257081372364,1172.9007081372365,1169.895866980422,10.171959699788571,-14.044507529137764,-1.194685831786168,stop_loss,9
2016-12-07 14:00:00,2016-12-07 14:45:00,short,1173.105,1174.3902284638484,1174.1652284638485,1171.4086344578423,11.061509836340258,-14.216567294803534,-1.2122184110990464,stop_loss,3
2016-12-07 16:00:00,2016-12-07 16:15:00,short,1176.095,1177.7121511334678,1177.487151133468,1173.8675581864513,8.403753131238673,-13.590138901566315,-1.1616203834417207,stop_loss,1
2016-12-08 14:30:00,2016-12-08 14:45:00,short,1177.505,1175.861077922986,1178.641826298134,1175.686077922986,10.267280224248147,16.8786086315325,1.4460626744056586,take_profit,1
2016-12-09 11:15:00,2016-12-09 11:30:00,short,1170.145,1171.2954266310821,1171.0704266310822,1168.6643173902683,12.649162011697033,-14.551932839128991,-1.2431311056358745,stop_loss,1
2016-12-12 15:30:00,2016-12-12 15:45:00,short,1158.875,1160.7687503687657,1160.5437503687658,1156.2049994099746,6.997312323865456,-13.251162793689144,-1.1348314308786138,stop_loss,1
2016-12-13 14:45:00,2016-12-13 15:15:00,short,1160.005,1161.3083987022796,1161.0833987022797,1158.2795620763527,10.803300458916691,-14.081007798487946,-1.2086426843098765,stop_loss,2
2016-12-13 15:30:00,2016-12-13 16:00:00,short,1162.095,1160.1229901172546,1163.4368811767158,1159.9479901172547,8.661052395175878,17.079680918262518,1.469586068396778,take_profit,2
2016-12-14 13:00:00,2016-12-14 15:00:00,short,1162.145,1160.8003986302174,1163.094750856114,1160.6253986302174,12.272968712200566,16.502250541723807,1.4157411505626158,take_profit,8
2016-12-15 16:00:00,2016-12-15 17:00:00,short,1131.665,1128.2911037668239,1133.883060145735,1128.116103766824,5.270040609598423,17.78057016140911,1.5211022296502923,take_profit,4
2016-12-16 12:00:00,2016-12-16 15:00:00,short,1134.775,1133.245,1136.158288718428,1132.5617380505155,8.47605277675102,12.968360748430756,1.1060597687365834,time_stop,12
2016-12-19 13:30:00,2016-12-19 15:00:00,short,1139.115,1140.374496576092,1140.1494965760921,1137.4598054782527,11.358921021048326,-14.306522134110187,-1.2174970949153459,stop_loss,6
2016-12-21 14:15:00,2016-12-21 16:00:00,short,1135.425,1136.7258998638872,1136.5008998638873,1133.7035602177805,10.895207122486022,-14.173573462665493,-1.2091272687654775,stop_loss,7
2016-12-22 08:30:00,2016-12-22 09:00:00,short,1130.2450000000001,1131.4545218477588,1131.2295218477589,1128.669765043586,11.877648769098084,-14.366275686227786,-1.2285373356742872,stop_loss,2
2016-12-22 09:15:00,2016-12-22 12:15:00,short,1131.4550000000002,1131.195,1132.449090561052,1129.8644551023174,11.734415976616706,3.050948153922905,0.26154558768281805,time_stop,12
2016-12-27 07:30:00,2016-12-27 08:15:00,short,1137.435,1138.6980714935987,1138.4730714935988,1135.7740856102419,11.243131258382496,-14.200878591252227,-1.2167480769747971,stop_loss,3
2016-12-27 08:30:00,2016-12-27 09:45:00,short,1140.135,1141.4678001335035,1141.2428001335036,1138.3625197863942,10.509813050945056,-14.007480237396365,-1.2031052291791229,stop_loss,5
2016-12-27 10:30:00,2016-12-27 13:30:00,short,1144.265,1143.3049999999998,1145.8740577210629,1141.6905076462997,7.218359657594227,6.929625271292362,0.5966224750260672,time_stop,12
2016-12-28 15:00:00,2016-12-28 16:15:00,short,1139.395,1138.1966241160787,1140.2533599274507,1138.0216241160788,13.547483076871002,16.234977007153383,1.3961228216703812,take_profit,5
2016-12-29 07:30:00,2016-12-29 07:45:00,long,1148.475,1147.1762261899635,1147.4012261899634,1150.1930380960582,10.859909634618573,-14.104566212804972,-1.2095413371948929,stop_loss,1
2016-12-29 10:45:00,2016-12-29 11:00:00,long,1148.315,1147.0578576131895,1147.2828576131894,1149.9664278188973,11.270613009642442,-14.168765339759695,-1.2179931789209553,stop_loss,1
2016-12-29 11:30:00,2016-12-29 12:30:00,long,1147.135,1145.8310689417556,1146.0560689417555,1148.8612896931913,10.755589797176675,-14.024547586275425,-1.208539737808641,stop_loss,4
2016-12-29 12:45:00,2016-12-29 15:15:00,long,1146.225,1144.933587754714,1145.1585877547138,1147.9312595924578,10.855549378686675,-14.018989396942615,-1.2109878248252401,stop_loss,10
2016-12-30 08:45:00,2016-12-30 09:45:00,long,1159.855,1158.3296819303803,1158.5546819303802,1161.935508911392,8.881252270316878,-13.546734568765702,-1.173034586888184,stop_loss,4
2016-12-30 10:00:00,2016-12-30 11:45:00,long,1158.325,1160.2075354228102,1157.0390403607437,1160.3825354228102,8.959347546451921,16.866289121463204,1.4639148580890156,take_profit,7
2016-12-30 13:30:00,2016-12-30 14:45:00,long,1158.5349999999999,1157.1211019671211,1157.346101967121,1160.437236852606,9.719161439834433,-13.741903241012475,-1.1892508808809232,stop_loss,5
2016-12-30 15:00:00,2016-12-30 15:15:00,long,1158.0349999999999,1156.6036810428714,1156.8286810428713,1159.9651103314056,9.556020024760167,-13.677712616138752,-1.1865178348315761,stop_loss,1
2016-12-30 15:30:00,2016-12-30 16:30:00,long,1157.125,1158.8787175816713,1155.9195515114554,1159.0537175816712,9.540227388083183,16.7308645036231,1.4548258165628152,take_profit,4
2017-01-03 09:30:00,2017-01-03 10:15:00,long,1152.7949999999998,1151.2578133496304,1151.4828133496303,1154.894498640591,8.789690408064592,-13.511394756157287,-1.1714695085005964,stop_loss,3
2017-01-03 11:30:00,2017-01-03 11:45:00,long,1150.415,1148.7720793970352,1148.9970793970351,1152.6836729647437,8.115187550537735,-13.332608823701491,-1.1586830740236365,stop_loss,1
2017-01-03 12:00:00,2017-01-03 12:45:00,long,1148.2749999999999,1146.6059256025455,1146.8309256025454,1150.5855190359268,7.9497472065293815,-13.268719528652221,-1.1558091469501395,stop_loss,3
2017-01-04 14:15:00,2017-01-04 15:00:00,long,1164.735,1166.8518801175908,1163.3025749265057,1167.0268801175907,7.995872998918856,16.9263045741931,1.4778295610443821,take_profit,3
2017-01-05 10:30:00,2017-01-05 10:45:00,long,1175.2849999999999,1173.3748942703164,1173.5998942703163,1177.9811691674934,6.81698564957838,-13.02116334842943,-1.1335227790378266,stop_loss,1
2017-01-05 11:00:00,2017-01-05 11:15:00,long,1173.675,1171.693046590222,1171.9180465902218,1176.486125455645,6.523393953870053,-12.929062890198223,-1.128062587629072,stop_loss,1
2017-01-05 11:30:00,2017-01-05 14:30:00,long,1171.695,1173.075,1169.9422697640177,1174.4993683775715,6.5243589059154,9.003615290163964,0.7873430672158067,time_stop,12
2017-01-06 07:30:00,2017-01-06 08:30:00,long,1176.345,1174.5754619555435,1174.8004619555434,1178.8162608711307,7.415452404351174,-13.121925146356325,-1.1456746247251295,stop_loss,4
2017-01-06 08:45:00,2017-01-06 11:15:00,long,1174.985,1177.1760102758983,1173.5062435775635,1177.3510102758983,7.727577261343608,16.931201187402714,1.4816573187141333,take_profit,10
2017-01-09 12:00:00,2017-01-09 13:00:00,long,1176.165,1177.8891475733008,1174.978032766687,1178.0641475733007,9.655756777270568,16.647949615913777,1.4525654330730349,take_profit,4
2017-01-09 15:00:00,2017-01-09 15:15:00,long,1178.5349999999999,1180.3645107188331,1177.282180800729,1180.539510718833,9.17479777878745,16.785390879419246,1.4603150397903706,take_profit,1
2017-01-10 07:15:00,2017-01-10 07:45:00,long,1184.225,1186.0698719308746,1182.9625800432032,1186.2448719308745,9.131615455210015,16.846661036858194,1.4613773498605174,take_profit,2
2017-01-10 10:00:00,2017-01-10 11:15:00,long,1184.345,1182.7790619483242,1183.004061948324,1186.4905008826815,8.6220440206573,-13.501586815171569,-1.1677929861999938,stop_loss,5
2017-01-10 15:00:00,2017-01-10 16:15:00,long,1182.245,1184.2854738112637,1180.86032886796,1184.4604738112637,8.330226195950408,16.997608394740784,1.4736161995794463,take_profit,5
2017-01-11 11:45:00,2017-01-11 12:15:00,long,1188.7949999999998,1187.3558602845021,1187.580860284502,1190.7376235447964,9.528243583515614,-13.712473759973744,-1.1853163990337423,stop_loss,2
2017-01-11 12:30:00,2017-01-11 13:30:00,long,1187.585,1189.3460203818945,1186.374987261316,1189.5210203818945,9.538076449273428,16.796747031238127,1.455373423431554,take_profit,4
2017-01-12 15:30:00,2017-01-12 16:30:00,long,1201.565,1204.2541895624588,1199.7748815234634,1204.4291895624588,6.465933764685596,17.38812159154212,1.5022411073380328,take_profit,4
2017-01-13 16:00:00,2017-01-13 16:15:00,long,1196.5449999999998,1194.6684371707868,1194.8934371707867,1199.187500526741,7.029441168120888,-13.191188006235771,-1.136234599144559,stop_loss,1
2017-01-16 10:00:00,2017-01-16 10:15:00,long,1204.185,1202.6055676932315,1202.8305676932314,1206.3520916908296,8.552056318733426,-13.50739403911098,-1.1661212589772907,stop_loss,1
2017-01-18 09:45:00,2017-01-18 10:00:00,long,1210.985,1212.7678903972778,1209.7613185017012,1212.9428903972778,9.443769964149531,16.837206783183888,1.4569889303358243,take_profit,1
2017-01-19 09:30:00,2017-01-19 10:00:00,long,1200.2749999999999,1198.7735453081725,1198.9985453081724,1202.317327506924,9.079712007867874,-13.632776194654332,-1.1762694762614623,stop_loss,2
2017-01-19 12:45:00,2017-01-19 15:00:00,long,1202.645,1204.8553017409065,1201.1541864119336,1205.0303017409065,7.755882783099741,17.14284121775223,1.4826144318775993,take_profit,9
2017-01-19 15:45:00,2017-01-19 16:00:00,long,1200.875,1199.0179049137842,1199.242904913784,1203.4863521379455,7.10550581327877,-13.195599930918158,-1.1378596148595594,stop_loss,1
2017-01-20 10:30:00,2017-01-20 10:45:00,long,1204.5249999999999,1203.0656239830896,1203.2906239830895,1206.5000016270565,9.373537531967148,-13.679515867761001,-1.1822783308469376,stop_loss,1
2017-01-20 11:00:00,2017-01-20 11:45:00,long,1202.2849999999999,1200.7786247609292,1201.0036247609291,1204.335200382513,9.008376734129103,-13.56999565651195,-1.175592592348737,stop_loss,3
2017-01-20 12:00:00,2017-01-20 12:15:00,long,1201.5049999999999,1199.9680086890073,1200.1930086890072,1203.6041860975884,8.77747497527839,-13.490902769457536,-1.1714950382024054,stop_loss,1
2017-01-20 12:30:00,2017-01-20 14:00:00,long,1199.405,1201.4256451555736,1198.0327217777665,1201.6006451555736,8.372200992727667,16.91724737744427,1.4724748398942868,take_profit,6
2017-01-23 09:30:00,2017-01-23 09:45:00,long,1214.985,1213.3591032546094,1213.5841032546093,1217.2264347926248,8.225319694082097,-13.373520520404396,-1.1606114088995025,stop_loss,1
2017-01-23 10:00:00,2017-01-23 10:15:00,long,1213.955,1212.3131043368826,1212.5381043368825,1216.2220330609878,8.113566049671144,-13.32162890937113,-1.1587978606024298,stop_loss,1
2017-01-23 10:30:00,2017-01-23 10:45:00,long,1213.185,1211.5220134333324,1211.7470134333323,1215.4857785066679,7.976036463926229,-13.264041494759796,-1.15646877739708,stop_loss,1
2017-01-23 11:00:00,2017-01-23 11:15:00,long,1212.055,1210.4222972971083,1210.6472972971083,1214.3073243246272,8.128779737284518,-13.271880648275879,-1.1598348852621345,stop_loss,1
2017-01-24 10:00:00,2017-01-24 12:45:00,long,1213.235,1211.881690238418,1212.106690238418,1215.0402956185312,10.118109259362333,-13.692936029446653,-1.1994133239478943,stop_loss,11
2017-01-25 11:00:00,2017-01-25 11:45:00,long,1201.865,1203.5278831479905,1200.716323032506,1203.7028831479904,9.914863705222274,16.487259770036193,1.4476508148484022,take_profit,3
2017-01-26 08:45:00,2017-01-26 11:30:00,long,1196.595,1195.3061475950442,1195.531147595044,1198.2971638479296,10.736404824920658,-13.837641179178396,-1.2114955034662267,stop_loss,11
2017-01-26 11:45:00,2017-01-26 12:00:00,long,1195.185,1193.8089148951485,1194.0339148951484,1197.0267361677625,9.898724918939552,-13.621487917974365,-1.1954677365310296,stop_loss,1
2017-01-27 12:15:00,2017-01-27 12:45:00,short,1184.525,1182.9776282762975,1185.6014823273142,1182.8026282762976,10.559422618427199,16.33935197837943,1.4374334668023032,take_profit,2
2017-01-27 13:30:00,2017-01-27 14:15:00,short,1185.045,1183.4300515774516,1186.1637177640928,1183.2550515774517,10.189979014572964,16.45629053538614,1.443570911612514,take_profit,3
2017-01-30 12:45:00,2017-01-30 15:15:00,short,1191.015,1192.2736674197495,1192.0486674197496,1189.3611321284009,11.060252942069559,-13.921180032370094,-1.2176715602146422,stop_loss,10
2017-01-30 15:30:00,2017-01-30 15:45:00,short,1191.4650000000001,1192.7650702023373,1192.5400702023373,1189.7448876762608,10.608405605091397,-13.79167202148531,-1.2092886580901967,stop_loss,1
2017-01-30 16:00:00,2017-01-30 16:45:00,short,1193.135,1194.4980962458926,1194.2730962458927,1191.3140460065717,9.996691806476855,-13.62645307275412,-1.1976985697052547,stop_loss,3
2017-01-31 10:00:00,2017-01-31 10:15:00,short,1201.2250000000001,1199.8214387401017,1202.2116007874367,1199.6464387401018,11.504090260906652,16.146695420583335,1.4226232917826633,take_profit,1
2017-01-31 12:30:00,2017-01-31 13:30:00,short,1198.4950000000001,1199.8345090844998,1199.6095090845,1196.7117854648004,10.212781626721299,-13.68011376700476,-1.2018826074449571,stop_loss,4
2017-01-31 14:00:00,2017-01-31 14:15:00,short,1203.945,1205.5667124534161,1205.3417124534162,1201.710260074534,8.129717498892457,-13.184064110709452,-1.1610925709508575,stop_loss,1
2017-01-31 14:30:00,2017-01-31 16:15:00,short,1205.015,1206.6844102276905,1206.4594102276906,1202.7039436356954,7.843000089629402,-13.093184565403872,-1.1557729207994265,stop_loss,7
2017-02-01 15:30:00,2017-02-01 15:45:00,long,1206.2749999999999,1204.8186496539247,1205.0436496539246,1208.2451605537203,9.1788037516143,-13.367554020219545,-1.1827262246825707,stop_loss,1
2017-02-01 16:00:00,2017-02-01 16:15:00,long,1205.885,1204.3861315893537,1204.6111315893536,1207.9231894570344,8.851454336908423,-13.267165293870313,-1.1766273487272811,stop_loss,1
2017-02-02 08:45:00,2017-02-02 09:00:00,long,1214.5149999999999,1213.2189032803278,1213.4439032803277,1216.2287547514752,10.502369702824108,-13.612086920613452,-1.2100650630960579,stop_loss,1
2017-02-02 09:15:00,2017-02-02 09:30:00,long,1213.135,1214.7954722091804,1211.9878298692624,1214.9704722091803,9.78218423140333,16.243045061327937,1.447450700370686,take_profit,1
2017-02-02 14:45:00,2017-02-02 15:00:00,long,1219.705,1221.9705452255976,1218.1796592340015,1222.1455452255975,7.378230428656988,16.715714721003028,1.4852715380715127,take_profit,1
2017-02-06 12:15:00,2017-02-06 13:15:00,long,1222.375,1223.7711142918436,1221.393053567598,1223.9461142918435,11.49527785908831,16.04872170778603,1.42178253902132,take_profit,4
2017-02-07 10:00:00,2017-02-07 10:15:00,long,1230.815,1229.565409399775,1229.790409399775,1232.4543449603605,11.048163553453383,-13.805681326143997,-1.2195999064899432,stop_loss,1
2017-02-07 11:45:00,2017-02-07 13:30:00,long,1229.2549999999999,1227.810226864138,1228.035226864138,1231.2066370173789,9.257650321988887,-13.375204486412361,-1.1844605307206695,stop_loss,7
2017-02-07 15:30:00,2017-02-07 15:45:00,long,1228.135,1230.1381405471193,1226.7736621580505,1230.3131405471192,8.275302726367972,16.576594430874582,1.471449985002002,take_profit,1
2017-02-09 13:15:00,2017-02-09 13:30:00,long,1241.325,1240.115612987445,1240.340612987445,1242.900019220088,11.477839304815411,-13.88114978743705,-1.2285686392955306,stop_loss,1
2017-02-09 13:45:00,2017-02-09 14:00:00,long,1236.935,1238.7340522867087,1235.701217320807,1238.9090522867086,9.135217923186065,16.43473469429046,1.4581597853890849,take_profit,1
2017-02-10 08:15:00,2017-02-10 09:15:00,long,1223.665,1222.4337293969131,1222.658729396913,1225.275032964939,11.233303525902365,-13.831236406995345,-1.2235979062785671,stop_loss,4
2017-02-10 09:30:00,2017-02-10 10:30:00,long,1222.455,1223.9875065479619,1221.3878084075236,1224.1625065479618,10.566125820659098,16.192657006749684,1.4360181983873104,take_profit,4
2017-02-13 15:30:00,2017-02-13 15:45:00,long,1226.365,1225.0079218710698,1225.2329218710697,1228.1763250062884,9.989121480116678,-13.556018287893188,-1.198749533490691,stop_loss,1
2017-02-13 16:00:00,2017-02-13 16:30:00,long,1225.5149999999999,1224.1344836541366,1224.3594836541365,1227.3638261533813,9.763041395890443,-13.478038232366519,-1.1947181455332827,stop_loss,2
2017-02-14 09:30:00,2017-02-14 09:45:00,long,1227.885,1226.7150661789515,1226.9400661789514,1229.3968941136777,11.910249788009647,-13.934204044128412,-1.2381119132239582,stop_loss,1
2017-02-14 10:00:00,2017-02-14 10:15:00,long,1226.975,1228.3723576796506,1225.9922764502182,1228.5473576796505,11.423893765681383,15.963265684988265,1.421923469689029,take_profit,1
2017-02-15 15:15:00,2017-02-15 15:30:00,long,1225.5449999999998,1224.3976057800826,1224.6226057800825,1227.0208307518674,12.205687895700208,-14.00473574164048,-1.243930409733129,stop_loss,1
2017-02-15 15:45:00,2017-02-15 16:00:00,long,1218.2549999999999,1220.398976515641,1216.8056396777242,1220.5739765156409,7.748553842009936,16.612717467449478,1.4792570782362586,take_profit,1
2017-02-16 08:30:00,2017-02-16 08:45:00,long,1233.625,1232.5141262013092,1232.739126201309,1235.0423980779055,12.714759083297684,-14.124492722301483,-1.253986516287535,stop_loss,1
2017-02-16 12:15:00,2017-02-16 13:15:00,long,1236.585,1235.1495693353993,1235.3745693353992,1238.5216890633615,9.28216978609111,-13.323911144985711,-1.1858842530845064,stop_loss,4
2017-02-16 13:30:00,2017-02-16 13:45:00,long,1236.0049999999999,1237.691278731337,1234.8417007929143,1237.866278731337,9.635332898495669,16.247856936085874,1.449565787603062,take_profit,1
2017-02-20 08:30:00,2017-02-20 09:00:00,long,1233.225,1234.3045961488413,1232.440877406974,1234.4795961488412,14.336113937643159,15.47721339643031,1.3768206125464955,take_profit,2
2017-02-21 15:00:00,2017-02-21 15:15:00,long,1230.115,1228.9626756710272,1229.1876756710271,1231.5987189263567,12.155644912256873,-14.007245366747808,-1.2426335565347721,stop_loss,1
2017-02-22 07:45:00,2017-02-22 08:30:00,long,1234.5349999999999,1233.538596364552,1233.7635963645519,1235.7692458167166,14.576299947338853,-14.523878258907539,-1.2916760949269308,stop_loss,3
2017-02-27 09:45:00,2017-02-27 10:00:00,long,1256.0249999999999,1254.9328358327568,1255.1578358327567,1257.412462667589,12.93314857542485,-14.12512144370922,-1.2594664407262437,stop_loss,1
2017-02-27 10:30:00,2017-02-27 12:30:00,long,1254.495,1255.8788686154128,1253.5207071153668,1256.0538686154127,11.482084030168522,15.88969572888381,1.4203825535830024,take_profit,8
2017-02-28 10:45:00,2017-02-28 11:00:00,long,1251.675,1252.8771612686,1250.814274207125,1253.0521612686,13.033990912875726,15.668959050744775,1.3966832161316634,take_profit,1
2017-03-01 09:15:00,2017-03-01 09:45:00,long,1243.2649999999999,1244.9552292514309,1242.0992317178557,1245.1302292514308,9.650314091767402,16.31124316340197,1.4498844044050936,take_profit,2
2017-03-01 12:15:00,2017-03-01 13:45:00,long,1244.485,1242.9655365986255,1243.1905365986254,1246.556141442199,8.716084638050072,-13.243771610798923,-1.1738171969643907,stop_loss,6
2017-03-01 14:00:00,2017-03-01 14:15:00,long,1243.7849999999999,1242.2871235191362,1242.5121235191361,1245.8216023693817,8.843092942041743,-13.24586093597544,-1.176764991248196,stop_loss,1
2017-03-01 14:45:00,2017-03-01 15:15:00,long,1241.315,1239.7481306018742,1239.9731306018741,1243.4619910370016,8.368678291515055,-13.112625917735025,-1.167676526727672,stop_loss,2
2017-03-01 16:00:00,2017-03-01 16:30:00,long,1237.975,1240.5847940871017,1236.2345036955614,1240.7597940871017,6.436927226871639,16.799054615794304,1.4994539663465776,take_profit,2
2017-03-02 12:15:00,2017-03-02 13:15:00,long,1243.655,1242.5069384930916,1242.7319384930915,1245.1318984110535,12.173669983462782,-13.976121905819037,-1.2437540708998829,stop_loss,4
2017-03-02 13:30:00,2017-03-02 13:45:00,long,1242.7549999999999,1241.6305625519044,1241.8555625519043,1244.1940999169528,12.462338475524952,-14.01312007272136,-1.25015636215316,stop_loss,1
2017-03-02 14:00:00,2017-03-02 14:15:00,long,1241.135,1239.9535462819993,1240.1785462819992,1242.6653259488012,11.690129344632057,-13.811346778125088,-1.2352440016336617,stop_loss,1
2017-03-02 14:30:00,2017-03-02 14:45:00,long,1239.2749999999999,1240.7447402313642,1238.2470373553972,1240.9197402313641,10.85004892015193,15.946753410218207,1.4297603508076928,take_profit,1
2017-03-03 15:00:00,2017-03-03 15:15:00,short,1228.085,1229.5373522629905,1229.3123522629905,1226.1212363792151,9.113388899120507,-13.235850991149407,-1.1833214528416518,stop_loss,1
2017-03-03 15:30:00,2017-03-03 15:45:00,short,1230.285,1228.332714020854,1231.6145537369664,1228.157714020854,8.39294153866044,16.385422089720127,1.4683768883240047,take_profit,1
2017-03-07 13:00:00,2017-03-07 14:30:00,short,1224.7050000000002,1223.4310619863147,1225.6105862585537,1223.2560619863148,12.358444626712426,15.743892399995502,1.4067550182577766,take_profit,6
2017-03-08 13:45:00,2017-03-08 14:45:00,short,1214.035,1212.8396511544258,1214.8914680284838,1212.6646511544259,13.103963069951803,15.66380712811442,1.3956724662454214,take_profit,4
2017-03-09 07:45:00,2017-03-09 08:15:00,short,1205.4850000000001,1204.2295932629795,1206.379004210638,1204.0545932629796,12.588814343583396,15.804082338036425,1.4042514812373708,take_profit,2
2017-03-09 09:15:00,2017-03-09 09:30:00,short,1206.585,1205.136745981703,1207.5995337614356,1204.961745981703,11.124382079515561,16.11093104773089,1.427506972511009,take_profit,1
2017-03-09 12:15:00,2017-03-09 14:15:00,short,1204.9950000000001,1206.2016038161491,1205.9766038161492,1203.4244338941617,11.53039838544559,-13.912622693597227,-1.2292167127900904,stop_loss,8
2017-03-09 14:30:00,2017-03-09 14:45:00,short,1206.015,1207.3641307718133,1207.1391307718134,1204.2163907650988,10.043722754136372,-13.550295431165594,-1.2001546489444235,stop_loss,1
2017-03-09 15:00:00,2017-03-09 15:30:00,short,1207.595,1205.9272399964373,1208.7467250022266,1205.7522399964373,9.77955431969282,16.309949547053122,1.4480540062415133,take_profit,2
2017-03-10 15:45:00,2017-03-10 16:00:00,short,1201.075,1202.6172100453134,1202.3922100453135,1198.9674639274986,8.575684007199834,-13.225506021336782,-1.1708155816154329,stop_loss,1
2017-03-13 08:45:00,2017-03-13 09:00:00,short,1210.085,1211.2503065843375,1211.0253065843376,1208.5805094650598,11.98494862780742,-13.966139548930505,-1.2392836589126046,stop_loss,1
2017-03-14 10:45:00,2017-03-14 13:15:00,short,1203.315,1204.3485108668312,1204.1235108668313,1202.02138261307,13.904072647328935,-14.370010174224811,-1.2782893950228884,stop_loss,10
2017-03-14 13:30:00,2017-03-14 14:00:00,short,1204.785,1205.8122788008532,1205.5872788008533,1203.501353918635,13.976255880504937,-14.357511381340952,-1.2804511346437617,stop_loss,2
2017-03-15 08:15:00,2017-03-15 09:15:00,short,1204.575,1203.1226551533189,1205.5920905291757,1202.947655153319,10.996207775654323,15.970285696006984,1.427940586427698,take_profit,4
2017-03-16 07:45:00,2017-03-16 09:15:00,short,1225.9550000000002,1227.334259416377,1227.1092594163772,1224.108184933797,9.717121816569316,-13.402431765585158,-1.194930183637689,stop_loss,6
2017-03-16 14:00:00,2017-03-16 14:15:00,short,1226.9650000000001,1228.408977101978,1228.1839771019781,1225.0146366368351,9.17923271501185,-13.254601854203608,-1.1845809897780757,stop_loss,1
2017-03-16 14:30:00,2017-03-16 15:30:00,short,1231.575,1229.228962202169,1233.1506486236444,1229.053962202169,7.084552432635357,16.620627787678526,1.4889346283340827,take_profit,4
2017-03-20 10:15:00,2017-03-20 11:30:00,long,1232.965,1231.9719656059815,1232.1969656059814,1234.1938550304296,14.577480686267078,-14.475939699602492,-1.2929556303105942,stop_loss,5
2017-03-20 14:00:00,2017-03-20 14:15:00,long,1231.305,1230.335580231474,1230.560580231474,1232.4960716296418,15.001018427955952,-14.542283812083246,-1.3022488245380666,stop_loss,1
2017-03-20 16:00:00,2017-03-20 16:45:00,long,1231.5249999999999,1232.8411179202092,1230.593051299869,1233.0161179202091,11.951269524392918,15.729279990304894,1.4122214238022384,take_profit,3
2017-03-21 07:30:00,2017-03-21 08:15:00,long,1228.085,1229.4210688197502,1227.140581987656,1229.5960688197501,11.826784868736034,15.801398501011123,1.4147006963941657,take_profit,3
2017-03-21 10:00:00,2017-03-21 10:30:00,long,1228.5349999999999,1229.777861282154,1227.6488366986537,1229.952861282154,12.639917990439566,15.709664679920154,1.4025194682131699,take_profit,2
2017-03-22 12:00:00,2017-03-22 12:30:00,long,1246.155,1244.914703789613,1245.139703789613,1247.7794739366193,11.063225361818791,-13.721676490921046,-1.2216102037001877,stop_loss,2
2017-03-22 13:30:00,2017-03-22 14:15:00,long,1244.985,1246.3061174608288,1244.0499265869819,1246.4811174608287,11.983024301125205,15.83098263775321,1.4128489190649434,take_profit,3
2017-03-24 10:30:00,2017-03-24 11:15:00,long,1241.915,1243.2661696441103,1240.961143972431,1243.4411696441102,11.780257263190196,15.917126013832638,1.416534157208216,take_profit,3
2017-03-24 15:45:00,2017-03-24 16:00:00,long,1244.485,1245.9138321221985,1243.4826049236258,1246.0888321221985,11.241579208065188,16.062329476723754,1.4254181368957153,take_profit,1
2017-03-27 07:45:00,2017-03-27 09:15:00,long,1256.405,1257.7132187653406,1255.477988271662,1257.8882187653405,12.190383316993426,15.947688211985765,1.4112213743899293,take_profit,6
2017-03-27 11:45:00,2017-03-27 13:30:00,long,1257.565,1256.445872076795,1256.670872076795,1258.9956046771283,12.674387400393986,-14.184260849299072,-1.2516418447075934,stop_loss,7
2017-03-30 13:00:00,2017-03-30 15:30:00,long,1249.715,1248.702742125764,1248.9277421257639,1250.9746125987774,14.35889755117724,-14.534907111526554,-1.2858021588139064,stop_loss,10
2017-03-30 15:45:00,2017-03-30 16:00:00,long,1247.075,1245.8266317219718,1246.0516317219717,1248.7123892448453,11.017622482898389,-13.754050406941062,-1.2198621990056258,stop_loss,1
2017-03-31 15:45:00,2017-03-31 16:00:00,long,1240.625,1241.8443201723169,1239.753549892302,1242.0193201723168,12.906736883868781,15.737444641287565,1.3991852907539755,take_profit,1
2017-04-05 12:00:00,2017-04-05 12:15:00,long,1254.885,1253.9566801162157,1254.1816801162156,1256.010311814055,16.03687368551115,-14.887348715997168,-1.319911330800489,stop_loss,1
2017-04-05 12:30:00,2017-04-05 14:45:00,long,1252.725,1251.6628007124511,1251.887800712451,1254.064518860078,13.436797673660417,-14.272556915898996,-1.2687532148512237,stop_loss,9
2017-04-05 15:30:00,2017-04-05 16:15:00,long,1248.715,1247.396901998269,1247.6219019982689,1250.4639568027696,10.265074410277455,-13.530374067806319,-1.20583698775736,stop_loss,3
2017-04-06 07:15:00,2017-04-06 10:15:00,long,1253.2549999999999,1253.4650000000001,1252.1619874565895,1255.0038200694567,10.24111904739258,2.150634999955143,0.19212954258056908,time_stop,12
2017-04-06 13:00:00,2017-04-06 13:15:00,long,1253.685,1252.59580962961,1252.8208096296098,1255.067704592624,12.957761658815832,-14.113469220591508,-1.260359300113856,stop_loss,1
2017-04-06 14:00:00,2017-04-06 15:00:00,long,1251.415,1252.7435464876598,1250.4752834452127,1252.9185464876598,11.886292576218406,15.791492253432645,1.413773633008491,take_profit,4
2017-04-07 07:45:00,2017-04-07 08:00:00,long,1262.5449999999998,1265.0944786929006,1260.8422008169368,1265.2694786929005,6.57818549881835,16.77094376718588,1.4972280455964868,take_profit,1
2017-04-07 14:15:00,2017-04-07 14:30:00,long,1263.7749999999999,1262.4281672151797,1262.6531672151796,1265.5699324557122,10.014746344535508,-13.488188708478756,-1.2005646501371867,stop_loss,1
2017-04-10 14:15:00,2017-04-10 14:30:00,long,1251.595,1250.5400111982292,1250.765011198229,1252.9229820828334,13.50366942256119,-14.246220023617262,-1.2710879948257532,stop_loss,1
2017-04-10 15:30:00,2017-04-10 16:15:00,long,1248.2649999999999,1249.946889546546,1247.1044440334088,1250.1218895465458,9.632798663154569,16.201303375542118,1.4492102018019886,take_profit,3
2017-04-11 12:15:00,2017-04-11 13:30:00,long,1256.225,1257.4553590602554,1255.3466505873403,1257.6303590602554,12.764629210938603,15.70507720048062,1.4007626606477614,take_profit,5
2017-04-12 08:45:00,2017-04-12 10:15:00,long,1274.655,1273.4209671044182,1273.645967104418,1276.2694526329308,11.142565097606193,-13.750291871607413,-1.2229857926189422,stop_loss,6
2017-04-12 12:30:00,2017-04-12 15:00:00,long,1273.245,1274.6075825848593,1272.2840108844628,1274.7825825848593,11.671010586457008,15.902715772816133,1.4178959603489514,take_profit,10
2017-04-17 07:15:00,2017-04-17 08:45:00,long,1290.945,1289.6952928284536,1289.9202928284535,1292.5845314744743,10.976325612589783,-13.717192835281153,-1.2195749246688232,stop_loss,6
2017-04-17 09:00:00,2017-04-17 09:15:00,long,1288.325,1287.0264084390574,1287.2514084390573,1290.0427464975085,10.450981169157224,-13.571555949838313,-1.2095769081887422,stop_loss,1
2017-04-17 09:30:00,2017-04-17 10:15:00,long,1287.595,1289.1121385616273,1286.537413398983,1289.2871385616272,10.583475683330509,16.056599075224863,1.434528917223771,take_profit,3
2017-04-18 14:15:00,2017-04-18 15:15:00,long,1284.975,1283.7809874067084,1284.0059874067083,1286.5254201492667,11.584013820604351,-13.831458382664586,-1.2321951247667624,stop_loss,4
2017-04-19 08:30:00,2017-04-19 08:45:00,long,1285.595,1284.4966998210223,1284.7216998210222,1286.9922802863648,12.821928388209376,-14.082326243610273,-1.2576433687019979,stop_loss,1
2017-04-19 11:30:00,2017-04-19 12:30:00,long,1282.495,1281.275779046413,1281.5007790464128,1284.0857535257392,11.234150380234588,-13.69691153932887,-1.226307843531292,stop_loss,4
2017-04-20 11:00:00,2017-04-20 11:30:00,long,1278.635,1280.2553947433387,1277.5128782854133,1280.4303947433386,9.92925610106599,16.089314391430975,1.444045438453654,take_profit,2
2017-04-20 13:15:00,2017-04-20 15:00:00,long,1277.835,1279.5914993958568,1276.6278128775896,1279.7664993958567,9.256238989005716,16.258578192094102,1.4550349015896,take_profit,7
2017-04-21 15:30:00,2017-04-21 17:15:00,long,1282.635,1281.3611133959478,1281.5861133959477,1284.3132185664838,10.684214692579461,-13.61047797169491,-1.2145131791469492,stop_loss,7
2017-04-24 08:30:00,2017-04-24 08:45:00,long,1274.585,1273.039709996798,1273.2647099967978,1276.6974640051235,8.467313001543554,-13.084454135268642,-1.1704171049195224,stop_loss,1
2017-04-24 09:00:00,2017-04-24 09:15:00,long,1272.325,1270.7172499462188,1270.9422499462187,1274.5374000860504,8.065911674457304,-12.967969928403736,-1.1627192126188015,stop_loss,1
2017-04-24 15:15:00,2017-04-24 15:30:00,long,1267.705,1269.3462134027263,1266.5698666232959,1269.5212134027263,9.802551920465396,16.088079592789292,1.4458330945142186,take_profit,1
2017-04-25 13:00:00,2017-04-25 14:30:00,short,1270.855,1269.6082049445695,1271.7436219096442,1269.4332049445695,12.558074361962579,15.657345020223962,1.4030658505030884,take_profit,6
2017-04-26 11:00:00,2017-04-26 11:30:00,short,1264.7350000000001,1265.861643676339,1265.6366436763392,1263.2923701178574,12.411438137578127,-13.983268291974746,-1.2495442555683138,stop_loss,2
2017-04-26 11:45:00,2017-04-26 12:15:00,short,1265.395,1266.5530616461067,1266.3280616461068,1263.902101366229,11.963548411847428,-13.854526567101427,-1.2411416233200878,stop_loss,2
2017-04-26 14:15:00,2017-04-26 14:30:00,short,1265.365,1264.084833311005,1266.274479180622,1263.909833311005,12.2432919395562,15.673454504660778,1.407582181397027,take_profit,1
2017-04-28 12:00:00,2017-04-28 14:00:00,short,1266.825,1267.8051974526388,1267.580197452639,1265.6166840757778,14.786021842755968,-14.49322094493071,-1.2979353269978562,stop_loss,8
2017-04-28 15:15:00,2017-04-28 15:30:00,short,1267.9850000000001,1266.905568233678,1268.7690198539515,1266.730568233678,14.205481573318941,15.333848066144549,1.3767913668027352,take_profit,1
2017-05-01 15:45:00,2017-05-01 16:00:00,short,1264.585,1263.4915904278948,1265.3777559825658,1263.3165904278949,14.087622837495918,15.40354165872588,1.379251114026823,take_profit,1
2017-05-03 15:15:00,2017-05-03 15:30:00,short,1254.2150000000001,1253.253623126695,1254.925235545816,1253.078623126695,15.767803278571861,15.158801414844872,1.3536028701590797,take_profit,1
2017-05-05 07:15:00,2017-05-05 07:30:00,short,1231.105,1232.4288355122987,1232.2038355122988,1229.346863180322,10.219156411508337,-13.528482163289976,-1.2047622209890154,stop_loss,1
2017-05-05 07:45:00,2017-05-05 08:00:00,short,1234.255,1232.4002595789511,1235.5235877631555,1232.2252595789512,8.830382360390447,16.378067097134,1.4620513258267298,take_profit,1
2017-05-05 11:00:00,2017-05-05 12:30:00,short,1233.435,1234.9965273675145,1234.7715273675146,1231.2965562119764,8.406016527338881,-13.126224859219702,-1.1683467211137641,stop_loss,6
2017-05-05 12:45:00,2017-05-05 13:45:00,short,1235.075,1233.2530840455286,1236.3230724715447,1233.0780840455286,8.98074346354139,16.362159799241503,1.4597837834020875,take_profit,4
2017-05-08 13:00:00,2017-05-08 13:15:00,short,1232.755,1234.0662542664159,1233.841254266416,1231.0169931737348,10.34872161887178,-13.569805374694472,-1.2071338239639886,stop_loss,1
2017-05-08 13:30:00,2017-05-08 14:15:00,short,1234.875,1233.0305961549038,1236.137127403185,1232.8555961549039,8.885159589594293,16.387822511340797,1.4613452179563096,take_profit,3
2017-05-09 14:15:00,2017-05-09 14:45:00,short,1225.415,1224.0249032480947,1226.3931854699408,1223.8499032480947,11.497798107144856,15.98305180280469,1.4210973221564287,take_profit,2
2017-05-10 13:45:00,2017-05-10 14:15:00,short,1224.165,1225.3690230642255,1225.1440230642256,1222.5985630972389,11.520612292468373,-13.871082914132499,-1.229820939078559,stop_loss,2
2017-05-11 13:45:00,2017-05-11 14:30:00,short,1223.095,1222.0380163625532,1223.8649897734042,1221.8630163625533,14.612145993520883,15.444799223135675,1.3727242542116154,take_profit,3
2017-05-12 11:15:00,2017-05-12 11:30:00,short,1228.415,1229.3791207765319,1229.154120776532,1227.2324067575487,15.264207067595343,-14.716539171153732,-1.3044157425199516,stop_loss,1
2017-05-15 07:45:00,2017-05-15 08:15:00,short,1230.4750000000001,1231.435004916892,1231.210004916892,1229.2989921329731,15.309638403762964,-14.697328143449134,-1.3061204011414527,stop_loss,2
2017-05-15 12:30:00,2017-05-15 12:45:00,short,1231.135,1232.2882152411914,1232.0632152411915,1229.6498556140937,12.091230943277559,-13.943791808553314,-1.2424006739116669,stop_loss,1
2017-05-15 13:00:00,2017-05-15 15:00:00,short,1232.045,1233.2451447742926,1233.0201447742927,1230.4847683611317,11.48073348474946,-13.77854229676744,-1.23073496975167,stop_loss,8
2017-05-15 15:15:00,2017-05-15 16:00:00,short,1235.4850000000001,1236.8114732830732,1236.5864732830732,1233.722642747083,10.138984167594165,-13.449091615814085,-1.204271863382975,stop_loss,3
2017-05-16 09:15:00,2017-05-16 11:30:00,short,1234.835,1233.742509152653,1235.627181779592,1233.567509152653,14.063592829175962,15.364346446691155,1.3790911069801424,take_profit,9
2017-05-17 08:15:00,2017-05-17 08:30:00,long,1241.685,1243.0687386297052,1240.710788356434,1243.2437386297051,11.467375453321724,15.86785039609501,1.4203675749966689,take_profit,1
2017-05-18 08:00:00,2017-05-18 08:15:00,long,1260.105,1258.7531223818341,1258.978122381834,1261.9080041890657,9.941972586867248,-13.44033022060449,-1.1996667573947428,stop_loss,1
2017-05-18 09:15:00,2017-05-18 09:30:00,long,1257.635,1256.2521064670195,1256.4771064670194,1259.4876296527689,9.652446800829294,-13.348306258304769,-1.1943183838506577,stop_loss,1
2017-05-18 09:45:00,2017-05-18 10:00:00,long,1256.985,1255.5887040455423,1255.8137040455422,1258.859073527132,9.519207398581457,-13.291630780282409,-1.1920949177222067,stop_loss,1
2017-05-18 10:15:00,2017-05-18 10:30:00,long,1255.235,1257.051828704517,1253.9901070596768,1257.226828704517,8.93508629838882,16.233521264250186,1.459425662776717,take_profit,1
2017-05-18 14:45:00,2017-05-18 15:30:00,long,1259.915,1257.9102358049304,1258.1352358049303,1262.7626227121114,6.268073561359435,-12.566009447875684,-1.1264212419955448,stop_loss,3
2017-05-19 11:45:00,2017-05-19 12:00:00,long,1248.735,1250.3429672318073,1247.6206454801204,1250.5179672318072,9.988348123609931,16.06093648264949,1.4429584150484336,take_profit,1
2017-05-23 11:15:00,2017-05-23 11:30:00,long,1259.385,1260.6825446476996,1258.4646595951876,1260.8575446476996,12.128863073132063,15.73774136322412,1.4098529640934134,take_profit,1
2017-05-24 09:00:00,2017-05-24 09:15:00,long,1249.135,1247.9151682997851,1248.140168299785,1250.726730720344,11.252313563136102,-13.725928785070975,-1.2261689087222443,stop_loss,1
2017-05-24 14:15:00,2017-05-24 15:30:00,long,1251.855,1253.214236643301,1250.8961020979368,1253.389236643301,11.64535489312214,15.828793094977073,1.4174988185671185,take_profit,5
2017-05-25 15:30:00,2017-05-25 15:45:00,long,1256.745,1255.5957923635783,1255.8207923635782,1258.2237322182746,12.11671871198101,-13.924625672180817,-1.2434517863010308,stop_loss,1
2017-05-25 16:00:00,2017-05-25 16:30:00,long,1255.0349999999999,1256.572172167798,1253.964892395126,1256.747172167798,10.438683605056116,16.04605390614353,1.4364650440732973,take_profit,2
2017-05-30 07:15:00,2017-05-30 08:45:00,long,1267.7749999999999,1266.724141236875,1266.949141236875,1269.0963740209995,13.56479741895077,-14.254686237716804,-1.27244367929034,stop_loss,6
2017-06-01 07:15:00,2017-06-01 08:00:00,long,1268.625,1267.5742057355394,1267.7992057355393,1269.9462708231372,13.531333319778337,-14.218647442927576,-1.2724649585049541,stop_loss,3
2017-06-01 08:15:00,2017-06-01 09:15:00,long,1267.225,1266.1091256250713,1266.3341256250712,1268.650398999886,12.510922375542807,-13.96061768558882,-1.2525608619261541,stop_loss,4
2017-06-01 09:30:00,2017-06-01 10:15:00,long,1266.325,1267.5614925307623,1265.4428171682737,1267.7364925307622,12.602533755916603,15.582938857869808,1.4016284224694193,take_profit,3
2017-06-01 11:30:00,2017-06-01 13:00:00,long,1266.175,1264.9736164340902,1265.1986164340901,1267.7372137054556,11.418570716159543,-13.718083204572247,-1.230442223584792,stop_loss,6
2017-06-01 14:15:00,2017-06-01 15:00:00,long,1265.615,1266.8410797640931,1264.7393251474418,1267.016079764093,12.700454506074069,15.571770264682808,1.4001541331366165,take_profit,3
2017-06-01 15:30:00,2017-06-01 15:45:00,long,1262.565,1264.3338170197862,1261.3501143626338,1264.5088170197862,9.179968734946394,16.237684939478225,1.4559535197245395,take_profit,1
2017-06-02 15:00:00,2017-06-02 15:30:00,long,1262.585,1263.6927214583145,1261.7832990885536,1263.8677214583145,13.95169617214978,15.454593229774197,1.3817141062193359,take_profit,2
2017-06-05 08:15:00,2017-06-05 09:30:00,long,1280.165,1279.0581227420898,1279.2831227420897,1281.5760036126562,12.718319497743508,-14.077618610887248,-1.255137546616284,stop_loss,5
2017-06-06 12:00:00,2017-06-06 12:30:00,long,1288.665,1287.6172990149234,1287.8422990149234,1289.9813215761226,13.598915875410741,-14.24759755864052,-1.2734894014730729,stop_loss,2
2017-06-07 13:15:00,2017-06-07 13:30:00,long,1291.405,1290.349780271782,1290.574780271782,1292.733351565149,13.441437142802368,-14.18366964868637,-1.2710125914290744,stop_loss,1
2017-06-07 13:45:00,2017-06-07 14:30:00,long,1288.835,1290.3118949719908,1287.802565642506,1290.4868949719908,10.781294589300677,15.92283977048935,1.4304976982511384,take_profit,3
2017-06-08 11:45:00,2017-06-08 12:00:00,long,1285.085,1283.7423975900492,1283.9673975900491,1286.8731638559216,9.988189478126694,-13.410167264378263,-1.2013238321576212,stop_loss,1
2017-06-08 12:15:00,2017-06-08 14:30:00,long,1283.945,1282.6187509832566,1282.8437509832565,1285.7069984267894,10.112158220311708,-13.411239896841124,-1.2043134627854444,stop_loss,9
2017-06-08 14:45:00,2017-06-08 15:00:00,long,1282.7749999999999,1281.4041458435997,1281.6291458435996,1284.60836665024,9.695109761942566,-13.290581513914422,-1.196360067939852,stop_loss,1
2017-06-09 10:15:00,2017-06-09 10:45:00,long,1272.185,1274.0362116230501,1270.9186177355937,1274.21121162305,8.751386501489199,16.20066840936122,1.4618110779671176,take_profit,2
2017-06-09 16:00:00,2017-06-09 16:15:00,long,1267.625,1265.9420945920488,1266.1670945920487,1269.9576486527221,7.623952782292019,-12.830391367284133,-1.1543310003329246,stop_loss,1
2017-06-12 12:00:00,2017-06-12 13:30:00,short,1269.765,1268.4657263859203,1270.6864210088,1268.2907263859204,12.035042724908894,15.636813456796775,1.4100759605775686,take_profit,6
2017-06-13 14:45:00,2017-06-13 15:30:00,short,1263.575,1262.5042322829627,1264.3536048231483,1262.3292322829627,14.282745887037008,15.293503206487502,1.3752389982735336,take_profit,3
2017-06-14 12:00:00,2017-06-14 12:15:00,short,1268.055,1269.026000090448,1268.801000090448,1266.8613998552833,14.94798993276897,-14.514499576732781,-1.3016085425201422,stop_loss,1
2017-06-14 12:30:00,2017-06-14 13:00:00,short,1268.545,1267.5203753854228,1269.2947653841109,1267.3453753854228,14.834204243636043,15.199490805696612,1.3665936522162832,take_profit,2
2017-06-15 11:00:00,2017-06-15 12:00:00,short,1262.7050000000002,1261.1729717554801,1263.771892652825,1260.9979717554802,10.453321423471763,16.01478366980482,1.4359722512509037,take_profit,4
2017-06-16 09:30:00,2017-06-16 11:00:00,short,1254.265,1255.3237502003017,1255.0987502003018,1252.9309996795173,13.414811040059572,-14.202933875670842,-1.269865002633283,stop_loss,6
2017-06-19 12:45:00,2017-06-19 14:30:00,short,1251.505,1250.4294053727433,1252.2866216420357,1250.2544053727433,14.273140511888942,15.352113248669193,1.3761065065389164,take_profit,7
2017-06-19 15:15:00,2017-06-19 15:30:00,short,1252.305,1251.1331360905185,1253.146789943426,1250.9581360905186,13.28941957286347,15.57339117539634,1.3921096570864522,take_profit,1
2017-06-21 10:30:00,2017-06-21 11:00:00,short,1245.9650000000001,1245.1015358516102,1246.6140400927438,1244.9265358516102,17.284057885135198,14.924164322511626,1.3303710480193436,take_profit,2
2017-06-21 13:00:00,2017-06-21 14:15:00,short,1247.105,1245.9924881081713,1247.909694932393,1245.8174881081713,13.977837325198298,15.550510246330413,1.3825262805127454,take_profit,5
2017-06-22 08:45:00,2017-06-22 11:00:00,short,1253.2150000000001,1252.1121466224752,1254.0136583609533,1251.9371466224752,14.122428854851615,15.574968361429336,1.3808825293067795,take_profit,9
2017-06-22 15:15:00,2017-06-22 15:30:00,short,1251.9550000000002,1253.0653998236287,1252.8403998236288,1250.5383602821942,12.77405474541846,-14.18430813633398,-1.2541224811608749,stop_loss,1
2017-06-22 16:00:00,2017-06-22 16:45:00,short,1253.415,1251.8528318294389,1254.5007301066007,1251.677831829439,10.390959165408791,16.23242566980183,1.438818138194594,take_profit,3
2017-06-23 11:15:00,2017-06-23 12:30:00,short,1257.335,1256.0522267148392,1258.2461083032256,1255.8772267148393,12.418108817171063,15.92961824288718,1.4079262373304002,take_profit,5
2017-06-23 14:15:00,2017-06-23 15:30:00,short,1257.4850000000001,1258.610813376599,1258.3858133765991,1256.0436985974418,12.59539609969578,-14.180065412599104,-1.2497742660631816,stop_loss,5
2017-06-27 09:15:00,2017-06-27 09:30:00,short,1247.085,1248.0784321974813,1247.8534321974814,1245.8555084840298,14.728353648426634,-14.631620730238154,-1.2928039724745637,stop_loss,1
2017-06-28 11:15:00,2017-06-28 12:15:00,short,1253.2150000000001,1251.6342314079304,1254.3123553700436,1251.4592314079305,10.286984714382605,16.26134234359729,1.4405256813087557,take_profit,4
2017-06-28 14:30:00,2017-06-28 15:15:00,short,1253.295,1254.4811176172316,1254.2561176172317,1251.7572118124297,11.77899603503187,-13.971274710451318,-1.234102461515584,stop_loss,3
2017-07-04 08:30:00,2017-07-04 09:30:00,short,1224.845,1226.0236603633734,1225.7986603633735,1223.3191434186024,11.841802896369709,-13.957463704831424,-1.2359330518928024,stop_loss,4
2017-07-05 10:00:00,2017-07-05 10:30:00,short,1225.575,1224.4935582405071,1226.360276099683,1224.3185582405072,14.34545522305815,15.513774337150878,1.377148444896679,take_profit,2
2017-07-07 09:30:00,2017-07-07 09:45:00,short,1221.2150000000001,1222.3910551611734,1222.1660551611735,1219.6933117421227,11.877513666480938,-13.968611249371085,-1.2365793375457987,stop_loss,1
2017-07-10 11:30:00,2017-07-10 14:15:00,short,1207.665,1209.0123734680358,1208.7873734680359,1205.8692024511427,10.039647027325096,-13.527154033062445,-1.2004680317271288,stop_loss,11
2017-07-10 14:30:00,2017-07-10 14:45:00,short,1211.2350000000001,1212.553478142535,1212.328478142535,1209.4854349719444,10.280204703305756,-13.55422520209195,-1.2057654298222358,stop_loss,1
2017-07-11 15:15:00,2017-07-11 15:45:00,short,1211.445,1212.5248581052358,1212.299858105236,1210.0772270316224,13.118049211628565,-14.165631766060137,-1.2632015753512724,stop_loss,2
2017-07-14 12:15:00,2017-07-14 13:30:00,short,1218.9850000000001,1219.9756669252006,1219.7506669252007,1217.7599329196794,14.609145389142856,-14.472797142468597,-1.293861459329689,stop_loss,5
2017-07-14 14:15:00,2017-07-14 14:30:00,short,1221.155,1222.1418648774418,1221.9168648774419,1219.9360161960929,14.644058501671445,-14.45170699850259,-1.295327959933511,stop_loss,1
2017-07-18 09:45:00,2017-07-18 10:00:00,long,1236.945,1235.9589906788808,1236.1839906788807,1238.1626149137905,14.622541554767071,-14.417962271452103,-1.295659979130086,stop_loss,1
2017-07-19 10:45:00,2017-07-19 11:00:00,long,1239.7649999999999,1238.7550372245794,1238.9800372245793,1241.0209404406728,14.139593423574881,-14.280463017391,-1.2866377961418036,stop_loss,1
2017-07-19 11:15:00,2017-07-19 12:30:00,long,1237.845,1239.2974180330293,1236.8278637293567,1239.4724180330293,10.883982697865779,15.808092741559031,1.4279483240831854,take_profit,5
2017-07-20 10:45:00,2017-07-20 13:45:00,long,1237.815,1236.7366372462568,1236.9616372462567,1239.1803804059891,13.009836330254664,-14.02932293084239,-1.2636627846867343,stop_loss,12
2017-07-20 14:30:00,2017-07-20 14:45:00,long,1235.585,1236.7059757974018,1234.7750151266239,1236.8809757974018,13.671923358909282,15.325895189269595,1.3839465825199717,take_profit,1
2017-07-24 09:15:00,2017-07-24 09:45:00,long,1253.0149999999999,1252.0199050157842,1252.244905015784,1254.247151974745,14.419913294671291,-14.349183392352858,-1.2921717510328021,stop_loss,2
2017-07-25 10:30:00,2017-07-25 10:45:00,long,1255.0149999999999,1253.9282469542907,1254.1532469542906,1256.3938048731347,12.852875414152988,-13.967901502451676,-1.261095682945589,stop_loss,1
2017-07-25 11:00:00,2017-07-25 11:15:00,long,1254.135,1252.9608864044649,1253.1858864044648,1255.653581752856,11.640407200187104,-13.66716035130456,-1.2370632989121082,stop_loss,1
2017-07-25 11:30:00,2017-07-25 13:00:00,long,1252.555,1251.2345398079317,1251.4595398079316,1254.3077363073098,10.06036959659069,-13.284317569792904,-1.2053931321548637,stop_loss,6
2017-07-26 08:45:00,2017-07-26 09:30:00,long,1245.235,1244.1723312107704,1244.3973312107703,1246.5752700627672,13.124716972602586,-13.947227094255714,-1.26860258242024,stop_loss,3
2017-07-26 09:45:00,2017-07-26 11:00:00,long,1244.555,1245.855974522665,1243.6325159233345,1246.030974522665,11.887762183247368,15.465675731905296,1.4102948284674268,take_profit,5
2017-07-26 15:15:00,2017-07-26 16:00:00,long,1246.2849999999999,1247.6358662933085,1245.331333566682,1247.8108662933084,11.531498109287233,15.577512107188285,1.4164976831665976,take_profit,3
2017-07-27 08:15:00,2017-07-27 09:15:00,long,1262.7949999999998,1261.5810914437448,1261.8060914437447,1264.3772536900083,11.152050032485704,-13.53756895421927,-1.2275235648197271,stop_loss,4
2017-07-27 10:30:00,2017-07-27 13:30:00,long,1261.695,1262.125,1260.6356085817672,1263.3900262691723,10.384530561286573,4.465348141353887,0.405893414463735,time_stop,12
2017-07-27 15:00:00,2017-07-27 15:15:00,long,1261.635,1263.087500742761,1260.6178120357745,1263.262500742761,10.824167845584414,15.722111835481133,1.4279570677646949,take_profit,1
2017-07-31 10:15:00,2017-07-31 13:15:00,long,1266.7649999999999,1267.335,1265.8171344711463,1268.2815848461655,11.648970389620004,6.639913122085309,0.6013511227585171,time_stop,12
2017-08-01 12:15:00,2017-08-01 13:15:00,long,1267.645,1266.489714199058,1266.7147141990579,1269.1334572815074,11.883377445947316,-13.728697230537469,-1.2418611568316438,stop_loss,4
2017-08-01 13:30:00,2017-08-01 15:15:00,long,1265.565,1264.3555673307826,1264.5805673307825,1267.140092270748,11.201863017715919,-13.547899089724392,-1.2285580385896238,stop_loss,7
2017-08-02 07:15:00,2017-08-02 07:45:00,long,1265.675,1264.5995798480283,1264.8245798480282,1267.0356722431547,12.935234527373916,-13.910811881217837,-1.264575103821595,stop_loss,2
2017-08-02 15:45:00,2017-08-02 16:15:00,long,1265.475,1267.1636908555513,1264.3101932152802,1267.3386908555512,9.42007089307721,15.907587575785257,1.4497604904985757,take_profit,2
2017-08-03 14:00:00,2017-08-03 14:15:00,long,1262.195,1263.4891993825327,1261.276750385917,1263.6641993825326,11.984080902597844,15.509790104364345,1.4094200124715208,take_profit,1
2017-08-04 15:00:00,2017-08-04 15:15:00,long,1268.0049999999999,1268.9811520833596,1267.2855299479002,1269.1561520833595,15.338230148637471,14.972445314642925,1.356765414364172,take_profit,1
2017-08-04 15:30:00,2017-08-04 15:45:00,long,1267.945,1266.9038242918118,1267.1288242918117,1269.2508811331008,13.557548973554288,-14.115790653835512,-1.2756759331876901,stop_loss,1
2017-08-07 12:45:00,2017-08-07 13:15:00,long,1256.7649999999999,1255.8538650194366,1256.0788650194365,1257.8628159689013,16.085917299271856,-14.656441945814063,-1.3279238143713021,stop_loss,2
2017-08-07 14:00:00,2017-08-07 14:15:00,long,1256.225,1257.161329313198,1255.530419179251,1257.336329313198,15.848116361348284,14.839055908103699,1.348049478516574,take_profit,1
2017-08-08 11:15:00,2017-08-08 13:15:00,short,1260.845,1261.721642449056,1261.496642449056,1259.8023720815104,16.93793244653318,-14.848510581872365,-1.3452813737439224,stop_loss,8
2017-08-08 13:30:00,2017-08-08 13:45:00,short,1262.405,1263.314608216459,1263.089608216459,1261.3096268536653,16.078946316441268,-14.625541681438014,-1.3286551265242617,stop_loss,1
2017-08-08 14:00:00,2017-08-08 14:15:00,short,1263.765,1264.8121876968448,1264.587187696845,1262.4494996850483,13.352824080204387,-13.982913094922088,-1.2736601397264342,stop_loss,1
2017-08-08 14:30:00,2017-08-08 15:30:00,short,1264.025,1262.849716565169,1264.8689271467695,1262.674716565169,12.975719400196054,15.250148066066236,1.392636128995412,take_profit,4
2017-08-09 08:00:00,2017-08-09 09:45:00,long,1264.7549999999999,1266.0613529865645,1263.829154383397,1266.2363529865645,11.860575834567346,15.494098663863705,1.4109836058391845,take_profit,7
2017-08-09 13:15:00,2017-08-09 14:45:00,long,1267.355,1268.7583904601747,1266.3685059623908,1268.9333904601747,11.16281490239464,15.665787942716673,1.4226040976140923,take_profit,6
2017-08-11 07:30:00,2017-08-11 09:00:00,long,1285.635,1284.4531883553327,1284.6781883553326,1287.1658986314678,11.541855684534392,-13.640299449051955,-1.2351560009265246,stop_loss,6
2017-08-11 09:15:00,2017-08-11 10:00:00,long,1284.665,1286.0012023375102,1283.720498539056,1286.1762023375102,11.663403156756843,15.584666561383017,1.414717067959737,take_profit,3
2017-08-11 13:15:00,2017-08-11 15:15:00,long,1287.125,1285.9239453690493,1286.1489453690492,1288.6866874095213,11.318291316845835,-13.593886200546713,-1.2305198836880005,stop_loss,8
2017-08-14 07:15:00,2017-08-14 08:00:00,long,1286.875,1285.6641640248063,1285.8891640248062,1288.45233756031,11.178414218135739,-13.53522608093586,-1.2282326935326868,stop_loss,3
2017-08-14 10:45:00,2017-08-14 11:30:00,long,1282.965,1281.5749108544678,1281.7999108544677,1284.8291426328515,9.435340181349853,-13.11596397049732,-1.1931182698446072,stop_loss,3
2017-08-14 11:45:00,2017-08-14 14:00:00,long,1281.415,1279.9498297301764,1280.1748297301763,1283.399272431718,8.84296355798994,-12.9564473023004,-1.1814267004093686,stop_loss,9
2017-08-14 14:15:00,2017-08-14 14:45:00,long,1279.435,1281.0503651722195,1278.3160217673628,1281.2253651722194,9.777551777181852,15.794316610432698,1.4436073241680156,take_profit,2
2017-08-15 15:15:00,2017-08-15 15:30:00,long,1273.175,1271.93160145107,1272.15660145107,1274.804437678288,10.774226114027817,-13.396657116025011,-1.220935114485687,stop_loss,1
2017-08-15 15:45:00,2017-08-15 16:30:00,long,1268.435,1270.3738722838298,1267.1138298226062,1270.5488722838297,8.284824402962569,16.06321641130109,1.467541666475308,take_profit,3
2017-08-17 09:15:00,2017-08-17 10:00:00,long,1286.895,1288.167123531585,1285.9905477927593,1288.342123531585,12.13750076684764,15.440400340138671,1.4065127172016574,take_profit,3
2017-08-17 11:30:00,2017-08-17 12:15:00,long,1286.895,1285.561930317512,1285.7869303175119,1288.6679114919812,9.934998072432665,-13.244044725937009,-1.2030558218095828,stop_loss,3
2017-08-17 12:45:00,2017-08-17 13:15:00,long,1285.7849999999999,1284.4688845112526,1284.6938845112525,1287.5307847819956,10.065095934800006,-13.246828655517776,-1.2062109852901188,stop_loss,2
2017-08-17 13:30:00,2017-08-17 14:30:00,long,1284.2749999999999,1282.9735383641478,1283.1985383641477,1285.997338617363,10.17750010589514,-13.245625936703133,-1.2090181317254165,stop_loss,4
2017-08-22 09:45:00,2017-08-22 10:00:00,long,1285.945,1284.8175770998844,1285.0425770998843,1287.388876640185,12.110948380857339,-13.65416054669605,-1.2493287791910794,stop_loss,1
2017-08-22 10:15:00,2017-08-22 13:15:00,long,1284.5149999999999,1285.335,1283.5263802544919,1286.0967915928125,11.027383267880113,9.042454279663499,0.8294392295177208,time_stop,12
2017-08-23 10:30:00,2017-08-23 12:15:00,long,1285.5249999999999,1286.78189511146,1284.6300655553373,1286.95689511146,12.201981735754433,15.336611193795822,1.404454950813813,take_profit,7
2017-08-24 09:45:00,2017-08-24 10:00:00,long,1288.325,1287.2975000802674,1287.5225000802673,1289.6089998715727,13.645667372158925,-14.020922129592291,-1.2803738598189893,stop_loss,1
2017-08-24 10:15:00,2017-08-24 11:30:00,long,1286.665,1285.5308546610468,1285.7558546610467,1288.1196325423255,12.0141463180946,-13.625788048168781,-1.24748518235704,stop_loss,5
2017-08-24 11:45:00,2017-08-24 13:15:00,long,1285.135,1286.5650795468657,1284.1318252832089,1286.7400795468657,10.860873353500487,15.531912843940026,1.4255538172255127,take_profit,6
2017-08-24 14:30:00,2017-08-24 14:45:00,long,1286.065,1287.2685721133716,1285.203392429143,1287.4435721133716,12.681431484313066,15.263017292151726,1.3968912926035142,take_profit,1
2017-08-25 14:30:00,2017-08-25 15:00:00,long,1287.395,1286.4431253708728,1286.6681253708728,1288.5579994066036,15.074048497098742,-14.348604322620277,-1.30954443996769,stop_loss,2
2017-08-25 15:15:00,2017-08-25 16:00:00,long,1285.7649999999999,1286.8959087814535,1284.9488070115915,1287.0709087814535,13.389291941162014,15.1420678337064,1.3855899248276646,take_profit,3
2017-08-28 07:30:00,2017-08-28 08:45:00,long,1294.0449999999998,1295.0332617496701,1293.3179614064559,1295.20826174967,15.072831669607796,14.895902998292518,1.359297509714025,take_profit,5
2017-08-28 11:00:00,2017-08-28 14:00:00,long,1296.475,1297.8176175132785,1295.5264890542007,1297.9926175132784,11.584813219561681,15.553973116644759,1.4155002841294109,take_profit,12
2017-08-29 12:45:00,2017-08-29 15:15:00,long,1320.405,1322.8469936429683,1318.7693789731447,1323.0219936429683,6.737153600435949,16.452086263965768,1.4930070003217595,take_profit,10
2017-08-30 09:30:00,2017-08-30 09:45:00,long,1308.2949999999998,1306.9179843948514,1307.1429843948513,1310.1382249682376,9.593910198055964,-13.21096405711613,-1.195309854306091,stop_loss,1
2017-08-30 15:00:00,2017-08-30 15:15:00,long,1309.885,1308.4585426503731,1308.683542650373,1311.807331759403,9.177115057695422,-13.090763222420813,-1.1872725653305745,stop_loss,1
2017-08-31 12:45:00,2017-08-31 13:00:00,long,1306.0449999999998,1304.7053981235701,1304.93039812357,1307.8283630022875,9.868753176002969,-13.220200272595108,-1.201865800478116,stop_loss,1
2017-08-31 15:15:00,2017-08-31 15:30:00,long,1305.695,1307.2772833607542,1304.5966978995286,1307.452283360754,9.991140327184398,15.808815094664327,1.4406631473027613,take_profit,1
2017-09-04 12:30:00,2017-09-04 13:15:00,long,1335.2849999999999,1333.5462141554178,1333.7712141554177,1337.7070573513315,7.269791877778722,-12.640611210139026,-1.1486339701254247,stop_loss,3
2017-09-04 13:30:00,2017-09-04 16:30:00,long,1334.225,1334.645,1332.819000481385,1336.474599229784,7.809125586355752,3.2798327462699843,0.2987198746795026,time_stop,12
2017-09-05 10:30:00,2017-09-05 10:45:00,long,1334.575,1333.3336324897045,1333.5586324897045,1336.2011880164728,10.80926571286854,-13.418271266106174,-1.2213766159589963,stop_loss,1
2017-09-05 11:00:00,2017-09-05 11:15:00,long,1331.855,1330.4514484222452,1330.6764484222451,1333.7406825244077,9.298998995917358,-13.051624712260082,-1.1909123064673406,stop_loss,1
2017-09-05 11:30:00,2017-09-05 13:15:00,long,1330.715,1332.550981360331,1329.458136649793,1332.725981360331,8.69883483113347,15.970898606559645,1.4607644976113032,take_profit,7
2017-09-08 09:30:00,2017-09-08 10:30:00,long,1353.615,1351.9375295505613,1352.1625295505612,1355.938952719102,7.549336711259609,-12.663789246000848,-1.1549084871825397,stop_loss,4
2017-09-08 15:15:00,2017-09-08 15:30:00,long,1352.7749999999999,1351.2039743150733,1351.4289743150732,1354.9286410958823,8.127527602173743,-12.768554617964472,-1.1671587715743859,stop_loss,1
2017-09-08 15:45:00,2017-09-08 16:00:00,long,1350.345,1348.7091921390174,1348.9341921390173,1352.6022925775721,7.736222699126379,-12.65497390554292,-1.15948309207973,stop_loss,1
2017-09-11 14:45:00,2017-09-11 15:15:00,long,1335.485,1334.2082357181991,1334.433235718199,1337.1678228508813,10.353093405857836,-13.218459866746176,-1.2139262607536563,stop_loss,2
2017-09-11 15:45:00,2017-09-11 16:15:00,long,1333.305,1331.7531674392828,1331.9781674392827,1335.4279320971477,8.186848327586274,-12.70461780440178,-1.169576785090553,stop_loss,2
2017-09-12 14:00:00,2017-09-12 15:00:00,long,1323.815,1325.4405628604266,1322.6896482122336,1325.6155628604265,9.630026639577036,15.654213650214226,1.444493071497943,take_profit,4
2017-09-13 15:30:00,2017-09-13 15:45:00,long,1332.695,1331.4828783486369,1331.7078783486368,1334.274394642181,11.010270220877425,-13.345786922083656,-1.2279354319593687,stop_loss,1
2017-09-14 10:45:00,2017-09-14 12:00:00,short,1323.7150000000001,1322.3590653480032,1324.671834157498,1322.1840653480033,11.330892050189252,15.36394916888785,1.41710519150212,take_profit,5
2017-09-14 13:30:00,2017-09-14 14:00:00,short,1325.875,1324.400267833753,1326.9060826039042,1324.2252678337532,10.544754033975321,15.550687959065108,1.430275480027283,take_profit,2
2017-09-15 09:00:00,2017-09-15 10:00:00,short,1330.535,1329.15856483017,1331.5046469811439,1328.98356483017,11.244931438797511,15.477919114688794,1.4195219462308128,take_profit,4
2017-09-19 09:15:00,2017-09-19 10:45:00,short,1308.265,1309.4979842558328,1309.2729842558329,1306.6522251906677,10.847956798685,-13.37535994073149,-1.223217772200245,stop_loss,6
2017-09-19 11:00:00,2017-09-19 11:30:00,short,1309.155,1307.6473072140304,1310.206682991231,1307.4723072140305,10.371774605177404,15.637449749928033,1.4336000472963344,take_profit,2
2017-09-20 12:00:00,2017-09-20 12:15:00,short,1313.9850000000001,1315.054621923668,1314.8296219236681,1312.6336049221313,12.951468028607106,-13.853174147082166,-1.2663913802080642,stop_loss,1
2017-09-20 12:30:00,2017-09-20 12:45:00,short,1314.885,1315.9651586994892,1315.7401586994893,1313.5167460808173,12.759488383699171,-13.782272378683732,-1.2631090581599507,stop_loss,1
2017-09-25 07:15:00,2017-09-25 09:15:00,short,1293.895,1292.4274326545599,1294.9216045909,1292.25243265456,10.601767266649224,15.558807444490169,1.429535147659481,take_profit,8
2017-09-25 12:00:00,2017-09-25 12:15:00,short,1292.905,1294.1290536608383,1293.9040536608384,1291.3065141426587,10.925279582404462,-13.373128468524204,-1.2252131280026446,stop_loss,1
2017-09-25 12:45:00,2017-09-25 14:45:00,short,1295.555,1293.8968332986228,1296.7007291883608,1293.7218332986229,9.503287876540387,15.758035510481292,1.447258844605036,take_profit,8
2017-09-27 13:30:00,2017-09-27 14:45:00,short,1290.685,1288.6179414928918,1292.0862865669424,1288.4429414928918,7.792631881425027,16.10782602326207,1.4751147665808795,take_profit,5
2017-09-28 12:45:00,2017-09-28 13:45:00,short,1284.2150000000001,1285.8772338355077,1285.6522338355078,1281.915425863188,7.620142079904718,-12.666457996592499,-1.1565507257352021,stop_loss,4
2017-09-29 09:45:00,2017-09-29 10:30:00,short,1286.795,1287.9899357844185,1287.7649357844186,1285.2431027449304,11.265274761639448,-13.461279933989294,-1.2319741199514425,stop_loss,3
2017-09-29 10:45:00,2017-09-29 11:30:00,short,1288.595,1287.1120047505715,1289.6312470308928,1286.9370047505715,10.518409440809233,15.598751232264407,1.4311213496561934,take_profit,3
2017-09-29 14:00:00,2017-09-29 14:30:00,short,1288.9850000000001,1287.5365613628855,1289.9996491481968,1287.3615613628856,10.773052019651706,15.604104784908763,1.4275265885640196,take_profit,2
2017-10-02 15:45:00,2017-10-02 16:00:00,short,1274.185,1275.5805332199006,1275.3555332199007,1272.3121468481588,9.365027902170018,-13.069207542775214,-1.192220089250418,stop_loss,1
2017-10-03 09:45:00,2017-10-03 10:00:00,short,1271.2250000000001,1269.888256632865,1272.1698396044594,1269.713256632865,11.574385533892618,15.471983091095568,1.4147833778624486,take_profit,1
2017-10-03 11:45:00,2017-10-03 14:45:00,short,1270.795,1270.5649999999998,1271.820062908967,1269.154899345653,10.698740262621833,2.4607102604056488,0.22437647288598947,time_stop,12
2017-10-04 09:15:00,2017-10-04 09:45:00,short,1276.9750000000001,1275.9785337072783,1277.7071664329512,1275.8035337072783,14.985395044924445,14.932441045388005,1.360983306357614,take_profit,2
2017-10-04 13:00:00,2017-10-04 13:15:00,short,1276.315,1277.3304483183927,1277.1054483183927,1275.0502826905717,13.918263677082628,-14.133277445838365,-1.284648590887545,stop_loss,1
2017-10-04 13:45:00,2017-10-04 14:00:00,short,1278.275,1279.420457345302,1279.1954573453022,1276.8022682475168,11.92168395375528,-13.655780453198217,-1.244443700893125,stop_loss,1
2017-10-05 10:30:00,2017-10-05 11:15:00,short,1275.505,1276.5402309804504,1276.3152309804505,1274.2086304312795,13.509838881517364,-13.985803751038144,-1.2776985889565093,stop_loss,3
2017-10-05 11:30:00,2017-10-05 11:45:00,short,1276.505,1277.615792300933,1277.390792300933,1275.0877323185073,12.325822186190102,-13.69142838708754,-1.2540098844423546,stop_loss,1
2017-10-05 12:00:00,2017-10-05 14:45:00,short,1278.2050000000002,1276.8774783766721,1279.1440760145802,1276.7024783766722,11.597288578702143,15.395651360202393,1.4136466087058737,take_profit,11
2017-10-06 13:30:00,2017-10-06 13:45:00,short,1269.145,1270.1603693061622,1269.9353693061623,1267.8804091101401,13.818257814402983,-14.030634849381531,-1.2846770468509217,stop_loss,1
2017-10-09 08:45:00,2017-10-09 09:00:00,short,1283.7350000000001,1284.9744269115583,1284.7494269115584,1282.1119169415067,10.738541581777888,-13.309637427342404,-1.2218001094374333,stop_loss,1
2017-10-09 11:45:00,2017-10-09 14:45:00,short,1282.9750000000001,1283.0849999999998,1284.1651751460045,1281.0707197663935,9.130459775664995,-1.00435057532016,-0.0924233717776469,time_stop,12
2017-10-10 07:30:00,2017-10-10 08:45:00,short,1287.185,1285.8595450394491,1288.122784350344,1285.6845450394492,11.585646093849704,15.356252086279257,1.4133899334792726,take_profit,5
2017-10-10 13:00:00,2017-10-10 13:15:00,short,1289.755,1290.9380861908726,1290.7130861908727,1288.2220620946039,11.372202421253581,-13.454295644391612,-1.2348431718810116,stop_loss,1
2017-10-10 15:45:00,2017-10-10 16:00:00,long,1289.585,1288.240986737265,1288.465986737265,1291.3754212203762,9.712701243376742,-13.05399928808069,-1.2010700029148644,stop_loss,1
2017-10-11 10:15:00,2017-10-11 10:45:00,long,1287.745,1288.9610980226084,1286.8755637358695,1289.1360980226084,12.470762903581235,15.16567010746518,1.3987201509530731,take_profit,2
2017-10-12 12:15:00,2017-10-12 12:30:00,long,1295.5449999999998,1294.4568625815602,1294.6818625815602,1296.9260198695035,12.596910547124278,-13.707169723062393,-1.2606769156256086,stop_loss,1
2017-10-12 15:30:00,2017-10-12 15:45:00,long,1294.185,1293.077963868741,1293.302963868741,1295.596257810014,12.295925445859867,-13.612033735831803,-1.2550915909519114,stop_loss,1
2017-10-12 16:00:00,2017-10-12 16:45:00,long,1292.2549999999999,1290.9303872133532,1291.1553872133532,1294.0143804586346,9.83821448278441,-13.031824701668386,-1.204617482383091,stop_loss,3
2017-10-13 12:15:00,2017-10-13 14:15:00,long,1293.5349999999999,1292.3012590601588,1292.5262590601587,1295.1489855037455,10.69864656761058,-13.199358271350858,-1.223050330479645,stop_loss,8
2017-10-13 14:30:00,2017-10-13 15:15:00,long,1292.475,1291.3606697221264,1291.5856697221263,1293.8979284445977,12.10547346126369,-13.489495605879979,-1.2529993699729811,stop_loss,3
2017-10-16 12:00:00,2017-10-16 13:45:00,long,1303.735,1305.064915749026,1302.7944276568587,1305.239915749026,11.417287744206027,15.184030782183562,1.413943072772858,take_profit,7
2017-10-17 09:30:00,2017-10-17 11:30:00,long,1289.635,1288.5450525493993,1288.7700525493992,1291.0189159209615,12.450644417726682,-13.570548141436728,-1.2601314101147194,stop_loss,8
2017-10-17 14:30:00,2017-10-17 14:45:00,long,1287.745,1289.273651416415,1286.6802178647404,1289.448651416415,10.088460066573454,15.42173877021556,1.4356471298634321,take_profit,1
2017-10-17 15:45:00,2017-10-17 16:00:00,long,1286.575,1285.0988974397817,1285.3238974397816,1288.5767640963495,8.610689380114433,-12.71026063923188,-1.179841371246674,stop_loss,1
2017-10-18 08:15:00,2017-10-18 08:30:00,long,1285.495,1284.3689398868034,1284.5939398868034,1286.9366961811143,11.927544955132488,-13.431132622332175,-1.2497058705680748,stop_loss,1
2017-10-18 08:45:00,2017-10-18 09:00:00,long,1284.495,1283.3103614330091,1283.535361433009,1286.0304217071853,11.171469249928423,-13.234153323416663,-1.2344632737150627,stop_loss,1
2017-10-18 09:15:00,2017-10-18 09:45:00,long,1284.165,1282.943678990707,1283.168678990707,1285.759113614869,10.733593225264674,-13.109162911220528,-1.2258308295230629,stop_loss,2
2017-10-18 10:00:00,2017-10-18 11:30:00,long,1283.105,1281.9018632443817,1282.1268632443816,1284.6700188089894,10.906333954264152,-13.121811249422953,-1.2300291842705202,stop_loss,6
2017-10-18 11:45:00,2017-10-18 12:00:00,long,1281.155,1279.8298777024029,1280.0548777024028,1282.9151956761555,9.67314498620606,-12.81810010911115,-1.204522715784727,stop_loss,1
2017-10-19 07:15:00,2017-10-19 08:15:00,short,1278.515,1277.316516373748,1279.3734272664076,1277.1415163737481,12.36680928301048,14.821418434669638,1.3961388147276261,take_profit,4
2017-10-19 09:15:00,2017-10-19 09:30:00,short,1278.845,1280.019982019695,1279.794982019695,1277.325028768488,11.206158541069001,-13.16703479560629,-1.2368465879724273,stop_loss,1
2017-10-19 10:00:00,2017-10-19 10:15:00,short,1280.9950000000001,1282.349438956731,1282.1244389567312,1279.1878976692306,9.402292165493439,-12.73483079151074,-1.1992139536705257,stop_loss,1
2017-10-19 10:30:00,2017-10-19 10:45:00,short,1282.265,1283.6978835902426,1283.4728835902426,1280.332386255612,8.770584746966621,-12.56722696075924,-1.1862762287835442,stop_loss,1
2017-10-19 11:00:00,2017-10-19 11:30:00,short,1284.795,1282.8291646795838,1286.1330220752602,1282.6541646795838,7.898756780015183,15.52765506553171,1.4692099306613569,take_profit,2
2017-10-19 13:15:00,2017-10-19 13:45:00,short,1285.4850000000001,1287.106105898441,1286.881105898441,1283.2512305624946,7.592379819280816,-12.308051708239585,-1.1611625595530877,stop_loss,2
2017-10-20 14:00:00,2017-10-20 14:30:00,short,1281.755,1283.0960000279538,1282.8710000279539,1279.9693999552742,9.475940753223513,-12.707236814960043,-1.2016128981756904,stop_loss,2
2017-10-20 14:45:00,2017-10-20 16:15:00,short,1283.7250000000001,1282.0135731420326,1284.90401678623,1281.8385731420326,8.947909643925552,15.313692887281324,1.451571239660041,take_profit,6
2017-10-24 13:00:00,2017-10-24 14:45:00,short,1279.095,1277.7036201689216,1280.073987394424,1277.5286201689216,10.807455865002234,15.03727611583449,1.4212438679020603,take_profit,7
2017-10-25 14:00:00,2017-10-25 14:30:00,short,1272.905,1274.0545988395606,1273.8295988395607,1271.4256418567027,11.47572023224963,-13.192474662117046,-1.2433487804362786,stop_loss,2
2017-10-26 08:30:00,2017-10-26 09:00:00,short,1281.515,1280.4009664571224,1282.3206459642986,1280.2259664571225,13.137349567379323,14.635448082570116,1.382782999288914,take_profit,2
2017-10-26 13:15:00,2017-10-26 14:45:00,short,1278.425,1277.1262920041725,1279.3460674973921,1276.9512920041725,11.522851025307343,14.96481876129574,1.4100030665554082,take_profit,6
2017-10-26 16:00:00,2017-10-26 16:15:00,short,1277.645,1275.5516814162677,1279.0626991148326,1275.3766814162677,7.507413302914933,15.715407782750901,1.4765605492949672,take_profit,1
2017-10-27 11:00:00,2017-10-27 11:30:00,short,1267.135,1268.348714095398,1268.123714095398,1265.553057447363,10.79653264727932,-13.103903855427788,-1.2275683142853466,stop_loss,2
2017-10-30 15:30:00,2017-10-30 17:30:00,short,1272.925,1274.3288395694233,1274.1038395694234,1271.0388566889226,9.033015584375363,-12.680904708563702,-1.190865666402731,stop_loss,8
2017-11-01 08:00:00,2017-11-01 08:15:00,short,1272.005,1272.9702347510347,1272.7452347510348,1270.8206243983448,14.351007403819235,-13.852091058520964,-1.3039576292323634,stop_loss,1
2017-11-01 08:45:00,2017-11-01 11:00:00,short,1275.295,1276.5434022405332,1276.3184022405333,1273.657556415147,10.353123914430503,-12.924863091291819,-1.2198549026848773,stop_loss,9
2017-11-01 11:15:00,2017-11-01 11:30:00,short,1275.7150000000001,1276.8920686002714,1276.6670686002715,1274.1916902395658,11.101679523251867,-13.067438377093973,-1.236327508265461,stop_loss,1
2017-11-02 15:00:00,2017-11-02 15:30:00,short,1276.115,1277.4512287703217,1277.2262287703218,1274.3370339674852,9.488078323022767,-12.678243230288386,-1.2024785588792484,stop_loss,2
2017-11-02 15:45:00,2017-11-02 16:00:00,short,1277.095,1278.4549379039347,1278.2299379039348,1275.2790993537044,9.267528280342882,-12.603262984224855,-1.1982487316881796,stop_loss,1
2017-11-03 14:30:00,2017-11-03 14:45:00,short,1275.535,1276.5840580346362,1276.3590580346363,1274.216507144582,12.7331597462214,-13.357823538078758,-1.2730390221839631,stop_loss,1
2017-11-06 10:15:00,2017-11-06 10:45:00,short,1269.4950000000001,1270.6432473894715,1270.4182473894716,1268.0178041768456,11.33623237656286,-13.016799232829555,-1.243704994528831,stop_loss,2
2017-11-06 11:00:00,2017-11-06 12:15:00,short,1270.655,1271.828376280856,1271.603376280856,1269.1375979506302,11.008408329459568,-12.917005223765685,-1.2372476036587494,stop_loss,5
2017-11-06 12:30:00,2017-11-06 13:00:00,short,1271.255,1272.3800715087652,1272.1550715087653,1269.8148855859756,11.570502163186731,-13.017642325906714,-1.2499801380321203,stop_loss,2
2017-11-07 10:30:00,2017-11-07 10:45:00,long,1277.955,1276.9657462761108,1277.1907462761108,1279.1778059582225,13.592663967242148,-13.446593447167185,-1.294404846148369,stop_loss,1
2017-11-07 14:15:00,2017-11-07 15:00:00,long,1275.965,1277.0755153072828,1275.161552932948,1277.2505153072827,12.896121340842884,14.321340153583275,1.3821885134982286,take_profit,3
2017-11-08 08:15:00,2017-11-08 09:15:00,long,1276.805,1277.8053424879545,1276.0704109450287,1277.9803424879544,14.143953653593124,14.148797787347252,1.361771566271711,take_profit,4
2017-11-10 10:15:00,2017-11-10 11:45:00,long,1283.5349999999999,1284.7376718655673,1282.6739550840202,1284.9126718655673,12.099590799712784,14.551837439693706,1.3967585700209262,take_profit,6
2017-11-10 13:30:00,2017-11-10 14:00:00,long,1283.575,1284.7754883648731,1282.7153197719545,1284.950488364873,12.152652204363374,14.589117573687432,1.3964359371184898,take_profit,2
2017-11-13 15:00:00,2017-11-13 15:15:00,long,1278.0049999999999,1277.048216637496,1277.2732166374958,1279.1758533800062,14.316495277651097,-13.697784491023423,-1.3074680452285579,stop_loss,1
2017-11-14 12:15:00,2017-11-14 14:30:00,short,1273.395,1274.5078287659821,1274.2828287659822,1271.9744739744285,11.769361260795304,-13.097283768249055,-1.253427247033363,stop_loss,9
2017-11-16 15:00:00,2017-11-16 15:15:00,long,1277.195,1278.3643051334639,1276.354809291585,1278.5393051334638,12.405496529114272,14.505810774662187,1.391713954644863,take_profit,1
2017-11-17 08:00:00,2017-11-17 09:15:00,long,1281.955,1280.945612271295,1281.1706122712949,1283.2100203659281,13.325035764951817,-13.450127585696952,-1.286847934721474,stop_loss,5
2017-11-17 09:30:00,2017-11-17 10:00:00,long,1281.475,1282.607801124192,1280.65762429738,1282.782801124192,12.754348153482452,14.44813992660307,1.3859001687487407,take_profit,2
2017-11-17 14:45:00,2017-11-17 15:45:00,long,1282.195,1283.3962997024385,1281.334812685976,1283.5712997024384,12.153155938050283,14.599582612068719,1.3965559394486218,take_profit,4
2017-11-20 16:00:00,2017-11-20 16:15:00,long,1289.5049999999999,1288.2119275666944,1288.4369275666943,1291.2139158932887,9.815055048322359,-12.691577114361593,-1.2106598700460363,stop_loss,1
2017-11-21 13:30:00,2017-11-21 14:30:00,long,1278.2749999999999,1277.2071977681414,1277.4321977681414,1279.6234835709733,12.408375510824287,-13.249691064195568,-1.2669665450502523,stop_loss,4
2017-11-21 16:00:00,2017-11-21 16:15:00,long,1276.685,1278.201784045218,1275.6276349717389,1278.3767840452178,9.865379422741078,14.9636501084351,1.4344942424589406,take_profit,1
2017-11-22 11:45:00,2017-11-22 14:45:00,long,1283.425,1284.1850000000002,1282.4143343300652,1285.0420650718954,10.350835893164723,7.866635278807449,0.7519796334323936,time_stop,12
2017-11-23 10:15:00,2017-11-23 11:30:00,long,1289.2749999999999,1288.2615980280775,1288.4865980280774,1290.5364431550756,13.288865497584034,-13.466962499862525,-1.2853874140513233,stop_loss,5
2017-11-23 11:45:00,2017-11-23 12:30:00,long,1288.2749999999999,1289.5684072673148,1287.3572454579282,1289.7434072673148,11.386523693273029,14.727412494333008,1.4093172063146027,take_profit,3
2017-11-24 09:30:00,2017-11-24 09:45:00,long,1289.945,1290.8085079204695,1289.2959325497063,1290.9835079204695,16.145454001977345,13.941727410285058,1.330382412612097,take_profit,1
2017-11-24 11:30:00,2017-11-24 11:45:00,long,1290.165,1289.2408869846536,1289.4658869846535,1291.2835808245545,15.029575886967768,-13.88902669228322,-1.3218363770389798,stop_loss,1
2017-11-24 13:15:00,2017-11-24 13:30:00,long,1287.425,1286.290200678194,1286.5152006781939,1288.8806789148896,11.518577573270598,-13.071274018317109,-1.247307284812274,stop_loss,1
2017-11-29 15:15:00,2017-11-29 15:30:00,long,1291.065,1289.8331486266911,1290.058148626691,1292.6759621972947,10.38231837727981,-12.789473151182651,-1.2234689309311326,stop_loss,1
2017-11-29 15:45:00,2017-11-29 16:00:00,long,1287.905,1286.2870516219937,1286.5120516219936,1290.13371740481,7.486187381127343,-12.112264730746244,-1.1615278811135354,stop_loss,1
2017-11-30 08:15:00,2017-11-30 09:00:00,long,1282.635,1283.6223730929435,1281.9085168169104,1283.7973730929434,14.320562791676451,14.139738376308772,1.359113488001659,take_profit,3
2017-11-30 10:15:00,2017-11-30 10:30:00,long,1282.095,1281.1314494320345,1281.3564494320344,1283.2766809087448,14.124865608078773,-13.610022279100836,-1.304650771063232,stop_loss,1
2017-11-30 10:45:00,2017-11-30 11:00:00,long,1281.5049999999999,1280.5483416021113,1280.7733416021113,1282.6756534366218,14.22071762280252,-13.60436893785547,-1.3075205596617232,stop_loss,1
2017-11-30 11:15:00,2017-11-30 11:45:00,long,1280.2849999999999,1281.3674715856584,1279.4990802589632,1281.5424715856584,13.204272895807742,14.293250218993819,1.3773309526883553,take_profit,2
2017-12-01 10:45:00,2017-12-01 11:15:00,short,1276.9850000000001,1277.9709635258807,1277.7459635258808,1275.767458358591,13.674880439565142,-13.482933334189386,-1.2956777721238433,stop_loss,2
2017-12-01 11:30:00,2017-12-01 12:00:00,short,1277.4950000000001,1276.433908532735,1278.2675571670409,1276.258908532735,13.434759020328274,14.255508161234701,1.3734795462835085,take_profit,2
2017-12-04 11:00:00,2017-12-04 12:15:00,short,1274.875,1273.4196477509888,1275.893970155632,1273.2446477509889,10.213871650135195,14.864781077135834,1.4282579729812215,take_profit,5
2017-12-04 15:15:00,2017-12-04 15:45:00,short,1274.585,1273.0647136745633,1275.644553953398,1272.8897136745634,9.850711154090165,14.975901463390054,1.4348361596512362,take_profit,2
2017-12-05 13:15:00,2017-12-05 14:15:00,short,1276.2150000000001,1275.3169110451356,1276.8856805967905,1275.1419110451357,15.606999516784047,14.016473884599867,1.3390710260032375,take_profit,4
2017-12-06 08:00:00,2017-12-06 08:15:00,short,1267.315,1268.3104234623358,1268.085423462336,1266.0823224602627,13.622825901448365,-13.560480525617457,-1.2920471805436982,stop_loss,1
2017-12-06 08:30:00,2017-12-06 09:15:00,short,1267.755,1268.7342936996672,1268.5092936996673,1266.5481300805327,13.878179999860027,-13.590814236708823,-1.2982922966202484,stop_loss,3
2017-12-06 09:30:00,2017-12-06 10:15:00,short,1268.2150000000001,1269.2253309130622,1269.0003309130623,1266.9584705391007,13.295086102693881,-13.432436481373076,-1.2865034296467455,stop_loss,3
2017-12-06 12:15:00,2017-12-06 12:30:00,short,1268.075,1269.0410121874525,1268.8160121874525,1266.889380500076,14.053989140324383,-13.576324791877123,-1.3036387306576285,stop_loss,1
2017-12-08 14:15:00,2017-12-08 14:30:00,short,1246.9850000000001,1247.907135951314,1247.6821359513142,1245.8695824778974,14.899568105966468,-13.739427409562763,-1.3227490987601416,stop_loss,1
2017-12-11 11:45:00,2017-12-11 13:00:00,short,1250.685,1251.6175205292668,1251.392520529267,1249.5529671531729,14.64204260141507,-13.654005316219596,-1.318011973776966,stop_loss,5
2017-12-13 15:45:00,2017-12-13 16:15:00,short,1245.365,1243.7354467461182,1246.492845783676,1243.5604467461183,9.161037678922082,14.928398758621206,1.444836942662887,take_profit,2
2017-12-15 13:00:00,2017-12-15 15:00:00,short,1258.015,1258.950495916211,1258.725495916211,1256.8782065340629,14.584312564453182,-13.643564844787981,-1.3166802157003819,stop_loss,8
2017-12-15 15:15:00,2017-12-15 15:30:00,short,1259.585,1260.6622058510463,1260.4372058510464,1258.2214706383259,12.127125594606088,-13.063410646883032,-1.2640207172054028,stop_loss,1
2017-12-15 15:45:00,2017-12-15 16:00:00,short,1260.815,1259.4842629483524,1261.7560856572798,1259.3092629483524,10.954030047171523,14.576933648633373,1.4140445573193914,take_profit,1
2017-12-19 11:30:00,2017-12-19 14:15:00,long,1263.055,1263.8480372284478,1262.4499767322202,1264.0230372284477,17.086672504407797,13.550367406289109,1.310754925769628,take_profit,11
2017-12-19 15:15:00,2017-12-19 15:30:00,long,1262.0449999999998,1261.0447185305368,1261.2697185305367,1263.285450351141,13.369254363955191,-13.373017400802546,-1.290217177711872,stop_loss,1
2017-12-20 16:00:00,2017-12-20 16:30:00,long,1263.875,1262.8401326022322,1263.065132602232,1265.1707878364284,12.765286221677277,-13.210378533988466,-1.277823259239769,stop_loss,2
2017-12-21 08:45:00,2017-12-21 09:30:00,long,1265.435,1264.6580236360683,1264.8830236360682,1266.318162182291,18.68153973766687,-14.51511481801761,-1.4076261497815163,stop_loss,3
2017-12-21 10:15:00,2017-12-21 13:15:00,long,1265.055,1264.605,1264.4597286856438,1266.0074341029701,17.27403605619329,-7.773316225287766,-0.7559578114168974,time_stop,12
2017-12-21 14:45:00,2017-12-21 15:15:00,long,1264.2749999999999,1263.448162978354,1263.673162978354,1265.2379392346331,17.059753962757053,-14.105636156576436,-1.3738553660002142,stop_loss,2
2017-12-22 15:45:00,2017-12-22 16:00:00,long,1267.925,1268.680950659972,1267.3431558375173,1268.855950659972,17.597461490300688,13.302812627426176,1.2992321805662903,take_profit,1
2017-12-27 14:00:00,2017-12-27 14:30:00,long,1284.645,1285.5367044827142,1283.9783096983037,1285.7117044827141,15.397832909494866,13.730316629480859,1.3375093059633134,take_profit,2
2017-12-28 08:45:00,2017-12-28 09:15:00,long,1290.745,1291.6097431598407,1290.0951605250993,1291.7847431598407,15.839367872709804,13.696985024128361,1.3307027246585346,take_profit,2
2017-12-28 11:45:00,2017-12-28 14:45:00,long,1291.875,1291.785,1291.1951615662524,1292.962741493996,15.180725241312734,-1.3662652717169035,-0.13238439536846364,time_stop,12
2017-12-28 15:15:00,2017-12-28 15:30:00,long,1289.595,1290.7884250361546,1288.7397343524033,1290.9634250361546,12.063746474157247,14.397177072081305,1.3953852110254612,take_profit,1
2018-01-02 14:00:00,2018-01-02 14:45:00,long,1310.245,1311.8424155150872,1309.1372403030703,1312.0174155150871,9.340024125705774,14.919899449691888,1.4420234997850325,take_profit,3
2018-01-03 09:00:00,2018-01-03 12:00:00,long,1313.2849999999999,1314.125,1312.1874816405937,1315.04102937505,9.45436766936704,7.941668842269689,0.7653630509239245,time_stop,12
2018-01-04 09:15:00,2018-01-04 09:30:00,long,1308.825,1310.2548959929188,1307.8219400044259,1310.4298959929188,10.360522279071107,14.81446929138945,1.4255338655992011,take_profit,1
2018-01-08 07:45:00,2018-01-08 09:45:00,long,1317.7849999999999,1316.7424262649097,1316.9674262649096,1319.0931179761444,12.747295959578961,-13.289995960878105,-1.2752045354968113,stop_loss,8
2018-01-08 10:00:00,2018-01-08 12:00:00,long,1315.935,1317.287024003003,1314.980609998123,1317.4620240030029,10.892061272236221,14.72632828224225,1.4166368050211595,take_profit,8
2018-01-08 15:00:00,2018-01-08 15:30:00,long,1318.5349999999999,1320.002273858655,1317.5085788383406,1320.1772738586549,10.15638358211968,14.902196128517666,1.429504684298485,take_profit,2
2018-01-09 10:00:00,2018-01-09 10:15:00,long,1317.445,1316.4227200893367,1316.6477200893366,1318.720647857061,13.112749094826912,-13.404899973208625,-1.2822095439639534,stop_loss,1
2018-01-09 10:30:00,2018-01-09 10:45:00,long,1316.405,1315.3372433423363,1315.5622433423362,1317.753410652262,12.373348263820073,-13.211724986285738,-1.2669809819404176,stop_loss,1
2018-01-09 11:00:00,2018-01-09 14:00:00,long,1314.5449999999998,1314.605,1313.5347149227287,1316.1614561236338,10.295409098834726,0.6177245459318627,0.05938917771826787,time_stop,12
2018-01-09 15:45:00,2018-01-09 16:15:00,long,1311.7649999999999,1310.3823097833047,1310.6073097833046,1313.6173043467122,8.985593448082616,-12.424292151864407,-1.1943525105033586,stop_loss,2
2018-01-11 09:45:00,2018-01-11 11:00:00,long,1315.935,1317.5413150455247,1314.821678096547,1317.7163150455247,9.321369686122672,14.973056371717187,1.442812757516728,take_profit,5
2018-01-12 10:00:00,2018-01-12 10:45:00,long,1327.7949999999998,1329.210895972514,1326.8006900171786,1329.385895972514,10.46718964337006,14.820451659589342,1.423998548718821,take_profit,3
2018-01-15 09:00:00,2018-01-15 09:45:00,long,1340.955,1342.915888712693,1339.6200695545667,1343.090888712693,7.818588671425874,15.331382274988956,1.4689070276292517,take_profit,3
2018-01-15 11:00:00,2018-01-15 11:45:00,long,1340.885,1342.8203026544932,1339.5660608409416,1342.9953026544931,7.936632065598133,15.359785104287683,1.4673176099152876,take_profit,3
2018-01-16 09:15:00,2018-01-16 10:30:00,long,1338.995,1337.7807933579784,1338.0057933579783,1340.5777306272346,10.613206529940419,-12.886625861799704,-1.227455003274226,stop_loss,5
2018-01-16 10:45:00,2018-01-16 11:00:00,long,1338.0249999999999,1336.8101667097985,1337.0351667097984,1339.6087332643222,10.580449500449957,-12.853482278440753,-1.2273110050219884,stop_loss,1
2018-01-16 15:30:00,2018-01-16 15:45:00,long,1333.955,1332.3957428256922,1332.620742825692,1336.0898114788924,7.829955406987649,-12.208914142855106,-1.1686331573346294,stop_loss,1
2018-01-17 14:15:00,2018-01-17 14:30:00,long,1336.215,1334.7960907986753,1335.0210907986752,1338.1252547221193,8.72994054860575,-12.386992971433385,-1.1884565423821702,stop_loss,1
2018-01-18 09:15:00,2018-01-18 10:00:00,long,1326.605,1328.4592252484674,1325.336734219708,1328.6342252484674,8.19858307590756,15.202019741005325,1.4620163039015635,take_profit,3
2018-01-22 14:45:00,2018-01-22 15:00:00,long,1332.395,1331.2141272899198,1331.4391272899197,1333.9243963361282,10.909806600359413,-12.883092886616904,-1.2353869899487113,stop_loss,1
2018-01-22 15:15:00,2018-01-22 15:30:00,long,1331.305,1332.7035713306414,1330.3215179183492,1332.8785713306413,10.57733578460501,14.793158582914751,1.4220608150721177,take_profit,1
2018-01-23 10:15:00,2018-01-23 13:15:00,long,1336.345,1337.6329208531643,1335.4306744667724,1337.8079208531642,11.409728979243809,14.69482788132025,1.4086020857558286,take_profit,12
2018-01-25 07:15:00,2018-01-25 07:45:00,long,1363.0049999999999,1364.6513466013466,1361.866658374158,1364.8263466013466,9.190207887685663,15.13026752156138,1.4462675913562206,take_profit,2
2018-01-25 09:15:00,2018-01-25 10:00:00,long,1360.305,1358.5554695558185,1358.7804695558184,1362.7442487106907,6.882025061406495,-12.040312362551225,-1.1475864262721789,stop_loss,3
2018-01-25 14:15:00,2018-01-25 16:00:00,long,1358.805,1357.2902503438174,1357.5152503438173,1360.8685994498924,8.116130172107832,-12.29390538773381,-1.1744524597632713,stop_loss,7
2018-01-26 11:15:00,2018-01-26 13:45:00,long,1353.7549999999999,1352.1673531450144,1352.3923531450143,1355.9352349679768,7.663899307458957,-12.167565632412387,-1.1651198174910082,stop_loss,10
2018-01-26 14:00:00,2018-01-26 15:30:00,long,1350.5049999999999,1352.6077350178475,1349.0814156138451,1352.7827350178475,7.3187464391292245,15.389384424304708,1.4770708630257963,take_profit,6
2018-01-29 10:45:00,2018-01-29 12:00:00,long,1346.055,1347.9378038999,1344.7688725625626,1348.1128038999,8.124880646850084,15.297556968111003,1.4639326128142665,take_profit,5
2018-01-29 14:15:00,2018-01-29 14:30:00,long,1343.815,1342.2325548880578,1342.4575548880578,1345.9869121791075,7.72055307986576,-12.21735148272392,-1.1657525582584833,stop_loss,1
2018-01-29 14:45:00,2018-01-29 15:15:00,long,1341.955,1344.1230059095365,1340.4906213065397,1344.2980059095364,7.140087726954499,15.47975238664662,1.4804953931783928,take_profit,2
2018-01-30 14:30:00,2018-01-30 16:00:00,long,1343.7549999999999,1346.0599189625216,1342.2050506484238,1346.2349189625215,6.765867433603076,15.594776145619738,1.4870930848017379,take_profit,6
2018-01-31 11:00:00,2018-01-31 14:00:00,long,1342.085,1342.7050000000002,1340.8250030432005,1344.1009951308795,8.347592696231434,5.175507471664476,0.4920646805171161,time_stop,12
2018-02-01 08:45:00,2018-02-01 09:00:00,long,1342.365,1340.9422840441105,1341.1672840441104,1344.2813455294233,8.790308217090653,-12.506111757641838,-1.1878575624658725,stop_loss,1
2018-02-01 09:15:00,2018-02-01 09:30:00,long,1340.7849999999999,1339.310183691095,1339.535183691095,1342.7847060942474,8.403859119493461,-12.394148487167222,-1.180026455405322,stop_loss,1
2018-02-01 09:45:00,2018-02-01 12:45:00,long,1339.585,1339.045,1338.2916889989547,1341.6542976016729,8.102066618035403,-4.375115973738823,-0.4175329828351326,time_stop,12
2018-02-01 14:00:00,2018-02-01 14:45:00,long,1337.845,1339.5468153461736,1336.6719904086417,1339.7218153461736,8.925537978113534,15.189617504008801,1.4508111090574456,take_profit,3
2018-02-02 15:45:00,2018-02-02 16:00:00,long,1340.705,1338.9490591725307,1339.1740591725306,1343.1545053239506,6.858606618209588,-12.043307380464698,-1.1469684497028165,stop_loss,1
2018-02-05 07:30:00,2018-02-05 07:45:00,short,1330.755,1332.1561115346926,1331.9311115346927,1328.873221544492,8.907347617626481,-12.480187490572384,-1.1913083864607412,stop_loss,1
2018-02-05 08:00:00,2018-02-05 09:00:00,short,1332.2450000000001,1333.65353494573,1333.42853494573,1330.3513440868323,8.83038894570273,-12.437911414408402,-1.190108455024242,stop_loss,4
2018-02-05 10:45:00,2018-02-05 12:00:00,short,1334.925,1336.353600786004,1336.1286007860042,1332.9992387423931,8.662505209397981,-12.375261750911031,-1.1869390603730592,stop_loss,5
2018-02-05 12:45:00,2018-02-05 13:15:00,short,1337.405,1335.7913540013853,1338.522903749134,1335.6163540013854,9.304421389903027,15.014042345241386,1.4434570059046858,take_profit,2
2018-02-06 08:15:00,2018-02-06 10:15:00,short,1343.605,1341.112000286002,1345.2724998212486,1340.937000286002,6.255758175838917,15.595603343206824,1.4950524625131418,take_profit,8
2018-02-06 12:00:00,2018-02-06 12:30:00,short,1343.005,1344.7215736443927,1344.4965736443928,1340.618482168972,7.014515767293711,-12.040932894312794,-1.1508473958666106,stop_loss,2
2018-02-08 15:30:00,2018-02-08 15:45:00,short,1313.7050000000002,1315.8137281688241,1315.5887281688242,1310.6910349298817,5.541449745055369,-11.685411173520677,-1.1194439854559097,stop_loss,1
2018-02-08 16:00:00,2018-02-08 16:15:00,short,1314.755,1316.8491839823025,1316.6241839823026,1311.7643056283162,5.57206473902424,-11.66892872481663,-1.1203733833213942,stop_loss,1
2018-02-09 14:45:00,2018-02-09 15:00:00,short,1316.685,1318.1489297140047,1317.9239297140048,1314.7027124575925,8.38778518556588,-12.27912796783861,-1.1816083652337301,stop_loss,1
2018-02-13 09:45:00,2018-02-13 10:15:00,short,1327.505,1328.9112869373462,1328.6862869373463,1325.6149409002462,8.77629110878197,-12.341983544626517,-1.1904702345269194,stop_loss,2
2018-02-13 10:30:00,2018-02-13 12:30:00,short,1329.005,1330.5266754378097,1330.3016754378098,1326.9303192995046,7.97627052729009,-12.137294946701662,-1.1735206771402868,stop_loss,8
2018-02-15 09:00:00,2018-02-15 09:45:00,long,1352.625,1354.3347029650065,1351.4470606468708,1354.5097029650065,8.759669554088603,14.976433009102447,1.4514354754042824,take_profit,3
2018-02-15 13:00:00,2018-02-15 13:15:00,long,1353.835,1352.3110245235623,1352.5360245235622,1355.9133607623003,7.966518646345127,-12.14077904961385,-1.1732134317246135,stop_loss,1
2018-02-15 13:30:00,2018-02-15 13:45:00,long,1351.935,1350.3177711453166,1350.5427711453165,1354.1625661674937,7.41546963443365,-11.992511463834587,-1.1616113609791991,stop_loss,1
2018-02-15 14:00:00,2018-02-15 14:15:00,long,1351.2549999999999,1349.6661904263187,1349.8911904263186,1353.4370953178898,7.5524075882220245,-11.99933748050929,-1.164979044246318,stop_loss,1
2018-02-15 14:30:00,2018-02-15 15:00:00,long,1350.205,1352.2703576975682,1348.8047764390196,1352.4453576975682,7.338861725055365,15.157374555232384,1.475019957614722,take_profit,2
2018-02-16 14:30:00,2018-02-16 16:00:00,long,1354.995,1353.4010039519367,1353.6260039519366,1357.185393676901,7.528408764867999,-12.000253819404083,-1.1643540171779254,stop_loss,6
2018-02-20 08:00:00,2018-02-20 08:15:00,long,1340.855,1339.6374023984022,1339.862402398402,1342.4431561625568,10.359043103789062,-12.613146038022258,-1.226677960573038,stop_loss,1
2018-02-20 09:15:00,2018-02-20 09:30:00,long,1339.625,1338.4422725626039,1338.6672725626038,1341.1573638998339,10.709868640164268,-12.666855491630601,-1.2349311413815385,stop_loss,1
2018-02-20 09:45:00,2018-02-20 10:00:00,long,1338.595,1337.3644084851023,1337.5894084851022,1340.2039464238362,10.174908185906242,-12.521155678439335,-1.2237489046661048,stop_loss,1
2018-02-20 10:15:00,2018-02-20 13:15:00,long,1337.395,1338.555,1336.3254338468485,1339.1063058450425,9.542896430650671,11.06975985955556,1.084551896656497,time_stop,12
2018-02-21 11:30:00,2018-02-21 14:30:00,short,1328.9950000000001,1328.705,1330.1599647924068,1327.1310563321497,8.780435779387183,2.54632637602396,0.24893456170559125,time_stop,12
2018-02-21 16:00:00,2018-02-21 16:15:00,short,1329.635,1330.9284110467588,1330.703411046759,1327.9255423251857,9.578702156600743,-12.389199182959931,-1.2105931052308567,stop_loss,1
2018-02-22 15:30:00,2018-02-22 15:45:00,short,1323.875,1325.222589693957,1324.997589693957,1322.0788564896689,9.094340393749015,-12.255439387952416,-1.2004294188794882,stop_loss,1
2018-02-22 16:00:00,2018-02-22 16:30:00,short,1326.805,1328.34866152183,1328.1236615218302,1324.6951415650717,7.723514906576587,-11.92249277456284,-1.1706275615653379,stop_loss,2
2018-02-23 10:15:00,2018-02-23 10:30:00,short,1328.105,1329.30360092654,1329.07860092654,1326.5472385175358,10.436367363724894,-12.509039591871838,-1.2311008482700516,stop_loss,1
2018-02-23 10:45:00,2018-02-23 11:00:00,short,1328.605,1329.8454518193125,1329.6204518193126,1326.9802770890997,9.981604900478954,-12.381699958457798,-1.2215762439149698,stop_loss,1
2018-02-23 13:45:00,2018-02-23 14:00:00,short,1329.615,1330.7846432880951,1330.5596432880952,1328.1035707390479,10.703591062740726,-12.519383445049716,-1.2381851465367408,stop_loss,1
2018-02-23 14:15:00,2018-02-23 15:15:00,short,1330.815,1329.4506145658115,1331.7771158963678,1329.2756145658116,10.483182667619547,14.303101735637814,1.4181092312676915,take_profit,4
2018-02-26 07:45:00,2018-02-26 09:15:00,short,1339.185,1340.560728221145,1340.335728221145,1337.3438348461677,8.789775645243381,-12.092342412694162,-1.1955283583607732,stop_loss,6
2018-02-26 09:45:00,2018-02-26 10:30:00,short,1340.145,1338.4862139495797,1341.2911162815126,1338.3112139495797,8.804044031529486,14.604025426787242,1.4473104319145482,take_profit,3
2018-02-28 11:30:00,2018-02-28 11:45:00,short,1319.035,1320.1655616267099,1319.94056162671,1317.5861013972642,11.17501665271602,-12.634045005403475,-1.2484645918769661,stop_loss,1
2018-02-28 12:00:00,2018-02-28 13:00:00,short,1320.915,1319.466408857845,1321.9297444638466,1319.291408857845,9.94772430712935,14.410185315907661,1.4275427891113655,take_profit,4
2018-03-02 07:45:00,2018-03-02 08:00:00,short,1317.425,1318.6648781926665,1318.4398781926666,1315.8011948917335,9.97481137373272,-12.367551098253351,-1.2217014826269086,stop_loss,1
2018-03-02 13:00:00,2018-03-02 13:15:00,short,1318.7250000000001,1320.0973836262467,1319.8723836262468,1316.8891861980055,8.801313881393073,-12.078779060280533,-1.1960983186904384,stop_loss,1
2018-03-02 13:30:00,2018-03-02 15:45:00,short,1322.905,1324.5754481267127,1324.3504481267128,1320.5922829972596,6.969690362917528,-11.642506210503138,-1.1556610685930317,stop_loss,9
2018-03-02 16:00:00,2018-03-02 16:30:00,short,1324.815,1322.2305613948001,1326.53964912825,1322.0555613948002,5.827875770085319,15.061787126517716,1.4985300852600134,take_profit,2
2018-03-06 11:15:00,2018-03-06 11:45:00,short,1322.835,1323.9328322480487,1323.7078322480488,1321.438468403122,11.549944978792704,-12.679902060906667,-1.2577814929534252,stop_loss,2
2018-03-06 12:00:00,2018-03-06 12:15:00,short,1324.025,1325.1334994347533,1324.9084994347534,1322.6114009043947,11.381789553001479,-12.616707285981843,-1.2546690933228974,stop_loss,1
2018-03-06 12:30:00,2018-03-06 13:30:00,short,1324.7350000000001,1325.876486757517,1325.651486757517,1323.2686211879732,10.944589367731442,-12.493103829724161,-1.245502728931435,stop_loss,4
2018-03-06 14:00:00,2018-03-06 15:00:00,short,1327.395,1328.7363484336302,1328.5113484336302,1325.6088425061914,8.962779642005563,-12.02221043377657,-1.2015499759947075,stop_loss,4
2018-03-07 07:15:00,2018-03-07 07:30:00,long,1332.985,1334.5818764449107,1331.8775772219308,1334.7568764449106,9.013306201685843,14.393136364240345,1.4419754375064018,take_profit,1
2018-03-07 10:00:00,2018-03-07 13:00:00,long,1332.5349999999999,1332.625,1331.3793491571441,1334.3840413485689,8.662068589376538,0.779586173045149,0.0778781935361611,time_stop,12
2018-03-07 14:15:00,2018-03-07 14:45:00,long,1329.825,1331.3755280768842,1328.7465449519475,1331.5505280768841,9.28354506440711,14.394397275382222,1.4377308351275595,take_profit,2
2018-03-08 11:00:00,2018-03-08 11:15:00,long,1326.465,1325.3949802836057,1325.6199802836056,1327.8170315462307,11.88217817677391,-12.714164922856964,-1.266265976562046,stop_loss,1
2018-03-08 13:45:00,2018-03-08 14:45:00,long,1324.495,1325.812618474987,1323.562113453133,1325.987618474987,10.735760459697905,14.145636324733502,1.4124102008033284,take_profit,4
2018-03-09 11:15:00,2018-03-09 12:45:00,short,1319.795,1320.820967415148,1320.5959674151482,1318.5134521357631,12.539258883622454,-12.86487102470158,-1.2809103038958356,stop_loss,6
2018-03-12 15:15:00,2018-03-12 16:45:00,short,1318.2050000000002,1319.6225220532565,1319.3975220532566,1316.2969647147897,8.400522243159019,-11.90792553854828,-1.1886757560461882,stop_loss,6
2018-03-13 08:15:00,2018-03-13 09:30:00,short,1320.315,1318.9964275026891,1321.2484828108193,1318.8214275026892,10.70613413222955,14.116814019279646,1.4125300241509107,take_profit,5
2018-03-14 13:00:00,2018-03-14 14:00:00,short,1325.535,1326.729088830311,1326.504088830311,1323.9844578715026,10.341906229157289,-12.349154712359178,-1.2321768582635608,stop_loss,4
2018-03-14 14:15:00,2018-03-14 14:30:00,short,1327.075,1328.3179244865842,1328.0929244865843,1325.4463208214654,9.82148247059383,-12.207361057257728,-1.2210380072051605,stop_loss,1
2018-03-15 10:15:00,2018-03-15 10:30:00,long,1324.0149999999999,1322.861755713296,1323.0867557132958,1325.5001908587262,10.744060504452229,-12.390526392761267,-1.2423930889990422,stop_loss,1
2018-03-15 11:30:00,2018-03-15 14:15:00,long,1322.695,1321.5389106548923,1321.7639106548922,1324.1847429521722,10.684615583614383,-12.352370232787237,-1.241652427000853,stop_loss,11
2018-03-15 14:45:00,2018-03-15 15:00:00,long,1319.965,1318.646106496523,1318.871106496523,1321.715229605563,9.071840132944692,-11.96479101592113,-1.2056872988867298,stop_loss,1
2018-03-15 15:15:00,2018-03-15 15:30:00,long,1319.165,1317.760112234247,1317.9851122342468,1321.052820425205,8.390372111078058,-11.787531128969354,-1.1906961039267012,stop_loss,1
2018-03-15 15:45:00,2018-03-15 17:45:00,long,1317.595,1316.0855559570803,1316.3105559570802,1319.6501104686718,7.689024988016412,-11.606152964022609,-1.1751730651406411,stop_loss,8
2018-03-16 10:30:00,2018-03-16 11:00:00,short,1318.555,1319.5673011674737,1319.3423011674738,1317.2953181320422,12.51479159799439,-12.66873814533917,-1.2857864427178218,stop_loss,2
2018-03-16 11:30:00,2018-03-16 12:30:00,short,1319.825,1320.8787825032334,1320.6537825032335,1318.4989479948265,11.85784270439943,-12.495587167989685,-1.2714825652352437,stop_loss,4
2018-03-16 12:45:00,2018-03-16 13:00:00,short,1320.585,1321.6170580003366,1321.3920580003366,1319.2937071994613,12.146068041053333,-12.535446694400807,-1.2787903718271367,stop_loss,1
2018-03-19 11:00:00,2018-03-19 11:30:00,short,1310.645,1311.809880677432,1311.584880677432,1309.1411909161088,10.402927442332919,-12.11816916630007,-1.2393920902966755,stop_loss,2
2018-03-19 12:15:00,2018-03-19 13:00:00,short,1312.645,1311.3040548689064,1313.5924657069334,1311.1290548689065,10.294065613215261,13.803777163198816,1.4152967450756244,take_profit,3
2018-03-19 14:15:00,2018-03-19 15:30:00,short,1312.435,1313.7377508810646,1313.5127508810647,1310.7105985902965,9.075271363366634,-11.822817764526574,-1.2087680965545835,stop_loss,5
2018-03-20 11:15:00,2018-03-20 11:45:00,short,1315.825,1314.651208800267,1316.6679944998332,1314.4762088002672,11.574495532500132,13.586040997396791,1.3924067119836132,take_profit,2
2018-03-21 09:00:00,2018-03-21 09:15:00,short,1314.555,1315.504527466199,1315.2795274661992,1313.3957560540816,13.504537247655993,-12.822929034957017,-1.3105472331922294,stop_loss,1
2018-03-21 09:45:00,2018-03-21 10:00:00,short,1315.7150000000001,1316.7092809195478,1316.484280919548,1314.4841505287236,12.68556394444616,-12.613014183664964,-1.2924809315850105,stop_loss,1
2018-03-21 10:15:00,2018-03-21 10:30:00,short,1316.585,1317.6212167112428,1317.396216711243,1315.2870532620116,11.998688060660756,-12.433241081445981,-1.277361150086742,stop_loss,1
2018-03-21 10:45:00,2018-03-21 12:30:00,short,1317.325,1316.2256683738772,1318.1214572663268,1316.0506683738772,12.1898188341117,13.40065336104727,1.3802769747998067,take_profit,7
2018-03-21 15:00:00,2018-03-21 15:15:00,short,1318.4950000000001,1319.8706571777175,1319.6456571777176,1316.6539485156522,8.460792042048354,-11.639149301817717,-1.1955404305965747,stop_loss,1
2018-03-21 15:30:00,2018-03-21 15:45:00,short,1321.945,1323.565362566501,1323.3403625665012,1319.712419893598,6.96033635050592,-11.27826847261717,-1.1612484134242433,stop_loss,1
2018-03-22 07:15:00,2018-03-22 07:30:00,long,1329.595,1328.250162094037,1328.475162094037,1331.386740649541,8.65271322323685,-11.636496732036242,-1.200921935935364,stop_loss,1
2018-03-22 07:45:00,2018-03-22 08:15:00,long,1327.685,1329.3241437233287,1326.5511601729195,1329.4991437233286,8.525334030852207,13.974247765952331,1.4456572120503044,take_profit,2
2018-03-22 11:30:00,2018-03-22 11:45:00,long,1331.175,1329.842803561305,1330.0678035613048,1332.9465143019124,8.755728812044806,-11.664350741585855,-1.2032159715624398,stop_loss,1
2018-03-22 12:00:00,2018-03-22 14:15:00,long,1329.125,1330.8940505970572,1327.9099683768393,1331.0690505970572,7.95944967443388,14.080669198804232,1.4559708268788312,take_profit,9
2018-03-23 10:00:00,2018-03-23 10:15:00,long,1339.625,1338.1086352710472,1338.3336352710471,1341.6911835663248,7.510770720566021,-11.389067807917678,-1.1742342770832468,stop_loss,1
2018-03-27 11:15:00,2018-03-27 11:30:00,long,1352.815,1351.430506548963,1351.6555065489629,1354.6701895216595,8.345339295810222,-11.554067601731713,-1.1940502551339505,stop_loss,1
2018-03-27 12:00:00,2018-03-27 12:15:00,long,1351.455,1349.998255425682,1350.2232554256818,1353.4257913189088,7.837061616703937,-11.416596988729383,-1.1826677419094542,stop_loss,1
2018-03-27 12:45:00,2018-03-27 14:00:00,long,1349.215,1347.652061650956,1347.877061650956,1351.3557013584702,7.197958663697653,-11.249965630325567,-1.1681691837001957,stop_loss,5
2018-03-28 09:30:00,2018-03-28 09:45:00,long,1341.645,1340.463877495488,1340.688877495488,1343.1747960072194,10.048843066022675,-11.868914689587788,-1.2353254932690336,stop_loss,1
2018-03-28 10:30:00,2018-03-28 10:45:00,long,1340.075,1341.6125187360005,1339.0046757899997,1341.7875187360005,8.95447106662351,13.767667035907966,1.4364981391947125,take_profit,1
2018-03-28 13:00:00,2018-03-28 13:30:00,long,1340.0149999999999,1338.7101792316835,1338.9351792316834,1341.7427132293062,8.901220263999452,-11.614497063825306,-1.2083679130849627,stop_loss,2
2018-03-28 13:45:00,2018-03-28 14:00:00,long,1338.625,1337.2861456895077,1337.5111456895077,1340.4071668967879,8.608391079494327,-11.525381503184029,-1.2020012831843827,stop_loss,1
2018-03-28 15:15:00,2018-03-28 15:30:00,long,1335.5049999999999,1333.97761742283,1334.20261742283,1337.5888121234718,7.344572105746085,-11.217971471084423,-1.1727602963553359,stop_loss,1
2018-03-29 09:15:00,2018-03-29 09:30:00,long,1325.695,1324.501346298426,1324.7263462984258,1327.2448459225184,9.85182505248488,-11.759667441158255,-1.2322811543839376,stop_loss,1
2018-03-29 09:45:00,2018-03-29 10:30:00,long,1323.845,1325.4178569433961,1322.7525894103774,1325.592856943396,8.714202846345495,13.70619445303673,1.4398038231572023,take_profit,3
2018-03-29 15:30:00,2018-03-29 15:45:00,long,1323.7549999999999,1322.4628432584145,1322.6878432584144,1325.4624507865367,8.946108370350737,-11.559774241701913,-1.2108406302767032,stop_loss,1
2018-03-29 16:00:00,2018-03-29 16:15:00,long,1322.995,1321.5978087279186,1321.8228087279185,1324.8705060353302,8.124766441043205,-11.351852759124387,-1.1919481959632705,stop_loss,1
2018-04-02 15:15:00,2018-04-02 15:30:00,short,1333.445,1334.4526678095062,1334.2276678095063,1332.1927315047897,12.139347612065752,-12.23242981708585,-1.2874782855089064,stop_loss,1
2018-04-02 15:45:00,2018-04-02 16:00:00,short,1334.365,1335.473983978605,1335.248983978605,1332.950625634232,10.720343325330143,-11.888688992936292,-1.2545294999067198,stop_loss,1
2018-04-03 07:15:00,2018-04-03 08:45:00,long,1337.7949999999998,1339.2327695265817,1336.7870190458862,1339.4077695265817,9.377989066334997,13.483386900194331,1.426385608492056,take_profit,6
2018-04-03 10:45:00,2018-04-03 11:00:00,long,1338.5049999999999,1337.2075483171432,1337.432548317143,1340.2209226925709,8.839373644601036,-11.46866021058693,-1.20979966146405,stop_loss,1
2018-04-03 11:15:00,2018-04-03 14:15:00,long,1336.875,1337.275,1335.7590084979447,1338.6605864032883,8.473956838125426,3.3895827352509413,0.3584256683526897,time_stop,12
2018-04-05 07:15:00,2018-04-05 07:30:00,long,1328.815,1327.655646038566,1327.8806460385658,1330.3099663382948,10.128541619361478,-11.74256484995724,-1.2408080976662588,stop_loss,1
2018-04-05 09:30:00,2018-04-05 09:45:00,long,1327.2749999999999,1326.1481646413965,1326.3731646413964,1328.7179365737652,10.467717600384297,-11.795394315987428,-1.2494912157229487,stop_loss,1
2018-04-05 10:15:00,2018-04-05 10:30:00,long,1325.605,1327.012718532275,1324.6158009173282,1327.1877185322749,9.519385159391797,13.40061490473834,1.4230892010864697,take_profit,1
2018-04-05 13:30:00,2018-04-05 13:45:00,short,1328.125,1329.2987756367831,1329.0737756367832,1326.6069589811468,9.953215418870295,-11.682841766324328,-1.2371477420760473,stop_loss,1
2018-04-05 14:00:00,2018-04-05 15:15:00,short,1329.635,1328.194219733744,1330.64486266641,1328.019219733744,9.328003625516358,13.439603547209042,1.426709110237586,take_profit,5
2018-04-06 12:45:00,2018-04-06 13:30:00,short,1325.9550000000002,1324.0437350415364,1327.25891559904,1323.8687350415364,7.245010204339887,13.847134127267404,1.4657888592415527,take_profit,3
2018-04-09 15:00:00,2018-04-09 15:15:00,short,1329.445,1330.695955627505,1330.4709556275052,1327.8034709959913,9.234879009274886,-11.552423865981728,-1.2193077302446558,stop_loss,1
2018-04-09 15:30:00,2018-04-09 15:45:00,short,1332.295,1333.7097780665733,1333.4847780665734,1330.3913550934826,7.943894333490844,-11.238847466198472,-1.1891108991846902,stop_loss,1
2018-04-09 16:00:00,2018-04-09 16:30:00,short,1333.415,1331.6744694428496,1334.612206598219,1331.4994694428497,7.875828249073954,13.708119730381158,1.4538263986679796,take_profit,2
2018-04-10 08:15:00,2018-04-10 10:00:00,long,1332.305,1333.6280229691617,1331.368735644274,1333.8030229691617,10.100149309175487,13.362729528001687,1.4130869781277842,take_profit,7
2018-04-11 11:15:00,2018-04-11 11:45:00,long,1343.835,1342.6700624079033,1342.8950624079032,1345.338900147355,10.089111579836782,-11.753185350210485,-1.2393775947379364,stop_loss,2
2018-04-12 07:45:00,2018-04-12 10:15:00,long,1349.615,1351.4937711542152,1348.3313930286154,1351.6687711542152,7.369568010248096,13.845731796681237,1.4636654334999033,take_profit,10
2018-04-12 11:00:00,2018-04-12 11:45:00,long,1348.965,1347.4888598619423,1347.7138598619422,1350.9668242208922,7.582939791516195,-11.193481790731521,-1.179835969733333,stop_loss,3
2018-04-12 12:00:00,2018-04-12 12:30:00,long,1346.995,1345.4512394970047,1345.6762394970046,1349.1050168047923,7.177143501463906,-11.079790661888332,-1.1706147549072603,stop_loss,2
2018-04-13 14:00:00,2018-04-13 14:15:00,long,1339.105,1337.888965789439,1338.113965789439,1340.6906547368976,9.528201642392801,-11.586619162273342,-1.2270355529629164,stop_loss,1
2018-04-16 07:45:00,2018-04-16 08:45:00,long,1346.375,1344.9780888777116,1345.2030888777115,1348.2500577956616,8.037811379430027,-11.228108114782307,-1.1919940819065926,stop_loss,4
2018-04-16 09:00:00,2018-04-16 09:15:00,long,1344.465,1343.0739335241121,1343.298933524112,1346.3307063614204,8.05884101163828,-11.210383565799598,-1.1929564091348976,stop_loss,1
2018-04-16 09:45:00,2018-04-16 10:00:00,long,1343.375,1341.9670269506103,1342.1920269506102,1345.2677568790236,7.924714409922984,-11.157784313282068,-1.1901987539918706,stop_loss,1
2018-04-16 10:15:00,2018-04-16 10:45:00,long,1342.305,1344.0249587375256,1341.1206507890467,1344.1999587375255,7.896664189859635,13.581936570654044,1.4522395266689032,take_profit,2
2018-04-17 11:00:00,2018-04-17 11:30:00,long,1343.0149999999999,1341.409911437456,1341.634911437456,1345.22314170007,6.796355052950517,-10.90875176247811,-1.163033015493701,stop_loss,2
2018-04-17 15:45:00,2018-04-17 16:30:00,long,1339.435,1341.5654128449814,1337.9941169718866,1341.7404128449814,6.494458043754256,13.835876837607444,1.4785466990828218,take_profit,3
2018-04-18 12:00:00,2018-04-18 12:30:00,long,1344.435,1346.0636324450727,1343.3077297218294,1346.2386324450727,8.325799329107811,13.559666918549944,1.4447577272381726,take_profit,2
2018-04-19 08:15:00,2018-04-19 09:30:00,long,1351.095,1352.3731866929684,1350.1867583168948,1352.5481866929683,10.363481036646164,13.24646355387094,1.407320008258543,take_profit,5
2018-04-19 11:15:00,2018-04-19 12:15:00,long,1352.065,1350.6996367444208,1350.9246367444207,1353.8895812089272,8.277220736882194,-11.301413052457702,-1.197305550577038,stop_loss,4
2018-04-19 12:30:00,2018-04-19 13:00:00,long,1348.625,1346.813566883862,1347.038566883862,1351.1632929858208,5.935601989624226,-10.751946008219955,-1.141827599103348,stop_loss,2
2018-04-19 13:15:00,2018-04-19 14:30:00,long,1347.2749999999999,1349.6862178170002,1345.6586138643747,1349.8612178170001,5.812306516044899,14.014737029354436,1.4917337904954076,take_profit,5
2018-04-20 12:30:00,2018-04-20 14:00:00,long,1340.235,1341.847682535479,1339.1176984153255,1342.022682535479,8.433677416956078,13.600844280189156,1.4433726377906155,take_profit,6
2018-04-20 16:00:00,2018-04-20 16:15:00,long,1339.495,1337.832066419085,1338.057066419085,1341.795693729464,6.572044047503928,-10.928872741845478,-1.156474543043047,stop_loss,1
2018-04-24 08:15:00,2018-04-24 09:15:00,short,1326.9550000000002,1328.0834098223145,1327.8584098223146,1325.5095442842971,10.436354412795668,-11.776484828552077,-1.2490564021359531,stop_loss,4
2018-04-24 12:00:00,2018-04-24 14:00:00,short,1327.4650000000001,1325.8198450865013,1328.602596820937,1325.6448450865014,8.267210265472043,13.60084158916905,1.446166940009609,take_profit,8
2018-04-25 11:45:00,2018-04-25 14:30:00,short,1324.855,1323.3786043264276,1325.8871222959826,1323.2036043264277,9.138407178982291,13.491904822392137,1.4304464493394051,take_profit,11
2018-04-26 10:15:00,2018-04-26 10:45:00,short,1325.445,1324.2045745176129,1326.3296409264917,1324.029574517613,10.692403353246702,13.263129587328288,1.4021796247956,take_profit,2
2018-04-26 14:00:00,2018-04-26 14:45:00,short,1324.4950000000001,1325.7564496832883,1325.5314496832884,1322.836680506739,9.1518807144795,-11.54463702877173,-1.2170872388962084,stop_loss,3
2018-04-27 11:00:00,2018-04-27 12:15:00,short,1317.315,1318.3690400189216,1318.1440400189217,1315.9885359697253,11.413652390707183,-12.03044638186521,-1.2713982375574204,stop_loss,5
2018-04-27 13:45:00,2018-04-27 15:30:00,short,1319.395,1317.8601687946616,1320.4636445033364,1317.6851687946616,8.832042528386582,13.555694479443392,1.4362411452513368,take_profit,7
2018-05-02 10:30:00,2018-05-02 11:15:00,short,1311.185,1309.623663952885,1312.2702100294468,1309.448663952885,8.722205686743012,13.618294149063235,1.4387408932359036,take_profit,3
2018-05-03 12:30:00,2018-05-03 14:45:00,short,1312.535,1314.0551127470883,1313.8301127470884,1310.4628196046588,7.329602538305675,-11.141822249568525,-1.173730048218396,stop_loss,9
2018-05-03 15:00:00,2018-05-03 15:45:00,short,1317.535,1315.3084744575644,1319.0359534640224,1315.1334744575645,6.309574720972295,14.04842927815103,1.4834074445378478,take_profit,3
2018-05-04 13:30:00,2018-05-04 13:45:00,short,1309.785,1310.859583189413,1310.634583189413,1308.4256668969397,11.180158707084923,-12.014010601600669,-1.2648357486397475,stop_loss,1
2018-05-04 14:00:00,2018-05-04 14:30:00,short,1310.605,1311.6696406071978,1311.444640607198,1309.2615750284835,11.283931232105363,-12.013331398527058,-1.267971794207037,stop_loss,2
2018-05-07 13:15:00,2018-05-07 13:45:00,short,1314.515,1313.1344291266596,1315.487231795838,1312.9594291266596,9.720336496877486,13.419613446657713,1.4200017724690486,take_profit,2
2018-05-08 09:00:00,2018-05-08 09:15:00,short,1312.005,1313.099637116302,1312.874637116302,1310.613580613917,10.897947267594352,-11.929297570608377,-1.2587286073491437,stop_loss,1
2018-05-08 09:30:00,2018-05-08 09:45:00,short,1313.045,1314.192238125791,1313.967238125791,1311.5694189987346,10.250498841773368,-11.759763079657498,-1.243971696363061,stop_loss,1
2018-05-08 14:45:00,2018-05-08 15:00:00,short,1310.695,1312.066327471652,1311.841327471652,1308.8608760453567,8.226167083398957,-11.280768907864122,-1.1962789914435574,stop_loss,1
2018-05-09 14:00:00,2018-05-09 14:15:00,short,1308.605,1310.0083567798156,1309.7833567798157,1306.7196291522948,7.983422285528884,-11.203589790527651,-1.1909438667931354,stop_loss,1
2018-05-09 14:30:00,2018-05-09 14:45:00,short,1309.7450000000001,1311.2088382438208,1310.9838382438209,1307.762858809887,7.5755754583092605,-11.089417074822215,-1.1816217743698159,stop_loss,1
2018-05-09 15:00:00,2018-05-09 15:15:00,short,1311.125,1312.7393044041107,1312.5143044041108,1308.9021129534228,6.739152150421647,-10.879042996397935,-1.1619515487996408,stop_loss,1
2018-05-10 12:00:00,2018-05-10 13:15:00,short,1314.805,1316.2226378206565,1315.9976378206566,1312.8967794869495,7.832198103041072,-11.10322024974441,-1.1886574415995423,stop_loss,5
2018-05-10 13:45:00,2018-05-10 14:00:00,short,1316.255,1317.5925179134954,1317.3675179134955,1314.4749713384076,8.376286910098548,-11.203433790832802,-1.2022439344756188,stop_loss,1
2018-05-10 14:45:00,2018-05-10 15:30:00,short,1317.895,1319.3732229833229,1319.148222983323,1315.889843226683,7.4179635166201185,-10.965404159718577,-1.1795370839779127,stop_loss,3
2018-05-10 15:45:00,2018-05-10 16:00:00,short,1320.355,1321.9980107670422,1321.7730107670423,1318.0861827727326,6.540452143043611,-10.746033292344505,-1.1586729841757313,stop_loss,1
2018-05-14 13:00:00,2018-05-14 13:15:00,long,1320.575,1319.5280700014455,1319.7530700014454,1321.8900879976877,11.257576082934948,-11.785894112234939,-1.273745939916498,stop_loss,1
2018-05-14 13:45:00,2018-05-14 14:30:00,long,1319.395,1318.3156376797288,1318.5406376797287,1320.7619797124344,10.802638981574177,-11.659961476204337,-1.2633543107664855,stop_loss,3
2018-05-14 15:00:00,2018-05-14 15:30:00,long,1319.075,1318.0235851524283,1318.2485851524282,1320.397263756115,11.139741510510705,-11.712489622262614,-1.2722603552695029,stop_loss,2
2018-05-15 11:45:00,2018-05-15 13:45:00,long,1309.835,1308.748936936089,1308.9739369360889,1311.2127009022581,10.66428602969504,-11.582087159834611,-1.2613049025444243,stop_loss,8
2018-05-16 10:30:00,2018-05-16 11:30:00,short,1296.265,1294.9376922288586,1297.2039423569636,1294.7626922288587,9.755080874672673,12.947994653066637,1.4136200814648119,take_profit,4
2018-05-18 15:00:00,2018-05-18 15:30:00,short,1288.4950000000001,1287.1956598824763,1289.4164625734525,1287.0206598824764,9.968234069156901,12.952126426923053,1.4100845275307268,take_profit,2
2018-05-21 12:00:00,2018-05-21 12:30:00,short,1284.155,1285.4029883201758,1285.177988320176,1282.5182186877187,9.004265923006983,-11.23721870367026,-1.2199438601226735,stop_loss,2
2018-05-21 12:45:00,2018-05-21 14:15:00,short,1284.785,1285.974528184922,1285.7495281849222,1283.2417549041247,9.526714280858,-11.33229514677935,-1.233274676175572,stop_loss,6
2018-05-21 16:00:00,2018-05-21 16:15:00,short,1286.875,1288.2138555483355,1287.9888555483356,1285.092831122663,8.229181833309237,-11.01768575578744,-1.2020010586975391,stop_loss,1
2018-05-22 09:15:00,2018-05-22 09:30:00,short,1290.515,1289.520256231493,1291.246089855317,1289.345256231493,12.50747005348402,12.44172789549212,1.3606313386415412,take_profit,1
2018-05-22 10:45:00,2018-05-22 11:00:00,short,1291.505,1292.7437941226992,1292.5187941226993,1289.8829294036814,9.044210971711689,-11.203915396207327,-1.2219385523767392,stop_loss,1
2018-05-22 11:15:00,2018-05-22 13:00:00,short,1294.015,1295.433118401715,1295.2081184017152,1292.1060105572558,7.666095907692494,-10.871431676010719,-1.1885814514942326,stop_loss,7
2018-05-22 13:15:00,2018-05-22 14:45:00,short,1294.805,1296.0435890515776,1295.8185890515776,1293.183257517476,9.002482040651902,-11.150375692574443,-1.221983455375442,stop_loss,6
2018-05-23 10:30:00,2018-05-23 11:00:00,short,1292.685,1293.98280723606,1293.75780723606,1290.9685084223038,8.484764248489817,-11.01158843795287,-1.2097301289896556,stop_loss,2
2018-05-23 12:15:00,2018-05-23 12:30:00,short,1293.7250000000001,1295.0768554498447,1294.8518554498448,1291.9220312802483,8.058259208329691,-10.893601627040978,-1.1996706853846415,stop_loss,1
2018-05-23 12:45:00,2018-05-23 13:00:00,short,1294.445,1295.7814723011415,1295.5564723011416,1292.6666443181732,8.150186102351231,-10.892497974941733,-1.2024341945083017,stop_loss,1
2018-05-24 10:00:00,2018-05-24 10:15:00,short,1295.805,1297.0073256829091,1296.7823256829092,1294.2412789073453,9.24658101592471,-11.117401834545783,-1.2302200831662995,stop_loss,1
2018-05-24 10:30:00,2018-05-24 12:00:00,short,1296.625,1297.839938981692,1297.6149389816921,1295.0410976292926,9.106305003653107,-11.063604928115593,-1.227286736012058,stop_loss,6
2018-05-24 15:45:00,2018-05-24 16:00:00,short,1297.945,1299.1876618562171,1298.9626618562172,1296.3167410300523,8.836490271792506,-10.98076940359075,-1.221095050998817,stop_loss,1
2018-05-28 09:00:00,2018-05-28 09:15:00,long,1297.375,1296.2867558535986,1296.5117558535985,1298.7561906342423,10.391727057780642,-11.30873614163076,-1.2606446866020964,stop_loss,1
2018-05-29 15:15:00,2018-05-29 15:30:00,long,1302.155,1300.3851693896345,1300.6101693896344,1304.6267289765851,5.79220791024479,-10.251226861152348,-1.1456470363094784,stop_loss,1
2018-05-30 07:15:00,2018-05-30 08:45:00,long,1297.875,1299.5544359176345,1296.7159775514783,1299.7294359176344,7.70259250717048,12.936010515444202,1.449010689807227,take_profit,6
2018-05-30 09:30:00,2018-05-30 10:00:00,long,1297.725,1296.3619804161772,1296.586980416177,1299.5458313341164,7.867482929055029,-10.723533307693048,-1.1977118875618038,stop_loss,2
2018-05-30 13:30:00,2018-05-30 15:00:00,long,1296.7749999999999,1298.553827797272,1295.5538576267047,1298.728827797272,7.314382644784486,13.011027168428308,1.4566915669892144,take_profit,6
2018-05-31 12:00:00,2018-05-31 12:15:00,long,1304.885,1303.7325888789906,1303.9575888789905,1306.368857793615,9.659065363187326,-11.131214343094122,-1.2426108496035575,stop_loss,1
2018-05-31 12:30:00,2018-05-31 15:15:00,long,1304.0349999999999,1302.8164159211703,1303.0414159211703,1305.6247345261272,8.993362915212474,-10.959168863613653,-1.2264529039806575,stop_loss,11
2018-05-31 15:30:00,2018-05-31 15:45:00,long,1303.595,1302.2725419060555,1302.4975419060554,1305.3509329503113,8.122172426580333,-10.74123266594427,-1.2050192178101171,stop_loss,1
2018-06-01 14:00:00,2018-06-01 14:15:00,long,1298.165,1297.0063749866208,1297.2313749866207,1299.6588000214067,9.524446407500523,-11.0352618463193,-1.2409961138311032,stop_loss,1
2018-06-01 14:30:00,2018-06-01 14:45:00,long,1296.075,1294.7993233303007,1295.0243233303006,1297.7560826715192,8.442360182488233,-10.769721921998993,-1.2141477073667895,stop_loss,1
2018-06-01 15:00:00,2018-06-01 15:15:00,long,1295.125,1293.805334912351,1294.030334912351,1296.8764641402383,8.083432583110996,-10.667423768295148,-1.205542318411872,stop_loss,1
2018-06-01 15:30:00,2018-06-01 15:45:00,long,1294.125,1292.785926531568,1293.010926531568,1295.9075175494913,7.923460022778486,-10.610095094683759,-1.2019615459621165,stop_loss,1
2018-06-01 16:00:00,2018-06-01 16:15:00,long,1292.555,1294.7944360503268,1291.045977468546,1294.9694360503267,5.835629499106553,13.068519076649338,1.4840308899621344,take_profit,1
2018-06-04 10:15:00,2018-06-04 10:30:00,short,1293.155,1294.3736239798284,1294.1486239798285,1291.5652016322742,8.888909302538883,-10.83223803059369,-1.2264438103021067,stop_loss,1
2018-06-04 14:00:00,2018-06-04 14:30:00,short,1294.825,1295.9907546758245,1295.7657546758246,1293.3197925186807,9.365426702492512,-10.917789969522024,-1.2391696855534606,stop_loss,2
2018-06-04 14:45:00,2018-06-04 15:00:00,short,1295.535,1296.7119526322108,1296.486952632211,1294.0118757884627,9.232322159887467,-10.866005867496858,-1.2363562979781582,stop_loss,1
2018-06-04 15:15:00,2018-06-04 16:00:00,short,1296.665,1297.957499973692,1297.732499973692,1294.9570000420927,8.21264785559328,-10.614847137295765,-1.2107728389179457,stop_loss,3
2018-06-05 10:00:00,2018-06-05 10:30:00,short,1292.9550000000002,1291.751898644638,1293.8163133471014,1291.576898644638,10.15399529677235,12.216285503887718,1.3968219108773547,take_profit,2
2018-06-05 12:00:00,2018-06-05 13:30:00,short,1292.445,1291.1994171514139,1293.3328642803663,1291.024417151414,9.877865841052477,12.3037002722493,1.4028978033356165,take_profit,6
2018-06-05 15:15:00,2018-06-05 16:00:00,short,1292.565,1293.7526515820139,1293.527651582014,1291.0247574687778,9.136027833317033,-10.85041790956121,-1.2337294242317665,stop_loss,3
2018-06-06 14:45:00,2018-06-06 15:00:00,short,1295.125,1296.2451530369428,1296.020153036943,1293.6927551408914,9.800682619821037,-10.978264400705427,-1.2513536688299858,stop_loss,1
2018-06-06 15:45:00,2018-06-06 16:00:00,short,1297.7350000000001,1298.9536853365298,1298.72868533653,1296.1451034615527,8.806766046288452,-10.732676642859275,-1.226429828164387,stop_loss,1
2018-06-07 08:45:00,2018-06-07 09:00:00,short,1297.925,1296.9508755318914,1298.6432027925678,1296.7758755318914,12.154908083757205,11.840393371998722,1.3563362300858965,take_profit,1
2018-06-07 10:15:00,2018-06-07 10:45:00,short,1298.095,1299.119099897124,1298.894099897124,1296.8164401646015,10.95403684496356,-11.218028006019257,-1.2815667988566644,stop_loss,2
2018-06-07 15:30:00,2018-06-07 16:00:00,short,1302.325,1300.7843435295854,1303.3972852940092,1300.6093435295854,8.142360721228952,12.544580729611566,1.4367971649171347,take_profit,2
2018-06-08 11:00:00,2018-06-08 11:15:00,short,1298.2250000000001,1299.6629690336113,1299.4379690336114,1296.284249546222,7.218669709384468,-10.380223505961485,-1.1854952548376652,stop_loss,1
2018-06-08 12:15:00,2018-06-08 13:15:00,short,1298.915,1300.3706636769587,1300.1456636769587,1296.945938116866,7.09800942197733,-10.332314494282967,-1.1828281797963915,stop_loss,4
2018-06-08 13:30:00,2018-06-08 14:30:00,short,1299.9750000000001,1298.3165402254745,1301.1209123590786,1298.1415402254745,7.60494262611703,12.612491432990794,1.4472832598292271,take_profit,4
2018-06-11 08:15:00,2018-06-11 09:15:00,long,1298.365,1297.4685937643812,1297.6935937643811,1299.4392499769901,13.017190285938145,-11.668690542551028,-1.3351175310317427,stop_loss,4
2018-06-11 09:30:00,2018-06-11 09:45:00,long,1298.065,1297.1194303425627,1297.3444303425626,1299.2179114519,12.096658882542764,-11.438233595702048,-1.3122529483132632,stop_loss,1
2018-06-11 10:00:00,2018-06-11 10:30:00,long,1297.415,1296.4589475912912,1296.6839475912911,1298.584683853934,11.891909220700365,-11.369288454596125,-1.3077754717986672,stop_loss,2
2018-06-11 11:00:00,2018-06-11 11:15:00,long,1296.815,1295.821350274752,1296.0463502747518,1298.0448395603971,11.280652315630897,-11.209017074046358,-1.2927211089905075,stop_loss,1
2018-06-11 11:30:00,2018-06-11 12:30:00,long,1296.0349999999999,1295.03131732874,1295.25631732874,1297.2808922740157,11.10651692670725,-11.147418577390459,-1.2889495404281244,stop_loss,4
2018-06-11 12:45:00,2018-06-11 13:30:00,long,1295.445,1294.4291508280403,1294.6541508280402,1296.7103586751355,10.907462178093734,-11.080336421797655,-1.284504312550971,stop_loss,3
2018-06-12 07:45:00,2018-06-12 08:45:00,long,1296.945,1298.1242642702691,1296.0985848310818,1298.299264270269,10.165220419999256,11.987481240715857,1.3932456713606167,take_profit,4
2018-06-12 11:30:00,2018-06-12 14:30:00,long,1297.565,1297.125,1296.7343799137166,1298.8939921380536,10.38738631998443,-4.570449980793716,-0.5297247288694674,time_stop,12
2018-06-13 14:00:00,2018-06-13 14:45:00,short,1294.695,1293.7914754310484,1295.3690778555947,1293.6164754310485,12.786105862799994,11.552560788254931,1.3403860718051879,take_profit,3
2018-06-13 16:00:00,2018-06-13 16:15:00,short,1296.405,1297.4411607755642,1297.2161607755643,1295.107142759097,10.653789240447859,-11.039038522080117,-1.2773802762385575,stop_loss,1
2018-06-14 15:00:00,2018-06-14 15:15:00,long,1303.415,1304.8425292376141,1302.4134192264912,1305.017529237614,8.60625332866462,12.285678252983109,1.4252761987565354,take_profit,1
2018-06-15 09:15:00,2018-06-15 10:00:00,long,1299.225,1298.0931795568638,1298.3181795568637,1300.6759127090177,9.532680132955118,-10.789282252356157,-1.2481196820196874,stop_loss,3
2018-06-15 10:15:00,2018-06-15 10:45:00,long,1298.215,1299.5808716649901,1297.251955209381,1299.75587166499,8.953737917419838,12.2296569171522,1.4182846720063151,take_profit,2
2018-06-15 13:00:00,2018-06-15 13:15:00,long,1299.0449999999998,1297.8179504193758,1298.0429504193758,1300.6482793289983,8.629622863956557,-10.588975116161157,-1.2245397876019033,stop_loss,1
2018-06-15 15:30:00,2018-06-15 15:45:00,long,1294.655,1293.1144537636358,1293.3394537636357,1296.759873978183,6.5570724791695305,-10.101473329351942,-1.1710316169667505,stop_loss,1
2018-06-15 16:00:00,2018-06-15 16:15:00,long,1292.445,1290.8539932961962,1291.0789932961961,1294.6306107260862,6.3000635728334835,-10.02344337876765,-1.164713686523917,stop_loss,1
2018-06-18 11:45:00,2018-06-18 12:45:00,short,1281.685,1280.4471044116062,1282.5680597427458,1280.2721044116063,9.72287804834711,12.035907842538954,1.4018254127908043,take_profit,4
2018-06-19 11:00:00,2018-06-19 11:30:00,short,1281.765,1280.3862405473985,1282.736099657876,1280.2112405473986,8.866189926007895,12.224343169044207,1.419791924978613,take_profit,2
2018-06-20 14:15:00,2018-06-20 14:45:00,short,1273.2150000000001,1274.416858676986,1274.1918586769862,1271.6520261168223,8.838947632411681,-10.623165907438144,-1.2303301442682797,stop_loss,2
2018-06-21 11:00:00,2018-06-21 11:45:00,short,1264.775,1263.200534785069,1265.8684157593318,1263.025534785069,7.877293046878788,12.402523890128672,1.4399510904189958,take_profit,3
2018-06-21 15:00:00,2018-06-21 15:30:00,short,1263.935,1265.2442036059874,1265.0192036059875,1262.2002742304198,7.967102634973847,-10.430559498980092,-1.2075255964445564,stop_loss,2
2018-06-22 10:00:00,2018-06-22 10:30:00,short,1270.115,1268.876211233275,1270.9986179792031,1268.701211233275,9.752065360740028,12.080749021253368,1.4019506120079936,take_profit,2
2018-06-22 12:15:00,2018-06-22 13:15:00,short,1270.115,1268.6757134169627,1271.1239291143982,1268.5007134169628,8.564785832660828,12.32718133553669,1.4265487659119442,take_profit,4
2018-06-25 10:15:00,2018-06-25 10:45:00,short,1266.415,1267.5049109340764,1267.2799109340765,1265.0311425054774,10.019431835579615,-10.920288310831824,-1.2601423928582218,stop_loss,2
2018-06-25 11:15:00,2018-06-25 11:30:00,short,1268.305,1269.4780675028155,1269.2530675028156,1266.788091995495,9.117573954950144,-10.69552971106861,-1.2373248733151485,stop_loss,1
2018-06-25 14:45:00,2018-06-25 15:45:00,short,1269.4550000000002,1267.9780128908442,1270.4874919432227,1267.8030128908442,8.351333459194644,12.33481186349343,1.4305071519939085,take_profit,4
2018-06-26 13:45:00,2018-06-26 14:45:00,short,1257.575,1256.1345904742145,1258.584630953616,1255.9595904742146,8.56486630539687,12.336915013373137,1.4266693395510872,take_profit,4
2018-06-27 09:00:00,2018-06-27 09:45:00,short,1256.075,1257.1979200259073,1256.9729200259073,1254.6383279585484,9.657906846185622,-10.845057005928139,-1.2505791089496634,stop_loss,3
2018-06-27 10:00:00,2018-06-27 10:15:00,short,1256.905,1258.0803101275492,1257.8553101275493,1255.384503795921,9.10264723141828,-10.69843347859368,-1.2367648133774478,stop_loss,1
2018-06-27 10:30:00,2018-06-27 11:00:00,short,1257.635,1258.8244000589582,1258.5994000589583,1256.0919599056665,8.947470403401754,-10.642121825332788,-1.2333056680263434,stop_loss,2
2018-06-27 11:15:00,2018-06-27 11:30:00,short,1258.285,1256.9206548515851,1259.2470907177594,1256.7456548515852,8.94682443352572,12.206556509601068,1.418104471054906,take_profit,1
2018-06-27 13:00:00,2018-06-27 14:45:00,short,1258.025,1259.322490474739,1259.097490474739,1256.3090152404177,8.048621463083554,-10.443009683129812,-1.209792073029526,stop_loss,7
2018-06-28 11:15:00,2018-06-28 11:30:00,short,1250.435,1249.0636960990057,1251.4014399381213,1248.8886960990058,8.91021106941213,12.218607198166866,1.4189230462267,take_profit,1
2018-06-28 13:00:00,2018-06-28 13:30:00,short,1251.815,1253.1129285583438,1252.887928558344,1250.0983143066499,8.048644974364935,-10.446566168198196,-1.209706413581921,stop_loss,2
2018-06-28 13:45:00,2018-06-28 15:15:00,short,1252.695,1251.169397059661,1253.7578768377118,1250.994397059661,8.105104571829647,12.365171366538487,1.4353525133008518,take_profit,6
2018-06-29 07:15:00,2018-06-29 07:30:00,short,1250.275,1251.4241008867605,1251.1991008867606,1248.7964385811833,9.349042277894567,-10.742992771888925,-1.243479909199816,stop_loss,1
2018-06-29 07:45:00,2018-06-29 09:00:00,short,1250.9850000000001,1252.13343392787,1251.9084339278702,1249.5075057154081,9.332527226606675,-10.717790899805376,-1.2436557648676394,stop_loss,5
2018-06-29 09:15:00,2018-06-29 10:00:00,short,1252.035,1250.8091298196439,1252.9105438627225,1250.634129819644,9.818510594420347,12.036219353211294,1.4001242342610054,take_profit,3
2018-06-29 12:00:00,2018-06-29 13:15:00,short,1250.595,1251.7686727130076,1251.5436727130077,1249.077123659188,9.087021279863384,-10.665188918694966,-1.2371734708027669,stop_loss,5
2018-07-03 09:00:00,2018-07-03 09:15:00,short,1239.505,1240.6811812114042,1240.4561812114043,1237.9831100617532,9.040631427311437,-10.633420824033394,-1.2365479861274213,stop_loss,1
2018-07-03 09:45:00,2018-07-03 10:00:00,short,1240.185,1241.4034603212299,1241.17846032123,1238.5954634860318,8.634478627813131,-10.520769602498245,-1.2264811137311755,stop_loss,1
2018-07-03 10:15:00,2018-07-03 10:30:00,short,1242.855,1244.2432897667748,1244.0182897667748,1240.9937363731601,7.355837398759168,-10.212033786756223,-1.1934169855406815,stop_loss,1
2018-07-03 10:45:00,2018-07-03 11:00:00,short,1243.625,1245.0383467886986,1244.8133467886987,1241.723645138082,7.183548090208964,-10.15284462475893,-1.1893386696035875,stop_loss,1
2018-07-03 12:45:00,2018-07-03 13:00:00,short,1246.4650000000001,1247.8256971156882,1247.6006971156883,1244.647884614899,7.498690009486438,-10.203445867346815,-1.1981162027197558,stop_loss,1
2018-07-03 15:00:00,2018-07-03 15:30:00,short,1247.595,1248.9402716587679,1248.715271658768,1245.8025653459713,7.583726372960296,-10.202172157393731,-1.2008441418997982,stop_loss,2
2018-07-04 08:30:00,2018-07-04 09:00:00,short,1257.915,1259.1382736427176,1258.9132736427177,1256.3177621716513,8.490086301476824,-10.385698796995081,-1.225389102117684,stop_loss,2
2018-07-04 09:15:00,2018-07-04 09:30:00,short,1258.645,1259.9768247788086,1259.7518247788087,1256.874080353906,7.638659834368378,-10.173356444301767,-1.2032842093055454,stop_loss,1
2018-07-04 09:45:00,2018-07-04 10:00:00,short,1259.035,1260.3648642225442,1260.1398642225442,1257.2672172439293,7.633798883684845,-10.15191601750937,-1.2036449324803031,stop_loss,1
2018-07-05 09:30:00,2018-07-05 09:45:00,short,1255.415,1256.5166773393794,1256.2916773393795,1254.0123162569928,9.597610270845095,-10.573469747585229,-1.2566508678770663,stop_loss,1
2018-07-05 15:30:00,2018-07-05 15:45:00,short,1255.285,1256.4289654107624,1256.2039654107625,1253.8146553427803,9.132944938795323,-10.4477731083789,-1.2448405536974814,stop_loss,1
2018-07-06 07:15:00,2018-07-06 07:30:00,short,1254.405,1255.5226797873252,1255.2976797873253,1252.9767123402794,9.378463666147082,-10.482119275816267,-1.2520500667703847,stop_loss,1
2018-07-06 07:45:00,2018-07-06 08:30:00,short,1255.295,1254.015935640343,1256.2037902247857,1253.840935640343,9.189140116853673,11.753501619362018,1.4074363090323523,take_profit,3
2018-07-06 09:30:00,2018-07-06 12:00:00,short,1256.2350000000001,1254.7272240594998,1257.286734962813,1254.5522240594998,7.9625647256452226,12.005763518004425,1.4336082699655124,take_profit,10
2018-07-09 09:15:00,2018-07-09 10:15:00,short,1261.055,1259.914062808365,1261.877460744772,1259.7390628083651,10.211453003737558,11.650626512596865,1.3872238874469538,take_profit,4
2018-07-09 12:45:00,2018-07-09 13:15:00,short,1262.9750000000001,1264.1384681477261,1263.9134681477262,1261.4734509636382,8.974007819112808,-10.440972254981887,-1.2397524098661021,stop_loss,2
2018-07-09 13:30:00,2018-07-09 13:45:00,short,1263.775,1264.9411714725052,1264.7161714725053,1262.2691256439916,8.926044612052522,-10.409298588883363,-1.2390637695392661,stop_loss,1
2018-07-09 14:00:00,2018-07-09 14:30:00,short,1264.855,1266.0231019329253,1265.7981019329254,1263.3460369073193,8.885699054820464,-10.379402241328387,-1.2385744235535423,stop_loss,2
2018-07-09 15:45:00,2018-07-09 16:00:00,long,1263.645,1262.4623196062157,1262.6873196062156,1265.1772886300548,8.728758784002235,-10.323331875911641,-1.2349426817759124,stop_loss,1
2018-07-10 08:45:00,2018-07-10 09:15:00,long,1257.665,1256.656094580072,1256.881094580072,1258.9192486718846,10.637398688384698,-10.7321291906457,-1.2870244219265194,stop_loss,2
2018-07-10 09:30:00,2018-07-10 10:30:00,long,1256.5049999999999,1255.4198322858667,1255.6448322858666,1257.881268342613,9.66933551529519,-10.492850718319358,-1.261576895183323,stop_loss,4
2018-07-11 08:45:00,2018-07-11 09:15:00,short,1251.515,1252.7119595433528,1252.486959543353,1249.9598647306354,8.535606839482265,-10.216776064824915,-1.2314911166196967,stop_loss,2
2018-07-11 11:15:00,2018-07-11 11:30:00,short,1252.945,1251.562971809035,1253.918142619353,1251.387971809035,8.504232379951567,11.753088891610458,1.420170243785926,take_profit,1
2018-07-11 14:00:00,2018-07-11 14:45:00,short,1250.275,1248.9354264414135,1251.2216084741167,1248.7604264414135,8.76744438543179,11.744636675103038,1.4151294808941268,take_profit,3
2018-07-12 10:45:00,2018-07-12 13:15:00,short,1245.555,1244.1774550600426,1246.5253405874735,1244.0024550600426,8.577221784174926,11.815508467683307,1.4196509532229047,take_profit,10
2018-07-12 15:00:00,2018-07-12 15:30:00,short,1244.285,1245.4315639895963,1245.2065639895964,1242.810497616646,9.0568398245875,-10.384246402412689,-1.244150164871869,stop_loss,2
2018-07-12 15:45:00,2018-07-12 16:00:00,short,1245.415,1246.6962230630986,1246.4712230630987,1243.7250430990418,7.882510087074446,-10.099253718667532,-1.2130231840798904,stop_loss,1
2018-07-13 13:00:00,2018-07-13 14:15:00,short,1241.755,1240.3516566891149,1242.7414645693034,1240.176656689115,8.419451341780237,11.815380721811119,1.422598798329271,take_profit,5
2018-07-16 08:15:00,2018-07-16 08:45:00,short,1244.535,1245.5313975224055,1245.3063975224056,1243.3007639641512,10.797443550387605,-10.758546001919015,-1.2916784063530071,stop_loss,2
2018-07-16 09:15:00,2018-07-16 09:30:00,short,1244.9550000000002,1243.873007303731,1245.7406204351685,1243.698007303731,10.574577415745457,11.441615529970381,1.3772461201794561,take_profit,1
2018-07-17 09:30:00,2018-07-17 09:45:00,short,1242.115,1243.0712224827005,1242.8462224827006,1240.9450440276792,11.392548149466954,-10.893810675767918,-1.307703886741743,stop_loss,1
2018-07-17 10:00:00,2018-07-17 10:15:00,short,1242.7250000000001,1243.6855438753898,1243.46054387539,1241.5481297993765,11.29599470376154,-10.850298529132674,-1.3058960961107489,stop_loss,1
2018-07-17 10:45:00,2018-07-17 12:00:00,short,1243.9850000000001,1245.0362536057694,1244.8112536057695,1242.662994230769,10.029607212440286,-10.543660746527241,-1.2723134863543548,stop_loss,5
2018-07-18 15:45:00,2018-07-18 17:00:00,short,1224.825,1223.2423977481872,1225.9235014073831,1223.0673977481872,7.5247166245581765,11.908633474279632,1.4406920566292754,take_profit,5
2018-07-19 10:00:00,2018-07-19 10:15:00,short,1223.795,1222.5958674976744,1224.6538328139536,1222.4208674976744,9.652319909650116,11.574410526507018,1.3962350795676266,take_profit,1
2018-07-20 07:15:00,2018-07-20 07:45:00,short,1219.375,1220.954751895514,1220.729751895514,1217.2073969671776,6.136088768551593,-9.693497863161157,-1.1660820706322306,stop_loss,2
2018-07-20 08:00:00,2018-07-20 09:00:00,short,1221.695,1223.2631377239227,1223.0381377239228,1219.5459796417233,6.174713692270433,-9.682801475271571,-1.167518189678094,stop_loss,4
2018-07-20 09:15:00,2018-07-20 10:00:00,short,1222.415,1224.0174766186121,1223.7924766186122,1220.2110374102203,6.006726487957737,-9.625638751350683,-1.1633421554745407,stop_loss,3
2018-07-20 10:15:00,2018-07-20 12:30:00,short,1223.515,1225.134212820288,1224.909212820288,1221.2842594875392,5.92081344679716,-9.587057039586862,-1.1613813879242876,stop_loss,9
2018-07-20 13:00:00,2018-07-20 13:45:00,short,1225.325,1223.5131949310776,1226.5667531680765,1223.3381949310776,6.632316398867266,12.016464470165317,1.4590702206373687,take_profit,3
2018-07-20 16:00:00,2018-07-20 16:45:00,short,1229.795,1227.5648340753862,1231.2982287028838,1227.3898340753863,5.494661466398494,12.254006769650728,1.4835839152988912,take_profit,3
2018-07-24 10:30:00,2018-07-24 10:45:00,short,1223.045,1224.5636927158996,1224.3386927158997,1220.9750916545609,6.403561479974555,-9.725042175452192,-1.173920744265338,stop_loss,1
2018-07-24 13:15:00,2018-07-24 14:45:00,short,1226.315,1227.7385861020396,1227.5135861020397,1224.3972622367367,6.89545018421592,-9.816267049555547,-1.1877211821637454,stop_loss,6
2018-07-24 15:00:00,2018-07-24 15:30:00,short,1227.605,1225.922222838094,1228.766110726191,1225.747222838094,7.101095561364906,11.949561435176648,1.4492822466864956,take_profit,2
2018-07-25 08:45:00,2018-07-25 09:15:00,short,1226.305,1227.396716947071,1227.171716947071,1224.9182528846866,9.540666505742323,-10.415707310669989,-1.2596003236815634,stop_loss,2
2018-07-25 09:30:00,2018-07-25 09:45:00,short,1226.865,1228.0009464769369,1227.775946476937,1225.4074856369011,9.054567025707321,-10.285503513040817,-1.2469958506854009,stop_loss,1
2018-07-25 10:00:00,2018-07-25 10:15:00,short,1227.275,1225.9537554726342,1228.2101528296039,1225.7787554726342,8.79819283519391,11.624564134210127,1.4128648126164787,take_profit,1
2018-07-25 11:45:00,2018-07-25 12:15:00,short,1228.7150000000001,1229.986925262877,1229.7619252628772,1227.039919579397,7.881082199531273,-10.024147548393652,-1.2149150545680691,stop_loss,2
2018-07-25 12:30:00,2018-07-25 12:45:00,short,1229.895,1231.1763209921794,1230.9513209921795,1228.2048864125127,7.792002449388339,-9.984056309514713,-1.2130034351922387,stop_loss,1
2018-07-25 14:45:00,2018-07-25 16:00:00,short,1232.685,1233.9930042993649,1233.768004299365,1230.9521931210159,7.581583610146422,-9.916743958066272,-1.2077554079257373,stop_loss,5
2018-07-26 15:45:00,2018-07-26 16:00:00,short,1228.9850000000001,1227.5375947604416,1229.9990032747241,1227.3625947604417,8.077936592559077,11.69204774889151,1.4274167309296522,take_profit,1
2018-07-27 10:30:00,2018-07-27 11:00:00,short,1224.845,1223.5705013360982,1225.7509366649388,1223.3955013360983,9.067342752841524,11.556316223636149,1.406829763301371,take_profit,2
2018-07-27 14:15:00,2018-07-27 14:30:00,short,1219.115,1220.3306597071519,1220.105659707152,1217.5299444685568,8.315217451908877,-10.108474812491679,-1.2271213802030558,stop_loss,1
2018-07-27 14:45:00,2018-07-27 15:30:00,short,1220.275,1221.4744463801464,1221.2494463801465,1218.715885791766,8.432823091767245,-10.114719131834818,-1.2309003394995366,stop_loss,3
2018-07-27 15:45:00,2018-07-27 16:00:00,short,1221.775,1223.2389062646648,1223.013906264665,1219.7927499765365,6.616404107167844,-9.685795422036449,-1.1816118026175142,stop_loss,1
2018-07-30 12:45:00,2018-07-30 14:15:00,short,1222.155,1223.2337360593683,1223.0087360593684,1220.7890223050106,9.578760106642177,-10.332953931073831,-1.2635474951899746,stop_loss,6
2018-07-30 16:00:00,2018-07-30 16:30:00,short,1222.865,1224.0020953945861,1223.7770953945862,1221.405647368662,8.943216956948335,-10.169290814530626,-1.2466847232596536,stop_loss,2
2018-07-31 08:00:00,2018-07-31 09:30:00,short,1222.4650000000001,1221.1896908426168,1223.3714432233646,1221.0146908426168,8.976545036530393,11.447870086751626,1.4069377149180737,take_profit,6
2018-07-31 14:15:00,2018-07-31 15:30:00,short,1220.115,1221.2515724444404,1221.0265724444405,1218.6564840888955,8.95115271147852,-10.173633517844362,-1.2468262411530149,stop_loss,5
2018-08-01 11:30:00,2018-08-01 14:30:00,short,1223.175,1222.8249999999998,1224.0923994277384,1221.7071609156185,8.872118997056004,3.105241648970812,0.3815132094238805,time_stop,12
2018-08-03 13:45:00,2018-08-03 14:00:00,short,1208.115,1209.190785314474,1208.965785314474,1206.7537434968417,9.57408083502299,-10.29965556190406,-1.2644615464936764,stop_loss,1
2018-08-03 14:15:00,2018-08-03 14:30:00,short,1210.005,1211.1411363170719,1210.916136317072,1208.547181892685,8.917313370860002,-10.13128357134364,-1.2469443877761335,stop_loss,1
2018-08-03 14:45:00,2018-08-03 15:00:00,short,1211.885,1210.4837384686925,1212.870163457067,1210.3087384686926,8.2266810016345,11.527731617928305,1.4223645033273409,take_profit,1
2018-08-07 09:30:00,2018-08-07 09:45:00,short,1212.105,1213.1594491938688,1212.9344491938689,1210.7778812898098,9.79888945467957,-10.332431086296133,-1.2712643543005007,stop_loss,1
2018-08-07 10:00:00,2018-08-07 10:15:00,short,1212.755,1211.6314945815197,1213.5665658865503,1211.4564945815198,9.9893505027461,11.223089416934782,1.384367476627431,take_profit,1
2018-08-07 11:45:00,2018-08-07 12:00:00,short,1213.115,1214.3415392553388,1214.116539255339,1211.512537191458,8.116968189034646,-9.955780118187453,-1.224654199823422,stop_loss,1
2018-08-07 12:15:00,2018-08-07 12:30:00,short,1213.795,1215.0154598681238,1214.790459868124,1212.202264211002,8.14653706804215,-9.942521555727765,-1.2260261887040969,stop_loss,1
2018-08-07 12:45:00,2018-08-07 13:00:00,short,1215.035,1216.2560852944537,1216.0310852944538,1213.4412635288743,8.121458792085166,-9.91699390052599,-1.2258842704060946,stop_loss,1
2018-08-07 13:15:00,2018-08-07 14:00:00,short,1215.815,1214.4584211039783,1216.7722368100137,1214.2834211039783,8.430339911804232,11.436421210643916,1.417182124455087,take_profit,3
2018-08-08 08:15:00,2018-08-08 09:00:00,short,1214.055,1213.0493908399505,1214.792880725031,1212.8743908399506,10.967496849289573,11.029015294459805,1.3628342981955752,take_profit,3
2018-08-08 10:15:00,2018-08-08 11:00:00,short,1214.825,1213.643783648558,1215.6726352196513,1213.468783648558,9.573413621080498,11.308272708338974,1.3935432649060195,take_profit,3
2018-08-09 09:15:00,2018-08-09 09:30:00,short,1215.815,1214.562400415241,1216.7072497404745,1214.387400415241,9.120068893050727,11.42379450840956,1.403866572259299,take_profit,1
2018-08-09 12:30:00,2018-08-09 13:15:00,short,1214.395,1215.719513839216,1215.494513839216,1212.6357778572542,7.421668014445323,-9.830101995199742,-1.2046358963160664,stop_loss,3
2018-08-09 15:30:00,2018-08-09 16:30:00,short,1215.7150000000001,1214.2584365342552,1216.7347271660908,1214.0834365342553,7.98308288595311,11.627866875692828,1.4283854683689208,take_profit,4
2018-08-13 09:15:00,2018-08-13 09:45:00,short,1209.265,1207.9159190138987,1210.2175506163135,1207.7409190138987,8.570486525227796,11.562280412823064,1.4162827287044368,take_profit,2
2018-08-16 08:15:00,2018-08-16 08:30:00,short,1174.375,1176.483246628639,1176.2582466286392,1171.3618053941773,4.347251527248237,-9.16507837616731,-1.1194745269038342,stop_loss,1
2018-08-16 08:45:00,2018-08-16 09:15:00,short,1178.325,1175.3765822021223,1180.2771361236737,1175.2015822021224,4.184450319177688,12.337507795398558,1.510354612120588,take_profit,2
2018-08-16 11:30:00,2018-08-16 11:45:00,short,1179.585,1181.7494768055549,1181.524476805555,1176.481837111112,4.224485499341155,-9.14380087872669,-1.116010668111873,stop_loss,1
2018-08-16 14:30:00,2018-08-16 15:15:00,short,1180.815,1178.6043430091977,1182.3060356192514,1178.4293430091977,5.482769113002663,12.120521868614606,1.4826319118468814,take_profit,3
2018-08-17 10:45:00,2018-08-17 11:00:00,short,1175.9950000000001,1177.3999330348242,1177.1749330348243,1174.1071071442814,6.9489071340193425,-9.762749188508812,-1.1906887877187275,stop_loss,1
2018-08-17 11:15:00,2018-08-17 12:15:00,short,1178.355,1176.3696842213444,1179.7051973616597,1176.1946842213445,6.058165878004462,12.027372307315238,1.4703893186513775,take_profit,4
2018-08-17 15:45:00,2018-08-17 16:15:00,short,1177.915,1179.4467035928287,1179.2217035928288,1175.8242742514738,6.27822130023576,-9.616374122145178,-1.1721890115208238,stop_loss,2
2018-08-20 11:00:00,2018-08-20 11:30:00,short,1187.7350000000001,1188.945918853727,1188.7209188537272,1186.1575298340367,8.301435306169846,-10.052364525235873,-1.2282135077844807,stop_loss,2
2018-08-20 11:45:00,2018-08-20 13:15:00,short,1188.565,1187.0882252351962,1189.5973592280025,1186.9132252351963,7.908523148571026,11.679107412676776,1.4304853627950598,take_profit,6
2018-08-21 12:00:00,2018-08-21 12:30:00,short,1195.135,1193.6607436281727,1196.165785232392,1193.4857436281727,7.943259963206214,11.710401613837629,1.430226516154363,take_profit,2
2018-08-22 12:00:00,2018-08-22 12:15:00,short,1196.275,1197.5705990671133,1197.3455990671134,1194.5620414926186,7.6697394221451525,-9.93690724033293,-1.2101627088155216,stop_loss,1
2018-08-22 14:15:00,2018-08-22 15:15:00,short,1199.055,1200.4046508761614,1200.1796508761615,1197.2555585981418,7.28345322935067,-9.83011903247354,-1.2000620857273092,stop_loss,4
2018-08-22 15:30:00,2018-08-22 16:00:00,short,1200.755,1198.9983963593663,1201.9622522753962,1198.8233963593664,6.768827016809311,11.890146180547553,1.4550427250654816,take_profit,2
2018-08-23 10:00:00,2018-08-23 10:15:00,long,1190.335,1189.034531275826,1189.259531275826,1192.0557499586782,7.6203630342302615,-9.910043792867567,-1.2092111048349772,stop_loss,1
2018-08-23 14:00:00,2018-08-23 15:30:00,short,1190.355,1191.7722390127901,1191.5472390127902,1188.4474175795358,6.857385083757044,-9.718553666425427,-1.1887205481335001,stop_loss,6
2018-08-23 15:45:00,2018-08-23 16:00:00,short,1192.055,1190.1997973517757,1193.32387665514,1190.0247973517758,6.427894218250593,11.925046376204483,1.4620827333446276,take_profit,1
2018-08-24 08:15:00,2018-08-24 08:30:00,short,1188.395,1189.620273785029,1189.395273785029,1186.7945619439533,8.177816044396632,-10.020063617988772,-1.224938415229351,stop_loss,1
2018-08-24 11:15:00,2018-08-24 12:45:00,short,1189.815,1191.081416542762,1190.8564165427622,1188.1487335315808,7.835495736529779,-9.923001421482784,-1.2160518781496832,stop_loss,6
2018-08-24 14:30:00,2018-08-24 14:45:00,short,1192.255,1193.4685530997936,1193.2435530997936,1190.6733150403304,8.234427548324367,-9.992915076293563,-1.2276053760257306,stop_loss,1
2018-08-24 16:00:00,2018-08-24 16:15:00,short,1193.625,1194.9122979303188,1194.687297930319,1191.9253233114898,7.643978978035987,-9.840078317826144,-1.2118049876387937,stop_loss,1
2018-08-27 12:15:00,2018-08-27 12:30:00,long,1203.7749999999999,1205.195794291343,1202.7776285679104,1205.370794291343,8.12185172996436,11.539480573068442,1.4245387882892677,take_profit,1
2018-08-27 13:45:00,2018-08-27 14:30:00,long,1203.415,1204.826733876776,1202.423291327015,1205.001733876776,8.191500259676138,11.564218418204185,1.4235368866209703,take_profit,3
2018-08-28 14:00:00,2018-08-28 14:15:00,long,1212.585,1211.4848797669172,1211.709879766917,1213.9851923729327,9.309246868188232,-10.241290834457141,-1.2571075281933075,stop_loss,1
2018-08-28 14:30:00,2018-08-28 15:00:00,long,1211.835,1213.2181658725797,1210.8611463296377,1213.3931658725796,8.344403224791511,11.541693767575103,1.4203015449589866,take_profit,2
2018-08-29 14:00:00,2018-08-29 16:00:00,long,1203.065,1204.777840194527,1201.8850998784208,1204.952840194527,6.906780451953877,11.830211172879695,1.4516823612445502,take_profit,8
2018-08-30 08:30:00,2018-08-30 08:45:00,long,1203.085,1202.0668068044463,1202.2918068044462,1204.3541091128861,10.303885059958091,-10.491345655817264,-1.2836635529163922,stop_loss,1
2018-08-30 09:00:00,2018-08-30 09:45:00,long,1201.085,1202.3592216330499,1200.179236479344,1202.5342216330498,9.000129327476863,11.468159489317141,1.406792837193057,take_profit,3
2018-08-30 11:30:00,2018-08-30 12:45:00,long,1201.615,1203.2603905801127,1200.4772558874297,1203.4353905801127,7.185205403108063,11.822469286448806,1.4461868551405028,take_profit,5
2018-08-31 12:00:00,2018-08-31 14:15:00,long,1206.405,1204.9514578514031,1205.176457851403,1208.3706674377552,6.673413763565787,-9.700088180369223,-1.18314389966748,stop_loss,9
2018-08-31 14:30:00,2018-08-31 15:30:00,long,1203.7549999999999,1202.2212902376245,1202.4462902376245,1205.8489356198006,6.249796664128832,-9.585374156635211,-1.1719250566233368,stop_loss,4
2018-08-31 15:45:00,2018-08-31 16:00:00,long,1202.7749999999999,1201.2329258199677,1201.4579258199676,1204.8823186880516,6.1955501691588175,-9.55399794695369,-1.1708332024202308,stop_loss,1
2018-09-03 12:30:00,2018-09-03 12:45:00,long,1202.7549999999999,1201.435779035128,1201.660779035128,1204.5057535437952,7.439896898659932,-9.814867965197422,-1.2056257439979103,stop_loss,1
2018-09-03 13:00:00,2018-09-03 14:30:00,long,1201.0349999999999,1199.6834013109012,1199.9084013109011,1202.837557902558,7.208655136609628,-9.743208832805728,-1.1997161919120531,stop_loss,6
2018-09-04 09:15:00,2018-09-04 09:30:00,long,1198.185,1197.0659245738284,1197.2909245738283,1199.6155206818746,9.06162363067596,-10.140640326304874,-1.2516566202510915,stop_loss,1
2018-09-04 09:45:00,2018-09-04 10:00:00,long,1196.495,1195.3009757804948,1195.5259757804947,1198.0454387512082,8.33982635942554,-9.957954659620986,-1.2321923389229676,stop_loss,1
2018-09-04 10:15:00,2018-09-04 11:00:00,long,1195.145,1193.7625250352226,1193.9875250352225,1196.996959943644,6.964796703815775,-9.628657077789672,-1.1943886536182289,stop_loss,3
2018-09-05 12:00:00,2018-09-05 15:00:00,short,1194.525,1194.5549999999998,1195.6352549451726,1192.748592087724,7.243670059966668,-0.21731010179715538,-0.027020820875590417,time_stop,12
2018-09-05 16:00:00,2018-09-05 16:15:00,short,1195.805,1197.108207091339,1196.883207091339,1194.0798686538578,7.458572615290159,-9.72006472351219,-1.208679762735089,stop_loss,1
2018-09-06 10:30:00,2018-09-06 10:45:00,short,1197.925,1199.0790395379577,1198.8540395379578,1196.4385367392674,8.635203807644528,-9.965366612344791,-1.2421856022344313,stop_loss,1
2018-09-06 11:00:00,2018-09-06 11:15:00,short,1198.775,1199.9595289893616,1199.7345289893617,1197.2397536170215,8.340045075370806,-9.879025164358541,-1.2344900492788695,stop_loss,1
2018-09-07 10:15:00,2018-09-07 11:15:00,long,1198.935,1200.7572820949983,1197.686698690626,1200.9322820949983,6.394895937484176,11.65330436625542,1.45980948775276,take_profit,4
2018-09-07 12:45:00,2018-09-07 13:45:00,long,1199.935,1201.6473687057064,1198.7553945589334,1201.8223687057064,6.7870690504495865,11.62196464545878,1.4516453096030368,take_profit,4
2018-09-10 10:45:00,2018-09-10 11:00:00,short,1194.695,1195.9918355600878,1195.7668355600879,1192.9800631038593,7.491174774455839,-9.714821834347461,-1.2099202605122068,stop_loss,1
2018-09-10 12:30:00,2018-09-10 12:45:00,short,1195.525,1194.0047358586105,1196.5845400883684,1193.8297358586105,7.559768577291117,11.492845085259475,1.4348339983348966,take_profit,1
2018-09-10 16:00:00,2018-09-10 16:15:00,short,1195.565,1197.0415236576466,1196.8165236576467,1193.5625621477654,6.418467207964933,-9.47701867838893,-1.1797808604137736,stop_loss,1
2018-09-11 09:30:00,2018-09-11 10:15:00,short,1196.185,1197.1414456266868,1196.916445626687,1195.0146869973007,10.956261445623536,-10.479068344504926,-1.3076100147307244,stop_loss,3
2018-09-11 14:15:00,2018-09-11 15:00:00,short,1194.415,1193.2145154299683,1195.2746778562698,1193.0395154299683,9.297612267498735,11.16164006526946,1.3964353755028465,take_profit,3
2018-09-12 09:00:00,2018-09-12 09:15:00,short,1194.255,1195.2814078837257,1195.0564078837258,1192.9727473860391,10.001492155804257,-10.265610397737202,-1.2807559104034518,stop_loss,1
2018-09-12 11:00:00,2018-09-12 11:45:00,short,1196.125,1194.6395581892195,1197.1627761317377,1194.4645581892196,7.703726456398556,11.443437377149989,1.4313701822118075,take_profit,3
2018-09-12 12:45:00,2018-09-12 14:00:00,short,1197.005,1195.2710640049377,1198.198084996914,1195.0960640049377,6.720083093308,11.652193965297277,1.4533214310358742,take_profit,5
2018-09-13 13:15:00,2018-09-13 13:45:00,long,1205.465,1204.3403537334668,1204.5653537334667,1206.9044340264531,8.937884815059139,-10.051958787959066,-1.2500982979309794,stop_loss,2
2018-09-14 12:45:00,2018-09-14 13:00:00,long,1206.425,1205.2783738388673,1205.5033738388672,1207.8996018578125,8.702911359566398,-9.978985842897304,-1.2441336948631865,stop_loss,1
2018-09-14 13:15:00,2018-09-14 14:45:00,long,1205.845,1204.7238529529009,1204.9488529529008,1207.2788352753587,8.928080320309046,-10.009690887378584,-1.2510748662601912,stop_loss,6
2018-09-14 15:00:00,2018-09-14 15:30:00,long,1204.665,1203.5861621433303,1203.8111621433302,1206.0311405706714,9.347036291718059,-10.083936599170817,-1.2635160742081384,stop_loss,2
2018-09-14 15:45:00,2018-09-14 16:00:00,long,1203.2849999999999,1201.9337420659244,1202.1587420659243,1205.0870126945208,7.068261469670616,-9.55104439101201,-1.199776617054068,stop_loss,1
2018-09-17 07:45:00,2018-09-17 09:00:00,long,1194.825,1195.9334601865323,1194.0228373834175,1196.1084601865323,9.900216374315843,10.97399568898411,1.381839746228306,take_profit,5
2018-09-17 13:45:00,2018-09-17 14:00:00,short,1197.7150000000001,1196.4594106239872,1198.609118360008,1196.2844106239872,8.906574139537732,11.182999866275251,1.404276471855229,take_profit,1
2018-09-17 15:15:00,2018-09-17 15:45:00,short,1198.395,1199.5735564657837,1199.3485564657838,1196.8693096547458,8.374855343360542,-9.870239914920617,-1.2359587586823924,stop_loss,2
2018-09-17 16:00:00,2018-09-17 16:15:00,short,1199.175,1200.4452308875098,1200.2202308875098,1197.5026305799843,7.621432812623475,-9.680979365675004,-1.2152634434062115,stop_loss,1
2018-09-18 10:15:00,2018-09-18 11:00:00,long,1196.5249999999999,1198.1078151279964,1195.426365545002,1198.2828151279964,7.233338612268005,11.449037781419603,1.4407113492537058,take_profit,3
2018-09-18 13:30:00,2018-09-18 14:00:00,long,1198.655,1200.0309046257084,1197.6856846089322,1200.2059046257084,8.221981383054022,11.312662217432969,1.4194602070568796,take_profit,2
2018-09-19 10:00:00,2018-09-19 10:15:00,long,1202.5049999999999,1203.4832087893878,1201.7842445066324,1203.6582087893878,11.08880681125322,10.847168286593014,1.3571992144209508,take_profit,1
2018-09-20 10:00:00,2018-09-20 11:30:00,long,1202.975,1201.8500213134835,1202.0750213134834,1204.4149658984263,8.904669500223473,-10.017563398224429,-1.2500059205521814,stop_loss,6
2018-09-20 12:00:00,2018-09-20 12:15:00,long,1201.615,1202.9241265179696,1200.6874209262692,1203.0991265179696,8.618109075839458,11.28219512593606,1.411336839137762,take_profit,1
2018-09-21 11:15:00,2018-09-21 13:00:00,long,1207.925,1206.7730501346457,1206.9980501346456,1209.408119784567,8.648301622079526,-9.962409889097488,-1.2427315741762348,stop_loss,7
2018-09-21 13:15:00,2018-09-21 13:30:00,long,1206.495,1205.260201064151,1205.485201064151,1208.1106782973582,7.919019242805346,-9.778396533982667,-1.2228166340963205,stop_loss,1
2018-09-21 13:45:00,2018-09-21 14:45:00,long,1205.325,1204.087520305314,1204.312520305314,1206.9449675114977,7.878736189131257,-9.749776053838035,-1.2222266788961709,stop_loss,4
2018-09-24 09:00:00,2018-09-24 09:15:00,long,1195.5249999999999,1194.5588380453107,1194.7838380453106,1196.7108591275025,10.736601911134429,-10.373296289180812,-1.3035773741169039,stop_loss,1
2018-09-24 09:30:00,2018-09-24 09:45:00,long,1195.055,1196.0916438395307,1194.2977226002936,1196.2666438395306,10.480722479865989,10.864776392582925,1.368908988875672,take_profit,1
2018-09-24 11:15:00,2018-09-24 13:30:00,short,1198.315,1199.4960628963552,1199.2710628963553,1196.7852993658316,8.32428896647246,-9.831508836838893,-1.2353401652314666,stop_loss,9
2018-09-24 13:45:00,2018-09-24 14:15:00,short,1199.015,1200.1333410028064,1199.9083410028065,1197.58565439551,8.88673057294988,-9.938395180622585,-1.2518635093352595,stop_loss,2
2018-09-24 15:15:00,2018-09-24 15:30:00,short,1200.415,1199.1093704000002,1201.3403935,1198.9343704000003,8.557445034300592,11.172853537153706,1.4108912586914104,take_profit,1
2018-09-25 09:45:00,2018-09-25 10:00:00,short,1199.515,1200.420481604708,1200.195481604708,1198.4262294324674,11.670190146920541,-10.567142501478791,-1.330648173945119,stop_loss,1
2018-09-25 14:30:00,2018-09-25 15:15:00,short,1201.2250000000001,1202.3194067653153,1202.0944067653154,1199.8339491754957,9.109907754798492,-9.969944678248606,-1.2587971579888964,stop_loss,3
2018-09-27 10:45:00,2018-09-27 12:15:00,short,1196.275,1197.5207434062686,1197.2957434062687,1194.6418105499704,7.739727237566339,-9.641714172514998,-1.2204275811316911,stop_loss,6
2018-09-28 11:15:00,2018-09-28 12:45:00,short,1183.265,1184.3004720220413,1184.0754720220414,1181.968244764734,9.723953327678181,-10.068881614444953,-1.277615998925195,stop_loss,6
2018-09-28 13:00:00,2018-09-28 13:45:00,short,1184.275,1183.0708595253514,1185.1369627966556,1182.8958595253514,9.119714195311664,10.981416979803427,1.3969749962770726,take_profit,3
2018-09-28 15:45:00,2018-09-28 16:00:00,short,1184.445,1185.739225155527,1185.5142251555271,1182.7342397511566,7.372457658426732,-9.541620159594306,-1.2104327594957962,stop_loss,1
2018-10-01 15:15:00,2018-10-01 15:30:00,short,1187.795,1189.1182624125177,1188.8932624125177,1186.0377801399718,7.160159408626993,-9.474769813070196,-1.2048690708481196,stop_loss,1
2018-10-01 15:45:00,2018-10-01 16:00:00,short,1191.2450000000001,1189.3538257329349,1192.5363589169158,1189.178825732935,6.074828851796226,11.488560001342579,1.4644838412408265,take_profit,1
2018-10-02 09:30:00,2018-10-02 10:00:00,short,1193.535,1192.4524358249591,1194.3209776094006,1192.2774358249592,10.010159872756171,10.836640464678236,1.3773473469130741,take_profit,2
2018-10-02 11:45:00,2018-10-02 12:00:00,short,1194.125,1192.6324864450785,1195.1671959718258,1192.4574864450785,7.570010843176188,11.298343794343312,1.432085322980905,take_profit,1
2018-10-02 15:45:00,2018-10-02 16:00:00,short,1196.4950000000001,1198.193838408579,1197.9688384085791,1194.1368585462737,5.368316803911136,-9.11990277590388,-1.1526625976702838,stop_loss,1
2018-10-03 09:30:00,2018-10-03 09:45:00,long,1203.945,1202.8257281941287,1203.0507281941286,1205.375834889394,8.827060897644452,-9.879880391441754,-1.2516013571295426,stop_loss,1
2018-10-03 11:15:00,2018-10-03 12:45:00,long,1203.155,1204.542070453415,1202.1787059666158,1204.7170704534149,8.065225904736295,11.187036552576455,1.4207507226146219,take_profit,6
2018-10-03 14:00:00,2018-10-03 15:00:00,long,1202.995,1201.7269618792575,1201.9519618792574,1204.6638609931879,7.570582363925212,-9.599787033677307,-1.215715989210194,stop_loss,4
2018-10-05 15:30:00,2018-10-05 15:45:00,long,1202.085,1203.541432002946,1201.0653549981587,1203.716432002946,7.72544014191429,11.251578259527895,1.4283716394587254,take_profit,1
2018-10-08 10:45:00,2018-10-08 11:00:00,long,1195.5049999999999,1194.4324605935676,1194.6574605935675,1196.8610630502917,9.320757860097178,-9.996880102767541,-1.2654743818308412,stop_loss,1
2018-10-08 11:15:00,2018-10-08 11:30:00,long,1194.0249999999999,1192.922580817923,1193.147580817923,1195.428870691323,8.980560244180365,-9.900341878980754,-1.2564338740205376,stop_loss,1
2018-10-08 15:15:00,2018-10-08 15:30:00,long,1189.995,1188.6950688813456,1188.9200688813455,1191.7148897898467,7.312017490127415,-9.505119075561032,-1.2093157376275137,stop_loss,1
2018-10-08 15:45:00,2018-10-08 16:00:00,long,1185.325,1187.3416192575721,1183.9552379640174,1187.516619257572,5.724282536789104,11.543698399472433,1.472240582376373,take_profit,1
2018-10-10 13:30:00,2018-10-10 13:45:00,short,1187.025,1188.0517018924388,1187.826701892439,1185.742276972098,9.809122783792144,-10.07104492528319,-1.2806529485859746,stop_loss,1
2018-10-10 14:00:00,2018-10-10 14:45:00,short,1188.7450000000001,1187.4221418790028,1189.6811613256234,1187.2471418790028,8.378737717943979,11.083881233889018,1.4130664072419403,take_profit,3
2018-10-11 08:30:00,2018-10-11 09:00:00,short,1193.4950000000001,1192.2825847066647,1194.3621345583347,1192.1075847066647,9.07127722674987,10.998155239796908,1.3981858774767624,take_profit,2
2018-10-11 10:15:00,2018-10-11 10:30:00,short,1196.015,1197.371878990712,1197.1468789907121,1194.2039936148608,6.968955468521848,-9.456029262444437,-1.1987845006809135,stop_loss,1
2018-10-11 10:45:00,2018-10-11 11:00:00,short,1196.905,1198.3386609664813,1198.1136609664813,1194.9711424536297,6.510595147629453,-9.3339861317188,-1.1861564212294566,stop_loss,1
2018-10-11 11:15:00,2018-10-11 12:00:00,short,1197.835,1199.2475699149763,1199.0225699149764,1195.934888136038,6.610502802603736,-9.337797381824567,-1.1894625294582186,stop_loss,3
2018-10-11 12:15:00,2018-10-11 12:30:00,short,1199.155,1200.6318717290096,1200.4068717290097,1197.1520052335845,6.256039237079674,-9.239367484818036,-1.1797308740072676,stop_loss,1
2018-10-12 07:15:00,2018-10-12 08:30:00,long,1219.965,1218.4894054690442,1218.714405469044,1221.965951249529,6.247652399002892,-9.219001711281125,-1.179914428242336,stop_loss,5
2018-10-12 09:30:00,2018-10-12 09:45:00,long,1218.055,1216.629121901313,1216.854121901313,1219.9764049578996,6.490951851487223,-9.255306084667515,-1.187362897404739,stop_loss,1
2018-10-12 11:30:00,2018-10-12 12:00:00,long,1216.455,1218.3553653013837,1215.157896686635,1218.5303653013837,5.995151832386406,11.392978518794465,1.465083992773012,take_profit,2
2018-10-15 14:45:00,2018-10-15 15:30:00,long,1229.0249999999999,1230.936530875924,1227.7209182025472,1231.111530875924,5.980542998288972,11.43199259602166,1.4658059637501837,take_profit,3
2018-10-16 12:15:00,2018-10-16 13:45:00,long,1228.0349999999999,1229.7238798244573,1226.870075109714,1229.8988798244573,6.7145798955538245,11.34011851530843,1.4497757224871304,take_profit,6
2018-10-17 08:15:00,2018-10-17 08:45:00,long,1221.245,1222.4075665372688,1220.4090209142068,1222.5825665372688,9.38380112432196,10.909293179523539,1.3906646195174879,take_profit,2
2018-10-17 11:00:00,2018-10-17 11:15:00,long,1221.955,1223.2368559659617,1221.0444650212737,1223.4118559659616,8.63940458667294,11.074472311784168,1.4078052967882728,take_profit,1
2018-10-17 14:00:00,2018-10-17 14:30:00,long,1225.395,1227.0562039822605,1224.2473725110872,1227.2312039822605,6.873858540657861,11.4188811812364,1.4475114950708095,take_profit,2
2018-10-18 09:15:00,2018-10-18 09:30:00,long,1220.345,1219.2365517494031,1219.461551749403,1221.7585172009553,8.955212456613456,-9.926389581256695,-1.2546838480328268,stop_loss,1
2018-10-18 09:45:00,2018-10-18 10:00:00,long,1219.125,1220.4839816681706,1218.1662614573934,1220.6589816681706,8.231247257360902,11.186114128932992,1.4174684836136777,take_profit,1
2018-10-19 10:15:00,2018-10-19 10:30:00,long,1223.7549999999999,1225.3857049963146,1222.6264343773032,1225.5607049963146,7.012428934973786,11.435202900563958,1.4449359111420101,take_profit,1
2018-10-19 14:15:00,2018-10-19 15:00:00,long,1227.0349999999999,1228.5189005030572,1225.998187185589,1228.6939005030572,7.6550526026485946,11.359336408000988,1.4312135058828723,take_profit,3
2018-10-22 10:00:00,2018-10-22 10:15:00,long,1226.305,1227.4333218842335,1225.4904238223542,1227.6083218842334,9.771431481380725,11.025319980729071,1.3851643531906503,take_profit,1
2018-10-22 11:15:00,2018-10-22 11:30:00,long,1225.135,1223.998449190206,1224.2234491902059,1226.5934812956705,8.756095502779749,-9.951747434318069,-1.2468320992997965,stop_loss,1
2018-10-22 11:45:00,2018-10-22 12:00:00,long,1224.0249999999999,1222.7796322099225,1223.0046322099224,1225.6575884641238,7.802796725600784,-9.717351714584252,-1.2205087245872706,stop_loss,1
2018-10-22 12:15:00,2018-10-22 12:30:00,long,1223.325,1222.1147849156987,1222.3397849156986,1224.9013441348825,8.06147599082591,-9.756119845830714,-1.2283765277096248,stop_loss,1
2018-10-22 12:45:00,2018-10-22 15:00:00,long,1222.965,1221.7367278099646,1221.9617278099645,1224.5702355040567,7.896935235416177,-9.699585936171879,-1.2242661585107457,stop_loss,9
2018-10-22 15:15:00,2018-10-22 15:30:00,long,1222.7849999999999,1224.1084049233104,1221.8484969229307,1224.2834049233104,8.439242251147776,11.16853474417972,1.413134623596027,take_profit,1
2018-10-23 13:15:00,2018-10-23 14:30:00,long,1234.5149999999999,1236.1498503877385,1233.3838435076632,1236.3248503877385,7.006734664491413,11.45496288302564,1.445291079363794,take_profit,5
2018-10-24 09:30:00,2018-10-24 10:00:00,long,1230.575,1231.8870807521414,1229.6455745299118,1232.0620807521414,8.552190129705556,11.22116405783994,1.4117116373158085,take_profit,2
2018-10-24 11:45:00,2018-10-24 14:30:00,long,1230.335,1228.9862626708314,1229.2112626708313,1232.1329797266699,7.093353093109373,-9.567070105650666,-1.2002247270421669,stop_loss,11
2018-10-24 14:45:00,2018-10-24 15:00:00,long,1229.225,1227.9317069696128,1228.1567069696127,1230.9342688486192,7.443586444262852,-9.626738469448865,-1.210616369853471,stop_loss,1
2018-10-24 15:15:00,2018-10-24 15:30:00,long,1226.745,1228.481767527636,1225.5501452952274,1228.656767527636,6.639031516440087,11.530454352706297,1.4535386777146433,take_profit,1
2018-10-25 10:15:00,2018-10-25 10:30:00,long,1234.975,1233.632638308658,1233.857638308658,1236.762778706147,7.120110715180903,-9.557763862171972,-1.2013672043200907,stop_loss,1
2018-10-25 10:45:00,2018-10-25 13:45:00,long,1231.435,1232.9650000000001,1230.0473769089958,1233.6551969456063,5.719581545583426,8.750959764743786,1.1026048859514561,time_stop,12
2018-10-26 13:45:00,2018-10-26 14:15:00,long,1236.155,1234.6078008740226,1234.8328008740225,1238.2705186015637,6.015830132380192,-9.307687122847055,-1.1701710397316825,stop_loss,2
2018-10-26 14:30:00,2018-10-26 15:00:00,long,1234.935,1233.419372638567,1233.644372638567,1237.000003778293,6.148567902671101,-9.318937746916802,-1.1743338214603471,stop_loss,2
2018-10-26 15:15:00,2018-10-26 15:30:00,long,1234.0449999999998,1232.508582976287,1232.733582976287,1236.1432672379406,6.0368837297140345,-9.27517093250764,-1.1715701382027837,stop_loss,1
2018-10-26 15:45:00,2018-10-26 16:15:00,long,1232.865,1234.8966896082245,1231.4858189948598,1235.0716896082245,5.726820281036505,11.635121253151159,1.4731131016540409,take_profit,2
2018-10-29 09:00:00,2018-10-29 10:30:00,long,1230.855,1229.6455856533262,1229.870585653326,1232.4300629546783,8.047009900585804,-9.732169221594893,-1.2285622926566675,stop_loss,6
2018-10-29 10:45:00,2018-10-29 11:15:00,long,1228.835,1227.4857296220102,1227.7107296220101,1230.633832604784,7.028671937126949,-9.483578841373554,-1.2001297947582614,stop_loss,2
2018-10-29 15:45:00,2018-10-29 18:30:00,long,1229.745,1228.2009739222294,1228.4259739222293,1231.855441724433,5.976500867338528,-9.227873192988508,-1.1705804030654254,stop_loss,11
2018-10-30 09:30:00,2018-10-30 09:45:00,long,1225.225,1223.9004667999307,1224.1254667999306,1226.9842531201107,7.15276696597783,-9.474077318796265,-1.204632293036462,stop_loss,1
2018-10-30 10:00:00,2018-10-30 10:15:00,long,1224.2549999999999,1222.9171371897362,1223.142137189736,1226.035580496422,7.0500663014829845,-9.432021514647342,-1.2021812553396212,stop_loss,1
2018-10-30 10:30:00,2018-10-30 12:15:00,long,1223.465,1222.115898903395,1222.3408989033949,1225.263561754568,6.962801279549867,-9.393522841683104,-1.2001599328382855,stop_loss,7
2018-10-30 12:30:00,2018-10-30 14:00:00,long,1220.675,1222.4347408041065,1219.4657869974335,1222.6097408041064,6.457179580048821,11.362962386455273,1.4552777718827081,take_profit,6
2018-10-31 12:45:00,2018-10-31 13:00:00,short,1217.365,1218.6946174130105,1218.4696174130106,1215.597612139183,7.089179783552271,-9.425896884173177,-1.2036904337644636,stop_loss,1
2018-10-31 13:15:00,2018-10-31 14:15:00,short,1217.865,1216.2670176098059,1218.9731139938715,1216.092017609806,7.049797838770211,11.265452800783557,1.4420740095621216,take_profit,4
2018-11-01 09:30:00,2018-11-01 09:45:00,short,1223.435,1224.6431195118234,1224.4181195118235,1221.862008781082,7.969031689927046,-9.627542674940644,-1.2288633246456035,stop_loss,1
2018-11-01 10:45:00,2018-11-01 11:15:00,short,1225.695,1224.0236973496055,1226.8489391564963,1223.8486973496056,6.772675504908842,11.319190521615441,1.4483455570299968,take_profit,2
2018-11-01 14:00:00,2018-11-01 14:15:00,short,1224.805,1226.191460496805,1225.966460496805,1222.9466632051121,6.748308583858438,-9.356263271768666,-1.1937216122449836,stop_loss,1
2018-11-01 14:30:00,2018-11-01 15:30:00,short,1229.395,1231.0947286936735,1230.8697286936736,1227.0354340901222,5.302115126260891,-9.012157217265813,-1.1525704361521787,stop_loss,4
2018-11-05 15:00:00,2018-11-05 15:15:00,long,1228.865,1227.61928091419,1227.84428091419,1230.4981505372962,7.642805065442936,-9.52078813914703,-1.2204328332132197,stop_loss,1
2018-11-05 15:30:00,2018-11-05 16:00:00,long,1227.125,1228.7750736775668,1225.9843289515209,1228.9500736775667,6.822401106366925,11.25746448341835,1.4465815361640042,take_profit,2
2018-11-07 07:45:00,2018-11-07 09:15:00,long,1228.455,1230.5685951764362,1227.0246280147273,1230.7435951764362,5.456364101415392,11.532544845631868,1.4776542033809,take_profit,6
2018-11-07 14:15:00,2018-11-07 15:30:00,long,1232.165,1230.5225884110844,1230.7475884110843,1234.4328585422652,5.5225281795466605,-9.070264282200366,-1.158740059527828,stop_loss,5
2018-11-07 15:45:00,2018-11-07 16:00:00,long,1230.595,1229.0349473375143,1229.2599473375142,1232.7310842599773,5.849623114265157,-9.125720113947597,-1.1685326776405673,stop_loss,1
2018-11-08 14:30:00,2018-11-08 15:15:00,short,1224.9750000000001,1226.327435312153,1226.1024353121531,1223.1711035005553,6.910643465771781,-9.346198252808597,-1.1995679907969503,stop_loss,3
2018-11-09 10:15:00,2018-11-09 12:15:00,short,1221.075,1219.6449102868612,1222.0781810707117,1219.4699102868612,7.747964254340471,11.080283977899759,1.4255549221281936,take_profit,8
2018-11-12 11:00:00,2018-11-12 14:00:00,short,1206.895,1207.395,1208.0872139133169,1204.987457738693,6.538064652151817,-3.2690323260759087,-0.41938782496585386,time_stop,12
2018-11-12 14:15:00,2018-11-12 15:00:00,short,1206.9950000000001,1205.633696379363,1207.9551897628983,1205.4586963793631,8.11113998580997,11.041724230177024,1.4177443597484365,take_profit,3
2018-11-13 14:15:00,2018-11-13 14:30:00,short,1198.4950000000001,1199.85682396916,1199.63182396916,1196.6760816493445,6.8702958770660425,-9.356133600608194,-1.1979198240921909,stop_loss,1
2018-11-13 14:45:00,2018-11-13 15:15:00,short,1200.445,1201.854047197898,1201.629047197898,1198.5505244833632,6.580484945954496,-9.272213873906907,-1.1900262087519267,stop_loss,2
2018-11-14 08:45:00,2018-11-14 09:00:00,short,1203.2150000000001,1202.0696654361232,1204.0402091024232,1201.8946654361232,9.41950386937797,10.7884833561716,1.3879325379639453,take_profit,1
2018-11-14 14:30:00,2018-11-14 15:00:00,short,1200.7050000000002,1201.9386929199673,1201.7136929199673,1199.0910913280527,7.727463081911808,-9.533316493461726,-1.2230609490222535,stop_loss,2
2018-11-15 08:15:00,2018-11-15 08:30:00,short,1212.185,1213.313626144014,1213.0886261440141,1210.7391981695773,8.604853587462367,-9.711662724223599,-1.2489967797969932,stop_loss,1
2018-11-15 16:00:00,2018-11-15 16:15:00,short,1212.935,1214.9064435340392,1214.6814435340393,1210.1406903455368,4.4411097126384655,-8.755397026940152,-1.1288332520430842,stop_loss,1
2018-11-16 10:15:00,2018-11-16 10:45:00,short,1217.315,1216.0011179557666,1218.245551277646,1215.8261179557667,8.316184968462997,10.926486106587431,1.4119394339635367,take_profit,2
2018-11-16 15:45:00,2018-11-16 16:00:00,short,1221.625,1223.1789892295335,1222.9539892295336,1219.4986172327465,5.839392334638969,-9.074352795049434,-1.169301597785614,stop_loss,1
2018-11-19 07:45:00,2018-11-19 09:15:00,long,1218.835,1219.8566561938028,1218.0870898788733,1220.0316561938027,10.351966894767676,10.576151096080471,1.366014665323099,take_profit,6
2018-11-19 11:15:00,2018-11-19 11:30:00,long,1219.7649999999999,1218.6205911347697,1218.8455911347696,1221.2360541843682,8.444005066683804,-9.663394256361347,-1.244722460821129,stop_loss,1
2018-11-19 11:45:00,2018-11-19 12:00:00,long,1219.315,1220.59738855693,1218.404132151919,1220.7723885569299,8.501964740724732,10.902822294926416,1.4078755328024615,take_profit,1
2018-11-19 14:15:00,2018-11-19 14:30:00,long,1220.345,1219.1235521393282,1219.3485521393281,1221.939316577075,7.7936561248663825,-9.519544600529617,-1.225802080450248,stop_loss,1
2018-11-19 14:45:00,2018-11-19 15:15:00,long,1219.855,1221.2599974567636,1218.8675015895228,1221.4349974567635,7.845007952459066,11.022216221494947,1.4227845248729187,take_profit,2
2018-11-20 12:00:00,2018-11-20 12:30:00,long,1222.2549999999999,1223.731976013156,1221.2225149917772,1223.906976013156,7.524542490985648,11.113568769160539,1.4305060135436407,take_profit,2
2018-11-21 12:45:00,2018-11-21 13:15:00,long,1222.7649999999999,1224.034964524044,1221.8618971724723,1224.209964524044,8.627150990707502,10.956175701770427,1.4062236163304016,take_profit,2
2018-11-23 09:00:00,2018-11-23 09:15:00,long,1226.185,1225.3587063205318,1225.5837063205317,1227.1470698871492,12.993844890452399,-10.73673190496979,-1.3741931899216127,stop_loss,1
2018-11-26 12:15:00,2018-11-26 14:00:00,long,1225.805,1224.747952551174,1224.9729525511739,1227.1362759181218,9.364421886998528,-9.89863826538306,-1.2704172704541408,stop_loss,7
2018-11-27 08:45:00,2018-11-27 09:30:00,long,1220.425,1219.5363345479127,1219.7613345479126,1221.4868647233397,11.7104876257076,-10.406705780061621,-1.3390262357219964,stop_loss,3
2018-11-27 16:00:00,2018-11-27 16:15:00,long,1222.235,1220.92304769734,1221.14804769734,1223.9741236842556,7.1309777197678255,-9.355502639665465,-1.2070008034844766,stop_loss,1
2018-11-28 13:15:00,2018-11-28 13:30:00,short,1213.615,1214.6064570050287,1214.3814570050288,1212.388668791954,10.08839582221417,-10.002210707436292,-1.2935585408231263,stop_loss,1
2018-11-28 13:45:00,2018-11-28 14:00:00,short,1214.275,1215.2547511931116,1215.0297511931117,1213.0673980910217,10.218357117434733,-10.011447577446035,-1.2981114863459957,stop_loss,1
2018-11-29 09:45:00,2018-11-29 12:15:00,short,1226.275,1227.3490277220812,1227.1240277220813,1224.91655564467,9.060121514068959,-9.730821671533947,-1.2650090146036221,stop_loss,10
2018-11-30 12:00:00,2018-11-30 12:15:00,long,1222.915,1222.0120645997163,1222.2370645997162,1223.9996966404542,11.317940742310126,-10.219369354544938,-1.3318900295009277,stop_loss,1
2018-11-30 12:30:00,2018-11-30 13:45:00,long,1221.5049999999999,1222.5150700624324,1220.7643312109797,1222.6900700624324,10.331735402189599,10.435776622726056,1.3637270496691052,take_profit,5
2018-11-30 15:15:00,2018-11-30 15:30:00,long,1220.5149999999999,1221.6657962966146,1219.6863773146158,1221.8407962966146,9.260264819452821,10.656678459898362,1.3888061682518191,take_profit,1
2018-12-03 13:00:00,2018-12-03 13:15:00,long,1230.245,1228.9883805741554,1229.2133805741553,1231.8955910813513,7.458737850620272,-9.37279487537123,-1.2181036866533377,stop_loss,1
2018-12-03 13:30:00,2018-12-03 15:15:00,long,1228.415,1229.984193330349,1227.3248791685319,1230.159193330349,7.041268314168834,11.049111275791343,1.43946733706182,take_profit,7
2018-12-04 10:00:00,2018-12-04 10:15:00,long,1236.7849999999999,1237.988255747751,1235.9235901576553,1238.163255747751,8.936433174284922,10.752814581352833,1.3968446709132762,take_profit,1
2018-12-06 08:30:00,2018-12-06 08:45:00,long,1238.235,1237.2554508573594,1237.4804508573593,1239.4422786282248,10.230529311757179,-10.021306216090329,-1.2981913135736998,stop_loss,1
2018-12-06 09:00:00,2018-12-06 09:30:00,long,1236.245,1235.2058224229272,1235.4308224229271,1237.5476841233162,9.456652609121857,-9.827141345565272,-1.2763524891079125,stop_loss,2
2018-12-06 10:00:00,2018-12-06 10:45:00,long,1235.125,1236.3675608404321,1234.2390244747298,1236.542560840432,8.668117805489862,10.770663745354225,1.4024776136487833,take_profit,3
2018-12-07 11:15:00,2018-12-07 12:30:00,long,1239.7749999999999,1240.9066735887707,1238.9583290070182,1241.0816735887706,9.43009072135108,10.671784609065686,1.3857154208930857,take_profit,5
2018-12-07 15:15:00,2018-12-07 15:30:00,long,1240.095,1241.2783282512007,1239.2460448429995,1241.4533282512007,9.096623135921956,10.76429114726228,1.393864259428641,take_profit,1
2018-12-10 09:15:00,2018-12-10 09:30:00,long,1248.2949999999998,1247.2746892534403,1247.4996892534402,1249.5674971944954,9.737267776558998,-9.935038954550835,-1.2829082858156067,stop_loss,1
2018-12-10 11:00:00,2018-12-10 13:45:00,long,1246.425,1245.2774447140969,1245.5024447140968,1247.9010884574452,8.37270540307495,-9.608142342607946,-1.2438878227006593,stop_loss,11
2018-12-10 14:00:00,2018-12-10 14:15:00,long,1245.7749999999999,1246.9903787042258,1244.9060133098587,1247.1653787042258,8.866726532923407,10.77643060431022,1.398616017960594,take_profit,1
2018-12-10 15:30:00,2018-12-10 16:45:00,long,1244.355,1245.7621089059096,1243.3661819338067,1245.9371089059096,7.8139957870974905,10.995143062764827,1.423021032905083,take_profit,5
2018-12-12 13:30:00,2018-12-12 14:00:00,long,1243.845,1242.8978657873029,1243.1228657873028,1245.0004147403158,10.730152862615125,-10.162894883653207,-1.3115764300371642,stop_loss,2
2018-12-13 10:30:00,2018-12-13 10:45:00,long,1245.215,1246.014823958626,1244.6057350258586,1246.189823958626,12.684603625361495,10.145449885239872,1.3127686516911612,take_profit,1
2018-12-13 11:30:00,2018-12-13 12:30:00,long,1244.7849999999999,1243.9091696968333,1244.1341696968332,1245.8263284850666,11.905677350712491,-10.42735300347818,-1.3457122369765928,stop_loss,4
2018-12-13 12:45:00,2018-12-13 13:00:00,long,1243.7549999999999,1242.8709918007496,1243.0959918007495,1244.8094131188006,11.726289448829963,-10.366136019547671,-1.3414221556815997,stop_loss,1
2018-12-14 08:45:00,2018-12-14 09:30:00,long,1239.685,1238.900100195712,1239.1251001957119,1240.5808396868608,13.764942517389242,-10.804100687934227,-1.4018576150173865,stop_loss,3
2018-12-14 09:45:00,2018-12-14 10:15:00,long,1237.865,1238.8449724410775,1237.1431422243265,1239.0199724410775,10.646668470083066,10.433441689970229,1.3575699730646025,take_profit,2
2018-12-14 13:45:00,2018-12-14 15:30:00,long,1237.945,1236.9563950389368,1237.1813950389367,1239.166767937701,10.09192933057503,-9.976931402905436,-1.2946549740674977,stop_loss,7
2018-12-14 15:45:00,2018-12-14 16:15:00,long,1234.935,1233.750286641103,1233.975286641103,1236.4705413742352,8.008947014715686,-9.488306519031463,-1.2344450016393376,stop_loss,2
2018-12-18 07:15:00,2018-12-18 07:30:00,long,1248.2649999999999,1247.442995650935,1247.667995650935,1249.2202069585037,12.842983203877797,-10.556988048554434,-1.3768816765779242,stop_loss,1
2018-12-18 07:45:00,2018-12-18 08:00:00,long,1247.7649999999999,1246.940746250041,1247.165746250041,1248.7238059999343,12.759541099425109,-10.517099598955477,-1.3754669870907235,stop_loss,1
2018-12-18 08:15:00,2018-12-18 08:30:00,long,1246.685,1245.8571230421273,1246.0821230421273,1247.6496031325964,12.647968300686365,-10.470961520041358,-1.373210481942852,stop_loss,1
2018-12-18 08:45:00,2018-12-18 09:00:00,long,1246.195,1245.377366296528,1245.6023662965279,1247.143213925555,12.831242443345635,-10.491256279099595,-1.379661161155191,stop_loss,1
2018-12-18 14:15:00,2018-12-18 14:45:00,long,1248.555,1247.460385991042,1247.6853859910418,1249.9463824143334,8.720241553921257,-9.545298566421286,-1.25873548227385,stop_loss,2
2018-12-18 15:00:00,2018-12-18 16:00:00,long,1247.365,1246.2338914075506,1246.4588914075505,1248.8147737479192,8.347954850762875,-9.44244346107784,-1.2483146080666288,stop_loss,4
2018-12-19 12:00:00,2018-12-19 14:45:00,long,1248.225,1247.2155335185066,1247.4405335185065,1249.480146370389,9.61834432794494,-9.709396206521532,-1.2868191379848102,stop_loss,11
2018-12-19 15:00:00,2018-12-19 15:15:00,long,1247.965,1247.0043643148267,1247.2293643148266,1249.142017096277,10.230403570687168,-9.827690743725435,-1.3058579192591862,stop_loss,1
2018-12-21 11:00:00,2018-12-21 11:15:00,long,1259.335,1258.134616891291,1258.359616891291,1260.895612973935,7.695637223786155,-9.237712934185488,-1.230678589767341,stop_loss,1
2018-12-21 11:30:00,2018-12-21 11:45:00,long,1258.7949999999998,1257.4364808909597,1257.6614808909596,1260.608630574464,6.605728190419357,-8.974007975809688,-1.1984968742083448,stop_loss,1
2018-12-21 12:00:00,2018-12-21 12:15:00,long,1257.625,1256.2980881151645,1256.5230881151645,1259.3880590157369,6.778918731899459,-8.995027831691075,-1.2041905556118848,stop_loss,1
2018-12-24 11:45:00,2018-12-24 12:30:00,long,1262.415,1261.1835077994772,1261.408507799477,1264.0253875208364,7.403714661156583,-9.117616860110488,-1.2235486771611561,stop_loss,3
2018-12-24 13:00:00,2018-12-24 14:15:00,long,1260.205,1261.7692598578233,1259.1179625888603,1261.9442598578232,6.838353263148311,10.696961503158182,1.4390119804464323,take_profit,5
2018-12-26 09:45:00,2018-12-26 10:30:00,long,1273.095,1271.721485337976,1271.946485337976,1274.9326234592386,6.490939991570104,-8.915401248739709,-1.1959052047305796,stop_loss,3
2018-12-26 10:45:00,2018-12-26 13:00:00,long,1272.095,1273.7820215436097,1270.931236535244,1273.9570215436097,6.39056747643991,10.78102500864571,1.4496258000015814,take_profit,9
2018-12-26 14:15:00,2018-12-26 15:00:00,long,1272.055,1273.4666232014185,1271.0633604991135,1273.6416232014185,7.5215549516619795,10.617601480510096,1.4235245773856873,take_profit,3
2018-12-27 14:00:00,2018-12-27 14:15:00,long,1271.125,1272.7509127335397,1269.9994295415377,1272.9259127335397,6.645435783146189,10.80489865973799,1.4445232826747503,take_profit,1
2018-12-28 10:15:00,2018-12-28 10:30:00,long,1279.385,1278.2024129625838,1278.4274129625837,1280.9171392598662,7.83376936542265,-9.264114105656718,-1.234965586634296,stop_loss,1
2018-12-28 11:15:00,2018-12-28 12:30:00,long,1276.415,1278.0141134267242,1275.3061791082973,1278.1891134267241,6.748599188761334,10.791775574328401,1.4421746908724988,take_profit,5
