entry_time,exit_time,direction,entry_price,stop_price,take_profit,exit_price,pnl,equity_after,r_multiple,mfe_r,mae_r,mfe_r_prior_bars,exit_reason,bars_held,holding_minutes,atr_pct_entry,trend_state,session,day_sweep,week_sweep,sweep_bucket,year
2012-05-17 14:15:00,2012-05-17 14:30:00,short,1548.41,1549.6098156982991,1537.6116587153092,1549.689815698299,-32.00030721668354,9967.999692783316,-1.0666769072227846,1.6585880671682862,1.4502227320968943,0.0,stop_loss,1,15,0.34,down,London+NY overlap,False,False,no_sweep,2012
2012-05-17 15:00:00,2012-05-17 17:00:00,short,1557.05,1558.5618640995492,1543.4432231040576,1558.6418640995491,-31.486363476697036,9936.51332930662,-1.0529148089592035,5.344395704884372,8.069508366285913,5.344395704884372,stop_loss,8,120,0.68,down,London+NY overlap,True,False,prev_day_sweep,2012
2012-05-18 15:30:00,2012-05-18 15:45:00,long,1588.28,1586.788157297166,1601.7065843255066,1586.708157297166,-31.408075272170123,9905.10525403445,-1.0536249564702462,1.0724991294059907,2.205326334840856,0.0,stop_loss,1,15,0.53,up,London+NY overlap,False,False,no_sweep,2012
2012-05-21 15:15:00,2012-05-21 15:30:00,long,1589.1699999999998,1588.0307116497427,1599.4235951523146,1587.9507116497427,-31.801903639903987,9873.303350394546,-1.0702192732699045,0.8338538700809143,1.5448240119390966,0.0,stop_loss,1,15,0.48,up,London+NY overlap,False,False,no_sweep,2012
2012-05-22 15:45:00,2012-05-22 17:30:00,long,1576.9099999999999,1575.6696914226422,1588.0727771962174,1588.0227771962175,265.3851363924789,10138.688486787025,8.959687451241058,10.852138125719991,0.0,8.288260024695644,take_profit,7,105,0.78,up,London+NY overlap,True,False,prev_day_sweep,2012
2012-05-23 15:30:00,2012-05-23 16:45:00,long,1559.34,1557.9148259178023,1572.1665667397788,1557.8348259178024,-32.123425471479564,10106.565061315545,-1.0561334934442312,3.7258606273643577,5.171298083554428,3.7258606273643577,stop_loss,5,75,0.66,up,London+NY overlap,True,False,prev_day_sweep,2012
2012-05-24 13:15:00,2012-05-24 13:30:00,short,1561.41,1562.6937312328519,1549.8564189043343,1562.7737312328518,-32.20916827040038,10074.355893045144,-1.0623183404381376,0.0,5.141263086150959,0.0,stop_loss,1,15,0.33,down,London+NY overlap,False,False,no_sweep,2012
2012-05-24 15:45:00,2012-05-24 16:00:00,short,1571.97,1573.7553025730508,1555.9022768425432,1573.8353025730507,-31.57737335864663,10042.778519686497,-1.044810331429266,0.0,3.2263438629100887,0.0,stop_loss,1,15,0.72,down,London+NY overlap,True,False,prev_day_sweep,2012
2012-05-28 15:30:00,2012-05-28 15:45:00,long,1577.4099999999999,1576.3926713094684,1586.565958214784,1576.3126713094684,-32.49754707069332,10010.280972615803,-1.0786373182477855,0.7470545233548557,1.5334277058331571,0.0,stop_loss,1,15,0.43,up,London+NY overlap,False,False,no_sweep,2012
2012-05-30 14:30:00,2012-05-30 14:45:00,short,1553.32,1554.6403955388191,1541.4364401506282,1554.720395538819,-31.85034878771282,9978.43062382809,-1.060587905402551,0.651319983077941,2.484104121506834,0.0,stop_loss,1,15,0.69,down,London+NY overlap,False,False,no_sweep,2012
2012-06-01 15:45:00,2012-06-01 16:00:00,short,1582.52,1584.9036886498452,1561.0668021513927,1584.9836886498451,-30.939963077126862,9947.490660750962,-1.033561430099154,0.591520205498161,1.8920256218415217,0.0,stop_loss,1,15,0.89,down,London+NY overlap,True,False,prev_day_sweep,2012
2012-06-04 15:15:00,2012-06-04 15:30:00,long,1619.44,1617.8872287086465,1633.4149416221826,1617.8072287086466,-31.379979644760567,9916.110681106202,-1.0515207876687303,0.09660147687886939,2.9624452909547765,0.0,stop_loss,1,15,0.41,up,London+NY overlap,False,False,no_sweep,2012
2012-06-04 15:45:00,2012-06-04 17:30:00,long,1617.02,1615.3778400600063,1631.7994394599432,1615.2978400600064,-31.1975615035577,9884.913119602645,-1.0487163266205572,3.008233168822178,3.611097710752128,3.008233168822178,stop_loss,7,105,0.52,up,London+NY overlap,False,False,no_sweep,2012
2012-06-07 13:15:00,2012-06-07 13:30:00,long,1617.73,1616.5263001027292,1628.5632990754366,1616.4463001027293,-31.62564519179962,9853.287474410845,-1.0664617486312957,0.0,3.4975495217251544,0.0,stop_loss,1,15,0.49,up,London+NY overlap,False,False,no_sweep,2012
2012-06-07 13:45:00,2012-06-07 14:15:00,long,1613.78,1612.5667842722512,1624.6989415497385,1624.6489415497385,264.820517528732,10118.107991939576,8.958787214131169,10.6905966542875,0.0,6.6517436391749625,take_profit,2,30,0.53,up,London+NY overlap,True,False,prev_day_sweep,2012
2012-06-08 16:00:00,2012-06-08 19:00:00,long,1575.11,1573.089756707804,1593.2921896297614,1585.24,152.20409495375043,10270.312086893326,5.0142475607429535,6.939758223259281,0.0,6.939758223259281,time_stop,12,180,0.77,up,London+NY overlap,True,False,prev_day_sweep,2012
2012-06-12 16:00:00,2012-06-12 16:15:00,short,1599.94,1601.4654522341314,1586.210929892819,1601.5454522341313,-32.42676850091778,10237.885318392407,-1.0524434644428473,0.0,3.133497000462959,0.0,stop_loss,1,15,0.83,down,London+NY overlap,False,False,no_sweep,2012
2012-06-13 14:00:00,2012-06-13 14:15:00,long,1610.2,1609.2216413331485,1619.0052280016646,1609.1416413331485,-33.22509941621283,10204.660218976194,-1.0817696032247266,0.0,1.4718528580464765,0.0,stop_loss,1,15,0.38,up,London+NY overlap,False,False,no_sweep,2012
2012-06-15 15:15:00,2012-06-15 15:30:00,long,1622.11,1621.272353898298,1629.6488149153176,1629.5988149153177,273.6984443609824,10478.358663337176,8.940308920559756,11.675575138628705,0.0,0.0,take_profit,1,15,0.31,up,London+NY overlap,False,False,no_sweep,2012
2012-06-18 14:15:00,2012-06-18 15:15:00,long,1619.87,1618.6817215162669,1630.5645063535962,1618.601721516267,-33.55142002352316,10444.807243313653,-1.0673242855905325,3.2988899939391483,1.784093568150639,3.2988899939391483,stop_loss,4,60,0.4,up,London+NY overlap,False,False,no_sweep,2012
2012-06-19 15:30:00,2012-06-19 15:45:00,long,1629.61,1628.7376992432696,1637.4607068105731,1628.6576992432697,-34.208148158643446,10410.59909515501,-1.0917114875605494,1.7310543277069352,2.694024947093487,0.0,stop_loss,1,15,0.45,up,London+NY overlap,False,False,no_sweep,2012
2012-06-20 13:15:00,2012-06-20 13:45:00,long,1614.12,1613.2047683764126,1622.357084612286,1613.1247683764127,-33.96175516546251,10376.637339989547,-1.087409567084632,1.3767006815844436,4.457887921320204,1.3767006815844436,stop_loss,2,30,0.62,up,London+NY overlap,True,False,prev_day_sweep,2012
2012-06-20 14:15:00,2012-06-20 14:45:00,long,1611.78,1610.7624332204998,1620.9381010155014,1610.6824332205,-33.57731204497589,10343.060027944572,-1.0786189187890198,1.1989385115336686,1.1498016872905312,1.1989385115336686,stop_loss,2,30,0.72,up,London+NY overlap,True,False,prev_day_sweep,2012
2012-06-20 15:15:00,2012-06-20 15:30:00,long,1607.94,1606.797600614606,1618.2215944685481,1606.717600614606,-33.202093023425356,10309.857934921147,-1.0700280488791818,0.0,6.845241777946388,0.0,stop_loss,1,15,0.78,up,London+NY overlap,True,False,prev_day_sweep,2012
2012-06-22 14:45:00,2012-06-22 17:30:00,short,1570.14,1571.074468243203,1561.729785811175,1561.7797858111749,276.71123514119887,10586.569170062347,8.94649363382378,9.866573922724623,0.8989069517448862,7.918942193943915,take_profit,11,165,0.2,down,London+NY overlap,False,False,no_sweep,2012
2012-06-25 15:45:00,2012-06-25 16:00:00,short,1571.51,1572.4869242826908,1562.717681455782,1572.5669242826907,-34.36049924587251,10552.208670816473,-1.0818896627071033,1.1874001092541577,1.709446709012405,0.0,stop_loss,1,15,0.57,down,London+NY overlap,False,False,no_sweep,2012
2012-06-27 15:00:00,2012-06-27 16:15:00,short,1571.31,1572.3093890375708,1562.3154986618617,1572.3893890375707,-34.19070432008159,10518.017966496393,-1.0800489068745232,8.625269715737613,11.77719542392492,8.625269715737613,stop_loss,5,75,0.74,down,London+NY overlap,False,False,no_sweep,2012
2012-06-28 13:45:00,2012-06-28 14:15:00,short,1570.1000000000001,1571.0194677129764,1561.8247905832147,1571.0994677129763,-34.29947309837085,10483.718493398022,-1.087006861547071,4.089322492716296,1.5334959347683639,4.089322492716296,stop_loss,2,30,0.59,down,London+NY overlap,False,False,no_sweep,2012
2012-06-29 14:00:00,2012-06-29 14:15:00,short,1577.3700000000001,1578.729150818444,1565.1376426340053,1578.8091508184439,-33.30237935047365,10450.416114047548,-1.0588602816658157,0.0,4.907475983891728,0.0,stop_loss,1,15,0.63,down,London+NY overlap,False,False,no_sweep,2012
2012-06-29 14:30:00,2012-06-29 15:15:00,short,1583.3600000000001,1584.799956573046,1570.4003908425861,1584.879956573046,-33.093036889323436,10417.323077158224,-1.0555572310286434,3.250098015178636,4.041788557337435,3.250098015178636,stop_loss,3,45,0.74,down,London+NY overlap,True,False,prev_day_sweep,2012
2012-06-29 15:30:00,2012-06-29 15:45:00,short,1586.6100000000001,1588.3631452957823,1570.831692337961,1588.4431452957822,-32.678067538631986,10384.645009619591,-1.0456322702929406,0.0,7.803118220099813,0.0,stop_loss,1,15,0.87,down,London+NY overlap,True,False,prev_day_sweep,2012
2012-07-04 13:15:00,2012-07-04 16:15:00,long,1615.07,1614.208626268242,1622.822363585823,1616.1200000000001,37.976119510336744,10422.621129129928,1.2189830746953279,2.5424504129355925,0.5456400429587982,2.5424504129355925,time_stop,12,180,0.58,up,London+NY overlap,False,False,no_sweep,2012
2012-07-06 16:00:00,2012-07-06 16:30:00,long,1588.27,1586.2674762845302,1606.2927134392273,1586.1874762845302,-32.517001688057576,10390.10412744187,-1.039949589301697,1.6429268600337683,1.4381852148623435,1.6429268600337683,stop_loss,2,30,0.89,up,London+NY overlap,True,False,prev_day_sweep,2012
2012-07-09 13:30:00,2012-07-09 13:45:00,short,1584.07,1584.7852914703058,1577.6323767672466,1584.8652914703057,-34.65647864335709,10355.447648798512,-1.1118425191981147,0.0,2.208889754164988,0.0,stop_loss,1,15,0.2,down,London+NY overlap,False,False,no_sweep,2012
2012-07-10 14:00:00,2012-07-10 15:30:00,short,1596.1100000000001,1597.0238302899234,1587.8855273906915,1597.1038302899233,-33.78600267218355,10321.66164612633,-1.0875436072562754,5.646562668034994,2.3199055922932907,5.646562668034994,stop_loss,6,90,0.76,down,London+NY overlap,True,False,prev_day_sweep,2012
2012-07-11 14:00:00,2012-07-11 17:00:00,short,1578.52,1579.5121361518418,1569.5907746334244,1579.5921361518417,-33.46181845308298,10288.199827673247,-1.0806340942736687,8.779037014053726,2.116644974685643,8.779037014053726,stop_loss,12,180,0.58,down,London+NY overlap,False,False,no_sweep,2012
2012-07-13 13:45:00,2012-07-13 14:00:00,short,1582.75,1583.694449438313,1574.2499550551827,1583.774449438313,-33.47899879173192,10254.720828881515,-1.0847054344622387,0.0,2.255282192559272,0.0,stop_loss,1,15,0.36,down,London+NY overlap,True,False,prev_day_sweep,2012
2012-07-16 13:30:00,2012-07-16 15:15:00,short,1585.75,1586.5455791242218,1578.589787882003,1578.639787882003,274.9440178266631,10529.664846708178,8.937152699867024,9.904734501056279,0.32680596069473433,7.453689795845628,take_profit,7,105,0.27,down,London+NY overlap,False,False,no_sweep,2012
2012-07-17 14:30:00,2012-07-17 14:45:00,long,1592.93,1592.1352667861067,1600.0825989250409,1592.0552667861068,-34.7688283749627,10494.896018333215,-1.1006627112109924,0.8304673674912572,1.1576211789275537,0.0,stop_loss,1,15,0.46,up,London+NY overlap,False,False,no_sweep,2012
2012-07-17 15:00:00,2012-07-17 15:15:00,long,1592.59,1591.793265749245,1599.7606082567954,1591.713265749245,-34.64606217944692,10460.249956153768,-1.1004098919107843,0.0,9.187505109845036,0.0,stop_loss,1,15,0.47,up,London+NY overlap,False,False,no_sweep,2012
2012-07-17 15:30:00,2012-07-17 15:45:00,long,1587.26,1586.2838107735836,1596.0457030377472,1586.2038107735837,-33.95244388181415,10426.297512271954,-1.081951324430825,2.765857199542907,1.5673190797409262,0.0,stop_loss,1,15,0.71,up,London+NY overlap,False,False,no_sweep,2012
2012-07-19 13:15:00,2012-07-19 13:30:00,short,1582.8500000000001,1583.8040594917666,1574.2634645741032,1583.8840594917665,-33.901696905451196,10392.395815366503,-1.0838522132952195,0.0,2.316417392282342,0.0,stop_loss,1,15,0.61,down,London+NY overlap,False,False,no_sweep,2012
2012-07-19 13:45:00,2012-07-19 14:00:00,short,1584.3300000000002,1585.265030888309,1575.9147220052218,1585.3450308883089,-33.844666164580055,10358.551149201923,-1.0855586708420122,0.14972767397376488,3.78597118476221,0.0,stop_loss,1,15,0.59,down,London+NY overlap,False,False,no_sweep,2012
2012-07-19 14:15:00,2012-07-19 14:30:00,short,1587.6200000000001,1588.5954603067562,1578.8408572391963,1588.6754603067561,-33.624247438143065,10324.92690176378,-1.0820125631415694,0.953396046521675,2.5936473093544588,0.0,stop_loss,1,15,0.63,down,London+NY overlap,True,False,prev_day_sweep,2012
2012-07-19 14:45:00,2012-07-19 15:30:00,short,1589.3400000000001,1590.3583815910295,1580.1745656807357,1590.4383815910294,-33.408036056967994,10291.518865706812,-1.0785560154510145,4.045634795731042,2.189748930698815,4.045634795731042,stop_loss,3,45,0.66,down,London+NY overlap,True,False,prev_day_sweep,2012
2012-07-24 15:45:00,2012-07-24 16:00:00,short,1576.31,1577.1662318769365,1568.6039131075702,1577.2462318769365,-33.75924775882348,10257.759617947988,-1.093432634493999,0.0,5.6993907041392555,0.0,stop_loss,1,15,0.63,down,London+NY overlap,False,False,no_sweep,2012
2012-07-25 13:45:00,2012-07-25 14:00:00,short,1591.14,1592.1055589507623,1582.4499694431406,1592.1855589507622,-33.322954672562105,10224.436663275426,-1.0828535636656622,0.0,2.4959636054301946,0.0,stop_loss,1,15,0.55,down,London+NY overlap,True,False,prev_day_sweep,2012
2012-07-25 14:15:00,2012-07-25 14:30:00,short,1593.0800000000002,1594.037038074892,1584.4666573259735,1594.117038074892,-33.23733002577004,10191.199333249657,-1.0835912406190984,1.9017007240863868,1.0135437925072794,0.0,stop_loss,1,15,0.51,down,London+NY overlap,True,False,prev_day_sweep,2012
2012-07-27 15:45:00,2012-07-27 16:30:00,long,1619.1299999999999,1617.7437633261136,1631.6061300649765,1617.6637633261137,-32.338006549928714,10158.861326699727,-1.0577102031038097,6.427473870692708,1.8539402747115263,6.427473870692708,stop_loss,3,45,0.75,up,London+NY overlap,False,False,no_sweep,2012
2012-07-31 14:15:00,2012-07-31 14:45:00,long,1623.46,1622.7091677540166,1630.2174902138506,1622.6291677540166,-33.72381627659192,10125.137510423136,-1.1065484339915896,0.9589359059252155,1.2785812079002874,0.759157592190682,stop_loss,2,30,0.64,up,London+NY overlap,False,False,no_sweep,2012
2012-08-01 13:15:00,2012-08-01 14:30:00,long,1613.57,1612.8936524440319,1619.657128003712,1612.813652444032,-33.96828868060547,10091.16922174253,-1.1182823820297894,2.809206573210187,1.0349708427616655,2.809206573210187,stop_loss,5,75,0.48,up,London+NY overlap,False,False,no_sweep,2012
2012-08-01 14:45:00,2012-08-01 15:15:00,long,1612.93,1612.246324908962,1619.0830758193426,1612.166324908962,-33.815951502896816,10057.353270239633,-1.1170146478182343,3.5396930965045827,10.180274360195702,3.5396930965045827,stop_loss,2,30,0.5,up,London+NY overlap,False,False,no_sweep,2012
2012-08-01 15:30:00,2012-08-01 15:45:00,long,1608.44,1607.4696212919057,1617.1734083728484,1607.3896212919058,-32.65950596418562,10024.693764275447,-1.082442039723885,0.0,3.5450077081303326,0.0,stop_loss,1,15,0.71,up,London+NY overlap,True,False,prev_day_sweep,2012
2012-08-01 16:00:00,2012-08-01 16:15:00,long,1605.6,1604.535387746592,1615.1815102806702,1604.4553877465921,-32.3339900020512,9992.359774273396,-1.075144729683361,0.0,6.265191837355768,0.0,stop_loss,1,15,0.75,up,London+NY overlap,True,False,prev_day_sweep,2012
2012-08-02 14:00:00,2012-08-02 14:15:00,long,1602.37,1601.5724430664347,1609.548012402087,1601.4924430664348,-32.98396979658665,9959.37580447681,-1.100306318750588,0.0,1.8055137375120107,0.0,stop_loss,1,15,0.45,up,London+NY overlap,False,False,no_sweep,2012
2012-08-02 14:45:00,2012-08-02 15:00:00,long,1599.1,1598.1671164055965,1607.4959523496302,1607.4459523496303,267.30176110359076,10226.6775655804,8.946402744886775,11.812835026912019,0.0,0.0,take_profit,1,15,0.5,up,London+NY overlap,False,False,no_sweep,2012
2012-08-08 15:15:00,2012-08-08 16:15:00,long,1603.93,1603.2079331460727,1610.4286016853464,1610.3786016853464,273.9958349820534,10500.673400562453,8.930754334272823,14.333852805603703,0.0,8.170988555851268,take_profit,4,60,0.65,up,London+NY overlap,True,False,prev_day_sweep,2012
2012-08-09 14:45:00,2012-08-09 15:00:00,long,1610.97,1610.2661517303736,1617.3046344266377,1610.1861517303737,-35.08256692587036,10465.590833636583,-1.1136608605181204,0.4404358345080394,2.06010309689287,0.0,stop_loss,1,15,0.65,up,London+NY overlap,False,False,no_sweep,2012
2012-08-09 15:15:00,2012-08-09 18:15:00,long,1610.7,1609.9844879715977,1617.1396082556214,1613.92,141.29407115442285,10606.884904791006,4.500273751078355,8.259819213935467,0.0,8.259819213935467,time_stop,12,180,0.65,up,London+NY overlap,False,False,no_sweep,2012
2012-08-13 15:00:00,2012-08-13 15:15:00,long,1621.9199999999998,1621.1454634471975,1628.8908289752221,1621.0654634471975,-35.107332880738475,10571.777571910268,-1.1032875720461182,0.25821893011558905,1.626779259727536,0.0,stop_loss,1,15,0.72,up,London+NY overlap,False,False,no_sweep,2012
2012-08-13 15:45:00,2012-08-13 16:00:00,long,1621.3999999999999,1620.645624341652,1628.1893809251324,1620.565624341652,-35.07867906602605,10536.698892844242,-1.1060479604751876,0.0,3.7249346116942728,0.0,stop_loss,1,15,0.68,up,London+NY overlap,False,False,no_sweep,2012
2012-08-14 13:15:00,2012-08-14 13:45:00,long,1612.52,1611.9205122422245,1617.9153898199795,1611.8405122422246,-35.82837753828536,10500.870515305956,-1.1334472622039584,1.0508971898573096,2.3520079963470413,1.0508971898573096,stop_loss,2,30,0.43,up,London+NY overlap,False,False,no_sweep,2012
2012-08-15 15:45:00,2012-08-15 16:00:00,short,1598.16,1599.2350326243115,1588.4847063811974,1599.3150326243115,-33.84692079447233,10467.023594511484,-1.0744163462491807,0.0,4.567303251047492,0.0,stop_loss,1,15,0.78,down,London+NY overlap,False,False,no_sweep,2012
2012-08-16 14:30:00,2012-08-16 14:45:00,short,1604.06,1604.5964070349685,1599.2323366852836,1604.6764070349684,-36.0842413963655,10430.939353115118,-1.1491404750212126,0.9507705282610776,1.2676940376815782,0.0,stop_loss,1,15,0.39,down,London+NY overlap,False,False,no_sweep,2012
2012-08-17 14:30:00,2012-08-17 15:00:00,long,1613.6699999999998,1612.9829851848792,1619.8531333360845,1612.9029851848793,-34.93673575900344,10396.002617356115,-1.1164458149070362,2.430806386186694,1.8631330385139004,1.4264612326128463,stop_loss,2,30,0.7,up,London+NY overlap,False,False,no_sweep,2012
2012-08-20 15:30:00,2012-08-20 15:45:00,long,1612.51,1611.866866130567,1618.2982048248973,1611.786866130567,-35.06751217729156,10360.935105178824,-1.124390898694927,3.0631258803653987,1.6481794077091931,0.0,stop_loss,1,15,0.56,up,London+NY overlap,False,False,no_sweep,2012
2012-08-21 14:15:00,2012-08-21 15:15:00,long,1624.54,1623.9581596309413,1629.7765633215283,1629.7265633215284,277.0741711177323,10638.009276296556,8.914065777043591,20.589839820467606,0.8593422295687636,5.77477978270231,take_profit,4,60,0.53,up,London+NY overlap,False,False,no_sweep,2012
2012-08-22 14:00:00,2012-08-22 14:15:00,long,1638.49,1637.756210206893,1645.0941081379622,1637.676210206893,-35.39339242388961,10602.615883872666,-1.1090230482236498,0.04088364308386865,2.7800877297055475,0.0,stop_loss,1,15,0.74,up,London+NY overlap,False,False,no_sweep,2012
2012-08-22 14:30:00,2012-08-22 15:30:00,long,1636.6399999999999,1635.903186351862,1643.2713228332425,1643.2213228332425,284.11215584147175,10886.728039714139,8.932140236374012,9.893953536858405,0.0,8.686049744292596,take_profit,4,60,0.75,up,London+NY overlap,False,False,no_sweep,2012
2012-08-23 14:15:00,2012-08-23 14:30:00,long,1659.86,1659.0467686287748,1667.1790823410263,1658.9667686287748,-35.87306402267199,10850.854975691467,-1.098372988094898,0.43038182291573823,3.3077917246937436,0.0,stop_loss,1,15,0.21,up,London+NY overlap,False,False,no_sweep,2012
2012-08-24 13:30:00,2012-08-24 13:45:00,long,1666.6499999999999,1665.8941599224684,1673.452560697783,1665.8141599224684,-35.99800963366982,10814.856966057798,-1.1058424954934902,3.008224652307558e-13,1.7464011756440911,0.0,stop_loss,1,15,0.47,up,London+NY overlap,False,False,no_sweep,2012
2012-08-24 14:45:00,2012-08-24 17:45:00,long,1663.35,1662.5262053945028,1670.764151449474,1669.03,223.70280343170612,11038.559769489504,6.894922547559426,8.205928947447381,0.0,7.611120488238906,time_stop,12,180,0.6,up,London+NY overlap,False,False,no_sweep,2012
2012-08-28 13:45:00,2012-08-28 14:00:00,long,1661.77,1661.053879412018,1668.2150852918385,1660.973879412018,-36.81513215081809,11001.744637338687,-1.111713028982121,0.642349916647831,1.8013725923382895,0.0,stop_loss,1,15,0.37,up,London+NY overlap,True,False,prev_day_sweep,2012
2012-08-29 14:45:00,2012-08-29 16:45:00,long,1662.04,1661.3287163318175,1668.4415530136428,1661.2487163318176,-36.717421933577185,10965.027215405109,-1.1124727075547145,8.477630331944276,2.6571677159823675,8.477630331944276,stop_loss,8,120,0.59,up,London+NY overlap,False,False,no_sweep,2012
2012-08-30 13:15:00,2012-08-30 13:30:00,long,1656.6299999999999,1656.078258160508,1661.5956765554265,1655.9982581605082,-37.66471545560484,10927.362499949504,-1.1449953479576869,0.0,1.939312778935709,0.0,stop_loss,1,15,0.35,up,London+NY overlap,False,False,no_sweep,2012
2012-08-30 13:45:00,2012-08-30 15:15:00,long,1655.6299999999999,1655.0777838220706,1660.5999456013626,1660.5499456013627,292.0705579528097,11219.433057902314,8.90945574939849,10.593677320242247,0.0,5.505090436502171,take_profit,6,90,0.36,up,London+NY overlap,False,False,no_sweep,2012
2012-08-31 13:15:00,2012-08-31 15:30:00,long,1657.58,1656.981348836209,1662.9678604741187,1662.9178604741187,300.1135146012058,11519.54657250352,8.916478906208287,10.005827036347396,0.0,7.216222503676515,take_profit,9,135,0.51,up,London+NY overlap,False,False,no_sweep,2012
2012-09-04 13:45:00,2012-09-04 14:00:00,long,1691.24,1690.570554815731,1697.2650066584215,1690.490554815731,-38.68846429816969,11480.85810820535,-1.1195019426232389,0.0,2.4049765952947237,0.0,stop_loss,1,15,0.57,up,London+NY overlap,False,False,no_sweep,2012
2012-09-04 14:15:00,2012-09-04 16:30:00,long,1689.86,1689.1684120605025,1696.0842914554755,1689.0884120605026,-38.426747252746274,11442.431360952603,-1.1156758171029844,8.805821576972901,2.5737869305437027,8.805821576972901,stop_loss,9,135,0.7,up,London+NY overlap,False,False,no_sweep,2012
2012-09-05 15:00:00,2012-09-05 18:00:00,long,1688.75,1687.9810218799576,1695.6708030803811,1693.71,221.41511469998318,11663.846475652586,6.450118502365507,8.244707924394454,0.0,8.244707924394454,time_stop,12,180,0.64,up,London+NY overlap,False,False,no_sweep,2012
2012-09-06 13:30:00,2012-09-06 14:30:00,long,1707.4099999999999,1706.580042900727,1714.8796138934554,1706.500042900727,-38.364392260684475,11625.482083391902,-1.0963905243656769,2.915813362064468,5.614748044305616,2.915813362064468,stop_loss,4,60,0.63,up,London+NY overlap,False,False,no_sweep,2012
2012-09-06 14:45:00,2012-09-06 15:00:00,long,1702.8,1701.7994300063583,1711.8051299427746,1711.7551299427746,312.1451873404641,11937.627270732366,8.950028483446518,10.63393872254258,0.0,0.0,take_profit,1,15,0.85,up,London+NY overlap,False,False,no_sweep,2012
2012-09-07 13:45:00,2012-09-07 15:15:00,long,1694.1399999999999,1693.3488671146113,1701.2601959684966,1693.2688671146113,-39.434309511496764,11898.19296122087,-1.1011208122901264,4.891719294539458,5.308842645236229,4.095392897754138,stop_loss,6,90,0.27,up,London+NY overlap,False,False,no_sweep,2012
2012-09-07 15:30:00,2012-09-07 15:45:00,long,1690.27,1689.2292747525207,1699.6365272273138,1699.5865272273138,319.5363203137546,12217.729281534625,8.951956580163108,36.70517275575306,0.0,0.0,take_profit,1,15,0.64,up,London+NY overlap,True,False,prev_day_sweep,2012
2012-09-10 14:00:00,2012-09-10 14:15:00,long,1732.43,1731.7320124304108,1738.7118881263032,1731.6520124304109,-40.85420109372402,12176.875080440901,-1.1146152216535954,0.0,2.9943226657031117,0.0,stop_loss,1,15,0.2,up,London+NY overlap,False,False,no_sweep,2012
2012-09-10 14:30:00,2012-09-10 14:45:00,long,1731.1599999999999,1730.4491841874458,1737.5573423129856,1730.3691841874459,-40.64202789681841,12136.233052544083,-1.112546736562422,0.6190070510939603,2.433823178164293,0.0,stop_loss,1,15,0.24,up,London+NY overlap,False,False,no_sweep,2012
2012-09-12 14:15:00,2012-09-12 14:45:00,long,1742.21,1741.065355247936,1752.5118027685771,1740.985355247936,-38.953327897121575,12097.279724646962,-1.0698906799298789,0.4542894195446097,1.476440613520081,0.4542894195446097,stop_loss,2,30,0.9,up,London+NY overlap,False,False,no_sweep,2012
2012-09-12 15:00:00,2012-09-12 15:30:00,long,1741.9099999999999,1740.8425931048523,1751.5166620563277,1740.7625931048524,-39.01183952911127,12058.26788511785,-1.0749479887787958,2.1172806830031115,3.916032413695489,2.1172806830031115,stop_loss,2,30,0.86,up,London+NY overlap,False,False,no_sweep,2012
2012-09-14 14:45:00,2012-09-14 15:00:00,long,1772.01,1770.8066608285287,1782.840052543241,1770.7266608285288,-38.57976508354948,12019.6881200343,-1.066481671914756,0.0,2.418270815901514,0.0,stop_loss,1,15,0.5,up,London+NY overlap,False,False,no_sweep,2012
2012-09-14 15:15:00,2012-09-14 15:30:00,long,1769.81,1768.523830000109,1781.385529999019,1768.443830000109,-38.30194449962583,11981.386175534673,-1.0622001757207138,2.2236562820176413,2.316956545598712,0.0,stop_loss,1,15,0.62,up,London+NY overlap,False,False,no_sweep,2012
2012-09-14 15:45:00,2012-09-14 18:45:00,long,1767.5,1766.0219248470328,1780.8026763767052,1774.02,158.55480225277472,12139.940977787448,4.411142415127637,5.480100239652387,0.48035446545104166,5.480100239652387,time_stop,12,180,0.72,up,London+NY overlap,False,False,no_sweep,2012
2012-09-17 14:45:00,2012-09-17 17:00:00,long,1768.26,1767.527745773294,1774.8502880403532,1767.4477457732942,-40.398749552568574,12099.542228234879,-1.1092516739163314,6.882855456735077,3.031733951180986,6.882855456735077,stop_loss,9,135,0.31,up,London+NY overlap,False,False,no_sweep,2012
2012-09-19 15:00:00,2012-09-19 15:15:00,long,1771.6599999999999,1770.5460522930134,1781.6855293628787,1770.4660522930135,-38.905472694226596,12060.636755540652,-1.071816656651102,1.1849748347444065,2.2352934382673846,0.0,stop_loss,1,15,0.64,up,London+NY overlap,False,False,no_sweep,2012
2012-09-19 15:45:00,2012-09-19 16:45:00,long,1768.12,1766.6521198570517,1781.3309212865324,1766.5721198570518,-38.1538374946268,12022.482918046026,-1.0545003625699652,3.6651493828335733,1.7780743288466663,3.6651493828335733,stop_loss,4,60,0.83,up,London+NY overlap,False,False,no_sweep,2012
2012-09-20 13:15:00,2012-09-20 15:30:00,long,1757.75,1756.8642167891624,1765.7220488975397,1765.6720488975398,322.5711315634344,12345.05404960946,8.943552779746454,10.205657422035866,0.0,7.033323643726093,take_profit,9,135,0.48,up,London+NY overlap,True,False,prev_day_sweep,2012
2012-09-24 13:15:00,2012-09-24 16:15:00,long,1756.5,1755.566708622619,1764.8996223964286,1759.98,138.0944551738937,12483.148504783354,3.7287390458546255,7.1467498378880725,0.39644639280626354,7.1467498378880725,time_stop,12,180,0.54,up,London+NY overlap,True,False,prev_day_sweep,2012
2012-09-26 14:45:00,2012-09-26 15:00:00,long,1758.82,1758.0572033079259,1765.6851702286663,1757.977203307926,-41.37703942275992,12441.771465360594,-1.1048772246014928,1.5862680220990713,5.5584929038841935,0.0,stop_loss,1,15,0.38,up,London+NY overlap,True,False,prev_day_sweep,2012
2012-09-26 15:15:00,2012-09-26 15:30:00,long,1755.32,1754.369807954283,1763.871728411452,1754.289807954283,-40.46786348933474,12401.30360187126,-1.0841935063133143,0.0,13.618299646190808,0.0,stop_loss,1,15,0.63,up,London+NY overlap,True,False,prev_day_sweep,2012
2012-09-27 15:15:00,2012-09-27 15:30:00,short,1761.9,1762.794480450464,1753.8496759458233,1762.874480450464,-40.5313316149813,12360.772270256279,-1.0894373934706196,0.7043194735818917,5.008494034359272,0.0,stop_loss,1,15,0.52,down,London+NY overlap,False,False,no_sweep,2012
2012-09-27 15:45:00,2012-09-27 16:00:00,short,1763.32,1764.4021030414715,1753.5810726267555,1764.4821030414714,-39.82381667830875,12320.94845357797,-1.0739301128764365,0.6099234312310208,1.949906727117902,0.0,stop_loss,1,15,0.65,down,London+NY overlap,True,False,prev_day_sweep,2012
2012-09-28 14:00:00,2012-09-28 15:00:00,long,1777.81,1777.0429373889044,1784.7135634998597,1776.9629373889045,-40.81784700738277,12280.130606570587,-1.1042939635470832,4.236942269104111,1.5383359623206638,4.236942269104111,stop_loss,4,60,0.55,up,London+NY overlap,False,False,no_sweep,2012
2012-10-01 13:30:00,2012-10-01 13:45:00,long,1768.5,1767.8263207325135,1774.5631134073792,1767.7463207325136,-41.21522044783697,12238.91538612275,-1.1187508713136003,0.0,3.903934894438325,0.0,stop_loss,1,15,0.26,up,London+NY overlap,False,False,no_sweep,2012
2012-10-02 14:15:00,2012-10-02 14:30:00,long,1778.3899999999999,1777.6682054950434,1784.8861505446075,1777.5882054950434,-40.786241939364515,12198.129144183386,-1.1108348698287027,0.7896984475304517,2.2305517553045315,0.0,stop_loss,1,15,0.27,up,London+NY overlap,False,False,no_sweep,2012
2012-10-03 14:15:00,2012-10-03 15:15:00,long,1776.72,1775.9347539279893,1783.7872146480977,1775.8547539279893,-40.32258308860085,12157.806561094785,-1.1018788923006952,6.48204452263753,2.075782430628694,3.7949887382043745,stop_loss,4,60,0.61,up,London+NY overlap,False,False,no_sweep,2012
2012-10-05 15:30:00,2012-10-05 15:45:00,long,1784.46,1783.538767820758,1792.751089613177,1783.458767820758,-39.64077927015958,12118.165781824626,-1.0868402144459959,1.324313270302673,12.396440612177281,0.0,stop_loss,1,15,0.64,up,London+NY overlap,False,False,no_sweep,2012
2012-10-10 15:00:00,2012-10-10 15:30:00,short,1767.07,1767.8668609320514,1759.8982516115375,1759.9482516115374,324.9093693387056,12443.075151163332,8.937253794244983,11.859032887547553,0.3764772345252603,1.2674733562352236,take_profit,2,30,0.63,down,London+NY overlap,False,False,no_sweep,2012
2012-10-11 13:45:00,2012-10-11 14:15:00,short,1770.57,1771.369215314512,1763.3770621693916,1771.449215314512,-41.06581305641827,12402.009338106913,-1.1000981819883684,0.8132977286560626,1.2262027293586515,0.8132977286560626,stop_loss,2,30,0.57,down,London+NY overlap,True,False,prev_day_sweep,2012
2012-10-12 14:30:00,2012-10-12 15:30:00,short,1768.8300000000002,1769.4782551862597,1762.9957033236647,1769.5582551862597,-41.79755663488946,12360.211781472024,-1.1234081912425973,2.344755633611804,5.615072701543088,1.9899570837889862,stop_loss,4,60,0.42,down,London+NY overlap,False,False,no_sweep,2012
2012-10-12 15:45:00,2012-10-12 16:15:00,short,1771.8600000000001,1772.6641224041173,1764.6228983629467,1764.6728983629466,331.4200594615074,12691.63184093353,8.937820411737242,10.185016557263914,0.049743670609301995,8.344500744718044,take_profit,2,30,0.71,down,London+NY overlap,False,False,no_sweep,2012
2012-10-15 14:30:00,2012-10-15 14:45:00,short,1747.88,1748.6178775011385,1741.2391024897536,1748.6978775011385,-42.20294067544693,12649.428900258084,-1.1084190802355405,1.910886289153248,1.1926098825918687,0.0,stop_loss,1,15,0.31,down,London+NY overlap,False,False,no_sweep,2012
2012-10-16 14:00:00,2012-10-16 14:15:00,short,1740.1100000000001,1740.7793365191421,1734.0859713277216,1740.859336519142,-42.48391690955282,12606.944983348532,-1.1195213434678204,0.522905877672394,1.4790766254152978,0.0,stop_loss,1,15,0.27,down,London+NY overlap,False,False,no_sweep,2012
2012-10-16 14:45:00,2012-10-16 15:15:00,short,1743.5900000000001,1744.3098332115726,1737.1115010958472,1744.3898332115725,-42.024123638812036,12564.92085970972,-1.1111368560297046,1.7365133754660296,2.945126684789699,1.7365133754660296,stop_loss,2,30,0.38,down,London+NY overlap,False,False,no_sweep,2012
2012-10-17 13:45:00,2012-10-17 14:00:00,short,1750.1100000000001,1750.7812473312997,1744.0687740183039,1750.8612473312996,-42.187266110561026,12522.73359359916,-1.119181106977426,0.0,1.6834331360574968,0.0,stop_loss,1,15,0.65,down,London+NY overlap,True,False,prev_day_sweep,2012
2012-10-17 14:15:00,2012-10-17 14:30:00,short,1750.77,1751.4108204030083,1745.0026163729253,1751.4908204030082,-42.25821384584973,12480.47537975331,-1.1248399701763063,0.546174869521695,1.0143247576835532,0.0,stop_loss,1,15,0.48,down,London+NY overlap,True,False,prev_day_sweep,2012
2012-10-19 16:00:00,2012-10-19 16:15:00,short,1736.95,1737.7845344182724,1729.4391902355487,1737.8645344182723,-41.03062992229729,12439.444749831013,-1.0958618341536361,0.6470673805375902,1.6416339098823844,0.0,stop_loss,1,15,0.69,down,London+NY overlap,False,False,no_sweep,2012
2012-10-26 15:30:00,2012-10-26 15:45:00,short,1706.04,1706.8051359584408,1699.1537763740325,1706.8851359584407,-41.220211696267775,12398.224538134746,-1.1045565812420404,0.0,8.220761200162851,0.0,stop_loss,1,15,0.45,down,London+NY overlap,False,False,no_sweep,2012
2012-10-29 15:30:00,2012-10-29 18:30:00,short,1712.52,1713.3333572669499,1705.1997845974506,1707.77,217.2165994544526,12615.441137589198,5.839992083445302,8.089925875593613,0.9221040131755739,8.089925875593613,time_stop,12,180,0.72,down,London+NY overlap,False,False,no_sweep,2012
2012-10-30 13:30:00,2012-10-30 16:30:00,short,1714.5900000000001,1715.2821401636727,1708.3607385269481,1710.58,219.2673750934152,12834.708512682613,5.793624197045374,7.917471471273902,0.0,7.917471471273902,time_stop,12,180,0.54,down,London+NY overlap,False,False,no_sweep,2012
2012-11-01 13:45:00,2012-11-01 14:00:00,short,1726.1000000000001,1726.9217304705744,1718.704425764831,1727.0017304705743,-42.2527148302136,12792.455797852399,-1.0973555233311711,1.6672133370479663,1.0709107566437128,0.0,stop_loss,1,15,0.65,down,London+NY overlap,True,False,prev_day_sweep,2012
2012-11-05 14:15:00,2012-11-05 14:45:00,short,1681.4,1682.4177305536737,1672.2404250169382,1682.4977305536736,-41.39406899537087,12751.061728857028,-1.0786062673574663,1.572125347150893,1.5328222134719363,1.572125347150893,stop_loss,2,30,0.57,down,London+NY overlap,False,False,no_sweep,2012
2012-11-06 13:45:00,2012-11-06 14:00:00,short,1692.15,1692.906515612436,1685.341359488077,1692.9865156124358,-42.29838235714843,12708.76334649988,-1.1057479828371892,0.0,2.604044077367888,0.0,stop_loss,1,15,0.53,down,London+NY overlap,True,False,prev_day_sweep,2012
2012-11-06 14:15:00,2012-11-06 15:45:00,short,1692.92,1693.668449686233,1686.1839528239032,1693.748449686233,-42.201518153373954,12666.561828346506,-1.1068876124493698,5.103883494462281,1.5498703805170808,5.103883494462281,stop_loss,6,90,0.53,down,London+NY overlap,True,False,prev_day_sweep,2012
2012-11-07 15:45:00,2012-11-07 16:00:00,short,1723.5900000000001,1725.064316227122,1710.3211539559034,1725.1443162271219,-40.061641246548795,12626.500187099957,-1.0542624428384038,0.0,2.570683229471692,0.0,stop_loss,1,15,0.79,down,London+NY overlap,True,False,prev_day_sweep,2012
2012-11-08 15:45:00,2012-11-08 16:00:00,long,1715.79,1714.7515732447457,1725.1358407972891,1714.6715732447458,-40.797722794662185,12585.702464305294,-1.077039617474359,0.17333913931752679,2.340078380785845,0.0,stop_loss,1,15,0.58,up,London+NY overlap,False,False,no_sweep,2012
2012-11-09 15:15:00,2012-11-09 16:30:00,long,1728.4099999999999,1727.3087274324967,1738.321453107528,1738.271453107528,338.0997175615773,12923.802181866871,8.954597979214178,9.153047390305444,0.0,8.072479295616574,take_profit,5,75,0.74,up,London+NY overlap,False,False,no_sweep,2012
2012-11-12 15:30:00,2012-11-12 15:45:00,long,1734.9199999999998,1734.11635802678,1742.1527777589777,1734.0363580267801,-42.6309766365184,12881.171205230354,-1.0995468164503754,0.4728473781398491,1.9536062728403152,0.0,stop_loss,1,15,0.51,up,London+NY overlap,False,False,no_sweep,2012
2012-11-12 16:00:00,2012-11-12 18:00:00,long,1733.75,1732.9151250332952,1741.2638747003432,1732.8351250332953,-42.346440655717736,12838.824764574636,-1.095822731774657,3.2459950388695007,5.354095137913861,3.2459950388695007,stop_loss,8,120,0.59,up,London+NY overlap,False,False,no_sweep,2012
2012-11-13 15:15:00,2012-11-13 15:30:00,long,1726.8799999999999,1725.9846947594674,1734.9377471647915,1725.9046947594675,-41.95811386422671,12796.86665071041,-1.0893550002592942,0.4914525014266264,2.4460931321002124,0.0,stop_loss,1,15,0.83,up,London+NY overlap,False,False,no_sweep,2012
2012-11-14 13:15:00,2012-11-14 13:30:00,long,1723.19,1722.4057673442028,1730.2480939021755,1722.3257673442029,-42.3068459455417,12754.559804764867,-1.102010544203362,0.6630685373224331,1.823438477636836,0.0,stop_loss,1,15,0.57,up,London+NY overlap,False,False,no_sweep,2012
2012-11-14 14:30:00,2012-11-14 15:15:00,long,1721.98,1721.2024914740343,1728.9775767336905,1728.9275767336906,341.91245493284674,13096.472259697714,8.935692023520211,9.19604063649283,0.39870945416954395,2.443703106200978,take_profit,3,45,0.55,up,London+NY overlap,False,False,no_sweep,2012
2012-11-15 13:45:00,2012-11-15 14:15:00,long,1720.25,1719.557452644097,1726.4829262031265,1719.4774526440972,-43.82795600754316,13052.644303690171,-1.1155155662902352,3.3210725308472164,1.299550120766459,3.3210725308472164,stop_loss,2,30,0.39,up,London+NY overlap,True,False,prev_day_sweep,2012
2012-11-15 15:00:00,2012-11-15 15:30:00,long,1717.05,1716.117042461074,1725.4466178503328,1725.3966178503329,350.3228048234429,13402.967108513614,8.946406992908495,9.100092604187424,0.0,2.5724643404064333,take_profit,2,30,0.63,up,London+NY overlap,True,False,prev_day_sweep,2012
2012-11-16 15:00:00,2012-11-16 15:15:00,short,1710.96,1711.8035649118842,1703.3679157930421,1711.8835649118842,-44.02213734416032,13358.944971169454,-1.0948356183061707,0.2133801411891536,4.066077134880842,0.0,stop_loss,1,15,0.56,down,London+NY overlap,False,False,no_sweep,2012
2012-11-16 15:30:00,2012-11-16 16:45:00,short,1713.5900000000001,1714.5245534189207,1705.179019229715,1714.6045534189207,-43.507507498047055,13315.437463671407,-1.0856023833205037,3.8093060577660607,3.616700695294441,3.8093060577660607,stop_loss,5,75,0.63,down,London+NY overlap,False,False,no_sweep,2012
2012-11-19 15:30:00,2012-11-19 15:45:00,short,1728.43,1729.1420683612748,1722.021384748527,1729.2220683612748,-44.4342311991989,13271.003232472209,-1.1123487636168943,0.0,4.929302003695705,0.0,stop_loss,1,15,0.4,down,London+NY overlap,True,False,prev_day_sweep,2012
2012-11-19 16:00:00,2012-11-19 17:30:00,short,1731.16,1731.9524466992625,1724.027979706638,1732.0324466992624,-43.8322589147519,13227.170973557457,-1.1009531619910682,4.65646459684233,2.13263554706304,4.65646459684233,stop_loss,6,90,0.58,down,London+NY overlap,True,False,prev_day_sweep,2012
2012-11-20 14:45:00,2012-11-20 15:00:00,long,1731.1499999999999,1730.4284529056304,1737.6439238493244,1730.3484529056304,-44.081116298501584,13183.089857258956,-1.1108728738902798,3.7003821660915572,1.275038049739164,0.0,stop_loss,1,15,0.68,up,London+NY overlap,False,False,no_sweep,2012
2012-11-21 14:00:00,2012-11-21 14:45:00,long,1726.09,1725.4606636610997,1731.754027050101,1725.3806636610998,-44.57669508365565,13138.5131621753,-1.1271180369780192,2.9078250958750824,1.4300779160038013,2.9078250958750824,stop_loss,3,45,0.2,up,London+NY overlap,False,False,no_sweep,2012
2012-11-27 13:30:00,2012-11-27 16:15:00,long,1746.09,1745.4667950773867,1751.6988443035186,1745.3867950773868,-44.47526068657184,13094.03790148873,-1.1283686907742465,4.797779817691839,2.968525974157003,4.797779817691839,stop_loss,11,165,0.62,up,London+NY overlap,True,False,prev_day_sweep,2012
2012-11-28 13:15:00,2012-11-28 13:45:00,long,1738.62,1737.979183058632,1744.3873524723106,1737.8991830586322,-44.186118098680126,13049.85178339005,-1.124840644551578,2.9181500663959747,1.201591203810003,2.9181500663959747,stop_loss,2,30,0.61,up,London+NY overlap,True,False,prev_day_sweep,2012
2012-11-28 14:15:00,2012-11-28 15:15:00,long,1734.26,1733.4631788144939,1741.431390669556,1733.383178814494,-43.08012909115492,13006.771654298895,-1.1003989369950198,2.0456283412755267,26.693567373575156,2.0456283412755267,stop_loss,4,60,0.79,up,London+NY overlap,True,False,prev_day_sweep,2012
2012-11-29 14:45:00,2012-11-29 15:00:00,short,1726.23,1726.9198075163602,1720.0217323527597,1726.99980751636,-43.54567185303408,12963.22598244586,-1.1159743814072345,1.130750218721525,1.6091445420266968,0.0,stop_loss,1,15,0.43,down,London+NY overlap,False,False,no_sweep,2012
2012-11-29 15:15:00,2012-11-29 16:45:00,short,1727.14,1727.8626401544125,1720.6362386102878,1727.9426401544124,-43.19496629422452,12920.031016151635,-1.1107051684181324,8.690355720831585,1.1900805604958689,8.690355720831585,stop_loss,6,90,0.45,down,London+NY overlap,False,False,no_sweep,2012
2012-11-30 13:15:00,2012-11-30 13:30:00,short,1729.5900000000001,1730.1462531601208,1724.5837215589147,1730.2262531601207,-44.334546671695925,12875.696469479939,-1.1438194076642763,0.0,2.1572911149657807,0.0,stop_loss,1,15,0.34,down,London+NY overlap,True,False,prev_day_sweep,2012
2012-11-30 13:45:00,2012-11-30 14:15:00,short,1730.39,1730.940340735002,1725.4369333849825,1731.020340735002,-44.242096541540896,12831.454372938399,-1.1453644895096402,1.0357219877574249,1.399133211531525,1.0357219877574249,stop_loss,2,30,0.33,down,London+NY overlap,True,False,prev_day_sweep,2012
2012-12-03 15:00:00,2012-12-03 17:00:00,short,1718.29,1719.0971484169754,1711.025664247221,1719.1771484169753,-42.309707341433025,12789.144665596965,-1.0991143615194137,7.161012619784109,5.228282570153854,7.161012619784109,stop_loss,8,120,0.53,down,London+NY overlap,False,False,no_sweep,2012
2012-12-05 14:30:00,2012-12-05 14:45:00,short,1704.41,1704.9924469429975,1699.1679775130242,1705.0724469429974,-43.6372611572608,12745.507404439704,-1.137351566458958,1.0644746400580953,1.5795430142791878,0.0,stop_loss,1,15,0.23,down,London+NY overlap,False,False,no_sweep,2012
2012-12-06 13:15:00,2012-12-06 15:30:00,short,1693.71,1694.3692058816966,1687.7771470647315,1687.8271470647314,341.22850414828923,13086.735908587994,8.924151162195066,11.847588464925769,0.652300005111251,8.904653558145473,take_profit,9,135,0.26,down,London+NY overlap,False,False,no_sweep,2012
2012-12-10 13:15:00,2012-12-10 14:30:00,short,1712.57,1713.2593294281962,1706.3660351462333,1713.3393294281962,-43.816543912188784,13042.919364675805,-1.116054816068504,2.6112333615436487,1.0590001966260885,2.6112333615436487,stop_loss,5,75,0.51,down,London+NY overlap,True,False,prev_day_sweep,2012
2012-12-10 15:15:00,2012-12-10 15:30:00,short,1714.82,1715.5289618675922,1708.439343191669,1715.6089618675921,-43.54408815705355,12999.375276518751,-1.1128410478149084,0.0,3.3711263034735994,0.0,stop_loss,1,15,0.55,down,London+NY overlap,True,False,prev_day_sweep,2012
2012-12-11 14:00:00,2012-12-11 14:15:00,short,1711.89,1712.3917441866624,1707.37430232004,1712.4717441866624,-45.21613522417483,12954.159141294576,-1.1594438004994079,0.0,4.564078789299635,0.0,stop_loss,1,15,0.32,down,London+NY overlap,False,False,no_sweep,2012
2012-12-11 14:30:00,2012-12-11 14:45:00,short,1713.51,1714.040100854826,1708.739092306565,1714.120100854826,-44.72739570425137,12909.431745590326,-1.1509146783514947,0.39615103067310276,1.5091467835162347,0.0,stop_loss,1,15,0.59,down,London+NY overlap,False,False,no_sweep,2012
2012-12-12 14:30:00,2012-12-12 15:30:00,short,1715.31,1715.851538360867,1710.4361547521976,1715.9315383608669,-44.4495217330411,12864.982223857285,-1.147727300189502,2.769886878555683,4.394887180641885,2.769886878555683,stop_loss,4,60,0.68,down,London+NY overlap,True,False,prev_day_sweep,2012
2012-12-17 14:00:00,2012-12-17 14:15:00,short,1692.1200000000001,1692.74158973116,1686.5256924195598,1692.82158973116,-43.562203334517804,12821.420020522768,-1.128702254862933,0.0,1.2870225486304279,0.0,stop_loss,1,15,0.23,down,London+NY overlap,False,False,no_sweep,2012
2012-12-17 15:45:00,2012-12-17 17:15:00,short,1696.5800000000002,1697.352527399931,1689.6272534006225,1697.432527399931,-42.44747257312221,12778.972547949646,-1.1035561974980963,2.6406830362041087,2.29118086964715,2.6406830362041087,stop_loss,6,90,0.68,down,London+NY overlap,False,False,no_sweep,2012
2012-12-18 15:00:00,2012-12-18 17:00:00,short,1698.68,1699.173649627022,1694.2371533568012,1694.2871533568011,341.14924992106336,13120.12179787071,8.898713587001167,14.666272602444428,0.6887476084019197,6.563359562419892,take_profit,8,120,0.45,down,London+NY overlap,False,False,no_sweep,2012
2012-12-20 14:30:00,2012-12-20 15:30:00,short,1670.24,1670.8274336277345,1664.9530973503895,1665.0030973503895,350.89309172575975,13471.01488959647,8.914884001120246,25.330521266522883,0.0,8.22220549175422,take_profit,4,60,0.24,down,London+NY overlap,False,False,no_sweep,2012
2012-12-26 15:30:00,2012-12-26 15:45:00,short,1659.66,1660.3485891055188,1653.462698050332,1660.4285891055188,-45.1082156315431,13425.906673964928,-1.116179590061417,0.0,3.6741795356956173,0.0,stop_loss,1,15,0.3,down,London+NY overlap,False,False,no_sweep,2012
2012-12-26 16:00:00,2012-12-26 16:15:00,short,1662.1100000000001,1662.8447273409831,1655.4974539311536,1662.924727340983,-44.6633164493227,13381.243357515605,-1.1088839295035549,0.0,7.866863906638957,0.0,stop_loss,1,15,0.37,down,London+NY overlap,False,False,no_sweep,2012
2012-12-31 15:15:00,2012-12-31 15:30:00,short,1662.91,1663.7536400870467,1655.3172392165807,1663.8336400870467,-43.95044629562648,13337.292911219978,-1.0948271676847232,1.9795171254204822,3.532311996259171,0.0,stop_loss,1,15,0.79,down,London+NY overlap,False,False,no_sweep,2012
2013-01-02 14:30:00,2013-01-02 14:45:00,short,1686.64,1687.5312778339476,1678.6184994944722,1687.6112778339475,-43.603295659752305,13293.689615560226,-1.0897587676399483,0.0,3.478152246051052,0.0,stop_loss,1,15,0.59,down,London+NY overlap,True,True,both,2013
2013-01-03 13:15:00,2013-01-03 13:30:00,long,1681.33,1680.6612228613508,1687.3489942478432,1680.5812228613509,-44.65169469997459,13249.037920860252,-1.1196213138528,0.29905328463234,2.70643222592198,0.0,stop_loss,1,15,0.38,up,London+NY overlap,False,False,no_sweep,2013
2013-01-03 13:45:00,2013-01-03 14:00:00,long,1680.83,1680.1069472631034,1687.337474632069,1680.0269472631035,-44.14481387315869,13204.893106987092,-1.1106419987334546,0.6085309930346295,2.9735037159641093,0.0,stop_loss,1,15,0.48,up,London+NY overlap,False,False,no_sweep,2013
2013-01-07 14:30:00,2013-01-07 15:15:00,short,1657.72,1658.5602032275242,1650.158170952282,1650.208170952282,354.1746676171526,13559.067774604246,8.940490588036855,13.556244045340131,0.0,3.6181722473953593,take_profit,3,45,0.21,down,London+NY overlap,False,False,no_sweep,2013
2013-01-08 14:15:00,2013-01-08 16:00:00,short,1656.76,1657.5125064630147,1649.9874418328673,1657.5925064630146,-45.00165291440516,13514.06612168984,-1.1063113792796286,8.571354954427907,2.5514731027135023,8.571354954427907,stop_loss,7,105,0.36,down,London+NY overlap,False,False,no_sweep,2013
2013-01-10 13:45:00,2013-01-10 15:00:00,short,1664.78,1665.430089810591,1658.9291917046814,1658.9791917046814,361.76158548423643,13875.827707174078,8.923087550080266,9.291023950227714,0.323032289660293,7.875834871716089,take_profit,5,75,0.56,down,London+NY overlap,False,False,no_sweep,2013
2013-01-10 15:45:00,2013-01-10 16:00:00,short,1667.4,1668.4823903697747,1657.658486672029,1668.5623903697747,-44.70419069645387,13831.123516477624,-1.0739104875966168,0.0,2.7162104191779766,0.0,stop_loss,1,15,0.89,down,London+NY overlap,True,False,prev_day_sweep,2013
2013-01-11 13:15:00,2013-01-11 14:15:00,long,1668.51,1667.8750388944075,1674.2246499503335,1667.7950388944075,-46.72120200984008,13784.402314467785,-1.1259919691069458,3.3860341697523935,2.3623494207573836,3.3860341697523935,stop_loss,4,60,0.22,up,London+NY overlap,False,False,no_sweep,2013
2013-01-15 14:00:00,2013-01-15 14:15:00,long,1679.1,1678.117488178784,1687.942606390942,1678.037488178784,-44.7203486754745,13739.68196579231,-1.0814239567122197,0.0,2.3409387554784034,0.0,stop_loss,1,15,0.71,up,London+NY overlap,False,False,no_sweep,2013
2013-01-15 14:30:00,2013-01-15 14:45:00,long,1678.1399999999999,1677.1032933786455,1687.4703595921899,1677.0232933786456,-44.39981430751713,13695.282151484793,-1.0771674438573702,0.32796163639426196,1.6108703905239188,0.0,stop_loss,1,15,0.84,up,London+NY overlap,False,False,no_sweep,2013
2013-01-16 14:30:00,2013-01-16 14:45:00,long,1675.72,1674.9774052972384,1682.4033523248552,1674.8974052972385,-45.51203977919795,13649.770111705595,-1.1077303671874017,2.0199443847656147,3.137646944335824,0.0,stop_loss,1,15,0.36,up,London+NY overlap,False,False,no_sweep,2013
2013-01-17 15:45:00,2013-01-17 16:00:00,long,1674.03,1673.0642638838217,1682.721625045605,1672.9842638838218,-44.34148421359853,13605.428627491996,-1.0828383640828434,0.0,7.600419904607705,0.0,stop_loss,1,15,0.81,up,London+NY overlap,True,False,prev_day_sweep,2013
2013-01-21 16:00:00,2013-01-21 19:00:00,long,1686.08,1685.4522784807982,1691.7294936728151,1688.74,172.96096617089344,13778.389593662889,4.237547891273279,5.958056057654743,0.0,5.958056057654743,time_stop,12,180,0.39,up,London+NY overlap,False,False,no_sweep,2013
2013-01-22 14:15:00,2013-01-22 14:30:00,long,1691.57,1691.0659435404848,1696.1065081356357,1690.9859435404849,-47.8955717677036,13730.494021895185,-1.1587123793173495,0.0,2.162456168200691,0.0,stop_loss,1,15,0.41,up,London+NY overlap,False,False,no_sweep,2013
2013-01-22 14:45:00,2013-01-22 15:00:00,long,1690.9099999999999,1690.423339073173,1695.289948341441,1690.3433390731732,-47.96276445882704,13682.531257436358,-1.164385500437778,0.39041556354019036,3.02058357054651,0.0,stop_loss,1,15,0.35,up,London+NY overlap,False,False,no_sweep,2013
2013-01-24 14:45:00,2013-01-24 15:15:00,long,1676.31,1675.6013149355308,1682.688165580222,1675.5213149355309,-45.68125640528919,13636.850001031069,-1.112885122053269,3.372443021344617,6.5896689998653475,3.372443021344617,stop_loss,2,30,0.71,up,London+NY overlap,True,False,prev_day_sweep,2013
2013-01-29 13:45:00,2013-01-29 14:00:00,short,1662.67,1663.221066883519,1657.7103980483312,1663.3010668835188,-46.84965485248228,13590.000346178587,-1.1451729406947604,1.560609112470322,1.0706504376246815,0.0,stop_loss,1,15,0.44,down,London+NY overlap,True,False,prev_day_sweep,2013
2013-01-31 13:30:00,2013-01-31 15:15:00,short,1675.76,1676.2904724261011,1670.985748165089,1671.035748165089,363.08720819148255,13953.08755437007,8.905744393979605,10.009945359511532,0.9048538178089955,7.9740242694415056,take_profit,7,105,0.32,down,London+NY overlap,False,False,no_sweep,2013
2013-02-04 15:15:00,2013-02-04 16:30:00,short,1665.3400000000001,1665.9950327408803,1659.444705332078,1666.0750327408803,-46.97158881728986,13906.115965552779,-1.122131299715536,5.8928352112801665,5.511174899668422,5.8928352112801665,stop_loss,5,75,0.45,down,London+NY overlap,False,False,no_sweep,2013
2013-02-05 14:45:00,2013-02-05 15:00:00,long,1677.1299999999999,1676.3146410815168,1684.4682302663473,1676.2346410815169,-45.81159782141393,13860.304367731365,-1.0981162996889307,0.0,4.255794499010987,0.0,stop_loss,1,15,0.74,up,London+NY overlap,False,False,no_sweep,2013
2013-02-06 13:15:00,2013-02-06 14:15:00,long,1668.57,1668.0116659762914,1673.595006213376,1673.5450062133762,370.50455867299024,14230.808926404356,8.910447871923461,9.205958766151198,0.0,7.253722374107239,take_profit,4,60,0.34,up,London+NY overlap,False,False,no_sweep,2013
2013-02-07 13:45:00,2013-02-07 15:00:00,long,1675.7,1675.179184324894,1680.3873410759545,1675.0991843248942,-49.25020586610238,14181.558720538253,-1.1536052077995784,5.606590084689414,3.8977321479177944,5.606590084689414,stop_loss,5,75,0.39,up,London+NY overlap,False,False,no_sweep,2013
2013-02-08 15:30:00,2013-02-08 15:45:00,long,1668.35,1667.6740274034576,1674.4337533688813,1667.5940274034576,-47.579753190381325,14133.978967347872,-1.1183479928167694,0.17752198922549067,3.2841568006680455,0.0,stop_loss,1,15,0.5,up,London+NY overlap,False,False,no_sweep,2013
2013-02-08 16:00:00,2013-02-08 16:30:00,long,1666.82,1666.0189317917568,1674.0296138741885,1665.9389317917569,-46.636476379774194,14087.342490968098,-1.0998666520237779,3.407949500314544,2.234516339034018,3.407949500314544,stop_loss,2,30,0.67,up,London+NY overlap,False,False,no_sweep,2013
2013-02-12 13:15:00,2013-02-12 14:00:00,short,1646.74,1647.6907079317557,1638.1836286141984,1647.7707079317556,-45.818284957351274,14041.524206010747,-1.0841478200904353,1.6829564018101373,3.8076888590955376,1.6829564018101373,stop_loss,3,45,0.73,down,London+NY overlap,False,False,no_sweep,2013
2013-02-12 14:15:00,2013-02-12 14:30:00,short,1649.0,1650.018467675939,1639.8337909165484,1650.098467675939,-45.43343149402188,13996.090774516724,-1.0785493755863822,0.59893898884661,1.3255207130213142,0.0,stop_loss,1,15,0.75,down,London+NY overlap,False,False,no_sweep,2013
2013-02-12 14:45:00,2013-02-12 17:30:00,short,1650.17,1651.1745461083353,1641.1290850249832,1651.2545461083353,-45.33213255854486,13950.758641958178,-1.0796379572188115,8.750220549424842,1.1746598689783758,8.750220549424842,stop_loss,11,165,0.72,down,London+NY overlap,False,False,no_sweep,2013
2013-02-13 15:45:00,2013-02-13 16:00:00,short,1651.63,1652.490117099714,1643.8889461025735,1652.570117099714,-45.74498085544782,13905.01366110273,-1.0930105912631307,2.1973752185935775,1.2091376864217565,0.0,stop_loss,1,15,0.65,down,London+NY overlap,False,False,no_sweep,2013
2013-02-14 13:15:00,2013-02-14 13:30:00,short,1644.3700000000001,1645.0086761383923,1638.6219147544707,1645.0886761383922,-46.94022958525425,13858.073431517476,-1.1252591026828156,0.0,6.8266210962194975,0.0,stop_loss,1,15,0.63,down,London+NY overlap,False,False,no_sweep,2013
2013-02-14 13:45:00,2013-02-14 15:00:00,short,1647.82,1648.611690139736,1640.6947887423753,1648.691690139736,-45.77528009892188,13812.298151418554,-1.1010496354376593,1.8315246423092986,2.3494040239278773,1.8315246423092986,stop_loss,5,75,0.69,down,London+NY overlap,False,False,no_sweep,2013
2013-02-19 13:45:00,2013-02-19 15:15:00,short,1614.21,1614.8111579402205,1608.799578538016,1608.849578538016,369.4856268040121,14181.783778222565,8.916827181918917,9.581508642949613,0.0,4.657677812544883,take_profit,6,90,0.38,down,London+NY overlap,False,False,no_sweep,2013
2013-02-21 13:45:00,2013-02-21 14:00:00,short,1572.95,1574.0963872086827,1562.6325151218566,1574.1763872086826,-45.51435524625314,14136.269422976313,-1.069784449262878,0.13084584236809496,1.5003656591532697,0.0,stop_loss,1,15,0.32,down,London+NY overlap,False,False,no_sweep,2013
2013-02-25 13:15:00,2013-02-25 14:15:00,short,1593.51,1594.3359808351274,1586.0761724838533,1594.4159808351274,-46.51629420228934,14089.753128774024,-1.096854547463664,2.0944795889036585,1.1864682064309837,2.0944795889036585,stop_loss,4,60,0.43,down,London+NY overlap,True,False,prev_day_sweep,2013
2013-02-28 14:15:00,2013-02-28 15:15:00,short,1591.94,1593.096626090604,1581.530365184563,1593.176626090604,-45.192884210604454,14044.56024456342,-1.0691666915088756,2.2133341282859886,2.645625950216855,2.109584091022675,stop_loss,4,60,0.75,down,London+NY overlap,False,False,no_sweep,2013
2013-03-01 14:45:00,2013-03-01 15:00:00,short,1569.8300000000002,1570.9542653296628,1559.711612033036,1571.0342653296627,-45.13181148606664,13999.428433077353,-1.071157579878348,0.0,3.83361461594944,0.0,stop_loss,1,15,0.54,down,London+NY overlap,False,False,no_sweep,2013
2013-03-01 15:15:00,2013-03-01 15:30:00,short,1573.4,1574.572198166903,1562.8502164978727,1574.652198166903,-44.864577807445556,13954.563855269907,-1.068247846020178,0.0,11.798346380748963,0.0,stop_loss,1,15,0.65,down,London+NY overlap,False,False,no_sweep,2013
2013-03-01 15:45:00,2013-03-01 16:00:00,short,1582.79,1584.3784004602378,1568.4943958578597,1584.4584004602377,-43.97216194786959,13910.591693322038,-1.0503651327247467,0.0,2.826743074178982,0.0,stop_loss,1,15,0.88,down,London+NY overlap,False,False,no_sweep,2013
2013-03-05 13:45:00,2013-03-05 15:15:00,short,1583.81,1584.5230627143894,1577.3924355704949,1584.6030627143894,-46.41375036632321,13864.177942955715,-1.1121920952891537,3.3797868705886303,1.2481370600931123,2.271889929607279,stop_loss,6,90,0.43,down,London+NY overlap,False,False,no_sweep,2013
2013-03-05 15:45:00,2013-03-05 17:15:00,short,1584.8400000000001,1585.639104719684,1577.648057522847,1577.698057522847,371.7303586973738,14235.90830165309,8.937429977862413,9.410531329330633,0.0875980309910275,5.83152606312238,take_profit,6,90,0.57,down,London+NY overlap,True,False,prev_day_sweep,2013
2013-03-06 14:45:00,2013-03-06 15:00:00,short,1576.29,1576.838827572991,1571.3505518430804,1576.918827572991,-48.933028006575306,14186.975273646514,-1.1457652711651036,1.2936667815915361,1.6580799595047093,0.0,stop_loss,1,15,0.33,down,London+NY overlap,False,False,no_sweep,2013
2013-03-06 15:30:00,2013-03-06 16:15:00,short,1578.43,1579.2071826449933,1571.435356195061,1571.485356195061,380.31017771560727,14567.285451362122,8.935665058500643,9.508704353613803,0.0,4.657849764557865,take_profit,3,45,0.68,down,London+NY overlap,False,False,no_sweep,2013
2013-03-12 13:15:00,2013-03-12 13:30:00,short,1591.01,1591.8170530642985,1583.7465224213136,1591.8970530642985,-48.03384970493553,14519.251601657186,-1.0991260718023044,0.0,3.791572246441527,0.0,stop_loss,1,15,0.87,down,London+NY overlap,True,True,both,2013
2013-03-13 14:45:00,2013-03-13 15:00:00,long,1590.57,1589.7239481627557,1598.184466535197,1598.1344665351971,389.4456155828052,14908.697217239991,8.940901966286724,9.514783427716154,0.0,0.0,take_profit,1,15,0.75,up,London+NY overlap,False,False,no_sweep,2013
2013-03-14 13:15:00,2013-03-14 13:30:00,long,1583.7,1583.0338399063721,1589.6954408426514,1582.9538399063722,-50.097304016975905,14858.599913223015,-1.1200912524859385,0.0,5.314037922507552,0.0,stop_loss,1,15,0.53,up,London+NY overlap,True,False,prev_day_sweep,2013
2013-03-14 13:45:00,2013-03-14 14:00:00,long,1581.1,1580.3218568580453,1588.1032882775921,1580.2418568580454,-49.15858635938106,14809.441326863634,-1.1028088479954672,2.300347973900915,2.6216256238867497,0.0,stop_loss,1,15,0.69,up,London+NY overlap,True,False,prev_day_sweep,2013
2013-03-19 14:45:00,2013-03-19 16:15:00,long,1601.1299999999999,1600.4575745552117,1607.1818290030938,1607.1318290030938,396.55132846672683,15205.992655330361,8.925642314122978,11.674156682862462,0.0,8.209088520942943,take_profit,6,90,0.56,up,London+NY overlap,False,False,no_sweep,2013
2013-03-20 13:30:00,2013-03-20 14:00:00,long,1609.07,1608.4607982968848,1614.5528153280354,1608.380798296885,-51.60850330204129,15154.38415202832,-1.1313193965001307,1.7071521545031905,4.694668424883774,1.7071521545031905,stop_loss,2,30,0.59,up,London+NY overlap,False,False,no_sweep,2013
2013-03-20 14:15:00,2013-03-20 14:30:00,long,1607.85,1607.166193097032,1614.0042621267105,1607.086193097032,-50.781981764033596,15103.602170264287,-1.1169920918503473,1.9888655614578978,1.0383048151724967,0.0,stop_loss,1,15,0.64,up,London+NY overlap,False,False,no_sweep,2013
2013-03-22 13:45:00,2013-03-22 14:15:00,long,1608.57,1608.0248702713702,1613.4761675576672,1607.9448702713703,-51.96035125305428,15051.641819011233,-1.1467540583431797,1.8711142438772081,6.824063712964107,1.8711142438772081,stop_loss,2,30,0.65,up,London+NY overlap,False,False,no_sweep,2013
2013-03-22 14:30:00,2013-03-22 14:45:00,long,1605.53,1604.8703790037173,1611.4665889665432,1604.7903790037174,-50.63139460661684,15001.010424404616,-1.1212817670310222,1.7282651801937916,2.0769502604079806,0.0,stop_loss,1,15,0.72,up,London+NY overlap,False,False,no_sweep,2013
2013-03-25 13:45:00,2013-03-25 14:00:00,long,1601.22,1600.578367150771,1606.9946956430597,1600.4983671507712,-50.614094525633625,14950.396329878982,-1.124681895722867,0.0,10.083648316596102,0.0,stop_loss,1,15,0.44,up,London+NY overlap,True,False,prev_day_sweep,2013
2013-03-25 14:15:00,2013-03-25 14:30:00,long,1596.76,1595.9495359616344,1604.0541763452911,1595.8695359616345,-49.27839975941226,14901.11793011957,-1.0987088830755019,0.0,8.772751983343094,0.0,stop_loss,1,15,0.85,up,London+NY overlap,True,False,prev_day_sweep,2013
2013-03-26 15:00:00,2013-03-26 15:15:00,long,1597.46,1596.747554549548,1603.8720090540673,1596.6675545495482,-49.72306203743492,14851.394868082134,-1.1122892987093693,1.6422309936261223,1.3334354221750375,0.0,stop_loss,1,15,0.55,up,London+NY overlap,False,False,no_sweep,2013
2013-03-27 14:15:00,2013-03-27 14:30:00,short,1596.26,1596.9570536219137,1589.9865174027766,1597.0370536219136,-49.66761441263166,14801.727253669502,-1.1147687889208482,0.0,3.572178555164658,0.0,stop_loss,1,15,0.68,down,London+NY overlap,False,False,no_sweep,2013
2013-03-27 14:45:00,2013-03-27 15:00:00,short,1598.7,1599.4455717454257,1591.9898542911696,1599.5255717454256,-49.16986679993707,14752.557386869565,-1.1073002034891424,1.3949026453600695,1.3010149673070701,0.0,stop_loss,1,15,0.74,down,London+NY overlap,False,False,no_sweep,2013
2013-03-28 14:00:00,2013-03-28 14:15:00,long,1600.54,1599.9421303134163,1605.9208271792527,1599.8621303134164,-50.1797214838941,14702.377665385671,-1.1338084231315784,1.5722489717975672,2.2914692461301813,0.0,stop_loss,1,15,0.58,up,London+NY overlap,False,False,no_sweep,2013
2013-03-28 14:30:00,2013-03-28 15:00:00,long,1599.6599999999999,1599.0062756273844,1605.5435193535393,1598.9262756273845,-49.5047757757464,14652.872889609926,-1.1223757341031366,2.1568723135698695,5.828144336667098,2.1568723135698695,stop_loss,2,30,0.65,up,London+NY overlap,False,False,no_sweep,2013
2013-03-28 15:15:00,2013-03-28 18:15:00,long,1595.98,1595.1307061054533,1603.6236450509205,1596.13,7.763852822523697,14660.636742432449,0.17661730640387246,4.745118298714464,0.8948610191124005,4.745118298714464,time_stop,12,180,0.8,up,London+NY overlap,False,False,no_sweep,2013
2013-04-01 13:15:00,2013-04-01 16:15:00,short,1599.0800000000002,1599.6369346992728,1594.0675877065462,1597.73,106.61138349683937,14767.248125929289,2.4239825634192456,3.788594969492148,0.7002616294319272,3.788594969492148,time_stop,12,180,0.23,down,London+NY overlap,False,False,no_sweep,2013
2013-04-03 14:00:00,2013-04-03 14:30:00,short,1571.21,1572.0662213763765,1563.5040076126122,1572.1462213763764,-48.441023830513984,14718.807102098775,-1.0934337803366831,0.011679222542085373,1.541657375556597,0.0,stop_loss,2,30,0.56,down,London+NY overlap,False,False,no_sweep,2013
2013-04-03 14:45:00,2013-04-03 15:15:00,short,1571.97,1572.7542523192053,1564.9117291271534,1572.8342523192052,-48.66072893535143,14670.146373163425,-1.1020079865125487,3.200500576834117,4.207829443646405,3.200500576834117,stop_loss,2,30,0.48,down,London+NY overlap,False,False,no_sweep,2013
2013-04-05 14:45:00,2013-04-05 15:30:00,short,1557.3600000000001,1558.1020674456477,1550.6813929891714,1558.1820674456476,-48.75506866793207,14621.391304495493,-1.107806912254611,8.732359892631466,21.992610099960583,8.732359892631466,stop_loss,3,45,0.32,down,London+NY overlap,False,False,no_sweep,2013
2013-04-08 14:30:00,2013-04-08 15:15:00,short,1578.69,1579.3588848087759,1572.6700367210183,1572.7200367210182,391.4986617884895,15012.889966283983,8.925248713463615,9.224308758472487,0.0,5.8605008643780225,take_profit,3,45,0.35,down,London+NY overlap,False,False,no_sweep,2013
2013-04-09 15:15:00,2013-04-09 15:30:00,short,1574.45,1575.1275326313905,1568.3522063174862,1575.2075326313904,-50.35663308611626,14962.533333197867,-1.1180754937747366,0.1918726773842827,5.018208485430672,0.0,stop_loss,1,15,0.65,down,London+NY overlap,False,False,no_sweep,2013
2013-04-10 14:15:00,2013-04-10 14:45:00,long,1579.93,1579.095814890702,1587.4376659836828,1579.0158148907021,-49.1924095196127,14913.340923678255,-1.0959019756025734,1.8940640181524586,2.0139414876559476,1.642321332195431,stop_loss,2,30,0.74,up,London+NY overlap,False,False,no_sweep,2013
2013-04-10 15:00:00,2013-04-10 15:15:00,long,1578.3,1577.4252351730584,1586.1728834424748,1577.3452351730584,-48.8316388390851,14864.50928483917,-1.0914531512196568,1.4975453512231824,1.9090845317118987,0.0,stop_loss,1,15,0.75,up,London+NY overlap,False,False,no_sweep,2013
2013-04-11 14:15:00,2013-04-11 15:15:00,short,1560.91,1561.820682778629,1552.7138549923416,1561.9006827786288,-48.510898767943104,14815.998386071227,-1.0878461763824938,2.5914622032860617,1.3725965059777128,2.5914622032860617,stop_loss,4,60,0.5,down,London+NY overlap,False,False,no_sweep,2013
2013-04-18 14:15:00,2013-04-18 15:15:00,short,1398.64,1400.7290071132877,1379.838935980412,1400.8090071132876,-46.150162465369384,14769.848223605857,-1.0382957049265504,2.3360380005217567,1.6419283487272671,2.3360380005217567,stop_loss,4,60,0.3,down,London+NY overlap,True,False,prev_day_sweep,2013
2013-04-22 13:15:00,2013-04-22 14:15:00,short,1433.68,1435.338554442896,1418.7530100139363,1435.418554442896,-46.44680557825729,14723.401418027599,-1.048234774771841,1.2721921846085429,3.237759256562713,1.2721921846085429,stop_loss,4,60,0.45,down,London+NY overlap,True,False,prev_day_sweep,2013
2013-04-22 14:30:00,2013-04-22 17:15:00,short,1436.53,1438.221669969667,1421.3049702729973,1421.3549702729972,396.2263175573579,15119.627735584956,8.970443407463605,10.25613761023141,0.0,8.725106116830911,take_profit,11,165,0.51,down,London+NY overlap,True,False,prev_day_sweep,2013
2013-04-24 15:30:00,2013-04-24 15:45:00,short,1426.32,1427.713921539037,1413.7747061486664,1427.793921539037,-47.962122022508915,15071.665613562447,-1.057392039479631,0.0,5.05767347914704,0.0,stop_loss,1,15,0.6,down,London+NY overlap,False,False,no_sweep,2013
2013-04-24 16:00:00,2013-04-24 16:45:00,short,1429.92,1431.469631327027,1415.9733180567584,1431.5496313270269,-47.54922930241207,15024.116384260034,-1.051625182457698,1.9682100812016499,1.5100365868889918,1.9682100812016499,stop_loss,3,45,0.65,down,London+NY overlap,True,False,prev_day_sweep,2013
2013-04-25 15:15:00,2013-04-25 15:30:00,short,1448.54,1449.6414708042144,1438.6267627620698,1449.7214708042143,-48.34596105281673,14975.770423207217,-1.0726301593231846,0.0,5.0296385331350795,0.0,stop_loss,1,15,0.4,down,London+NY overlap,True,False,prev_day_sweep,2013
2013-04-29 15:45:00,2013-04-29 16:00:00,long,1468.85,1467.3545736076749,1482.308837530926,1467.274573607675,-47.33076283367913,14928.439660373539,-1.0534964478429096,1.1501736286236217,1.3708464759757761,0.0,stop_loss,1,15,0.53,up,London+NY overlap,False,False,no_sweep,2013
2013-04-30 15:15:00,2013-04-30 16:45:00,long,1467.6699999999998,1466.1769646593182,1481.1073180661347,1466.0969646593182,-47.18501135333907,14881.2546490202,-1.0535821208112874,3.355580315810082,1.1118290068351306,3.355580315810082,stop_loss,6,90,0.64,up,London+NY overlap,False,False,no_sweep,2013
2013-05-01 16:00:00,2013-05-01 16:15:00,long,1459.8,1458.2747729295006,1473.5270436344947,1458.1947729295007,-46.985383227783394,14834.269265792416,-1.0524512064775615,0.0,5.2254514453318395,0.0,stop_loss,1,15,0.77,up,London+NY overlap,True,False,prev_day_sweep,2013
2013-05-03 15:15:00,2013-05-03 15:30:00,long,1474.3799999999999,1472.9650636381136,1487.1144272569754,1472.8850636381137,-47.018980764365544,14787.25028502805,-1.056539645283608,0.0,12.912241491655703,0.0,stop_loss,1,15,0.77,up,London+NY overlap,False,False,no_sweep,2013
2013-05-06 16:00:00,2013-05-06 16:45:00,long,1470.59,1469.6228977405403,1479.2939203351368,1469.5428977405404,-48.031414568192076,14739.21887045986,-1.082721345356624,2.616062546905584,4.808178198857999,2.616062546905584,stop_loss,3,45,0.4,up,London+NY overlap,False,False,no_sweep,2013
2013-05-07 13:45:00,2013-05-07 15:15:00,long,1459.72,1458.6039005023342,1469.764895478993,1458.5239005023343,-47.38709852610605,14691.831771933754,-1.071678197299827,5.098111782954894,7.651647561763478,5.098111782954894,stop_loss,6,90,0.65,up,London+NY overlap,True,False,prev_day_sweep,2013
2013-05-08 14:15:00,2013-05-08 14:30:00,short,1455.44,1456.3295895281015,1447.4336942470882,1456.4095895281014,-48.03916565349772,14643.792606280256,-1.0899291161516558,0.0,5.215888736800643,0.0,stop_loss,1,15,0.3,down,London+NY overlap,False,False,no_sweep,2013
2013-05-08 14:45:00,2013-05-08 15:00:00,short,1459.57,1460.6225287257607,1450.0972414681526,1460.7025287257607,-47.270488799364074,14596.522117480892,-1.0760074267256707,0.0,6.650649838502245,0.0,stop_loss,1,15,0.51,down,London+NY overlap,False,False,no_sweep,2013
2013-05-08 15:15:00,2013-05-08 15:30:00,short,1465.3500000000001,1466.5293487482327,1454.7358612659073,1466.6093487482326,-46.759989913278545,14549.762127567614,-1.0678340483422069,0.0,3.1118869677014334,0.0,stop_loss,1,15,0.69,down,London+NY overlap,False,False,no_sweep,2013
2013-05-09 14:45:00,2013-05-09 15:00:00,long,1469.45,1468.5931230107426,1477.161892903318,1468.5131230107427,-47.72448381989755,14502.037643747717,-1.0933622923743747,0.0,5.508375250093139,0.0,stop_loss,1,15,0.5,up,London+NY overlap,False,False,no_sweep,2013
2013-05-09 15:15:00,2013-05-09 15:30:00,long,1465.51,1464.5340703510994,1474.2933668401058,1464.4540703510995,-47.07244482659781,14454.96519892112,-1.0819731218229234,0.0,4.262602334795972,0.0,stop_loss,1,15,0.63,up,London+NY overlap,False,False,no_sweep,2013
2013-05-09 15:45:00,2013-05-09 16:15:00,long,1464.02,1462.9533310680397,1473.6200203876424,1462.8733310680398,-46.617255859438615,14408.34794306168,-1.074999840721812,1.4906218343472903,3.9937415184401073,1.4906218343472903,stop_loss,2,30,0.66,up,London+NY overlap,False,False,no_sweep,2013
2013-05-16 15:45:00,2013-05-16 16:00:00,short,1379.19,1380.8429298008446,1364.3136317923993,1380.9229298008445,-45.31708881776527,14363.030854243916,-1.0483989095961934,0.26619400277933924,1.627413335173519,0.0,stop_loss,1,15,0.58,down,London+NY overlap,False,False,no_sweep,2013
2013-05-17 13:15:00,2013-05-17 15:30:00,short,1382.8300000000002,1384.3591666979098,1369.0674997188141,1369.117499718814,386.3929254346204,14749.423779678536,8.967302452983567,10.123160556112753,0.39891007359351865,5.852860915840321,take_profit,9,135,0.51,down,London+NY overlap,False,False,no_sweep,2013
2013-05-20 14:30:00,2013-05-20 14:45:00,short,1356.96,1358.49384419491,1343.155402245811,1358.57384419491,-46.556107896924956,14702.86767178161,-1.0521565360193716,1.1278850914199539,1.5125395445631176,0.0,stop_loss,1,15,0.29,down,London+NY overlap,False,False,no_sweep,2013
2013-05-20 15:30:00,2013-05-20 18:30:00,short,1364.63,1366.3912348774163,1348.778886103254,1366.4712348774162,-46.112133768949434,14656.755538012661,-1.0454226753204494,7.6991434668232435,1.8963966946304331,7.6991434668232435,stop_loss,12,180,0.45,down,London+NY overlap,False,False,no_sweep,2013
2013-05-22 14:45:00,2013-05-22 15:45:00,short,1395.3,1396.9889175955766,1380.0997416398093,1397.0689175955765,-46.05303331522735,14610.702504697434,-1.047367615927178,4.055852113768251,1.3262932459621954,4.055852113768251,stop_loss,4,60,0.63,down,London+NY overlap,False,False,no_sweep,2013
2013-05-23 13:30:00,2013-05-23 13:45:00,short,1389.8500000000001,1391.6440623089504,1373.7034392194475,1391.7240623089504,-45.78664865997697,14564.915856037456,-1.04459153932437,0.0,3.199442946526353,0.0,stop_loss,1,15,0.4,down,London+NY overlap,False,False,no_sweep,2013
2013-05-23 15:15:00,2013-05-23 18:15:00,short,1393.79,1395.6675770629656,1376.89180643331,1379.6599999999999,328.83166039652764,14893.747516433983,7.525656485002856,8.218038185675418,0.7190117660831427,7.424462236442989,time_stop,12,180,0.47,down,London+NY overlap,False,False,no_sweep,2013
2013-05-24 15:00:00,2013-05-24 15:15:00,short,1392.03,1393.321350466196,1380.4078458042352,1393.401350466196,-47.449274541786835,14846.298241892197,-1.0619506494124598,2.547720457089701,2.067602924142785,0.0,stop_loss,1,15,0.58,down,London+NY overlap,False,False,no_sweep,2013
2013-05-29 14:00:00,2013-05-29 14:15:00,short,1389.52,1390.8052860394164,1377.9524256452519,1390.8852860394163,-47.31112710724727,14798.98711478495,-1.062242954133581,0.0,2.894297367214168,0.0,stop_loss,1,15,0.71,down,London+NY overlap,False,False,no_sweep,2013
2013-05-29 14:30:00,2013-05-29 14:45:00,short,1390.94,1392.3177211258235,1378.5405098675897,1392.3977211258234,-46.97495542528495,14752.012159359665,-1.0580669037444812,0.37017651137139773,2.250092520100627,0.0,stop_loss,1,15,0.75,down,London+NY overlap,False,False,no_sweep,2013
2013-05-29 15:15:00,2013-05-29 18:15:00,short,1392.82,1394.1707792687441,1380.6629865813024,1389.05,123.51778072332411,14875.52994008299,2.7909815372758295,7.566003000254427,0.0,7.566003000254427,time_stop,12,180,0.72,down,London+NY overlap,False,False,no_sweep,2013
2013-05-30 13:30:00,2013-05-30 13:45:00,long,1403.11,1401.8754427072727,1414.2210156345443,1401.7954427072727,-47.51841768975998,14828.01152239323,-1.0648005568240588,0.0,3.2319277716028827,0.0,stop_loss,1,15,0.55,up,London+NY overlap,False,False,no_sweep,2013
2013-05-31 15:00:00,2013-05-31 15:15:00,long,1406.8799999999999,1405.62787957672,1418.1490838095178,1405.54787957672,-47.326191518864334,14780.685330874365,-1.0638916181802804,1.4375614090577635,1.629236263598605,0.0,stop_loss,1,15,0.65,up,London+NY overlap,False,False,no_sweep,2013
2013-06-03 13:45:00,2013-06-03 14:30:00,long,1394.48,1393.4020090308834,1404.1819187220497,1393.3220090308835,-47.632774172120975,14733.052556702243,-1.0742121244906941,1.502795520937824,1.4935190053766982,1.2801591474655303,stop_loss,3,45,0.38,up,London+NY overlap,False,False,no_sweep,2013
2013-06-04 13:15:00,2013-06-04 13:45:00,long,1400.2,1399.2103691096504,1409.1066780131466,1399.1303691096505,-47.77213891805064,14685.280417784192,-1.0808382203708926,1.1115255301006925,1.3540401912138298,1.1115255301006925,stop_loss,2,30,0.49,up,London+NY overlap,False,False,no_sweep,2013
2013-06-04 15:00:00,2013-06-04 15:15:00,long,1397.48,1396.467808015358,1406.589727861778,1396.3878080153581,-47.537855884709,14637.742561899482,-1.0790363895523492,1.0571117102635683,1.2053049406744474,0.0,stop_loss,1,15,0.57,up,London+NY overlap,False,False,no_sweep,2013
2013-06-04 16:00:00,2013-06-04 17:45:00,long,1395.75,1394.6210257373657,1405.910768363709,1394.5410257373658,-47.02495337433856,14590.717608525143,-1.0708607827899095,4.694526859835721,5.916875362962864,4.694526859835721,stop_loss,7,105,0.72,up,London+NY overlap,False,False,no_sweep,2013
2013-06-06 15:45:00,2013-06-06 16:00:00,long,1401.23,1399.848128787514,1413.6668409123738,1399.7681287875141,-46.306232842875445,14544.411375682268,-1.0578925150745473,0.0,3.4228949537857325,0.0,stop_loss,1,15,0.75,up,London+NY overlap,False,False,no_sweep,2013
2013-06-07 15:45:00,2013-06-07 16:00:00,long,1406.1399999999999,1404.8598747258832,1417.6611274670497,1404.7798747258832,-46.360044385963974,14498.051331296305,-1.0624938836983187,0.0,10.397419900317175,0.0,stop_loss,1,15,0.64,up,London+NY overlap,False,False,no_sweep,2013
2013-06-10 13:15:00,2013-06-10 13:30:00,short,1379.64,1380.5261191749732,1371.664927425242,1380.6061191749732,-47.42086319709897,14450.630468099205,-1.090281310075873,0.04514065503819303,1.7379152189620921,0.0,stop_loss,1,15,0.2,down,London+NY overlap,False,False,no_sweep,2013
2013-06-10 14:15:00,2013-06-10 14:45:00,short,1381.81,1382.6675502331425,1374.0920479017163,1382.7475502331424,-47.396145814481144,14403.234322284725,-1.0932889956857248,1.6908630468053505,2.670397501506255,1.6908630468053505,stop_loss,2,30,0.2,down,London+NY overlap,False,False,no_sweep,2013
2013-06-10 15:45:00,2013-06-10 16:30:00,short,1385.41,1386.3933091193514,1376.5602179258372,1376.610217925837,386.69016905736873,14789.924491342093,8.94915129025524,9.783291755034208,0.0,7.8815500105524094,take_profit,3,45,0.47,down,London+NY overlap,False,False,no_sweep,2013
2013-06-11 14:15:00,2013-06-11 14:30:00,short,1373.71,1375.047725025846,1361.6704747673878,1375.1277250258458,-47.02322004139865,14742.901271300694,-1.0598030226348953,0.0,2.780840552525178,0.0,stop_loss,1,15,0.87,down,London+NY overlap,False,False,no_sweep,2013
2013-06-12 15:00:00,2013-06-12 15:15:00,short,1378.17,1378.8238025685048,1372.285776883457,1378.9038025685047,-49.64057656503128,14693.260694735663,-1.1223610977590557,1.9577775641466295,1.0553644681725507,0.0,stop_loss,1,15,0.21,down,London+NY overlap,False,False,no_sweep,2013
2013-06-14 15:45:00,2013-06-14 17:00:00,short,1388.79,1389.9268214557367,1378.5586068983705,1390.0068214557366,-47.18174901924176,14646.078945716421,-1.0703716485963788,3.6241399027167,3.1227419064671023,3.6241399027167,stop_loss,5,75,0.65,down,London+NY overlap,False,False,no_sweep,2013
2013-06-19 14:30:00,2013-06-19 14:45:00,short,1370.27,1370.9391317983675,1364.2478138146919,1371.0191317983674,-49.19140064664755,14596.887545069774,-1.1195579110051317,0.0,5.679000772748853,0.0,stop_loss,1,15,0.52,down,London+NY overlap,False,False,no_sweep,2013
2013-06-19 15:00:00,2013-06-19 16:30:00,short,1372.52,1373.282389152674,1365.6584976259333,1373.362389152674,-48.385760819024846,14548.50178425075,-1.1049332873104527,2.911898722867746,3.2791652284546284,2.911898722867746,stop_loss,6,90,0.57,down,London+NY overlap,False,False,no_sweep,2013
2013-06-24 16:00:00,2013-06-24 19:00:00,short,1289.6000000000001,1291.269200428362,1274.5771961447444,1281.8,203.95090725299178,14752.452691503742,4.672895997070424,6.422236549819733,0.0,6.422236549819733,time_stop,12,180,0.75,down,London+NY overlap,False,False,no_sweep,2013
2013-06-25 14:15:00,2013-06-25 14:45:00,short,1285.8300000000002,1287.0184216056973,1275.1342055487266,1287.0984216056972,-47.23659425549658,14705.216097248245,-1.0673161777069824,0.5974310771502339,1.5146139984084428,0.5974310771502339,stop_loss,2,30,0.27,down,London+NY overlap,False,False,no_sweep,2013
2013-06-27 14:45:00,2013-06-27 15:15:00,short,1235.0,1236.6849449231845,1219.8354956913395,1236.7649449231844,-46.210228247905064,14659.00586900034,-1.0474792967408866,2.172177825897582,1.6973848584881772,2.172177825897582,stop_loss,2,30,0.54,down,London+NY overlap,False,False,no_sweep,2013
2013-07-03 14:15:00,2013-07-03 14:30:00,short,1248.52,1249.8062118860173,1236.9440930258431,1249.8862118860172,-46.712306750884345,14612.293562249457,-1.0621981501412199,0.0,8.30345304386045,0.0,stop_loss,1,15,0.55,down,London+NY overlap,False,False,no_sweep,2013
2013-07-03 14:45:00,2013-07-03 15:00:00,short,1255.02,1256.5383408609027,1241.354932251875,1256.6183408609027,-46.146606088494835,14566.146956160963,-1.0526890911388382,0.3227206832256834,1.4555361427117528,0.0,stop_loss,1,15,0.82,down,London+NY overlap,False,False,no_sweep,2013
2013-07-04 13:30:00,2013-07-04 14:00:00,short,1250.8400000000001,1251.7839294895368,1242.3446345941697,1251.8639294895368,-47.401975198352545,14518.74498096261,-1.0847520931242376,1.5679137228000817,1.006431105851044,1.3560334899892468,stop_loss,2,30,0.3,down,London+NY overlap,False,False,no_sweep,2013
2013-07-08 13:15:00,2013-07-08 14:00:00,short,1231.39,1232.7671794493274,1218.9953849560536,1232.8471794493273,-46.086405428026815,14472.658575534584,-1.058089742799317,0.36306089249606216,3.187674636115333,0.36306089249606216,stop_loss,3,45,0.67,down,London+NY overlap,False,False,no_sweep,2013
2013-07-10 14:00:00,2013-07-10 14:15:00,short,1255.19,1256.2289030522552,1245.8398725297043,1256.3089030522551,-46.761346458439974,14425.897229076145,-1.0770042977795398,0.0,1.8769797583780312,0.0,stop_loss,1,15,0.29,down,London+NY overlap,False,False,no_sweep,2013
2013-07-12 14:15:00,2013-07-12 16:30:00,long,1270.55,1269.4520107178041,1280.4319035397616,1280.3819035397617,387.52845496034905,14813.425684036494,8.954462214876205,9.972774941938802,0.5009156363530469,7.95089728247722,take_profit,9,135,0.54,up,London+NY overlap,False,False,no_sweep,2013
2013-07-15 15:00:00,2013-07-15 15:15:00,long,1278.54,1277.434992996836,1288.485063028477,1277.354992996836,-47.65765228501361,14765.76803175148,-1.0723977312097204,0.0,4.108571246155334,0.0,stop_loss,1,15,0.52,up,London+NY overlap,False,False,no_sweep,2013
2013-07-15 15:30:00,2013-07-15 15:45:00,long,1274.21,1273.035121512578,1284.7839063867991,1284.7339063867992,396.79055023716506,15162.558581988646,8.957442407418947,9.04774418274002,0.0,0.0,take_profit,1,15,0.7,up,London+NY overlap,False,False,no_sweep,2013
2013-07-16 15:45:00,2013-07-16 18:45:00,long,1289.6699999999998,1288.5254191069757,1299.9712280372162,1288.4454191069758,-48.66701770585073,15113.891564282794,-1.0698945793062806,5.198409335909382,2.4637839205485736,5.198409335909382,stop_loss,12,180,0.87,up,London+NY overlap,False,False,no_sweep,2013
2013-07-17 15:30:00,2013-07-17 15:45:00,long,1284.34,1283.5048198412196,1291.8566214290236,1291.8066214290236,405.3605875693451,15519.252151852139,8.940132677394942,14.978804116071892,0.0,0.0,take_profit,1,15,0.64,up,London+NY overlap,False,False,no_sweep,2013
2013-07-23 14:00:00,2013-07-23 17:00:00,long,1327.6699999999998,1326.719649848656,1336.2231513620943,1332.44,233.6828146751784,15752.934966527317,5.019202652048961,6.32398489283313,0.7260481823716487,5.4821898987788815,time_stop,12,180,0.6,up,London+NY overlap,False,False,no_sweep,2013
2013-07-24 15:30:00,2013-07-24 15:45:00,long,1335.1399999999999,1334.0626254419553,1344.8363710224012,1333.9826254419554,-50.767987814412606,15702.166978712905,-1.074254584352845,1.9955919544846061,1.178791526602468,0.0,stop_loss,1,15,0.84,up,London+NY overlap,False,False,no_sweep,2013
2013-07-26 14:30:00,2013-07-26 15:00:00,long,1327.1499999999999,1326.1431248591318,1336.2118762678122,1326.063124859132,-50.849288817105574,15651.317689895799,-1.0794537443152672,1.4996894239522476,3.734325982820716,1.4996894239522476,stop_loss,2,30,0.41,up,London+NY overlap,False,False,no_sweep,2013
2013-07-26 15:15:00,2013-07-26 15:30:00,long,1323.78,1322.708218045012,1333.426037594892,1322.628218045012,-50.458692282817545,15600.85899761298,-1.0746420478788767,1.1756122540933722,2.873718843339307,0.0,stop_loss,1,15,0.55,up,London+NY overlap,False,False,no_sweep,2013
2013-07-26 15:45:00,2013-07-26 17:45:00,long,1322.05,1320.8975706612603,1332.4218640486567,1320.8175706612603,-50.05154509314643,15550.807452519834,-1.0694185728449226,8.390969992637695,8.373615349426268,8.390969992637695,stop_loss,8,120,0.63,up,London+NY overlap,False,False,no_sweep,2013
2013-07-29 16:00:00,2013-07-29 19:00:00,long,1329.09,1327.761303514436,1341.0482683700764,1331.66,90.23635326922697,15641.04380578906,1.9342265354974688,2.859945850151854,0.7676696755670261,2.859945850151854,time_stop,12,180,0.79,up,London+NY overlap,False,False,no_sweep,2013
2013-07-30 15:30:00,2013-07-30 16:30:00,long,1322.3899999999999,1321.4228072988587,1331.0947343102691,1321.3428072988588,-50.80431301536417,15590.239492773697,-1.0827136101270618,6.865229640552479,5.314349450668424,6.865229640552479,stop_loss,4,60,0.7,up,London+NY overlap,True,False,prev_day_sweep,2013
2013-07-31 14:00:00,2013-07-31 14:15:00,long,1332.08,1331.2385632461649,1339.6529307845162,1331.158563246165,-51.21746680635489,15539.022025967342,-1.0950754761249804,0.0,6.120483775551028,0.0,stop_loss,1,15,0.26,up,London+NY overlap,False,False,no_sweep,2013
2013-07-31 14:30:00,2013-07-31 14:45:00,long,1328.99,1328.0345264724585,1337.5892617478737,1327.9545264724586,-50.52022527460401,15488.501800692738,-1.0837281177279452,0.575630809380098,1.569902207400397,0.0,stop_loss,1,15,0.61,up,London+NY overlap,False,False,no_sweep,2013
2013-07-31 15:00:00,2013-07-31 15:15:00,long,1329.1,1328.1521937441096,1337.6302563030135,1328.0721937441097,-50.38744663116523,15438.114354061574,-1.0844054357129969,0.0,7.448779701678685,0.0,stop_loss,1,15,0.59,up,London+NY overlap,False,False,no_sweep,2013
2013-07-31 15:30:00,2013-07-31 15:45:00,long,1324.83,1323.7172997079313,1334.8443026286188,1323.6372997079313,-49.64421317310473,15388.470140888468,-1.0718971681504603,0.31455011065867267,3.280308296867614,0.0,stop_loss,1,15,0.83,up,London+NY overlap,False,False,no_sweep,2013
2013-08-07 13:15:00,2013-08-07 15:45:00,short,1280.01,1281.2270369189525,1269.0566677294264,1281.3070369189525,-49.20002077531477,15339.270120113153,-1.0657334208635019,3.8947051861660364,1.2242849635838435,3.8947051861660364,stop_loss,10,150,0.7,down,London+NY overlap,False,False,no_sweep,2013
2013-08-07 16:00:00,2013-08-07 16:15:00,short,1280.07,1281.3293550340986,1268.7358046931115,1281.4093550340986,-48.94107245017466,15290.329047662979,-1.0635245803080327,0.0,4.176741155256931,0.0,stop_loss,1,15,0.76,down,London+NY overlap,False,False,no_sweep,2013
2013-08-08 15:45:00,2013-08-08 16:00:00,short,1292.92,1294.1603000422458,1281.7572996197875,1294.2403000422457,-48.829689752392476,15241.499357910587,-1.0645005218697534,0.25800208747938064,1.0320083499169725,0.0,stop_loss,1,15,0.84,down,London+NY overlap,True,False,prev_day_sweep,2013
2013-08-09 13:15:00,2013-08-09 16:15:00,short,1313.3700000000001,1314.5705141703377,1302.565372466963,1309.37,152.3497154919137,15393.8490734025,3.331905694103989,4.806273963744904,0.0,4.806273963744904,time_stop,12,180,0.75,down,London+NY overlap,False,False,no_sweep,2013
2013-08-15 15:15:00,2013-08-15 15:30:00,long,1335.76,1334.734849585317,1344.9863537321467,1334.6548495853172,-49.78543180601824,15344.063641596482,-1.0780373288193732,0.0,16.44636704869777,0.0,stop_loss,1,15,0.57,up,London+NY overlap,False,False,no_sweep,2013
2013-08-20 14:15:00,2013-08-20 17:00:00,long,1363.46,1362.1663562163278,1375.1027940530498,1375.0527940530499,412.5105503826737,15756.574191979156,8.96134948381366,10.319687821715272,0.0,7.459549623936453,take_profit,11,165,0.87,up,London+NY overlap,False,False,no_sweep,2013
2013-08-22 13:15:00,2013-08-22 16:15:00,long,1365.98,1364.7409739804484,1377.1312341759638,1372.52,249.50564456952017,16006.079836548677,5.278339515716353,8.92636621465182,0.20177138821545804,8.92636621465182,time_stop,12,180,0.59,up,London+NY overlap,False,False,no_sweep,2013
2013-08-23 15:00:00,2013-08-23 15:15:00,long,1372.58,1371.7668189435692,1379.898629507876,1371.6868189435693,-52.74222948751076,15953.337607061167,-1.098379074828759,1.6355521190297957,1.906094574808883,0.0,stop_loss,1,15,0.27,up,London+NY overlap,False,False,no_sweep,2013
2013-08-28 14:00:00,2013-08-28 16:15:00,long,1422.98,1421.8003144493134,1433.5971699561803,1421.7203144493135,-51.105624351699205,15902.231982709467,-1.0678146815932141,6.756037653730128,5.543850220250268,6.756037653730128,stop_loss,9,135,0.63,up,London+NY overlap,False,False,no_sweep,2013
2013-08-30 15:45:00,2013-08-30 16:30:00,long,1393.79,1392.690765350935,1403.683111841585,1392.610765350935,-51.17868955667511,15851.053293152792,-1.0727779096737662,2.5017406450379824,1.4646554321857823,2.183337290215049,stop_loss,3,45,0.48,up,London+NY overlap,True,False,prev_day_sweep,2013
2013-09-04 13:30:00,2013-09-04 14:00:00,long,1402.6299999999999,1401.6122756764603,1411.7895189118572,1401.5322756764604,-51.291159161152066,15799.76213399164,-1.0786067485561228,1.169275384773444,2.8101912608838484,1.169275384773444,stop_loss,2,30,0.54,up,London+NY overlap,False,False,no_sweep,2013
2013-09-04 15:30:00,2013-09-04 15:45:00,long,1400.61,1399.5176985677956,1410.4407128898388,1399.4376985677957,-50.870803329772315,15748.891330661869,-1.07323985636317,0.0,6.628207000872908,0.0,stop_loss,1,15,0.65,up,London+NY overlap,False,False,no_sweep,2013
2013-09-04 16:00:00,2013-09-04 16:30:00,long,1393.99,1392.7552349895789,1405.1028850937898,1392.675234989579,-50.30776973688873,15698.58356092498,-1.0647896557844976,1.0123383716336936,1.247200873852681,0.477823711411037,stop_loss,2,30,0.76,up,London+NY overlap,False,False,no_sweep,2013
2013-09-09 16:00:00,2013-09-09 16:15:00,short,1387.89,1388.7915738874244,1379.7758350131812,1388.8715738874243,-51.27473158181394,15647.308829343167,-1.0887337145804843,0.8984288601284119,1.4641062905792512,0.0,stop_loss,1,15,0.38,down,London+NY overlap,False,False,no_sweep,2013
2013-09-12 13:45:00,2013-09-12 15:30:00,short,1344.45,1345.652891592872,1333.6239756641512,1333.6739756641512,420.5261265471874,16067.834955890354,8.958433494509952,9.967648016703649,0.0,8.97005188492343,take_profit,7,105,0.85,down,London+NY overlap,False,False,no_sweep,2013
2013-09-13 15:15:00,2013-09-13 15:30:00,short,1316.6200000000001,1318.1835376017873,1302.5481615839146,1318.2635376017872,-50.669886478834314,16017.16506941152,-1.0511660224279125,0.47328570745862764,4.118864805450598,0.0,stop_loss,1,15,0.88,down,London+NY overlap,False,False,no_sweep,2013
2013-09-18 15:30:00,2013-09-18 18:30:00,short,1303.8,1305.0661261551654,1292.404864603511,1297.36,244.40821151869494,16261.573280930215,5.086380984806708,5.876191696733209,0.08687917831201565,5.876191696733209,time_stop,12,180,0.78,down,London+NY overlap,False,False,no_sweep,2013
2013-09-19 14:00:00,2013-09-19 14:15:00,short,1366.52,1367.9617588142635,1353.5441706716292,1368.0417588142634,-51.49167578355484,16210.08160514666,-1.0554877828444518,0.3953504527670353,1.2068592768679332,0.0,stop_loss,1,15,0.48,down,London+NY overlap,False,False,no_sweep,2013
2013-09-20 15:00:00,2013-09-20 15:15:00,long,1353.49,1352.3928115000417,1363.3646964996249,1352.3128115000418,-52.17605265555091,16157.90555249111,-1.0729136333482971,0.0,6.498427572173005,0.0,stop_loss,1,15,0.49,up,London+NY overlap,True,False,prev_day_sweep,2013
2013-09-20 15:30:00,2013-09-20 16:45:00,long,1350.12,1348.8380364464645,1361.6576719818195,1348.7580364464645,-51.49868357006594,16106.406868921043,-1.06240427021447,5.124950691368128,1.2714870056208882,5.124950691368128,stop_loss,5,75,0.58,up,London+NY overlap,True,False,prev_day_sweep,2013
2013-09-23 14:00:00,2013-09-23 17:00:00,short,1325.52,1327.0507158846879,1311.7435570378086,1325.4199999999998,3.1566420058861273,16109.56351092693,0.06532890982608894,5.023793165619422,0.15025649259981147,5.023793165619422,time_stop,12,180,0.69,down,London+NY overlap,False,False,no_sweep,2013
2013-09-26 13:45:00,2013-09-26 14:00:00,short,1336.48,1337.4829849128594,1327.4531357842668,1337.5629849128593,-52.183479566044284,16057.380031360886,-1.0797619176263185,0.9471727718134363,1.7348217083740094,0.0,stop_loss,1,15,0.6,down,London+NY overlap,False,False,no_sweep,2013
2013-09-27 14:15:00,2013-09-27 14:30:00,short,1333.8,1334.8517292957754,1324.3344363380213,1334.9317292957753,-51.8363636000769,16005.543667760809,-1.0760652007329927,0.7321275570557038,1.7399914667689387,0.0,stop_loss,1,15,0.72,down,London+NY overlap,False,False,no_sweep,2013
2013-09-27 15:00:00,2013-09-27 15:15:00,short,1337.3300000000002,1338.6720496584617,1325.2515530738458,1338.7520496584616,-50.87891739934818,15954.66475036146,-1.0596103128491061,0.0,5.037071435753876,0.0,stop_loss,1,15,0.86,down,London+NY overlap,True,False,prev_day_sweep,2013
2013-09-30 15:15:00,2013-09-30 15:30:00,long,1332.8,1331.9413553192048,1340.5278021271552,1331.861355319205,-52.32348678126279,15902.341263580198,-1.0931700874520593,0.4309116544663042,2.34089844723511,0.0,stop_loss,1,15,0.41,up,London+NY overlap,False,False,no_sweep,2013
2013-09-30 15:45:00,2013-09-30 16:00:00,long,1331.04,1330.113158412988,1339.3815742831084,1330.033158412988,-51.82483848177104,15850.516425098427,-1.0863146422441399,0.0,6.085182278217255,0.0,stop_loss,1,15,0.46,up,London+NY overlap,False,False,no_sweep,2013
2013-10-02 15:30:00,2013-10-02 15:45:00,short,1298.65,1300.0598007959588,1285.961792836371,1300.1398007959588,-50.24989073809261,15800.266534360335,-1.0567456056410598,0.09930480987201605,3.546600352569467,0.0,stop_loss,1,15,0.66,down,London+NY overlap,False,False,no_sweep,2013
2013-10-02 16:00:00,2013-10-02 16:30:00,short,1301.81,1303.302022114883,1288.3818009660542,1303.3820221148828,-49.94235976523752,15750.324174595098,-1.0536185081989906,2.446344436581083,1.3739742726003554,2.339107420183102,stop_loss,2,30,0.71,down,London+NY overlap,False,False,no_sweep,2013
2013-10-04 14:30:00,2013-10-04 15:00:00,short,1316.47,1317.1754746683498,1310.1207279848513,1310.1707279848513,421.9098746718818,16172.23404926698,8.929125733010045,11.935226561282244,0.17009824077821312,5.740815626269849,take_profit,2,30,0.2,down,London+NY overlap,False,False,no_sweep,2013
2013-10-07 13:45:00,2013-10-07 14:00:00,short,1313.1100000000001,1313.8001983205552,1306.8982151150046,1313.880198320555,-54.140210719509994,16118.09383854747,-1.115908714375879,0.0,3.4917500205763194,0.0,stop_loss,1,15,0.26,down,London+NY overlap,False,False,no_sweep,2013
2013-10-07 14:15:00,2013-10-07 14:30:00,short,1314.93,1315.6531046743562,1308.4220579307946,1315.7331046743561,-53.70391160162173,16064.389926945847,-1.1106340518005369,0.0,3.111582706892933,0.0,stop_loss,1,15,0.44,down,London+NY overlap,False,False,no_sweep,2013
2013-10-07 14:45:00,2013-10-07 15:00:00,short,1316.99,1317.7389014794194,1310.2498866852259,1317.8189014794193,-53.34131501544523,16011.048611930402,-1.1068231298754432,1.602346948133165,3.378281482313925,0.0,stop_loss,1,15,0.5,down,London+NY overlap,False,False,no_sweep,2013
2013-10-07 15:30:00,2013-10-07 16:30:00,short,1320.19,1321.1027975766342,1311.974821810292,1321.1827975766341,-52.242898102037586,15958.805713828364,-1.0876426516105788,3.713857362001765,7.559178701419149,3.209912115240438,stop_loss,4,60,0.62,down,London+NY overlap,False,False,no_sweep,2013
2013-10-10 13:45:00,2013-10-10 14:00:00,short,1302.22,1303.2650794444114,1292.8142850002982,1303.3450794444113,-51.541318782979474,15907.264395045384,-1.0765492043956382,0.5167071296709936,1.9232987604421525,0.0,stop_loss,1,15,0.52,down,London+NY overlap,False,False,no_sweep,2013
2013-10-10 15:45:00,2013-10-10 16:30:00,short,1306.0900000000001,1307.3316008035245,1294.9155927682818,1294.9655927682818,427.5743537797277,16334.838748825112,8.959729407504824,9.17364097032587,0.0,8.472932660915648,take_profit,3,45,0.67,down,London+NY overlap,False,False,no_sweep,2013
2013-10-11 15:00:00,2013-10-11 15:30:00,short,1289.92,1291.238772311396,1278.0510491974376,1278.1010491974375,439.1826865150384,16774.02143534015,8.962085949509333,21.07262926273156,0.0,2.1231868274793912,take_profit,2,30,0.84,down,London+NY overlap,False,False,no_sweep,2013
2013-10-14 13:45:00,2013-10-14 14:00:00,short,1281.26,1282.1758683380222,1273.0171849578,1282.255868338022,-54.71763622105323,16719.303799119098,-1.0873487996895808,0.0,2.609545390728706,0.0,stop_loss,1,15,0.41,down,London+NY overlap,False,False,no_sweep,2013
2013-10-14 15:15:00,2013-10-14 18:15:00,short,1286.39,1287.476975585452,1276.6072197309336,1280.97,250.10302293096692,16969.406822050063,4.986312546980261,5.97069528226965,0.9199838647564933,5.335906415587829,time_stop,12,180,0.6,down,London+NY overlap,False,False,no_sweep,2013
2013-10-16 13:30:00,2013-10-16 13:45:00,short,1282.66,1283.8032442439112,1272.3708018048007,1283.8832442439111,-54.47058927664644,16914.936232773416,-1.0699762980885363,0.10496444713300322,1.7756485639981978,0.0,stop_loss,1,15,0.29,down,London+NY overlap,False,False,no_sweep,2013
2013-10-16 14:00:00,2013-10-16 16:45:00,short,1283.17,1284.284276924597,1273.141507678629,1273.191507678629,454.42624967650664,17369.362482449924,8.95512785116774,11.074446331610504,0.42179819901597876,8.4898105589169,take_profit,11,165,0.25,down,London+NY overlap,False,False,no_sweep,2013
2013-10-17 14:15:00,2013-10-17 14:30:00,short,1313.04,1315.192733887951,1293.6653950084421,1315.2727338879508,-54.04453069243293,17315.31795175749,-1.0371620479650063,0.0,2.1553987819723655,0.0,stop_loss,1,15,0.89,down,London+NY overlap,True,False,prev_day_sweep,2013
2013-10-18 14:15:00,2013-10-18 15:00:00,long,1317.53,1316.489238239886,1326.8968558410256,1316.409238239886,-55.9388718002618,17259.379079957227,-1.0768667749583358,1.518118805428444,1.316343521162594,1.518118805428444,stop_loss,3,45,0.41,up,London+NY overlap,False,False,no_sweep,2013
2013-10-22 15:15:00,2013-10-22 15:30:00,long,1312.55,1311.8212428002198,1319.1088147980222,1319.0588147980222,462.4507393993176,17721.829819356546,8.931390043193908,30.449098831125585,0.0,0.0,take_profit,1,15,0.72,up,London+NY overlap,True,False,prev_day_sweep,2013
2013-10-23 14:00:00,2013-10-23 17:00:00,long,1330.1599999999999,1329.2474738985118,1338.372734913393,1332.43,132.25447565064002,17854.084295007186,2.4876000766426873,6.399816937265339,0.4054678539019551,6.399816937265339,time_stop,12,180,0.7,up,London+NY overlap,False,False,no_sweep,2013
2013-10-25 13:15:00,2013-10-25 13:45:00,long,1341.78,1341.0903764593538,1347.9866118658158,1341.010376459354,-59.775759208751396,17794.308535798435,-1.1160053207072516,1.0875498816314717,4.596710833029126,1.0875498816314717,stop_loss,2,30,0.48,up,London+NY overlap,False,False,no_sweep,2013
2013-10-25 14:00:00,2013-10-25 14:15:00,long,1340.25,1339.523524810933,1346.7882767016026,1339.443524810933,-59.261493950619936,17735.047041847814,-1.1101207600808272,0.0,4.900373823601192,0.0,stop_loss,1,15,0.53,up,London+NY overlap,False,False,no_sweep,2013
2013-10-28 15:45:00,2013-10-28 16:00:00,long,1349.06,1348.1875861146482,1356.9117249681663,1356.8617249681663,475.7969639451574,18210.844005792973,8.942687753096296,9.089722359018447,0.0,0.0,take_profit,1,15,0.66,up,London+NY overlap,False,False,no_sweep,2013
2013-10-29 14:00:00,2013-10-29 17:00:00,long,1343.3899999999999,1342.2682672000722,1353.4855951993493,1347.3500000000001,192.86663169943563,18403.710637492408,3.5302524810324303,8.56710261179794,0.0,8.56710261179794,time_stop,12,180,0.88,up,London+NY overlap,True,False,prev_day_sweep,2013
2013-10-31 14:00:00,2013-10-31 14:15:00,long,1329.32,1328.3291806470222,1338.2373741767988,1328.2491806470223,-59.66894810240127,18344.041689390007,-1.0807412569803991,0.0,6.6409683866438005,0.0,stop_loss,1,15,0.5,up,London+NY overlap,True,False,prev_day_sweep,2013
2013-10-31 14:30:00,2013-10-31 15:00:00,long,1326.22,1325.0430435170754,1336.8126083463217,1324.9630435170754,-58.77276464943095,18285.268924740576,-1.0679719268813856,2.124122715045233,1.2574806473067934,2.124122715045233,stop_loss,2,30,0.75,up,London+NY overlap,True,False,prev_day_sweep,2013
2013-10-31 16:00:00,2013-10-31 16:15:00,long,1325.3999999999999,1323.9601078427156,1338.3590294155576,1323.8801078427157,-57.90357984509582,18227.36534489548,-1.0555597164657202,0.8542306406613979,1.034799719174831,0.0,stop_loss,1,15,0.86,up,London+NY overlap,True,False,prev_day_sweep,2013
2013-11-04 13:45:00,2013-11-04 14:00:00,short,1316.04,1316.7196604168528,1309.9230562483237,1316.7996604168527,-61.11849805884359,18166.246846836635,-1.1177058395873187,0.0,3.339903198293179,0.0,stop_loss,1,15,0.29,down,London+NY overlap,False,False,no_sweep,2013
2013-11-04 14:45:00,2013-11-04 15:00:00,short,1318.3700000000001,1319.1375688818653,1311.461880063213,1319.2175688818652,-60.178881236993774,18106.067965599643,-1.1042251736489528,0.0,5.432737176456401,0.0,stop_loss,1,15,0.44,down,London+NY overlap,False,False,no_sweep,2013
2013-11-05 13:30:00,2013-11-05 14:30:00,short,1313.04,1313.801872634,1306.1831462940002,1313.8818726339998,-60.02185581683938,18046.046109782805,-1.105004427813501,2.546357374479783,1.1156720455196403,2.546357374479783,stop_loss,4,60,0.72,down,London+NY overlap,False,False,no_sweep,2013
2013-11-05 14:45:00,2013-11-05 15:00:00,short,1313.69,1314.449142434878,1306.857718086099,1314.529142434878,-59.843327325982756,17986.20278245682,-1.1053820684029976,0.0,8.496429264999477,0.0,stop_loss,1,15,0.69,down,London+NY overlap,False,False,no_sweep,2013
2013-11-06 13:15:00,2013-11-06 16:15:00,short,1320.16,1321.0256289168142,1312.369339748673,1317.3899999999999,172.6667654222158,18158.869547879036,3.1999855205796885,6.399971041159115,0.6700330692909193,4.089512181534965,time_stop,12,180,0.73,down,London+NY overlap,True,False,prev_day_sweep,2013
2013-11-11 13:45:00,2013-11-11 14:00:00,short,1285.93,1286.710601694371,1278.904584750661,1286.790601694371,-60.059646347647025,18098.80990153139,-1.1024850452885528,0.6917740556983142,2.216239104366994,0.0,stop_loss,1,15,0.53,down,London+NY overlap,False,False,no_sweep,2013
2013-11-13 15:00:00,2013-11-13 15:45:00,short,1278.17,1279.1216668731258,1269.6049981418685,1279.2016668731258,-58.8607520520734,18039.949149479315,-1.0840630290483544,2.4588435996667526,1.1558666494158274,2.4588435996667526,stop_loss,3,45,0.6,down,London+NY overlap,False,False,no_sweep,2013
2013-11-14 15:45:00,2013-11-14 16:30:00,short,1285.49,1286.6027679842562,1275.4750881416937,1286.682767984256,-58.01067451852595,17981.93847496079,-1.071892794483483,3.576666525556551,1.0783919172532674,3.576666525556551,stop_loss,3,45,0.86,down,London+NY overlap,True,False,prev_day_sweep,2013
2013-11-15 13:15:00,2013-11-15 15:00:00,short,1283.72,1284.4360324639115,1277.2757078247973,1284.5160324639114,-59.973007558618235,17921.96546740217,-1.1117267778096434,2.876964528600857,1.5362431948838664,2.876964528600857,stop_loss,7,105,0.33,down,London+NY overlap,False,False,no_sweep,2013
2013-11-15 15:15:00,2013-11-15 15:30:00,short,1284.47,1285.1691073123636,1278.178034188727,1285.2491073123635,-59.9184163889172,17862.04705101325,-1.1144316453070091,1.0012768964373053,5.206639861473468,0.0,stop_loss,1,15,0.33,down,London+NY overlap,False,False,no_sweep,2013
2013-11-19 14:00:00,2013-11-19 14:30:00,short,1276.32,1277.152119993661,1268.83092005705,1277.232119993661,-58.737911720861625,17803.30913929239,-1.0961399805428913,0.8892948200225651,1.5622746838233514,0.8892948200225651,stop_loss,2,30,0.66,down,London+NY overlap,False,False,no_sweep,2013
2013-11-22 14:15:00,2013-11-22 14:30:00,short,1246.55,1247.3336874203808,1239.4968132165716,1247.4136874203807,-58.86209378205072,17744.447045510336,-1.1020815160731452,0.21692322165543332,1.1356568663148998,0.0,stop_loss,1,15,0.48,down,London+NY overlap,False,False,no_sweep,2013
2013-11-25 16:00:00,2013-11-25 16:15:00,short,1234.8400000000001,1235.861052386119,1225.6505285249307,1235.9410523861188,-57.4042018571124,17687.042843653224,-1.0783505342992488,0.822680610143003,1.3221652663009367,0.0,stop_loss,1,15,0.87,down,London+NY overlap,False,False,no_sweep,2013
2013-11-29 14:15:00,2013-11-29 14:30:00,short,1247.75,1248.4263738062164,1241.6626357440527,1248.5063738062163,-59.33708162591888,17627.705762027304,-1.1182777914589088,0.0,7.155806383270377,0.0,stop_loss,1,15,0.76,down,London+NY overlap,True,False,prev_day_sweep,2013
2013-12-03 13:45:00,2013-12-03 14:30:00,short,1222.8600000000001,1223.6707559994732,1215.5631960047424,1223.750755999473,-58.101270942215834,17569.604491085087,-1.0986733370482922,1.3074217158912713,1.837790902525841,0.7647183621251045,stop_loss,3,45,0.6,down,London+NY overlap,False,False,no_sweep,2013
2013-12-04 14:15:00,2013-12-04 14:30:00,short,1213.93,1214.658023638378,1207.3777872545998,1214.7380236383779,-58.50080271037947,17511.103688374707,-1.1098865418411115,0.7005267042377104,1.4697324971261152,0.0,stop_loss,1,15,0.49,down,London+NY overlap,False,False,no_sweep,2013
2013-12-04 14:45:00,2013-12-04 15:00:00,short,1214.82,1215.5429642596216,1208.3133216634048,1215.6229642596215,-58.34641292911577,17452.75727544559,-1.1106555392403366,0.0,10.941066442398338,0.0,stop_loss,1,15,0.49,down,London+NY overlap,False,False,no_sweep,2013
2013-12-06 15:15:00,2013-12-06 15:30:00,short,1231.8500000000001,1232.8099441918357,1223.2105022734802,1232.8899441918356,-56.72171480742686,17396.035560638164,-1.0833381780736167,19.949076376390238,3.093929860985626,0.0,stop_loss,1,15,0.57,down,London+NY overlap,False,False,no_sweep,2013
2013-12-09 15:15:00,2013-12-09 16:15:00,short,1232.64,1233.3028683102557,1226.6741852077007,1233.3828683102556,-58.486565169000016,17337.548995469162,-1.120687621903483,2.821073161996658,3.30382364961059,2.821073161996658,stop_loss,4,60,0.37,down,London+NY overlap,False,False,no_sweep,2013
2013-12-10 14:15:00,2013-12-10 14:30:00,short,1248.01,1248.829233208943,1240.6369011195145,1248.9092332089429,-57.091801143595305,17280.457194325565,-1.0976522913458944,0.0,1.7455347078095274,0.0,stop_loss,1,15,0.84,down,London+NY overlap,True,False,prev_day_sweep,2013
2013-12-11 15:00:00,2013-12-11 16:15:00,long,1255.02,1254.2520389474405,1261.9316494730358,1261.8816494730358,463.19708378210396,17743.654278107668,8.934892531551101,10.75575378786567,0.0,8.71137927854988,take_profit,5,75,0.54,up,London+NY overlap,False,False,no_sweep,2013
2013-12-13 13:15:00,2013-12-13 13:30:00,short,1228.0900000000001,1229.0934306729666,1219.0591239433024,1229.1734306729666,-57.47488036791049,17686.179397739757,-1.0797264845048233,0.916854571806376,2.102786028816531,0.0,stop_loss,1,15,0.54,down,London+NY overlap,False,False,no_sweep,2013
2013-12-13 14:30:00,2013-12-13 15:45:00,short,1232.6200000000001,1233.7534544290656,1222.4189101384109,1233.8334544290656,-56.80344663118198,17629.375951108574,-1.0705806938051168,4.587745097336809,2.6026630840658913,4.587745097336809,stop_loss,5,75,0.66,down,London+NY overlap,False,False,no_sweep,2013
2013-12-13 16:00:00,2013-12-13 17:15:00,short,1234.04,1235.3566891976216,1222.1897972214053,1235.4366891976215,-56.10152873479795,17573.274422373775,-1.0607584539650172,2.1493303090143794,3.303740934350913,2.1493303090143794,stop_loss,5,75,0.88,down,London+NY overlap,False,False,no_sweep,2013
2013-12-16 14:45:00,2013-12-16 15:00:00,short,1232.96,1233.7531153232517,1225.8219620907348,1233.8331153232516,-58.03756929688466,17515.23685307689,-1.1008680549405359,0.0,6.64468311921381,0.0,stop_loss,1,15,0.54,down,London+NY overlap,False,False,no_sweep,2013
2013-12-16 15:15:00,2013-12-16 15:30:00,short,1235.3700000000001,1236.277839232804,1227.1994469047663,1236.3578392328038,-57.1761084235662,17458.060744653325,-1.0881213293160445,1.3438502720709324,1.8395327494739337,0.0,stop_loss,1,15,0.65,down,London+NY overlap,False,False,no_sweep,2013
2013-12-17 13:45:00,2013-12-17 15:00:00,short,1239.55,1240.3520459982997,1232.331586015302,1232.381586015302,468.10260403885144,17926.163348692175,8.937659435860914,10.448278549814974,0.0,6.7452490399162635,take_profit,5,75,0.49,down,London+NY overlap,False,False,no_sweep,2013
2013-12-18 16:00:00,2013-12-18 16:15:00,short,1232.92,1233.7264065643305,1225.662340921025,1233.8064065643305,-59.11361427991039,17867.049734412263,-1.0992055416443045,0.0,2.765354473337525,0.0,stop_loss,1,15,0.5,down,London+NY overlap,False,False,no_sweep,2013
2013-12-19 13:45:00,2013-12-19 16:45:00,short,1208.44,1209.7870589997308,1196.3164690024225,1199.59,352.15248221753876,18219.2022166298,6.569868136265136,7.868994603888164,0.0,7.868994603888164,time_stop,12,180,0.58,down,London+NY overlap,False,False,no_sweep,2013
2013-12-20 14:30:00,2013-12-20 16:00:00,short,1197.39,1198.1620475515786,1190.4415720357938,1198.2420475515785,-60.32125848460783,18158.880958145193,-1.1036205604646594,7.952878015669964,2.4221306008634724,7.952878015669964,stop_loss,6,90,0.24,down,London+NY overlap,False,False,no_sweep,2013
2013-12-23 14:30:00,2013-12-23 14:45:00,short,1197.75,1198.664579030084,1189.5187887292445,1198.744579030084,-59.24182038954919,18099.639137755643,-1.087471937764171,0.0,4.1767850282428975,0.0,stop_loss,1,15,0.71,down,London+NY overlap,False,False,no_sweep,2013
2013-12-23 15:00:00,2013-12-23 15:15:00,short,1199.99,1200.944101306552,1191.4030882410323,1201.024101306552,-58.851802272795666,18040.787335482848,-1.0838485383580838,0.0,3.7312599569380667,0.0,stop_loss,1,15,0.77,down,London+NY overlap,False,False,no_sweep,2013
2013-12-23 15:30:00,2013-12-23 17:30:00,short,1202.68,1203.6857812286087,1193.6279689425228,1203.7657812286086,-58.4272633481665,17982.36007213468,-1.0795401601505314,5.011030089488001,1.2527575223720002,5.011030089488001,stop_loss,8,120,0.78,down,London+NY overlap,False,False,no_sweep,2013
2013-12-26 13:30:00,2013-12-26 15:15:00,short,1206.72,1207.2377850119879,1202.0599348921098,1207.3177850119878,-62.28213495416048,17920.077937180522,-1.1545042790883415,3.592224488807451,4.866884791287146,3.592224488807451,stop_loss,7,105,0.37,down,London+NY overlap,True,False,prev_day_sweep,2013
2013-12-26 15:30:00,2013-12-26 15:45:00,short,1208.8,1209.4309693847647,1203.1212755371175,1209.5109693847646,-60.57644202824133,17859.50149515228,-1.1267890359367525,0.0,7.195277789417196,0.0,stop_loss,1,15,0.66,down,London+NY overlap,True,False,prev_day_sweep,2013
2013-12-27 15:30:00,2013-12-27 15:45:00,short,1212.74,1213.4512266167762,1206.338960449013,1213.5312266167762,-59.60510733991838,17799.89638781236,-1.1124817296103773,1.898129187176713,8.829815774422599,0.0,stop_loss,1,15,0.84,down,London+NY overlap,False,False,no_sweep,2013
2013-12-30 13:30:00,2013-12-30 15:45:00,short,1204.98,1205.735092453401,1198.1841679193922,1205.815092453401,-59.05724157815139,17740.83914623421,-1.1059472911424368,4.396812582415047,3.2843660254185556,4.396812582415047,stop_loss,9,135,0.79,down,London+NY overlap,False,False,no_sweep,2013
2013-12-30 16:00:00,2013-12-30 16:15:00,short,1206.54,1207.4404006619804,1198.436394042175,1207.5204006619804,-57.951302717166406,17682.887843517045,-1.0888493349438044,0.18880483675583687,1.277209189818451,0.0,stop_loss,1,15,0.88,down,London+NY overlap,False,False,no_sweep,2013
2013-12-31 13:15:00,2013-12-31 15:00:00,short,1204.82,1205.6645227852853,1197.2192949324321,1197.269294932432,474.2972238605732,18157.185067377617,8.940794966256252,9.839876608174976,0.0,5.825775320363379,take_profit,7,105,0.84,down,London+NY overlap,False,False,no_sweep,2013
2014-01-02 15:30:00,2014-01-02 15:45:00,short,1221.3500000000001,1222.8999018183813,1207.4008836345695,1222.9799018183812,-57.283168405295754,18099.901898972323,-1.051616172747952,0.20646469099210252,1.7355938086513625,0.0,stop_loss,1,15,0.78,down,London+NY overlap,True,True,both,2014
2014-01-02 16:00:00,2014-01-02 16:15:00,short,1223.27,1224.7886653434,1209.6020119093992,1224.8686653434,-57.160096549074055,18042.74180242325,-1.052677833432889,0.37532956320963357,1.1984207105992728,0.0,stop_loss,1,15,0.77,down,London+NY overlap,True,True,both,2014
2014-01-03 15:30:00,2014-01-03 17:45:00,long,1228.19,1227.2436900468626,1236.7067895782368,1236.6567895782368,484.2940658579056,18527.035868281157,8.947163189149407,9.880483629069658,0.0,7.629635486832502,take_profit,9,135,0.49,up,London+NY overlap,False,False,no_sweep,2014
2014-01-07 14:45:00,2014-01-07 15:30:00,long,1236.25,1235.4706028360306,1243.264574475725,1235.3906028360307,-61.286143257960084,18465.749725023197,-1.1026434322553778,3.9902634289313075,1.2317211870656988,3.9902634289313075,stop_loss,3,45,0.36,up,London+NY overlap,False,False,no_sweep,2014
2014-01-08 13:15:00,2014-01-08 15:30:00,long,1225.4199999999998,1224.6416976917008,1232.4247207746923,1224.5616976917008,-61.0914118246534,18404.658313198543,-1.1027878231207615,8.261571283338807,6.359996555602673,8.261571283338807,stop_loss,9,135,0.62,up,London+NY overlap,False,False,no_sweep,2014
2014-01-08 15:45:00,2014-01-08 16:30:00,long,1221.58,1220.4638295427728,1231.6255341150438,1220.383829542773,-59.17136152563471,18345.48695167291,-1.0716736404210796,1.8635146509499059,2.1681276227394948,1.8635146509499059,stop_loss,3,45,0.9,up,London+NY overlap,True,False,prev_day_sweep,2014
2014-01-14 14:30:00,2014-01-14 16:45:00,long,1247.52,1247.0073911331792,1252.1334798013866,1252.0834798013866,489.9598772244917,18835.446828897402,8.902459744189978,11.295161622759357,0.0,7.861744618259101,take_profit,9,135,0.26,up,London+NY overlap,False,False,no_sweep,2014
2014-01-15 14:45:00,2014-01-15 15:00:00,long,1238.1499999999999,1237.5610252103475,1243.4507731068725,1237.4810252103475,-64.18155395652354,18771.265274940877,-1.1358292432977308,0.3395731082447132,2.2751398252389223,0.0,stop_loss,1,15,0.42,up,London+NY overlap,True,False,prev_day_sweep,2014
2014-01-17 14:00:00,2014-01-17 14:15:00,long,1240.72,1240.1892668417518,1245.4965984242347,1240.1092668417518,-64.80224919534731,18706.46302574553,-1.150734882033703,0.0,4.6916232033032905,0.0,stop_loss,1,15,0.45,up,London+NY overlap,False,False,no_sweep,2014
2014-01-21 14:00:00,2014-01-21 14:15:00,long,1246.77,1246.1869930968462,1252.0170621283846,1246.1069930968463,-63.82007169675384,18642.642954048773,-1.1372196445139287,0.0,7.324098525937576,0.0,stop_loss,1,15,0.81,up,London+NY overlap,True,False,prev_day_sweep,2014
2014-01-24 15:30:00,2014-01-24 16:15:00,long,1266.56,1265.560115730548,1275.5589584250677,1265.480115730548,-60.40268103663542,18582.24027301214,-1.0800092595153785,1.4701701435964458,1.9002199134918332,1.4701701435964458,stop_loss,3,45,0.79,up,London+NY overlap,False,False,no_sweep,2014
2014-01-27 14:00:00,2014-01-27 14:15:00,long,1264.08,1263.1377875047494,1272.559912457255,1263.0577875047495,-60.479981827566384,18521.76029118457,-1.0849065369045645,0.2653329278270052,1.2629847364563611,0.0,stop_loss,1,15,0.53,up,London+NY overlap,False,False,no_sweep,2014
2014-01-27 14:30:00,2014-01-27 15:15:00,long,1263.1299999999999,1262.2164086137889,1271.3523224758983,1262.136408613789,-60.430938033825534,18461.329353150744,-1.0875664998678631,2.47375362126962,4.892778180121079,2.0906501843472216,stop_loss,3,45,0.49,up,London+NY overlap,False,False,no_sweep,2014
2014-01-27 15:30:00,2014-01-27 16:30:00,long,1260.37,1259.3220377295509,1269.8016604340414,1259.242037729551,-59.61192561950739,18401.717427531235,-1.0763386261660437,2.566886304835608,2.452378365586325,2.566886304835608,stop_loss,4,60,0.8,up,London+NY overlap,False,False,no_sweep,2014
2014-01-30 15:15:00,2014-01-30 15:30:00,long,1252.23,1251.4042934357158,1259.6613590785576,1251.3242934357158,-60.553798367818665,18341.163629163417,-1.0968867191570342,0.0,12.77693608884543,0.0,stop_loss,1,15,0.49,up,London+NY overlap,False,False,no_sweep,2014
2014-01-30 15:45:00,2014-01-30 16:00:00,long,1242.78,1241.5782683195712,1253.5955851238582,1241.4982683195713,-58.68643773551258,18282.477191427904,-1.066570600827784,0.0,2.86253583559736,0.0,stop_loss,1,15,0.86,up,London+NY overlap,True,False,prev_day_sweep,2014
2014-01-31 13:15:00,2014-01-31 13:30:00,short,1245.46,1246.1980231106356,1238.8177920042801,1246.2780231106356,-60.79276643264591,18221.68442499526,-1.1083976895127716,0.569087869942668,3.4958254867899705,0.0,stop_loss,1,15,0.45,down,London+NY overlap,False,False,no_sweep,2014
2014-01-31 13:45:00,2014-01-31 14:00:00,short,1247.46,1248.2300301311093,1240.529728820017,1248.3100301311092,-60.344317092487515,18161.34010790277,-1.1038920384643713,0.40258164904973404,1.194758442341451,0.0,stop_loss,1,15,0.57,down,London+NY overlap,False,False,no_sweep,2014
2014-01-31 14:30:00,2014-01-31 15:00:00,short,1248.5800000000002,1249.3604322879182,1241.5561094087382,1249.4404322879182,-60.06902967476974,18101.271078228,-1.1025072914568155,1.0122595031372164,1.473542314692885,1.0122595031372164,stop_loss,2,30,0.62,down,London+NY overlap,False,False,no_sweep,2014
2014-01-31 15:15:00,2014-01-31 15:30:00,short,1249.5800000000002,1250.3479317553047,1242.6686142022586,1250.4279317553046,-59.96096314255319,18041.31011508545,-1.1041759237683872,0.0,6.8756109687194895,0.0,stop_loss,1,15,0.6,down,London+NY overlap,False,False,no_sweep,2014
2014-01-31 15:45:00,2014-01-31 17:15:00,short,1252.77,1253.646124829829,1244.8848765315392,1244.9348765315392,484.0265478336291,18525.33666291908,8.942930506820653,11.299759649469584,0.6962478167856385,7.441861910559678,take_profit,6,90,0.71,down,London+NY overlap,False,False,no_sweep,2014
2014-02-03 14:30:00,2014-02-03 16:00:00,short,1248.1100000000001,1248.8210305981188,1241.7107246169319,1248.9010305981187,-61.82901908690367,18463.507643832174,-1.1125127388492155,3.698856289671477,1.8986524680821104,3.698856289671477,stop_loss,6,90,0.52,down,London+NY overlap,False,False,no_sweep,2014
2014-02-04 15:30:00,2014-02-04 15:45:00,long,1249.5,1248.6057288067736,1257.5484407390372,1248.5257288067737,-60.345666145412,18403.161977686763,-1.0894583215985103,2.0239945261680767,2.5607444557596475,0.0,stop_loss,1,15,0.68,up,London+NY overlap,False,False,no_sweep,2014
2014-02-06 15:15:00,2014-02-06 15:30:00,long,1260.73,1260.0136713441245,1267.1769579028803,1259.9336713441246,-61.37531336215108,18341.786664324613,-1.1116805803366228,2.582613420286623,5.723629742256995,0.0,stop_loss,1,15,0.66,up,London+NY overlap,False,False,no_sweep,2014
2014-02-07 15:30:00,2014-02-07 15:45:00,long,1258.33,1257.5682844053092,1265.1854403522168,1265.1354403522168,491.61630390867487,18833.402968233288,8.93435870245009,10.450094570050272,0.3938477853033407,0.0,take_profit,1,15,0.73,up,London+NY overlap,False,False,no_sweep,2014
2014-02-13 14:45:00,2014-02-13 16:30:00,long,1290.62,1289.9537836674133,1296.6159469932795,1296.5659469932796,504.2615000929964,19337.664468326286,8.924949303170637,9.066124177036835,0.0,6.949694526437121,take_profit,7,105,0.64,up,London+NY overlap,False,False,no_sweep,2014
2014-02-19 14:15:00,2014-02-19 14:30:00,long,1317.1399999999999,1316.462135210368,1323.2407831066869,1316.382135210368,-64.85954974391193,19272.804918582373,-1.1180176359998943,1.3572028140001269,1.6522469039998626,0.0,stop_loss,1,15,0.52,up,London+NY overlap,False,False,no_sweep,2014
2014-02-20 14:45:00,2014-02-20 15:00:00,long,1310.8899999999999,1310.2393771675934,1316.7456054916577,1310.1593771675934,-64.92771518307312,19207.8772033993,-1.1229591032088844,0.0,3.2276764592360108,0.0,stop_loss,1,15,0.27,up,London+NY overlap,False,False,no_sweep,2014
2014-02-26 14:15:00,2014-02-26 14:30:00,long,1337.54,1336.893918661048,1343.3547320505675,1336.813918661048,-64.75878666093762,19143.11841673836,-1.1238234184718925,0.0,4.0087831730310395,0.0,stop_loss,1,15,0.54,up,London+NY overlap,False,False,no_sweep,2014
2014-02-26 14:45:00,2014-02-26 15:00:00,long,1335.3899999999999,1334.7202155801892,1341.4180597782952,1334.6402155801893,-64.28879880268222,19078.82961793568,-1.1194414167211366,0.0,8.375829347577167,0.0,stop_loss,1,15,0.66,up,London+NY overlap,False,False,no_sweep,2014
2014-02-26 15:15:00,2014-02-26 17:00:00,long,1331.61,1330.8234001686326,1338.6893984823057,1330.7434001686327,-63.057643303256974,19015.771974632422,-1.1017035560011077,4.958048355058624,2.9239772350344473,4.958048355058624,stop_loss,7,105,0.8,up,London+NY overlap,True,False,prev_day_sweep,2014
2014-02-27 14:45:00,2014-02-27 17:45:00,long,1330.28,1329.4179231314808,1338.0386918166714,1332.8400000000001,169.40615633969645,19185.17813097212,2.969572776494674,6.785937790036359,0.9047917053381284,6.785937790036359,time_stop,12,180,0.73,up,London+NY overlap,False,False,no_sweep,2014
2014-02-28 14:30:00,2014-02-28 16:45:00,long,1328.12,1327.3918915314696,1334.6729762167718,1327.3118915314697,-63.87937616984723,19121.298754802272,-1.1098737392265299,6.4688163969678865,2.0051957408857337,6.4688163969678865,stop_loss,9,135,0.45,up,London+NY overlap,False,False,no_sweep,2014
2014-03-04 14:00:00,2014-03-04 14:15:00,long,1333.96,1333.0293178099996,1342.3361397100048,1332.9493178099997,-62.29480796601172,19059.00394683626,-1.08595845161697,0.0,1.8373619033144442,0.0,stop_loss,1,15,0.54,up,London+NY overlap,False,False,no_sweep,2014
2014-03-04 15:30:00,2014-03-04 16:30:00,long,1332.6,1331.6409541111384,1341.231412999753,1331.5609541111385,-61.94650306127461,18997.057443774986,-1.0834162378766836,2.2209573334688355,1.48063822231232,2.2209573334688355,stop_loss,4,60,0.62,up,London+NY overlap,False,False,no_sweep,2014
2014-03-06 14:15:00,2014-03-06 16:00:00,long,1333.7,1333.064677520932,1339.4179023116128,1339.3679023116129,508.43533487450003,19505.492778649485,8.92129980970826,15.01599630788248,0.0,6.547855832367837,take_profit,7,105,0.52,up,London+NY overlap,False,False,no_sweep,2014
2014-03-10 15:30:00,2014-03-10 16:30:00,long,1337.01,1336.187090768009,1344.416183087918,1344.366183087918,523.0928413064228,20028.585619955906,8.93923995738942,9.114006391512481,0.3281042300944272,7.376269172864023,take_profit,4,60,0.32,up,London+NY overlap,False,False,no_sweep,2014
2014-03-13 13:15:00,2014-03-13 13:30:00,long,1369.28,1368.4549574014916,1376.705383386576,1368.3749574014917,-65.91195366167585,19962.67366629423,-1.0969646902409171,0.15756762164176574,1.3696262496540552,0.0,stop_loss,1,15,0.43,up,London+NY overlap,False,False,no_sweep,2014
2014-03-13 14:00:00,2014-03-13 14:30:00,long,1367.48,1366.626011811617,1375.1658936954473,1366.546011811617,-65.49821765626011,19897.175448637972,-1.093678110643898,1.4520107149817498,3.477799857657907,1.4520107149817498,stop_loss,2,30,0.61,up,London+NY overlap,False,False,no_sweep,2014
2014-03-17 13:45:00,2014-03-17 14:00:00,long,1377.1,1376.2608824111771,1384.652058299404,1376.1808824111772,-65.38241183237861,19831.793036805593,-1.095338247065184,0.7150368529896944,2.9793202207897163,0.0,stop_loss,1,15,0.39,up,London+NY overlap,False,False,no_sweep,2014
2014-03-17 15:45:00,2014-03-17 18:00:00,long,1376.26,1375.2981187576484,1384.916931181164,1375.2181187576484,-64.44363064008849,19767.349406165504,-1.083170350431557,6.165002225744847,4.927843263074253,6.165002225744847,stop_loss,9,135,0.49,up,London+NY overlap,False,False,no_sweep,2014
2014-03-18 13:30:00,2014-03-18 13:45:00,long,1360.2,1359.4305625035056,1367.1249374684492,1359.3505625035057,-65.46780421438935,19701.881601951114,-1.103972057983146,0.02599301449578646,3.0801722177536504,0.0,stop_loss,1,15,0.32,up,London+NY overlap,True,False,prev_day_sweep,2014
2014-03-18 14:00:00,2014-03-18 14:15:00,long,1358.6499999999999,1357.7702044035327,1366.5681603682035,1357.6902044035328,-64.48013361149326,19637.40146833962,-1.0909302118823627,0.0,6.80839961469784,0.0,stop_loss,1,15,0.57,up,London+NY overlap,True,False,prev_day_sweep,2014
2014-03-18 14:30:00,2014-03-18 14:45:00,long,1353.09,1352.0675486948828,1362.292061746053,1351.987548694883,-63.52169175058731,19573.879776589034,-1.078243335012189,0.0,2.376641300997242,0.0,stop_loss,1,15,0.78,up,London+NY overlap,True,False,prev_day_sweep,2014
2014-03-18 15:00:00,2014-03-18 18:00:00,long,1351.54,1350.4892384154857,1360.9968542606273,1358.38,382.2522815214026,19956.132058110437,6.50956420638672,6.852172848828025,0.0,5.729177854158934,time_stop,12,180,0.79,up,London+NY overlap,True,False,prev_day_sweep,2014
2014-03-19 15:00:00,2014-03-19 16:00:00,long,1343.53,1342.569955900616,1352.1703968944562,1342.489955900616,-64.85720001887867,19891.274858091558,-1.083329505437567,1.8957462487063068,2.9373650666768416,1.8957462487063068,stop_loss,4,60,0.76,up,London+NY overlap,True,False,prev_day_sweep,2014
2014-03-21 13:15:00,2014-03-21 16:15:00,short,1340.71,1341.7200112826795,1331.6198984558846,1334.3899999999999,373.4003548048699,20264.67521289643,6.2573558418416235,6.712796298684325,0.8118721187198734,4.27717994252448,time_stop,12,180,0.65,down,London+NY overlap,True,False,prev_day_sweep,2014
2014-03-24 13:45:00,2014-03-24 14:30:00,short,1325.14,1325.9699230159729,1317.6706928562442,1317.720692856244,543.4836003314372,20808.158813227867,8.93975344816719,12.663825195498234,0.0,4.20520931801037,take_profit,3,45,0.42,down,London+NY overlap,False,False,no_sweep,2014
2014-03-25 16:00:00,2014-03-25 19:00:00,short,1314.97,1316.0375935380946,1305.361658157148,1311.27,216.34690974157263,21024.50572296944,3.465738474404563,4.224454194476853,0.646313391172786,4.224454194476853,time_stop,12,180,0.83,down,London+NY overlap,False,False,no_sweep,2014
2014-04-02 15:00:00,2014-04-02 15:30:00,short,1291.17,1291.8408867598391,1285.1320191614482,1291.920886759839,-70.59472890770998,20953.91099406173,-1.1192451614623007,4.829429039227584,2.8618838750975892,4.829429039227584,stop_loss,2,30,0.66,down,London+NY overlap,True,False,prev_day_sweep,2014
2014-04-03 16:00:00,2014-04-03 16:30:00,short,1284.88,1285.732921008357,1277.2037109247892,1285.8129210083569,-68.75786942307164,20885.15312463866,-1.0937953212737133,0.820709061145793,1.3952054039475548,0.820709061145793,stop_loss,2,30,0.85,down,London+NY overlap,False,False,no_sweep,2014
2014-04-04 14:45:00,2014-04-04 15:00:00,short,1293.22,1293.8664381299554,1287.402056830401,1293.9464381299554,-70.40939052004815,20814.74373411861,-1.1237550761515955,0.18563261422774513,2.289468908806629,0.0,stop_loss,1,15,0.67,down,London+NY overlap,True,False,prev_day_sweep,2014
2014-04-07 13:30:00,2014-04-07 16:30:00,short,1300.8700000000001,1301.411908114231,1295.992826971923,1298.6699999999998,253.50664630696832,21068.250380425576,4.059728840050228,6.919992340994269,0.0369066258186003,6.919992340994269,time_stop,12,180,0.4,down,London+NY overlap,False,False,no_sweep,2014
2014-04-09 14:15:00,2014-04-09 14:30:00,long,1305.6699999999998,1305.0573532112217,1311.1838210990043,1304.9773532112217,-71.45808762147199,20996.792292804104,-1.1305809505008129,0.0,6.871822520111223,0.0,stop_loss,1,15,0.59,up,London+NY overlap,False,False,no_sweep,2014
2014-04-10 14:00:00,2014-04-10 15:30:00,long,1320.7,1320.0225535331294,1326.797018201836,1319.9425535331295,-70.42894272339576,20926.36335008071,-1.118090511814873,5.491208799396627,5.225505147812828,5.491208799396627,stop_loss,6,90,0.42,up,London+NY overlap,False,False,no_sweep,2014
2014-04-11 16:00:00,2014-04-11 17:30:00,long,1317.6299999999999,1316.7369496679257,1325.6674529886664,1316.6569496679258,-68.40287968855982,20857.960470392147,-1.0895806172694917,4.0983132400830655,1.7804147682326754,4.0983132400830655,stop_loss,6,90,0.81,up,London+NY overlap,False,False,no_sweep,2014
2014-04-14 14:15:00,2014-04-14 14:30:00,long,1322.55,1321.9328646128158,1328.104218484658,1321.852864612816,-70.6854086657235,20787.275061726425,-1.1296311986984755,0.0,2.9329058705555893,0.0,stop_loss,1,15,0.28,up,London+NY overlap,False,False,no_sweep,2014
2014-04-16 13:45:00,2014-04-16 14:00:00,short,1302.8,1303.787369480809,1293.913674672719,1303.867369480809,-67.41459024605764,20719.860471480366,-1.0810233671941851,0.11140712989200477,1.1748388243168382,0.0,stop_loss,1,15,0.51,down,London+NY overlap,False,False,no_sweep,2014
2014-04-17 14:30:00,2014-04-17 14:45:00,short,1301.29,1301.9443770628618,1295.400606434243,1302.0243770628617,-69.75881860561489,20650.10165287475,-1.1222536738223323,0.0,4.217751746874285,0.0,stop_loss,1,15,0.56,down,London+NY overlap,False,False,no_sweep,2014
2014-04-17 15:00:00,2014-04-17 18:00:00,short,1303.14,1303.8374730797127,1296.8627422825873,1298.76,389.0362848564517,21039.1379377312,6.27981226430255,7.484159821839878,0.0,7.0540356941479985,time_stop,12,180,0.64,down,London+NY overlap,False,False,no_sweep,2014
2014-04-21 15:45:00,2014-04-21 16:00:00,short,1287.64,1288.5653580675778,1279.3117773918011,1288.6453580675777,-68.5741048844334,20970.56383284677,-1.0864530205149054,0.2593590615449618,6.775755482861851,0.0,stop_loss,1,15,0.69,down,London+NY overlap,False,False,no_sweep,2014
2014-04-22 13:45:00,2014-04-22 15:15:00,short,1291.57,1292.1563037270146,1286.2932664568687,1292.2363037270145,-71.49586909793155,20899.067963748836,-1.1364480495583307,3.2918091955974402,2.0637767495716894,3.2918091955974402,stop_loss,6,90,0.39,down,London+NY overlap,False,False,no_sweep,2014
2014-04-23 13:15:00,2014-04-23 13:30:00,short,1285.6000000000001,1286.199841744999,1280.2014242950106,1286.279841744999,-71.05903657980716,20828.008927169027,-1.1333685103894735,0.05001319139643158,2.1839093576295223,0.0,stop_loss,1,15,0.57,down,London+NY overlap,False,False,no_sweep,2014
2014-04-23 13:45:00,2014-04-23 14:00:00,short,1286.4,1286.9915982393104,1281.075615846208,1287.0715982393103,-70.93354845071207,20757.075378718313,-1.1352269068501475,0.0,1.8593699691910657,0.0,stop_loss,1,15,0.54,down,London+NY overlap,False,False,no_sweep,2014
2014-04-23 15:00:00,2014-04-23 17:30:00,short,1288.2,1288.8194414716863,1282.6250267548232,1282.6750267548232,555.4146341058265,21312.49001282414,8.919282123840345,11.96238924692605,0.0,8.911253528074338,take_profit,10,150,0.7,down,London+NY overlap,False,False,no_sweep,2014
2014-04-25 13:15:00,2014-04-25 13:30:00,short,1295.6100000000001,1296.2209280928848,1290.1116471640378,1296.3009280928848,-72.30997355017203,21240.180039273968,-1.1309483078805231,0.0,3.5192357742920355,0.0,stop_loss,1,15,0.46,down,London+NY overlap,False,False,no_sweep,2014
2014-04-25 13:45:00,2014-04-25 14:00:00,short,1297.04,1297.6653920800893,1291.4114712791957,1297.7453920800892,-71.87165582861391,21168.308383445354,-1.1279197523392026,0.07994984521200159,8.202854118758998,0.0,stop_loss,1,15,0.5,down,London+NY overlap,False,False,no_sweep,2014
2014-04-25 14:15:00,2014-04-25 14:30:00,short,1300.51,1301.2680676608934,1293.6873910519596,1301.3480676608933,-70.20669370491981,21098.101689740433,-1.1055314771054146,0.30340299667836657,1.8204179800701994,0.0,stop_loss,1,15,0.59,down,London+NY overlap,True,False,prev_day_sweep,2014
2014-04-25 14:45:00,2014-04-25 15:15:00,short,1300.98,1301.7309358912805,1294.2215769784752,1301.8109358912805,-70.03728335049466,21028.064406389938,-1.1065337280170617,2.1040411283387868,2.2904751523689475,2.1040411283387868,stop_loss,2,30,0.57,down,London+NY overlap,True,False,prev_day_sweep,2014
2014-04-28 13:45:00,2014-04-28 14:00:00,long,1300.6399999999999,1300.15804595841,1304.9775863743096,1300.07804595841,-73.55559717478422,20954.508809215153,-1.1659909308697063,0.39422846081602436,2.7181014929938003,0.0,stop_loss,1,15,0.28,up,London+NY overlap,False,False,no_sweep,2014
2014-04-28 14:15:00,2014-04-28 16:30:00,long,1299.69,1299.1920141172006,1304.1718729451957,1299.1120141172007,-72.96237116986232,20881.54643804529,-1.1606471242722982,7.9520326514860615,1.6867948048609565,7.9520326514860615,stop_loss,9,135,0.3,up,London+NY overlap,False,False,no_sweep,2014
2014-04-29 13:15:00,2014-04-29 14:30:00,short,1290.6000000000001,1291.2939408297375,1284.3545325323644,1291.3739408297374,-69.86653912225509,20811.679898923034,-1.1152836042666716,2.363313887469061,1.354582350134374,2.363313887469061,stop_loss,5,75,0.65,down,London+NY overlap,False,False,no_sweep,2014
2014-05-01 13:30:00,2014-05-01 15:00:00,short,1285.38,1286.1904299016878,1278.0861308848112,1278.136130884811,558.0633868804379,21369.74328580347,8.938304349461584,9.414756272085606,0.6169565053791266,4.4667650989450225,take_profit,6,90,0.61,down,London+NY overlap,False,False,no_sweep,2014
2014-05-02 13:15:00,2014-05-02 13:30:00,short,1285.6100000000001,1286.1093726289387,1281.115646339554,1286.1893726289386,-74.37959329220598,21295.363692511262,-1.1602010109564342,0.0,1.7622111205221433,0.0,stop_loss,1,15,0.46,down,London+NY overlap,False,False,no_sweep,2014
2014-05-02 13:45:00,2014-05-02 14:00:00,short,1285.79,1286.292290685156,1281.2693838335947,1286.372290685156,-74.06124948129616,21221.302443029967,-1.1592703236673776,0.0,2.6279603405139915,0.0,stop_loss,1,15,0.48,down,London+NY overlap,False,False,no_sweep,2014
2014-05-02 14:15:00,2014-05-02 14:30:00,short,1286.79,1287.3035567642416,1282.1679891218241,1287.3835567642416,-73.58123865631529,21147.72120437365,-1.1557763534047787,0.5452172369171681,2.589781875356659,0.0,stop_loss,1,15,0.51,down,London+NY overlap,False,False,no_sweep,2014
2014-05-05 13:45:00,2014-05-05 16:45:00,long,1311.18,1310.3823884735968,1318.3585037376292,1313.4,176.5819807748485,21324.3031851485,2.7833098275434804,5.478857633497548,0.8023956259585965,5.478857633497548,time_stop,12,180,0.4,up,London+NY overlap,False,False,no_sweep,2014
2014-05-06 13:15:00,2014-05-06 14:45:00,long,1307.0,1306.3860250881355,1312.5257742067797,1306.3060250881356,-72.30848266361926,21251.99470248488,-1.1302984836253116,8.143655226589386,2.101063048460002,8.143655226589386,stop_loss,6,90,0.6,up,London+NY overlap,False,False,no_sweep,2014
2014-05-07 14:30:00,2014-05-07 14:45:00,long,1310.3,1309.798558839501,1314.8129704444902,1309.7185588395012,-73.927623634448,21178.067078850432,-1.1595401540638135,0.0,4.30758415972659,0.0,stop_loss,1,15,0.44,up,London+NY overlap,False,False,no_sweep,2014
2014-05-07 15:00:00,2014-05-07 15:15:00,long,1308.56,1308.0343441014065,1313.2909030873411,1307.9543441014066,-73.2035231494609,21104.863555700973,-1.1521908157294474,0.0,13.602054155831468,0.0,stop_loss,1,15,0.5,up,London+NY overlap,False,False,no_sweep,2014
2014-05-07 15:30:00,2014-05-07 16:30:00,long,1302.55,1301.7920109853965,1309.371901131432,1301.7120109853965,-69.99696621051804,21034.866589490455,-1.1055424266824987,2.6649462737354876,2.005306106969272,2.6649462737354876,stop_loss,4,60,0.82,up,London+NY overlap,True,False,prev_day_sweep,2014
2014-05-08 14:30:00,2014-05-08 14:45:00,short,1293.3600000000001,1293.9402276918656,1288.13795077321,1294.0202276918656,-71.8052668552869,20963.061322635167,-1.1378769078440871,1.4821767593255035,3.2918111747803223,0.0,stop_loss,1,15,0.54,down,London+NY overlap,False,False,no_sweep,2014
2014-05-09 14:15:00,2014-05-09 14:30:00,short,1291.3600000000001,1291.945963982255,1286.0863241597065,1292.025963982255,-71.47526582581536,20891.586056809352,-1.136527162799435,0.0,4.266473837485841,0.0,stop_loss,1,15,0.56,down,London+NY overlap,False,False,no_sweep,2014
2014-05-09 14:45:00,2014-05-09 17:45:00,short,1293.49,1294.1076424132707,1287.9312182805631,1289.47,407.9262084851341,21299.512265294485,6.508620382321741,8.079108385021318,0.777148702366808,6.557192176219621,time_stop,12,180,0.61,down,London+NY overlap,False,False,no_sweep,2014
2014-05-12 15:00:00,2014-05-12 15:15:00,short,1296.39,1297.1257767430966,1289.7680093121326,1297.2057767430965,-70.84613739841518,21228.66612789607,-1.1087286337201279,1.6717027434485092,9.364253579154346,0.0,stop_loss,1,15,0.58,down,London+NY overlap,True,False,prev_day_sweep,2014
2014-05-14 13:45:00,2014-05-14 14:00:00,short,1302.3,1302.9248429003787,1296.6764138965916,1303.0048429003787,-71.83985572543268,21156.826272170638,-1.1280321820915804,0.0,3.5368890302831826,0.0,stop_loss,1,15,0.47,down,London+NY overlap,True,False,prev_day_sweep,2014
2014-05-15 15:15:00,2014-05-15 15:30:00,long,1303.3999999999999,1302.7853210014234,1308.9321109871871,1302.7053210014235,-71.73111293135213,21085.095159239285,-1.130149232664859,0.0,20.498504144733786,0.0,stop_loss,1,15,0.62,up,London+NY overlap,False,False,no_sweep,2014
2014-05-16 14:30:00,2014-05-16 15:30:00,long,1293.31,1292.7876758489608,1298.0109173593514,1292.707675848961,-72.9435658839473,21012.15159335534,-1.153161594846366,5.552107813185997,10.52985964569725,5.552107813185997,stop_loss,4,60,0.32,up,London+NY overlap,False,False,no_sweep,2014
2014-05-16 15:45:00,2014-05-16 18:00:00,long,1288.1299999999999,1287.3533153949772,1295.1201614452045,1295.0701614452046,563.2700458820761,21575.421639237415,8.935623804468754,9.360298830422051,0.0,8.793788309736208,take_profit,9,135,0.67,up,London+NY overlap,True,False,prev_day_sweep,2014
2014-05-19 14:15:00,2014-05-19 15:15:00,short,1302.23,1302.8115369714542,1296.9961672569132,1302.8915369714541,-73.63042999678554,21501.79120924063,-1.1375664900545912,5.055568509510921,5.124351754538217,3.9894282115866657,stop_loss,4,60,0.78,down,London+NY overlap,True,False,prev_day_sweep,2014
2014-05-20 13:15:00,2014-05-20 13:30:00,short,1292.63,1293.1822804879653,1287.6594756083136,1293.2622804879652,-73.84923060377818,21427.941978636853,-1.1448539315496757,0.2716011216560537,1.267471901060486,0.0,stop_loss,1,15,0.5,down,London+NY overlap,False,False,no_sweep,2014
2014-05-22 13:30:00,2014-05-22 13:45:00,short,1296.25,1296.7429342148896,1291.813592065994,1296.8229342148895,-74.71667056208433,21353.22530807477,-1.1622934614466642,0.22315350948916343,1.5012145183830288,0.0,stop_loss,1,15,0.45,down,London+NY overlap,True,False,prev_day_sweep,2014
2014-05-22 14:30:00,2014-05-22 15:15:00,short,1298.22,1298.7336936201443,1293.5967574187018,1298.8136936201442,-74.0360000851001,21279.18930798967,-1.1557348521818422,2.316555926207118,10.278500244010889,2.316555926207118,stop_loss,3,45,0.5,down,London+NY overlap,True,False,prev_day_sweep,2014
2014-05-22 15:30:00,2014-05-22 18:15:00,short,1301.44,1302.1397681561052,1295.142086595053,1295.1920865950528,569.9767742953034,21849.166082284974,8.928547763194075,9.931860916168299,0.4858752102872499,8.531397074751746,take_profit,11,165,0.67,down,London+NY overlap,True,False,prev_day_sweep,2014
2014-05-26 13:30:00,2014-05-26 16:30:00,short,1293.21,1293.5523740363042,1290.128633673263,1292.8799999999999,63.178489394147284,21912.34457167912,0.9638581346951512,4.118302939150319,0.9638581346944871,4.118302939150319,time_stop,12,180,0.32,down,London+NY overlap,False,False,no_sweep,2014
2014-05-28 14:15:00,2014-05-28 14:30:00,short,1266.17,1266.722483051384,1261.1976525375455,1266.802483051384,-75.25581023501438,21837.088761444105,-1.1448008220334345,0.018100102754179323,1.013605754234865,0.0,stop_loss,1,15,0.32,down,London+NY overlap,False,False,no_sweep,2014
2014-05-30 15:00:00,2014-05-30 15:30:00,short,1254.29,1254.850438938332,1249.2460495550122,1254.930438938332,-74.86268879316039,21762.226072650945,-1.1427452564913183,7.226478609879477,2.0519630620647282,7.226478609879477,stop_loss,2,30,0.56,down,London+NY overlap,False,False,no_sweep,2014
2014-06-02 13:15:00,2014-06-02 13:45:00,short,1245.3,1245.8287990420995,1240.540808621105,1245.9087990420994,-75.16365196717602,21687.062420683767,-1.1512862044573615,0.13237542890019127,3.857798213666157,0.13237542890019127,stop_loss,2,30,0.26,down,London+NY overlap,False,False,no_sweep,2014
2014-06-02 14:00:00,2014-06-02 16:00:00,short,1247.29,1247.8075934750336,1242.6316587246968,1247.8875934750336,-75.11713895390919,21611.94528172986,-1.1545614538412103,5.796054519050657,1.1785310855405462,5.796054519050657,stop_loss,8,120,0.24,down,London+NY overlap,False,False,no_sweep,2014
2014-06-04 14:45:00,2014-06-04 15:00:00,short,1245.56,1245.9260642383115,1242.2654218551954,1246.0060642383114,-79.00511632867725,21532.94016540118,-1.2185408778768592,1.6663741938122953,1.147339608854754,0.0,stop_loss,1,15,0.38,down,London+NY overlap,False,False,no_sweep,2014
2014-06-04 15:30:00,2014-06-04 17:45:00,short,1248.75,1249.2161946543624,1244.5542481107377,1244.6042481107377,574.4610745966526,22107.401239997835,8.8927486629638,11.711846004470413,0.0,8.665908032611672,take_profit,9,135,0.59,down,London+NY overlap,True,False,prev_day_sweep,2014
2014-06-05 13:15:00,2014-06-05 13:30:00,short,1244.0,1244.3568597060155,1240.7882626458616,1244.4368597060154,-81.1901650172671,22026.21107498057,-1.2241777332979589,0.0,2.073644033008031,0.0,stop_loss,1,15,0.56,down,London+NY overlap,False,False,no_sweep,2014
2014-06-05 14:30:00,2014-06-05 14:45:00,short,1246.01,1246.4501156620486,1242.0489590415636,1246.5301156620485,-78.08977282716515,21948.121302153402,-1.1817704001433518,11.406092609005661,1.6813762013275544,0.0,stop_loss,1,15,0.73,down,London+NY overlap,False,False,no_sweep,2014
2014-06-06 15:30:00,2014-06-06 15:45:00,short,1255.82,1256.3648398363105,1250.9164414732052,1256.4448398363104,-75.51243287179518,21872.60886928161,-1.146832141610019,3.303723186228347,3.4138472924362784,0.0,stop_loss,1,15,0.68,down,London+NY overlap,False,False,no_sweep,2014
2014-06-10 14:15:00,2014-06-10 14:30:00,short,1253.98,1254.3492285057202,1250.6569434485186,1254.4292285057202,-79.83510952965798,21792.77375975195,-1.2166679949151717,0.0,3.7916899110192017,0.0,stop_loss,1,15,0.62,down,London+NY overlap,False,False,no_sweep,2014
2014-06-10 14:45:00,2014-06-10 15:00:00,short,1255.01,1255.3900235585036,1251.5897879734675,1255.4700235585035,-79.1413251386243,21713.632434613326,-1.2105132647958545,1.184137114477879,1.3683362211742518,0.0,stop_loss,1,15,0.69,down,London+NY overlap,False,False,no_sweep,2014
2014-06-11 13:45:00,2014-06-11 16:45:00,long,1261.73,1261.2687659627372,1265.8811063353655,1261.76,4.236952959306466,21717.86938757263,0.06504290138258047,7.52329559325871,0.5637051453161904,7.52329559325871,time_stop,12,180,0.72,up,London+NY overlap,False,False,no_sweep,2014
2014-06-13 14:30:00,2014-06-13 14:45:00,long,1272.54,1271.9763683047443,1277.6126852573022,1271.8963683047443,-74.40129365820442,21643.468093914427,-1.141936659476953,2.9629277665842197,1.525819089378456,0.0,stop_loss,1,15,0.66,up,London+NY overlap,False,False,no_sweep,2014
2014-06-17 14:30:00,2014-06-17 15:30:00,long,1264.22,1263.6780468779998,1269.0975780980011,1263.5980468779999,-74.51505677597248,21568.953037138454,-1.1476142432848544,2.4725385750234086,10.48061127323431,2.4725385750234086,stop_loss,4,60,0.35,up,London+NY overlap,True,False,prev_day_sweep,2014
2014-06-17 15:45:00,2014-06-17 16:45:00,long,1261.9099999999999,1261.171673083524,1268.5549422482839,1268.504942248284,577.9797395772805,22146.932776715734,8.932279321147197,9.49443917534469,0.0,8.50571726407485,take_profit,4,60,0.88,up,London+NY overlap,True,False,prev_day_sweep,2014
2014-06-20 14:15:00,2014-06-20 17:15:00,long,1309.45,1308.6675718150404,1316.4918536646358,1316.4418536646358,593.7213768825976,22740.65415359833,8.936096371575344,13.138586003942054,0.37064104485824195,6.722661710188255,take_profit,12,180,0.32,up,London+NY overlap,False,False,no_sweep,2014
2014-06-23 13:15:00,2014-06-23 13:30:00,long,1311.73,1311.1868379827467,1316.6184581552802,1311.1068379827468,-78.27008221787597,22662.384071380453,-1.1472857038208966,0.42344639848549565,1.8778927237181031,0.0,stop_loss,1,15,0.38,up,London+NY overlap,False,False,no_sweep,2014
2014-06-23 13:45:00,2014-06-23 14:00:00,long,1310.8899999999999,1310.3630898932865,1315.63219096042,1310.2830898932866,-78.30954327825029,22584.074528102203,-1.1518285547774696,0.018978569347615215,1.9358140734144629,0.0,stop_loss,1,15,0.32,up,London+NY overlap,False,False,no_sweep,2014
2014-06-26 15:00:00,2014-06-26 15:15:00,long,1307.1299999999999,1306.4253006923122,1313.4722937691893,1313.4222937691893,604.9628396928008,23189.037367795005,8.929047752064154,9.45083942519241,0.0,0.0,take_profit,1,15,0.75,up,London+NY overlap,True,False,prev_day_sweep,2014
2014-07-02 15:30:00,2014-07-02 16:30:00,long,1322.35,1321.617644548049,1328.9411990675585,1328.8911990675585,621.35446334312,23810.391831138124,8.931727141694674,9.517236447727795,0.0,7.6465601301688295,take_profit,4,60,0.77,up,London+NY overlap,True,False,prev_day_sweep,2014
2014-07-03 13:45:00,2014-07-03 14:00:00,long,1321.3,1320.7569619387982,1326.1873425508152,1320.6769619387983,-81.95436796876646,23728.437463169357,-1.1473193238479225,0.14731932384834104,8.931234008288248,0.0,stop_loss,1,15,0.54,up,London+NY overlap,True,False,prev_day_sweep,2014
2014-07-03 14:15:00,2014-07-03 14:30:00,long,1318.9199999999998,1318.2524824880454,1324.9276576075906,1318.1724824880455,-79.7166615888445,23648.72080158051,-1.1198470430621283,0.4194646507181304,1.1984704306223053,0.0,stop_loss,1,15,0.77,up,London+NY overlap,True,False,prev_day_sweep,2014
2014-07-03 14:45:00,2014-07-03 15:00:00,long,1318.45,1317.806018063672,1324.2458374269534,1317.726018063672,-79.75959749072518,23568.96120408979,-1.1242270869522693,2.5466552825236364,1.7236508314645,0.0,stop_loss,1,15,0.74,up,London+NY overlap,True,False,prev_day_sweep,2014
2014-07-14 14:15:00,2014-07-14 14:30:00,long,1318.78,1317.994989983492,1325.8450901485735,1317.914989983492,-77.9125887243369,23491.048615365453,-1.1019095276717465,0.0,4.012687652078502,0.0,stop_loss,1,15,0.86,up,London+NY overlap,True,False,prev_day_sweep,2014
2014-07-15 15:00:00,2014-07-15 17:00:00,short,1311.25,1311.8809978701129,1305.5710191689848,1311.9609978701128,-79.4079647016244,23411.640650663827,-1.1267833122568482,7.797173703803374,1.6481830593404685,7.797173703803374,stop_loss,8,120,0.34,down,London+NY overlap,False,False,no_sweep,2014
2014-07-16 15:45:00,2014-07-16 16:30:00,short,1299.51,1300.130708316563,1293.9236251509328,1300.210708316563,-79.28715084311865,23332.353499820707,-1.1288850138868916,2.948244692665208,5.3648387030466225,2.948244692665208,stop_loss,3,45,0.56,down,London+NY overlap,False,False,no_sweep,2014
2014-07-21 14:45:00,2014-07-21 15:00:00,short,1316.3700000000001,1316.9131234750764,1311.4818887243139,1316.9931234750763,-80.30735842787556,23252.04614139283,-1.147296155793466,0.0,3.4246356222010133,0.0,stop_loss,1,15,0.54,down,London+NY overlap,False,False,no_sweep,2014
2014-07-24 13:15:00,2014-07-24 16:15:00,short,1300.44,1301.0716998337284,1294.7547014964439,1297.01,378.7614655251321,23630.807606917962,5.429794052272937,7.709357736026051,0.0,7.709357736026051,time_stop,12,180,0.55,down,London+NY overlap,False,False,no_sweep,2014
2014-07-25 13:15:00,2014-07-25 13:30:00,short,1294.4,1294.829445997884,1290.5349860190454,1294.909445997884,-84.09872548418679,23546.708881433777,-1.1862865188967238,0.512287926966519,1.746436114658371,0.0,stop_loss,1,15,0.2,down,London+NY overlap,False,False,no_sweep,2014
2014-07-25 13:45:00,2014-07-25 14:00:00,short,1294.9,1295.345721294094,1290.8885083531566,1295.4257212940938,-83.31892437378492,23463.389957059993,-1.1794843572878335,0.4935819825420523,2.108941198133574,0.0,stop_loss,1,15,0.27,down,London+NY overlap,False,False,no_sweep,2014
2014-07-30 14:30:00,2014-07-30 15:30:00,short,1299.21,1299.618528164108,1295.5332465230276,1295.5832465230276,624.8964349431787,24088.28639200317,8.877609417434176,18.50545608405345,0.9301684275050494,6.511178992537571,take_profit,4,60,0.29,down,London+NY overlap,False,False,no_sweep,2014
2014-08-06 15:15:00,2014-08-06 15:30:00,short,1293.5,1294.1723670603815,1287.4486964565658,1294.2523670603814,-80.86312205164099,24007.42326995153,-1.1189826282604303,0.0,15.55697864506544,0.0,stop_loss,1,15,0.68,down,London+NY overlap,True,False,prev_day_sweep,2014
2014-08-08 14:30:00,2014-08-08 14:45:00,long,1315.1,1314.361697064207,1321.7447264221357,1314.281697064207,-79.82635849141309,23927.596911460118,-1.1083566055632794,0.13544575695440714,1.2325563882832264,0.0,stop_loss,1,15,0.56,up,London+NY overlap,False,False,no_sweep,2014
2014-08-08 15:15:00,2014-08-08 15:30:00,long,1313.0,1312.2202982689735,1320.0173155792393,1312.1402982689735,-79.14794465187214,23848.448966808246,-1.1026033376822202,0.0,9.477983318403849,0.0,stop_loss,1,15,0.58,up,London+NY overlap,False,False,no_sweep,2014
2014-08-11 16:00:00,2014-08-11 16:15:00,long,1308.5,1307.9525412660832,1313.4271286052508,1307.8725412660833,-82.0002495212661,23766.44871728698,-1.1461297355283253,0.0,2.35634198539632,0.0,stop_loss,1,15,0.38,up,London+NY overlap,False,False,no_sweep,2014
2014-08-13 15:15:00,2014-08-13 15:30:00,long,1305.09,1304.4814017240672,1310.5673844833948,1310.5173844833948,635.8364462793263,24402.285163566306,8.917843999930295,15.248153612951091,0.0,0.0,take_profit,1,15,0.68,up,London+NY overlap,True,False,prev_day_sweep,2014
2014-08-14 13:45:00,2014-08-14 14:00:00,long,1311.43,1310.657466351192,1318.382802839273,1310.577466351192,-80.78781775465491,24321.49734581165,-1.1035553598517718,0.0,2.0063850971298436,0.0,stop_loss,1,15,0.78,up,London+NY overlap,False,False,no_sweep,2014
2014-08-14 14:15:00,2014-08-14 14:30:00,long,1310.74,1309.967764353834,1317.6901208154954,1309.887764353834,-80.52327204450795,24240.97407376714,-1.1035953214502598,0.0,2.162552335276236,0.0,stop_loss,1,15,0.76,up,London+NY overlap,False,False,no_sweep,2014
2014-08-14 14:45:00,2014-08-14 15:30:00,long,1309.58,1308.8353427336629,1316.2819153970343,1316.2319153970343,649.6233205656231,24890.597394332766,8.932855016314795,12.905265864484464,0.4565858890659317,1.5174766313078731,take_profit,3,45,0.72,up,London+NY overlap,False,False,no_sweep,2014
2014-08-15 13:15:00,2014-08-15 14:00:00,long,1312.02,1311.5850771562903,1315.9343055933866,1311.5050771562903,-88.40697179251397,24802.190422540254,-1.1839406716776644,3.6328282656370083,1.8623993007379203,3.6328282656370083,stop_loss,3,45,0.39,up,London+NY overlap,False,False,no_sweep,2014
2014-08-15 14:45:00,2014-08-15 15:00:00,long,1311.1499999999999,1310.676179151501,1315.4143876364901,1310.596179151501,-86.96939057002605,24715.221031970228,-1.1688401855962445,0.0,12.937379221323752,0.0,stop_loss,1,15,0.5,up,London+NY overlap,False,False,no_sweep,2014
2014-08-15 15:15:00,2014-08-15 15:30:00,long,1306.22,1305.5771391663454,1312.0057475028923,1305.4971391663455,-83.37262597362506,24631.848405996603,-1.124443729982951,0.0,16.5510160877477,0.0,stop_loss,1,15,0.66,up,London+NY overlap,True,False,prev_day_sweep,2014
2014-08-19 14:30:00,2014-08-19 15:30:00,short,1301.88,1302.2810100284155,1298.2709097442616,1298.3209097442616,655.8462290010447,25287.694634997646,8.875314838889361,11.645594047744531,0.0,4.862721283319488,take_profit,4,60,0.5,down,London+NY overlap,False,False,no_sweep,2014
2014-08-20 14:15:00,2014-08-20 14:30:00,short,1295.48,1296.1016327362659,1289.8853053736075,1296.1816327362658,-85.6261583995101,25202.068476598135,-1.1286933511264048,0.4826000667243838,1.3351935179375474,0.0,stop_loss,1,15,0.81,down,London+NY overlap,False,False,no_sweep,2014
2014-08-21 13:15:00,2014-08-21 13:30:00,short,1280.98,1281.6427996616155,1275.0148030454595,1281.7227996616155,-84.73188364700326,25117.33659295113,-1.120700121971902,0.0,3.25890329324444,0.0,stop_loss,1,15,0.62,down,London+NY overlap,False,False,no_sweep,2014
2014-08-21 13:45:00,2014-08-21 15:15:00,short,1282.17,1282.8188935857809,1276.329957727973,1276.3799577279729,672.3618964067758,25789.698489357907,8.92294576322589,10.772182301030327,0.0,6.118106399869904,take_profit,6,90,0.58,down,London+NY overlap,False,False,no_sweep,2014
2014-08-22 13:30:00,2014-08-22 14:45:00,short,1282.16,1282.5699078985929,1278.4708289126652,1278.5208289126651,686.8844836785543,26476.58297303646,8.878021379505418,10.612139982990392,0.0,5.001123440260127,take_profit,5,75,0.29,down,London+NY overlap,False,False,no_sweep,2014
2014-08-27 13:15:00,2014-08-27 15:15:00,short,1286.46,1286.878460565775,1282.6938549080267,1286.9584605657749,-94.61488327401732,26381.968089762442,-1.1911769149663605,5.711410334625449,1.3143412903948142,5.711410334625449,stop_loss,8,120,0.25,down,London+NY overlap,False,False,no_sweep,2014
2014-08-29 14:45:00,2014-08-29 15:15:00,short,1285.93,1286.4424301885645,1281.3181283029198,1286.5224301885644,-91.50207001212893,26290.466019750314,-1.1561188270816993,3.2004359551779404,1.034287229417145,1.4245842971218368,stop_loss,2,30,0.49,down,London+NY overlap,False,False,no_sweep,2014
2014-09-04 13:30:00,2014-09-04 14:45:00,short,1272.49,1272.9152963141732,1268.6623331724402,1272.9952963141732,-93.70743503972705,26196.758584710587,-1.1881041460597763,7.923887152775559,5.854741546115881,7.923887152775559,stop_loss,5,75,0.41,down,London+NY overlap,True,False,prev_day_sweep,2014
2014-09-05 15:45:00,2014-09-05 18:45:00,short,1268.74,1269.6905912331497,1260.184678901653,1266.6299999999999,174.44457308088505,26371.20315779147,2.219671217678784,4.681297117853124,0.18935583847502288,4.681297117853124,time_stop,12,180,0.78,down,London+NY overlap,False,False,no_sweep,2014
2014-09-11 15:00:00,2014-09-11 15:15:00,short,1242.8300000000002,1243.6152770311833,1235.7625067193526,1243.6952770311832,-87.17329861050436,26284.029859180966,-1.1018748757739645,0.8659364440795657,1.2352328687601866,0.0,stop_loss,1,15,0.71,down,London+NY overlap,False,False,no_sweep,2014
2014-09-15 14:45:00,2014-09-15 15:30:00,short,1237.91,1238.4078186202034,1233.4296324181696,1233.4796324181696,701.7490452270226,26985.778904407987,8.899561812333772,9.822854753810761,0.0,6.829796761340858,take_profit,3,45,0.21,down,London+NY overlap,False,False,no_sweep,2014
2014-09-16 13:30:00,2014-09-16 15:30:00,short,1240.82,1241.410856171524,1235.502294456283,1235.5522944562829,721.7651807016737,27707.54408510966,8.91537703690019,9.968585053121096,0.0,8.259201198511175,take_profit,8,120,0.81,down,London+NY overlap,True,False,prev_day_sweep,2014
2014-09-17 13:15:00,2014-09-17 14:00:00,short,1237.32,1237.8708641304715,1232.3622228257545,1237.9508641304715,-95.19423069962629,27612.349854410033,-1.145226373573166,0.7987450546528263,1.0710445051033382,0.7987450546528263,stop_loss,3,45,0.55,down,London+NY overlap,False,False,no_sweep,2014
2014-09-19 14:30:00,2014-09-19 14:45:00,short,1222.27,1222.983778234153,1215.8459958926223,1223.063778234153,-92.12139538377102,27520.22845902626,-1.1120796294592086,0.6444578693910862,1.4430252292885841,0.0,stop_loss,1,15,0.37,down,London+NY overlap,False,False,no_sweep,2014
2014-09-19 16:00:00,2014-09-19 17:30:00,short,1224.44,1225.2249320654837,1217.3756114106463,1217.4256114106463,737.7870708866764,28258.015529912936,8.936300219856305,10.75252288846125,0.0,8.45933080324447,take_profit,6,90,0.54,down,London+NY overlap,False,False,no_sweep,2014
2014-09-22 15:30:00,2014-09-22 18:30:00,short,1215.8400000000001,1216.5561809435972,1209.394371507627,1215.53,36.69457373557433,28294.71010364851,0.4328515059940043,5.641032529725437,0.13962951806237722,5.641032529725437,time_stop,12,180,0.49,down,London+NY overlap,False,False,no_sweep,2014
2014-09-25 15:45:00,2014-09-25 16:45:00,short,1212.4,1213.1930638589538,1205.2624252694172,1213.2730638589537,-93.44678305095132,28201.263320597558,-1.1008746005718535,5.686805607243393,5.40940045567051,5.686805607243393,stop_loss,4,60,0.74,down,London+NY overlap,False,False,no_sweep,2014
2014-09-29 13:45:00,2014-09-29 14:15:00,short,1220.42,1220.9313951768675,1215.8174434081927,1221.0113951768674,-97.8387665573824,28103.424554040175,-1.1564347956701075,1.9163262469605937,4.497500375519588,1.9163262469605937,stop_loss,2,30,0.26,down,London+NY overlap,False,False,no_sweep,2014
2014-09-29 14:30:00,2014-09-29 17:15:00,short,1222.56,1223.1283273336653,1217.4450539970114,1217.4950539970114,751.3750585279173,28854.79961256809,8.912022531668049,10.469318731559444,0.8621791896578459,8.744960352243751,take_profit,11,165,0.45,down,London+NY overlap,False,False,no_sweep,2014
2014-10-01 14:30:00,2014-10-01 14:45:00,short,1209.55,1210.2113108766182,1203.5982021104367,1210.2913108766181,-97.03625428702533,28757.763358281067,-1.1209718497433832,0.7409525796789087,1.980914039549616,0.0,stop_loss,1,15,0.32,down,London+NY overlap,False,False,no_sweep,2014
2014-10-01 15:30:00,2014-10-01 15:45:00,short,1211.67,1212.5104925017465,1204.1055674842821,1212.5904925017464,-94.48497928282538,28663.278378998242,-1.095182288757719,0.0,4.759114437890279,0.0,stop_loss,1,15,0.69,down,London+NY overlap,False,False,no_sweep,2014
2014-10-01 16:00:00,2014-10-01 16:30:00,short,1213.52,1214.460042004057,1205.059621963488,1214.5400420040569,-93.30779197431109,28569.97058702393,-1.08510258015564,1.4892951527251492,3.223260223397763,1.4892951527251492,stop_loss,2,30,0.72,down,London+NY overlap,False,False,no_sweep,2014
2014-10-03 14:30:00,2014-10-03 15:15:00,short,1207.68,1208.2883463280014,1202.204883047989,1208.3683463280013,-96.98111144663146,28472.9894755773,-1.1315040402442567,3.567047091628823,2.4985767646431167,3.567047091628823,stop_loss,3,45,0.33,down,London+NY overlap,False,False,no_sweep,2014
2014-10-06 13:15:00,2014-10-06 13:30:00,short,1194.6100000000001,1195.2697417995778,1188.6723238038003,1195.3497417995777,-95.77683491102452,28377.212640666276,-1.1212595594990953,0.8488169164946991,1.8037359475504173,0.0,stop_loss,1,15,0.28,down,London+NY overlap,False,False,no_sweep,2014
2014-10-06 15:15:00,2014-10-06 16:00:00,short,1197.3400000000001,1198.0870396923574,1190.6166427687851,1198.1670396923573,-94.24833025231318,28282.96431041396,-1.107089356587588,2.2890349970618202,1.793746722843618,2.2890349970618202,stop_loss,3,45,0.47,down,London+NY overlap,False,False,no_sweep,2014
2014-10-07 15:30:00,2014-10-07 16:00:00,short,1206.29,1207.1729076510592,1198.3438311404666,1207.252907651059,-92.53702591587489,28190.427284498088,-1.0906097029558552,1.506386311642382,2.0613707422475107,1.506386311642382,stop_loss,2,30,0.85,down,London+NY overlap,False,False,no_sweep,2014
2014-10-10 16:00:00,2014-10-10 16:30:00,long,1221.3,1220.5356471297928,1228.179175831865,1220.4556471297929,-93.42282518117166,28097.004459316915,-1.104663700652087,4.474373202880875,2.3156843769295024,4.474373202880875,stop_loss,2,30,0.62,up,London+NY overlap,False,False,no_sweep,2014
2014-10-13 13:45:00,2014-10-13 14:00:00,long,1226.44,1225.7042676772714,1233.0615909045582,1225.6242676772715,-93.45641343162941,28003.548045885287,-1.108735198289551,0.8562896865308326,1.4679251769104844,0.0,stop_loss,1,15,0.52,up,London+NY overlap,False,False,no_sweep,2014
2014-10-16 15:15:00,2014-10-16 15:30:00,long,1238.57,1237.6271586332603,1247.0555723006576,1237.5471586332603,-91.13893927626104,27912.409106609026,-1.0848499045778663,1.9303353291483851,2.9379279460112695,0.0,stop_loss,1,15,0.59,up,London+NY overlap,False,False,no_sweep,2014
2014-10-17 13:30:00,2014-10-17 13:45:00,long,1237.11,1236.5653713501702,1242.0116578484672,1236.4853713501702,-96.03731140037297,27816.37179520865,-1.1468890775851317,0.0,1.4321685064562872,0.0,stop_loss,1,15,0.27,up,London+NY overlap,False,False,no_sweep,2014
2014-10-17 14:15:00,2014-10-17 16:45:00,long,1235.7,1235.1471267697975,1240.675859071823,1235.0671267697976,-95.52408821149159,27720.84770699716,-1.1446986318556653,8.482957292546196,3.9430377180705825,8.482957292546196,stop_loss,10,150,0.31,up,London+NY overlap,True,False,prev_day_sweep,2014
2014-10-22 16:00:00,2014-10-22 19:00:00,long,1242.26,1241.441776561906,1249.6240109428456,1243.25,100.62155868030776,27821.469265677468,1.2099384519051504,4.839753807620602,0.0,4.839753807620602,time_stop,12,180,0.85,up,London+NY overlap,True,False,prev_day_sweep,2014
2014-10-23 13:15:00,2014-10-23 14:00:00,long,1238.5,1237.9054630206124,1243.8508328144883,1237.8254630206125,-94.69525273225265,27726.774012945214,-1.1345584930349144,2.337953816483936,1.6147019164205052,2.337953816483936,stop_loss,3,45,0.68,up,London+NY overlap,True,False,prev_day_sweep,2014
2014-10-23 14:30:00,2014-10-23 14:45:00,long,1237.04,1236.4364781625816,1242.4716965367663,1236.3564781625817,-94.20631207022484,27632.567700874988,-1.132555269817798,0.0,3.9435192770828866,0.0,stop_loss,1,15,0.72,up,London+NY overlap,True,False,prev_day_sweep,2014
2014-11-04 13:30:00,2014-11-04 16:30:00,short,1172.93,1173.7501616849956,1165.5485448350391,1167.57,541.761090232438,28174.328791107426,6.535296756796186,8.827527708806592,0.0,8.827527708806592,time_stop,12,180,0.9,down,London+NY overlap,False,False,no_sweep,2014
2014-11-11 13:15:00,2014-11-11 13:30:00,short,1154.41,1155.3277351873091,1146.1503833142187,1155.407735187309,-91.89094937982567,28082.4378417276,-1.0871711154875725,0.0,2.5061695702699374,0.0,stop_loss,1,15,0.57,down,London+NY overlap,False,False,no_sweep,2014
2014-11-11 13:45:00,2014-11-11 14:00:00,short,1155.65,1156.6367716666084,1146.7690550005254,1156.7167716666083,-91.07744992864698,27991.360391798953,-1.081072453442952,0.0,1.0944781214807748,0.0,stop_loss,1,15,0.72,down,London+NY overlap,False,False,no_sweep,2014
2014-11-11 14:15:00,2014-11-11 15:15:00,short,1156.15,1157.0738490390654,1147.8353586484122,1157.1538490390653,-91.24575242248973,27900.114639376465,-1.0865942341411812,4.0482804461039095,1.2123192779775203,4.0482804461039095,stop_loss,4,60,0.58,down,London+NY overlap,False,False,no_sweep,2014
2014-11-12 15:15:00,2014-11-12 15:30:00,short,1166.47,1167.2387708062172,1159.5510627440449,1167.3187708062171,-92.41038787309296,27807.70425150337,-1.1040622242064286,0.936560017858745,4.591745643112804,0.0,stop_loss,1,15,0.37,down,London+NY overlap,False,False,no_sweep,2014
2014-11-13 15:45:00,2014-11-13 16:00:00,short,1163.49,1164.4943303933446,1154.4510264598982,1164.5743303933446,-90.06818599393435,27717.636065509436,-1.0796550622485013,0.06969817946743863,1.6528425416579866,0.0,stop_loss,1,15,0.76,down,London+NY overlap,False,False,no_sweep,2014
2014-11-17 15:00:00,2014-11-17 15:15:00,long,1187.84,1186.8645802207684,1196.618778013084,1186.7845802207685,-89.97277467591955,27627.663290833516,-1.0820159706654249,0.030755988999534356,1.189231574649594,0.0,stop_loss,1,15,0.24,up,London+NY overlap,False,False,no_sweep,2014
2014-11-17 15:30:00,2014-11-17 15:45:00,long,1187.07,1186.0687196801523,1196.0815228786287,1185.9887196801524,-89.5051505785084,27538.158140255007,-1.079897705381946,0.009987213172743254,2.486816080015341,0.0,stop_loss,1,15,0.32,up,London+NY overlap,False,False,no_sweep,2014
2014-11-17 16:00:00,2014-11-17 16:30:00,long,1185.9099999999999,1184.8761154384986,1195.2149610535114,1184.7961154384986,-89.00702364701343,27449.151116607994,-1.0773780777650466,2.4277371898807556,2.040846801054863,2.4277371898807556,stop_loss,2,30,0.38,up,London+NY overlap,False,False,no_sweep,2014
2014-11-18 14:15:00,2014-11-18 14:30:00,long,1200.05,1199.0822833178752,1208.7594501391236,1199.0022833178753,-89.15502047113824,27359.996096136856,-1.082668823920938,0.010333602990117248,1.0230266960225474,0.0,stop_loss,1,15,0.57,up,London+NY overlap,False,False,no_sweep,2014
2014-11-18 15:15:00,2014-11-18 15:30:00,long,1196.85,1195.8860915723092,1205.5251758492168,1195.8060915723092,-88.8922526845194,27271.103843452336,-1.0829954357714096,3.2679452835023213,2.220127906887095,0.0,stop_loss,1,15,0.57,up,London+NY overlap,False,False,no_sweep,2014
2014-11-19 14:15:00,2014-11-19 14:30:00,long,1198.53,1197.6938083854864,1206.0557245306215,1197.6138083854864,-89.64054252481,27181.463300927528,-1.0956718515366375,0.0,5.297828778846196,0.0,stop_loss,1,15,0.5,up,London+NY overlap,False,False,no_sweep,2014
2014-11-20 15:15:00,2014-11-20 18:15:00,long,1188.19,1186.8660062149934,1200.1059440650608,1189.46,78.2189284793433,27259.68222940687,0.9592190041840536,5.936583758178483,0.6948673101176471,5.936583758178483,time_stop,12,180,0.6,up,London+NY overlap,False,False,no_sweep,2014
2014-11-25 13:45:00,2014-11-25 14:15:00,long,1200.11,1199.3678269500838,1206.7895574492445,1199.2878269500839,-90.5941387153309,27169.088090691537,-1.1077915723414762,0.7545410063912518,1.9941440883188395,0.7545410063912518,stop_loss,2,30,0.64,up,London+NY overlap,False,False,no_sweep,2014
2014-11-25 14:45:00,2014-11-25 15:00:00,long,1199.06,1198.3453168086564,1205.4921487220918,1198.2653168086565,-90.63100080420459,27078.45708988733,-1.1119377102594754,0.9514705372064967,5.6248699405437375,0.0,stop_loss,1,15,0.57,up,London+NY overlap,False,False,no_sweep,2014
2014-11-25 15:15:00,2014-11-25 15:30:00,long,1197.25,1196.4038956156273,1204.8649394593547,1196.3238956156274,-88.9162553563052,26989.540834531028,-1.0945509815071368,3.0729068989846318,7.741361610903809,0.0,stop_loss,1,15,0.78,up,London+NY overlap,False,False,no_sweep,2014
2014-11-27 15:30:00,2014-11-27 16:45:00,long,1194.97,1194.3140658001496,1200.873407798653,1194.2340658001497,-90.84383529438603,26898.696999236643,-1.1219634530691778,2.8356502838608106,1.4635614368315202,2.8356502838608106,stop_loss,5,75,0.44,up,London+NY overlap,False,False,no_sweep,2014
2014-11-28 13:15:00,2014-11-28 15:00:00,long,1181.4199999999998,1180.6281940683316,1188.5462533850146,1188.4962533850146,721.1691201616952,27619.86611939834,8.93685321364775,9.118395949356541,0.0,4.559197974678271,take_profit,7,105,0.47,up,London+NY overlap,True,False,prev_day_sweep,2014
2014-12-01 15:15:00,2014-12-01 15:30:00,short,1177.95,1179.790801195514,1161.382789240375,1179.8708011955139,-86.46062158916864,27533.40549780917,-1.043459337268408,0.0,3.161666786279515,0.0,stop_loss,1,15,0.74,down,London+NY overlap,False,False,no_sweep,2014
2014-12-02 14:45:00,2014-12-02 17:45:00,long,1193.23,1192.072531363762,1203.6472177261428,1200.8100000000002,540.9301137136232,28074.335611522794,6.548773558682681,8.440833465478677,0.0,8.440833465478677,time_stop,12,180,0.25,up,London+NY overlap,False,False,no_sweep,2014
2014-12-03 13:45:00,2014-12-03 14:00:00,long,1200.4199999999998,1199.5728367170204,1208.0444695468148,1199.4928367170205,-92.17642110798079,27982.159190414815,-1.094432798974211,0.8262869910251524,1.1922140870502205,0.0,stop_loss,1,15,0.48,up,London+NY overlap,False,False,no_sweep,2014
2014-12-04 13:15:00,2014-12-04 13:45:00,long,1202.6499999999999,1201.9576483794385,1208.8811645850521,1201.8776483794386,-93.6463439487486,27888.512846466067,-1.1155482237985743,0.8666116784902922,1.0832645981122906,0.8666116784902922,stop_loss,2,30,0.35,up,London+NY overlap,False,False,no_sweep,2014
2014-12-05 13:45:00,2014-12-05 14:00:00,long,1202.4199999999998,1201.842300512773,1207.619295385042,1201.762300512773,-95.25156766203868,27793.261278804028,-1.1384803029407933,0.0,9.035839766894641,0.0,stop_loss,1,15,0.27,up,London+NY overlap,False,False,no_sweep,2014
2014-12-05 14:15:00,2014-12-05 15:00:00,long,1199.5,1198.790325442136,1205.8870710207764,1205.8370710207764,744.543546070865,28537.804824874893,8.92954517046519,11.089590168890025,0.11272772725672267,6.650935908152725,take_profit,3,45,0.64,up,London+NY overlap,True,False,prev_day_sweep,2014
2014-12-10 14:15:00,2014-12-10 17:15:00,long,1225.8899999999999,1224.8985313250184,1234.8132180748325,1231.1200000000001,451.6109979074153,28989.415822782306,5.275002763045623,8.926151903050151,0.6152488882327249,8.926151903050151,time_stop,12,180,0.41,up,London+NY overlap,False,False,no_sweep,2014
2014-12-11 16:00:00,2014-12-11 16:15:00,long,1216.99,1215.8897887037292,1226.8919016664381,1215.8097887037293,-93.29199620737909,28896.123826574927,-1.072713305408779,1.945080919686697,1.0088971125476345,0.0,stop_loss,1,15,0.76,up,London+NY overlap,True,False,prev_day_sweep,2014
2014-12-12 14:30:00,2014-12-12 16:00:00,long,1221.6599999999999,1220.6734895613747,1230.5385939476269,1220.5934895613748,-93.71827146541247,28802.405555109515,-1.0810939214301873,4.8149515849219835,2.027348035756297,4.8149515849219835,stop_loss,6,90,0.52,up,London+NY overlap,False,False,no_sweep,2014
2014-12-15 15:00:00,2014-12-15 15:15:00,long,1207.9099999999999,1207.086847956227,1215.3183683939556,1207.0068479562271,-94.80490866586997,28707.600646443647,-1.0971873915701655,2.320348973739914,2.235310006115743,0.0,stop_loss,1,15,0.43,up,London+NY overlap,True,False,prev_day_sweep,2014
2014-12-16 13:45:00,2014-12-16 14:00:00,short,1205.3600000000001,1206.5068063417998,1195.0387429238021,1206.5868063417997,-92.1306377037618,28615.470008739885,-1.0697589445436655,0.0,15.678322786202866,0.0,stop_loss,1,15,0.66,down,London+NY overlap,False,False,no_sweep,2014
2014-12-17 13:30:00,2014-12-17 13:45:00,short,1198.8300000000002,1199.6186795201493,1191.7318843186574,1199.6986795201492,-94.55427250601733,28520.915736233866,-1.1014353713467817,0.8368418136118136,2.9543051904776108,0.0,stop_loss,1,15,0.25,down,London+NY overlap,False,False,no_sweep,2014
2014-12-19 15:30:00,2014-12-19 15:45:00,short,1197.27,1198.1388342102553,1189.4504921077018,1198.2188342102552,-93.44114298996206,28427.474593243904,-1.0920774056265838,0.0,3.591018819440167,0.0,stop_loss,1,15,0.59,down,London+NY overlap,False,False,no_sweep,2014
2014-12-19 16:00:00,2014-12-19 17:30:00,short,1197.95,1198.8475152119038,1189.8723630928655,1198.9275152119037,-92.88407087371331,28334.590522370192,-1.089134979484345,3.242284878746091,1.2033222230396714,3.242284878746091,stop_loss,6,90,0.62,down,London+NY overlap,False,False,no_sweep,2014
2014-12-24 15:15:00,2014-12-24 15:30:00,short,1178.77,1179.2351092476163,1174.5840167714525,1174.6340167714525,755.8959005151892,29090.48642288538,8.892498374832797,9.675146265232975,0.0,0.0,take_profit,1,15,0.29,down,London+NY overlap,False,False,no_sweep,2014
2014-12-29 15:30:00,2014-12-29 16:45:00,short,1194.49,1195.164084060888,1188.4232434520093,1188.4732434520092,778.9697969059271,29869.456219791307,8.925825274766511,11.467412520951315,0.0,6.141667249254785,take_profit,5,75,0.48,down,London+NY overlap,False,False,no_sweep,2014
2014-12-31 13:45:00,2014-12-31 15:00:00,long,1196.21,1195.6450535850431,1201.2945177346114,1195.5650535850432,-102.29748271152705,29767.15873707978,-1.1416063504111758,6.336884180905746,2.7082214516161494,6.336884180905746,stop_loss,5,75,0.35,up,London+NY overlap,False,False,no_sweep,2014
2015-01-02 13:15:00,2015-01-02 14:15:00,long,1180.6599999999999,1179.7303382784955,1189.0269554935385,1179.6503382784956,-96.98611884160655,29670.17261823817,-1.0860528062513712,3.366816044588079,7.454324341531637,3.366816044588079,stop_loss,4,60,0.74,up,London+NY overlap,True,False,prev_day_sweep,2015
2015-01-05 15:30:00,2015-01-05 15:45:00,short,1194.73,1196.0047373778598,1183.2573635992626,1196.0847373778597,-94.5966421435671,29575.575976094606,-1.062758024820959,0.4393061737470693,1.4434345708833043,0.0,stop_loss,1,15,0.54,down,London+NY overlap,True,False,prev_day_sweep,2015
2015-01-07 15:30:00,2015-01-07 18:30:00,long,1210.31,1209.4033882063407,1218.469506142933,1212.8600000000001,249.55902603464918,29825.135002129256,2.8126702275819655,6.695258149577166,0.0,6.695258149577166,time_stop,12,180,0.52,up,London+NY overlap,False,False,no_sweep,2015
2015-01-12 13:15:00,2015-01-12 14:45:00,long,1219.6399999999999,1218.7635794016664,1227.527785385001,1218.6835794016665,-97.64275343945292,29727.492248689803,-1.091280374003136,2.6357207993431455,1.802787386563492,2.6357207993431455,stop_loss,6,90,0.48,up,London+NY overlap,False,False,no_sweep,2015
2015-01-21 13:15:00,2015-01-21 13:30:00,long,1297.6,1296.5508886819366,1307.0420018625696,1296.4708886819367,-95.98308790795244,29631.50916078185,-1.076255015671369,0.8102095415091624,1.4774409286340744,0.0,stop_loss,1,15,0.85,up,London+NY overlap,False,False,no_sweep,2015
2015-01-21 13:45:00,2015-01-21 16:45:00,long,1296.33,1295.2969142206493,1305.6277720141543,1295.2169142206494,-95.77833359092602,29535.730827190924,-1.0774379065117097,8.46009128641197,6.504784146989544,8.46009128641197,stop_loss,12,180,0.82,up,London+NY overlap,False,False,no_sweep,2015
2015-01-22 14:30:00,2015-01-22 15:00:00,long,1282.79,1281.7508731092878,1292.1421420164088,1292.0921420164088,793.2011917947522,30328.932018985677,8.95188268107818,9.065302884755537,0.0,6.438097271657598,take_profit,2,30,0.58,up,London+NY overlap,True,False,prev_day_sweep,2015
2015-01-26 13:30:00,2015-01-26 13:45:00,long,1278.44,1277.3308239452217,1288.4225844930058,1277.2508239452218,-97.54927426155959,30231.382744724116,-1.0721256104071903,0.08114131170808904,1.1810568704187654,0.0,stop_loss,1,15,0.86,up,London+NY overlap,True,False,prev_day_sweep,2015
2015-01-26 14:00:00,2015-01-26 15:15:00,long,1277.36,1276.2803277895023,1287.0770498944794,1287.0270498944794,812.0472561880388,31043.430000912154,8.953689648105325,9.289856590249169,0.0,7.530063218217871,take_profit,5,75,0.79,up,London+NY overlap,True,False,prev_day_sweep,2015
2015-01-28 16:00:00,2015-01-28 16:15:00,long,1286.69,1285.7573719442455,1295.083652501791,1285.6773719442456,-101.11892293549155,30942.31107797666,-1.0857791050851486,0.0,3.731391071207376,0.0,stop_loss,1,15,0.75,up,London+NY overlap,False,False,no_sweep,2015
2015-02-02 13:15:00,2015-02-02 15:30:00,short,1277.89,1278.6485120195662,1271.063391823906,1271.1133918239059,829.3233837938002,31771.63446177046,8.93408146646244,9.558187362868146,0.0,8.833083493960968,take_profit,9,135,0.35,down,London+NY overlap,False,False,no_sweep,2015
2015-02-03 14:15:00,2015-02-03 14:30:00,long,1279.1599999999999,1278.297833105593,1286.919502049661,1278.2178331055932,-104.1591217382612,31667.475340032197,-1.092789459348209,0.0,5.404986007037924,0.0,stop_loss,1,15,0.5,up,London+NY overlap,False,False,no_sweep,2015
2015-02-03 14:45:00,2015-02-03 15:00:00,long,1275.3899999999999,1274.4248152798225,1284.0766624815956,1274.3448152798226,-102.876767503874,31564.598572528324,-1.0828856884361215,0.0,9.138147150090655,0.0,stop_loss,1,15,0.66,up,London+NY overlap,False,False,no_sweep,2015
2015-02-03 15:15:00,2015-02-03 15:30:00,long,1271.53,1270.2792539912757,1282.7867140785188,1270.1992539912758,-100.75058391003883,31463.847988618287,-1.0639618271350917,0.0,6.260263830852736,0.0,stop_loss,1,15,0.88,up,London+NY overlap,False,False,no_sweep,2015
2015-02-05 15:15:00,2015-02-05 18:15:00,short,1264.8300000000002,1265.928250134671,1254.9457487879627,1258.61,534.5916972216509,31998.439685839938,5.663554962243585,7.876165662926932,0.0,6.628726708220698,time_stop,12,180,0.73,down,London+NY overlap,False,False,no_sweep,2015
2015-02-11 14:00:00,2015-02-11 14:15:00,short,1235.04,1235.6877249120141,1229.2104757918735,1235.767724912014,-107.85162623692744,31890.58805960301,-1.1235092220726242,0.0,4.538963911173151,0.0,stop_loss,1,15,0.58,down,London+NY overlap,False,False,no_sweep,2015
2015-02-11 14:30:00,2015-02-11 16:30:00,short,1237.07,1237.7578852557672,1230.879032698095,1230.929032698095,854.0918279783987,32744.67988758141,8.927313458776764,10.147041154726868,0.0,7.210504889318839,take_profit,8,120,0.61,down,London+NY overlap,False,False,no_sweep,2015
2015-02-12 15:15:00,2015-02-12 15:30:00,short,1224.23,1225.1096509830556,1216.3131411524992,1225.1896509830556,-107.16795018452152,32637.51193739689,-1.0909451606841079,0.2614673369670682,3.978850779933332,0.0,stop_loss,1,15,0.6,down,London+NY overlap,False,False,no_sweep,2015
2015-02-13 15:15:00,2015-02-13 15:30:00,short,1226.94,1227.543871001537,1221.505160986169,1227.6238710015368,-110.88385393316887,32526.62808346372,-1.1324786250645058,0.9273503754522928,6.938567987759886,0.0,stop_loss,1,15,0.55,down,London+NY overlap,False,False,no_sweep,2015
2015-02-13 15:45:00,2015-02-13 16:00:00,short,1228.32,1229.0769857105088,1221.507128605421,1229.1569857105087,-107.89235201781673,32418.7357314459,-1.105682311950316,1.8626507481258232,1.1889260094422578,0.0,stop_loss,1,15,0.65,down,London+NY overlap,False,False,no_sweep,2015
2015-02-18 14:45:00,2015-02-18 15:45:00,short,1207.64,1208.3558739677717,1201.1971342900563,1208.4358739677716,-108.12473563064825,32310.610995815252,-1.111751514374738,4.120837092572283,2.179154530309301,4.120837092572283,stop_loss,4,60,0.55,down,London+NY overlap,False,False,no_sweep,2015
2015-02-19 14:15:00,2015-02-19 14:30:00,short,1219.0,1219.7934631153005,1211.8588319622963,1219.8734631153004,-106.7048728294452,32203.906122985805,-1.1008238422899235,0.5671341128813925,3.7304821647306063,0.0,stop_loss,1,15,0.54,down,London+NY overlap,True,False,prev_day_sweep,2015
2015-02-20 14:15:00,2015-02-20 14:30:00,short,1206.75,1207.489409740545,1200.095312335095,1207.5694097405449,-107.06456615510282,32096.841556830703,-1.1081944091525862,0.0,9.642826715733174,0.0,stop_loss,1,15,0.56,down,London+NY overlap,False,False,no_sweep,2015
2015-02-20 14:45:00,2015-02-20 15:00:00,short,1210.81,1211.8451032966943,1201.4940703297502,1211.9251032966943,-103.73252780025967,31993.109029030442,-1.0772869724745424,0.0,3.8836703668492705,0.0,stop_loss,1,15,0.75,down,London+NY overlap,False,False,no_sweep,2015
2015-02-23 14:00:00,2015-02-23 14:15:00,short,1194.1200000000001,1194.8111120860372,1187.8999912256677,1194.891112086037,-107.08945860134304,31886.0195704291,-1.115755463717415,0.0,2.069128913950437,0.0,stop_loss,1,15,0.33,down,London+NY overlap,False,False,no_sweep,2015
2015-02-23 14:30:00,2015-02-23 14:45:00,short,1195.47,1196.189581339491,1188.9937679445807,1196.269581339491,-106.29291578291316,31779.726654646187,-1.1111757568039689,0.5419818144199804,3.2240969473179426,0.0,stop_loss,1,15,0.37,down,London+NY overlap,False,False,no_sweep,2015
2015-02-23 15:00:00,2015-02-23 15:15:00,short,1196.5900000000001,1197.3666032978267,1189.600570319562,1197.4466032978266,-105.16032599622267,31674.566328649966,-1.1030126967318041,0.47643372238517956,7.55855662270286,0.0,stop_loss,1,15,0.47,down,London+NY overlap,False,False,no_sweep,2015
2015-02-23 15:30:00,2015-02-23 16:45:00,short,1201.41,1202.3638314149628,1192.8255172653367,1202.4438314149627,-102.99355172891762,31571.57277692105,-1.083872263740713,4.172645121104286,6.384776077267499,4.172645121104286,stop_loss,5,75,0.63,down,London+NY overlap,False,False,no_sweep,2015
2015-02-24 13:30:00,2015-02-24 14:30:00,short,1199.45,1200.1306668030538,1193.323998772516,1200.2106668030538,-105.84671041919684,31465.72606650185,-1.1175318079874186,2.2624873037598134,1.4985305518409242,2.2624873037598134,stop_loss,4,60,0.5,down,London+NY overlap,False,False,no_sweep,2015
2015-02-24 14:45:00,2015-02-24 15:00:00,short,1200.38,1201.0326214696747,1194.506406772929,1201.1126214696747,-105.96862444646824,31359.757442055383,-1.1225825439665875,2.620201877288245,1.0572744417125133,0.0,stop_loss,1,15,0.46,down,London+NY overlap,False,False,no_sweep,2015
2015-02-25 15:15:00,2015-02-25 16:30:00,short,1210.82,1211.5236815629744,1204.4868659332292,1204.5368659332291,840.0286607352857,32199.78610279067,8.928945132812743,9.293976628228645,0.0,8.91028034541189,take_profit,5,75,0.52,down,London+NY overlap,True,False,prev_day_sweep,2015
2015-02-27 13:45:00,2015-02-27 14:00:00,short,1208.17,1208.7817499278265,1202.664250649562,1208.8617499278264,-109.23188724404488,32090.554215546625,-1.1307723897641881,0.8173274360269188,1.1769515078788078,0.0,stop_loss,1,15,0.42,down,London+NY overlap,False,False,no_sweep,2015
2015-02-27 14:30:00,2015-02-27 14:45:00,short,1208.95,1209.5492928540214,1203.5563643138078,1209.6292928540213,-109.12303065485956,31981.431184891764,-1.1334906623082843,2.1859095953000542,1.0011799673128918,0.0,stop_loss,1,15,0.38,down,London+NY overlap,False,False,no_sweep,2015
2015-02-27 15:30:00,2015-02-27 16:00:00,short,1209.99,1210.6246144367894,1204.2784700688946,1210.7046144367894,-108.0391074123591,31873.392077479406,-1.1260607943378247,2.8048526740191058,4.821825383426091,2.4109126917130457,stop_loss,2,30,0.59,down,London+NY overlap,False,False,no_sweep,2015
2015-03-02 14:15:00,2015-03-02 15:30:00,long,1214.8799999999999,1214.2043464321418,1220.9608821107215,1214.124346432142,-106.9419755427549,31766.45010193665,-1.1184038741237528,7.385441648475812,1.5392503636101327,7.385441648475812,stop_loss,5,75,0.48,up,London+NY overlap,False,False,no_sweep,2015
2015-03-04 14:30:00,2015-03-04 14:45:00,short,1205.55,1206.1324368731214,1200.3080681419074,1206.2124368731213,-108.3890916602665,31658.061010276386,-1.1373539411596443,3.39951004370432,2.00880138946175,0.0,stop_loss,1,15,0.36,down,London+NY overlap,False,False,no_sweep,2015
2015-03-05 14:30:00,2015-03-05 15:00:00,short,1201.8,1202.3502852849547,1196.8474324354072,1202.4302852849546,-108.78144782636979,31549.279562450018,-1.1453791373078588,2.144342275292984,3.380064942411024,2.144342275292984,stop_loss,2,30,0.42,down,London+NY overlap,False,False,no_sweep,2015
2015-03-05 15:15:00,2015-03-05 15:30:00,short,1203.17,1203.7785593188942,1197.6929661299525,1203.858559318894,-107.09005567408691,31442.189506775932,-1.1314580148822753,1.7911154527728694,2.5141345346257573,0.0,stop_loss,1,15,0.64,down,London+NY overlap,False,False,no_sweep,2015
2015-03-06 13:15:00,2015-03-06 14:15:00,short,1196.78,1197.4003531015408,1191.1968220861327,1197.4803531015407,-106.49081088951539,31335.698695886418,-1.128958813619581,4.1750415909375995,2.353498348559552,4.1750415909375995,stop_loss,4,60,0.61,down,London+NY overlap,False,False,no_sweep,2015
2015-03-11 13:30:00,2015-03-11 16:00:00,short,1160.07,1160.786792248449,1153.6188697639575,1153.6688697639574,839.5063792490074,32175.205075135425,8.930244781374682,9.919192088619088,0.8928667984131221,6.9755218626014255,take_profit,10,150,0.49,down,London+NY overlap,False,False,no_sweep,2015
2015-03-13 15:00:00,2015-03-13 17:00:00,short,1158.76,1159.5215098838082,1151.9064110457252,1151.9564110457252,862.3927588017157,33037.59783393714,8.934340970403131,9.71753638047805,0.7353811314955555,8.273037729325745,take_profit,8,120,0.6,down,London+NY overlap,False,False,no_sweep,2015
2015-03-18 13:15:00,2015-03-18 16:15:00,short,1151.19,1151.8283700828713,1145.4446692541596,1148.07,484.4085335810434,33522.00636751819,4.88744708393463,6.594920584411599,0.0,6.594920584411599,time_stop,12,180,0.67,down,London+NY overlap,False,False,no_sweep,2015
2015-03-19 14:00:00,2015-03-19 16:15:00,short,1165.91,1166.8595152476846,1157.3643627708384,1166.9395152476845,-109.03906000191465,33412.96730751627,-1.084253517987219,6.761344818480546,3.254292132259205,6.761344818480546,stop_loss,9,135,0.46,down,London+NY overlap,False,False,no_sweep,2015
2015-03-27 15:45:00,2015-03-27 16:00:00,long,1195.73,1194.7618229335035,1204.443593598468,1194.6818229335036,-108.52159362357693,33304.445713892695,-1.0826295135139037,4.379364216240888,1.1258271216278772,0.0,stop_loss,1,15,0.7,up,London+NY overlap,False,False,no_sweep,2015
2015-03-30 14:15:00,2015-03-30 14:30:00,long,1184.3799999999999,1183.636223562742,1191.0739879353193,1183.5562235627422,-110.65993594601287,33193.78577794668,-1.1075592019221216,0.0,2.352857542048246,0.0,stop_loss,1,15,0.59,up,London+NY overlap,True,False,prev_day_sweep,2015
2015-03-30 14:45:00,2015-03-30 17:45:00,long,1182.72,1181.9843713372625,1189.3406579646378,1184.8000000000002,281.56763561060296,33475.353413557285,2.827513534151435,6.987220944969679,0.6660969383337142,6.987220944969679,time_stop,12,180,0.57,up,London+NY overlap,True,False,prev_day_sweep,2015
2015-04-02 15:45:00,2015-04-02 16:00:00,long,1201.97,1201.1737890449742,1209.1358985952318,1201.0937890449743,-110.51645747589468,33364.83695608139,-1.100475884556669,2.5998135129060906,1.0173183311371286,0.0,stop_loss,1,15,0.69,up,London+NY overlap,False,False,no_sweep,2015
2015-04-06 13:15:00,2015-04-06 15:00:00,long,1217.11,1216.509906307727,1222.5108432304562,1216.4299063077272,-113.43836195776997,33251.39859412362,-1.1333125160788338,4.682602127273583,1.7997189670657714,4.682602127273583,stop_loss,7,105,0.42,up,London+NY overlap,False,False,no_sweep,2015
2015-04-08 14:30:00,2015-04-08 14:45:00,long,1209.31,1208.8174847587334,1213.7426371713998,1208.7374847587334,-115.95742157911947,33135.441172544495,-1.1624315214980876,0.0,5.928750534685272,0.0,stop_loss,1,15,0.48,up,London+NY overlap,False,False,no_sweep,2015
2015-04-08 15:00:00,2015-04-08 15:15:00,long,1206.31,1205.7067343072752,1211.7393912345233,1205.6267343072752,-112.58875039406351,33022.852422150434,-1.132611552363584,1.8565617330920603,2.519619494910357,0.0,stop_loss,1,15,0.73,up,London+NY overlap,True,False,prev_day_sweep,2015
2015-04-10 14:30:00,2015-04-10 15:30:00,short,1204.42,1205.2408293475355,1197.0325358721811,1205.3208293475354,-108.72401683926677,32914.12840531117,-1.0974624021913075,6.700540150658484,2.2294524501280977,6.700540150658484,stop_loss,4,60,0.8,down,London+NY overlap,True,False,prev_day_sweep,2015
2015-04-16 15:15:00,2015-04-16 15:45:00,long,1205.8899999999999,1205.1070443455815,1212.9366008897648,1205.0270443455815,-108.83157835565908,32805.296826955506,-1.102176923493008,3.0014471276100223,1.008997119494328,3.0014471276100223,stop_loss,2,30,0.56,up,London+NY overlap,False,False,no_sweep,2015
2015-04-20 13:45:00,2015-04-20 14:00:00,long,1200.0,1199.2789185112438,1206.4897333988054,1199.1989185112438,-109.33458879892007,32695.962238156586,-1.1109444650117382,0.7488751388298633,2.2188893002366554,0.0,stop_loss,1,15,0.69,up,London+NY overlap,False,False,no_sweep,2015
2015-04-20 14:15:00,2015-04-20 14:30:00,long,1199.1399999999999,1198.4129705530622,1205.683265022439,1198.3329705530623,-108.88116471744921,32587.081073439138,-1.1100368084633965,0.9078036698239595,2.998503030630057,0.0,stop_loss,1,15,0.69,up,London+NY overlap,False,False,no_sweep,2015
2015-04-20 14:45:00,2015-04-20 15:00:00,long,1198.54,1197.7596276707527,1205.5633509632255,1197.6796276707528,-107.78325343839148,32479.297820000746,-1.1025151674420526,1.4736555319809648,1.2814395930268245,0.0,stop_loss,1,15,0.76,up,London+NY overlap,True,False,prev_day_sweep,2015
2015-04-20 15:30:00,2015-04-20 16:00:00,long,1197.28,1196.5149788602928,1204.165190257364,1196.4349788602929,-107.6271955226572,32371.670624478087,-1.1045722736897798,2.0260878027412668,2.117588542219824,1.6600848448267405,stop_loss,2,30,0.74,up,London+NY overlap,True,False,prev_day_sweep,2015
2015-04-21 13:15:00,2015-04-21 14:00:00,short,1198.27,1198.782896161175,1193.6539345494261,1198.8628961611748,-112.26271922236491,32259.40790525572,-1.155976991164579,1.0138504425706496,1.6962497789165691,0.19497123895572366,stop_loss,3,45,0.48,down,London+NY overlap,False,False,no_sweep,2015
2015-04-21 14:45:00,2015-04-21 15:00:00,short,1199.65,1200.1613806251573,1195.0475743735844,1200.2413806251573,-111.91813617309515,32147.489769082626,-1.1564392471367644,0.0,4.830061755351605,0.0,stop_loss,1,15,0.52,down,London+NY overlap,False,False,no_sweep,2015
2015-04-22 15:00:00,2015-04-22 15:15:00,long,1200.52,1199.8573877008203,1206.4835106926178,1199.7773877008203,-108.0863786553297,32039.403390427295,-1.1207342515358714,0.7998644164258338,2.7919795667694265,0.0,stop_loss,1,15,0.71,up,London+NY overlap,False,False,no_sweep,2015
2015-04-23 14:45:00,2015-04-23 17:45:00,short,1191.17,1191.8177692776542,1185.3400765011131,1191.897769277654,-107.98888245994445,31931.41450796735,-1.1235007629408529,7.780548065280748,1.6518227043353106,7.780548065280748,stop_loss,12,180,0.61,down,London+NY overlap,False,False,no_sweep,2015
2015-04-27 14:00:00,2015-04-27 14:15:00,short,1184.8,1185.3473736432672,1179.8736372105934,1185.4273736432672,-109.79480708074644,31821.619700886604,-1.1461524517739006,0.2374977341325886,1.150950557720714,0.0,stop_loss,1,15,0.54,down,London+NY overlap,False,False,no_sweep,2015
2015-04-27 14:30:00,2015-04-27 14:45:00,short,1185.3,1185.8193425801642,1180.625916778522,1185.899342580164,-110.17035220085889,31711.449348685746,-1.154040902971273,0.0,3.427410091113887,0.0,stop_loss,1,15,0.51,down,London+NY overlap,False,False,no_sweep,2015
2015-04-30 13:15:00,2015-04-30 13:30:00,long,1203.08,1202.33600603721,1209.7759456651095,1202.25600603721,-105.36393084419866,31606.085417841547,-1.1075277542574737,0.8198991262141544,1.0618365732934705,0.0,stop_loss,1,15,0.55,up,London+NY overlap,False,False,no_sweep,2015
2015-04-30 14:15:00,2015-04-30 15:30:00,long,1202.03,1201.32358817755,1208.3877064020512,1201.24358817755,-105.55627090617661,31500.52914693537,-1.1132483877782007,7.233740769339336,8.054791580731935,7.233740769339336,stop_loss,5,75,0.49,up,London+NY overlap,False,False,no_sweep,2015
2015-04-30 15:45:00,2015-04-30 16:00:00,long,1198.24,1197.2033207242373,1207.5701134818637,1197.1233207242374,-101.7942257446783,31398.73492119069,-1.0771694793850966,0.0,10.15743272407256,0.0,stop_loss,1,15,0.85,up,London+NY overlap,True,False,prev_day_sweep,2015
2015-05-01 14:00:00,2015-05-01 15:30:00,short,1181.7,1182.310240524062,1176.2078352834424,1176.2578352834423,840.0478856856539,32238.782806876345,8.918065093961413,19.729925374109385,0.0,8.750647964929177,take_profit,6,90,0.42,down,London+NY overlap,False,False,no_sweep,2015
2015-05-04 16:00:00,2015-05-04 16:15:00,short,1186.8300000000002,1187.6059402951905,1179.8465373432869,1187.6859402951904,-106.68787319077265,32132.094933685574,-1.1031007159903976,0.0,6.495345107400614,0.0,stop_loss,1,15,0.72,down,London+NY overlap,True,False,prev_day_sweep,2015
2015-05-05 14:15:00,2015-05-05 14:30:00,short,1189.91,1190.4774967916169,1184.8025288754486,1190.5574967916168,-109.98526521116055,32022.10966847441,-1.1409699599745868,0.0,5.46258594902004,0.0,stop_loss,1,15,0.64,down,London+NY overlap,False,False,no_sweep,2015
2015-05-05 15:30:00,2015-05-05 15:45:00,short,1195.47,1196.2781721367023,1188.1964507696791,1196.3581721367023,-105.57582082208789,31916.533847652325,-1.098988812366587,0.0,3.687333260658738,0.0,stop_loss,1,15,0.81,down,London+NY overlap,True,False,prev_day_sweep,2015
2015-05-05 16:00:00,2015-05-05 16:45:00,short,1197.54,1198.4432453627687,1189.4107917350802,1198.5232453627686,-104.23009692014791,31812.303750732175,-1.0885695108964633,2.5242310605514646,2.5685158159996964,2.5242310605514646,stop_loss,3,45,0.88,down,London+NY overlap,True,False,prev_day_sweep,2015
2015-05-06 15:30:00,2015-05-06 16:00:00,short,1195.49,1196.4031273024443,1187.271854278001,1196.4831273024442,-103.79823489209988,31708.505515840076,-1.0876110042770366,2.245031984601055,2.0260044739082144,0.9746724225830281,stop_loss,2,30,0.85,down,London+NY overlap,False,False,no_sweep,2015
2015-05-08 15:15:00,2015-05-08 15:30:00,short,1186.76,1187.3610520229572,1181.350531793386,1187.4410520229571,-107.78671896116947,31600.718796878908,-1.133099959644627,8.584947397086378,11.147121620247715,0.0,stop_loss,1,15,0.6,down,London+NY overlap,False,False,no_sweep,2015
2015-05-11 13:15:00,2015-05-11 14:30:00,short,1186.93,1187.4083116031711,1182.6251955714606,1187.488311603171,-110.65828963299053,31490.06050724592,-1.1672549849712053,5.791203854633217,2.257942297113175,5.791203854633217,stop_loss,5,75,0.43,down,London+NY overlap,False,False,no_sweep,2015
2015-05-11 14:45:00,2015-05-11 15:00:00,short,1187.96,1188.533143633418,1182.8017072992395,1188.6131436334178,-107.65643027523618,31382.40407697068,-1.139581067180063,0.2268192341679991,6.211357489518358,0.0,stop_loss,1,15,0.61,down,London+NY overlap,False,False,no_sweep,2015
2015-05-11 15:15:00,2015-05-11 18:00:00,short,1191.28,1191.933169765549,1185.4014721100584,1185.4514721100584,840.117961961668,32222.522038932348,8.923450222839694,14.054539086453573,0.2602692423418424,5.450344133744402,take_profit,11,165,0.68,down,London+NY overlap,False,False,no_sweep,2015
2015-05-12 13:15:00,2015-05-12 16:15:00,short,1195.75,1196.5955624947883,1188.1399375469057,1188.1899375469056,864.2919258316912,33086.81396476404,8.940867765176007,9.177322844650282,0.15374381054195102,4.718752338937469,take_profit,12,180,0.89,down,London+NY overlap,True,False,prev_day_sweep,2015
2015-05-15 13:15:00,2015-05-15 16:15:00,long,1213.31,1212.4856230907476,1220.7293921832718,1217.1000000000001,456.34111115578094,33543.15507591982,4.597411642009044,6.586792933010065,0.6429098074576637,5.7740578933936435,time_stop,12,180,0.72,up,London+NY overlap,True,False,prev_day_sweep,2015
2015-05-18 14:30:00,2015-05-18 14:45:00,long,1227.02,1226.4151175620684,1232.4639419413834,1226.3351175620685,-113.93842695880619,33429.21664896102,-1.1322571048243566,0.0,3.4552168635393197,0.0,stop_loss,1,15,0.51,up,London+NY overlap,False,False,no_sweep,2015
2015-05-18 15:00:00,2015-05-18 15:15:00,long,1226.04,1225.407371775457,1231.7336540208867,1225.327371775457,-112.96968290793183,33316.246966053084,-1.1264565773329593,0.25291315466627823,2.4184820414950052,0.0,stop_loss,1,15,0.57,up,London+NY overlap,False,False,no_sweep,2015
2015-05-18 15:30:00,2015-05-18 16:30:00,long,1224.8799999999999,1224.2217644390419,1230.8041200486216,1224.141764439042,-112.09621476026412,33204.15075129282,-1.1215370374148312,6.198388908162269,3.6157268630943404,6.198388908162269,stop_loss,4,60,0.61,up,London+NY overlap,False,False,no_sweep,2015
2015-05-19 15:15:00,2015-05-19 15:30:00,long,1218.59,1217.8851861546239,1224.933324608385,1217.805186154624,-110.91897841335117,33093.23177287947,-1.113505148238457,3.5328477389251995,8.598014979070859,0.0,stop_loss,1,15,0.75,up,London+NY overlap,True,False,prev_day_sweep,2015
2015-05-21 15:00:00,2015-05-21 15:15:00,long,1208.35,1207.8031112599626,1213.271998660336,1207.7231112599627,-113.8025315813534,32979.42924129812,-1.146282039002073,0.8959774888885288,2.6330767020393933,0.0,stop_loss,1,15,0.4,up,London+NY overlap,False,False,no_sweep,2015
2015-05-21 16:00:00,2015-05-21 19:00:00,long,1202.74,1201.9282094881246,1210.0461146068787,1205.19,298.5977310372241,33278.02697233535,3.01801999919906,7.77294130405941,0.0,7.77294130405941,time_stop,12,180,0.84,up,London+NY overlap,True,False,prev_day_sweep,2015
2015-05-25 15:45:00,2015-05-25 16:00:00,short,1204.56,1204.900987633,1201.491111302999,1204.980987633,-123.25641563067961,33154.77055670467,-1.2346126142348623,0.6158581123671806,1.9942072209983306,0.0,stop_loss,1,15,0.26,down,London+NY overlap,False,False,no_sweep,2015
2015-05-26 14:15:00,2015-05-26 15:15:00,short,1195.88,1196.4976644389506,1190.3210200494457,1190.3710200494456,887.1271587489339,34041.897715453604,8.919049896923868,9.859722554771809,0.21047026799985857,2.218032824308411,take_profit,4,60,0.73,down,London+NY overlap,False,False,no_sweep,2015
2015-06-02 13:45:00,2015-06-02 14:00:00,short,1190.45,1191.2567949888225,1183.188845100597,1191.3367949888225,-112.25225015884973,33929.64546529476,-1.0991577799915258,0.8676305749266959,1.0907355799076288,0.0,stop_loss,1,15,0.75,down,London+NY overlap,False,False,no_sweep,2015
2015-06-02 14:30:00,2015-06-02 15:00:00,short,1191.64,1192.4279750694036,1184.5482243753688,1192.5079750694035,-112.1231655204525,33817.522299774304,-1.101526054701816,3.0965446684082787,1.9289950393362385,3.0965446684082787,stop_loss,2,30,0.7,down,London+NY overlap,False,False,no_sweep,2015
2015-06-03 14:45:00,2015-06-03 15:00:00,short,1192.3,1192.912121996444,1186.7909020320035,1192.992121996444,-114.71169726726681,33702.81060250704,-1.1306929018474385,2.2544525568701728,1.47029514578517,0.0,stop_loss,1,15,0.6,down,London+NY overlap,False,False,no_sweep,2015
2015-06-05 13:15:00,2015-06-05 15:30:00,short,1176.26,1176.6996878519192,1172.3028093327264,1172.3528093327263,898.4781349238374,34601.28873743088,8.886282962377058,30.612626528680813,0.0,8.733468489608581,take_profit,9,135,0.36,down,London+NY overlap,False,False,no_sweep,2015
2015-06-12 14:30:00,2015-06-12 14:45:00,short,1180.51,1180.9748905195215,1176.325985324307,1181.0548905195215,-121.66680156645451,34479.62193586442,-1.172083526423089,0.0,2.4952111331372393,0.0,stop_loss,1,15,0.49,down,London+NY overlap,False,False,no_sweep,2015
2015-06-12 15:00:00,2015-06-12 15:45:00,short,1181.3700000000001,1181.8364107030568,1177.1723036724895,1177.2223036724895,919.8609745022956,35399.48291036672,8.892798343451771,9.45518610764846,0.0,4.373827587211861,take_profit,3,45,0.51,down,London+NY overlap,False,False,no_sweep,2015
2015-06-17 14:30:00,2015-06-17 17:30:00,short,1179.5900000000001,1180.0280003259309,1175.6479970666246,1175.6979970666246,943.6629370151627,36343.145847381886,8.88584483380322,10.639261489356091,0.8219171966023736,4.086754949774485,take_profit,12,180,0.37,down,London+NY overlap,False,False,no_sweep,2015
2015-06-18 13:45:00,2015-06-18 15:15:00,long,1195.35,1194.5765023918193,1202.3114784736244,1202.2614784736245,974.2171179254468,37317.36296530733,8.935358559002566,9.437650385462721,0.0,6.2572914884438084,take_profit,6,90,0.78,up,London+NY overlap,False,False,no_sweep,2015
2015-06-23 13:45:00,2015-06-23 14:00:00,long,1183.01,1182.4952664362509,1187.6426020737415,1182.415266436251,-129.35170637264557,37188.01125893468,-1.1554202127742288,0.679963430887693,2.21473803203497,0.0,stop_loss,1,15,0.45,up,London+NY overlap,False,False,no_sweep,2015
2015-06-23 14:15:00,2015-06-23 14:30:00,long,1182.61,1182.1010205496245,1187.190815053379,1182.0210205496246,-129.09936392727295,37058.91189500741,-1.1571772690251612,0.0,3.909784567004459,0.0,stop_loss,1,15,0.44,up,London+NY overlap,True,False,prev_day_sweep,2015
2015-06-23 14:45:00,2015-06-23 15:00:00,long,1181.83,1181.2732524126864,1186.8407282858218,1181.1932524126864,-127.15190837990527,36931.759986627505,-1.1436916869023994,0.0,3.7719067811912512,0.0,stop_loss,1,15,0.51,up,London+NY overlap,True,False,prev_day_sweep,2015
2015-06-29 14:15:00,2015-06-29 15:15:00,short,1178.46,1179.1848285041203,1171.9365434629174,1179.2648285041203,-123.02385864628513,36808.73612798122,-1.1103709353939122,2.4005678448197862,7.229296268307837,2.4005678448197862,stop_loss,4,60,0.55,down,London+NY overlap,True,False,prev_day_sweep,2015
2015-06-29 15:30:00,2015-06-29 16:30:00,short,1182.66,1183.4854010415681,1175.231390625887,1175.2813906258868,987.1466296936659,37795.88275767488,8.93942338635255,10.782637229403422,0.7148040410502328,8.844185592656869,take_profit,4,60,0.79,down,London+NY overlap,True,False,prev_day_sweep,2015
2015-07-03 15:00:00,2015-07-03 15:15:00,short,1168.68,1169.10116036071,1164.8895567536101,1169.18116036071,-134.92579076711226,37660.95696690777,-1.1899513996641522,0.14246354974865397,1.4008915725242017,0.0,stop_loss,1,15,0.23,down,London+NY overlap,False,False,no_sweep,2015
2015-07-03 15:30:00,2015-07-03 15:45:00,short,1169.15,1169.5728372497958,1165.3444647518374,1169.6528372497958,-134.35901426655914,37526.59795264121,-1.189198089900006,0.5439445084630551,1.2297875843511148,0.0,stop_loss,1,15,0.24,down,London+NY overlap,False,False,no_sweep,2015
2015-07-08 14:45:00,2015-07-08 16:00:00,short,1157.0800000000002,1157.914495344127,1149.5695419028573,1157.994495344127,-123.37240471191029,37403.2255479293,-1.0958663227577676,4.793316137893019,4.805299428237195,4.493733879274722,stop_loss,5,75,0.35,down,London+NY overlap,False,False,no_sweep,2015
2015-07-09 15:45:00,2015-07-09 16:00:00,short,1164.77,1165.6128642576075,1157.184221681533,1165.6928642576074,-122.85999672851374,37280.36555120079,-1.0949144530425439,0.5220294917345311,2.6813332984542937,0.0,stop_loss,1,15,0.67,down,London+NY overlap,True,False,prev_day_sweep,2015
2015-07-13 13:45:00,2015-07-13 14:00:00,short,1156.41,1157.0781183996965,1150.3969344027332,1157.1581183996964,-125.23286634045162,37155.132684860335,-1.119739255850885,0.8681096049199367,2.664198442684572,0.0,stop_loss,1,15,0.71,down,London+NY overlap,False,False,no_sweep,2015
2015-07-13 14:15:00,2015-07-13 17:15:00,short,1157.0800000000002,1157.7572806609628,1150.9844740513365,1154.01,505.2540132198643,37660.3866980802,4.532832807652629,8.873721555046203,0.132884349409884,8.873721555046203,time_stop,12,180,0.73,down,London+NY overlap,False,False,no_sweep,2015
2015-07-14 15:30:00,2015-07-14 15:45:00,short,1154.42,1154.9717771085418,1149.454006023124,1155.0517771085417,-129.36185560989642,37531.0248424703,-1.1449860799976939,0.0,6.16190839990735,0.0,stop_loss,1,15,0.56,down,London+NY overlap,False,False,no_sweep,2015
2015-07-17 14:15:00,2015-07-17 15:00:00,short,1144.1200000000001,1144.4742656062006,1140.9316095441955,1144.5542656062005,-138.0187602404301,37393.00608222987,-1.2258192683674278,0.9315044820169234,1.016186707654067,0.7056852136494955,stop_loss,3,45,0.43,down,London+NY overlap,False,False,no_sweep,2015
2015-07-24 15:30:00,2015-07-24 15:45:00,short,1081.91,1082.8181420048727,1073.7367219561463,1082.8981420048726,-122.06108670247679,37270.944995527396,-1.0880919499050687,0.0,2.5877010284636497,0.0,stop_loss,1,15,0.85,down,London+NY overlap,False,False,no_sweep,2015
2015-07-24 16:00:00,2015-07-24 17:00:00,short,1083.53,1084.434698973589,1075.3877092376974,1084.514698973589,-121.7001312697113,37149.244864257686,-1.0884272032304307,4.841389376870357,1.4811556541109718,4.841389376870357,stop_loss,4,60,0.83,down,London+NY overlap,False,False,no_sweep,2015
2015-07-28 15:00:00,2015-07-28 15:15:00,short,1093.98,1094.621855138679,1088.2033037518897,1094.7018551386789,-125.33843707396603,37023.90642718372,-1.1246387154655877,1.1684879574909466,2.336975914981893,0.0,stop_loss,1,15,0.38,down,London+NY overlap,False,False,no_sweep,2015
2015-07-30 13:45:00,2015-07-30 15:45:00,short,1087.66,1088.308546149251,1081.8230846567417,1088.388546149251,-124.77272969195757,36899.133697491765,-1.1233528255349705,7.956257247012956,1.804035073450345,7.956257247012956,stop_loss,8,120,0.48,down,London+NY overlap,False,False,no_sweep,2015
2015-07-31 15:15:00,2015-07-31 15:30:00,short,1083.02,1083.6666612346376,1077.2000488882618,1083.7466612346375,-124.39203997453728,36774.741657517225,-1.123712379395625,0.0,13.268152690192744,0.0,stop_loss,1,15,0.53,down,London+NY overlap,False,False,no_sweep,2015
2015-07-31 15:45:00,2015-07-31 16:00:00,short,1090.7,1091.6056415747641,1082.5492258271238,1091.685641574764,-120.06973384022378,36654.671923677,-1.0883351672771484,1.53482353144196,4.229046133397246,0.0,stop_loss,1,15,0.82,down,London+NY overlap,False,False,no_sweep,2015
2015-08-05 14:15:00,2015-08-05 14:45:00,short,1087.8,1088.2790096808292,1083.4889128725367,1088.359009680829,-128.32924222416997,36526.34268145283,-1.1670112383980171,2.0458876703776077,1.9623820511785992,2.0458876703776077,stop_loss,2,30,0.29,down,London+NY overlap,False,False,no_sweep,2015
2015-08-05 15:30:00,2015-08-05 17:00:00,short,1090.6000000000001,1091.2158586664489,1085.0572720019613,1085.1072720019613,977.3148095939611,37503.65749104679,8.918812541377315,12.470393644512297,0.9742495034773674,5.390847252575849,take_profit,6,90,0.63,down,London+NY overlap,False,False,no_sweep,2015
2015-08-07 15:15:00,2015-08-07 15:30:00,short,1092.6100000000001,1093.1712077362163,1087.5591303740553,1087.6091303740552,1002.5747482029514,38506.232239249744,8.910906431302022,17.587070460836845,0.0,0.0,take_profit,1,15,0.62,down,London+NY overlap,False,False,no_sweep,2015
2015-08-10 14:30:00,2015-08-10 16:45:00,short,1096.49,1097.0292687016365,1091.6365816852715,1097.1092687016364,-132.65578572248222,38373.57645352726,-1.148349050774046,2.8557192274029153,2.2066921302660423,2.8557192274029153,stop_loss,9,135,0.41,down,London+NY overlap,False,False,no_sweep,2015
2015-08-11 14:30:00,2015-08-11 15:15:00,long,1109.06,1107.8294046937115,1120.1353577565958,1107.7494046937115,-122.60463434687242,38250.97181918039,-1.0650091866847846,0.8369932785673395,1.5602204804361213,0.8369932785673395,stop_loss,3,45,0.8,up,London+NY overlap,False,False,no_sweep,2015
2015-08-11 15:45:00,2015-08-11 16:00:00,long,1106.76,1105.5801021188015,1117.379080930787,1105.5001021188016,-122.53344747042189,38128.43837170997,-1.0678024778878887,1.542506371950821,1.398426106439057,0.0,stop_loss,1,15,0.76,up,London+NY overlap,False,False,no_sweep,2015
2015-08-13 14:45:00,2015-08-13 15:30:00,long,1115.3799999999999,1114.7539803462707,1121.014176883563,1114.6739803462708,-129.0027878329454,37999.43558387703,-1.1277915150480886,5.063738783785233,2.827387270441503,4.983869086880177,stop_loss,3,45,0.3,up,London+NY overlap,False,False,no_sweep,2015
2015-08-14 15:30:00,2015-08-14 15:45:00,long,1117.9099999999999,1117.368514903675,1122.7833658669226,1117.2885149036751,-130.84062540826903,37868.59495846876,-1.1477418317566104,0.3508868504223697,1.3112087568407575,0.0,stop_loss,1,15,0.62,up,London+NY overlap,False,False,no_sweep,2015
2015-08-18 14:45:00,2015-08-18 15:00:00,long,1119.11,1118.642542351041,1123.3171188406318,1118.562542351041,-133.04810828216566,37735.5468501866,-1.1711384981678719,0.0,2.9521390933982237,0.0,stop_loss,1,15,0.5,up,London+NY overlap,False,False,no_sweep,2015
2015-08-18 15:15:00,2015-08-18 15:30:00,long,1117.95,1117.4594370271732,1122.3650667554427,1117.3794370271733,-131.66814650533735,37603.87870368126,-1.163077941938683,2.0996285024623984,2.446169129082563,0.0,stop_loss,1,15,0.6,up,London+NY overlap,False,False,no_sweep,2015
2015-08-19 14:15:00,2015-08-19 15:30:00,long,1121.1699999999998,1120.730761621253,1125.1231454087228,1120.650761621253,-133.35840826383568,37470.520295417424,-1.1821334470547624,7.513004691016194,4.621636219018218,3.9386357925633773,stop_loss,5,75,0.33,up,London+NY overlap,False,False,no_sweep,2015
2015-08-20 14:30:00,2015-08-20 14:45:00,long,1138.22,1137.6312057447003,1143.519148297698,1137.5512057447004,-127.6850198066595,37342.83527561076,-1.1358708908584787,0.0,1.002047820082054,0.0,stop_loss,1,15,0.42,up,London+NY overlap,False,False,no_sweep,2015
2015-08-25 14:00:00,2015-08-25 16:00:00,long,1148.06,1147.042253003049,1157.2197229725582,1146.962253003049,-120.83450623065343,37222.00076938011,-1.0786049973515937,4.539438597058781,1.04151621490951,4.470659224375913,stop_loss,8,120,0.29,up,London+NY overlap,True,False,prev_day_sweep,2015
2015-08-26 15:45:00,2015-08-26 16:00:00,long,1126.1299999999999,1124.9000634294384,1137.1994291350532,1124.8200634294385,-118.92920628016728,37103.07156309994,-1.0650440046379046,1.5773171124706629,1.2439665887010325,0.0,stop_loss,1,15,0.88,up,London+NY overlap,True,False,prev_day_sweep,2015
2015-08-28 14:00:00,2015-08-28 15:45:00,short,1127.8300000000002,1128.5803295928947,1121.077033663949,1128.6603295928946,-123.17698221368057,36979.89458088626,-1.1066198118233745,5.477592832431028,1.5326597949622236,5.477592832431028,stop_loss,7,105,0.47,down,London+NY overlap,False,False,no_sweep,2015
2015-08-28 16:00:00,2015-08-28 16:15:00,short,1128.92,1129.7646270965263,1121.3183561312637,1129.8446270965262,-121.44748622248275,36858.44709466378,-1.0947163550979502,2.794132475392225,1.1129171724017233,0.0,stop_loss,1,15,0.75,down,London+NY overlap,False,False,no_sweep,2015
2015-09-01 14:45:00,2015-09-01 15:00:00,long,1142.0,1141.324955672107,1148.0753989510372,1141.2449556721072,-123.67970634150277,36734.76738832228,-1.118510735805512,0.0,4.08862038529387,0.0,stop_loss,1,15,0.58,up,London+NY overlap,False,False,no_sweep,2015
2015-09-01 15:15:00,2015-09-01 15:30:00,long,1140.25,1139.5577679009493,1146.4800888914556,1139.4777679009494,-122.94041218540664,36611.82697613687,-1.1155681744744854,2.181349293207885,1.300141962839276,0.0,stop_loss,1,15,0.65,up,London+NY overlap,False,False,no_sweep,2015
2015-09-02 13:15:00,2015-09-02 15:00:00,long,1138.01,1137.4208486205264,1143.312362415262,1137.3408486205265,-124.74987946909759,36487.077096667774,-1.1357885303967303,3.7851052848123286,1.6464359310618977,3.7851052848123286,stop_loss,7,105,0.37,up,London+NY overlap,False,False,no_sweep,2015
2015-09-03 14:00:00,2015-09-03 14:15:00,long,1128.6,1128.0155410233838,1133.8601307895453,1127.9355410233838,-124.44414515316697,36362.632951514606,-1.136878725797158,0.0,4.6367668363826136,0.0,stop_loss,1,15,0.59,up,London+NY overlap,True,False,prev_day_sweep,2015
2015-09-03 15:30:00,2015-09-03 15:45:00,long,1125.84,1125.0932298732005,1132.5609311411959,1125.0132298732005,-120.77426872281696,36241.85868279179,-1.1071280131983803,0.0,4.860933598880766,0.0,stop_loss,1,15,0.78,up,London+NY overlap,True,False,prev_day_sweep,2015
2015-09-03 16:00:00,2015-09-03 19:00:00,long,1123.1,1122.2255400437289,1130.9701396064393,1123.7,74.60072375094593,36316.45940654274,0.6861377650255333,8.67964272757119,0.2630194765930821,8.67964272757119,time_stop,12,180,0.87,up,London+NY overlap,True,False,prev_day_sweep,2015
2015-09-08 14:45:00,2015-09-08 15:00:00,short,1121.15,1121.5945756417245,1117.1488192244792,1121.6745756417245,-128.5544789933784,36187.90492754936,-1.1799468807819058,0.0,5.263446262875346,0.0,stop_loss,1,15,0.32,down,London+NY overlap,False,False,no_sweep,2015
2015-09-08 15:15:00,2015-09-08 15:30:00,short,1122.99,1123.482720833936,1118.5555124945763,1123.5627208339358,-126.19052612169119,36061.71440142767,-1.1623637453299491,0.36531842699284717,2.212206030122404,0.0,stop_loss,1,15,0.65,down,London+NY overlap,False,False,no_sweep,2015
2015-09-08 15:45:00,2015-09-08 18:15:00,short,1123.71,1124.2186725557917,1119.1319469978746,1124.2986725557917,-125.1996476389965,35936.51475378867,-1.1572720979126077,7.214857491747589,5.819067622771853,7.214857491747589,stop_loss,10,150,0.73,down,London+NY overlap,False,False,no_sweep,2015
2015-09-10 15:30:00,2015-09-10 15:45:00,short,1109.29,1109.8368621270101,1104.368240856908,1109.91686212701,-123.58091169552189,35812.93384209315,-1.1462891578126038,0.0,5.193265102352424,0.0,stop_loss,1,15,0.52,down,London+NY overlap,False,False,no_sweep,2015
2015-09-10 16:00:00,2015-09-10 16:15:00,short,1110.54,1111.1311974462485,1105.2192229837626,1111.2111974462484,-121.97726778088689,35690.956574312266,-1.135318581816564,0.0,6.630610509017794,0.0,stop_loss,1,15,0.64,down,London+NY overlap,False,False,no_sweep,2015
2015-09-15 15:30:00,2015-09-15 18:15:00,short,1108.97,1109.5862865104928,1103.4234214055648,1103.4734214055647,954.968888242113,36645.925462554376,8.918868904076293,9.394980908101973,0.0,8.599896168038056,take_profit,11,165,0.88,down,London+NY overlap,False,False,no_sweep,2015
2015-09-16 15:30:00,2015-09-16 15:45:00,short,1110.02,1110.5147306601657,1105.5674240585092,1110.5947306601656,-127.7151708755226,36518.21029167886,-1.1617041482190138,0.0,9.702248893149557,0.0,stop_loss,1,15,0.6,down,London+NY overlap,True,False,prev_day_sweep,2015
2015-09-16 16:00:00,2015-09-16 16:45:00,short,1113.89,1114.5329820488164,1108.1031615606537,1114.6129820488163,-123.1854476079918,36395.02484407087,-1.124420269815004,2.5195104637563053,6.252118558209607,2.5195104637563053,stop_loss,3,45,0.86,down,London+NY overlap,True,False,prev_day_sweep,2015
2015-09-18 15:00:00,2015-09-18 15:15:00,long,1135.8799999999999,1135.110975688067,1142.8012188073967,1135.030975688067,-120.5433707876505,36274.48147328322,-1.1040279205202803,0.0,3.5889632579529174,0.0,stop_loss,1,15,0.78,up,London+NY overlap,False,False,no_sweep,2015
2015-09-21 14:30:00,2015-09-21 14:45:00,long,1134.5,1134.0373087691778,1138.6642210774003,1133.9573087691779,-127.63917934983681,36146.84229393338,-1.172901483042519,0.0,8.77475026441571,0.0,stop_loss,1,15,0.39,up,London+NY overlap,False,False,no_sweep,2015
2015-09-21 15:00:00,2015-09-21 18:00:00,long,1130.81,1130.2192611326072,1136.1266498065338,1132.0800000000002,233.1308751492019,36379.97316908259,2.1498500777602625,6.618829766961747,0.1354236269453829,6.618829766961747,time_stop,12,180,0.54,up,London+NY overlap,False,False,no_sweep,2015
2015-10-01 14:45:00,2015-10-01 15:00:00,short,1114.5900000000001,1115.0220860647537,1110.7012254172173,1115.1020860647536,-129.34698997954348,36250.62617910304,-1.1851482992064495,2.221779590479498,1.758908842462322,0.0,stop_loss,1,15,0.24,down,London+NY overlap,False,False,no_sweep,2015
2015-10-02 15:15:00,2015-10-02 15:30:00,short,1108.9,1109.4498964291133,1103.950932137982,1109.5298964291133,-124.5733129427057,36126.05286616034,-1.1454819412610768,0.0,45.208513246920596,0.0,stop_loss,1,15,0.75,down,London+NY overlap,False,False,no_sweep,2015
2015-10-05 14:30:00,2015-10-05 15:15:00,long,1130.75,1130.1817539845235,1135.8642141392882,1135.8142141392882,965.8672268986311,37091.92009305897,8.912009941753782,11.737873770056146,0.0,6.6872444267184905,take_profit,3,45,0.49,up,London+NY overlap,False,False,no_sweep,2015
2015-10-08 15:15:00,2015-10-08 15:30:00,long,1141.34,1140.7851392227349,1146.3337469953851,1140.705139222735,-127.31953411773334,36964.60055894124,-1.144180312031161,0.0,8.61477364386966,0.0,stop_loss,1,15,0.58,up,London+NY overlap,True,False,prev_day_sweep,2015
2015-10-08 15:45:00,2015-10-08 17:00:00,long,1138.07,1137.3377475951133,1144.66027164398,1144.61027164398,990.4721128398419,37955.07267178108,8.931717533919175,9.65514070396957,0.0,4.083291471692848,take_profit,5,75,0.75,up,London+NY overlap,True,False,prev_day_sweep,2015
2015-10-09 15:15:00,2015-10-09 18:15:00,long,1151.3799999999999,1150.5330249015597,1159.0027758859624,1157.5600000000002,830.8237734860828,38785.896445267164,7.296554540247136,8.772394859876073,0.4132352894960702,8.772394859876073,time_stop,12,180,0.74,up,London+NY overlap,False,False,no_sweep,2015
2015-10-12 15:30:00,2015-10-12 16:45:00,long,1164.02,1163.2669113556965,1170.7977977987307,1163.1869113556966,-128.71827293677313,38657.178172330394,-1.1062291944050189,3.983594790191822,1.3677008779658226,3.983594790191822,stop_loss,5,75,0.66,up,London+NY overlap,False,False,no_sweep,2015
2015-10-13 14:15:00,2015-10-13 15:15:00,long,1152.37,1151.7479459283672,1157.9684866446942,1157.9184866446942,1034.4221503821784,39691.60032271257,8.91962113539701,12.314042057301547,0.0,8.246871508349557,take_profit,4,60,0.34,up,London+NY overlap,True,False,prev_day_sweep,2015
2015-10-14 13:15:00,2015-10-14 13:30:00,long,1167.36,1166.4356570433317,1175.6790866100134,1166.3556570433318,-129.38048243487287,39562.2198402777,-1.0865479629858275,0.0,2.142062083900956,0.0,stop_loss,1,15,0.9,up,London+NY overlap,False,False,no_sweep,2015
2015-10-14 13:45:00,2015-10-14 14:15:00,long,1166.9099999999999,1165.9991379608318,1175.1077583525116,1165.919137960832,-129.11077684416634,39433.109063433534,-1.0878288879762723,1.943214146477021,1.2296044316688102,1.943214146477021,stop_loss,2,30,0.88,up,London+NY overlap,False,False,no_sweep,2015
2015-10-20 15:15:00,2015-10-20 15:30:00,long,1173.27,1172.6395947857834,1178.9436469279483,1172.5595947857835,-133.31180799120344,39299.79725544233,-1.1269025036529008,2.315970691667603,1.1897109717470267,0.0,stop_loss,1,15,0.69,up,London+NY overlap,False,False,no_sweep,2015
2015-10-22 15:30:00,2015-10-22 15:45:00,long,1166.07,1165.4952925557197,1171.242366998522,1165.4152925557198,-134.3111355764509,39165.486119865884,-1.1392012593470497,0.5916053522257522,4.785043290059183,0.0,stop_loss,1,15,0.74,up,London+NY overlap,False,False,no_sweep,2015
2015-10-23 13:30:00,2015-10-23 13:45:00,long,1171.69,1171.1340274091995,1176.6937533172047,1171.0540274091995,-134.4032570476837,39031.0828628182,-1.1438919855468563,0.0,2.3382447651384615,0.0,stop_loss,1,15,0.41,up,London+NY overlap,False,False,no_sweep,2015
2015-10-27 14:30:00,2015-10-27 14:45:00,short,1167.69,1168.2215407748274,1162.9061330265529,1162.9561330265528,1042.8247249452518,40073.90758776345,8.905933839195528,11.814709797267446,0.0,0.0,take_profit,1,15,0.64,down,London+NY overlap,False,False,no_sweep,2015
2015-11-03 14:15:00,2015-11-03 15:30:00,short,1132.48,1132.9648293877667,1128.116535510099,1128.166535510099,1069.5971513668144,41143.504739130265,8.896870937981728,10.065396453130063,0.20625812403935828,7.6728022142711625,take_profit,5,75,0.42,down,London+NY overlap,False,False,no_sweep,2015
2015-11-05 14:30:00,2015-11-05 16:45:00,short,1110.22,1110.7583263728109,1105.3750626447024,1105.4250626447024,1099.4103452786323,42242.915084408894,8.90711954211182,9.0279805067396,0.7430436631058671,8.433545576254401,take_profit,9,135,0.47,down,London+NY overlap,False,False,no_sweep,2015
2015-11-06 14:30:00,2015-11-06 15:15:00,short,1108.8400000000001,1109.2349076275534,1105.2858313520203,1105.3358313520203,1124.5133416783383,43367.42842608723,8.873388112786563,9.065411124573114,0.5824146811871033,2.886751028495478,take_profit,3,45,0.27,down,London+NY overlap,False,False,no_sweep,2015
2015-11-09 14:15:00,2015-11-09 16:30:00,short,1094.64,1095.2556750512786,1089.0989245384949,1089.1489245384948,1160.3547434539612,44527.78316954119,8.91878832852324,9.241888213895765,0.8608437176387445,8.852072190814035,take_profit,9,135,0.51,down,London+NY overlap,False,False,no_sweep,2015
2015-11-11 15:00:00,2015-11-11 18:00:00,short,1089.43,1089.9487735997131,1084.7610376025814,1087.6899999999998,448.0471409369862,44975.83031047817,3.3540642796059115,7.459901587398568,0.0,7.459901587398568,time_stop,12,180,0.41,down,London+NY overlap,False,False,no_sweep,2015
2015-11-13 13:15:00,2015-11-13 13:30:00,short,1086.18,1086.7315565804724,1081.2159907757477,1086.8115565804724,-154.4979206147506,44821.332389863426,-1.1450440495722334,0.0,3.2634911153781343,0.0,stop_loss,1,15,0.47,down,London+NY overlap,False,False,no_sweep,2015
2015-11-16 15:00:00,2015-11-16 16:00:00,short,1092.77,1093.4356848491238,1086.7788363578861,1086.828836357886,1200.076300682985,46021.408690546414,8.924889382616007,10.275132457952646,0.0,8.637720999010002,take_profit,4,60,0.43,down,London+NY overlap,True,False,prev_day_sweep,2015
2015-11-17 15:15:00,2015-11-17 17:00:00,short,1081.45,1082.1020231544485,1075.5817916099636,1075.6317916099636,1231.9906632356006,47253.39935378201,8.923315606725966,9.324822222215904,0.015336878654946028,6.456825913738206,take_profit,7,105,0.69,down,London+NY overlap,False,False,no_sweep,2015
2015-11-24 13:30:00,2015-11-24 14:45:00,short,1075.71,1076.214561350172,1071.1689478484518,1076.294561350172,-164.23678260558594,47089.16257117643,-1.1585535633529043,5.390821154003708,2.259388277780691,5.390821154003708,stop_loss,5,75,0.45,down,London+NY overlap,False,False,no_sweep,2015
2015-11-24 15:15:00,2015-11-24 15:30:00,short,1078.49,1079.2702127927444,1071.4680848653006,1079.3502127927443,-155.75250913610822,46933.41006204032,-1.1025361295583633,2.3198799312600107,3.2170710648965644,0.0,stop_loss,1,15,0.85,down,London+NY overlap,True,False,prev_day_sweep,2015
2015-11-25 15:00:00,2015-11-25 15:30:00,short,1074.45,1074.976872047543,1069.7081515721125,1069.7581515721124,1253.8401718701377,48187.250233910454,8.905100298577011,10.514886917676412,0.0,3.663128474930736,take_profit,2,30,0.46,down,London+NY overlap,False,False,no_sweep,2015
2015-11-26 13:15:00,2015-11-26 13:45:00,short,1072.56,1073.036786522908,1068.2689212938278,1073.116786522908,-168.81776361415842,48018.4324702963,-1.167789977602537,0.2726587136041227,1.3003723264210927,0.2726587136041227,stop_loss,2,30,0.41,down,London+NY overlap,False,False,no_sweep,2015
2015-11-26 14:00:00,2015-11-26 17:00:00,short,1072.91,1073.3636133348502,1068.8274799863484,1071.03,597.0370320395153,48615.469502335814,4.144498972062005,5.709708690234347,0.0,5.709708690234347,time_stop,12,180,0.27,down,London+NY overlap,False,False,no_sweep,2015
2015-11-30 15:15:00,2015-11-30 15:30:00,short,1058.8700000000001,1059.412895445276,1053.9839409925178,1059.492895445276,-167.33804705744706,48448.131455278366,-1.147358023899553,0.5157530836492742,2.81822220708147,0.0,stop_loss,1,15,0.25,down,London+NY overlap,False,False,no_sweep,2015
2015-12-01 15:30:00,2015-12-01 16:45:00,short,1070.72,1071.425287121126,1064.3724159098663,1064.4224159098662,1297.7956326311971,49745.927087909564,8.92910688639712,9.159390277375437,0.0,6.011736033447634,take_profit,5,75,0.8,down,London+NY overlap,True,False,prev_day_sweep,2015
2015-12-03 14:45:00,2015-12-03 15:00:00,short,1053.39,1053.985761188118,1048.0281493069401,1054.065761188118,-169.27772803972647,49576.649359869836,-1.134281993515997,0.0,16.14740972031312,0.0,stop_loss,1,15,0.29,down,London+NY overlap,False,False,no_sweep,2015
2015-12-04 13:15:00,2015-12-04 15:00:00,short,1062.76,1063.3470146014736,1057.476868586737,1063.4270146014735,-168.99928348709236,49407.65007638274,-1.1362828110222525,3.7648126544932095,4.59954487200528,2.742691571825154,stop_loss,7,105,0.21,down,London+NY overlap,False,False,no_sweep,2015
2015-12-04 15:15:00,2015-12-04 15:30:00,short,1064.32,1064.9698263281082,1058.4715630470266,1065.049826328108,-166.470650430587,49241.179425952156,-1.123109816484076,5.355277017062202,5.555330468849175,0.0,stop_loss,1,15,0.41,down,London+NY overlap,True,False,prev_day_sweep,2015
2015-12-07 15:30:00,2015-12-07 16:30:00,long,1079.75,1079.0995947752035,1085.6036470231693,1079.0195947752036,-165.89356922420322,49075.285856727955,-1.1230002419260383,2.321629566356073,4.0128828928405,2.321629566356073,stop_loss,4,60,0.45,up,London+NY overlap,False,False,no_sweep,2015
2015-12-10 15:00:00,2015-12-10 15:15:00,long,1073.02,1072.3334782585341,1079.1986956731937,1072.2534782585342,-164.38200557571588,48910.90385115224,-1.1165294486218462,1.3837872023857498,1.9810006265730433,0.0,stop_loss,1,15,0.53,up,London+NY overlap,False,False,no_sweep,2015
2015-12-15 15:15:00,2015-12-15 15:30:00,short,1065.03,1065.8217757562104,1057.9040181941052,1065.9017757562103,-161.55839525517658,48749.34545589706,-1.1010387087157363,2.4122991705905035,3.2079790017275016,0.0,stop_loss,1,15,0.6,down,London+NY overlap,False,False,no_sweep,2015
2015-12-16 15:15:00,2015-12-16 15:30:00,short,1069.7,1070.4009134006697,1063.391779393974,1070.4809134006696,-162.94031660976873,48586.40513928729,-1.1141367819811985,0.0,5.079086798167875,0.0,stop_loss,1,15,0.58,down,London+NY overlap,True,False,prev_day_sweep,2015
2015-12-16 15:45:00,2015-12-16 16:00:00,short,1072.6000000000001,1073.4799967587408,1064.680029171335,1073.5599967587407,-159.01010198942868,48427.395037297865,-1.0909094257510867,0.0,2.4545544952814122,0.0,stop_loss,1,15,0.74,down,London+NY overlap,True,False,prev_day_sweep,2015
2015-12-17 14:00:00,2015-12-17 15:15:00,short,1067.47,1068.1000686762573,1061.7993819136843,1061.8493819136843,1296.0105906391957,49723.40562793706,8.920643571274983,9.395801161178891,0.0,5.3644945818894065,take_profit,5,75,0.28,down,London+NY overlap,False,False,no_sweep,2015
2015-12-18 16:00:00,2015-12-18 16:45:00,short,1060.48,1061.2169926629492,1053.8470660334574,1061.2969926629492,-165.36253188317576,49558.04309605389,-1.1085492488891182,3.229340154454348,5.9566400327956,3.229340154454348,stop_loss,3,45,0.65,down,London+NY overlap,False,False,no_sweep,2015
2015-12-21 15:45:00,2015-12-21 16:00:00,short,1074.15,1075.0438106944302,1066.1057037501294,1075.1238106944302,-161.9811197025301,49396.06197635136,-1.0895044112790915,1.1076170895797748,2.1704819735197494,0.0,stop_loss,1,15,0.86,down,London+NY overlap,True,False,prev_day_sweep,2015
2015-12-23 15:30:00,2015-12-23 15:45:00,long,1071.3899999999999,1070.8487995777675,1076.2608038000913,1070.7687995777676,-170.0932961013885,49225.96868024997,-1.1478195446890862,0.0,2.882481121439702,0.0,stop_loss,1,15,0.7,up,London+NY overlap,True,False,prev_day_sweep,2015
2015-12-30 14:15:00,2015-12-30 15:00:00,short,1067.91,1068.4581657782587,1062.9765079956724,1068.5381657782586,-169.23020454573805,49056.73847570423,-1.1459412520315737,1.1492873597498872,2.845854414618176,1.1492873597498872,stop_loss,3,45,0.66,down,London+NY overlap,False,False,no_sweep,2015
2015-12-30 15:15:00,2015-12-30 15:30:00,short,1068.65,1069.1802847197223,1063.877437522501,1063.927437522501,1310.6554108246812,50367.39388652891,8.905711030054137,13.917051963832215,0.0,0.0,take_profit,1,15,0.63,down,London+NY overlap,False,False,no_sweep,2015
2015-12-31 15:45:00,2015-12-31 16:30:00,short,1061.93,1062.4824408429251,1056.9580324136737,1062.562440842925,-172.98357346391302,50194.410313065,-1.1448118853348006,3.294470391370006,2.769527307030531,3.294470391370006,stop_loss,3,45,0.82,down,London+NY overlap,False,False,no_sweep,2015
2016-01-04 13:30:00,2016-01-04 15:15:00,short,1074.3,1074.897986388118,1068.9181225069372,1074.9779863881179,-170.72860333310263,50023.68170973189,-1.1337823094129402,6.689115470653094,7.023571244185825,6.689115470653094,stop_loss,7,105,0.7,down,London+NY overlap,True,False,prev_day_sweep,2016
2016-01-05 16:00:00,2016-01-05 19:00:00,long,1075.24,1074.4233870131125,1082.5895168819875,1079.1100000000001,711.1997408510236,50734.881450582914,4.739087012013237,6.196325653949868,0.0,6.196325653949868,time_stop,12,180,0.76,up,London+NY overlap,False,False,no_sweep,2016
2016-01-08 15:45:00,2016-01-08 18:45:00,long,1097.7,1096.6946871113616,1106.7478159977452,1102.98,799.3934338847313,51534.274884467646,5.252096197782986,7.798567081556515,0.0,7.798567081556515,time_stop,12,180,0.84,up,London+NY overlap,False,False,no_sweep,2016
2016-01-11 15:45:00,2016-01-11 17:00:00,long,1100.48,1099.6097102116007,1108.3126080955944,1099.5297102116008,-168.8144425962142,51365.46044187143,-1.091923404211221,3.2517904239748154,2.2291425521241988,3.2517904239748154,stop_loss,5,75,0.66,up,London+NY overlap,False,False,no_sweep,2016
2016-01-12 13:45:00,2016-01-12 14:30:00,long,1091.06,1090.3494521670295,1097.4549304967338,1090.2694521670296,-171.44596700305226,51194.014474868374,-1.1125891830047412,1.9843843504604828,7.107192177180685,1.9843843504604828,stop_loss,3,45,0.52,up,London+NY overlap,True,False,prev_day_sweep,2016
2016-01-12 14:45:00,2016-01-12 15:00:00,long,1086.46,1085.6199931888414,1094.0200613004274,1085.5399931888414,-168.2087861018575,51025.805688766515,-1.095237323004058,0.9047545685393621,1.214275868302821,0.0,stop_loss,1,15,0.73,up,London+NY overlap,True,False,prev_day_sweep,2016
2016-01-13 14:30:00,2016-01-13 14:45:00,long,1081.26,1080.6870485150089,1086.4165633649197,1080.607048515009,-174.45129196860978,50851.354396797906,-1.139627877919138,2.426034378847402,1.5009996876319227,0.0,stop_loss,1,15,0.2,up,London+NY overlap,True,False,prev_day_sweep,2016
2016-01-14 14:30:00,2016-01-14 14:45:00,long,1089.82,1089.1675659144744,1095.6919067697304,1089.0875659144745,-171.2598992679025,50680.09449753,-1.122617750627613,0.0,7.571646101261714,0.0,stop_loss,1,15,0.58,up,London+NY overlap,False,False,no_sweep,2016
2016-01-14 15:00:00,2016-01-14 15:45:00,long,1085.53,1084.7536155078885,1092.517460429002,1084.6736155078886,-167.7067770959297,50512.38772043407,-1.1030417284383929,2.2797982417014913,2.7434860196745516,2.2797982417014913,stop_loss,3,45,0.69,up,London+NY overlap,False,False,no_sweep,2016
2016-01-14 16:00:00,2016-01-14 16:15:00,long,1084.1699999999998,1083.3198017107663,1091.821784603101,1083.2398017107664,-165.7961580409821,50346.591562393085,-1.0940956962781603,0.7645275322608548,1.4937691784168645,0.0,stop_loss,1,15,0.73,up,London+NY overlap,False,False,no_sweep,2016
2016-01-15 14:15:00,2016-01-15 14:30:00,short,1082.8700000000001,1083.4547138271084,1077.6075755560255,1083.5347138271084,-171.70489566562495,50174.88666672746,-1.136819066509107,0.0,3.0613266131439896,0.0,stop_loss,1,15,0.37,down,London+NY overlap,False,False,no_sweep,2016
2016-01-15 14:45:00,2016-01-15 15:00:00,short,1083.98,1084.564345085619,1078.7208942294299,1084.6443450856189,-171.13229938376585,50003.754367343696,-1.136905403962105,0.41071621188670415,8.282776939714747,0.0,stop_loss,1,15,0.38,down,London+NY overlap,False,False,no_sweep,2016
2016-01-15 15:15:00,2016-01-15 15:30:00,short,1087.88,1088.6017567319877,1081.3841894121106,1088.6817567319877,-166.638612063644,49837.11575528005,-1.1108406703455573,0.0,8.562441784201875,0.0,stop_loss,1,15,0.58,down,London+NY overlap,False,False,no_sweep,2016
2016-01-15 15:45:00,2016-01-15 16:00:00,short,1092.96,1093.8568463658466,1084.888382707381,1093.9368463658466,-162.84797685675719,49674.267778423295,-1.0892014541692525,0.8139632692951885,1.9401316281830139,0.0,stop_loss,1,15,0.82,down,London+NY overlap,False,False,no_sweep,2016
2016-01-21 15:45:00,2016-01-21 17:00:00,long,1095.86,1094.9076975569487,1104.4307219874597,1094.8276975569488,-161.54175081230602,49512.72602761099,-1.0840069250936795,4.01133067322701,1.1340934887656267,4.01133067322701,stop_loss,5,75,0.7,up,London+NY overlap,False,False,no_sweep,2016
2016-01-22 14:30:00,2016-01-22 15:15:00,long,1096.8999999999999,1096.35078861539,1101.8429024614888,1096.27078861539,-170.17475478099644,49342.551272829995,-1.1456634043679852,2.6947729808106207,2.7311888319017887,2.6947729808106207,stop_loss,3,45,0.35,up,London+NY overlap,False,False,no_sweep,2016
2016-01-22 15:30:00,2016-01-22 15:45:00,long,1095.6499999999999,1095.0391736163097,1101.1474374532118,1094.9591736163097,-167.41485224617676,49175.13642058382,-1.1309701121890317,0.42565286461509727,2.193749379168141,0.0,stop_loss,1,15,0.51,up,London+NY overlap,False,False,no_sweep,2016
2016-01-22 16:00:00,2016-01-22 16:15:00,long,1095.01,1094.3562007201854,1100.8941935183307,1094.2762007201854,-165.57687108697058,49009.55954949685,-1.1223617132502968,3.8085083249189693,1.5907022722552508,0.0,stop_loss,1,15,0.55,up,London+NY overlap,False,False,no_sweep,2016
2016-01-29 13:45:00,2016-01-29 16:45:00,long,1111.93,1111.2931948352577,1117.661246482681,1111.2131948352578,-165.49946837053682,48844.060081126314,-1.125627121809381,8.228576478521951,1.8844068271424996,8.228576478521951,stop_loss,12,180,0.33,up,London+NY overlap,True,False,prev_day_sweep,2016
2016-02-01 15:45:00,2016-02-01 16:45:00,long,1121.62,1121.06029489928,1126.657345906479,1126.607345906479,1305.6994984758458,50149.75957960216,8.910667242561852,9.665804354904504,0.0,8.665277471587329,take_profit,4,60,0.36,up,London+NY overlap,False,False,no_sweep,2016
2016-02-02 13:30:00,2016-02-02 16:00:00,long,1123.85,1123.358043898981,1128.277604909172,1128.227604909172,1338.752583460578,51488.51216306274,8.898364915293302,10.265143555573069,0.0,7.073801895721422,take_profit,10,150,0.31,up,London+NY overlap,False,False,no_sweep,2016
2016-02-03 14:15:00,2016-02-03 15:15:00,long,1127.31,1126.758129886986,1132.2768310171273,1132.2268310171273,1376.195091883749,52864.70725494649,8.909398971207247,10.274156665294448,0.0,5.037417200973178,take_profit,4,60,0.53,up,London+NY overlap,False,False,no_sweep,2016
2016-02-04 13:45:00,2016-02-04 15:15:00,long,1145.34,1144.705578909764,1151.049789812124,1150.999789812124,1414.847974700157,54279.55522964664,8.92118799206233,11.333166741550214,0.9457440952613415,7.171892722399881,take_profit,6,90,0.27,up,London+NY overlap,False,False,no_sweep,2016
2016-02-05 15:45:00,2016-02-05 16:00:00,long,1153.26,1152.2738518873614,1162.135333013747,1152.1938518873615,-176.04874345327008,54103.50648619337,-1.081123716584392,0.0,7.990686083569777,0.0,stop_loss,1,15,0.8,up,London+NY overlap,False,False,no_sweep,2016
2016-02-08 13:45:00,2016-02-08 14:30:00,long,1172.12,1171.2111359878638,1180.2997761092247,1180.2497761092247,1451.8653679211727,55555.37185411454,8.944986269307535,11.629902668450857,0.0,6.040507630065688,take_profit,3,45,0.5,up,London+NY overlap,False,False,no_sweep,2016
2016-02-09 13:30:00,2016-02-09 14:45:00,long,1187.6699999999998,1186.6819527857963,1196.5624249278312,1196.5124249278313,1491.5609230893238,57046.93277720387,8.949395130838013,9.149360344370885,0.0,8.197988804137594,take_profit,5,75,0.41,up,London+NY overlap,False,False,no_sweep,2016
2016-02-12 14:00:00,2016-02-12 15:30:00,long,1237.28,1235.9385313077348,1249.353218230386,1235.858531307735,-181.34697306044401,56865.585804143426,-1.0596361290138216,3.704894514987059,3.4439864505512507,3.704894514987059,stop_loss,6,90,0.23,up,London+NY overlap,False,False,no_sweep,2016
2016-02-16 15:15:00,2016-02-16 16:30:00,long,1211.54,1210.1332877097495,1224.2004106122547,1210.0532877097496,-180.29862799930945,56685.28717614411,-1.056870193396608,3.042555346721283,3.7249976674812273,3.042555346721283,stop_loss,5,75,0.85,up,London+NY overlap,False,False,no_sweep,2016
2016-02-18 13:15:00,2016-02-18 16:15:00,long,1202.1,1201.3613984073295,1208.7474143340346,1205.6100000000001,808.1434969653284,57493.43067310944,4.75222370873827,7.7849818590436906,0.0,7.7849818590436906,time_stop,12,180,0.28,up,London+NY overlap,False,False,no_sweep,2016
2016-02-19 15:45:00,2016-02-19 16:00:00,long,1226.5,1225.060867897348,1239.4521889238663,1224.9808678973482,-182.06830922505054,57311.36236388439,-1.0555890594425001,3.286703139540821,1.4800587076579874,0.0,stop_loss,1,15,0.88,up,London+NY overlap,False,False,no_sweep,2016
2016-02-22 13:45:00,2016-02-22 15:15:00,long,1202.8,1201.7659836001612,1212.1061475985478,1212.0561475985478,1539.0928882657433,58850.45525215014,8.951644867520056,11.76963924546872,0.0,8.3847799719157,take_profit,6,90,0.43,up,London+NY overlap,True,False,prev_day_sweep,2016
2016-02-23 14:15:00,2016-02-23 15:15:00,long,1215.95,1215.0036622583311,1224.4670396750205,1224.4170396750205,1579.6341546123351,60430.089406762476,8.94716474066484,10.50364955588729,0.0,5.230690674209484,take_profit,4,60,0.28,up,London+NY overlap,False,False,no_sweep,2016
2016-02-24 15:15:00,2016-02-24 15:30:00,long,1234.1299999999999,1233.0354754142516,1243.9807212717342,1243.9307212717342,1623.3307238961715,62053.42013065865,8.954318065896663,9.547524227475742,0.0,0.0,take_profit,1,15,0.63,up,London+NY overlap,False,False,no_sweep,2016
2016-02-25 13:30:00,2016-02-25 13:45:00,long,1233.8899999999999,1232.7512054742226,1244.1391507319959,1232.6712054742227,-199.23796711978076,61854.18216353887,-1.0702497230089205,0.36881104579723173,1.615743629206568,0.0,stop_loss,1,15,0.29,up,London+NY overlap,False,False,no_sweep,2016
2016-02-26 15:45:00,2016-02-26 16:00:00,long,1229.52,1228.3418821690361,1240.123060478674,1228.2618821690362,-198.16315682777676,61656.019006711096,-1.0679049224935988,0.7809066086771567,1.7570398695234095,0.0,stop_loss,1,15,0.55,up,London+NY overlap,False,False,no_sweep,2016
2016-02-29 13:45:00,2016-02-29 14:00:00,long,1232.49,1231.484335096174,1241.5409841344347,1231.404335096174,-199.68214767329223,61456.3368590378,-1.079549360523138,0.0,4.176341427468592,0.0,stop_loss,1,15,0.4,up,London+NY overlap,False,False,no_sweep,2016
2016-02-29 15:15:00,2016-02-29 15:30:00,long,1227.35,1226.1731241986529,1237.941882212124,1226.093124198653,-196.9017866179443,61259.43507241986,-1.0679765867463338,0.1444502468361529,1.0196488011957825,0.0,stop_loss,1,15,0.64,up,London+NY overlap,False,False,no_sweep,2016
2016-03-03 15:30:00,2016-03-03 16:45:00,long,1240.57,1239.7775754715528,1247.7018207560236,1247.6518207560237,1642.408796891923,62901.84386931178,8.936902508434255,9.7801111926552,0.8076478920384622,8.467683368092484,take_profit,5,75,0.56,up,London+NY overlap,False,False,no_sweep,2016
2016-03-04 13:45:00,2016-03-04 14:00:00,long,1268.73,1267.6934492038188,1278.0589571656303,1267.6134492038188,-203.26964422473895,62698.57422508704,-1.077179044475828,0.5595480724501916,3.2897567707852384,0.0,stop_loss,1,15,0.57,up,London+NY overlap,False,False,no_sweep,2016
2016-03-04 14:15:00,2016-03-04 14:30:00,long,1265.58,1264.5125658951295,1275.1869069438342,1264.4325658951295,-202.19275943410926,62496.38146565293,-1.0749460782964535,0.0,1.7237598008199237,0.0,stop_loss,1,15,0.63,up,London+NY overlap,False,False,no_sweep,2016
2016-03-04 15:30:00,2016-03-04 15:45:00,long,1260.47,1259.2899808002253,1271.090172797973,1259.2099808002254,-200.20006601129046,62296.18139964164,-1.0677955070690368,4.305014698887699,3.2457099009330337,0.0,stop_loss,1,15,0.76,up,London+NY overlap,False,False,no_sweep,2016
2016-03-07 15:45:00,2016-03-07 16:00:00,long,1268.37,1267.1552862530523,1279.3024237225293,1267.0752862530524,-199.19686257720147,62096.98453706444,-1.0658591377606084,0.016464784440339247,1.9510769561597043,0.0,stop_loss,1,15,0.45,up,London+NY overlap,False,False,no_sweep,2016
2016-03-08 15:45:00,2016-03-08 16:30:00,long,1271.8799999999999,1270.782201748011,1281.760184267901,1270.702201748011,-199.86655938564314,61897.1179776788,-1.0728731347995748,2.6689785620369153,5.492812535522927,2.5961054272373403,stop_loss,3,45,0.63,up,London+NY overlap,False,False,no_sweep,2016
2016-03-09 13:30:00,2016-03-09 13:45:00,long,1253.9099999999999,1253.1464921982888,1260.7815702153987,1253.0664921982889,-205.14800949220418,61691.9699681866,-1.1047795449118445,0.0,6.142700820462233,0.0,stop_loss,1,15,0.24,up,London+NY overlap,True,False,prev_day_sweep,2016
2016-03-09 14:00:00,2016-03-09 16:00:00,long,1251.8,1250.9774601097492,1259.202859012257,1250.8974601097493,-203.07634121232098,61488.89362697428,-1.0972597207115915,7.233691727931262,2.6381699243041346,7.233691727931262,stop_loss,8,120,0.3,up,London+NY overlap,True,False,prev_day_sweep,2016
2016-03-10 15:00:00,2016-03-10 15:15:00,long,1239.6699999999998,1238.5439083157846,1249.8048251579366,1249.7548251579367,1652.0095567933208,63140.9031837676,8.955598642010196,13.480252285655604,0.0,0.0,take_profit,1,15,0.71,up,London+NY overlap,True,False,prev_day_sweep,2016
2016-03-14 14:00:00,2016-03-14 15:30:00,long,1254.1,1253.251524969319,1261.736275276129,1253.171524969319,-207.28277168174583,62933.62041208585,-1.0942868052766705,5.904711180456851,4.042546776240732,5.904711180456851,stop_loss,6,90,0.29,up,London+NY overlap,False,False,no_sweep,2016
2016-03-14 16:00:00,2016-03-14 16:45:00,long,1246.62,1245.4054428799354,1257.5510140805793,1245.3254428799355,-201.23672666355446,62732.3836854223,-1.0658676308247088,2.708806317668776,3.606252787655997,2.708806317668776,stop_loss,3,45,0.77,up,London+NY overlap,True,False,prev_day_sweep,2016
2016-03-18 14:30:00,2016-03-18 17:30:00,long,1249.0,1248.1344962595692,1256.789533663877,1252.76,817.5831656364343,63549.96685105873,4.3442908728835885,6.169817356701613,0.0,6.112047531264383,time_stop,12,180,0.38,up,London+NY overlap,True,False,prev_day_sweep,2016
2016-03-21 14:15:00,2016-03-21 14:30:00,long,1244.47,1243.6101534044574,1252.2086193598832,1243.5301534044575,-208.3879390862179,63341.57891197251,-1.0930398520092288,0.0,3.023795190302843,0.0,stop_loss,1,15,0.43,up,London+NY overlap,True,False,prev_day_sweep,2016
2016-03-21 14:45:00,2016-03-21 15:00:00,long,1243.09,1242.1887292109861,1251.2014371011237,1242.1087292109862,-206.8920080645428,63134.68690390797,-1.088763555831503,1.9638936727737677,1.287071559557801,0.0,stop_loss,1,15,0.56,up,London+NY overlap,True,False,prev_day_sweep,2016
2016-03-22 14:45:00,2016-03-22 15:45:00,short,1255.0,1256.161032604099,1244.5507065631077,1256.241032604099,-202.45479227897533,62932.23211162899,-1.0689041803972454,3.7294387640042297,1.5847961491380123,3.7294387640042297,stop_loss,4,60,0.9,down,London+NY overlap,False,False,no_sweep,2016
2016-03-24 14:15:00,2016-03-24 14:30:00,short,1221.77,1222.6259078062221,1214.0668297440009,1222.705907806222,-206.4431479701897,62725.7889636588,-1.0934680107113819,0.5724915656077458,2.266599259753138,0.0,stop_loss,1,15,0.7,down,London+NY overlap,False,False,no_sweep,2016
2016-03-24 14:45:00,2016-03-24 17:45:00,short,1223.29,1224.1695072410791,1215.3744348302864,1220.49,599.0816251247771,63324.870588783575,3.1836008496806354,5.889661571909343,0.0,5.889661571909343,time_stop,12,180,0.73,down,London+NY overlap,False,False,no_sweep,2016
2016-03-28 15:30:00,2016-03-28 16:15:00,short,1219.74,1220.4332002258084,1213.501197967725,1220.5132002258083,-211.89896835981733,63112.971620423756,-1.1154067714081253,3.1592603673003827,4.010385306435963,3.1592603673003827,stop_loss,3,45,0.32,down,London+NY overlap,False,False,no_sweep,2016
2016-03-29 14:45:00,2016-03-29 16:00:00,short,1220.28,1221.0337587606816,1213.496171153866,1221.1137587606815,-209.43435385184418,62903.53726657191,-1.1061347531504384,2.905438867495969,11.542154405120746,2.905438867495969,stop_loss,5,75,0.85,down,London+NY overlap,False,False,no_sweep,2016
2016-03-31 14:15:00,2016-03-31 15:45:00,short,1236.26,1236.9950949279128,1229.6441456487846,1237.0750949279127,-209.24788987185477,62694.28937670006,-1.1088294816930373,5.373455658598664,5.52309619592659,5.373455658598664,stop_loss,6,90,0.38,down,London+NY overlap,False,False,no_sweep,2016
2016-04-01 15:30:00,2016-04-01 15:45:00,short,1232.5800000000002,1233.3485248447903,1225.6632763968898,1225.7132763968898,1680.5091971780437,64374.7985738781,8.934940294591884,20.259592263737325,0.0,0.0,take_profit,1,15,0.64,down,London+NY overlap,False,False,no_sweep,2016
2016-04-04 14:30:00,2016-04-04 14:45:00,short,1217.78,1218.4606487550084,1211.6541612049234,1218.5406487550083,-215.82325698308756,64158.97531689501,-1.1175349244544484,0.0,3.3056697502843644,0.0,stop_loss,1,15,0.26,down,London+NY overlap,False,False,no_sweep,2016
2016-04-04 15:00:00,2016-04-04 15:15:00,short,1219.3300000000002,1220.0224216305942,1213.0982053246537,1220.102421630594,-214.71504416607178,63944.26027272894,-1.1155365408375466,0.3177254873039096,2.2240784111244114,0.0,stop_loss,1,15,0.33,down,London+NY overlap,False,False,no_sweep,2016
2016-04-04 15:30:00,2016-04-04 15:45:00,short,1219.8700000000001,1220.5550982427062,1213.7041158156453,1220.6350982427061,-214.23339653838326,63730.02687619056,-1.1167715737876263,0.0,3.8972512751653445,0.0,stop_loss,1,15,0.28,down,London+NY overlap,False,False,no_sweep,2016
2016-04-04 16:00:00,2016-04-04 19:00:00,short,1221.97,1222.689395933762,1215.495436596143,1219.08,768.0601280677434,64498.087004258305,4.017259292650581,7.24218716771936,0.0,7.24218716771936,time_stop,12,180,0.37,down,London+NY overlap,False,False,no_sweep,2016
2016-04-07 16:00:00,2016-04-07 16:15:00,short,1239.25,1240.289321616962,1229.8961054473411,1240.369321616962,-208.38815009232135,64289.69885416598,-1.0769732859341141,1.5779523616508706,2.164873666898928,0.0,stop_loss,1,15,0.84,down,London+NY overlap,True,False,prev_day_sweep,2016
2016-04-08 13:15:00,2016-04-08 16:15:00,long,1230.08,1229.038500457844,1239.4534958794022,1234.96,903.6981324799847,65193.39698664597,4.685551747722048,6.144985898651815,0.0,6.144985898651815,time_stop,12,180,0.75,up,London+NY overlap,False,False,no_sweep,2016
2016-04-11 14:30:00,2016-04-11 14:45:00,long,1247.73,1246.8551288606754,1255.6038402539211,1246.7751288606755,-213.4644422210555,64979.93254442491,-1.0914420380373846,1.4287818443354348,1.6802474489385024,0.0,stop_loss,1,15,0.49,up,London+NY overlap,False,False,no_sweep,2016
2016-04-12 13:30:00,2016-04-12 13:45:00,long,1257.02,1256.2574040383147,1263.8833636551683,1256.1774040383148,-215.3899240359682,64764.542620388944,-1.104904830368013,1.0490483036810232,1.0097089922930182,0.0,stop_loss,1,15,0.58,up,London+NY overlap,False,False,no_sweep,2016
2016-04-13 13:15:00,2016-04-13 13:45:00,long,1242.93,1242.092635300333,1250.466282297003,1242.0126353003332,-212.85601798229436,64551.68660240665,-1.0955378224467112,1.7793919430716225,3.8453973534836496,1.7793919430716225,stop_loss,2,30,0.63,up,London+NY overlap,True,False,prev_day_sweep,2016
2016-04-13 14:00:00,2016-04-13 14:30:00,long,1241.1,1240.1371373013233,1249.7657642880888,1240.0571373013233,-209.7450016087418,64341.94160079791,-1.0830855739970806,1.3085977904552024,1.1112695522118996,1.3085977904552024,stop_loss,2,30,0.7,up,London+NY overlap,True,False,prev_day_sweep,2016
2016-04-14 15:15:00,2016-04-14 15:30:00,long,1237.44,1236.401168081272,1246.789487268552,1236.3211680812722,-207.89066068757336,64134.05094011033,-1.0770095706126224,1.2610317187827864,3.118887609814053,0.0,stop_loss,1,15,0.6,up,London+NY overlap,True,False,prev_day_sweep,2016
2016-04-18 15:30:00,2016-04-18 16:15:00,short,1240.13,1240.9053058570446,1233.1522472866002,1240.9853058570445,-212.25518512462492,63921.79575498571,-1.1031850840194761,2.025007273884271,1.8315352413471668,2.025007273884271,stop_loss,3,45,0.47,down,London+NY overlap,True,False,prev_day_sweep,2016
2016-04-19 13:15:00,2016-04-19 14:45:00,short,1243.07,1243.9600679619462,1235.0593883424845,1244.040067961946,-209.0014092734761,63712.79434571223,-1.089880776997073,2.4155458817983866,1.0560991297166322,2.4155458817983866,stop_loss,6,90,0.7,down,London+NY overlap,True,False,prev_day_sweep,2016
2016-04-19 15:00:00,2016-04-19 15:15:00,short,1243.27,1244.0316710358697,1236.4149606771728,1244.1116710358697,-211.21407178312643,63501.5802739291,-1.1050322202531617,0.0,7.483545693044638,0.0,stop_loss,1,15,0.39,down,London+NY overlap,True,False,prev_day_sweep,2016
2016-04-19 15:30:00,2016-04-19 15:45:00,short,1248.93,1249.8359306380714,1240.7766242573582,1249.9159306380714,-207.32763942490146,63294.2526345042,-1.088306981393453,0.0,2.803746659244641,0.0,stop_loss,1,15,0.76,down,London+NY overlap,True,False,prev_day_sweep,2016
2016-04-20 13:30:00,2016-04-20 13:45:00,long,1248.06,1247.2848897910108,1255.0359918809022,1247.2048897910108,-209.4807717808902,63084.77186272331,-1.1032111292976698,0.3999431260287642,1.1611252045996663,0.0,stop_loss,1,15,0.26,up,London+NY overlap,False,False,no_sweep,2016
2016-04-25 15:15:00,2016-04-25 15:30:00,short,1234.91,1235.6124595455822,1228.5878640897608,1235.692459545582,-210.80764964457302,62873.96421307874,-1.1138855618135788,0.0,2.8898461310221504,0.0,stop_loss,1,15,0.2,down,London+NY overlap,False,False,no_sweep,2016
2016-04-25 15:45:00,2016-04-25 16:30:00,short,1236.1200000000001,1236.8301309347112,1229.7288215876,1236.910130934711,-209.87114495812716,62664.093068120615,-1.1126552810045909,2.703726744112742,4.013344385792072,2.703726744112742,stop_loss,3,45,0.22,down,London+NY overlap,False,False,no_sweep,2016
2016-04-28 14:15:00,2016-04-28 15:00:00,long,1255.1399999999999,1254.2370338896853,1263.2666949928305,1254.1570338896854,-204.64781274492464,62459.44525537569,-1.0885969020166884,1.4396996577726962,1.0410135986968434,0.7862975053988643,stop_loss,3,45,0.35,up,London+NY overlap,False,False,no_sweep,2016
2016-05-03 14:15:00,2016-05-03 16:30:00,long,1293.1599999999999,1292.1339980110408,1302.3940179006308,1292.053998011041,-201.98870399405382,62257.45655138164,-1.077972558397372,5.867435019407778,1.7251428545431835,5.867435019407778,stop_loss,9,135,0.6,up,London+NY overlap,False,False,no_sweep,2016
2016-05-09 13:30:00,2016-05-09 13:45:00,long,1274.43,1273.5731097861765,1282.1420119244126,1273.4931097861765,-204.2095971207129,62053.246954260925,-1.0933608514945616,1.7621860719614408,1.0036291535675976,0.0,stop_loss,1,15,0.5,up,London+NY overlap,True,False,prev_day_sweep,2016
2016-05-11 14:00:00,2016-05-11 14:15:00,short,1273.8,1274.442725711623,1268.0154685953921,1274.522725711623,-209.33102372837524,61843.91593053255,-1.124469892137806,0.0,4.123065177068716,0.0,stop_loss,1,15,0.34,down,London+NY overlap,True,False,prev_day_sweep,2016
2016-05-20 15:00:00,2016-05-20 15:45:00,short,1257.07,1257.6644608420115,1251.719852421896,1257.7444608420114,-210.49981763634793,61633.4161128962,-1.1345757270221815,4.020449844791112,2.6410486428129873,4.020449844791112,stop_loss,3,45,0.31,down,London+NY overlap,False,False,no_sweep,2016
2016-05-25 15:30:00,2016-05-25 16:30:00,short,1224.72,1225.3504201209867,1219.0462189111197,1219.0962189111196,1649.4373915429946,63282.8535044392,8.920687810660262,11.024394318384177,0.0,7.9312189340892845,take_profit,4,60,0.26,down,London+NY overlap,False,False,no_sweep,2016
2016-05-30 13:15:00,2016-05-30 13:30:00,short,1208.28,1209.0813660375984,1201.0677056616132,1209.1613660375983,-208.80105429077713,63074.05245014842,-1.0998295363747572,0.1497443045621358,1.9591546513563125,0.0,stop_loss,1,15,0.4,down,London+NY overlap,False,False,no_sweep,2016
2016-05-30 13:45:00,2016-05-30 14:00:00,short,1208.65,1209.4315860222152,1201.6157258000646,1209.5115860222152,-208.59017591495177,62865.46227423347,-1.1023559758312889,0.0,2.175064486416634,0.0,stop_loss,1,15,0.33,down,London+NY overlap,False,False,no_sweep,2016
2016-05-30 14:15:00,2016-05-30 17:15:00,short,1209.93,1210.6839185599713,1203.14473296026,1207.3,657.9072643637445,63523.36953859721,3.4884404491918692,5.226028657724557,0.8091059596983281,5.226028657724557,time_stop,12,180,0.2,down,London+NY overlap,False,False,no_sweep,2016
2016-06-01 14:30:00,2016-06-01 14:45:00,short,1217.49,1218.059516144067,1212.3643547033976,1218.1395161440669,-217.33951427368916,63306.03002432352,-1.1404701180701289,0.0,3.2483714803745216,0.0,stop_loss,1,15,0.26,down,London+NY overlap,True,False,prev_day_sweep,2016
2016-06-01 15:00:00,2016-06-01 15:15:00,short,1218.43,1219.008485858915,1213.2236272697662,1219.088485858915,-216.18225361591547,63089.8477707076,-1.1382920580806897,2.5411165672350333,3.267149872159048,0.0,stop_loss,1,15,0.31,down,London+NY overlap,True,False,prev_day_sweep,2016
2016-06-03 15:30:00,2016-06-03 15:45:00,short,1213.26,1213.765079437832,1208.7142850595126,1213.8450794378318,-219.2481215927044,62870.5996491149,-1.158390926273564,0.0,48.13104272142298,0.0,stop_loss,1,15,0.3,down,London+NY overlap,False,False,no_sweep,2016
2016-06-07 14:45:00,2016-06-07 15:00:00,long,1238.1299999999999,1237.5051679256528,1243.753488669124,1237.4251679256529,-212.76059753701597,62657.83905157788,-1.1280344004163438,0.6241677020304035,1.9525246063506978,0.0,stop_loss,1,15,0.7,up,London+NY overlap,True,False,prev_day_sweep,2016
2016-06-07 15:15:00,2016-06-07 15:30:00,long,1237.55,1236.8850937726293,1243.5341560463364,1236.8050937726293,-210.59006179416474,62447.248989783715,-1.120317718058198,0.0,4.25623927631252,0.0,stop_loss,1,15,0.75,up,London+NY overlap,True,False,prev_day_sweep,2016
2016-06-10 14:30:00,2016-06-10 16:30:00,long,1267.54,1266.8431219411366,1273.8119025297694,1273.7619025297695,1672.6342214033875,64119.8832111871,8.928251436008164,10.848382875377759,0.7031359271078359,7.863642613369146,take_profit,8,120,0.7,up,London+NY overlap,False,False,no_sweep,2016
2016-06-15 14:00:00,2016-06-15 14:45:00,long,1280.8799999999999,1280.2999170154117,1286.1007468612934,1280.2199170154117,-218.88821947533134,63900.99499171177,-1.1379113025642649,2.0514306256453985,4.309728205136802,2.0514306256453985,stop_loss,3,45,0.24,up,London+NY overlap,False,False,no_sweep,2016
2016-06-15 15:00:00,2016-06-15 18:00:00,long,1278.93,1278.2578386577775,1284.9794520800033,1282.7,1075.2184155168723,64976.21340722864,5.608772422903757,8.807409215806242,0.0,8.807409215806242,time_stop,12,180,0.63,up,London+NY overlap,False,False,no_sweep,2016
2016-06-20 13:30:00,2016-06-20 13:45:00,long,1282.1299999999999,1281.1284954051464,1291.1435413536806,1281.0484954051465,-210.49950359850553,64765.71390363014,-1.0798798132440228,0.10983474321075845,2.6360338370550243,0.0,stop_loss,1,15,0.45,up,London+NY overlap,False,False,no_sweep,2016
2016-06-20 14:00:00,2016-06-20 14:15:00,long,1280.5,1279.5027587932132,1289.4751708610818,1279.4227587932132,-209.88391372860508,64555.82998990153,-1.080221314016587,0.0,2.577109712785139,0.0,stop_loss,1,15,0.43,up,London+NY overlap,False,False,no_sweep,2016
2016-06-21 14:15:00,2016-06-21 14:30:00,long,1272.48,1271.5156287117347,1281.159341594387,1271.4356287117348,-209.73329303341038,64346.096696868124,-1.082955601201931,0.0,2.7167959393658316,0.0,stop_loss,1,15,0.56,up,London+NY overlap,True,True,both,2016
2016-06-22 14:30:00,2016-06-22 14:45:00,short,1266.29,1267.0343203747661,1259.591116627104,1267.114320374766,-213.78616121006107,64132.31053565806,-1.1074805993656414,0.05374029968282061,2.740755283826295,0.0,stop_loss,1,15,0.24,down,London+NY overlap,False,False,no_sweep,2016
2016-06-22 15:00:00,2016-06-22 15:15:00,short,1267.6000000000001,1268.3339803231404,1260.9941770917378,1268.4139803231403,-213.36718658968533,63918.94334906838,-1.108994747512652,1.1171961620059228,1.335185657030917,0.0,stop_loss,1,15,0.2,down,London+NY overlap,False,False,no_sweep,2016
2016-06-28 14:00:00,2016-06-28 16:30:00,long,1307.1399999999999,1306.178815720164,1315.7906585185233,1315.7406585185233,1715.8364409707497,65634.77979003913,8.947980838796505,12.807117488545138,0.0,8.92648806269031,take_profit,10,150,0.36,up,London+NY overlap,True,False,prev_day_sweep,2016
2016-07-06 15:30:00,2016-07-06 16:15:00,long,1368.9199999999998,1367.819549319029,1378.8240561287382,1367.739549319029,-211.21879018739295,65423.56099985174,-1.0726974878413875,2.544412074451045,2.971509815519197,2.544412074451045,stop_loss,3,45,0.56,up,London+NY overlap,False,False,no_sweep,2016
2016-07-07 13:15:00,2016-07-07 13:30:00,long,1364.77,1364.0739079009124,1371.0348288917876,1363.9939079009125,-218.82754675441245,65204.733453097324,-1.1149273208312438,0.2585864718706251,1.7239098124702896,0.0,stop_loss,1,15,0.21,up,London+NY overlap,False,False,no_sweep,2016
2016-07-07 14:15:00,2016-07-07 15:15:00,long,1361.68,1360.9048488535498,1368.6563603180537,1360.8248488535498,-215.802696629203,64988.93075646812,-1.1032056784877073,5.302191732310659,2.0899149893781273,5.302191732310659,stop_loss,4,60,0.29,up,London+NY overlap,False,False,no_sweep,2016
2016-07-07 16:00:00,2016-07-07 16:15:00,long,1362.08,1361.1170762599295,1370.746313660634,1361.0370762599296,-211.16469323755086,64777.76606323057,-1.083080307059493,0.0,4.392871235774702,0.0,stop_loss,1,15,0.49,up,London+NY overlap,False,False,no_sweep,2016
2016-07-11 15:15:00,2016-07-11 15:30:00,long,1355.87,1354.971310737143,1363.9582033657102,1354.8913107371432,-211.6325633503108,64566.13349988026,-1.0890185332198346,1.5800789646535824,1.4020418982136602,0.0,stop_loss,1,15,0.26,up,London+NY overlap,False,False,no_sweep,2016
2016-07-11 16:00:00,2016-07-11 16:15:00,long,1353.26,1352.2645297702272,1362.219232067954,1352.1845297702273,-209.26478468321847,64356.868715197044,-1.0803640305930484,2.8830595975283506,1.999055261003905,0.0,stop_loss,1,15,0.43,up,London+NY overlap,False,False,no_sweep,2016
2016-07-12 14:15:00,2016-07-12 14:30:00,long,1348.8,1347.8557930142442,1357.2978628718015,1347.7757930142443,-209.42893511862962,64147.43978007841,-1.084727185041844,0.0,2.2346795054805617,0.0,stop_loss,1,15,0.69,up,London+NY overlap,True,False,prev_day_sweep,2016
2016-07-12 14:45:00,2016-07-12 15:00:00,long,1346.74,1345.7867041806494,1355.3196623741553,1345.7067041806495,-208.59196065272118,63938.84781942569,-1.0839193861716745,1.9616156517645649,2.3077831197232,0.0,stop_loss,1,15,0.71,up,London+NY overlap,True,False,prev_day_sweep,2016
2016-07-15 13:15:00,2016-07-15 13:30:00,short,1333.78,1334.6093320201785,1326.3160118183926,1334.6893320201784,-210.3197763050504,63728.52804312064,-1.096463175246394,0.0,1.736337154436739,0.0,stop_loss,1,15,0.22,down,London+NY overlap,False,False,no_sweep,2016
2016-07-18 16:00:00,2016-07-18 16:15:00,short,1329.03,1329.8660203863546,1321.5058165228074,1329.9460203863546,-209.48040920776177,63519.04763391288,-1.095691446411676,0.0,1.5191017117867185,0.0,stop_loss,1,15,0.2,down,London+NY overlap,False,False,no_sweep,2016
2016-07-25 13:30:00,2016-07-25 16:30:00,short,1318.63,1319.219091232808,1313.3281789047276,1313.3781789047275,1698.8404634303406,65217.888097343224,8.91512350343305,10.830240962149839,0.0,7.1296257117600375,take_profit,12,180,0.21,down,London+NY overlap,False,False,no_sweep,2016
2016-07-27 15:45:00,2016-07-27 16:00:00,short,1322.22,1322.8081808512295,1316.926372338935,1322.8881808512294,-222.26502559464598,64995.62307174858,-1.1360125883607095,0.0,8.95982925826987,0.0,stop_loss,1,15,0.54,down,London+NY overlap,False,False,no_sweep,2016
2016-08-02 14:00:00,2016-08-02 14:30:00,long,1357.27,1356.5559727758025,1363.6962450177764,1356.4759727758026,-216.83330448910758,64778.78976725948,-1.1120405459187386,1.2184409368675566,1.2324460051070805,1.2184409368675566,stop_loss,2,30,0.68,up,London+NY overlap,False,False,no_sweep,2016
2016-08-05 15:30:00,2016-08-05 15:45:00,long,1355.27,1354.5983284363997,1361.315044072403,1354.5183284363998,-217.48296413570858,64561.30680312377,-1.1191058313844826,0.0,12.297677090458995,0.0,stop_loss,1,15,0.69,up,London+NY overlap,False,False,no_sweep,2016
2016-08-08 15:30:00,2016-08-08 15:45:00,short,1335.5900000000001,1336.2437286566317,1329.7064420903168,1336.3237286566316,-217.38597702805365,64343.92082609572,-1.122374932150204,0.26004673081953095,1.3461242536532856,0.0,stop_loss,1,15,0.21,down,London+NY overlap,False,False,no_sweep,2016
2016-08-10 16:00:00,2016-08-10 16:45:00,short,1356.2,1356.9535323951336,1349.4182084437973,1349.4682084437973,1724.4774041863864,66068.39823028211,8.933645852093182,10.709559472316453,0.0,7.710351986884573,take_profit,3,45,0.9,down,London+NY overlap,True,False,prev_day_sweep,2016
2016-08-11 13:15:00,2016-08-11 13:30:00,long,1344.22,1343.592989753446,1349.8630922189861,1343.5129897534462,-223.4941204498758,65844.90410983223,-1.127589621444959,1.738408592189018,1.46728064661848,0.0,stop_loss,1,15,0.4,up,London+NY overlap,False,False,no_sweep,2016
2016-08-11 15:15:00,2016-08-11 17:00:00,long,1343.73,1343.0440191041193,1349.9038280629268,1349.8538280629268,1763.4144362177171,67608.31854604995,8.927111672789254,12.041151655390705,0.0,7.055590074102916,take_profit,7,105,0.63,up,London+NY overlap,False,False,no_sweep,2016
2016-08-12 13:45:00,2016-08-12 14:00:00,short,1339.0900000000001,1339.7224915388415,1333.3975761504287,1339.8024915388414,-228.47904815100998,67379.83949789894,-1.1264839054550482,0.49012513363903054,2.039552975464449,0.0,stop_loss,1,15,0.25,down,London+NY overlap,False,False,no_sweep,2016
2016-08-12 15:30:00,2016-08-12 15:45:00,short,1342.64,1343.4170002559383,1335.6469976965568,1343.4970002559382,-222.9518172746728,67156.88768062426,-1.102960069045702,0.0,17.541821763677294,0.0,stop_loss,1,15,0.51,down,London+NY overlap,False,False,no_sweep,2016
2016-08-16 14:00:00,2016-08-16 14:15:00,short,1352.51,1353.2601614240036,1345.7585471839668,1353.3401614240036,-222.9562427152646,66933.93143790899,-1.106643713526303,0.3332616047699998,2.4128140185347258,0.0,stop_loss,1,15,0.79,down,London+NY overlap,True,False,prev_day_sweep,2016
2016-08-19 15:00:00,2016-08-19 15:15:00,long,1343.31,1342.5776872825975,1349.900814456623,1342.4976872825976,-222.73797425890606,66711.19346365008,-1.1092429478538752,0.0,7.633350981296372,0.0,stop_loss,1,15,0.71,up,London+NY overlap,True,False,prev_day_sweep,2016
2016-08-23 15:00:00,2016-08-23 15:15:00,short,1341.31,1341.8914573546228,1336.0768838083936,1341.9714573546228,-227.66902439895512,66483.52443925112,-1.1375853265314888,2.768904696448561,1.1350789438859568,0.0,stop_loss,1,15,0.56,down,London+NY overlap,True,False,prev_day_sweep,2016
2016-08-23 15:45:00,2016-08-23 18:45:00,short,1343.43,1344.1077302507676,1337.330427743091,1338.25,1524.432425165985,68007.95686441711,7.643158903019775,7.864485898281097,0.9443285131142128,7.643158903019775,time_stop,12,180,0.81,down,London+NY overlap,True,False,prev_day_sweep,2016
2016-08-26 13:15:00,2016-08-26 14:00:00,short,1326.53,1326.8703127546883,1323.4671852078045,1326.9503127546882,-251.98536901665196,67755.97149540046,-1.2350778773284732,7.463722605185702,4.613403342575293,7.463722605185702,stop_loss,3,45,0.27,down,London+NY overlap,False,False,no_sweep,2016
2016-08-29 14:15:00,2016-08-29 15:15:00,short,1320.3500000000001,1321.0524819492475,1314.027662456773,1321.1324819492474,-226.4164568456218,67529.55503855484,-1.1138819297572506,3.1175178271076494,1.0961135739141847,2.377285283684873,stop_loss,4,60,0.45,down,London+NY overlap,False,False,no_sweep,2016
2016-08-30 15:15:00,2016-08-30 18:15:00,short,1320.95,1321.4977456579143,1316.020289078772,1317.3899999999999,1316.698064861241,68846.25310341608,6.499366902435014,8.781447977727682,0.0,8.781447977727682,time_stop,12,180,0.62,down,London+NY overlap,False,False,no_sweep,2016
2016-09-01 14:00:00,2016-09-01 14:15:00,short,1306.48,1306.9367671973466,1302.36909522388,1307.0167671973466,-242.71276839143593,68603.54033502465,-1.1751439255372382,0.6786827114572959,1.1822214973773535,0.0,stop_loss,1,15,0.29,down,London+NY overlap,False,False,no_sweep,2016
2016-09-02 15:00:00,2016-09-02 15:15:00,short,1313.96,1314.499394280269,1309.1054514775806,1314.5793942802688,-236.33532303228765,68367.20501199237,-1.1483145130127232,19.29942600579831,14.07133942209476,0.0,stop_loss,1,15,0.66,down,London+NY overlap,False,False,no_sweep,2016
2016-09-07 15:15:00,2016-09-07 17:00:00,long,1347.32,1346.771663815131,1352.2550256638212,1346.691663815131,-235.02509930646067,68132.17991268591,-1.145895897822329,7.367742840034249,2.352571352387128,7.367742840034249,stop_loss,7,105,0.34,up,London+NY overlap,False,False,no_sweep,2016
2016-09-09 13:45:00,2016-09-09 14:00:00,long,1333.79,1333.3080040869297,1338.127963217633,1333.2280040869298,-238.321564277937,67893.85834840797,-1.1659765110669464,1.3900532801870904,2.676371240956868,0.0,stop_loss,1,15,0.43,up,London+NY overlap,True,False,prev_day_sweep,2016
2016-09-12 13:15:00,2016-09-12 13:30:00,long,1326.8799999999999,1326.3481813869614,1331.6663675173456,1326.2681813869615,-234.3208298665374,67659.53751854143,-1.1504272284545647,0.0,4.776064503436702,0.0,stop_loss,1,15,0.33,up,London+NY overlap,True,False,prev_day_sweep,2016
2016-09-12 13:45:00,2016-09-12 15:15:00,long,1324.79,1324.1838655836557,1330.2452097470994,1324.1038655836558,-229.7685267505181,67429.76899179092,-1.1319839260776912,6.879662146806021,3.118120253588076,6.879662146806021,stop_loss,6,90,0.48,up,London+NY overlap,True,False,prev_day_sweep,2016
2016-09-15 15:15:00,2016-09-15 15:30:00,short,1323.0800000000002,1323.5910752149723,1318.48032306525,1323.6710752149722,-233.95420498631796,67195.81478680459,-1.1565327326708386,2.8762889628297734,9.528930101345752,0.0,stop_loss,1,15,0.53,down,London+NY overlap,False,False,no_sweep,2016
2016-09-21 13:15:00,2016-09-21 14:30:00,short,1320.96,1321.6879657834684,1314.4083079487848,1321.7679657834683,-223.7409520046641,66972.07383479993,-1.1098952750481947,1.6072183975814098,3.022120063828167,1.6072183975814098,stop_loss,5,75,0.78,down,London+NY overlap,True,False,prev_day_sweep,2016
2016-09-21 14:45:00,2016-09-21 15:00:00,short,1322.48,1323.1784764181136,1316.193712236978,1323.2584764181136,-223.92816192716563,66748.14567287276,-1.114535004941161,0.0,3.650803282502762,0.0,stop_loss,1,15,0.76,down,London+NY overlap,True,False,prev_day_sweep,2016
2016-09-21 15:15:00,2016-09-21 15:30:00,short,1324.89,1325.5833546666388,1318.6498080002516,1325.6633546666387,-223.34885346271008,66524.79681941005,-1.1153810652025433,0.0,6.793060213805641,0.0,stop_loss,1,15,0.74,down,London+NY overlap,True,False,prev_day_sweep,2016
2016-09-21 15:45:00,2016-09-21 18:45:00,short,1328.0,1328.8242190748058,1320.5820283267474,1327.29,171.9176631027833,66696.71448251283,0.8614214614813754,5.447580791621388,0.18199044960884234,5.447580791621388,time_stop,12,180,0.88,down,London+NY overlap,True,False,prev_day_sweep,2016
2016-09-27 14:30:00,2016-09-27 14:45:00,long,1335.54,1335.018927049483,1340.2296565546526,1334.938927049483,-230.80985641653092,66465.90462609631,-1.1535293665129827,1.055514394777629,1.1514702488482433,0.0,stop_loss,1,15,0.7,up,London+NY overlap,False,False,no_sweep,2016
2016-09-28 16:00:00,2016-09-28 16:15:00,long,1324.57,1324.1172706635214,1328.6445640283064,1324.0372706635214,-234.6324906531395,66231.27213544317,-1.1767060217970085,0.0,3.5120321832185573,0.0,stop_loss,1,15,0.65,up,London+NY overlap,True,False,prev_day_sweep,2016
2016-10-04 14:00:00,2016-10-04 15:15:00,short,1309.04,1309.5620698846094,1304.3413710385146,1304.3913710385145,1769.2149205379328,68000.48705598111,8.904227381288417,24.805108246548286,0.6895628547305414,7.834200210685722,take_profit,5,75,0.31,down,London+NY overlap,False,False,no_sweep,2016
2016-10-06 13:15:00,2016-10-06 13:30:00,short,1266.05,1266.5874054434598,1261.2133510088606,1266.6674054434598,-234.36981171599498,67766.11724426512,-1.148863397223665,0.0,3.6657611566361386,0.0,stop_loss,1,15,0.31,down,London+NY overlap,False,False,no_sweep,2016
2016-10-06 13:45:00,2016-10-06 15:30:00,short,1267.81,1268.349063877269,1262.9584251045787,1263.0084251045787,1810.8285550612895,69576.94579932641,8.907246613791278,15.193004661140654,0.42666557656442045,8.62606491749713,take_profit,7,105,0.34,down,London+NY overlap,False,False,no_sweep,2016
2016-10-07 13:15:00,2016-10-07 13:45:00,short,1256.82,1257.4239616066866,1251.3843455398198,1257.5039616066865,-236.37906338941488,69340.566735937,-1.132458750877906,1.6888490736948083,3.0465512701948514,1.6888490736948083,stop_loss,2,30,0.26,down,London+NY overlap,False,False,no_sweep,2016
2016-10-07 14:00:00,2016-10-07 15:15:00,short,1257.43,1258.0535417820302,1251.818123961729,1251.868123961729,1855.5146474056203,71196.08138334262,8.919812911595209,9.750749950075956,0.0,5.901769706624873,take_profit,5,75,0.31,down,London+NY overlap,False,False,no_sweep,2016
2016-10-18 15:45:00,2016-10-18 16:30:00,short,1262.17,1262.8053904872804,1256.451485614477,1256.501485614477,1905.4865610678717,73101.56794441049,8.921308233281916,9.364320239460538,0.0,6.1851728640470975,take_profit,3,45,0.78,down,London+NY overlap,True,False,prev_day_sweep,2016
2016-10-19 13:15:00,2016-10-19 13:30:00,short,1270.27,1270.8547185870682,1265.0075327163859,1270.9347185870681,-249.30952443353152,72852.25841997696,-1.1368179527198694,1.6589176767299738,1.5049974799201205,0.0,stop_loss,1,15,0.75,down,London+NY overlap,True,True,both,2016
2016-10-19 15:00:00,2016-10-19 15:15:00,short,1270.3300000000002,1270.891898371919,1265.27291465273,1270.971898371919,-249.67368695531076,72602.58473302165,-1.142374500439862,0.2669521883251459,3.292410322674641,0.0,stop_loss,1,15,0.66,down,London+NY overlap,True,True,both,2016
2016-10-24 13:45:00,2016-10-24 14:00:00,long,1264.69,1264.288330158775,1268.305028571026,1264.208330158775,-261.18820885994137,72341.39652416171,-1.1991685503594556,1.6431405404666408,3.3111771497293456,0.0,stop_loss,1,15,0.24,up,London+NY overlap,False,False,no_sweep,2016
2016-10-24 14:15:00,2016-10-24 14:30:00,long,1264.21,1263.7723612083314,1268.1487491250173,1263.6923612083315,-256.6960273901185,72084.70049677159,-1.1827991520013632,0.9139957600073348,3.4046342060285046,0.0,stop_loss,1,15,0.42,up,London+NY overlap,False,False,no_sweep,2016
2016-10-26 13:30:00,2016-10-26 13:45:00,long,1271.96,1271.4985823205309,1276.1127591152228,1271.418582320531,-253.7479576839332,71830.95253908765,-1.1733787055839846,0.0,4.984637785543996,0.0,stop_loss,1,15,0.47,up,London+NY overlap,False,False,no_sweep,2016
2016-10-26 14:30:00,2016-10-26 17:00:00,long,1270.72,1270.1936832220085,1275.456851001923,1270.1136832220086,-248.24771045542172,71582.70482863222,-1.1519997145164538,6.40298797401123,4.578991399812489,6.40298797401123,stop_loss,10,150,0.69,up,London+NY overlap,False,False,no_sweep,2016
2016-10-27 14:45:00,2016-10-27 15:00:00,long,1269.1399999999999,1268.7529888282072,1272.6231005461332,1268.6729888282073,-259.1392081054368,71323.56562052679,-1.2067123789459648,0.10335618947356996,2.8422952105093673,0.0,stop_loss,1,15,0.27,up,London+NY overlap,False,False,no_sweep,2016
2016-10-27 15:15:00,2016-10-27 15:30:00,long,1268.37,1267.9796689386073,1271.8829795525332,1271.8329795525333,1898.3273978490724,73221.89301837586,8.871903609666319,11.06752812494128,0.0,0.0,take_profit,1,15,0.31,up,London+NY overlap,False,False,no_sweep,2016
2016-10-28 14:00:00,2016-10-28 15:30:00,long,1265.8,1265.363508008358,1269.7284279247788,1265.283508008358,-259.9258777778725,72961.96714059799,-1.183279422146967,4.077967142773662,8.980691685209196,3.734318226248099,stop_loss,6,90,0.25,up,London+NY overlap,False,False,no_sweep,2016
2016-10-31 13:45:00,2016-10-31 15:00:00,long,1272.61,1272.1409018425834,1276.8318834167483,1272.0609018425835,-256.21470315950734,72705.75243743848,-1.1705400004990758,3.6879275107959053,1.3216850038688062,3.6879275107959053,stop_loss,5,75,0.24,up,London+NY overlap,False,False,no_sweep,2016
2016-11-03 13:15:00,2016-11-03 13:30:00,long,1290.48,1289.50469590516,1299.2577368535608,1289.42469590516,-236.0084777811785,72469.74395965731,-1.0820256988801449,0.0,5.106099755293678,0.0,stop_loss,1,15,0.89,up,London+NY overlap,False,False,no_sweep,2016
2016-11-08 14:00:00,2016-11-08 14:15:00,long,1282.5,1282.0578369974012,1286.4794670233887,1281.9778369974013,-256.7448127576884,72212.99914689962,-1.1809287514552922,0.0,6.67174770992007,0.0,stop_loss,1,15,0.3,up,London+NY overlap,False,False,no_sweep,2016
2016-11-08 14:30:00,2016-11-08 15:00:00,long,1279.79,1279.274716594698,1284.4275506477177,1279.194716594698,-250.27314831168323,71962.72599858794,-1.1552543691040258,1.7660184485600587,1.8824592253880783,1.7077980601460492,stop_loss,2,30,0.36,up,London+NY overlap,False,False,no_sweep,2016
2016-11-10 13:15:00,2016-11-10 15:15:00,long,1278.6499999999999,1277.3516698838375,1290.3349710454615,1277.2716698838376,-229.19069175913242,71733.53530682881,-1.0616176109635314,4.035953518115163,1.6790798987576332,4.035953518115163,stop_loss,8,120,0.4,up,London+NY overlap,False,False,no_sweep,2016
2016-11-10 16:00:00,2016-11-10 16:15:00,long,1276.1699999999998,1274.6835099021555,1289.5484108805997,1274.6035099021556,-226.78228312007843,71506.75302370873,-1.0538180510693882,1.2647242001318462,1.7356321469892988,0.0,stop_loss,1,15,0.61,up,London+NY overlap,False,False,no_sweep,2016
2016-11-16 16:00:00,2016-11-16 16:15:00,short,1227.43,1228.390761739278,1218.783144346498,1228.470761739278,-232.38277380716315,71274.37024990158,-1.0832672625577728,0.9367567037758922,2.6437355862116574,0.0,stop_loss,1,15,0.64,down,London+NY overlap,False,False,no_sweep,2016
2016-11-18 13:15:00,2016-11-18 13:45:00,short,1208.66,1209.5900519008735,1200.28953289214,1209.6700519008734,-232.21547019103969,71042.15477971054,-1.086016705008396,0.4085793487903704,4.462116572314459,0.4085793487903704,stop_loss,2,30,0.34,down,London+NY overlap,False,False,no_sweep,2016
2016-11-18 14:00:00,2016-11-18 14:45:00,short,1212.21,1213.1604861611584,1203.6556245495742,1213.2404861611583,-231.06477616719303,70811.09000354336,-1.0841674537401302,3.272009764150675,1.1993862157978135,3.272009764150675,stop_loss,3,45,0.41,down,London+NY overlap,False,False,no_sweep,2016
2016-11-18 15:30:00,2016-11-18 18:30:00,short,1215.41,1216.5542703928975,1205.1115664639237,1207.1699999999998,1529.7521947197663,72340.84219826313,7.201095170465615,8.42458221399117,0.0,8.42458221399117,time_stop,12,180,0.77,down,London+NY overlap,False,False,no_sweep,2016
2016-11-29 13:15:00,2016-11-29 15:30:00,short,1188.8300000000002,1189.567668878962,1182.1909800893434,1182.2409800893433,1938.4927161447204,74279.33491440785,8.932218910915871,10.140050927087389,0.0,8.540417224685868,take_profit,9,135,0.36,down,London+NY overlap,False,False,no_sweep,2016
2016-12-02 14:15:00,2016-12-02 15:00:00,short,1172.3500000000001,1173.0148194541885,1166.3666249123062,1173.0948194541884,-249.652864427507,74029.68204998034,-1.120333422098184,2.1509599200070912,1.444001065179234,2.1509599200070912,stop_loss,3,45,0.23,down,London+NY overlap,False,False,no_sweep,2016
2016-12-05 13:30:00,2016-12-05 13:45:00,short,1166.31,1167.2735696746754,1157.6378729279204,1167.3535696746753,-240.5279034105365,73789.15414656981,-1.08302461368647,0.9547830573951134,1.1000761313466718,0.0,stop_loss,1,15,0.4,down,London+NY overlap,False,False,no_sweep,2016
2016-12-07 14:00:00,2016-12-07 14:15:00,short,1173.23,1173.7601142319243,1168.4589719126814,1173.8401142319242,-254.77421881159157,73534.37992775821,-1.1509108701148012,0.24523016393698083,1.4713809836205982,0.0,stop_loss,1,15,0.22,down,London+NY overlap,False,False,no_sweep,2016
2016-12-07 16:00:00,2016-12-07 16:15:00,short,1176.22,1176.916075566734,1169.9553198993945,1176.996075566734,-245.95706976741857,73288.4228579908,-1.1149300504473878,0.0,4.0225517656621665,0.0,stop_loss,1,15,0.72,down,London+NY overlap,True,False,prev_day_sweep,2016
2016-12-08 14:30:00,2016-12-08 14:45:00,short,1177.63,1178.198413149067,1172.514281658398,1178.2784131490669,-250.80969960055629,73037.61315839023,-1.1407426976861186,10.467738140414674,1.6009481861807997,0.0,stop_loss,1,15,0.33,down,London+NY overlap,False,False,no_sweep,2016
2016-12-12 15:30:00,2016-12-12 15:45:00,short,1159.0,1159.834375184383,1151.4906233405538,1159.9143751843828,-240.12140670738282,72797.49175168284,-1.0958801286247435,0.09588012862474357,2.3370781352303047,0.0,stop_loss,1,15,0.71,down,London+NY overlap,False,False,no_sweep,2016
2016-12-13 14:45:00,2016-12-13 15:15:00,short,1160.13,1160.66919935114,1155.2772058397418,1160.7491993511399,-250.79495864723953,72546.6967930356,-1.148368131064726,3.1342767687452917,5.211430603653145,3.1342767687452917,stop_loss,2,30,0.28,down,London+NY overlap,False,False,no_sweep,2016
2016-12-13 15:30:00,2016-12-13 15:45:00,short,1162.22,1162.890940588358,1156.1815347047786,1162.970940588358,-243.59053596613435,72303.10625706946,-1.1192355946086243,0.0,1.460636033957003,0.0,stop_loss,1,15,0.61,down,London+NY overlap,False,False,no_sweep,2016
2016-12-13 16:00:00,2016-12-13 17:00:00,short,1163.14,1163.8093569358803,1157.1157875770796,1157.1657875770795,1935.9810549303106,74239.08731199977,8.925301438857703,11.802372660278957,0.0,8.620213955672313,take_profit,4,60,0.61,down,London+NY overlap,False,False,no_sweep,2016
2016-12-15 16:00:00,2016-12-15 16:30:00,short,1131.79,1132.8990300728674,1121.8087293441924,1132.9790300728673,-238.78299485954074,74000.30431714022,-1.0721351043196559,2.9395055010286377,1.1361278930356034,2.9395055010286377,stop_loss,2,30,0.75,down,London+NY overlap,False,False,no_sweep,2016
2016-12-16 13:15:00,2016-12-16 16:15:00,short,1135.55,1136.2090430123342,1129.6186128889922,1132.82,919.6099207710402,74919.91423791126,4.142369995443549,4.734137137649573,0.0,4.734137137649573,time_stop,12,180,0.28,down,London+NY overlap,False,False,no_sweep,2016
2016-12-19 13:30:00,2016-12-19 13:45:00,short,1139.24,1139.757248288046,1134.5847654075858,1139.8372482880459,-259.52211860290265,74660.39211930835,-1.1546646008286463,3.2672896925082293,1.1406514311121454,0.0,stop_loss,1,15,0.27,down,London+NY overlap,False,False,no_sweep,2016
2016-12-21 14:15:00,2016-12-21 16:00:00,short,1135.55,1136.0879499319435,1130.7084506125075,1136.1679499319434,-257.29002732083904,74403.10209198752,-1.148712724455407,2.323636319617846,2.7140072213137114,2.323636319617846,stop_loss,7,105,0.26,down,London+NY overlap,False,False,no_sweep,2016
2016-12-28 15:00:00,2016-12-28 18:00:00,short,1139.52,1139.9491799637253,1135.6573803264716,1138.9299999999998,306.8491118730968,74709.95120386062,1.374714688166841,7.153176428256058,0.9553102070311499,7.153176428256058,time_stop,12,180,0.49,down,London+NY overlap,False,False,no_sweep,2016
2016-12-30 13:30:00,2016-12-30 14:30:00,long,1158.4099999999999,1157.8155509835603,1163.7600411479548,1157.7355509835604,-254.29289164015054,74455.65831222048,-1.134578404181896,2.3551220731854765,1.0093380313649858,2.3551220731854765,stop_loss,4,60,0.26,up,London+NY overlap,False,False,no_sweep,2016
2016-12-30 15:00:00,2016-12-30 15:15:00,long,1157.9099999999999,1157.3068405214356,1163.3384353070785,1157.2268405214356,-252.99323238593715,74202.66507983454,-1.1326349047690538,0.0,2.404007648940985,0.0,stop_loss,1,15,0.28,up,London+NY overlap,False,False,no_sweep,2016
2016-12-30 15:30:00,2016-12-30 15:45:00,long,1157.0,1156.3972757557278,1162.4245181984504,1156.317275755728,-252.15490626620257,73950.51017356833,-1.1327306819995817,1.0950281264976809,1.2277588084972626,0.0,stop_loss,1,15,0.26,up,London+NY overlap,False,False,no_sweep,2016
2017-01-04 14:15:00,2017-01-04 15:45:00,long,1164.61,1163.8937874632527,1171.0559128307239,1163.8137874632528,-246.63205519882104,73703.87811836951,-1.1116986870451333,4.467947481809454,2.3037854203077766,4.467947481809454,stop_loss,6,90,0.4,up,London+NY overlap,False,False,no_sweep,2017
2017-01-09 15:00:00,2017-01-09 17:15:00,long,1178.4099999999999,1177.7835904003643,1184.0476863967185,1177.7035904003644,-249.35023535784754,73454.52788301166,-1.1277119636200934,5.491614435669095,1.6762195225151768,5.491614435669095,stop_loss,9,135,0.47,up,London+NY overlap,False,False,no_sweep,2017
2017-01-10 15:00:00,2017-01-10 15:15:00,long,1182.12,1181.42766443398,1188.351020094179,1181.34766443398,-245.82679478125095,73208.7010882304,-1.115550903241664,1.0688458549863773,1.6321565082898175,0.0,stop_loss,1,15,0.67,up,London+NY overlap,False,False,no_sweep,2017
2017-01-10 15:30:00,2017-01-10 16:30:00,long,1181.97,1181.2694402517482,1188.2750377342668,1188.2250377342668,1960.9598849757635,75169.66097320616,8.92862850010335,10.320318885064916,0.0,5.224393792439605,take_profit,4,60,0.72,up,London+NY overlap,False,False,no_sweep,2017
2017-01-12 15:30:00,2017-01-12 15:45:00,long,1201.44,1200.5449407617316,1209.4955331444153,1200.4649407617317,-245.66487636467565,74923.99609684148,-1.0893795590051578,0.5586222437827437,1.1619342670680664,0.0,stop_loss,1,15,0.64,up,London+NY overlap,False,False,no_sweep,2017
2017-01-13 16:00:00,2017-01-13 16:15:00,long,1196.4199999999998,1195.5942185853933,1203.852032731459,1195.5142185853933,-246.54743484957842,74677.4486619919,-1.0968779371694153,0.0,5.957993135924271,0.0,stop_loss,1,15,0.63,up,London+NY overlap,False,False,no_sweep,2017
2017-01-19 15:45:00,2017-01-19 16:00:00,long,1200.75,1199.933952456892,1208.0944278879715,1199.853952456892,-245.9950218499363,74431.45364014196,-1.0980335039000817,1.7891114461781614,1.8993991380657533,0.0,stop_loss,1,15,0.86,up,London+NY overlap,True,False,prev_day_sweep,2017
2017-01-27 13:30:00,2017-01-27 13:45:00,short,1185.17,1185.7293588820464,1180.1357700615827,1185.8093588820464,-255.23011709947494,74176.22352304248,-1.1430208808113602,1.5195968586223279,1.5374744687233415,0.0,stop_loss,1,15,0.36,down,London+NY overlap,False,False,no_sweep,2017
2017-01-30 15:15:00,2017-01-30 15:30:00,short,1191.43,1191.960422416643,1186.6561982502126,1192.040422416643,-256.09115414247265,73920.13236890001,-1.1508231882548328,0.0,2.9787579680355223,0.0,stop_loss,1,15,0.42,down,London+NY overlap,True,False,prev_day_sweep,2017
2017-01-30 15:45:00,2017-01-30 16:00:00,short,1192.5800000000002,1193.1312825939424,1187.61845665452,1193.2112825939423,-253.94140910211755,73666.1909597979,-1.1451161362230677,0.0,2.956741275547482,0.0,stop_loss,1,15,0.46,down,London+NY overlap,True,False,prev_day_sweep,2017
2017-01-31 14:00:00,2017-01-31 14:15:00,short,1204.07,1204.768356226708,1197.784793959627,1204.848356226708,-246.31500187964244,73419.87595791825,-1.1145547171205705,0.5298155666829641,2.2624556631335464,0.0,stop_loss,1,15,0.77,down,London+NY overlap,True,False,prev_day_sweep,2017
2017-01-31 14:30:00,2017-01-31 14:45:00,short,1205.14,1205.8622051138454,1198.6401539753929,1205.9422051138454,-244.6581953888245,73175.21776252943,-1.11077185479063,0.567705755802608,1.3292622574885036,0.0,stop_loss,1,15,0.78,down,London+NY overlap,True,False,prev_day_sweep,2017
2017-02-01 15:30:00,2017-02-01 15:45:00,long,1206.1499999999999,1205.5343248269623,1211.6910765573384,1205.4543248269624,-248.05052002266606,72927.16724250677,-1.1299386486631198,0.779631891979826,2.3551380070208907,0.0,stop_loss,1,15,0.44,up,London+NY overlap,False,False,no_sweep,2017
2017-02-01 16:00:00,2017-02-01 16:15:00,long,1205.76,1205.1230657946767,1211.4924078479094,1205.0430657946767,-246.2608237546695,72680.9064187521,-1.1256016702059808,0.0,4.129154908025183,0.0,stop_loss,1,15,0.46,up,London+NY overlap,False,False,no_sweep,2017
2017-02-02 14:45:00,2017-02-02 17:15:00,long,1219.58,1218.8173296170007,1226.4440334469932,1218.7373296170008,-240.91422171566524,72439.99219703644,-1.1048945937632022,7.381957036092204,1.232511476718519,7.381957036092204,stop_loss,10,150,0.56,up,London+NY overlap,False,False,no_sweep,2017
2017-02-07 13:30:00,2017-02-07 15:15:00,long,1228.82,1228.240681573768,1234.0338658360886,1228.160681573768,-247.33041185440936,72192.66178518203,-1.1380933116874254,5.437424147697477,1.967829691547382,5.437424147697477,stop_loss,7,105,0.44,up,London+NY overlap,False,False,no_sweep,2017
2017-02-07 15:30:00,2017-02-07 17:45:00,long,1228.01,1227.3293310790252,1234.1360202887727,1234.0860202887727,1933.2926663337435,74125.95445151578,8.926542848572286,9.813875430706926,0.0,8.374115262728951,take_profit,9,135,0.8,up,London+NY overlap,False,False,no_sweep,2017
2017-02-09 13:15:00,2017-02-09 13:30:00,long,1241.2,1240.7078064937225,1245.629741556498,1240.6278064937226,-258.52264958485534,73867.43180193091,-1.1625376990545173,0.0,9.366234908025339,0.0,stop_loss,1,15,0.22,up,London+NY overlap,False,False,no_sweep,2017
2017-02-09 13:45:00,2017-02-09 16:30:00,long,1236.81,1236.1931086604036,1242.362022056368,1242.312022056368,1976.4594488589673,75843.89125078988,8.918948448795275,10.909538792364396,0.0,8.948091253172526,take_profit,11,165,0.58,up,London+NY overlap,False,False,no_sweep,2017
2017-02-13 15:30:00,2017-02-13 15:45:00,long,1226.24,1225.673960935535,1231.3343515801862,1225.593960935535,-259.68940816134796,75584.20184262854,-1.1413330015933372,0.0,3.1623259106537307,0.0,stop_loss,1,15,0.4,up,London+NY overlap,False,False,no_sweep,2017
2017-02-13 16:00:00,2017-02-13 16:30:00,long,1225.3899999999999,1224.8122418270682,1230.589823556385,1224.7322418270683,-258.15018550527765,75326.05165712326,-1.1384662368235978,0.675022904515826,5.054017644065646,0.6404063453099266,stop_loss,2,30,0.43,up,London+NY overlap,False,False,no_sweep,2017
2017-02-15 15:15:00,2017-02-15 15:30:00,long,1225.4199999999998,1224.9588028900412,1229.5707739896275,1224.8788028900412,-265.1766928791919,75060.87496424407,-1.1734616246990262,0.0,19.037413310734884,0.0,stop_loss,1,15,0.29,up,London+NY overlap,False,False,no_sweep,2017
2017-02-15 15:45:00,2017-02-15 16:30:00,long,1218.1299999999999,1217.4053198388622,1224.65212145024,1224.60212145024,2011.1069337148267,77071.98189795889,8.931004044707427,9.231658818280719,0.0,5.35408613078175,take_profit,3,45,0.62,up,London+NY overlap,True,True,both,2017
2017-02-16 13:30:00,2017-02-16 16:30:00,long,1235.8799999999999,1235.298350396457,1241.1148464318853,1237.54,659.8791910352033,77731.86108899409,2.8539519151886896,5.914213607378773,0.2922721840853085,5.914213607378773,time_stop,12,180,0.49,up,London+NY overlap,False,False,no_sweep,2017
2017-02-21 15:00:00,2017-02-21 15:15:00,long,1229.99,1229.5263378355137,1234.1629594803778,1229.4463378355138,-273.4310134794294,77458.43007551465,-1.1725394179802373,2.372416997230227,2.415551851725777,0.0,stop_loss,1,15,0.85,up,London+NY overlap,True,False,prev_day_sweep,2017
2017-03-01 14:00:00,2017-03-01 14:15:00,long,1243.6599999999999,1243.023561759568,1249.3879441638862,1242.9435617595682,-261.58475948391543,77196.84531603074,-1.1256995493320094,0.0,3.7395615926304946,0.0,stop_loss,1,15,0.29,up,London+NY overlap,True,False,prev_day_sweep,2017
2017-03-01 14:45:00,2017-03-01 15:15:00,long,1241.19,1240.5190653009372,1247.2284122915664,1240.4390653009373,-259.20461359485716,76937.64070243588,-1.1192366412285268,2.9063931299480537,2.1164503818083853,2.5933969467228315,stop_loss,2,30,0.37,up,London+NY overlap,True,False,prev_day_sweep,2017
2017-03-01 16:00:00,2017-03-01 18:45:00,long,1237.85,1236.9797518477806,1245.6822333699733,1245.6322333699734,2064.054971060526,79001.6956734964,8.942545123625802,9.83627483513762,0.0,8.882523887337904,take_profit,11,165,0.78,up,London+NY overlap,True,False,prev_day_sweep,2017
2017-03-02 13:30:00,2017-03-02 13:45:00,long,1242.6299999999999,1242.180281275952,1246.67746851643,1242.100281275952,-279.16567751349805,78722.5299959829,-1.1778889686421121,0.0,3.9580295522905367,0.0,stop_loss,1,15,0.26,up,London+NY overlap,False,False,no_sweep,2017
2017-03-02 14:00:00,2017-03-02 14:15:00,long,1241.01,1240.5317731409996,1245.3140417310035,1240.4517731409996,-275.6747963345548,78446.85519964834,-1.1672846233838525,0.0,4.537595409291282,0.0,stop_loss,1,15,0.35,up,London+NY overlap,False,False,no_sweep,2017
2017-03-02 14:30:00,2017-03-02 15:15:00,long,1239.1499999999999,1238.6360186776985,1243.775831900712,1238.5560186776986,-271.9707784704948,78174.88442117785,-1.155647679261437,4.29976713960118,1.537020832708018,4.29976713960118,stop_loss,3,45,0.39,up,London+NY overlap,False,False,no_sweep,2017
2017-03-03 15:00:00,2017-03-03 15:15:00,short,1228.21,1228.8236761314952,1222.6869148165429,1228.903676131495,-265.0977378242033,77909.78668335364,-1.1303619220206884,0.0,5.687038848157724,0.0,stop_loss,1,15,0.39,down,London+NY overlap,False,False,no_sweep,2017
2017-03-03 15:30:00,2017-03-03 18:15:00,short,1230.41,1231.0747768684832,1224.4270081836517,1224.4770081836516,2085.984705787801,79995.77138914145,8.924786793328051,10.228996107394565,0.2707675440190144,8.965414235304463,take_profit,11,165,0.54,down,London+NY overlap,False,False,no_sweep,2017
2017-03-08 13:45:00,2017-03-08 15:15:00,short,1214.16,1214.588234014242,1210.3058938718227,1210.3558938718227,2131.8652469144304,82127.63663605587,8.883241409281991,12.39976233415144,0.3969792084376194,6.024743281000299,take_profit,6,90,0.3,down,London+NY overlap,False,False,no_sweep,2017
2017-03-09 14:30:00,2017-03-09 14:45:00,short,1206.14,1206.7020653859067,1201.0814115268404,1206.7820653859067,-281.4511302378031,81846.18550581807,-1.1423321948048515,0.0,3.4159726753192685,0.0,stop_loss,1,15,0.65,down,London+NY overlap,False,False,no_sweep,2017
2017-03-09 15:00:00,2017-03-09 18:00:00,short,1207.72,1208.2958625011133,1202.5372374899798,1202.5872374899798,2188.5278086709536,84034.71331448902,8.913173717853072,10.97484206348143,0.8161670521893393,8.283227316899803,take_profit,12,180,0.65,down,London+NY overlap,False,False,no_sweep,2017
2017-03-10 15:45:00,2017-03-10 16:00:00,short,1201.2,1201.8586050226568,1195.2725547960897,1201.9386050226567,-282.7269419289462,83751.98637256007,-1.1214688580375796,0.0,7.667721663629123,0.0,stop_loss,1,15,0.83,down,London+NY overlap,False,False,no_sweep,2017
2017-03-14 13:30:00,2017-03-14 14:00:00,short,1204.91,1205.3111394004268,1201.2997453961607,1205.3911394004267,-301.3644169455945,83450.62195561448,-1.1994319179687398,1.8447452412125451,4.911010979984756,1.8447452412125451,stop_loss,2,30,0.33,down,London+NY overlap,False,False,no_sweep,2017
2017-03-16 14:00:00,2017-03-16 14:15:00,short,1227.0900000000001,1227.6994885509891,1221.6046030410987,1227.779488550989,-283.21244911624194,83167.40950649824,-1.1312575927310098,0.0,10.795937002135242,0.0,stop_loss,1,15,0.43,down,London+NY overlap,True,False,prev_day_sweep,2017
2017-03-16 14:30:00,2017-03-16 14:45:00,short,1231.7,1232.4878243118221,1224.6095811936004,1232.567824311822,-274.83805274073205,82892.57145375751,-1.1015454826659303,1.155079865326111,1.3327844599914889,0.0,stop_loss,1,15,0.72,down,London+NY overlap,True,False,prev_day_sweep,2017
2017-03-20 14:00:00,2017-03-20 14:15:00,long,1231.18,1230.807790115737,1234.5298889583676,1230.727790115737,-302.1266365688791,82590.44481718863,-1.2149324974491176,1.4776609199639044,2.149324974493007,0.0,stop_loss,1,15,0.2,up,London+NY overlap,False,False,no_sweep,2017
2017-03-20 16:00:00,2017-03-20 19:00:00,long,1231.3999999999999,1230.9340256499345,1235.5937691505885,1232.98,840.1293083591071,83430.57412554773,3.390744575915963,6.309360160248191,0.0,6.309360160248191,time_stop,12,180,0.49,up,London+NY overlap,False,False,no_sweep,2017
2017-03-22 13:30:00,2017-03-22 15:00:00,long,1244.86,1244.392463293491,1249.067830358581,1249.017830358581,2225.8584348801573,85656.43256042789,8.893056525180038,9.496580564021455,0.7058269338122412,6.844382388483945,take_profit,6,90,0.22,up,London+NY overlap,False,False,no_sweep,2017
2017-03-24 15:45:00,2017-03-24 18:00:00,long,1244.36,1243.8588024618127,1248.8707778436835,1248.8207778436836,2287.0881484169386,87943.52070884482,8.900238935367252,10.754242767224488,0.0,8.91863917801352,take_profit,9,135,0.5,up,London+NY overlap,False,False,no_sweep,2017
2017-03-30 15:45:00,2017-03-30 16:00:00,long,1246.95,1246.438315860986,1251.5551572511272,1246.358315860986,-305.0795346093887,87638.44117423543,-1.1563464526261784,2.755606227538619,2.833779453852152,0.0,stop_loss,1,15,0.66,up,London+NY overlap,True,False,prev_day_sweep,2017
2017-03-31 15:45:00,2017-03-31 16:15:00,long,1240.5,1240.064274946151,1244.421525484641,1244.371525484641,2336.0680464191696,89974.5092206546,8.885248737574699,14.068504773482875,0.09180100994107555,5.347408829072347,take_profit,2,30,0.42,up,London+NY overlap,True,False,prev_day_sweep,2017
2017-04-05 15:30:00,2017-04-05 16:15:00,long,1248.59,1248.0434509991344,1253.5089410077896,1247.9634509991345,-309.43303582818675,89665.07618482641,-1.1463729690718265,3.4214681520572747,4.994977569580659,3.4214681520572747,stop_loss,3,45,0.76,up,London+NY overlap,True,False,prev_day_sweep,2017
2017-04-06 13:15:00,2017-04-06 13:30:00,long,1253.35,1252.9198401851759,1257.2214383334158,1252.839840185176,-319.0222593061585,89346.05392552025,-1.1859773908277609,0.37195478165605034,1.2553473880884432,0.0,stop_loss,1,15,0.21,up,London+NY overlap,False,False,no_sweep,2017
2017-04-06 14:00:00,2017-04-06 17:00:00,long,1251.29,1250.8201417226062,1255.5187244965432,1252.75,832.8803280096867,90178.93425352994,3.107319952089449,6.108224837326619,0.8726035481891713,6.108224837326619,time_stop,12,180,0.36,up,London+NY overlap,False,False,no_sweep,2017
2017-04-07 14:15:00,2017-04-07 14:30:00,long,1263.6499999999999,1263.0890836075898,1268.6982475316909,1263.00908360759,-309.12177641029245,89869.81247711965,-1.1426237512086228,0.0,2.745507210768423,0.0,stop_loss,1,15,0.45,up,London+NY overlap,False,False,no_sweep,2017
2017-04-10 14:15:00,2017-04-10 14:30:00,long,1251.47,1251.0550055991146,1255.2049496079692,1250.9750055991146,-321.5830422522155,89548.22943486743,-1.192773685209327,0.0,5.9518875308434485,0.0,stop_loss,1,15,0.26,up,London+NY overlap,False,False,no_sweep,2017
2017-04-10 15:30:00,2017-04-10 18:30:00,long,1248.1399999999999,1247.5597220167042,1253.3625018496602,1253.3125018496603,2394.654264263147,91942.88369913059,8.913834401028517,10.408804355623102,0.0,8.202965021981237,take_profit,12,180,0.47,up,London+NY overlap,True,False,prev_day_sweep,2017
2017-04-18 14:15:00,2017-04-18 14:30:00,long,1284.85,1284.365493703354,1289.2105566698126,1284.2854937033542,-321.3725217148312,91621.51117741576,-1.1651165331673918,1.3828509652783159,1.5066883651538598,0.0,stop_loss,1,15,0.44,up,London+NY overlap,False,False,no_sweep,2017
2017-04-20 13:15:00,2017-04-20 16:00:00,long,1277.71,1277.106406438795,1283.1423420508468,1277.026406438795,-311.294946472135,91310.21623094362,-1.1325395185465559,7.123999121883785,1.872120699471986,7.123999121883785,stop_loss,11,165,0.49,up,London+NY overlap,False,False,no_sweep,2017
2017-04-21 15:30:00,2017-04-21 15:45:00,long,1282.51,1281.9855566979738,1287.2299897182356,1281.905556697974,-315.71677087370585,90994.49946006991,-1.1525427051710866,1.144070288784018,1.6207662424440976,0.0,stop_loss,1,15,0.46,up,London+NY overlap,False,False,no_sweep,2017
2017-04-21 16:00:00,2017-04-21 17:15:00,long,1282.3899999999999,1281.85318409162,1287.2213431754174,1281.7731840916201,-313.6653774554943,90680.83408261443,-1.1490268800739856,2.403058441195556,6.296385683131389,2.403058441195556,stop_loss,5,75,0.5,up,London+NY overlap,False,False,no_sweep,2017
2017-04-24 15:15:00,2017-04-24 17:30:00,long,1267.58,1267.012433311648,1272.688100195168,1272.6381001951681,2424.416834098393,93105.25091671282,8.911904625438407,10.342396973728755,0.0,7.206201639276195,take_profit,9,135,0.22,up,London+NY overlap,True,True,both,2017
2017-04-25 13:15:00,2017-04-25 13:30:00,short,1271.01,1271.4561458866203,1266.994687020416,1271.5361458866203,-329.40085022635014,92775.85006648647,-1.1793135438408848,0.9638102981457746,1.2776089998673228,0.0,stop_loss,1,15,0.25,down,London+NY overlap,False,False,no_sweep,2017
2017-04-26 14:15:00,2017-04-26 15:30:00,short,1265.49,1265.944739590311,1261.3973436872016,1261.4473436872015,2474.3449917570456,95250.19505824351,8.890046960797958,9.280036508618625,0.08796243136123341,6.795097822661281,take_profit,5,75,0.31,down,London+NY overlap,False,False,no_sweep,2017
2017-04-28 15:15:00,2017-04-28 16:00:00,short,1268.1100000000001,1268.5020099269757,1264.5819106572194,1264.6319106572194,2535.3084108289972,97785.5034690725,8.87245220960338,9.10691223445147,0.0,8.698759305176143,take_profit,3,45,0.36,down,London+NY overlap,False,False,no_sweep,2017
2017-05-01 15:45:00,2017-05-01 17:00:00,short,1264.71,1265.106377991283,1261.142598078454,1265.1863779912828,-352.5639370269477,97432.93953204555,-1.2018275528896307,6.28188258369549,9.359752765265224,6.28188258369549,stop_loss,5,75,0.3,down,London+NY overlap,False,False,no_sweep,2017
2017-05-03 15:15:00,2017-05-03 15:30:00,short,1254.3400000000001,1254.695117772908,1251.1439400438294,1251.1939400438293,2589.5341731043,100022.47370514985,8.859201640093547,9.180053066076699,0.0,0.0,take_profit,1,15,0.42,down,London+NY overlap,False,False,no_sweep,2017
2017-05-08 13:15:00,2017-05-08 16:15:00,short,1234.91,1235.5257609094074,1229.3681518153337,1230.05,2368.3342744586303,102390.80797960848,7.892673805289327,8.75339749187431,0.37352159983881505,8.282435474686334,time_stop,12,180,0.53,down,London+NY overlap,True,False,prev_day_sweep,2017
2017-05-09 14:15:00,2017-05-09 15:30:00,short,1225.54,1226.0290927349704,1221.1381653852666,1221.1881653852665,2733.1495473335563,105123.95752694203,8.89776989837432,11.981367910431596,0.32713632519967045,7.217445174713981,take_profit,5,75,0.4,down,London+NY overlap,False,False,no_sweep,2017
2017-05-10 13:45:00,2017-05-10 14:15:00,short,1224.29,1224.7795115321128,1219.8843962109843,1224.8595115321127,-366.91253740959235,104757.04498953244,-1.1634282233446707,1.1644260913317066,2.0632813197283237,1.1644260913317066,stop_loss,2,30,0.23,down,London+NY overlap,False,False,no_sweep,2017
2017-05-11 13:45:00,2017-05-11 14:45:00,short,1223.22,1223.6049948867021,1219.755046019681,1223.684994886702,-379.57509527007454,104377.46989426237,-1.2077949675779245,4.103950609667555,2.3117190143061834,4.103950609667555,stop_loss,4,60,0.27,down,London+NY overlap,False,False,no_sweep,2017
2017-05-15 15:15:00,2017-05-15 15:45:00,short,1235.6100000000001,1236.1607366415367,1230.6533702261709,1236.2407366415366,-358.6180209265003,104018.85187333587,-1.145259991738931,3.0323023275530745,1.1802374328796401,3.0323023275530745,stop_loss,2,30,0.81,down,London+NY overlap,True,False,prev_day_sweep,2017
2017-05-18 14:45:00,2017-05-18 15:00:00,long,1259.79,1258.9001179024651,1267.798938877813,1258.8201179024652,-340.1102995021859,103678.74157383369,-1.0898995498634532,1.966552653264823,1.4159179103506623,0.0,stop_loss,1,15,0.88,up,London+NY overlap,False,False,no_sweep,2017
2017-05-24 14:15:00,2017-05-24 17:15:00,long,1251.73,1251.2505510489684,1256.045040559284,1253.3000000000002,1018.5169281570139,104697.2585019907,3.274592626852337,5.568893193436348,0.8342911151217172,5.568893193436348,time_stop,12,180,0.23,up,London+NY overlap,False,False,no_sweep,2017
2017-05-25 15:30:00,2017-05-25 15:45:00,long,1256.62,1256.157896181789,1260.7789343638976,1256.0778961817891,-368.4677426592895,104328.79075933142,-1.1731212702584233,0.0,4.436232550376031,0.0,stop_loss,1,15,0.37,up,London+NY overlap,False,False,no_sweep,2017
2017-05-25 16:00:00,2017-05-25 17:30:00,long,1254.9099999999999,1254.3749461975628,1259.725484221932,1254.294946197563,-359.7833666515923,103969.00739267982,-1.1495176739900772,4.840634695433418,2.1306268543602975,4.840634695433418,stop_loss,6,90,0.53,up,London+NY overlap,False,False,no_sweep,2017
2017-06-01 14:15:00,2017-06-01 15:15:00,long,1265.49,1265.0521625737208,1269.430536836512,1264.9721625737209,-368.8974946149677,103600.10989806485,-1.1827162211320703,5.047535608778116,9.227169167177859,5.047535608778116,stop_loss,4,60,0.2,up,London+NY overlap,False,False,no_sweep,2017
2017-06-01 15:30:00,2017-06-01 16:00:00,long,1262.44,1261.8325571813168,1267.9069853681483,1261.752557181317,-351.73262094987354,103248.37727711498,-1.131699639108985,3.4406530717252286,1.5639332144206946,3.4406530717252286,stop_loss,2,30,0.74,up,London+NY overlap,False,False,no_sweep,2017
2017-06-02 15:00:00,2017-06-02 15:15:00,long,1262.46,1262.0591495442768,1266.067654101509,1261.9791495442769,-371.562725381979,102876.814551733,-1.1995756743137242,1.4469236387756343,1.5966053945114949,0.0,stop_loss,1,15,0.2,up,London+NY overlap,False,False,no_sweep,2017
2017-06-07 13:15:00,2017-06-07 13:30:00,long,1291.28,1290.8648901358908,1295.0159887769814,1290.784890135891,-368.1097228223707,102508.70482891063,-1.1927200650160805,0.7708802600648699,8.094242730682502,0.0,stop_loss,1,15,0.3,up,London+NY overlap,False,False,no_sweep,2017
2017-06-07 13:45:00,2017-06-07 15:00:00,long,1288.71,1288.1937828212529,1293.355954608724,1288.113782821253,-355.18452294695294,102153.52030596368,-1.1549735330274764,3.44816110986443,1.7434522465608697,3.44816110986443,stop_loss,5,75,0.58,up,London+NY overlap,False,False,no_sweep,2017
2017-06-08 14:45:00,2017-06-08 15:00:00,long,1282.6499999999999,1282.0770729217998,1287.8063437038004,1281.9970729217998,-349.25282158469423,101804.26748437899,-1.139633826090491,2.059598934836727,2.2166869891881325,0.0,stop_loss,1,15,0.61,up,London+NY overlap,True,False,prev_day_sweep,2017
2017-06-09 16:00:00,2017-06-09 16:15:00,long,1267.5,1266.7710472960243,1274.060574335781,1266.6910472960244,-338.930785256373,101465.3366991226,-1.1097464891255797,0.0,4.0194651642281,0.0,stop_loss,1,15,0.71,up,London+NY overlap,True,False,prev_day_sweep,2017
2017-06-13 14:45:00,2017-06-13 15:00:00,short,1263.7,1264.0893024115742,1260.1962782958328,1264.169302411574,-366.9481034925816,101098.38859563002,-1.2054957730070281,0.6935482338993044,1.2843485812950948,0.0,stop_loss,1,15,0.28,down,London+NY overlap,False,False,no_sweep,2017
2017-06-19 15:15:00,2017-06-19 15:30:00,short,1252.43,1252.850894971713,1248.6419452545836,1248.6919452545835,2693.626700071407,103792.01529570142,8.881205518336813,9.717388600190523,0.0,0.0,take_profit,1,15,0.53,down,London+NY overlap,False,False,no_sweep,2017
2017-06-22 15:15:00,2017-06-22 15:30:00,short,1252.0800000000002,1252.5226999118145,1248.095700793671,1252.6026999118144,-367.644599383889,103424.37069631754,-1.180709319936531,1.920036524327696,2.4169871541531562,0.0,stop_loss,1,15,0.44,down,London+NY overlap,True,False,prev_day_sweep,2017
2017-06-22 16:00:00,2017-06-22 19:00:00,short,1253.54,1254.0828650533003,1248.654214520297,1250.9399999999998,1486.0232511319073,104910.39394744944,4.789403893644118,7.184105840465549,0.0,7.184105840465549,time_stop,12,180,0.82,down,London+NY overlap,True,False,prev_day_sweep,2017
2017-06-23 14:15:00,2017-06-23 15:15:00,short,1257.6100000000001,1258.0604066882995,1253.5563398053048,1258.1404066882994,-370.6328706969976,104539.76107675245,-1.1776172558671065,2.975089035777062,1.2433207910707549,2.975089035777062,stop_loss,4,60,0.58,down,London+NY overlap,True,False,prev_day_sweep,2017
2017-06-28 14:30:00,2017-06-28 15:15:00,short,1253.42,1253.9005588086159,1249.0949707224584,1253.9805588086158,-365.8283827381111,104173.93269401434,-1.1664728615221092,5.993023014801603,2.788420430497692,3.017320615091065,stop_loss,3,45,0.34,down,London+NY overlap,True,False,prev_day_sweep,2017
2017-07-10 14:30:00,2017-07-10 14:45:00,short,1211.3600000000001,1211.9067390712676,1206.4393483585932,1211.9867390712675,-358.25063869440714,103815.68205531994,-1.1463220834290715,0.0,4.042147554731428,0.0,stop_loss,1,15,0.4,down,London+NY overlap,False,False,no_sweep,2017
2017-07-11 15:15:00,2017-07-11 15:45:00,short,1211.57,1211.997429052618,1207.7231385264386,1212.0774290526178,-369.7392084339347,103445.942846886,-1.1871655646941437,2.2225910807450826,2.877670557175117,2.2225910807450826,stop_loss,2,30,0.23,down,London+NY overlap,False,False,no_sweep,2017
2017-07-14 14:15:00,2017-07-14 14:30:00,short,1221.28,1221.660932438721,1217.851608051511,1221.7409324387208,-375.51218430461313,103070.43066258139,-1.2100109937303904,0.0,4.278973997260887,0.0,stop_loss,1,15,0.35,down,London+NY overlap,False,False,no_sweep,2017
2017-07-20 13:15:00,2017-07-20 13:45:00,long,1237.2,1236.815138213569,1240.663756077879,1236.7351382135691,-373.4860634281497,102696.94459915324,-1.207866831211821,1.533017880188361,1.4290844645824505,1.533017880188361,stop_loss,2,30,0.32,up,London+NY overlap,False,False,no_sweep,2017
2017-07-20 14:30:00,2017-07-20 15:15:00,long,1235.46,1235.055007563312,1239.1049319301926,1239.0549319301927,2734.7808884428846,105431.72548759612,8.876540904299482,9.605117645683423,0.0,5.111206562098901,take_profit,3,45,0.5,up,London+NY overlap,True,False,prev_day_sweep,2017
2017-07-26 15:15:00,2017-07-26 18:15:00,long,1246.1599999999999,1245.683166783341,1250.4514989499303,1247.8300000000002,1107.7519900859786,106539.4774776821,3.5022727898485795,6.81580033952493,0.5033206404567326,6.81580033952493,time_stop,12,180,0.4,up,London+NY overlap,True,False,prev_day_sweep,2017
2017-07-27 13:15:00,2017-07-27 16:15:00,long,1261.6599999999999,1261.1664942343127,1266.101551891185,1263.02,880.8024106947482,107420.27988837684,2.755793537906356,7.112378910331622,0.7092115722550616,7.112378910331622,time_stop,12,180,0.32,up,London+NY overlap,False,False,no_sweep,2017
2017-08-01 13:30:00,2017-08-01 15:15:00,long,1265.44,1264.9477836653914,1269.8699470114786,1264.8677836653915,-374.63794574732594,107045.64194262952,-1.162530160774799,3.4537659164677152,5.830769517801462,3.4537659164677152,stop_loss,7,105,0.85,up,London+NY overlap,True,False,prev_day_sweep,2017
2017-08-02 15:45:00,2017-08-02 16:00:00,long,1265.35,1264.7675966076401,1270.5916305312383,1264.6875966076402,-365.24888397104746,106680.39305865848,-1.1373618372581684,2.5927046782502696,1.5281504394982939,0.0,stop_loss,1,15,0.8,up,London+NY overlap,False,False,no_sweep,2017
2017-08-03 14:00:00,2017-08-03 14:30:00,long,1262.07,1261.6108751929585,1266.2021232633729,1266.152123263373,2845.5172160488105,109525.91027470729,8.8910971499833,12.894097441930327,0.0,4.116527730616437,take_profit,2,30,0.27,up,London+NY overlap,True,False,prev_day_sweep,2017
2017-08-04 15:00:00,2017-08-04 15:30:00,long,1267.8799999999999,1267.52026497395,1271.117615234449,1267.44026497395,-401.64878746972664,109124.26148723757,-1.2223859068669434,4.308726945551452,20.014731618042603,4.308726945551452,stop_loss,2,30,0.29,up,London+NY overlap,False,False,no_sweep,2017
2017-08-04 15:45:00,2017-08-04 16:00:00,long,1263.98,1263.3421327069127,1269.720805637786,1263.2621327069128,-368.4312037296973,108755.83028350788,-1.1254179370331454,0.0,4.405305038293153,0.0,stop_loss,1,15,0.9,up,London+NY overlap,False,False,no_sweep,2017
2017-08-07 14:00:00,2017-08-07 15:00:00,long,1256.1,1255.7527095896255,1259.225613693369,1255.6727095896256,-401.42476121649594,108354.40552229139,-1.2303547624988629,6.680288112473574,1.1805681578073275,6.680288112473574,stop_loss,4,60,0.37,up,London+NY overlap,False,False,no_sweep,2017
2017-08-08 13:30:00,2017-08-08 13:45:00,short,1262.53,1262.8723041082296,1259.4492630259338,1262.9523041082296,-401.0338423937756,107953.37167989761,-1.233710312194835,0.0,7.5663713573144245,0.0,stop_loss,1,15,0.33,down,London+NY overlap,True,False,prev_day_sweep,2017
2017-08-08 14:00:00,2017-08-08 14:15:00,short,1263.89,1264.3010938484226,1260.190155364198,1264.3810938484226,-386.8841892324126,107566.4874906652,-1.1946027660275345,0.5594829523297148,1.824400931509795,0.0,stop_loss,1,15,0.76,down,London+NY overlap,True,False,prev_day_sweep,2017
2017-08-08 14:30:00,2017-08-08 17:00:00,short,1264.15,1264.5719635733847,1260.352327839538,1260.402327839538,2866.057328129075,110432.54481879427,8.881506359428151,13.745262306597539,0.4739745622960209,6.493451503461413,take_profit,10,150,0.76,down,London+NY overlap,True,False,prev_day_sweep,2017
2017-08-09 13:15:00,2017-08-09 13:45:00,long,1267.23,1266.7367529811954,1271.6692231692411,1266.6567529811955,-385.03097646566573,110047.5138423286,-1.162190539324111,1.4191672190873539,1.094786140438671,0.9325956011145601,stop_loss,2,30,0.36,up,London+NY overlap,False,False,no_sweep,2017
2017-08-11 13:15:00,2017-08-11 14:45:00,long,1287.0,1286.5119726845246,1291.3922458392788,1286.4319726845247,-384.26124038794444,109663.25260194065,-1.163925250622495,2.4793694156675707,1.27042069232527,2.4793694156675707,stop_loss,6,90,0.27,up,London+NY overlap,False,False,no_sweep,2017
2017-08-14 14:15:00,2017-08-14 17:15:00,long,1279.31,1278.7505108836813,1284.345402046867,1283.3000000000002,2346.1924376338343,112009.44503957448,7.131506017943015,8.632875705930783,0.0,8.632875705930783,time_stop,12,180,0.44,up,London+NY overlap,True,False,prev_day_sweep,2017
2017-08-15 15:15:00,2017-08-15 15:30:00,long,1273.05,1272.540800725535,1277.6327934701847,1272.4608007255351,-388.8215501870747,111620.6234893874,-1.1571094147453331,0.0,10.408498726887702,0.0,stop_loss,1,15,0.33,up,London+NY overlap,True,False,prev_day_sweep,2017
2017-08-15 15:45:00,2017-08-15 16:00:00,long,1268.31,1267.6494149113032,1274.2552657982715,1267.5694149113033,-375.41523762072757,111245.20825176669,-1.1211047620795662,0.2573476194194226,1.6349142880755219,0.0,stop_loss,1,15,0.79,up,London+NY overlap,True,False,prev_day_sweep,2017
2017-08-17 13:15:00,2017-08-17 13:30:00,long,1285.11,1284.5892129653103,1289.797083312206,1284.5092129653103,-385.0019739575424,110860.20627780915,-1.153613655239328,0.0,2.5730287252609223,0.0,stop_loss,1,15,0.34,up,London+NY overlap,False,False,no_sweep,2017
2017-08-24 14:30:00,2017-08-24 16:45:00,long,1285.94,1285.5091962145714,1289.8172340688577,1289.7672340688578,2954.6255583025695,113814.83183611171,8.883937881486682,9.609943412823746,0.0,7.288701042576393,take_profit,9,135,0.48,up,London+NY overlap,False,False,no_sweep,2017
2017-08-25 14:30:00,2017-08-25 15:00:00,long,1287.27,1286.9065626854363,1290.5409358310728,1286.8265626854363,-416.6034253871559,113398.22841072455,-1.2201204906435108,1.2381777598709995,5.1453164687964446,1.2381777598709995,stop_loss,2,30,0.25,up,London+NY overlap,False,False,no_sweep,2017
2017-08-25 15:15:00,2017-08-25 16:15:00,long,1285.6399999999999,1285.2319035057956,1289.3128684478377,1289.2628684478377,3020.0714996408806,116418.29991036543,8.877479957042139,21.75955962894062,0.44107215464028166,5.17034581273276,take_profit,4,60,0.55,up,London+NY overlap,False,False,no_sweep,2017
2017-08-30 15:00:00,2017-08-30 15:15:00,long,1309.76,1309.1592713251866,1315.1665580733209,1309.0792713251867,-395.76573423911003,116022.53417612633,-1.1331716020128109,0.0,7.241205859453026,0.0,stop_loss,1,15,0.2,up,London+NY overlap,False,False,no_sweep,2017
2017-08-31 15:15:00,2017-08-31 15:30:00,long,1305.57,1305.0208489497643,1310.512359452121,1310.462359452121,3100.9169962911333,119123.45117241747,8.908950369887718,11.144474725804344,0.0,0.0,take_profit,1,15,0.31,up,London+NY overlap,False,False,no_sweep,2017
2017-09-04 13:30:00,2017-09-04 15:15:00,long,1334.1,1333.3970002406925,1340.4269978337672,1333.3170002406926,-398.0384019807677,118725.4127704367,-1.11379804749683,2.0483648549448836,1.3513518140258285,2.0483648549448836,stop_loss,7,105,0.4,up,London+NY overlap,False,False,no_sweep,2017
2017-09-08 15:15:00,2017-09-08 15:30:00,long,1352.6499999999999,1351.9769871575365,1358.7071155821693,1351.8969871575366,-398.51435917180726,118326.89841126489,-1.1188684597861698,0.0,4.353557339672185,0.0,stop_loss,1,15,0.3,up,London+NY overlap,False,False,no_sweep,2017
2017-09-08 15:45:00,2017-09-08 16:00:00,long,1350.22,1349.5145960695088,1356.5686353744215,1349.4345960695089,-395.2391264547571,117931.65928481013,-1.1134101988122136,0.0,4.791580899820538,0.0,stop_loss,1,15,0.41,up,London+NY overlap,False,False,no_sweep,2017
2017-09-11 14:45:00,2017-09-11 15:00:00,long,1335.36,1334.8341178590995,1340.092939268104,1334.7541178590996,-407.6161594976536,117524.04312531247,-1.152125340980301,1.3120810659563926,1.5022377421817688,0.0,stop_loss,1,15,0.21,up,London+NY overlap,True,False,prev_day_sweep,2017
2017-09-11 15:45:00,2017-09-11 16:00:00,long,1333.18,1332.5165837196414,1339.150746523228,1332.4365837196415,-395.0880747711884,117128.95505054128,-1.120587936064332,0.3316168241772563,1.5374961848216064,0.0,stop_loss,1,15,0.47,up,London+NY overlap,True,False,prev_day_sweep,2017
2017-09-12 14:00:00,2017-09-12 15:15:00,long,1323.69,1323.1273241061167,1328.7540830449495,1328.7040830449496,3131.2571622980877,120260.21221283937,8.911138897997644,9.632543456932712,0.5864832732083718,7.730915874106571,take_profit,5,75,0.59,up,London+NY overlap,True,True,both,2017
2017-09-13 15:30:00,2017-09-13 15:45:00,long,1332.57,1332.0764391743182,1337.0120474311345,1331.9964391743183,-419.2586385974274,119840.95357424194,-1.1620874182820986,1.013046364264037,3.282270220215259,0.0,stop_loss,1,15,0.46,up,London+NY overlap,False,False,no_sweep,2017
2017-09-14 13:30:00,2017-09-14 14:30:00,short,1326.0,1326.5155413019522,1321.3601282824309,1321.4101282824308,3200.8372636722634,123041.7908379142,8.90301456001386,12.084385822064245,0.0,7.002348766878105,take_profit,4,60,0.53,down,London+NY overlap,False,False,no_sweep,2017
2017-09-27 13:30:00,2017-09-27 15:30:00,short,1290.81,1291.5106432834712,1284.5042104487586,1284.5542104487586,3295.786462162586,126337.5773000768,8.928637009475374,9.020282002403071,0.0,5.437859878030943,take_profit,8,120,0.54,down,London+NY overlap,False,False,no_sweep,2017
2017-09-29 14:00:00,2017-09-29 15:30:00,short,1289.1100000000001,1289.6173245740983,1284.5440788331152,1289.6973245740983,-438.77924056164716,125898.79805951515,-1.1576899761698491,7.588830103181164,1.241808562338459,7.155182668713631,stop_loss,6,90,0.36,down,London+NY overlap,True,False,prev_day_sweep,2017
2017-10-02 15:45:00,2017-10-02 16:00:00,short,1274.31,1274.8952666099503,1269.0426005104466,1274.9752666099503,-429.3236543374961,125469.47440517765,-1.1366898412446726,0.0,2.8704866661408452,0.0,stop_loss,1,15,0.47,down,London+NY overlap,False,False,no_sweep,2017
2017-10-04 13:15:00,2017-10-04 13:30:00,short,1277.8500000000001,1278.2698510049681,1274.0713409552875,1278.349851004968,-448.1307092191372,125021.34369595851,-1.1905437858985843,1.786347992801396,2.59615908287038,0.0,stop_loss,1,15,0.54,down,London+NY overlap,True,False,prev_day_sweep,2017
2017-10-04 13:45:00,2017-10-04 14:00:00,short,1278.4,1278.8602286726511,1274.2579419461408,1278.940228672651,-440.26014830100837,124581.0835476575,-1.1738266317461343,0.0,3.1723360293694216,0.0,stop_loss,1,15,0.72,down,London+NY overlap,True,False,prev_day_sweep,2017
2017-10-06 13:30:00,2017-10-06 13:45:00,short,1269.27,1269.665184653081,1265.7133381222695,1269.745184653081,-449.40271721967093,124131.68083043784,-1.2024370110939449,0.1265231319337155,2.1761978692622077,0.0,stop_loss,1,15,0.28,down,London+NY overlap,False,False,no_sweep,2017
2017-10-10 15:45:00,2017-10-10 16:00:00,long,1289.46,1288.9004933686324,1294.4955596823083,1288.8204933686325,-425.6412450009359,123706.0395854369,-1.1429831131838024,0.2144746697757036,2.3234755892388206,0.0,stop_loss,1,15,0.81,up,London+NY overlap,False,False,no_sweep,2017
2017-10-12 15:30:00,2017-10-12 15:45:00,long,1294.06,1293.6189819343706,1298.029162590665,1293.5389819343707,-438.4383757124737,123267.60120972442,-1.1813984646768698,0.0,7.800133981112625,0.0,stop_loss,1,15,0.42,up,London+NY overlap,False,False,no_sweep,2017
2017-10-12 16:00:00,2017-10-12 16:45:00,long,1292.1299999999999,1291.5801936066766,1297.07825753991,1291.5001936066767,-423.6112435628889,122843.98996616153,-1.1455057652501548,2.946491746318527,2.2007746994102435,2.946491746318527,stop_loss,3,45,0.77,up,London+NY overlap,False,False,no_sweep,2017
2017-10-13 14:15:00,2017-10-13 14:30:00,long,1293.0,1292.5622836965297,1296.9394467312336,1292.4822836965297,-435.88737192054055,122408.10259424099,-1.1827667815104606,0.0,3.0384977426140045,0.0,stop_loss,1,15,0.51,up,London+NY overlap,False,False,no_sweep,2017
2017-10-13 14:45:00,2017-10-13 15:15:00,long,1292.03,1291.573168085273,1296.141487232543,1291.493168085273,-431.5323030771144,121976.57029116388,-1.1751191136629244,2.5173372589070278,2.648676594154221,2.4954473696991624,stop_loss,2,30,0.58,up,London+NY overlap,False,False,no_sweep,2017
2017-10-17 14:30:00,2017-10-17 15:15:00,long,1287.62,1287.0876089323701,1292.4115196086677,1287.0076089323702,-420.91631498798995,121555.65397617589,-1.1502654812675435,4.207433475495064,1.126991109507431,4.207433475495064,stop_loss,3,45,0.66,up,London+NY overlap,True,False,prev_day_sweep,2017
2017-10-17 15:45:00,2017-10-17 16:00:00,long,1286.45,1285.8244487198908,1292.079961520983,1285.744448719891,-411.30319764874235,121144.35077852715,-1.1278871973309035,0.0,4.683868602248704,0.0,stop_loss,1,15,0.84,up,London+NY overlap,True,False,prev_day_sweep,2017
2017-10-19 13:15:00,2017-10-19 13:30:00,short,1285.6100000000001,1286.3080529492206,1279.327523457016,1286.3880529492205,-405.0841107822048,120739.26666774495,-1.114604486793249,0.0,1.3752538415199644,0.0,stop_loss,1,15,0.79,down,London+NY overlap,False,False,no_sweep,2017
2017-10-19 13:45:00,2017-10-19 14:45:00,short,1286.02,1286.7419181041748,1279.522737062427,1286.8219181041748,-402.3572892786197,120336.90937846633,-1.1108158938490222,0.761859270212658,1.6206824475435253,0.761859270212658,stop_loss,4,60,0.83,down,London+NY overlap,False,False,no_sweep,2017
2017-10-20 14:00:00,2017-10-20 14:15:00,short,1281.88,1282.438000013977,1276.8579998742084,1282.518000013977,-412.7685373242753,119924.14084114206,-1.1433691720359742,0.0,1.5053763063789503,0.0,stop_loss,1,15,0.27,down,London+NY overlap,False,False,no_sweep,2017
2017-10-20 14:30:00,2017-10-20 14:45:00,short,1282.38,1282.9302398079699,1277.4278417282715,1283.0102398079698,-412.08014978155467,119512.0606913605,-1.145391152805,0.0,3.8710394434364286,0.0,stop_loss,1,15,0.26,down,London+NY overlap,False,False,no_sweep,2017
2017-10-25 14:00:00,2017-10-25 14:30:00,short,1273.03,1273.4922994197805,1268.8693052219762,1273.5722994197804,-420.58015906959565,119091.48053229091,-1.173048021643446,1.9684212461961654,2.0549452570178883,1.9684212461961654,stop_loss,2,30,0.37,down,London+NY overlap,False,False,no_sweep,2017
2017-10-26 13:15:00,2017-10-26 15:00:00,short,1278.55,1279.010533748696,1274.4051962617352,1274.4551962617352,3176.6808039145662,122268.16133620548,8.891430323747995,13.332356244000652,0.0,7.317596179524703,take_profit,7,105,0.42,down,London+NY overlap,False,False,no_sweep,2017
2017-10-26 16:00:00,2017-10-26 19:00:00,short,1277.77,1278.4788495574164,1271.390353983253,1272.85,2545.92535530383,124814.0866915093,6.940823971072352,8.436204745327679,0.0,8.436204745327679,time_stop,12,180,0.77,down,London+NY overlap,False,False,no_sweep,2017
2017-10-30 15:30:00,2017-10-30 16:00:00,short,1273.05,1273.6394197847117,1267.7452219375948,1273.7194197847116,-425.26407091785836,124388.82262059145,-1.1357266961085402,1.153676916923749,1.187608590950884,1.153676916923749,stop_loss,2,30,0.71,down,London+NY overlap,True,False,prev_day_sweep,2017
2017-11-02 15:00:00,2017-11-02 15:15:00,short,1276.24,1276.795614385161,1271.2394705335519,1276.8756143851608,-426.8967495575421,123961.9258710339,-1.1439847529807263,1.1698761179696273,1.205872306214809,0.0,stop_loss,1,15,0.38,down,London+NY overlap,False,False,no_sweep,2017
2017-11-02 15:45:00,2017-11-02 16:00:00,short,1277.22,1277.7874689519674,1272.1127794322936,1277.8674689519673,-424.313072720396,123537.61279831351,-1.1409768758670789,0.47579695605179123,11.877301791812197,0.0,stop_loss,1,15,0.41,down,London+NY overlap,False,False,no_sweep,2017
2017-11-03 14:30:00,2017-11-03 14:45:00,short,1275.66,1276.0720290173183,1271.9517388441368,1276.1520290173182,-442.57142826452184,123095.04137004899,-1.1941610824417779,0.849454735683881,4.538515302080416,0.0,stop_loss,1,15,0.42,down,London+NY overlap,False,False,no_sweep,2017
2017-11-07 14:15:00,2017-11-07 16:15:00,long,1275.84,1275.438276466474,1279.4555118017327,1279.4055118017327,3277.603521662146,126372.64489171113,8.875536293426572,9.708169112648092,0.5476403089186654,7.069538533313166,take_profit,8,120,0.26,up,London+NY overlap,False,False,no_sweep,2017
2017-11-10 13:30:00,2017-11-10 16:30:00,long,1283.45,1283.0201598859771,1287.3185610262053,1284.8500000000001,1234.79659350019,127607.44148521131,3.2570250061060517,5.350826795745204,0.11632232164653136,4.792479651841324,time_stop,12,180,0.31,up,London+NY overlap,False,False,no_sweep,2017
2017-11-13 15:00:00,2017-11-13 15:15:00,long,1277.8799999999999,1277.514108318748,1281.1730251312679,1277.434108318748,-466.5241070477787,127140.91737816353,-1.2186439432735987,0.0,5.056141188206318,0.0,stop_loss,1,15,0.4,up,London+NY overlap,False,False,no_sweep,2017
2017-11-16 15:00:00,2017-11-16 15:30:00,long,1277.07,1276.6499046457925,1280.8508581878673,1280.8008581878673,3387.4076054105108,130528.32498357404,8.880979402655305,9.878709579708707,0.0,4.3085456239214635,take_profit,2,30,0.22,up,London+NY overlap,False,False,no_sweep,2017
2017-11-17 14:45:00,2017-11-17 15:45:00,long,1282.07,1281.6399063429878,1285.940842913108,1281.559906342988,-464.42212910374974,130063.90285447029,-1.186005998218378,5.835938194106898,1.3717942368615954,2.441328726618327,stop_loss,4,60,0.4,up,London+NY overlap,False,False,no_sweep,2017
2017-11-20 16:00:00,2017-11-20 16:15:00,long,1289.3799999999999,1288.845963783347,1294.1863259498746,1288.7659637833472,-448.64343095912113,129615.25942351116,-1.1498025742548836,0.0,4.175746757358286,0.0,stop_loss,1,15,0.55,up,London+NY overlap,False,False,no_sweep,2017
2017-11-21 13:30:00,2017-11-21 14:30:00,long,1278.1499999999999,1277.7285988840706,1281.942610043363,1277.6485988840707,-462.6653793245483,129152.59404418661,-1.1898428764800835,2.0408109221630557,1.8984287648024536,2.0408109221630557,stop_loss,4,60,0.48,up,London+NY overlap,False,False,no_sweep,2017
2017-11-21 16:00:00,2017-11-21 16:15:00,long,1276.56,1276.0313174858693,1281.3181426271751,1281.2681426271752,3450.4763284799446,132603.07037266655,8.905425281403803,9.570961521813244,0.0,0.0,take_profit,1,15,0.62,up,London+NY overlap,False,False,no_sweep,2017
2017-11-24 13:15:00,2017-11-24 13:30:00,long,1287.3,1286.845100339097,1291.3940969481268,1286.765100339097,-467.7691157401191,132135.30125692644,-1.1758629580886393,1.2750064461441344,3.978899426758963,0.0,stop_loss,1,15,0.72,up,London+NY overlap,False,False,no_sweep,2017
2017-11-29 15:15:00,2017-11-29 15:30:00,long,1290.94,1290.4365743133455,1295.470831179891,1290.3565743133456,-459.3992573923976,131675.90199953405,-1.1589112397731696,0.0,10.805964304585466,0.0,stop_loss,1,15,0.64,up,London+NY overlap,True,False,prev_day_sweep,2017
2017-11-29 15:45:00,2017-11-29 16:00:00,long,1287.78,1287.083525810997,1294.0482677010286,1287.003525810997,-440.40227547847627,131235.49972405558,-1.1148642710140304,0.18665444039812587,2.2685693525290596,0.0,stop_loss,1,15,0.76,up,London+NY overlap,True,False,prev_day_sweep,2017
2017-12-04 15:15:00,2017-12-04 16:15:00,short,1274.71,1275.239776976699,1269.9420072097091,1275.319776976699,-453.15891277081096,130782.34081128477,-1.1510069397473823,3.737421758751145,4.360325385209526,3.737421758751145,stop_loss,4,60,0.48,down,London+NY overlap,False,False,no_sweep,2017
2017-12-05 13:15:00,2017-12-05 14:45:00,short,1276.3400000000001,1276.6753402983952,1273.3219373144439,1273.3719373144438,3472.623369897335,134254.9641811821,8.850897729146865,9.035597613832056,0.4473068125655071,8.2602658053845,take_profit,6,90,0.28,down,London+NY overlap,False,False,no_sweep,2017
2017-12-08 14:15:00,2017-12-08 14:30:00,short,1247.1100000000001,1247.4585679756572,1243.9728882190864,1247.538567975657,-495.20365242307633,133759.760528759,-1.229510470229318,0.6598426019099417,2.8401920690897677,0.0,stop_loss,1,15,0.22,down,London+NY overlap,False,False,no_sweep,2017
2017-12-13 15:45:00,2017-12-13 17:45:00,short,1245.49,1246.053922891838,1240.4146939734576,1246.133922891838,-458.2061114623241,133301.5544172967,-1.1418633667081253,4.8765532305962385,1.5072982712750396,4.8765532305962385,stop_loss,8,120,0.75,down,London+NY overlap,True,False,prev_day_sweep,2017
2017-12-15 15:15:00,2017-12-15 15:30:00,short,1259.71,1260.1361029255231,1255.8750736702916,1260.216102925523,-474.98599018915155,132826.56842710753,-1.1877480655682415,0.0,3.8253668359561246,0.0,stop_loss,1,15,0.54,down,London+NY overlap,True,False,prev_day_sweep,2017
2017-12-15 15:45:00,2017-12-15 16:45:00,short,1260.94,1261.41054282864,1256.7051145422413,1256.7551145422412,3543.9747932483797,136370.5432203559,8.893739747037731,13.580060328343489,0.0,7.948266921440371,take_profit,4,60,0.6,down,London+NY overlap,True,False,prev_day_sweep,2017
2017-12-19 15:15:00,2017-12-19 15:30:00,long,1261.9199999999998,1261.5323592652683,1265.4087666125843,1261.4523592652683,-493.54272123744437,135877.00049911847,-1.2063766597061159,0.2837679070964959,2.3475345041588276,0.0,stop_loss,1,15,0.68,up,London+NY overlap,False,False,no_sweep,2017
2017-12-20 16:00:00,2017-12-20 16:30:00,long,1263.75,1263.345066301116,1267.3944032899553,1263.2650663011161,-488.16388925067747,135388.83660986778,-1.1975632065704023,1.4570286484578414,4.445172147837987,1.4570286484578414,stop_loss,2,30,0.68,up,London+NY overlap,False,False,no_sweep,2017
2017-12-21 14:45:00,2017-12-21 15:15:00,long,1264.1499999999999,1263.849081489177,1266.8582665974063,1263.769081489177,-514.1469750309236,134874.68963483686,-1.2658527047112296,1.5618846401799846,5.017969801428235,1.5618846401799846,stop_loss,2,30,0.5,up,London+NY overlap,False,False,no_sweep,2017
2017-12-22 15:45:00,2017-12-22 16:15:00,long,1267.8,1267.5090779187587,1270.4182987311715,1270.3682987311715,3572.0749636303176,138446.76459846718,8.828132674611878,12.5119412884378,0.0,8.318378548906471,take_profit,2,30,0.48,up,London+NY overlap,False,False,no_sweep,2017
2017-12-27 14:00:00,2017-12-27 14:45:00,long,1284.52,1284.1866548491519,1287.5201063576333,1284.106654849152,-515.018430462646,137931.74616800452,-1.2399914916907782,3.9898585493625998,4.979823452588424,3.9898585493625998,stop_loss,3,45,0.67,up,London+NY overlap,False,False,no_sweep,2017
2017-12-28 15:15:00,2017-12-28 16:15:00,long,1289.47,1289.0423671762017,1293.318695414185,1293.268695414185,3675.7750748756807,141607.5212428802,8.883077263442285,10.873814499778163,0.0,8.137822464350391,take_profit,4,60,0.75,up,London+NY overlap,False,False,no_sweep,2017
2018-01-02 14:00:00,2018-01-02 17:00:00,long,1310.12,1309.5661201515352,1315.104918636183,1312.96,2178.263181687656,143785.78442456786,5.127465835545972,7.76341658198855,0.0,7.76341658198855,time_stop,12,180,0.61,up,London+NY overlap,False,False,no_sweep,2018
2018-01-08 15:00:00,2018-01-08 17:00:00,long,1318.4099999999999,1317.89678941917,1323.0288952274668,1317.8167894191702,-498.5979549894185,143287.18646957845,-1.1558814314985135,4.540046692398641,1.4224180624248235,4.540046692398641,stop_loss,8,120,0.63,up,London+NY overlap,False,False,no_sweep,2018
2018-01-09 15:45:00,2018-01-09 16:15:00,long,1311.6399999999999,1311.0611548916522,1316.8496059751283,1310.9811548916523,-489.27110482379965,142797.91536475465,-1.1382062296912074,2.504987913155493,2.746848815115106,2.504987913155493,stop_loss,2,30,0.8,up,London+NY overlap,True,False,prev_day_sweep,2018
2018-01-16 15:30:00,2018-01-16 15:45:00,long,1333.83,1333.162871412846,1339.8341572843854,1333.082871412846,-479.76540119559644,142318.14996355906,-1.1199169118823424,0.9743249090450555,1.8137432922221348,0.0,stop_loss,1,15,0.87,up,London+NY overlap,True,False,prev_day_sweep,2018
2018-01-17 14:15:00,2018-01-17 14:30:00,long,1336.09,1335.4930453993377,1341.462591405961,1335.4130453993378,-484.1721276727596,141833.9778358863,-1.1340135412495012,0.0,2.546257283742809,0.0,stop_loss,1,15,0.23,up,London+NY overlap,False,False,no_sweep,2018
2018-01-22 14:45:00,2018-01-22 15:00:00,long,1332.27,1331.7920636449599,1336.571427195361,1331.71206364496,-496.72512948680486,141337.25270639948,-1.1673863039634436,0.0,2.657257575422045,0.0,stop_loss,1,15,0.2,up,London+NY overlap,False,False,no_sweep,2018
2018-01-22 15:15:00,2018-01-22 18:15:00,long,1331.18,1330.6882589591746,1335.6056693674286,1334.0800000000002,2500.572448623828,143837.8251550233,5.8974129861768265,8.663096317624978,0.0,8.663096317624978,time_stop,12,180,0.29,up,London+NY overlap,False,False,no_sweep,2018
2018-01-25 14:15:00,2018-01-25 14:30:00,long,1358.68,1358.0351251719087,1364.4838734528219,1357.9551251719088,-485.04491526300154,143352.78023976032,-1.1240550824982634,0.6202754124916702,1.1785232837345612,0.0,stop_loss,1,15,0.41,up,London+NY overlap,False,False,no_sweep,2018
2018-01-26 14:00:00,2018-01-26 16:00:00,long,1350.3799999999999,1349.6682078069225,1356.786129737696,1349.5882078069226,-478.3936099061564,142874.38662985415,-1.1123923538049134,4.875018346292593,2.346190385679485,4.875018346292593,stop_loss,8,120,0.38,up,London+NY overlap,False,False,no_sweep,2018
2018-01-29 14:15:00,2018-01-29 14:30:00,long,1343.69,1343.011277444029,1349.7985030037398,1342.931277444029,-479.1443227557,142395.24230709847,-1.1178684858726593,0.0,3.359251847373809,0.0,stop_loss,1,15,0.41,up,London+NY overlap,True,False,prev_day_sweep,2018
2018-01-29 14:45:00,2018-01-29 17:45:00,long,1341.83,1341.0978106532698,1348.4197041205716,1341.0178106532699,-473.86061819947776,141921.38168889898,-1.109261354808284,5.080652998589862,2.0623080720082227,5.080652998589862,stop_loss,12,180,0.56,up,London+NY overlap,True,False,prev_day_sweep,2018
2018-01-30 14:30:00,2018-01-30 15:00:00,long,1343.6299999999999,1342.855025324212,1350.6047720820918,1342.775025324212,-469.71542846918345,141451.6662604298,-1.103229179609761,0.8387370843301893,1.7161851110137458,0.8387370843301893,stop_loss,2,30,0.74,up,London+NY overlap,False,False,no_sweep,2018
2018-02-01 14:00:00,2018-02-01 16:30:00,long,1337.72,1337.1334952043208,1342.998543161113,1342.948543161113,3783.018388097482,145234.6846485273,8.914749205174868,10.417647127545568,0.0,5.7800038890963545,take_profit,10,150,0.21,up,London+NY overlap,False,False,no_sweep,2018
2018-02-02 15:45:00,2018-02-02 16:00:00,long,1340.58,1339.8145295862653,1347.4692337236113,1339.7345295862654,-481.2398756967514,144753.44477283055,-1.1045108975663944,0.0,9.001001052913738,0.0,stop_loss,1,15,0.75,up,London+NY overlap,False,False,no_sweep,2018
2018-02-08 15:30:00,2018-02-08 15:45:00,short,1313.8300000000002,1314.7718640844123,1305.3532232402915,1314.8518640844122,-471.1455148030314,144282.29925802752,-1.0849379452130383,0.0,1.8686347946882897,0.0,stop_loss,1,15,0.77,down,London+NY overlap,False,False,no_sweep,2018
2018-02-08 16:00:00,2018-02-08 16:15:00,short,1314.88,1315.8145919911512,1306.4686720796392,1315.8945919911512,-469.8980946062361,143812.40116342128,-1.0855988503618474,0.0,2.086471977571734,0.0,stop_loss,1,15,0.75,down,London+NY overlap,False,False,no_sweep,2018
2018-02-09 14:45:00,2018-02-09 15:00:00,short,1316.81,1317.4294648570024,1311.2348162869787,1317.5094648570023,-487.1546116515718,143325.2465517697,-1.129143726388365,1.0815787085032909,2.017870724820038,0.0,stop_loss,1,15,0.2,down,London+NY overlap,False,False,no_sweep,2018
2018-02-15 13:15:00,2018-02-15 13:30:00,long,1352.9199999999998,1352.2722613859394,1358.7496475265432,1352.1922613859394,-483.0805853843026,142842.1659663854,-1.1235066093997887,0.0,2.3003106000728204,0.0,stop_loss,1,15,0.35,up,London+NY overlap,False,False,no_sweep,2018
2018-02-15 13:45:00,2018-02-15 14:00:00,long,1351.81,1351.1321794603255,1357.9103848570703,1351.0521794603255,-479.103483731372,142363.06248265403,-1.118025340510257,0.0,2.390013145334716,0.0,stop_loss,1,15,0.39,up,London+NY overlap,False,False,no_sweep,2018
2018-02-15 14:15:00,2018-02-15 14:30:00,long,1350.37,1349.6918026979336,1356.4737757185962,1349.6118026979336,-477.46853117537773,141885.59395147866,-1.1179597732933804,0.9731681296713925,1.0026580729944023,0.0,stop_loss,1,15,0.39,up,London+NY overlap,False,False,no_sweep,2018
2018-02-16 14:30:00,2018-02-16 15:45:00,long,1354.87,1354.1855019759682,1361.0304822162846,1354.1055019759683,-475.4049788583606,141410.1889726203,-1.11687396777091,3.18481562176029,1.1687396777100976,3.18481562176029,stop_loss,5,75,0.61,up,London+NY overlap,False,False,no_sweep,2018
2018-02-21 16:00:00,2018-02-21 16:15:00,short,1329.76,1330.2942055233796,1324.9521502895848,1330.3742055233795,-487.76125663947147,140922.42771598083,-1.1497550970529462,0.0,4.511372298724258,0.0,stop_loss,1,15,0.23,down,London+NY overlap,False,False,no_sweep,2018
2018-02-22 15:30:00,2018-02-22 15:45:00,short,1324.0,1324.5612948469784,1318.9483463771937,1324.6412948469783,-483.02328377555244,140439.40443220528,-1.1425275867587041,0.5701103470352213,5.398232348490777,0.0,stop_loss,1,15,0.35,down,London+NY overlap,False,False,no_sweep,2018
2018-02-22 16:00:00,2018-02-22 16:30:00,short,1326.93,1327.5893307609151,1320.9960231517641,1327.669330760915,-472.4389239652951,139966.96550823998,-1.1213351548908457,0.9251805560437327,2.2750341542054255,0.9251805560437327,stop_loss,2,30,0.55,down,London+NY overlap,False,False,no_sweep,2018
2018-02-23 13:45:00,2018-02-23 14:00:00,short,1329.74,1330.2123216440475,1325.489105203572,1330.2923216440474,-491.0220745297851,139475.9434337102,-1.1693761042038597,0.0,3.0911139017233293,0.0,stop_loss,1,15,0.21,down,London+NY overlap,False,False,no_sweep,2018
2018-02-23 14:15:00,2018-02-23 14:30:00,short,1330.94,1331.421057948184,1326.6104784663453,1331.5010579481839,-488.0124334667854,138987.9310002434,-1.1663001314123316,1.0809508541811002,1.4135511170057633,0.0,stop_loss,1,15,0.32,down,London+NY overlap,False,False,no_sweep,2018
2018-03-02 13:15:00,2018-03-02 14:45:00,short,1322.91,1323.6148566836146,1316.5662898474693,1323.6948566836145,-464.2884537657726,138523.64254647764,-1.1134982498707255,2.681396153198473,1.2342934673451087,2.6104597470292696,stop_loss,6,90,0.5,down,London+NY overlap,True,False,prev_day_sweep,2018
2018-03-02 16:00:00,2018-03-02 19:00:00,short,1324.94,1325.802324564125,1317.1790789228755,1319.81,2472.2464690005477,140995.8890154782,5.94903614418758,8.56985908490173,0.25512435706070213,8.56985908490173,time_stop,12,180,0.6,down,London+NY overlap,True,False,prev_day_sweep,2018
2018-03-06 14:00:00,2018-03-06 14:45:00,short,1327.52,1328.0781742168151,1322.4964320486633,1328.158174216815,-483.6121322121043,140512.27688326608,-1.1433244273739416,1.8273864490193867,1.6661464682237024,1.5765687011145815,stop_loss,3,45,0.79,down,London+NY overlap,True,False,prev_day_sweep,2018
2018-03-07 14:15:00,2018-03-07 16:30:00,long,1329.7,1329.1607724759738,1334.5530477162365,1329.0807724759738,-484.07619473891714,140028.20068852717,-1.1483603793118493,5.044252896607514,1.8359596939858216,5.044252896607514,stop_loss,9,135,0.21,up,London+NY overlap,False,False,no_sweep,2018
2018-03-08 13:45:00,2018-03-08 14:30:00,long,1324.37,1323.9035567265664,1328.567989460901,1323.8235567265665,-492.1335951142709,139536.0670934129,-1.171510673551042,2.2939552587476246,1.6293513987363617,2.2939552587476246,stop_loss,3,45,0.27,up,London+NY overlap,False,False,no_sweep,2018
2018-03-12 15:15:00,2018-03-12 16:45:00,short,1318.3300000000002,1318.9262610266285,1312.963650760346,1319.0062610266284,-474.77262358326385,139061.29446982962,-1.1341694265216407,3.706430407664136,1.8112872580436739,3.1529815232616056,stop_loss,6,90,0.66,down,London+NY overlap,False,False,no_sweep,2018
2018-03-14 14:15:00,2018-03-14 14:30:00,short,1327.2,1327.7089622432923,1322.619339810371,1327.7889622432922,-482.7579237486009,138578.536546081,-1.157182582901333,3.5562559381457834,2.5542169721488928,0.0,stop_loss,1,15,0.58,down,London+NY overlap,False,False,no_sweep,2018
2018-03-15 14:45:00,2018-03-15 15:00:00,long,1319.84,1319.2930532482615,1324.7625207656465,1319.2130532482615,-476.5438120186696,138101.99273406234,-1.1462665236527116,0.0365666309131779,3.729796353147471,0.0,stop_loss,1,15,0.7,up,London+NY overlap,True,False,prev_day_sweep,2018
2018-03-15 15:15:00,2018-03-15 15:30:00,long,1319.04,1318.4500561171235,1324.349494945889,1318.3700561171236,-470.48840371448796,137631.50433034785,-1.135606118347834,1.8815348920781263,2.8985807796876535,0.0,stop_loss,1,15,0.74,up,London+NY overlap,True,False,prev_day_sweep,2018
2018-03-15 15:45:00,2018-03-15 17:30:00,long,1317.47,1316.82777797854,1323.2499981931392,1316.7477779785402,-464.3277556010751,137167.17657474676,-1.1245675129888375,3.17647158121819,1.3235298255078152,3.17647158121819,stop_loss,7,105,0.79,up,London+NY overlap,True,False,prev_day_sweep,2018
2018-03-19 14:15:00,2018-03-19 15:15:00,short,1312.56,1313.0988754405323,1307.710121035209,1313.1788754405322,-472.59194116586565,136694.5846335809,-1.1484573131054068,2.7835746207289045,1.7443734289902149,2.7835746207289045,stop_loss,4,60,0.73,down,London+NY overlap,False,False,no_sweep,2018
2018-03-19 15:30:00,2018-03-19 15:45:00,short,1313.3,1313.8826782719655,1308.0558955523106,1313.9626782719654,-466.3870380464946,136228.1975955344,-1.1372970365448314,0.9439171262464963,1.4759431428584984,0.0,stop_loss,1,15,0.79,down,London+NY overlap,False,False,no_sweep,2018
2018-03-21 15:00:00,2018-03-21 15:15:00,short,1318.6200000000001,1319.1953285888587,1313.442042700272,1319.2753285888587,-465.5125830100013,135762.6850125244,-1.1390509728686324,0.1911950876947648,7.908524081910583,0.0,stop_loss,1,15,0.73,down,London+NY overlap,True,False,prev_day_sweep,2018
2018-03-21 15:30:00,2018-03-21 15:45:00,short,1322.07,1322.7676812832506,1315.7908684507445,1322.8476812832505,-453.989959166584,135308.6950533578,-1.1146655384349597,3.296634230008024,2.0066469226137498,0.0,stop_loss,1,15,0.86,down,London+NY overlap,True,False,prev_day_sweep,2018
2018-03-28 13:30:00,2018-03-28 13:45:00,long,1339.32,1338.7848476789657,1344.1363708893093,1338.7048476789657,-466.6080359549696,134842.08701740284,-1.1494901486091162,0.0,5.176096395595325,0.0,stop_loss,1,15,0.36,up,London+NY overlap,True,False,prev_day_sweep,2018
2018-03-28 14:00:00,2018-03-28 14:15:00,long,1337.1299999999999,1336.5424962129855,1342.4175340831289,1336.4624962129856,-459.61033301812233,134382.47668438472,-1.1361693350207607,1.3446721833315585,1.940413024047386,0.0,stop_loss,1,15,0.52,up,London+NY overlap,True,False,prev_day_sweep,2018
2018-03-28 15:15:00,2018-03-28 15:30:00,long,1335.3799999999999,1334.728808711415,1341.2407215972644,1334.648808711415,-452.6748039133155,133929.8018804714,-1.122851766297087,0.0,3.7623353428514323,0.0,stop_loss,1,15,0.64,up,London+NY overlap,True,False,prev_day_sweep,2018
2018-03-29 15:30:00,2018-03-29 15:45:00,long,1323.6299999999999,1323.096421629207,1328.4322053371347,1323.0164216292071,-462.0301391695045,133467.7717413019,-1.1499311148633258,0.0,3.1485534121323955,0.0,stop_loss,1,15,0.32,up,London+NY overlap,False,False,no_sweep,2018
2018-03-29 16:00:00,2018-03-29 16:15:00,long,1322.87,1322.2839043639592,1328.144860724366,1322.2039043639593,-455.0569643011698,133012.7147770007,-1.1364964949071457,0.6142342270829316,2.0645094854721306,0.0,stop_loss,1,15,0.49,up,London+NY overlap,True,False,prev_day_sweep,2018
2018-04-02 15:15:00,2018-04-02 15:30:00,short,1333.57,1333.9613339047532,1330.047994857221,1334.0413339047532,-480.6131143468889,132532.10166265382,-1.2044290030283928,0.0,2.9131132931575046,0.0,stop_loss,1,15,0.29,down,London+NY overlap,True,False,prev_day_sweep,2018
2018-04-02 15:45:00,2018-04-02 16:00:00,short,1334.49,1334.9319919893026,1330.5120720962775,1335.0119919893025,-469.56074137785964,132062.54092127597,-1.1809987554891315,0.7466198663931821,1.764737866020576,0.0,stop_loss,1,15,0.36,down,London+NY overlap,True,False,prev_day_sweep,2018
2018-04-05 13:30:00,2018-04-05 13:45:00,short,1328.25,1328.7243878183915,1323.9805096344755,1328.8043878183914,-463.0000673340633,131599.5408539419,-1.1686383943651442,0.0,3.541406281671387,0.0,stop_loss,1,15,0.24,down,London+NY overlap,False,False,no_sweep,2018
2018-04-05 14:00:00,2018-04-05 15:45:00,short,1329.76,1330.264931333205,1325.2156180011548,1325.2656180011547,3514.0933147253427,135113.63416866725,8.900976634423373,10.100383289008755,0.0,8.416986074174112,take_profit,7,105,0.31,down,London+NY overlap,False,False,no_sweep,2018
2018-04-09 15:00:00,2018-04-09 15:15:00,short,1329.57,1330.0829778137527,1324.953199676226,1330.1629778137526,-468.55469329984857,134645.0794753674,-1.15595216372942,0.0,6.920377265499206,0.0,stop_loss,1,15,0.24,down,London+NY overlap,False,False,no_sweep,2018
2018-04-09 15:30:00,2018-04-09 15:45:00,short,1332.42,1333.0148890332869,1327.0659987004196,1333.0948890332868,-458.2559894668768,134186.82348590053,-1.1344788616423527,0.5211055888648811,2.3869997941536716,0.0,stop_loss,1,15,0.54,down,London+NY overlap,False,False,no_sweep,2018
2018-04-09 16:00:00,2018-04-09 16:15:00,short,1333.54,1334.1386032991095,1328.1525703080147,1334.2186032991094,-456.3604372879784,133730.46304861255,-1.1336444355033357,1.3197388005965807,1.6538498893553002,0.0,stop_loss,1,15,0.55,down,London+NY overlap,False,False,no_sweep,2018
2018-04-13 14:00:00,2018-04-13 14:15:00,long,1338.98,1338.4844828947196,1343.4396539475247,1338.4044828947196,-465.9627376817741,133264.50031093077,-1.1614475043291403,0.0,7.0835092524474605,0.0,stop_loss,1,15,0.24,up,London+NY overlap,False,False,no_sweep,2018
2018-04-17 15:45:00,2018-04-17 16:00:00,long,1339.31,1338.5895584859431,1345.7939736265105,1338.5095584859432,-444.187777845703,132820.31253308506,-1.1110430179813595,0.44417207192606895,1.429678856511265,0.0,stop_loss,1,15,0.82,up,London+NY overlap,True,False,prev_day_sweep,2018
2018-04-19 13:15:00,2018-04-19 15:15:00,long,1347.1499999999999,1346.3418069321872,1354.423737610313,1346.2618069321873,-437.90309106165006,132382.4094420234,-1.0989862486898605,4.3925147856167746,1.1383418599342385,4.3925147856167746,stop_loss,8,120,0.87,up,London+NY overlap,False,False,no_sweep,2018
2018-04-20 16:00:00,2018-04-20 16:15:00,long,1339.37,1338.6510332095424,1345.8407011141173,1338.5710332095425,-441.33811264472126,131941.07132937867,-1.1112707861638882,1.2935228891564658,4.478649143100297,0.0,stop_loss,1,15,0.62,up,London+NY overlap,True,False,prev_day_sweep,2018
2018-04-26 14:00:00,2018-04-26 14:15:00,short,1324.6200000000001,1325.1382248416442,1319.9559764252033,1325.218224841644,-456.9276894481772,131484.1436399305,-1.1543731476594818,0.0,1.6981046242556168,0.0,stop_loss,1,15,0.71,down,London+NY overlap,False,False,no_sweep,2018
2018-04-27 13:45:00,2018-04-27 14:00:00,short,1319.52,1320.0543222516683,1314.711099734986,1320.1343222516682,-453.5107882594448,131030.63285167105,-1.1497223814844795,0.03743059537111986,1.3475014333615916,0.0,stop_loss,1,15,0.67,down,London+NY overlap,False,False,no_sweep,2018
2018-05-03 15:00:00,2018-05-03 18:00:00,short,1317.66,1318.4104767320111,1310.9057094118998,1313.84,2000.8762276430882,133031.50907931413,5.090097849887552,6.942253873799267,0.0,6.942253873799267,time_stop,12,180,0.87,down,London+NY overlap,True,False,prev_day_sweep,2018
2018-05-04 13:30:00,2018-05-04 13:45:00,short,1309.91,1310.3347915947065,1306.0868756476423,1310.4147915947065,-474.2550590772549,132557.25402023687,-1.1883276434770587,0.0,2.3305545880307426,0.0,stop_loss,1,15,0.23,down,London+NY overlap,False,False,no_sweep,2018
2018-05-04 14:00:00,2018-05-04 14:30:00,short,1310.73,1311.149820303599,1306.95161726761,1311.229820303599,-473.45118647658876,132083.80283376027,-1.1905577203249078,1.6435603378039536,2.6916277995914877,1.6435603378039536,stop_loss,2,30,0.21,down,London+NY overlap,False,False,no_sweep,2018
2018-05-07 13:15:00,2018-05-07 15:00:00,short,1314.64,1315.126115897919,1310.26495691873,1310.3149569187299,3525.505790119808,135609.3086238801,8.897143869984282,9.113053119566919,0.0,7.817065881344346,take_profit,7,105,0.46,down,London+NY overlap,False,False,no_sweep,2018
2018-05-08 14:45:00,2018-05-08 15:00:00,short,1310.82,1311.393163735826,1305.6615263775655,1311.473163735826,-463.6114103026586,135145.69721357743,-1.1395761716931259,2.7391823694799764,1.9889604466290278,0.0,stop_loss,1,15,0.8,down,London+NY overlap,False,False,no_sweep,2018
2018-05-09 14:00:00,2018-05-09 14:15:00,short,1308.73,1309.3191783899078,1303.427394490829,1309.3991783899078,-460.4882745877225,134685.2089389897,-1.1357823052750498,1.6124148751427614,2.1215985199245844,0.0,stop_loss,1,15,0.33,down,London+NY overlap,False,False,no_sweep,2018
2018-05-09 14:30:00,2018-05-09 14:45:00,short,1309.8700000000001,1310.4894191219105,1304.2952279028068,1310.5694191219104,-456.24072895852936,134228.96821003116,-1.1291532617740263,0.0,2.583065235482725,0.0,stop_loss,1,15,0.48,down,London+NY overlap,False,False,no_sweep,2018
2018-05-09 15:00:00,2018-05-09 15:15:00,short,1311.25,1311.9446522020553,1304.9981301815017,1312.0246522020552,-449.0625617935813,133779.9056482376,-1.1151655458130387,0.48945356970574166,2.4616635417559927,0.0,stop_loss,1,15,0.7,down,London+NY overlap,False,False,no_sweep,2018
2018-05-10 13:45:00,2018-05-10 14:00:00,short,1316.38,1316.9362589567477,1311.373669389271,1317.0162589567476,-459.05955581845893,133320.84609241912,-1.1438179089603968,1.6898604302862965,3.1819712357516385,0.0,stop_loss,1,15,0.52,down,London+NY overlap,False,False,no_sweep,2018
2018-05-10 14:45:00,2018-05-10 15:30:00,short,1318.02,1318.6466114916616,1312.380496575046,1318.7266114916615,-451.02608161781114,132869.8200108013,-1.1276708152730948,1.228831597004625,7.1016890995724244,1.228831597004625,stop_loss,3,45,0.73,down,London+NY overlap,True,False,prev_day_sweep,2018
2018-05-10 15:45:00,2018-05-10 16:00:00,short,1320.48,1321.1890053835211,1314.0989515483104,1321.269005383521,-443.5862085081277,132426.2338022932,-1.1128341220804632,0.0,3.145251152995796,0.0,stop_loss,1,15,0.78,down,London+NY overlap,True,False,prev_day_sweep,2018
2018-05-14 13:15:00,2018-05-14 13:30:00,long,1320.06,1319.6530325006709,1323.722707493961,1319.573032500671,-475.37411729369336,131950.8596849995,-1.1965758939763325,0.3440078144591403,3.489222118082693,0.0,stop_loss,1,15,0.31,up,London+NY overlap,False,False,no_sweep,2018
2018-05-14 13:45:00,2018-05-14 14:30:00,long,1319.27,1318.8428188398643,1323.1146304412214,1318.7628188398644,-469.9855448307228,131480.87414016877,-1.1872741765449617,2.2706993906097908,2.3409272068141513,2.2706993906097908,stop_loss,3,45,0.42,up,London+NY overlap,False,False,no_sweep,2018
2018-05-14 15:00:00,2018-05-14 15:30:00,long,1318.95,1318.536792576214,1322.668866814074,1318.4567925762142,-470.809618696835,131010.06452147194,-1.1936073637471043,1.3310506257624426,2.4200920468410048,1.3310506257624426,stop_loss,2,30,0.4,up,London+NY overlap,False,False,no_sweep,2018
2018-05-18 15:00:00,2018-05-18 16:30:00,short,1288.6200000000001,1289.0807312867262,1284.4734184194647,1289.160731286726,-461.2747786208235,130548.78974285112,-1.1736370034004084,5.556384108818499,4.0370603290629505,5.556384108818499,stop_loss,6,90,0.58,down,London+NY overlap,False,False,no_sweep,2018
2018-05-21 16:00:00,2018-05-21 16:15:00,short,1287.0,1287.556927774168,1281.9876500324897,1287.6369277741678,-447.904489206622,130100.8852536445,-1.1436451972959258,0.0,4.883936708065971,0.0,stop_loss,1,15,0.84,down,London+NY overlap,False,False,no_sweep,2018
2018-05-22 13:15:00,2018-05-22 14:30:00,short,1294.93,1295.4367945257889,1290.3688492679014,1295.5167945257888,-451.91384308038596,129648.97141056412,-1.1578549016002346,2.486214700205939,1.440425977103487,2.4664828375059096,stop_loss,5,75,0.61,down,London+NY overlap,True,False,prev_day_sweep,2018
2018-05-24 15:45:00,2018-05-24 16:00:00,short,1298.07,1298.5788309281086,1293.4905216470224,1298.6588309281085,-450.0983722497155,129198.8730383144,-1.157223147376857,0.2947934013316073,2.7317521856755755,0.0,stop_loss,1,15,0.4,down,London+NY overlap,True,False,prev_day_sweep,2018
2018-05-29 15:15:00,2018-05-29 15:30:00,long,1302.03,1301.257584694817,1308.9817377466456,1301.1775846948171,-427.7404760803678,128771.13256223404,-1.1035712258200059,0.0,6.602665646031261,0.0,stop_loss,1,15,0.86,up,London+NY overlap,False,False,no_sweep,2018
2018-05-30 13:30:00,2018-05-30 15:30:00,long,1296.6499999999999,1296.0394288133523,1302.1451406798283,1302.0951406798283,3445.185169081318,132216.31773131536,8.918109466851426,9.302764565728816,0.0,6.256436732585423,take_profit,8,120,0.23,up,London+NY overlap,False,False,no_sweep,2018
2018-05-31 15:30:00,2018-05-31 15:45:00,long,1303.47,1302.9212709530277,1308.4085614227506,1302.8412709530278,-454.4769767523344,131761.84075456302,-1.1457914437760097,0.0,6.961541440310681,0.0,stop_loss,1,15,0.68,up,London+NY overlap,False,False,no_sweep,2018
2018-06-01 14:00:00,2018-06-01 14:15:00,long,1298.04,1297.5731874933103,1302.2413125602063,1297.4931874933104,-463.0275842862306,131298.8131702768,-1.1713750142798092,0.19279689106527226,5.20551605875407,0.0,stop_loss,1,15,0.44,up,London+NY overlap,True,False,prev_day_sweep,2018
2018-06-01 14:30:00,2018-06-01 14:45:00,long,1295.95,1295.4246616651503,1300.6780450136475,1295.3446616651504,-453.8800977943098,130844.93307248248,-1.1522828141274177,0.0,2.836267413125754,0.0,stop_loss,1,15,0.62,up,London+NY overlap,True,False,prev_day_sweep,2018
2018-06-01 15:00:00,2018-06-01 15:15:00,long,1295.0,1294.4526674561755,1299.9259928944205,1294.3726674561756,-449.909030462569,130395.02404201991,-1.1461634264261464,0.0,2.5578599624600553,0.0,stop_loss,1,15,0.66,up,London+NY overlap,True,False,prev_day_sweep,2018
2018-06-01 15:30:00,2018-06-01 15:45:00,long,1294.0,1293.4429632657839,1299.0133306079442,1293.362963265784,-447.36593749411315,129947.65810452579,-1.1436170993507366,0.3769948857960917,3.3211454224886405,0.0,stop_loss,1,15,0.7,up,London+NY overlap,True,False,prev_day_sweep,2018
2018-06-01 16:00:00,2018-06-01 19:00:00,long,1292.43,1291.675488734273,1299.2206013915438,1296.42,2061.5642710279344,132009.2223755537,5.28819141773138,8.69436984970363,0.0,8.69436984970363,time_stop,12,180,0.86,up,London+NY overlap,True,False,prev_day_sweep,2018
2018-06-04 14:00:00,2018-06-04 14:30:00,short,1294.95,1295.4203773379124,1290.7166039587892,1295.5003773379124,-463.3825560988094,131545.8398194549,-1.1700762208378896,0.8291215765856783,1.8708384292182352,0.8291215765856783,stop_loss,2,30,0.37,down,London+NY overlap,False,False,no_sweep,2018
2018-06-04 14:45:00,2018-06-04 15:00:00,short,1295.66,1296.1359763161056,1291.3762131550511,1296.2159763161055,-460.96645324851096,131084.8733662064,-1.168075589673232,0.21009448709201753,3.046370062829716,0.0,stop_loss,1,15,0.39,down,London+NY overlap,False,False,no_sweep,2018
2018-06-04 15:15:00,2018-06-04 15:30:00,short,1296.79,1297.323749986846,1291.9862501183857,1297.403749986846,-452.1967660155915,130632.6766001908,-1.149882907674908,0.8618267191315726,1.030444990265844,0.0,stop_loss,1,15,0.63,down,London+NY overlap,False,False,no_sweep,2018
2018-06-05 15:15:00,2018-06-05 15:30:00,short,1292.69,1293.171325791007,1288.3580678809376,1293.2513257910068,-457.03445708080477,130175.64214310999,-1.166207590564767,0.8518139016453755,1.6620759056490868,0.0,stop_loss,1,15,0.7,down,London+NY overlap,False,False,no_sweep,2018
2018-06-06 14:45:00,2018-06-06 15:00:00,short,1295.25,1295.6975765184714,1291.2218113337572,1295.7775765184713,-460.32986028524846,129715.31228282474,-1.1787403867235005,0.0,2.301282479067101,0.0,stop_loss,1,15,0.56,down,London+NY overlap,False,False,no_sweep,2018
2018-06-06 15:45:00,2018-06-06 16:00:00,short,1297.8600000000001,1298.356842668265,1293.3884159856163,1298.436842668265,-451.8049573721542,129263.50732545259,-1.1610167666945939,0.16101676669505152,2.314616021236618,0.0,stop_loss,1,15,0.7,down,London+NY overlap,False,False,no_sweep,2018
2018-06-07 15:30:00,2018-06-07 16:15:00,short,1302.45,1302.9861426470047,1297.6247161769588,1297.6747161769588,3453.94983344099,132717.45715889358,8.906741237093888,11.452176084672656,0.0,4.084733815217155,take_profit,3,45,0.81,down,London+NY overlap,True,False,prev_day_sweep,2018
2018-06-08 13:30:00,2018-06-08 16:30:00,short,1300.1000000000001,1300.6729561795394,1294.943394384147,1298.9299999999998,813.0434599770958,133530.50061887066,2.0420409828570234,5.131282469742068,0.7155870110862117,5.131282469742068,time_stop,12,180,0.65,down,London+NY overlap,False,False,no_sweep,2018
2018-06-11 13:30:00,2018-06-11 15:15:00,long,1294.93,1294.5470598340387,1298.3764614936517,1298.3264614936518,3553.018804711483,137083.51942358215,8.869431299077466,11.41170446048404,0.05222748036830182,7.311847251568786,take_profit,7,105,0.45,up,London+NY overlap,False,False,no_sweep,2018
2018-06-13 14:00:00,2018-06-13 15:15:00,short,1294.82,1295.1570389277972,1291.7866496498239,1295.2370389277971,-508.8655277837626,136574.6538957984,-1.2373613057778547,3.679100239560122,2.2549324048916444,3.679100239560122,stop_loss,5,75,0.34,down,London+NY overlap,False,False,no_sweep,2018
2018-06-13 16:00:00,2018-06-13 16:15:00,short,1296.53,1296.9355803877822,1292.8797765099603,1297.0155803877822,-490.5412741669092,136084.1126216315,-1.1972481964361525,0.12328012277259537,2.8600988483270156,0.0,stop_loss,1,15,0.65,down,London+NY overlap,False,False,no_sweep,2018
2018-06-14 15:00:00,2018-06-14 15:15:00,long,1303.29,1302.7892096132455,1307.7971134807897,1307.7471134807897,3633.5102405901926,139717.6228622217,8.900157827859525,11.961092222276617,0.0,0.0,take_profit,1,15,0.73,up,London+NY overlap,False,False,no_sweep,2018
2018-06-15 13:15:00,2018-06-15 14:45:00,long,1298.75,1298.2579769804245,1303.178207176179,1298.1779769804245,-487.30461790081574,139230.3182443209,-1.1625940186069832,2.784422568646898,1.2601036442050442,2.784422568646898,stop_loss,6,90,0.46,up,London+NY overlap,False,False,no_sweep,2018
2018-06-15 15:30:00,2018-06-15 15:45:00,long,1294.53,1293.8722268818178,1300.4499580636393,1293.792226881818,-468.4915658478629,138761.82667847304,-1.1216224831762946,0.0,3.4814435809245428,0.0,stop_loss,1,15,0.73,up,London+NY overlap,True,False,prev_day_sweep,2018
2018-06-15 16:00:00,2018-06-15 16:15:00,long,1292.32,1291.636996648098,1298.4670301671176,1291.556996648098,-465.0448870135285,138296.7817914595,-1.1171297326391512,0.0,6.266440696200247,0.0,stop_loss,1,15,0.77,up,London+NY overlap,True,False,prev_day_sweep,2018
2018-06-20 14:15:00,2018-06-20 14:30:00,short,1273.3400000000001,1273.8284293384932,1268.9441359535626,1273.908429338493,-482.8453698049909,137813.9364216545,-1.1637903248129162,1.433165342114413,1.494586713918791,0.0,stop_loss,1,15,0.52,down,London+NY overlap,False,False,no_sweep,2018
2018-06-21 15:00:00,2018-06-21 15:15:00,short,1264.06,1264.6021018029937,1259.181083773056,1264.6821018029937,-474.4549705540549,137339.48145110047,-1.14757375747161,3.1174956265906992,1.1252499007222851,0.0,stop_loss,1,15,0.72,down,London+NY overlap,False,False,no_sweep,2018
2018-06-25 14:45:00,2018-06-25 15:30:00,short,1269.5800000000002,1270.0962459716113,1264.933786255499,1270.1762459716113,-475.86683709787536,136863.61461400258,-1.1549648896053417,2.3051027328816582,1.414054617649623,2.3051027328816582,stop_loss,3,45,0.87,down,London+NY overlap,False,False,no_sweep,2018
2018-06-26 13:45:00,2018-06-26 16:15:00,short,1257.7,1258.204815476808,1253.1566607087284,1258.284815476808,-475.65871322474413,136387.95590077783,-1.1584737466960515,5.9229562827703255,2.9119550955426465,5.9229562827703255,stop_loss,10,150,0.68,down,London+NY overlap,False,False,no_sweep,2018
2018-06-28 13:45:00,2018-06-28 15:45:00,short,1252.82,1253.3514384188559,1248.0370542302965,1253.4314384188558,-470.7572870991159,135917.19861367872,-1.1505348449819415,4.327876793234668,2.671993498432028,4.327876793234668,stop_loss,8,120,0.62,down,London+NY overlap,False,False,no_sweep,2018
2018-07-03 15:00:00,2018-07-03 15:15:00,short,1247.72,1248.2801358293839,1242.6787775355444,1248.3601358293838,-465.9876985076612,135451.21091517105,-1.14282250090648,0.8747878180530015,1.4996362595192572,0.0,stop_loss,1,15,0.61,down,London+NY overlap,False,False,no_sweep,2018
2018-07-05 15:30:00,2018-07-05 15:45:00,short,1255.41,1255.8694827053812,1251.2746556515692,1255.9494827053811,-477.1033916350199,134974.10752353602,-1.1741088381848308,0.261163257277741,1.8063791961691038,0.0,stop_loss,1,15,0.48,down,London+NY overlap,False,False,no_sweep,2018
2018-07-09 13:15:00,2018-07-09 13:30:00,short,1263.3600000000001,1263.8125538698107,1259.2870151717054,1263.8925538698106,-476.50227794515484,134497.60524559085,-1.1767745352247532,0.0,2.0108103381830724,0.0,stop_loss,1,15,0.65,down,London+NY overlap,True,True,both,2018
2018-07-09 13:45:00,2018-07-09 14:00:00,short,1264.05,1264.510901040806,1259.9018906327458,1264.5909010408059,-473.5282949417324,134024.07695064912,-1.173573051299751,0.0,2.408326086786511,0.0,stop_loss,1,15,0.71,down,London+NY overlap,True,True,both,2018
2018-07-09 15:45:00,2018-07-09 16:00:00,long,1263.52,1263.0411598031078,1267.8295617720294,1262.9611598031079,-469.2465797827439,133554.83037086637,-1.167070351485009,0.14618655754938287,2.109263187500138,0.0,stop_loss,1,15,0.8,up,London+NY overlap,False,False,no_sweep,2018
2018-07-11 14:00:00,2018-07-11 14:15:00,short,1250.4,1250.8733042370584,1246.1402618664752,1250.9533042370583,-468.38659621817953,133086.44377464819,-1.1690244746109741,0.0,1.246555500256895,0.0,stop_loss,1,15,0.21,down,London+NY overlap,False,False,no_sweep,2018
2018-07-12 15:00:00,2018-07-12 15:30:00,short,1244.41,1244.8707819947983,1240.2629620468165,1244.9507819947983,-468.57789599544674,132617.86587865275,-1.1736178950198652,2.3221393458931643,3.6025713216651636,1.4323476339153682,stop_loss,2,30,0.37,down,London+NY overlap,False,False,no_sweep,2018
2018-07-12 15:45:00,2018-07-12 16:00:00,short,1245.54,1246.0681115315494,1240.786996216055,1246.1481115315494,-458.12171508732916,132159.74416356542,-1.1514831531233685,2.461601238256892,3.1432754273129118,0.0,stop_loss,1,15,0.68,down,London+NY overlap,False,False,no_sweep,2018
2018-07-18 15:45:00,2018-07-18 16:00:00,short,1224.95,1225.4992507036916,1220.0067436667766,1225.5792507036915,-454.2276129407282,131705.51655062468,-1.145652976795921,0.910331104975333,1.2562569248660589,0.0,stop_loss,1,15,0.65,down,London+NY overlap,False,False,no_sweep,2018
2018-07-20 13:15:00,2018-07-20 15:30:00,short,1225.57,1226.1936711137498,1219.9569599762515,1226.2736711137497,-445.799230435448,131259.71732018923,-1.128272735799675,3.9123184418933685,2.132534232671784,3.9123184418933685,stop_loss,9,135,0.24,down,London+NY overlap,False,False,no_sweep,2018
2018-07-20 16:00:00,2018-07-20 16:15:00,short,1229.92,1230.6716143514418,1223.1554708370236,1230.7516143514417,-435.69204531656817,130824.02527487266,-1.106437563155191,1.530039970357385,1.1708131947080098,0.0,stop_loss,1,15,0.68,down,London+NY overlap,True,False,prev_day_sweep,2018
2018-07-24 13:15:00,2018-07-24 13:45:00,short,1226.44,1227.0392930510197,1221.046362540822,1227.1192930510197,-444.86341594197495,130379.16185893069,-1.1334906184275102,1.5184557846144457,1.535142111917505,0.6674530921383096,stop_loss,2,30,0.71,down,London+NY overlap,False,False,no_sweep,2018
2018-07-24 14:00:00,2018-07-24 14:45:00,short,1226.82,1227.4155454931088,1221.460090562021,1227.4955454931087,-443.67922958827234,129935.48262934241,-1.1343306278456011,1.7462981619943423,2.182872702492928,1.7462981619943423,stop_loss,3,45,0.7,down,London+NY overlap,False,False,no_sweep,2018
2018-07-24 15:00:00,2018-07-24 16:45:00,short,1227.73,1228.3105553630955,1222.5050017321398,1228.3905553630955,-443.52142119348025,129491.96120814893,-1.137799088743865,5.339714688829462,2.3770342808336267,5.339714688829462,stop_loss,7,105,0.63,down,London+NY overlap,False,False,no_sweep,2018
2018-07-25 14:45:00,2018-07-25 16:00:00,short,1232.81,1233.3515021496826,1227.936480652857,1233.4315021496825,-445.8682147687316,129046.0929933802,-1.1477371789693076,3.2502179373277054,2.1975905371705493,3.2502179373277054,stop_loss,5,75,0.62,down,London+NY overlap,True,False,prev_day_sweep,2018
2018-07-26 15:45:00,2018-07-26 16:30:00,short,1229.1100000000001,1229.6170016373621,1224.5469852637416,1229.697001637362,-448.22498962574963,128597.86800375444,-1.157790417435685,5.424045599357055,2.228789646280845,4.595645907818811,stop_loss,3,45,0.44,down,London+NY overlap,False,False,no_sweep,2018
2018-07-27 14:15:00,2018-07-27 14:30:00,short,1219.24,1219.735329853576,1214.782031317816,1219.815329853576,-448.10256459187485,128149.76543916257,-1.1615085370331655,0.0,2.705267995307819,0.0,stop_loss,1,15,0.53,down,London+NY overlap,False,False,no_sweep,2018
2018-07-27 14:45:00,2018-07-27 15:15:00,short,1220.4,1220.8872231900732,1216.0149912893417,1220.9672231900731,-447.57425492373966,127702.19118423884,-1.1641957969774037,3.28391593955134,1.7240558682641387,3.222342515684814,stop_loss,2,30,0.53,down,London+NY overlap,False,False,no_sweep,2018
2018-07-27 15:45:00,2018-07-27 16:00:00,short,1221.9,1222.5194531323325,1216.3249218090089,1222.5994531323324,-432.583320516267,127269.60786372257,-1.1291461707501669,0.0,5.149703558667316,0.0,stop_loss,1,15,0.88,down,London+NY overlap,False,False,no_sweep,2018
2018-07-30 16:00:00,2018-07-30 16:15:00,short,1222.99,1223.4460476972931,1218.8855707243617,1223.526047697293,-448.7858219809516,126820.82204174162,-1.1754202476512208,0.6578259286925761,1.447217043124066,0.0,stop_loss,1,15,0.55,down,London+NY overlap,False,False,no_sweep,2018
2018-07-31 14:15:00,2018-07-31 14:30:00,short,1220.24,1220.6957862222202,1216.1379240000183,1220.7757862222202,-447.24157397478785,126373.58046776683,-1.1755208825976107,0.0,1.3383467298077785,0.0,stop_loss,1,15,0.83,down,London+NY overlap,False,False,no_sweep,2018
2018-08-03 13:45:00,2018-08-03 14:00:00,short,1208.24,1208.665392657237,1204.4114660848672,1208.7453926572368,-450.4187734597073,125923.16169430713,-1.188061544173236,0.0,4.584000139226907,0.0,stop_loss,1,15,0.24,down,London+NY overlap,False,False,no_sweep,2018
2018-08-03 14:15:00,2018-08-03 14:30:00,short,1210.13,1210.585568158536,1206.0298865731766,1210.665568158536,-444.1076569686174,125479.05403733852,-1.1756048979740505,0.0,5.816912245395415,0.0,stop_loss,1,15,0.4,down,London+NY overlap,False,False,no_sweep,2018
2018-08-03 14:45:00,2018-08-03 15:15:00,short,1212.01,1212.5025817285336,1207.576764443198,1212.5825817285336,-437.57416989056645,125041.47986744795,-1.1624095969578012,3.573011133074857,1.4007827737624199,3.573011133074857,stop_loss,2,30,0.57,down,London+NY overlap,False,False,no_sweep,2018
2018-08-07 13:15:00,2018-08-07 16:15:00,short,1215.94,1216.4186184050068,1211.6324343549388,1213.1599999999999,2178.867196049287,127220.34706349725,5.808385074454299,7.020206420922943,0.0,6.6023369911060215,time_stop,12,180,0.81,down,London+NY overlap,False,False,no_sweep,2018
2018-08-09 15:30:00,2018-08-09 18:30:00,short,1215.8400000000001,1216.3498635830454,1211.2512277525927,1214.62,913.2373555128048,128133.58441901005,2.3927968981696424,5.74663517347192,0.2745832506093241,5.74663517347192,time_stop,12,180,0.55,down,London+NY overlap,True,False,prev_day_sweep,2018
2018-08-16 14:30:00,2018-08-16 17:30:00,short,1180.94,1181.6855178096257,1174.230339713369,1180.6999999999998,123.74778924208763,128257.33220825213,0.3219238989350874,8.343194380726164,0.5499533273467039,8.343194380726164,time_stop,12,180,0.39,down,London+NY overlap,False,False,no_sweep,2018
2018-08-17 15:45:00,2018-08-17 16:00:00,short,1178.04,1178.6933517964144,1172.15983383227,1178.7733517964143,-431.8856035649712,127825.44660468717,-1.122445519303635,0.10713982939068056,1.5764860610356919,0.0,stop_loss,1,15,0.47,down,London+NY overlap,False,False,no_sweep,2018
2018-08-22 14:15:00,2018-08-22 14:45:00,short,1199.18,1199.7423254380808,1194.1190710572737,1199.8223254380807,-438.0321274551188,127387.41447723204,-1.1422663720726813,0.9780813080004932,1.653846575346134,0.9780813080004932,stop_loss,2,30,0.79,down,London+NY overlap,True,False,prev_day_sweep,2018
2018-08-22 15:30:00,2018-08-22 17:15:00,short,1200.88,1201.4836261376981,1195.4473647607178,1195.4973647607178,3407.8046495191516,130795.2191267512,8.917167271466022,10.436923795291031,0.0,7.7697099364943005,take_profit,7,105,0.88,down,London+NY overlap,True,False,prev_day_sweep,2018
2018-08-23 14:00:00,2018-08-23 15:00:00,short,1190.48,1191.0761195063951,1185.1149244424446,1191.156119506395,-445.0443143334894,130350.17481241771,-1.1342012786726434,1.5433147047369256,1.7446166227458908,1.4091134260639007,stop_loss,4,60,0.69,down,London+NY overlap,False,False,no_sweep,2018
2018-08-23 15:45:00,2018-08-23 18:45:00,short,1192.18,1192.81443832757,1186.4700550518694,1189.03,1941.5743003663767,132291.74911278408,4.965021599601297,5.863454079529023,0.2521915733128451,5.863454079529023,time_stop,12,180,0.83,down,London+NY overlap,False,False,no_sweep,2018
2018-08-24 14:30:00,2018-08-24 14:45:00,short,1192.38,1192.8742765498969,1187.931511050929,1192.9542765498968,-461.110582382409,131830.63853040166,-1.1618527118404378,0.9508846820634917,1.7803798302461953,0.0,stop_loss,1,15,0.21,down,London+NY overlap,False,False,no_sweep,2018
2018-08-24 16:00:00,2018-08-24 16:15:00,short,1193.75,1194.2811489651594,1188.969659313565,1194.3611489651594,-455.05967402177976,131375.57885637987,-1.1506168800986218,0.0,6.401217404197417,0.0,stop_loss,1,15,0.59,down,London+NY overlap,False,False,no_sweep,2018
2018-08-27 13:45:00,2018-08-27 16:45:00,long,1203.29,1202.7941456635074,1207.7526890284323,1207.7026890284324,3507.3984399781825,134882.97729635806,8.899163935210211,9.357586812330906,0.0,8.107219608958893,take_profit,12,180,0.21,up,London+NY overlap,False,False,no_sweep,2018
2018-08-28 14:00:00,2018-08-28 14:15:00,long,1212.46,1212.0224398834587,1216.398041048873,1211.9424398834587,-478.6317135168334,134404.34558284123,-1.1828320200485292,0.6399120701703721,2.811042308248736,0.0,stop_loss,1,15,0.47,up,London+NY overlap,False,False,no_sweep,2018
2018-08-28 14:30:00,2018-08-28 15:30:00,long,1211.71,1211.223073164819,1216.0923415166303,1211.143073164819,-469.4592170968662,133934.88636574437,-1.1642957303229733,4.908334943403027,1.0679222471002596,4.908334943403027,stop_loss,4,60,0.59,up,London+NY overlap,False,False,no_sweep,2018
2018-08-29 14:00:00,2018-08-29 14:45:00,long,1202.94,1202.3500499392103,1208.2495505471072,1202.2700499392104,-456.29125866587805,133478.5951070785,-1.135604698290618,2.254428109083451,1.2712940464756997,2.254428109083451,stop_loss,3,45,0.6,up,London+NY overlap,False,False,no_sweep,2018
2018-08-31 14:30:00,2018-08-31 15:30:00,long,1203.6299999999999,1202.975645118812,1209.5191939306894,1202.8956451188121,-449.3921907010164,133029.2029163775,-1.1222578180431786,1.5740694073076618,2.0631006794803763,1.5740694073076618,stop_loss,4,60,0.75,up,London+NY overlap,False,False,no_sweep,2018
2018-08-31 15:45:00,2018-08-31 16:00:00,long,1202.6499999999999,1201.9914629099837,1208.5768338101452,1201.9114629099838,-447.5693255482877,132581.6335908292,-1.1214813883876584,0.7896290245208152,1.8222208258162567,0.0,stop_loss,1,15,0.76,up,London+NY overlap,False,False,no_sweep,2018
2018-09-05 14:00:00,2018-09-05 15:45:00,short,1194.65,1195.1671549146486,1189.9956057681648,1195.2471549146485,-459.2730641147986,132122.36052671442,-1.1546925258446128,2.378397584863118,3.0551773854337383,2.378397584863118,stop_loss,7,105,0.36,down,London+NY overlap,False,False,no_sweep,2018
2018-09-05 16:00:00,2018-09-05 16:15:00,short,1195.93,1196.4691035456694,1191.0780680889748,1196.5491035456694,-455.18577565311716,131667.1747510613,-1.1483944979449086,0.0,3.7840596975985394,0.0,stop_loss,1,15,0.48,down,London+NY overlap,False,False,no_sweep,2018
2018-09-10 16:00:00,2018-09-10 16:15:00,short,1195.69,1196.3157618288235,1190.05814354059,1196.3957618288234,-445.50016524514166,131221.67458581616,-1.1278441674052622,0.0,2.7166885573643658,0.0,stop_loss,1,15,0.71,down,London+NY overlap,False,False,no_sweep,2018
2018-09-11 14:15:00,2018-09-11 14:45:00,short,1194.54,1194.9698389281348,1190.6714496467857,1195.0498389281347,-466.9324731185956,130754.74211269757,-1.1861162281114666,0.9305811405578617,1.0003747261001905,0.9073166120439283,stop_loss,2,30,0.51,down,London+NY overlap,False,False,no_sweep,2018
2018-09-13 13:15:00,2018-09-13 13:30:00,long,1205.34,1204.8901768667333,1209.3884081993995,1204.8101768667334,-462.02750836214244,130292.71460433543,-1.1778476785286067,0.64469783466721,1.6895529460232792,0.0,stop_loss,1,15,0.39,up,London+NY overlap,False,False,no_sweep,2018
2018-09-13 13:45:00,2018-09-13 15:30:00,long,1204.93,1204.473137196316,1209.041765233156,1208.991765233156,3475.12479050062,133767.83939483605,8.890557953946635,11.163088697250236,0.8098711407811727,3.896136839432445,take_profit,7,105,0.46,up,London+NY overlap,False,False,no_sweep,2018
2018-09-14 13:15:00,2018-09-14 14:30:00,long,1205.72,1205.2719264764505,1209.7526617119465,1205.1919264764506,-472.953101941233,133294.8862928948,-1.1785421271183134,3.236076054022474,1.6515146758459207,3.236076054022474,stop_loss,5,75,0.37,up,London+NY overlap,False,False,no_sweep,2018
2018-09-14 14:45:00,2018-09-14 15:00:00,long,1205.04,1204.6156257694854,1208.85936807463,1204.5356257694855,-475.26805968385696,132819.61823321096,-1.188512860224633,1.1782053764050282,1.296025914045424,0.0,stop_loss,1,15,0.32,up,London+NY overlap,False,False,no_sweep,2018
2018-09-14 15:45:00,2018-09-14 16:00:00,long,1203.1599999999999,1202.596871032962,1208.2281607033399,1202.5168710329622,-455.0652632522308,132364.55296995872,-1.1420633721272655,0.0,2.344045640101898,0.0,stop_loss,1,15,0.67,up,London+NY overlap,False,False,no_sweep,2018
2018-09-17 13:45:00,2018-09-17 15:00:00,short,1197.8400000000001,1198.2870591800042,1193.8164673799643,1198.3670591800042,-468.15246752772094,131896.400502431,-1.178947225732386,3.8697337564669203,2.594734773121634,3.8697337564669203,stop_loss,5,75,0.33,down,London+NY overlap,False,False,no_sweep,2018
2018-09-17 15:15:00,2018-09-17 15:30:00,short,1198.52,1198.996778232892,1194.2289959039729,1199.076778232892,-462.0830381733328,131434.31746425768,-1.1677928950629097,1.1535761535584583,1.237472601089913,0.0,stop_loss,1,15,0.54,down,London+NY overlap,False,False,no_sweep,2018
2018-09-17 16:00:00,2018-09-17 16:15:00,short,1199.3,1199.8226154437548,1194.5964610062058,1199.9026154437547,-454.6613604121717,130979.65610384551,-1.1530762264221508,0.0,2.946717358629014,0.0,stop_loss,1,15,0.63,down,London+NY overlap,False,False,no_sweep,2018
2018-09-18 13:30:00,2018-09-18 14:45:00,long,1198.53,1198.0453423044662,1202.8919192598046,1202.8419192598046,3495.9129319596855,134475.5690358052,8.896834404033953,9.305536756272854,0.0,7.696153459179154,take_profit,5,75,0.61,up,London+NY overlap,False,False,no_sweep,2018
2018-09-21 13:15:00,2018-09-21 13:30:00,long,1206.37,1205.8651005320753,1210.9140952113203,1205.7851005320754,-467.348613583626,134008.22042222158,-1.1584473842461567,0.0,3.2085595309873747,0.0,stop_loss,1,15,0.7,up,London+NY overlap,False,False,no_sweep,2018
2018-09-21 13:45:00,2018-09-21 14:00:00,long,1205.2,1204.693760152657,1209.7561586260874,1204.613760152657,-465.5557583742942,133542.66466384727,-1.1580278605483085,0.6321114421936829,1.264222884387815,0.0,stop_loss,1,15,0.7,up,London+NY overlap,False,False,no_sweep,2018
2018-09-24 13:45:00,2018-09-24 14:15:00,short,1199.14,1199.5866705014032,1195.1199654873712,1199.6666705014031,-472.3816455503896,133070.28301829688,-1.1791029399716952,1.4552113872715495,2.328338219634072,1.4552113872715495,stop_loss,2,30,0.25,down,London+NY overlap,False,False,no_sweep,2018
2018-09-24 15:15:00,2018-09-24 16:15:00,short,1200.54,1201.0026967499998,1196.3757292500006,1201.0826967499997,-468.2341735635943,132602.04884473328,-1.1728994206247465,5.9866424391372535,2.507041599061281,5.9866424391372535,stop_loss,4,60,0.35,down,London+NY overlap,False,False,no_sweep,2018
2018-09-25 14:30:00,2018-09-25 15:15:00,short,1201.3500000000001,1201.7847033826577,1197.4376695560818,1201.8647033826576,-471.0158177544952,132131.03302697878,-1.184033534569837,1.8863437293429213,1.771322770235727,0.8741592892077718,stop_loss,3,45,0.49,down,London+NY overlap,False,False,no_sweep,2018
2018-09-28 15:45:00,2018-09-28 16:00:00,short,1184.57,1185.1046125777634,1179.7584868001277,1185.1846125777633,-455.70978792336666,131675.3232390554,-1.149641073419189,0.0,3.9841935797897383,0.0,stop_loss,1,15,0.67,down,London+NY overlap,False,False,no_sweep,2018
2018-10-01 15:15:00,2018-10-01 15:30:00,short,1187.92,1188.469131206259,1182.9778191436703,1188.5491312062588,-452.57519878510743,131222.7480402703,-1.1456846726030336,0.0,6.7561266919718905,0.0,stop_loss,1,15,0.69,down,London+NY overlap,False,False,no_sweep,2018
2018-10-01 15:45:00,2018-10-01 17:15:00,short,1191.3700000000001,1192.015679458458,1185.5588848738792,1185.608884873879,3512.5293923625877,134735.2774326329,8.922562194995452,9.69521318666671,0.0,8.347795379573915,take_profit,6,90,0.83,down,London+NY overlap,False,False,no_sweep,2018
2018-10-02 15:45:00,2018-10-02 16:00:00,short,1196.6200000000001,1197.3569192042896,1189.987727161395,1197.4369192042896,-448.0864455260196,134287.19098710688,-1.1085600694543691,0.0,4.7495030386326595,0.0,stop_loss,1,15,0.87,down,London+NY overlap,True,False,prev_day_sweep,2018
2018-10-03 14:00:00,2018-10-03 14:15:00,long,1202.87,1202.3484809396286,1207.5636715433411,1202.2684809396287,-464.6597473443124,133822.53123976255,-1.1533980367716161,0.11504852757914805,1.3614075763489646,0.0,stop_loss,1,15,0.5,up,London+NY overlap,False,False,no_sweep,2018
2018-10-05 15:30:00,2018-10-05 16:30:00,long,1201.96,1201.4501774990795,1206.5484025082858,1201.3701774990795,-464.4648279322164,133358.06641183034,-1.1569173582089352,5.5117222070937535,1.6084029216429234,5.5117222070937535,stop_loss,4,60,0.64,up,London+NY overlap,False,False,no_sweep,2018
2018-10-08 15:15:00,2018-10-08 15:30:00,long,1189.87,1189.3325344406728,1194.707190033944,1189.252534440673,-459.62394225322544,132898.4424695771,-1.1488467467572991,0.0,9.656432695888247,0.0,stop_loss,1,15,0.62,up,London+NY overlap,True,False,prev_day_sweep,2018
2018-10-08 15:45:00,2018-10-08 18:15:00,long,1185.2,1184.5151189820087,1191.3639291619213,1184.4351189820088,-445.26637457575123,132453.17609500134,-1.1168086103985777,6.745697250523838,2.73040126806941,6.745697250523838,stop_loss,10,150,0.77,up,London+NY overlap,True,False,prev_day_sweep,2018
2018-10-10 13:30:00,2018-10-10 13:45:00,short,1187.15,1187.5508509462195,1183.5423414840254,1187.6308509462194,-476.66272704899484,131976.51336795234,-1.199575430105481,0.0,6.336519905854699,0.0,stop_loss,1,15,0.29,down,London+NY overlap,False,False,no_sweep,2018
2018-10-10 14:00:00,2018-10-10 14:15:00,short,1188.8700000000001,1189.3380806628118,1184.6572740346955,1189.4180806628117,-463.59814025072,131512.91522770163,-1.1709107133787306,1.2818303503419377,1.0468281194452114,0.0,stop_loss,1,15,0.63,down,London+NY overlap,False,False,no_sweep,2018
2018-10-15 14:45:00,2018-10-15 16:00:00,long,1228.8999999999999,1228.2479591012736,1234.7683680885368,1228.1679591012737,-442.9453712740436,131069.96985642757,-1.1226916902853925,4.570265463135404,7.591548336415286,4.570265463135404,stop_loss,5,75,0.67,up,London+NY overlap,False,False,no_sweep,2018
2018-10-17 14:00:00,2018-10-17 17:00:00,long,1225.27,1224.6961862555436,1230.4343237001074,1228.01,1877.6042969143248,132947.5741533419,4.775068611498193,6.831485020829636,0.5576722465982162,5.2281773118593176,time_stop,12,180,0.66,up,London+NY overlap,False,False,no_sweep,2018
2018-10-19 14:15:00,2018-10-19 16:30:00,long,1226.9099999999999,1226.3915935927944,1231.575657664849,1226.3115935927945,-460.3917645885236,132487.18238875337,-1.1543190803353989,7.407315856106163,1.3310020678936925,7.407315856106163,stop_loss,9,135,0.38,up,London+NY overlap,False,False,no_sweep,2018
2018-10-22 15:00:00,2018-10-22 16:00:00,long,1222.6699999999998,1222.2295752661935,1226.6338226042576,1222.1495752661936,-469.6575918762546,132017.52479687711,-1.181642841237657,3.950731796923169,1.907249832996947,3.950731796923169,stop_loss,4,60,0.4,up,London+NY overlap,True,False,prev_day_sweep,2018
2018-10-23 13:15:00,2018-10-23 13:45:00,long,1234.3899999999999,1233.8244217538315,1239.4802042155145,1233.7444217538316,-452.07348072123125,131565.45131615587,-1.14144815601008,0.07072407800544205,1.4321625796032666,0.017681019501662027,stop_loss,2,30,0.8,up,London+NY overlap,False,False,no_sweep,2018
2018-10-24 14:45:00,2018-10-24 15:00:00,long,1229.1,1228.5658534848064,1233.907318636742,1228.4858534848065,-453.8106744910473,131111.64064166482,-1.1497716407846468,0.0,6.64611655982466,0.0,stop_loss,1,15,0.52,up,London+NY overlap,False,False,no_sweep,2018
2018-10-24 15:15:00,2018-10-24 16:30:00,long,1226.62,1226.0225726476135,1231.9968461714766,1231.9468461714766,3507.095238601002,134618.73588026583,8.916307815835825,9.072232763281287,0.0,7.063620343366561,take_profit,5,75,0.64,up,London+NY overlap,False,False,no_sweep,2018
2018-10-26 13:45:00,2018-10-26 14:15:00,long,1236.03,1235.3689004370112,1241.9798960668982,1235.2889004370113,-452.7270561786066,134166.0088240872,-1.1210105171424687,0.6504315296414567,2.37483139892301,0.6504315296414567,stop_loss,2,30,0.79,up,London+NY overlap,False,False,no_sweep,2018
2018-10-26 14:30:00,2018-10-26 15:00:00,long,1234.81,1234.1646863192834,1240.6178231264487,1234.0846863192835,-452.39599559945947,133713.61282848776,-1.123970717482851,1.7200937050763199,2.0610131781541603,1.7200937050763199,stop_loss,2,30,0.77,up,London+NY overlap,False,False,no_sweep,2018
2018-10-26 15:15:00,2018-10-26 15:30:00,long,1233.9199999999998,1233.2642914881433,1239.8213766067083,1233.1842914881433,-450.0821996215947,133263.53062886617,-1.1220054316107857,0.0,2.9433810376126313,0.0,stop_loss,1,15,0.77,up,London+NY overlap,False,False,no_sweep,2018
2018-10-26 15:45:00,2018-10-26 17:45:00,long,1232.74,1232.0504094974299,1238.9463145231314,1238.8963145231314,3569.1277908695956,136832.65841973576,8.927493200945525,15.182923722090122,0.0,5.916554802877405,take_profit,8,120,0.85,up,London+NY overlap,False,False,no_sweep,2018
2018-10-29 15:45:00,2018-10-29 18:30:00,long,1229.62,1228.9604869611146,1235.5556173499679,1228.8804869611147,-460.2920446474535,136372.3663750883,-1.1213016199575745,3.2599810363629182,2.8657507715001116,3.2599810363629182,stop_loss,11,165,0.61,up,London+NY overlap,True,False,prev_day_sweep,2018
2018-10-31 13:15:00,2018-10-31 13:30:00,short,1217.99,1218.5440569969358,1213.0034870275788,1218.6240569969357,-468.18930308804113,135904.17707200028,-1.1443894769714558,0.46926580015764147,1.2453592388800367,0.0,stop_loss,1,15,0.52,down,London+NY overlap,False,False,no_sweep,2018
2018-11-01 14:00:00,2018-11-01 14:15:00,short,1224.93,1225.5107302484025,1219.7034277643777,1225.5907302484025,-463.8780273081658,135440.2990446921,-1.1377575909296966,0.0,9.849667751482315,0.0,stop_loss,1,15,0.56,down,London+NY overlap,True,False,prev_day_sweep,2018
2018-11-01 14:30:00,2018-11-01 15:00:00,short,1229.52,1230.2573643468368,1222.8837208784685,1230.3373643468367,-450.4044928627584,134989.89455182935,-1.1084945323748276,1.9529015827487497,1.0306980575617888,1.9529015827487497,stop_loss,2,30,0.88,down,London+NY overlap,True,False,prev_day_sweep,2018
2018-11-05 15:00:00,2018-11-05 15:15:00,long,1228.74,1228.229640457095,1233.3332358861455,1228.149640457095,-468.44958746604476,134521.4449643633,-1.1567522369515437,0.01959402961894296,3.7620536868406123,0.0,stop_loss,1,15,0.51,up,London+NY overlap,True,False,prev_day_sweep,2018
2018-11-05 15:30:00,2018-11-05 16:30:00,long,1227.0,1226.4296644757603,1232.1330197181562,1232.0830197181563,3596.699459569581,138118.14442393288,8.912332306377865,9.83631522423338,0.0,4.225582832514023,take_profit,4,60,0.65,up,London+NY overlap,True,False,prev_day_sweep,2018
2018-11-07 14:15:00,2018-11-07 15:00:00,long,1232.04,1231.331294205542,1238.4183521501207,1231.251294205542,-461.1275158695878,137657.0169080633,-1.1128818201086026,1.411022751358816,1.326361386277364,1.411022751358816,stop_loss,3,45,0.82,up,London+NY overlap,False,False,no_sweep,2018
2018-11-07 15:30:00,2018-11-07 15:45:00,long,1231.44,1230.7803562586616,1237.3767936720467,1230.7003562586617,-463.0551824873017,137193.961725576,-1.1212775851364976,0.0,4.76014521661201,0.0,stop_loss,1,15,0.62,up,London+NY overlap,False,False,no_sweep,2018
2018-11-07 16:00:00,2018-11-07 16:30:00,long,1228.61,1227.9072969781314,1234.9343271968155,1227.8272969781315,-458.43887851447676,136735.5228470615,-1.1138461021374373,1.4657685650211232,3.2446139109198753,1.4657685650211232,stop_loss,2,30,0.81,up,London+NY overlap,False,False,no_sweep,2018
2018-11-08 14:30:00,2018-11-08 15:15:00,short,1225.1000000000001,1225.6637176560766,1220.0265410953116,1225.7437176560766,-468.4210401468268,136267.1018069147,-1.1419150156777598,2.1819433660479755,1.9690708425305292,1.57880454941669,stop_loss,3,45,0.51,down,London+NY overlap,False,False,no_sweep,2018
2018-11-12 14:15:00,2018-11-12 17:15:00,short,1207.1200000000001,1207.6000948814492,1202.7991460669589,1203.55,3039.8588211295546,139306.96062804424,7.436030122264137,8.29002797944259,0.5207304007182796,7.227737961976351,time_stop,12,180,0.32,down,London+NY overlap,False,False,no_sweep,2018
2018-11-13 14:15:00,2018-11-13 14:30:00,short,1198.6200000000001,1199.18841198458,1193.504292138781,1199.2684119845799,-476.74031472106464,138830.22031332317,-1.1407429860210705,0.0,3.905617862087906,0.0,stop_loss,1,15,0.81,down,London+NY overlap,False,False,no_sweep,2018
2018-11-13 14:45:00,2018-11-13 15:00:00,short,1200.57,1201.162023598949,1195.241787609459,1201.242023598949,-472.77093918279013,138357.4493741404,-1.135129748445746,0.574301430894805,1.6891218555733627,0.0,stop_loss,1,15,0.87,down,London+NY overlap,False,False,no_sweep,2018
2018-11-14 14:30:00,2018-11-14 14:45:00,short,1200.8300000000002,1201.3343464599836,1196.2908818601481,1201.4143464599836,-480.9115885740169,137876.53778556638,-1.1586211193046692,0.0,1.1500031149597532,0.0,stop_loss,1,15,0.52,down,London+NY overlap,False,False,no_sweep,2018
2018-11-15 16:00:00,2018-11-15 16:15:00,short,1213.06,1213.9332217670196,1205.2010040968223,1214.0132217670196,-451.52418987583883,137425.01359569054,-1.0916147570083692,0.0,3.12635358291346,0.0,stop_loss,1,15,0.84,down,London+NY overlap,False,False,no_sweep,2018
2018-11-16 15:45:00,2018-11-16 16:00:00,short,1221.75,1222.4144946147667,1215.7695484670992,1222.4944946147666,-461.9097594589701,136963.10383623157,-1.1203922473141743,0.0,4.018091254114329,0.0,stop_loss,1,15,0.62,down,London+NY overlap,True,False,prev_day_sweep,2018
2018-11-19 14:15:00,2018-11-19 14:30:00,long,1220.22,1219.7217760696642,1224.7040153730234,1219.6417760696643,-476.8659595964512,136486.23787663513,-1.1605703683201318,0.1404990722801154,2.328270340644194,0.0,stop_loss,1,15,0.64,up,London+NY overlap,False,False,no_sweep,2018
2018-11-19 14:45:00,2018-11-19 17:45:00,long,1219.73,1219.2362507947614,1224.1737428471477,1222.5,2297.1189112228276,138783.35678785795,5.610135612595873,8.384823623157528,0.9924066607119303,8.384823623157528,time_stop,12,180,0.62,up,London+NY overlap,False,False,no_sweep,2018
2018-11-27 16:00:00,2018-11-27 16:15:00,long,1222.11,1221.56652384867,1227.0012853619692,1221.48652384867,-477.6370386096429,138305.7197492483,-1.1472005713666644,0.1104004285254167,2.5392098560770537,0.0,stop_loss,1,15,0.9,up,London+NY overlap,True,False,prev_day_sweep,2018
2018-11-28 13:15:00,2018-11-28 13:30:00,short,1213.74,1214.1232285025144,1210.2909434773705,1214.2032285025143,-501.5322531721418,137804.18749607616,-1.2087527401407843,0.0,2.792067899385363,0.0,stop_loss,1,15,0.26,down,London+NY overlap,False,False,no_sweep,2018
2018-11-28 13:45:00,2018-11-28 14:00:00,short,1214.4,1214.7773755965559,1211.0036196309982,1214.8573755965558,-501.0520529610536,137303.1354431151,-1.2119903902903786,2.5703834822732516,2.8353714701362254,0.0,stop_loss,1,15,0.24,down,London+NY overlap,False,False,no_sweep,2018
2018-11-30 15:15:00,2018-11-30 16:00:00,long,1220.3899999999999,1219.9756886573077,1224.1188020842287,1219.8956886573078,-491.4456128261183,136811.689830289,-1.1930915033126948,4.006648693742258,1.7136870919012637,4.006648693742258,stop_loss,3,45,0.48,up,London+NY overlap,True,False,prev_day_sweep,2018
2018-12-03 13:15:00,2018-12-03 13:30:00,long,1229.6699999999998,1229.1403195522862,1234.4371240294222,1229.0603195522863,-472.42490827190994,136339.2649220171,-1.1510344592579276,0.0,3.284999488862497,0.0,stop_loss,1,15,0.78,up,London+NY overlap,False,False,no_sweep,2018
2018-12-07 15:15:00,2018-12-07 15:30:00,long,1239.97,1239.5455224214998,1243.790298206502,1243.740298206502,3632.981189447852,139972.24611146495,8.882208148244096,13.145570655851115,0.0,0.0,take_profit,1,15,0.46,up,London+NY overlap,False,False,no_sweep,2018
2018-12-10 14:00:00,2018-12-10 15:15:00,long,1245.6499999999999,1245.2155066549292,1249.560440105635,1245.1355066549293,-497.2328570916488,139475.0132543733,-1.1841224978645275,3.659434645061147,5.270506501376809,3.659434645061147,stop_loss,5,75,0.4,up,London+NY overlap,False,False,no_sweep,2018
2018-12-10 15:30:00,2018-12-10 16:15:00,long,1244.23,1243.7355909669034,1248.6796812978703,1243.6555909669034,-486.13011984905717,138988.88313452425,-1.1618093413440713,2.7305326351835033,1.7394504194506066,2.7305326351835033,stop_loss,3,45,0.51,up,London+NY overlap,False,False,no_sweep,2018
2018-12-12 13:30:00,2018-12-12 14:00:00,long,1243.72,1243.3589328936514,1246.9696039571381,1243.2789328936515,-509.3520574502624,138479.53107707397,-1.221565461359649,2.603394170978396,1.8002193735490382,2.603394170978396,stop_loss,2,30,0.33,up,London+NY overlap,False,False,no_sweep,2018
2018-12-14 13:45:00,2018-12-14 14:15:00,long,1237.82,1237.4381975194683,1241.2562223247842,1237.3581975194684,-502.48644952641956,137977.04462754756,-1.2095324260034481,1.545301641777216,1.1262367897691288,1.1786198962705863,stop_loss,2,30,0.35,up,London+NY overlap,True,False,prev_day_sweep,2018
2018-12-14 15:45:00,2018-12-14 16:00:00,long,1234.81,1234.3301433205515,1239.1287101150365,1234.2501433205516,-482.94026125093626,137494.1043662966,-1.1667164456101506,0.9586195622593144,1.3337315648821535,0.0,stop_loss,1,15,0.76,up,London+NY overlap,True,False,prev_day_sweep,2018
2018-12-18 14:15:00,2018-12-18 14:30:00,long,1248.43,1247.995192995521,1252.3432630403122,1247.915192995521,-488.3748003586377,137005.72956593797,-1.1839896762835334,0.5979664479220068,1.5639122484116037,0.0,stop_loss,1,15,0.8,up,London+NY overlap,False,False,no_sweep,2018
2018-12-18 15:00:00,2018-12-18 15:15:00,long,1247.24,1246.7869457037752,1251.3174886660224,1246.7069457037753,-483.59430664988054,136522.1352592881,-1.1765792768472911,1.6995755396566838,1.3464169859615995,0.0,stop_loss,1,15,0.85,up,London+NY overlap,False,False,no_sweep,2018
2018-12-19 14:45:00,2018-12-19 15:00:00,long,1247.9099999999999,1247.541196169522,1251.2292344743007,1247.461196169522,-498.40852116409576,136023.726738124,-1.2169174867198864,0.13557342920054552,1.7082252079203386,0.0,stop_loss,1,15,0.45,up,London+NY overlap,False,False,no_sweep,2018
2018-12-19 15:15:00,2018-12-19 16:30:00,long,1247.77,1247.4041691461696,1251.0624776844736,1251.0124776844737,3616.8674174632233,139640.59415558723,8.863324813977734,18.587825299044894,0.7653810417253086,8.665206793819715,take_profit,5,75,0.45,up,London+NY overlap,False,False,no_sweep,2018
2018-12-26 14:15:00,2018-12-26 14:30:00,long,1271.93,1271.434180249557,1276.3923777539892,1271.354180249557,-486.51437547532186,139154.0797801119,-1.1613489578186906,0.8269134088212475,1.3714661414602451,0.0,stop_loss,1,15,0.35,up,London+NY overlap,False,False,no_sweep,2018
2018-12-27 14:00:00,2018-12-27 15:15:00,long,1271.0,1270.4372147707688,1276.0650670630805,1276.0150670630806,3720.071206303122,142874.150986415,8.91115616152851,9.257527968737785,0.0,5.383936611377167,take_profit,5,75,0.38,up,London+NY overlap,False,False,no_sweep,2018
2018-12-31 15:45:00,2018-12-31 16:00:00,long,1280.37,1279.8330741185753,1285.2023329328206,1279.7530741185753,-492.48563673002457,142381.66534968498,-1.1489963564201147,0.22349453463059546,1.8810789998056414,0.0,stop_loss,1,15,0.67,up,London+NY overlap,False,False,no_sweep,2018
2019-01-02 13:45:00,2019-01-02 14:00:00,long,1286.59,1286.064166407631,1291.3225023313194,1285.9841664076312,-492.1305735774015,141889.53477610758,-1.1521393862258504,0.0,3.5942929995887414,0.0,stop_loss,1,15,0.48,up,London+NY overlap,False,False,no_sweep,2019
2019-01-02 14:15:00,2019-01-02 14:30:00,long,1286.07,1285.5379036882125,1290.8588668060866,1285.4579036882126,-489.6673346180363,141399.86744148954,-1.150348721138829,0.0,3.8338923890435557,0.0,stop_loss,1,15,0.48,up,London+NY overlap,False,False,no_sweep,2019
2019-01-04 15:30:00,2019-01-04 15:45:00,long,1290.19,1289.701984110138,1294.5821430087592,1289.621984110138,-493.7382564767363,140906.1291850128,-1.163929088502723,0.0,7.725158295697806,0.0,stop_loss,1,15,0.2,up,London+NY overlap,False,False,no_sweep,2019
2019-01-04 16:00:00,2019-01-04 16:15:00,long,1287.75,1287.1182158908841,1293.4360569820424,1287.0382158908842,-476.245328983966,140429.88385602884,-1.126625533699923,0.0,8.104034156802253,0.0,stop_loss,1,15,0.67,up,London+NY overlap,False,False,no_sweep,2019
2019-01-08 15:15:00,2019-01-08 15:45:00,long,1280.73,1280.259700546413,1284.9626950822847,1280.179700546413,-492.95286926555764,139936.9309867633,-1.1701043864494005,1.9562004441700391,1.2970459466781288,1.9562004441700391,stop_loss,2,30,0.5,up,London+NY overlap,True,False,prev_day_sweep,2019
2019-01-08 16:00:00,2019-01-08 16:45:00,long,1280.59,1280.071875765477,1285.253118110707,1285.203118110707,3737.78457565994,143674.71556242323,8.903498048020644,10.595914327487517,0.17370351356521085,2.895058559422814,take_profit,3,45,0.72,up,London+NY overlap,True,False,prev_day_sweep,2019
2019-01-10 15:45:00,2019-01-10 16:00:00,long,1291.75,1291.2549590009446,1296.205368991498,1291.1749590009447,-500.6788455925052,143174.0367168307,-1.1616027766439116,0.0,5.474294058817563,0.0,stop_loss,1,15,0.37,up,London+NY overlap,False,False,no_sweep,2019
2019-01-14 14:30:00,2019-01-14 15:30:00,long,1294.05,1293.5812168090345,1298.2690487186896,1293.5012168090345,-502.82202677343537,142671.21469005727,-1.1706545830603716,3.434423484093372,11.647175293881025,3.434423484093372,stop_loss,4,60,0.67,up,London+NY overlap,False,False,no_sweep,2019
2019-01-15 15:15:00,2019-01-15 15:30:00,long,1289.82,1289.3764692104007,1293.8117771063935,1289.2964692104008,-505.21480423432683,142165.99988582294,-1.180370792458892,4.261259971845423,3.6750548963529988,0.0,stop_loss,1,15,0.65,up,London+NY overlap,False,False,no_sweep,2019
2019-01-17 15:15:00,2019-01-17 15:30:00,long,1292.32,1291.9743395683809,1295.4309438845726,1291.894339568381,-525.2071281878837,141640.79275763506,-1.2314410117039016,3.674126060802724,8.04257515671781,0.0,stop_loss,1,15,0.22,up,London+NY overlap,False,False,no_sweep,2019
2019-01-18 15:30:00,2019-01-18 16:15:00,long,1282.33,1281.7655964502944,1287.4096319473501,1281.6855964502945,-485.1519609527783,141155.64079668227,-1.1417425528979575,2.5513659521656527,1.0276335085109978,2.5513659521656527,stop_loss,3,45,0.89,up,London+NY overlap,True,False,prev_day_sweep,2019
2019-01-25 13:15:00,2019-01-25 13:30:00,short,1284.1100000000001,1284.4799227145472,1280.7806955690767,1284.5599227145472,-515.0464671407638,140640.59432954152,-1.2162613888089349,0.0,1.70305843687159,0.0,stop_loss,1,15,0.33,down,London+NY overlap,False,False,no_sweep,2019
2019-01-25 13:45:00,2019-01-25 14:30:00,short,1284.6200000000001,1284.9938874426452,1281.2550130161937,1285.0738874426452,-512.1996013616165,140128.3947281799,-1.213968138202113,0.8826185700849324,1.3105548464885501,0.8826185700849324,stop_loss,3,45,0.37,down,London+NY overlap,True,False,prev_day_sweep,2019
2019-01-25 15:45:00,2019-01-25 16:00:00,short,1288.82,1289.314176230818,1284.3724139226365,1289.394176230818,-488.4394786597281,139639.95524952016,-1.161885568367971,0.5463637932423626,5.989766029620453,0.0,stop_loss,1,15,0.75,down,London+NY overlap,True,False,prev_day_sweep,2019
2019-01-28 14:00:00,2019-01-28 15:00:00,long,1299.54,1299.128041326145,1303.2476280646952,1299.048041326145,-500.27168909104125,139139.6835604291,-1.194194236162839,3.228479176209958,1.2622625350595573,3.228479176209958,stop_loss,4,60,0.24,up,London+NY overlap,False,False,no_sweep,2019
2019-01-29 13:30:00,2019-01-29 16:30:00,long,1307.25,1306.779539219628,1311.4841470233475,1306.6995392196282,-488.3995137670165,138651.2840466621,-1.170046055564256,8.821139132404,2.4231562917930654,8.821139132404,stop_loss,12,180,0.7,up,London+NY overlap,False,False,no_sweep,2019
2019-01-30 15:00:00,2019-01-30 15:15:00,long,1312.1,1311.6819030095269,1315.862872914258,1311.601903009527,-495.54377727558716,138155.7402693865,-1.1913431615697971,0.04783579039244927,4.329139030520466,0.0,stop_loss,1,15,0.3,up,London+NY overlap,False,False,no_sweep,2019
2019-01-30 15:30:00,2019-01-30 16:00:00,long,1310.47,1310.0069980031126,1314.637017971988,1309.9269980031127,-486.081118561355,137669.65915082514,-1.1727854318938837,3.3045213849734703,2.332603330569393,3.3045213849734703,stop_loss,2,30,0.58,up,London+NY overlap,False,False,no_sweep,2019
2019-02-04 13:15:00,2019-02-04 14:15:00,long,1310.43,1310.0380433004318,1313.9576102961153,1309.9580433004319,-497.30583532622217,137172.3533154989,-1.204104178058567,1.7093724912416586,1.7603985357568805,1.7093724912416586,stop_loss,4,60,0.38,up,London+NY overlap,True,False,prev_day_sweep,2019
2019-02-04 14:30:00,2019-02-04 16:00:00,long,1310.1299999999999,1309.7488906057504,1313.5599845482452,1309.6688906057504,-497.9000389347731,136674.45327656413,-1.2099134820789867,5.877577498216999,4.198269641583315,5.877577498216999,stop_loss,6,90,0.31,up,London+NY overlap,True,False,prev_day_sweep,2019
2019-02-05 15:15:00,2019-02-05 18:15:00,long,1313.46,1313.0235849390738,1317.387735548337,1314.0800000000002,582.5062099252546,137256.9594864894,1.4206659107598276,7.584522846151703,0.7790748542878324,7.584522846151703,time_stop,12,180,0.69,up,London+NY overlap,False,False,no_sweep,2019
2019-02-06 13:15:00,2019-02-06 13:45:00,long,1312.54,1312.1851118134302,1315.7339936791282,1312.1051118134303,-504.5935519756956,136752.36593451368,-1.2254231136099254,0.9298703436415824,1.4934281276670363,0.9298703436415824,stop_loss,2,30,0.33,up,London+NY overlap,False,False,no_sweep,2019
2019-02-11 14:45:00,2019-02-11 15:00:00,long,1306.28,1305.8642269984018,1310.0219570143836,1305.784226998402,-489.1957679386803,136263.170166575,-1.1924126859907258,1.5633530736762888,1.467146730680379,0.0,stop_loss,1,15,0.73,up,London+NY overlap,True,False,prev_day_sweep,2019
2019-02-11 16:00:00,2019-02-11 16:15:00,long,1304.8899999999999,1304.39617719722,1309.3344052250204,1304.31617719722,-475.0139955900182,135788.156170985,-1.162001429560502,1.7212651890821742,2.6325232303604578,0.0,stop_loss,1,15,0.9,up,London+NY overlap,True,False,prev_day_sweep,2019
2019-02-13 13:15:00,2019-02-13 13:30:00,long,1310.81,1310.477654165026,1313.8011125147648,1310.397654165026,-505.4224372056091,135282.73373377937,-1.2407131114075938,0.0,3.1894487261533526,0.0,stop_loss,1,15,0.26,up,London+NY overlap,False,False,no_sweep,2019
2019-02-13 13:45:00,2019-02-13 14:30:00,long,1309.94,1309.596880376987,1313.0280766071187,1309.516880376987,-500.4736726650898,134782.26006111427,-1.2331548376551968,3.5556112742450665,1.2240628976911092,3.5556112742450665,stop_loss,3,45,0.3,up,London+NY overlap,False,False,no_sweep,2019
2019-02-13 15:00:00,2019-02-13 15:30:00,long,1309.19,1308.8039221953884,1312.6647002415045,1308.7239221953885,-488.13233332379167,134294.12772779047,-1.2072121190193674,3.9111287464940943,1.6317954372792856,1.7613030116658013,stop_loss,2,30,0.38,up,London+NY overlap,False,False,no_sweep,2019
2019-02-14 15:45:00,2019-02-14 18:45:00,short,1312.42,1313.1492495928374,1305.856753664465,1311.37,580.0846603105423,134874.212388101,1.439836251282592,7.144330351601007,0.0,7.144330351601007,time_stop,12,180,0.9,down,London+NY overlap,False,False,no_sweep,2019
2019-02-15 14:30:00,2019-02-15 14:45:00,long,1317.4199999999998,1316.9602478409956,1321.5577694310368,1316.8802478409957,-475.0297257209406,134399.18266238007,-1.1740067956900981,0.9787882257577918,1.7835696558249907,0.0,stop_loss,1,15,0.61,up,London+NY overlap,False,False,no_sweep,2019
2019-02-20 14:15:00,2019-02-20 15:30:00,long,1343.55,1343.0659034387309,1347.9068690514223,1342.985903438731,-469.8284774743911,133929.35418490568,-1.165256286452853,3.387753872286778,1.198108076784125,3.387753872286778,stop_loss,5,75,0.42,up,London+NY overlap,False,False,no_sweep,2019
2019-02-21 14:00:00,2019-02-21 16:45:00,long,1333.84,1333.3041148563168,1338.6629662931477,1333.2241148563169,-461.7692831264057,133467.58490177928,-1.1492857209104368,6.493928859609945,5.803482400398327,6.493928859609945,stop_loss,11,165,0.4,up,London+NY overlap,True,False,prev_day_sweep,2019
2019-02-22 15:15:00,2019-02-22 15:45:00,long,1322.25,1321.7950787256689,1326.344291468981,1326.294291468981,3559.6168752324465,137027.20177701174,8.890090873255904,17.10186012170774,0.0,8.858675615743184,take_profit,2,30,0.28,up,London+NY overlap,False,False,no_sweep,2019
2019-02-25 14:30:00,2019-02-25 15:00:00,long,1329.4199999999998,1328.985239275645,1333.332846519193,1328.905239275645,-486.7244281164929,136540.47734889525,-1.1840092619190394,2.415121562690007,2.2081111430300417,2.2081111430310876,stop_loss,2,30,0.32,up,London+NY overlap,False,False,no_sweep,2019
2019-02-25 15:30:00,2019-02-25 16:30:00,long,1326.94,1326.3650599737532,1332.1144602362215,1332.0644602362215,3650.969917906,140191.44726680126,8.91303440755973,9.687966997810765,0.0,8.644379888531475,take_profit,4,60,0.7,up,London+NY overlap,False,False,no_sweep,2019
2019-02-26 13:30:00,2019-02-26 14:00:00,long,1325.43,1324.996228595021,1329.3339426448117,1324.916228595021,-498.1404214400311,139693.30684536122,-1.1844289390255733,1.4062706600710448,1.0143591646417016,0.2996970259165566,stop_loss,2,30,0.57,up,London+NY overlap,False,False,no_sweep,2019
2019-02-26 15:00:00,2019-02-26 18:00:00,long,1323.9199999999998,1323.4570254360299,1328.0867710757288,1328.036771075729,3726.459787526689,143419.7666328879,8.892002706213725,10.950925589789152,0.7343815977371391,8.250993245166667,take_profit,12,180,0.67,up,London+NY overlap,True,False,prev_day_sweep,2019
2019-02-27 15:00:00,2019-02-27 15:30:00,long,1326.3,1325.8819619372237,1330.0623425649876,1325.8019619372237,-512.5980796816918,142907.16855320623,-1.191370133783095,4.234064209954785,2.4878117391824115,4.234064209954785,stop_loss,2,30,0.45,up,London+NY overlap,False,False,no_sweep,2019
2019-02-28 13:30:00,2019-02-28 15:30:00,short,1326.67,1327.146144932514,1322.3846956073733,1322.4346956073732,3813.4734870467946,146720.64204025303,8.894989956660776,12.454191140269751,0.6090582513790449,6.384610635146574,take_profit,8,120,0.65,down,London+NY overlap,False,False,no_sweep,2019
2019-03-05 14:15:00,2019-03-05 15:00:00,short,1286.3600000000001,1286.797826816334,1282.4195586529947,1286.877826816334,-520.5885988962698,146200.05344135675,-1.1827206489310151,4.0198542764864875,2.832170058432812,3.197611356295881,stop_loss,3,45,0.34,down,London+NY overlap,False,False,no_sweep,2019
2019-03-06 14:45:00,2019-03-06 15:00:00,short,1286.79,1287.2349721967628,1282.785250229135,1287.3149721967627,-517.4545541067822,145682.59888724997,-1.1797865138135117,0.0,3.4159437624597877,0.0,stop_loss,1,15,0.35,down,London+NY overlap,False,False,no_sweep,2019
2019-03-07 15:00:00,2019-03-07 16:30:00,short,1287.57,1288.0995233376543,1282.8042899611107,1282.8542899611107,3892.1621307981814,149574.76101804816,8.905575455424371,9.083641188142336,0.0,8.838137372246388,take_profit,6,90,0.75,down,London+NY overlap,False,False,no_sweep,2019
2019-03-08 15:45:00,2019-03-08 16:00:00,short,1297.44,1298.102340080363,1291.478939276733,1298.182340080363,-502.9229397693213,149071.83807827884,-1.120783872774358,0.0,4.90684483146276,0.0,stop_loss,1,15,0.83,down,London+NY overlap,True,False,prev_day_sweep,2019
2019-03-11 15:15:00,2019-03-11 15:30:00,short,1296.17,1296.6642404800002,1291.7218356799983,1296.7442404800001,-519.60384053855,148552.23423774028,-1.1618645239254866,3.2575235440036354,1.49724684631213,0.0,stop_loss,1,15,0.65,down,London+NY overlap,False,False,no_sweep,2019
2019-03-12 14:15:00,2019-03-12 14:30:00,short,1297.24,1297.6755270881563,1293.3202562065942,1297.7555270881562,-527.517365773132,148024.71687196716,-1.183685474854371,1.4006017457656217,4.523254818293059,0.0,stop_loss,1,15,0.68,down,London+NY overlap,False,False,no_sweep,2019
2019-03-13 14:45:00,2019-03-13 17:45:00,long,1306.28,1305.8408937863094,1310.231955923216,1307.8100000000002,1547.310034016432,149572.0269059836,3.4843506019668453,7.03702180397115,0.3643765335391553,7.03702180397115,time_stop,12,180,0.64,up,London+NY overlap,False,False,no_sweep,2019
2019-03-15 14:30:00,2019-03-15 14:45:00,long,1302.4099999999999,1301.8839538956083,1307.1444149395234,1301.8039538956084,-516.9558911789096,149055.07101480468,-1.1520779249804782,0.9504870311292855,1.1215746967318911,0.0,stop_loss,1,15,0.46,up,London+NY overlap,False,False,no_sweep,2019
2019-03-15 15:00:00,2019-03-15 17:45:00,long,1302.07,1301.5247612671317,1306.9771485958136,1301.4447612671318,-512.7754033831189,148542.29561142155,-1.146724719241942,7.868113069356243,1.1554571640311293,7.868113069356243,stop_loss,11,165,0.57,up,London+NY overlap,False,False,no_sweep,2019
2019-03-18 14:00:00,2019-03-18 15:45:00,long,1304.4199999999998,1304.0143256557517,1308.0710690982335,1303.9343256557518,-533.5056286185892,148008.78998280296,-1.1972025126414958,5.546320668047673,1.5283194729727132,5.546320668047673,stop_loss,7,105,0.41,up,London+NY overlap,False,False,no_sweep,2019
2019-03-21 16:00:00,2019-03-21 16:15:00,long,1312.93,1312.2251166911203,1319.2739497799173,1312.1451166911204,-494.4206822386161,147514.36930056434,-1.1134939627483442,0.0,3.6176200626066977,0.0,stop_loss,1,15,0.77,up,London+NY overlap,False,False,no_sweep,2019
2019-03-26 13:45:00,2019-03-26 15:00:00,long,1312.79,1312.2741221306107,1317.432900824503,1317.382900824503,3939.995734971705,151454.36503553606,8.903077834955097,11.281740011236883,0.0,8.141461863779371,take_profit,5,75,0.64,up,London+NY overlap,False,False,no_sweep,2019
2019-03-27 14:00:00,2019-03-27 14:15:00,long,1317.26,1316.714839321655,1322.166446105105,1316.6348393216551,-521.0389377569786,150933.3260977791,-1.1467457268613028,0.8437879294533243,2.1828426870639617,0.0,stop_loss,1,15,0.62,up,London+NY overlap,False,False,no_sweep,2019
2019-03-27 14:30:00,2019-03-27 14:45:00,long,1316.0,1315.4431522722434,1321.01162954981,1315.3631522722435,-517.8518703238086,150415.47422745527,-1.1436658461770701,0.0,2.7116928465946466,0.0,stop_loss,1,15,0.67,up,London+NY overlap,False,False,no_sweep,2019
2019-03-27 15:00:00,2019-03-27 15:30:00,long,1315.1599999999999,1314.571570071475,1320.4558693567237,1314.491570071475,-512.595637031565,149902.8785904237,-1.1359550154093592,3.024999092861326,9.295924178623027,3.024999092861326,stop_loss,2,30,0.69,up,London+NY overlap,False,False,no_sweep,2019
2019-03-28 13:15:00,2019-03-28 13:30:00,long,1305.85,1305.3593628652295,1310.2657342129341,1305.2793628652296,-523.0351092729254,149379.84348115078,-1.1630532919962633,0.0,2.527326025944398,0.0,stop_loss,1,15,0.33,up,London+NY overlap,True,False,prev_day_sweep,2019
2019-03-28 13:45:00,2019-03-28 14:00:00,long,1304.6599999999999,1304.1572567562437,1309.1846891938053,1304.0772567562437,-519.4506079779527,148860.39287317282,-1.1591269519650167,0.0,3.381447729259319,0.0,stop_loss,1,15,0.42,up,London+NY overlap,True,False,prev_day_sweep,2019
2019-03-28 14:15:00,2019-03-28 14:30:00,long,1303.1,1302.5451856724756,1308.09332894772,1302.4651856724756,-510.97478296089287,148349.41809021193,-1.1441923829849465,5.17290173958987,2.775703372462677,0.0,stop_loss,1,15,0.66,up,London+NY overlap,True,False,prev_day_sweep,2019
2019-03-28 15:00:00,2019-03-28 15:15:00,long,1300.31,1299.5965681204186,1306.730886916232,1299.5165681204187,-494.9533136892205,147854.4647765227,-1.1121340415105578,0.0,9.797711876993919,0.0,stop_loss,1,15,0.8,up,London+NY overlap,True,False,prev_day_sweep,2019
2019-03-29 14:00:00,2019-03-29 14:15:00,short,1293.14,1293.7126026067733,1287.9865765390412,1293.7926026067732,-505.5349451513535,147348.92983137135,-1.1397129511001542,0.0,5.134450952935037,0.0,stop_loss,1,15,0.6,down,London+NY overlap,False,False,no_sweep,2019
2019-03-29 14:30:00,2019-03-29 14:45:00,short,1295.73,1296.367677757881,1289.990900179071,1296.447677757881,-497.50386436059904,146851.42596701076,-1.1254552146616674,0.0,3.983203065511505,0.0,stop_loss,1,15,0.7,down,London+NY overlap,False,False,no_sweep,2019
2019-03-29 15:00:00,2019-03-29 15:15:00,short,1297.32,1297.9909823524586,1291.2811588278726,1298.0709823524585,-493.08075956319186,146358.34520744756,-1.1192281730015554,0.0,3.561941668424854,0.0,stop_loss,1,15,0.72,down,London+NY overlap,False,False,no_sweep,2019
2019-04-01 14:45:00,2019-04-01 15:00:00,short,1290.9,1291.3890856361124,1286.4982292749899,1291.4690856361124,-510.89477485853354,145847.45043258904,-1.16357053671793,2.576235953309722,2.7602528071173933,0.0,stop_loss,1,15,0.39,down,London+NY overlap,False,False,no_sweep,2019
2019-04-01 15:45:00,2019-04-01 16:00:00,short,1294.6000000000001,1295.2107888601886,1289.1029002583036,1295.2907888601885,-494.85084263631217,145352.59958995273,-1.1309781582710015,1.031452996385252,3.8802279387817635,0.0,stop_loss,1,15,0.71,down,London+NY overlap,False,False,no_sweep,2019
2019-04-02 14:30:00,2019-04-02 17:00:00,short,1289.76,1290.3581790777534,1284.3763883002193,1290.4381790777534,-494.3758262618442,144858.22376369088,-1.1337392145181309,3.895154622843981,1.5547183687747912,3.895154622843981,stop_loss,10,150,0.72,down,London+NY overlap,False,False,no_sweep,2019
2019-04-03 14:15:00,2019-04-03 15:15:00,short,1293.6200000000001,1294.0151373624196,1290.0637637382245,1294.0951373624196,-522.5591977108827,144335.66456598,-1.2024612390740994,6.908989783409976,1.5690746028254223,6.908989783409976,stop_loss,4,60,0.41,down,London+NY overlap,True,False,prev_day_sweep,2019
2019-04-05 13:45:00,2019-04-05 15:15:00,short,1290.3400000000001,1290.7711384351912,1286.459754083281,1290.8511384351912,-513.3537145381973,143822.3108514418,-1.1855552497064428,7.932486924957814,4.847630898585038,7.932486924957814,stop_loss,6,90,0.43,down,London+NY overlap,False,False,no_sweep,2019
2019-04-05 15:30:00,2019-04-05 15:45:00,short,1290.1000000000001,1290.7179167013076,1284.5387496882333,1290.7979167013075,-487.3277865032168,143334.9830649386,-1.1294672887634511,8.787592224827346,1.3594065320173416,0.0,stop_loss,1,15,0.73,down,London+NY overlap,False,False,no_sweep,2019
2019-04-08 15:30:00,2019-04-08 15:45:00,short,1299.4,1299.7819233442453,1295.9626899017924,1299.8619233442453,-520.0764162938885,142814.9066486447,-1.2094661172336074,0.0,11.154070742699716,0.0,stop_loss,1,15,0.28,down,London+NY overlap,True,True,both,2019
2019-04-08 16:00:00,2019-04-08 18:15:00,short,1303.18,1303.6608930876403,1298.8519622112392,1298.9019622112392,3811.455704880425,146626.36235352512,8.896026785815907,14.410687485666394,0.10397321418220169,8.816928562658742,take_profit,9,135,0.71,down,London+NY overlap,True,True,both,2019
2019-04-10 13:30:00,2019-04-10 13:45:00,long,1304.12,1303.7595366916255,1307.3641697753685,1303.6795366916256,-537.5043547293277,146088.8579987958,-1.221936596988773,0.0,2.108397671395236,0.0,stop_loss,1,15,0.22,up,London+NY overlap,False,False,no_sweep,2019
2019-04-10 14:00:00,2019-04-10 14:15:00,long,1303.43,1303.0762331677793,1306.6139014899863,1302.9962331677793,-537.375147006409,145551.4828517894,-1.2261376497556906,1.3002914860965062,1.6112307545112237,0.0,stop_loss,1,15,0.21,up,London+NY overlap,False,False,no_sweep,2019
2019-04-11 14:15:00,2019-04-11 14:30:00,long,1302.6499999999999,1302.1892798139254,1306.7964816746708,1302.1092798139255,-512.4756453256599,145039.00720646372,-1.1736411870327654,0.0,3.9286318566197744,0.0,stop_loss,1,15,0.68,up,London+NY overlap,False,False,no_sweep,2019
2019-04-11 15:15:00,2019-04-11 15:30:00,long,1299.06,1298.487860546791,1304.2092550788805,1298.407860546791,-495.9577161987965,144543.04949026494,-1.1398260503645026,0.0,5.890172371609841,0.0,stop_loss,1,15,0.83,up,London+NY overlap,True,False,prev_day_sweep,2019
2019-04-18 14:45:00,2019-04-18 17:45:00,short,1276.45,1276.92185106771,1272.2033403906114,1275.81,588.1573106707609,145131.2068009357,1.3563601818395141,8.032195451829539,0.9324976250146357,8.032195451829539,time_stop,12,180,0.63,down,London+NY overlap,False,False,no_sweep,2019
2019-04-24 14:45:00,2019-04-24 15:00:00,short,1273.2,1273.5805914234504,1269.7746771889458,1273.6605914234503,-526.9129965264656,144604.29380440924,-1.210199166535763,2.6537644775163995,1.8917924988236605,0.0,stop_loss,1,15,0.54,down,London+NY overlap,False,False,no_sweep,2019
2019-04-29 14:15:00,2019-04-29 15:30:00,long,1280.24,1279.8271465741338,1283.955680832795,1283.905680832795,3851.7775674981913,148456.07137190743,8.878891643213302,10.124658627285184,0.0,7.411831435285081,take_profit,5,75,0.68,up,London+NY overlap,False,False,no_sweep,2019
2019-04-30 15:30:00,2019-04-30 15:45:00,long,1283.19,1282.7497614650426,1287.1521468146166,1282.6697614650427,-526.3003777044272,147929.770994203,-1.181719667061098,0.0,5.678739595664481,0.0,stop_loss,1,15,0.77,up,London+NY overlap,False,False,no_sweep,2019
2019-04-30 16:00:00,2019-04-30 16:15:00,long,1281.32,1280.826350446899,1285.762845977909,1280.746350446899,-515.7090479758886,147414.0619462271,-1.1620582850675765,0.0,2.613189846716975,0.0,stop_loss,1,15,0.82,up,London+NY overlap,False,False,no_sweep,2019
2019-05-01 14:30:00,2019-05-01 15:00:00,long,1281.85,1281.533690280173,1284.696787478442,1281.453690280173,-554.0926053781857,146859.9693408489,-1.2529166667521505,2.592395834212418,1.8652604172985476,2.4975520841803616,stop_loss,2,30,0.33,up,London+NY overlap,False,False,no_sweep,2019
2019-05-02 14:45:00,2019-05-02 15:15:00,short,1272.0800000000002,1272.4804266933527,1268.4761597598276,1272.5604266933526,-528.6019935300716,146331.36734731885,-1.1997868806650627,7.641848185446024,1.997868806652329,2.8219896893968475,stop_loss,2,30,0.2,down,London+NY overlap,False,False,no_sweep,2019
2019-05-03 15:15:00,2019-05-03 15:30:00,short,1271.26,1271.6560750502483,1267.6953245477641,1271.7360750502482,-527.6629746238211,145803.70437269504,-1.2019819222386503,7.902542707594078,10.427316735580076,0.0,stop_loss,1,15,0.5,down,London+NY overlap,False,False,no_sweep,2019
2019-05-03 15:45:00,2019-05-03 16:00:00,short,1274.44,1275.0941922627142,1268.5522696355722,1275.174192262714,-490.9013346383411,145312.8030380567,-1.12228820877218,0.0,4.998530533567374,0.0,stop_loss,1,15,0.83,down,London+NY overlap,False,False,no_sweep,2019
2019-05-07 14:15:00,2019-05-07 14:30:00,long,1280.97,1280.5998425885211,1284.301416703311,1280.5198425885212,-530.1552791472892,144782.6477589094,-1.2161242690786718,0.0,2.8366310316600227,0.0,stop_loss,1,15,0.35,up,London+NY overlap,False,False,no_sweep,2019
2019-05-07 14:45:00,2019-05-07 15:00:00,long,1280.1699999999998,1279.8010377421429,1283.4906603207119,1279.721037742143,-528.5251517097239,144254.12260719968,-1.2168243452991194,0.9757095538472695,2.8729225752157963,0.0,stop_loss,1,15,0.36,up,London+NY overlap,False,False,no_sweep,2019
2019-05-07 15:15:00,2019-05-07 15:30:00,long,1279.46,1279.0679356041949,1282.9885795622465,1278.987935604195,-521.0667122000192,143733.05589499965,-1.2040481126464824,1.9129510560625134,1.9129510560625134,0.0,stop_loss,1,15,0.44,up,London+NY overlap,False,False,no_sweep,2019
2019-05-09 14:00:00,2019-05-09 14:45:00,long,1282.86,1282.4542858764323,1286.5114271121074,1282.3742858764324,-516.2243896601043,143216.83150533953,-1.1971831773970822,1.8978880824491564,1.9225359796232313,1.8978880824491564,stop_loss,3,45,0.56,up,London+NY overlap,False,False,no_sweep,2019
2019-05-09 15:00:00,2019-05-09 15:15:00,long,1282.43,1282.0288529236982,1286.0403236867164,1281.9488529236983,-515.3348771073673,142701.49662823215,-1.1994281018758473,0.0,4.761345932290392,0.0,stop_loss,1,15,0.51,up,London+NY overlap,False,False,no_sweep,2019
2019-05-10 15:15:00,2019-05-10 15:30:00,long,1284.6299999999999,1284.2085985918636,1288.4226126732271,1288.3726126732272,3802.1450768144828,146503.64170504664,8.88134828447731,9.27856415405182,0.0,0.0,take_profit,1,15,0.48,up,London+NY overlap,False,False,no_sweep,2019
2019-05-16 13:15:00,2019-05-16 15:30:00,long,1294.11,1293.6285995906683,1298.4426036839836,1293.5485995906683,-512.5496540559739,145991.09205099067,-1.1661818279527405,1.7656819219997557,8.849182338491454,1.7656819219997557,stop_loss,9,135,0.71,up,London+NY overlap,False,False,no_sweep,2019
2019-05-16 15:45:00,2019-05-16 17:15:00,long,1290.72,1290.1502139749152,1295.8480742257625,1290.0702139749153,-499.4662937940971,145491.62575719657,-1.140403583938412,4.352511102094766,1.1407791195007955,4.352511102094766,stop_loss,6,90,0.81,up,London+NY overlap,True,False,prev_day_sweep,2019
2019-05-17 13:15:00,2019-05-17 13:30:00,long,1285.04,1284.6705955911805,1288.364639679376,1284.5905955911805,-530.9999813256618,144960.6257758709,-1.2165648218860836,0.8121180820734297,1.7325185750899013,0.0,stop_loss,1,15,0.37,up,London+NY overlap,False,False,no_sweep,2019
2019-05-17 15:45:00,2019-05-17 16:15:00,long,1283.69,1283.1881505122437,1288.2066453898076,1283.1081505122438,-504.20654744279,144456.4192284281,-1.1594103450371018,3.0487228488372877,4.084890091579355,3.0487228488372877,stop_loss,2,30,0.73,up,London+NY overlap,True,False,prev_day_sweep,2019
2019-05-20 15:15:00,2019-05-20 18:00:00,short,1278.02,1278.5557083582244,1273.198624775981,1278.6357083582243,-498.08644957249726,143958.3327788556,-1.1493349856722208,5.282725118159483,1.7360192084412658,5.282725118159483,stop_loss,11,165,0.79,down,London+NY overlap,False,False,no_sweep,2019
2019-05-22 14:15:00,2019-05-22 14:30:00,short,1274.15,1274.4607288942145,1271.3534399520693,1274.5407288942145,-543.0651725050844,143415.26760635054,-1.257459159703117,0.0,4.183711345179313,0.0,stop_loss,1,15,0.45,down,London+NY overlap,False,False,no_sweep,2019
2019-05-22 14:45:00,2019-05-22 15:00:00,short,1275.26,1275.5852203220522,1272.333017101529,1275.6652203220522,-536.0807150050231,142879.1868913455,-1.2459870880611064,0.0,5.227225621303406,0.0,stop_loss,1,15,0.55,down,London+NY overlap,False,False,no_sweep,2019
2019-05-22 15:15:00,2019-05-22 17:00:00,short,1276.89,1277.2691440531983,1273.4777035212164,1273.5277035212164,3801.211040426118,146680.39793177161,8.868124003059084,9.626947776739646,0.9758823773678162,8.176311810381772,take_profit,7,105,0.67,down,London+NY overlap,False,False,no_sweep,2019
2019-05-23 13:15:00,2019-05-23 13:45:00,short,1276.74,1277.1185685068956,1273.33288343794,1277.1985685068955,-533.0317486417124,146147.3661831299,-1.2113223856256787,1.1622731209424337,2.667945118526595,1.1622731209424337,stop_loss,2,30,0.71,down,London+NY overlap,False,False,no_sweep,2019
2019-05-23 14:00:00,2019-05-23 15:00:00,short,1277.44,1277.8339923504554,1273.8940688459015,1277.9139923504554,-527.4676033425102,145619.89857978738,-1.2030496275053568,2.0051150716171287,3.477224871032119,2.0051150716171287,stop_loss,4,60,0.77,down,London+NY overlap,True,False,prev_day_sweep,2019
2019-05-23 15:15:00,2019-05-23 15:30:00,short,1278.46,1278.8733405942792,1274.7399346514871,1278.953340594279,-521.4116999287107,145098.48687985865,-1.193544987129675,0.0,12.386879176310202,0.0,stop_loss,1,15,0.82,down,London+NY overlap,True,False,prev_day_sweep,2019
2019-05-27 14:00:00,2019-05-27 14:45:00,long,1285.86,1285.6127111028359,1288.0856000744757,1285.532711102836,-576.1171362202472,144522.3697436384,-1.3235082566075076,2.183680732103434,1.1322788981271958,2.183680732103434,stop_loss,3,45,0.23,up,London+NY overlap,False,False,no_sweep,2019
2019-05-30 14:30:00,2019-05-30 15:00:00,short,1277.45,1277.8470549864737,1273.8765051217367,1277.9270549864736,-520.9236969078244,144001.4460467306,-1.201483428555886,0.6296357142377157,6.422284285224586,0.6296357142377157,stop_loss,2,30,0.36,down,London+NY overlap,False,False,no_sweep,2019
2019-05-30 15:15:00,2019-05-30 15:30:00,short,1279.88,1280.3407196812257,1275.7335228689708,1280.4207196812256,-507.0181664169659,143494.42788031363,-1.173641377305871,1.041848263836213,2.843377553386105,0.0,stop_loss,1,15,0.63,down,London+NY overlap,False,False,no_sweep,2019
2019-05-30 15:45:00,2019-05-30 16:00:00,short,1280.43,1280.947559316975,1275.771966147225,1281.027559316975,-497.02379708881597,142997.4040832248,-1.1545716546414737,0.096607284150921,4.44393507094632,0.0,stop_loss,1,15,0.68,down,London+NY overlap,False,False,no_sweep,2019
2019-05-31 14:15:00,2019-05-31 14:30:00,long,1296.6,1296.1012244359604,1301.0889800763548,1296.0212244359604,-497.79946636211236,142499.6046168627,-1.1603927813784927,0.9022093952549327,2.2454989393007203,0.0,stop_loss,1,15,0.69,up,London+NY overlap,False,False,no_sweep,2019
2019-06-04 15:00:00,2019-06-04 15:15:00,long,1323.3799999999999,1322.7472397889023,1329.0748418998787,1322.6672397889024,-481.5475743576605,142018.05704250504,-1.1264301999349233,0.0,5.547125022149792,0.0,stop_loss,1,15,0.64,up,London+NY overlap,False,False,no_sweep,2019
2019-06-04 15:30:00,2019-06-04 16:15:00,long,1321.6699999999998,1320.9067271649208,1328.5394555157118,1320.8267271649208,-470.709675848365,141547.34736665667,-1.1048118003461227,2.554787633439118,1.0874224285919143,2.554787633439118,stop_loss,3,45,0.76,up,London+NY overlap,False,False,no_sweep,2019
2019-06-05 14:45:00,2019-06-05 15:15:00,long,1334.5,1333.6825832355298,1341.8567508802316,1341.8067508802317,3795.8037438936317,145343.1511105503,8.938831692505888,10.863491410964384,0.6973187054334382,1.309001780375119,take_profit,2,30,0.84,up,London+NY overlap,False,False,no_sweep,2019
2019-06-10 14:15:00,2019-06-10 14:30:00,long,1326.81,1326.2482832468002,1331.8654507787971,1326.1682832468002,-498.12900095559996,144845.0221095947,-1.1424205340934048,0.0,2.438951646351581,0.0,stop_loss,1,15,0.28,up,London+NY overlap,True,False,prev_day_sweep,2019
2019-06-10 14:45:00,2019-06-10 15:00:00,long,1326.26,1325.6941574934147,1331.352582559269,1325.6141574934147,-495.9705451090057,144349.05156448568,-1.1413820967298816,0.5125101006462222,2.085385926767761,0.0,stop_loss,1,15,0.3,up,London+NY overlap,True,False,prev_day_sweep,2019
2019-06-11 14:45:00,2019-06-11 15:00:00,long,1321.61,1321.1789218607248,1325.489703253475,1321.0989218607249,-513.4125669449412,143835.63899754075,-1.1855812037568352,0.5567436112710328,4.129181783593274,0.0,stop_loss,1,15,0.37,up,London+NY overlap,True,False,prev_day_sweep,2019
2019-06-12 13:45:00,2019-06-12 14:30:00,long,1335.01,1334.4596197580631,1339.9634221774315,1334.3796197580632,-494.228197171387,143341.41080036937,-1.1453540550772612,2.1439723123916674,1.290017238811932,2.1439723123916674,stop_loss,3,45,0.68,up,London+NY overlap,False,False,no_sweep,2019
2019-06-12 15:30:00,2019-06-12 15:45:00,long,1333.4199999999998,1332.8339375878952,1338.6945617089414,1332.7539375878953,-488.72436037641165,142852.68643999295,-1.1365042329069275,4.197505161892285,1.0579078050294632,0.0,stop_loss,1,15,0.83,up,London+NY overlap,False,False,no_sweep,2019
2019-06-19 14:45:00,2019-06-19 17:45:00,long,1342.19,1341.6143943541736,1347.3704508124383,1343.95,1310.3801011543774,144163.06654114733,3.0576489524748256,6.5843690510679185,0.20847606494167184,6.5843690510679185,time_stop,12,180,0.31,up,London+NY overlap,False,False,no_sweep,2019
2019-06-25 14:15:00,2019-06-25 15:00:00,long,1428.27,1426.9746571515498,1439.9280856360517,1426.8946571515498,-459.1996076140672,143703.86693353325,-1.0617597110260355,1.6443523060697762,2.3700289106262207,1.6443523060697762,stop_loss,3,45,0.71,up,London+NY overlap,False,False,no_sweep,2019
2019-06-25 15:30:00,2019-06-25 15:45:00,long,1425.3,1424.0528109247084,1436.524701677624,1423.9728109247085,-458.76492838924503,143245.102005144,-1.0641442437115851,1.0583800212420653,1.0583800212420653,0.0,stop_loss,1,15,0.63,up,London+NY overlap,False,False,no_sweep,2019
2019-06-26 13:15:00,2019-06-26 14:00:00,long,1405.37,1404.0606637437847,1417.154026305937,1403.9806637437848,-455.991987076553,142789.11001806744,-1.0610996599385254,1.9399142030500869,2.711297409774489,1.9399142030500869,stop_loss,3,45,0.33,up,London+NY overlap,True,False,prev_day_sweep,2019
2019-06-26 14:15:00,2019-06-26 17:15:00,long,1402.62,1401.2870381399998,1414.6166567400007,1408.41,1860.703532067891,144649.81355013532,4.343710179374444,7.014454262029415,0.0,7.014454262029415,time_stop,12,180,0.41,up,London+NY overlap,True,False,prev_day_sweep,2019
2019-06-27 16:00:00,2019-06-27 19:00:00,long,1401.03,1400.0810883463746,1409.5702048826283,1406.27,2396.319046478753,147046.13259661407,5.522115762811299,7.671947090317946,0.0,7.671947090317946,time_stop,12,180,0.59,up,London+NY overlap,True,False,prev_day_sweep,2019
2019-06-28 15:00:00,2019-06-28 15:15:00,long,1413.48,1412.703492234448,1420.4685698899668,1412.6234922344481,-486.58684452632673,146559.54575208775,-1.1030253701881017,0.8885938178732551,3.0006139067310955,0.0,stop_loss,1,15,0.29,up,London+NY overlap,False,False,no_sweep,2019
2019-07-03 14:45:00,2019-07-03 15:00:00,long,1420.08,1418.968269316635,1430.085576150283,1418.8882693166352,-471.31785663447465,146088.22789545328,-1.0719598740927019,0.0,4.695381784553089,0.0,stop_loss,1,15,0.31,up,London+NY overlap,False,False,no_sweep,2019
2019-07-03 15:15:00,2019-07-03 16:00:00,long,1416.44,1415.2284311964866,1427.3441192316218,1415.1484311964866,-467.20334122953926,145621.02455422375,-1.066030092362836,3.9865668264097933,1.4361545088929981,3.9865668264097933,stop_loss,3,45,0.41,up,London+NY overlap,False,False,no_sweep,2019
2019-07-05 15:00:00,2019-07-05 15:15:00,long,1411.54,1410.7915334545928,1418.276198908665,1410.7115334545929,-483.55727276541165,145137.46728145835,-1.106885204810869,3.928031276803078,1.62999937336727,0.0,stop_loss,1,15,0.48,up,London+NY overlap,True,False,prev_day_sweep,2019
2019-07-09 14:15:00,2019-07-09 14:45:00,short,1390.21,1391.0737142725177,1382.4365715473402,1391.1537142725176,-475.74170200284425,144661.7255794555,-1.0926232233800353,1.0883228747164657,2.9523652452412517,1.0883228747164657,stop_loss,2,30,0.74,down,London+NY overlap,False,False,no_sweep,2019
2019-07-09 15:00:00,2019-07-09 15:15:00,short,1391.6200000000001,1392.478899510467,1383.8899044057969,1392.558899510467,-474.4076169842148,144187.31796247128,-1.093142444517679,0.0,3.4113420304629,0.0,stop_loss,1,15,0.72,down,London+NY overlap,False,False,no_sweep,2019
2019-07-09 15:30:00,2019-07-09 18:00:00,short,1394.39,1395.2847398840252,1386.337341043774,1395.364739884025,-471.237950038707,143716.08001243256,-1.0894114607253687,4.6493959577234865,6.1917436552373655,4.6493959577234865,stop_loss,10,150,0.8,down,London+NY overlap,False,False,no_sweep,2019
2019-07-11 14:30:00,2019-07-11 15:30:00,long,1419.0,1418.2849619632252,1425.435342330974,1418.2049619632253,-479.38603639080316,143236.69397604174,-1.1118821599488207,2.4753927888698817,10.181276555351896,2.4753927888698817,stop_loss,4,60,0.22,up,London+NY overlap,False,False,no_sweep,2019
2019-07-11 15:45:00,2019-07-11 16:00:00,long,1417.1,1416.1782881894667,1425.3954062947996,1416.0982881894668,-467.0067794005502,142769.6871966412,-1.0867950253926397,0.3905776142673725,2.3109175510810083,0.0,stop_loss,1,15,0.5,up,London+NY overlap,False,False,no_sweep,2019
2019-07-12 15:30:00,2019-07-12 15:45:00,long,1405.9099999999999,1405.1926679639264,1412.3659883246617,1405.1126679639265,-476.0759578165601,142293.61123882464,-1.1115243652546627,1.8401520267038374,1.6728654788212094,0.0,stop_loss,1,15,0.45,up,London+NY overlap,False,False,no_sweep,2019
2019-07-15 15:45:00,2019-07-15 16:15:00,long,1411.34,1410.6161090957776,1417.8550181380003,1410.5361090957776,-474.05709535768597,141819.55414346696,-1.1105138903297438,2.3622344058004736,1.4228663379967086,2.3622344058004736,stop_loss,2,30,0.46,up,London+NY overlap,False,False,no_sweep,2019
2019-07-16 15:45:00,2019-07-16 16:00:00,long,1410.49,1409.7643675935979,1417.0206916576199,1409.684367593598,-472.36490957992174,141347.18923388704,-1.1102486593681569,1.956913703786665,4.685568023151055,0.0,stop_loss,1,15,0.69,up,London+NY overlap,False,False,no_sweep,2019
2019-07-18 13:45:00,2019-07-18 14:00:00,long,1419.8799999999999,1419.186740411694,1426.1193362947522,1419.106740411694,-472.9746455679209,140874.21458831913,-1.1153968893462047,0.0,2.9570452894991206,0.0,stop_loss,1,15,0.28,up,London+NY overlap,False,False,no_sweep,2019
2019-07-18 14:15:00,2019-07-18 15:30:00,long,1418.3999999999999,1417.681373110083,1424.8676420092506,1417.6013731100832,-469.6704400213448,140404.54414829778,-1.111323415700729,6.581996953311917,5.343523953639727,6.581996953311917,stop_loss,5,75,0.35,up,London+NY overlap,False,False,no_sweep,2019
2019-07-19 13:45:00,2019-07-19 14:15:00,long,1437.43,1436.588158553561,1445.006573017951,1436.508158553561,-461.2414675415116,139943.30268075626,-1.0950297711502845,1.04532748265394,1.8293230946445977,1.04532748265394,stop_loss,2,30,0.23,up,London+NY overlap,False,False,no_sweep,2019
2019-07-19 15:45:00,2019-07-19 16:00:00,long,1434.97,1434.0266570275364,1443.4600867521729,1433.9466570275365,-455.43349403776097,139487.86918671848,-1.0848047871613464,2.4487382292860476,1.4840837753250087,0.0,stop_loss,1,15,0.38,up,London+NY overlap,False,False,no_sweep,2019
2019-07-24 16:00:00,2019-07-24 17:30:00,long,1424.9199999999998,1424.2167747368526,1431.2490273683254,1424.1367747368527,-466.0686785938047,139021.80050812467,-1.113761555780704,6.527069262924031,2.5169744216500143,6.527069262924031,stop_loss,6,90,0.58,up,London+NY overlap,False,False,no_sweep,2019
2019-07-26 15:45:00,2019-07-26 16:15:00,long,1417.69,1416.974982545263,1424.125157092634,1424.075157092634,3724.423913000463,142746.22442112514,8.930071637176553,9.929827520938467,0.0,6.05579622051597,take_profit,2,30,0.6,up,London+NY overlap,False,False,no_sweep,2019
2019-07-29 15:30:00,2019-07-29 16:00:00,short,1420.99,1421.4772935350147,1416.6043581848674,1421.5572935350147,-498.5435129530798,142247.68090817207,-1.1641720939259157,3.180834319817418,1.5185918688161208,2.7498825732614223,stop_loss,2,30,0.3,down,London+NY overlap,False,False,no_sweep,2019
2019-07-30 14:00:00,2019-07-30 15:30:00,long,1426.6699999999998,1426.1361831683034,1431.4743514852673,1426.0561831683035,-490.6965215038172,141756.98438666825,-1.1498641392510907,8.092663519566562,2.341627175799995,5.882167465610845,stop_loss,6,90,0.45,up,London+NY overlap,False,False,no_sweep,2019
2019-07-31 15:30:00,2019-07-31 16:30:00,long,1429.68,1429.2464407107987,1433.5820336028128,1433.5320336028128,3778.3944264922275,145535.37881316047,8.884675519022897,11.04808527761643,0.20758406575930982,6.0199379070100205,take_profit,4,60,0.43,up,London+NY overlap,False,False,no_sweep,2019
2019-08-01 13:15:00,2019-08-01 16:00:00,short,1407.53,1408.2493475171636,1401.0558723455279,1401.1058723455278,3899.107855786139,149434.4866689466,8.930492566099332,9.36960208964827,0.9174981274730885,8.313089094376371,take_profit,11,165,0.29,down,London+NY overlap,False,False,no_sweep,2019
2019-08-08 15:45:00,2019-08-08 16:00:00,long,1495.07,1493.9648271909819,1505.0165552811632,1493.884827190982,-480.7547441027442,148953.73192484386,-1.0723868695892047,0.0,4.6146629363159155,0.0,stop_loss,1,15,0.21,up,London+NY overlap,False,False,no_sweep,2019
2019-08-09 15:30:00,2019-08-09 16:30:00,long,1495.6499999999999,1494.786022939815,1503.425793541663,1494.706022939815,-488.2383310126828,148465.49359383117,-1.0925950510570366,4.826517036352503,1.05326870577458,4.826517036352503,stop_loss,4,60,0.22,up,London+NY overlap,False,False,no_sweep,2019
2019-08-12 16:00:00,2019-08-12 19:00:00,long,1502.01,1500.7525337381726,1513.3271963564457,1504.88,1016.5584068913919,149482.05200072256,2.2823673979366355,3.753579832146529,0.8986324598146418,3.753579832146529,time_stop,12,180,0.81,up,London+NY overlap,False,False,no_sweep,2019
2019-08-13 14:00:00,2019-08-13 14:15:00,long,1527.44,1526.1752747110086,1538.822527600923,1526.0952747110086,-476.8125473382251,149005.23945338433,-1.0632548433215252,0.0,1.2730037218469556,0.0,stop_loss,1,15,0.85,up,London+NY overlap,False,False,no_sweep,2019
2019-08-13 14:30:00,2019-08-13 15:00:00,long,1526.54,1525.321308296737,1537.5082253293672,1525.241308296737,-476.3596922077076,148528.87976117662,-1.0656441656127909,0.541564366306085,3.290413801344131,0.541564366306085,stop_loss,2,30,0.75,up,London+NY overlap,False,False,no_sweep,2019
2019-08-13 15:15:00,2019-08-13 15:30:00,long,1525.28,1524.0563791282548,1536.2925878457067,1523.9763791282548,-474.7189726441142,148054.1607885325,-1.065379728188051,0.0,7.76384272233814,0.0,stop_loss,1,15,0.74,up,London+NY overlap,False,False,no_sweep,2019
2019-08-15 14:30:00,2019-08-15 15:00:00,long,1512.12,1510.5198837654982,1526.5210461105146,1510.4398837654983,-466.3689932571524,147587.79179527535,-1.049996367935634,1.9686069874674323,2.0248529013948784,1.9686069874674323,stop_loss,2,30,0.68,up,London+NY overlap,False,False,no_sweep,2019
2019-08-16 15:15:00,2019-08-16 15:30:00,long,1511.1499999999999,1510.1044647161875,1520.55981755431,1510.0244647161876,-476.6417825321424,147111.1500127432,-1.076515829966276,3.070197677399651,1.319898066919348,0.0,stop_loss,1,15,0.26,up,London+NY overlap,False,False,no_sweep,2019
2019-08-19 14:30:00,2019-08-19 14:45:00,long,1496.78,1495.747907871571,1506.0688291558604,1495.667907871571,-475.54229150741986,146635.60772123578,-1.0775124601732022,0.0,3.4783716502755344,0.0,stop_loss,1,15,0.56,up,London+NY overlap,True,False,prev_day_sweep,2019
2019-08-20 15:15:00,2019-08-20 16:00:00,long,1503.29,1502.4875573310949,1510.5119840201453,1502.407557331095,-483.7635960108989,146151.8441252249,-1.0996955958350085,3.339802460475908,2.3553084516040634,2.4176181990012275,stop_loss,3,45,0.57,up,London+NY overlap,False,False,no_sweep,2019
2019-08-21 15:00:00,2019-08-21 15:15:00,long,1499.8,1499.1569619863158,1505.5873421231584,1499.0769619863158,-493.00354018170907,145658.8405850432,-1.124409441273276,0.6998031071628839,2.565944726263436,0.0,stop_loss,1,15,0.4,up,London+NY overlap,False,False,no_sweep,2019
2019-08-22 13:30:00,2019-08-22 13:45:00,long,1496.56,1495.9030115322885,1502.4728962094032,1495.8230115322885,-490.1861646308262,145168.65442041235,-1.1217677386006426,0.12176773860098879,1.2937822226328668,0.0,stop_loss,1,15,0.41,up,London+NY overlap,True,False,prev_day_sweep,2019
2019-08-22 14:45:00,2019-08-22 16:30:00,long,1493.08,1492.2942705622247,1500.1515649399767,1500.1015649399767,3891.8401879461385,149060.49460835848,8.936364863531452,10.003443452819612,0.5727162282146224,8.425292068405335,take_profit,7,105,0.68,up,London+NY overlap,True,False,prev_day_sweep,2019
2019-08-23 15:15:00,2019-08-23 15:30:00,short,1502.22,1502.961936043736,1495.5425756063762,1503.0419360437359,-495.3992770001265,148565.09533135834,-1.1078260055908586,0.0,3.6795624407914245,0.0,stop_loss,1,15,0.7,down,London+NY overlap,False,False,no_sweep,2019
2019-08-23 15:45:00,2019-08-23 16:15:00,short,1503.69,1504.538353017303,1496.0548228442733,1504.618353017303,-487.72451457258177,148077.37081678575,-1.0943003659658752,2.4164468778776995,1.2376923033031857,2.4164468778776995,stop_loss,2,30,0.77,down,London+NY overlap,True,False,prev_day_sweep,2019
2019-08-26 16:00:00,2019-08-26 19:00:00,long,1527.21,1525.6793037265384,1540.9862664611546,1529.91,783.5824287358324,148860.95324552158,1.7639031640770846,6.513375757721588,0.0,6.513375757721588,time_stop,12,180,0.45,up,London+NY overlap,False,False,no_sweep,2019
2019-08-28 15:45:00,2019-08-28 16:30:00,long,1541.28,1540.3068209960627,1550.038611035436,1540.2268209960628,-483.29412111227293,148377.6591244093,-1.0822048150199133,3.5348070458595444,1.5927182910122228,0.9967333821173838,stop_loss,3,45,0.67,up,London+NY overlap,False,False,no_sweep,2019
2019-08-29 14:00:00,2019-08-29 14:15:00,long,1536.58,1535.465476649373,1546.6107101556431,1535.385476649373,-477.08442834084775,147900.57469606848,-1.0717795638421768,0.4934845014155774,1.4983983952066644,0.0,stop_loss,1,15,0.77,up,London+NY overlap,False,False,no_sweep,2019
2019-09-03 14:00:00,2019-09-03 14:30:00,long,1530.3899999999999,1529.5885806645329,1537.6027740192033,1529.508580664533,-487.9933157133803,147412.58138035508,-1.0998228972767523,1.147963318683788,1.7344228401849924,1.147963318683788,stop_loss,2,30,0.69,up,London+NY overlap,False,False,no_sweep,2019
2019-09-03 14:45:00,2019-09-03 16:00:00,long,1529.61,1528.8129816763771,1536.7831649126056,1536.7331649126056,3952.396436479642,151364.97781683473,8.937266185083706,9.347338422706473,0.0,6.587050566336736,take_profit,5,75,0.63,up,London+NY overlap,False,False,no_sweep,2019
2019-09-05 13:15:00,2019-09-05 13:30:00,long,1539.8,1538.8181692543185,1548.636476711133,1538.7381692543186,-491.09478789160056,150873.88302894312,-1.081480438814738,2.362932725629491,1.6703489957035218,0.0,stop_loss,1,15,0.51,up,London+NY overlap,False,False,no_sweep,2019
2019-09-06 15:45:00,2019-09-06 16:00:00,short,1517.51,1519.1335708044114,1502.897862760297,1519.2135708044113,-474.9241762254842,150398.95885271762,-1.0492741060522635,1.0039599108157056,4.120547118624303,0.0,stop_loss,1,15,0.83,down,London+NY overlap,False,False,no_sweep,2019
2019-09-09 15:30:00,2019-09-09 15:45:00,short,1512.67,1513.447443610623,1505.673007504394,1513.5274436106229,-497.62564596523623,149901.33320675237,-1.1029013537532752,0.0,1.9679883905331428,0.0,stop_loss,1,15,0.2,down,London+NY overlap,False,False,no_sweep,2019
2019-09-09 16:00:00,2019-09-09 17:15:00,short,1514.0,1514.8182549499759,1506.635705450217,1506.685705450217,4019.8565416989004,153921.1897484513,8.938894350713761,11.451198676251316,0.0,8.163714744648923,take_profit,5,75,0.31,down,London+NY overlap,False,False,no_sweep,2019
2019-09-12 14:45:00,2019-09-12 15:00:00,short,1504.32,1505.0452126076864,1497.793086530821,1505.1252126076863,-512.701852926664,153408.48789552462,-1.1103124782333023,0.0,18.242926087848975,0.0,stop_loss,1,15,0.28,down,London+NY overlap,True,False,prev_day_sweep,2019
2019-09-13 13:15:00,2019-09-13 14:45:00,short,1507.0,1507.843897678904,1499.404920889864,1507.923897678904,-503.85401963035184,152904.63387589427,-1.0947982225805093,3.175740456450022,2.298856897579504,3.175740456450022,stop_loss,6,90,0.32,down,London+NY overlap,False,False,no_sweep,2019
2019-09-13 15:00:00,2019-09-13 15:15:00,short,1507.94,1508.7930788138015,1500.2622906757874,1508.8730788138014,-501.731160451232,152402.90271544305,-1.0937779706935158,2.3913382526867863,1.0901689093129212,0.0,stop_loss,1,15,0.36,down,London+NY overlap,False,False,no_sweep,2019
2019-09-16 13:15:00,2019-09-16 16:15:00,short,1504.3700000000001,1505.4050713308332,1495.0543580225037,1501.8999999999999,1091.0412408125292,153493.9439562556,2.3863089686895083,4.270237101865066,0.5217031753409372,4.270237101865066,time_stop,12,180,0.2,down,London+NY overlap,False,False,no_sweep,2019
2019-09-17 14:30:00,2019-09-17 15:00:00,short,1500.6200000000001,1501.3534010822596,1494.0193902596643,1501.4334010822595,-510.71157305755406,152983.23238319805,-1.1090808316691685,0.9135519652302158,5.767648974512242,0.9135519652302158,stop_loss,2,30,0.42,down,London+NY overlap,False,False,no_sweep,2019
2019-09-17 15:15:00,2019-09-17 15:30:00,short,1503.48,1504.293832790716,1496.1555048835578,1504.3738327907158,-504.0645858475998,152479.16779735044,-1.098300290812264,0.012287536351533004,2.027443498004901,0.0,stop_loss,1,15,0.53,down,London+NY overlap,False,False,no_sweep,2019
2019-09-17 15:45:00,2019-09-17 16:15:00,short,1504.6000000000001,1505.444911947097,1496.995792476129,1505.5249119470968,-500.74970935277474,151978.41808799768,-1.0946844227671517,3.4204747724665907,1.2190619431281569,3.4204747724665907,stop_loss,2,30,0.55,down,London+NY overlap,False,False,no_sweep,2019
2019-09-18 15:15:00,2019-09-18 15:30:00,short,1502.0900000000001,1502.526611630072,1498.1604953293534,1502.606611630072,-539.4759064795159,151438.94218151816,-1.1832292007126775,0.0,5.336550470761421,0.0,stop_loss,1,15,0.27,down,London+NY overlap,False,False,no_sweep,2019
2019-09-18 15:45:00,2019-09-18 16:00:00,short,1504.06,1504.5719508442967,1499.45244240133,1504.6519508442966,-525.3106466122971,150913.63153490587,-1.15626500257036,0.8008581381735398,4.394953197295376,0.0,stop_loss,1,15,0.44,down,London+NY overlap,False,False,no_sweep,2019
2019-09-19 14:00:00,2019-09-19 14:15:00,short,1498.5,1499.198143959216,1492.2167043670556,1499.2781439592159,-504.62026860806924,150409.0112662978,-1.1145895469607332,0.1289132403308249,2.2774672458465273,0.0,stop_loss,1,15,0.3,down,London+NY overlap,False,False,no_sweep,2019
2019-09-19 14:30:00,2019-09-19 14:45:00,short,1499.82,1500.541996577079,1493.3220308062878,1500.621996577079,-501.2247261008628,149907.78654019695,-1.1108038494082177,0.0,3.157909708137043,0.0,stop_loss,1,15,0.41,down,London+NY overlap,False,False,no_sweep,2019
2019-09-19 15:00:00,2019-09-19 15:15:00,short,1501.3,1502.0280990894203,1494.7471081952176,1502.1080990894202,-499.1367832773337,149408.64975691962,-1.1098751545804302,0.0,3.8044272273508333,0.0,stop_loss,1,15,0.43,down,London+NY overlap,False,False,no_sweep,2019
2019-09-19 16:00:00,2019-09-19 19:00:00,short,1503.6200000000001,1504.528010024285,1495.4479097814353,1497.21,3164.2033215305964,152572.85307845022,7.059393430207681,7.808283840900601,0.39647139389610403,7.808283840900601,time_stop,12,180,0.66,down,London+NY overlap,False,False,no_sweep,2019
2019-09-25 13:15:00,2019-09-25 13:30:00,long,1529.44,1528.7616146830737,1535.5454678523372,1528.6816146830738,-511.69597269810635,152061.15710575212,-1.1179270806779793,0.8402304498312738,1.518311163730326,0.0,stop_loss,1,15,0.32,up,London+NY overlap,False,False,no_sweep,2019
2019-09-25 15:15:00,2019-09-25 15:30:00,long,1527.32,1526.6083954257062,1533.724441168643,1526.5283954257063,-507.46852347079346,151553.68858228132,-1.1124219867183012,0.21079122509713405,1.658224304096219,0.0,stop_loss,1,15,0.44,up,London+NY overlap,False,False,no_sweep,2019
2019-09-25 15:45:00,2019-09-25 16:00:00,long,1526.59,1525.8679021782875,1533.0888803954115,1525.7879021782876,-505.0321985297391,151048.65638375157,-1.1107883137082644,3.406740646532278,1.5787334703440268,0.0,stop_loss,1,15,0.43,up,London+NY overlap,False,False,no_sweep,2019
2019-09-26 15:30:00,2019-09-26 16:30:00,long,1503.0,1502.1355247744377,1510.7802770300596,1510.7302770300596,4052.104413189688,155100.76079694126,8.942161442546437,10.70013312872396,0.0,8.016424062925159,take_profit,4,60,0.65,up,London+NY overlap,False,False,no_sweep,2019
2019-10-01 13:30:00,2019-10-01 13:45:00,short,1468.07,1469.1159432028176,1458.6565111746413,1469.1959432028175,-500.891387507579,154599.86940943368,-1.0764859887080087,0.42067293789426474,1.9121497177019544,0.0,stop_loss,1,15,0.62,down,London+NY overlap,False,False,no_sweep,2019
2019-10-02 14:15:00,2019-10-02 14:30:00,short,1485.48,1486.3336964761047,1477.7967317150583,1486.4136964761046,-507.26232559540466,154092.6070838383,-1.093710120914353,0.43340930922941484,2.7410210367472194,0.0,stop_loss,1,15,0.36,down,London+NY overlap,False,False,no_sweep,2019
2019-10-02 15:15:00,2019-10-02 15:30:00,short,1486.26,1487.1322877200653,1478.4094105194133,1487.2122877200652,-504.67464153154765,153587.93244230674,-1.0917128582229032,1.2381235860102369,2.9462755704133743,0.0,stop_loss,1,15,0.41,down,London+NY overlap,False,False,no_sweep,2019
2019-10-02 16:00:00,2019-10-02 16:15:00,short,1492.32,1493.5358950878217,1481.3769442096032,1493.6158950878216,-491.07982060501047,153096.85262170172,-1.0657951502569556,0.0,4.416499461002262,0.0,stop_loss,1,15,0.76,down,London+NY overlap,True,False,prev_day_sweep,2019
2019-10-03 14:15:00,2019-10-03 14:30:00,short,1502.5900000000001,1503.5305158225797,1494.1253575967837,1503.6105158225796,-498.3576779996717,152598.49494370204,-1.0850597066836296,0.38276868007681675,2.796337857226741,0.0,stop_loss,1,15,0.48,down,London+NY overlap,False,False,no_sweep,2019
2019-10-03 14:45:00,2019-10-03 17:00:00,short,1503.3500000000001,1504.2942712959998,1494.8515583360022,1504.3742712959997,-496.5805659212635,152101.91437778078,-1.0847214146388235,5.506891951528583,17.081955226568194,5.506891951528583,stop_loss,9,135,0.52,down,London+NY overlap,True,False,prev_day_sweep,2019
2019-10-04 16:00:00,2019-10-04 19:00:00,long,1496.54,1494.9381202529994,1510.9569177230057,1505.39,2520.9793895525877,154622.89376733336,5.524759281444992,7.553625684235495,0.0,7.553625684235495,time_stop,12,180,0.83,up,London+NY overlap,False,False,no_sweep,2019
2019-10-07 13:45:00,2019-10-07 14:00:00,long,1501.1399999999999,1500.4846921655637,1507.037770509925,1500.4046921655638,-520.4977837696318,154102.39598356374,-1.1220800298668225,0.0,5.951401456012803,0.0,stop_loss,1,15,0.29,up,London+NY overlap,False,False,no_sweep,2019
2019-10-07 14:15:00,2019-10-07 14:30:00,long,1499.45,1498.7226937550015,1505.9957562049865,1498.6426937550016,-513.1586350410372,153589.2373485227,-1.1099949306774994,0.20624049502031122,2.0486555838703002,0.0,stop_loss,1,15,0.41,up,London+NY overlap,False,False,no_sweep,2019
2019-10-07 14:45:00,2019-10-07 15:30:00,long,1498.6,1497.872858390792,1505.144274482871,1497.7928583907922,-511.4612997825845,153077.7760487401,-1.1100198351832495,2.2829115800546185,1.1827132282208717,2.2829115800546185,stop_loss,3,45,0.4,up,London+NY overlap,False,False,no_sweep,2019
2019-10-08 13:15:00,2019-10-08 13:45:00,short,1502.4,1503.245745996183,1494.7882860343555,1503.3257459961828,-502.67268986650083,152575.1033588736,-1.0945910478571568,0.3901880724113094,1.3479224319655594,0.31924478651817295,stop_loss,2,30,0.66,down,London+NY overlap,False,False,no_sweep,2019
2019-10-08 14:30:00,2019-10-08 16:00:00,short,1506.1200000000001,1507.1058020061596,1497.2477819445655,1507.1858020061595,-494.8707252586758,152080.2326336149,-1.0811521984131423,3.9866017470492983,1.0955546785783417,3.8040093006197284,stop_loss,6,90,0.88,down,London+NY overlap,False,False,no_sweep,2019
2019-10-09 14:30:00,2019-10-09 16:15:00,long,1500.48,1499.554108430967,1508.813024121297,1508.7630241212971,4081.5283692205335,156161.76100283544,8.94599799623219,9.374747854185408,0.0,8.294707778818433,take_profit,7,105,0.48,up,London+NY overlap,False,False,no_sweep,2019
2019-10-10 13:15:00,2019-10-10 15:30:00,long,1506.1299999999999,1505.2011414937574,1514.4897265561815,1505.1211414937575,-508.83461758289695,155652.92638525253,-1.0861272190137465,5.4798443097547604,5.587503333521699,3.951086172259292,stop_loss,9,135,0.29,up,London+NY overlap,False,False,no_sweep,2019
2019-10-14 14:30:00,2019-10-14 16:00:00,short,1496.38,1497.1853551620138,1489.1318035418776,1489.1818035418776,4173.638152146063,159826.5645373986,8.937915590090906,9.685167945651518,0.0,6.965870791680126,take_profit,6,90,0.23,down,London+NY overlap,False,False,no_sweep,2019
2019-10-15 13:30:00,2019-10-15 16:00:00,short,1496.69,1497.4305602819636,1490.0249574623288,1490.0749574623287,4282.944476558354,164109.50901395697,8.93248355168594,12.233980434351507,0.41860197954175743,8.182993535559593,take_profit,10,150,0.68,down,London+NY overlap,False,False,no_sweep,2019
2019-10-17 14:15:00,2019-10-17 15:00:00,short,1489.3400000000001,1490.2505119611121,1481.145392349992,1490.330511961112,-535.5858194723984,163573.92319448458,-1.0878626568532126,1.900029954452715,1.0543518822392974,1.900029954452715,stop_loss,3,45,0.7,down,London+NY overlap,False,False,no_sweep,2019
2019-10-17 15:30:00,2019-10-17 16:15:00,short,1491.32,1492.2345337091263,1483.089196617863,1492.3145337091262,-533.6482808480246,163040.27491363656,-1.0874762725546265,2.8429788580278474,1.552703837846112,2.8429788580278474,stop_loss,3,45,0.7,down,London+NY overlap,True,False,prev_day_sweep,2019
2019-10-18 13:45:00,2019-10-18 14:30:00,short,1489.04,1489.6120783232143,1483.8912950910717,1489.6920783232142,-557.519965892387,162482.75494774416,-1.1398409916153307,7.394092431667368,1.2061285526834198,7.394092431667368,stop_loss,3,45,0.3,down,London+NY overlap,False,False,no_sweep,2019
2019-10-18 15:15:00,2019-10-18 15:30:00,short,1490.0900000000001,1490.8248657213667,1483.4762085077011,1490.9048657213666,-540.5135529000869,161942.24139484408,-1.1088634258938652,0.3265902776822144,1.4696562495684178,0.0,stop_loss,1,15,0.58,down,London+NY overlap,False,False,no_sweep,2019
2019-10-18 15:45:00,2019-10-18 16:00:00,short,1490.3600000000001,1491.1014658515867,1483.6868073357218,1491.1814658515866,-538.2446984601692,161403.99669638393,-1.1078943822277816,0.0,4.113473322437853,0.0,stop_loss,1,15,0.59,down,London+NY overlap,False,False,no_sweep,2019
2019-10-21 13:15:00,2019-10-21 14:00:00,short,1491.51,1492.0967321325065,1486.229410807442,1492.1767321325065,-550.2335305178501,160853.76316586608,-1.1363484213113817,1.2953100024592892,1.1078309231561394,1.2953100024592892,stop_loss,3,45,0.44,down,London+NY overlap,False,False,no_sweep,2019
2019-10-24 14:00:00,2019-10-24 14:30:00,short,1490.0900000000001,1490.587831914251,1485.6095127717435,1490.6678319142509,-560.1073488294301,160293.65581703666,-1.160696808922585,0.5222646289993156,1.205226066920303,0.5222646289993156,stop_loss,2,30,0.37,down,London+NY overlap,False,False,no_sweep,2019
2019-10-24 14:45:00,2019-10-24 15:00:00,short,1490.49,1490.9552466164755,1486.30278045172,1491.0352466164754,-563.5693224734188,159730.08649456323,-1.1719518147299426,0.0,4.4707471829824135,0.0,stop_loss,1,15,0.35,down,London+NY overlap,False,False,no_sweep,2019
2019-10-24 15:15:00,2019-10-24 15:30:00,short,1492.51,1493.0038350927773,1488.0654841650037,1493.0838350927772,-556.8178345980136,159173.26865996522,-1.1619973978560516,0.8099869892811792,5.831906322823385,0.0,stop_loss,1,15,0.4,down,London+NY overlap,False,False,no_sweep,2019
2019-10-24 15:45:00,2019-10-24 16:15:00,short,1494.1100000000001,1494.7106537279562,1488.704116448396,1494.7906537279562,-541.1198182670882,158632.14884169813,-1.1331882185633788,2.9800863903586294,4.095537720827306,2.9800863903586294,stop_loss,2,30,0.66,down,London+NY overlap,False,False,no_sweep,2019
2019-10-28 14:00:00,2019-10-28 14:15:00,long,1503.3899999999999,1502.780973578304,1508.8712377952634,1502.700973578304,-538.4088669484241,158093.7399747497,-1.1313571910019156,1.1165361235174016,2.282331193660148,0.0,stop_loss,1,15,0.59,up,London+NY overlap,False,False,no_sweep,2019
2019-10-28 14:30:00,2019-10-28 14:45:00,long,1502.36,1501.69793129966,1508.3186183030587,1501.61793129966,-531.5902236189214,157562.14975113078,-1.120833381730412,0.0,6.963023622221166,0.0,stop_loss,1,15,0.64,up,London+NY overlap,False,False,no_sweep,2019
2019-10-28 15:00:00,2019-10-28 15:30:00,long,1498.01,1497.2010734165437,1505.2903392511068,1497.1210734165438,-519.4334800885863,157042.71627104218,-1.0988964902823655,1.9161194992225172,6.020323845944338,1.9161194992225172,stop_loss,2,30,0.73,up,London+NY overlap,True,False,prev_day_sweep,2019
2019-10-28 15:45:00,2019-10-28 16:00:00,long,1493.85,1492.862889320753,1502.733996113222,1492.7828893207532,-509.31054588107634,156533.4057251611,-1.0810446099731876,0.0,2.2388573505111498,0.0,stop_loss,1,15,0.88,up,London+NY overlap,True,False,prev_day_sweep,2019
2019-10-29 15:45:00,2019-10-29 18:45:00,long,1485.19,1484.2648797887653,1493.5160819011126,1488.68,1771.5586991175164,158304.96442427862,3.7724827083193375,7.826009973705434,0.8215148591182391,7.826009973705434,time_stop,12,180,0.87,up,London+NY overlap,True,False,prev_day_sweep,2019
2019-10-30 13:15:00,2019-10-30 13:30:00,short,1492.99,1493.4998749884633,1488.4011251038303,1493.5798749884632,-549.4296122165962,157755.53481206202,-1.1569012048248233,0.7452807229188029,1.451336144630954,0.0,stop_loss,1,15,0.52,down,London+NY overlap,False,False,no_sweep,2019
2019-10-30 14:15:00,2019-10-30 16:00:00,short,1494.1200000000001,1494.6263106399808,1489.5632042401735,1494.7063106399808,-548.0454563210741,157207.48935574095,-1.1580057650042175,8.848322840244267,3.021860255708355,8.848322840244267,stop_loss,7,105,0.51,down,London+NY overlap,True,False,prev_day_sweep,2019
2019-11-01 14:45:00,2019-11-01 16:00:00,long,1506.48,1505.653280692872,1513.9204737641523,1513.8704737641524,4216.078476434537,161423.5678321755,8.9395199802771,11.624259790646187,0.0,5.927041932795834,take_profit,5,75,0.75,up,London+NY overlap,False,False,no_sweep,2019
2019-11-05 14:15:00,2019-11-05 14:30:00,long,1501.69,1500.9575845700717,1508.2817388693556,1500.8775845700718,-537.1664436688468,160886.40138850664,-1.1092276278337776,0.28672252306397694,2.8945321375979036,0.0,stop_loss,1,15,0.77,up,London+NY overlap,True,False,prev_day_sweep,2019
2019-11-05 14:45:00,2019-11-05 15:00:00,long,1499.94,1499.1881213895006,1506.7069074944955,1499.1081213895006,-534.0142178525766,160352.38717065405,-1.1064001540711226,1.569402272550269,1.9152027732820225,0.0,stop_loss,1,15,0.79,up,London+NY overlap,True,False,prev_day_sweep,2019
2019-11-06 15:30:00,2019-11-06 15:45:00,short,1486.8,1487.5041775197028,1480.4624023226734,1487.5841775197027,-535.7089671208115,159816.67820353323,-1.113607716465708,0.0,4.217686473793286,0.0,stop_loss,1,15,0.62,down,London+NY overlap,False,False,no_sweep,2019
2019-11-06 16:00:00,2019-11-06 18:30:00,short,1488.88,1489.5880153103562,1482.507862206795,1489.6680153103562,-533.6240082631186,159283.05419527012,-1.1129919068553578,4.788032053000282,1.9349864048996077,4.138328588581333,stop_loss,10,150,0.61,down,London+NY overlap,False,False,no_sweep,2019
2019-11-07 15:00:00,2019-11-07 15:15:00,short,1484.51,1485.3096831272053,1477.312851855153,1485.3896831272052,-525.6530135191513,158757.40118175096,-1.1000396247942708,1.2129804506316713,1.1129408258374005,0.0,stop_loss,1,15,0.86,down,London+NY overlap,False,False,no_sweep,2019
2019-11-12 15:00:00,2019-11-12 16:00:00,short,1454.04,1454.8526838546602,1446.7258453080574,1454.9326838546601,-523.1560884226201,158234.24509332835,-1.0984392633632094,4.946572984005755,1.279710423722843,4.946572984005755,stop_loss,4,60,0.68,down,London+NY overlap,False,False,no_sweep,2019
2019-11-13 13:45:00,2019-11-13 14:30:00,short,1465.6100000000001,1466.356448181643,1458.8919663652155,1466.4364481816428,-525.5786296237636,157708.6664637046,-1.1071742178055313,1.7281842621160202,1.4468519403758913,1.7281842621160202,stop_loss,3,45,0.39,down,London+NY overlap,True,False,prev_day_sweep,2019
2019-11-14 15:45:00,2019-11-14 18:00:00,short,1469.67,1470.3730393285355,1463.3426460431822,1470.4530393285354,-526.9637840142099,157181.70267969038,-1.113791642590731,7.2399932598420405,3.015478528656954,7.2399932598420405,stop_loss,9,135,0.58,down,London+NY overlap,True,False,prev_day_sweep,2019
2019-11-15 13:15:00,2019-11-15 14:00:00,short,1466.18,1466.7695929362342,1460.8736635738921,1466.849592936234,-535.5275717436776,156646.1751079467,-1.135686835922609,3.6126620064429353,2.391480483137912,0.8989252879880559,stop_loss,3,45,0.38,down,London+NY overlap,False,False,no_sweep,2019
2019-11-15 15:45:00,2019-11-15 16:00:00,short,1467.4,1468.1095481880616,1461.0140663074458,1468.1895481880615,-522.923062045136,156123.25204590158,-1.112747803949003,1.0147302355419894,1.0288237110356147,0.0,stop_loss,1,15,0.71,down,London+NY overlap,False,False,no_sweep,2019
2019-11-19 13:30:00,2019-11-19 14:00:00,short,1467.26,1467.8728234733462,1461.744588739884,1467.9528234733461,-529.5122908490232,155593.73975505255,-1.1305433024017504,0.47321947120671604,1.9744674488283291,0.47321947120671604,stop_loss,2,30,0.61,down,London+NY overlap,False,False,no_sweep,2019
2019-11-19 14:15:00,2019-11-19 15:00:00,short,1468.02,1468.60322637425,1462.770962631751,1468.68322637425,-530.8086693083761,155062.93108574417,-1.1371680080531419,2.1775421278455767,2.040374119792435,2.1775421278455767,stop_loss,3,45,0.46,down,London+NY overlap,False,False,no_sweep,2019
2019-11-19 15:15:00,2019-11-19 15:30:00,short,1468.26,1468.8684470917053,1462.7839761746523,1468.9484470917052,-526.3528681092297,154536.57821763493,-1.1314822621235754,0.0,2.958350897783062,0.0,stop_loss,1,15,0.63,down,London+NY overlap,False,False,no_sweep,2019
2019-11-19 15:45:00,2019-11-19 16:45:00,short,1469.6200000000001,1470.2605997882563,1463.8546019056953,1470.3405997882562,-521.5066922419187,154015.07152539302,-1.124882963539064,6.041213361207909,1.2332192649493237,6.041213361207909,stop_loss,4,60,0.72,down,London+NY overlap,False,False,no_sweep,2019
2019-11-20 14:00:00,2019-11-20 14:15:00,long,1474.12,1473.4931479318777,1479.7616686130996,1473.4131479318778,-521.0122644525419,153494.05926094047,-1.1276218171211916,0.0,3.01506542949069,0.0,stop_loss,1,15,0.52,up,London+NY overlap,False,False,no_sweep,2019
2019-11-20 14:30:00,2019-11-20 15:15:00,long,1472.9199999999998,1472.259066329017,1478.8684030388458,1472.1790663290171,-516.2193505732688,152977.8399103672,-1.12104089035284,2.3149070280004684,3.147063149176586,2.3149070280004684,stop_loss,3,45,0.7,up,London+NY overlap,False,False,no_sweep,2019
2019-11-20 15:45:00,2019-11-20 16:15:00,long,1470.73,1469.986279544051,1477.4234841035402,1469.9062795440511,-508.29975846337925,152469.54015190384,-1.1075672981158629,2.3261428217576743,1.7345226821198172,2.3261428217576743,stop_loss,2,30,0.79,up,London+NY overlap,False,False,no_sweep,2019
2019-11-21 15:15:00,2019-11-21 17:00:00,long,1467.59,1466.8305778599483,1474.4247992604642,1466.7505778599484,-505.59353330792055,151963.94661859592,-1.1053432547996207,5.003804602986777,6.070405057833535,5.003804602986777,stop_loss,7,105,0.53,up,London+NY overlap,True,False,prev_day_sweep,2019
2019-11-26 13:15:00,2019-11-26 15:30:00,short,1458.26,1458.7590412216057,1453.7686290055483,1453.8186290055482,4057.3497869131415,156021.29640550906,8.899807875913293,9.297829115339676,0.6211911693436919,6.652757039423808,take_profit,9,135,0.47,down,London+NY overlap,False,False,no_sweep,2019
2019-11-28 16:00:00,2019-11-28 19:00:00,short,1456.41,1456.7767672996715,1453.109094302958,1455.72,880.5694614780315,156901.8658669871,1.881301851659568,6.1346799510633225,0.0,6.1346799510633225,time_stop,12,180,0.27,down,London+NY overlap,False,False,no_sweep,2019
2019-12-02 13:15:00,2019-12-02 13:30:00,short,1458.2,1458.7366112234708,1453.370498988762,1458.8166112234708,-540.8801414065881,156360.9857255805,-1.1490837248659977,0.8385959523720857,1.3603889894035022,0.0,stop_loss,1,15,0.63,down,London+NY overlap,False,False,no_sweep,2019
2019-12-02 15:30:00,2019-12-02 15:45:00,short,1459.46,1460.037305979553,1454.2642461840232,1460.1173059795528,-534.0859848660956,155826.8997407144,-1.138574694933677,1.576287154872151,2.303804303274349,0.0,stop_loss,1,15,0.7,down,London+NY overlap,False,False,no_sweep,2019
2019-12-03 15:30:00,2019-12-03 15:45:00,short,1472.71,1473.4614459525144,1465.946986427371,1473.5414459525143,-517.2493563193052,155309.6503843951,-1.1064614157974302,0.0,3.2470731818246485,0.0,stop_loss,1,15,0.77,down,London+NY overlap,True,True,both,2019
2019-12-03 16:00:00,2019-12-03 16:15:00,short,1474.18,1474.9617059488517,1467.1446464603353,1475.0417059488516,-513.6122470868809,154796.0381373082,-1.1023402727297333,0.0,4.285498920561365,0.0,stop_loss,1,15,0.77,down,London+NY overlap,True,True,both,2019
2019-12-09 14:15:00,2019-12-09 14:45:00,short,1464.1100000000001,1464.4898029841374,1460.6917731427639,1464.5698029841374,-562.2047475205487,154233.83338978764,-1.2106355224713141,0.8952009705042818,1.7114136200806236,0.8952009705042818,stop_loss,2,30,0.26,down,London+NY overlap,False,False,no_sweep,2019
2019-12-10 13:15:00,2019-12-10 13:30:00,short,1465.1100000000001,1465.5070459994433,1461.5365860050117,1465.5870459994433,-555.93029498262,153677.90309480502,-1.2014879890796388,0.0,5.06238572562993,0.0,stop_loss,1,15,0.53,down,London+NY overlap,True,False,prev_day_sweep,2019
2019-12-13 16:00:00,2019-12-13 17:00:00,long,1468.34,1467.399584271764,1476.8037415541216,1467.3195842717641,-500.253275307528,153177.64981949748,-1.0850687601216553,5.688973333141023,3.2964144547170475,5.688973333141023,stop_loss,4,60,0.61,up,London+NY overlap,False,False,no_sweep,2019
2019-12-16 14:15:00,2019-12-16 17:15:00,long,1476.22,1475.7779358202588,1480.1985776176707,1476.42,207.90327310735063,153385.55309260482,0.4524229945912281,8.211477351828655,0.7464979410751921,8.211477351828655,time_stop,12,180,0.25,up,London+NY overlap,False,False,no_sweep,2019
2019-12-17 14:30:00,2019-12-17 15:00:00,long,1478.74,1478.3367277980176,1482.369449817842,1478.2567277980177,-551.4412371912623,152834.11185541356,-1.1983771745403249,2.0333660390400214,2.3557289476686134,1.5870173963242906,stop_loss,2,30,0.41,up,London+NY overlap,False,False,no_sweep,2019
2019-12-17 15:30:00,2019-12-17 15:45:00,long,1477.51,1477.0695005372547,1481.4744951647072,1476.9895005372548,-541.7718737778628,152292.3399816357,-1.1816120262698029,0.0,6.379122422732511,0.0,stop_loss,1,15,0.61,up,London+NY overlap,False,False,no_sweep,2019
2019-12-17 16:00:00,2019-12-17 16:15:00,long,1476.21,1475.7254621979391,1480.5708402185485,1475.6454621979392,-532.3100644671268,151760.02991716858,-1.1651057970289593,0.14446757240033947,2.228928259892829,0.0,stop_loss,1,15,0.72,up,London+NY overlap,False,False,no_sweep,2019
2019-12-18 13:45:00,2019-12-18 14:00:00,long,1477.3799999999999,1476.9233687042226,1481.489681661995,1476.8433687042227,-535.0433637909952,151224.9865533776,-1.175196051474653,0.0,4.226604741829488,0.0,stop_loss,1,15,0.75,up,London+NY overlap,False,False,no_sweep,2019
2019-12-18 14:15:00,2019-12-18 14:30:00,long,1476.48,1475.99953730109,1480.8041642901899,1475.91953730109,-529.2146360077688,150695.77191736983,-1.1665061620421502,0.5827715671479989,1.8940075932313516,0.0,stop_loss,1,15,0.77,up,London+NY overlap,False,False,no_sweep,2019
2019-12-18 14:45:00,2019-12-18 15:00:00,long,1476.01,1475.5270245096133,1480.35677941348,1475.4470245096134,-526.971002357361,150168.80091501246,-1.1656398752985853,0.1863448597109085,6.749824918423473,0.0,stop_loss,1,15,0.77,up,London+NY overlap,False,False,no_sweep,2019
2019-12-18 15:15:00,2019-12-18 15:30:00,long,1473.8999999999999,1473.3499854190031,1478.8501312289698,1473.2699854190032,-516.032869614803,149652.76804539765,-1.1454506894252734,0.0,6.308923653826598,0.0,stop_loss,1,15,0.86,up,London+NY overlap,True,False,prev_day_sweep,2019
2019-12-23 13:15:00,2019-12-23 13:30:00,long,1483.7,1483.292798574693,1487.3648128277625,1483.2127985746931,-537.1619844248481,149115.60606097282,-1.1964629665517854,0.6385046412938608,1.1051041868549094,0.0,stop_loss,1,15,0.65,up,London+NY overlap,False,False,no_sweep,2019
2019-12-23 14:45:00,2019-12-23 15:00:00,long,1482.58,1482.1778280156327,1486.1995478593049,1482.0978280156328,-536.3329903821334,148579.2730705907,-1.198919872864344,0.17405488875686637,3.0335280611840725,0.0,stop_loss,1,15,0.61,up,London+NY overlap,False,False,no_sweep,2019
2019-12-23 15:15:00,2019-12-23 18:15:00,long,1481.31,1480.8773619114384,1485.2037427970538,1482.75,1483.6013671357614,150062.87443772645,3.3284170720790813,8.089902605747461,0.0,8.089902605747461,time_stop,12,180,0.7,up,London+NY overlap,False,False,no_sweep,2019
2019-12-24 15:15:00,2019-12-24 16:30:00,long,1489.44,1488.9622367518857,1493.7398692330298,1493.6898692330299,4004.583414128233,154067.45785185468,8.895345654575536,9.628199779190622,0.2930321671929732,3.8094181735057964,take_profit,5,75,0.77,up,London+NY overlap,False,False,no_sweep,2019
2019-12-27 13:30:00,2019-12-27 13:45:00,long,1509.9199999999998,1509.360124763778,1514.9588771259967,1509.280124763778,-528.2459980850838,153539.21185376958,-1.142888977443947,0.4465280545131464,1.5539176297041413,0.0,stop_loss,1,15,0.53,up,London+NY overlap,False,False,no_sweep,2019
2019-12-30 13:15:00,2019-12-30 13:30:00,long,1511.32,1510.9232027072105,1514.8911756351042,1510.8432027072106,-553.4847279394505,152985.72712583013,-1.2016142787606774,1.3608963816357176,1.562510660396395,0.0,stop_loss,1,15,0.31,up,London+NY overlap,False,False,no_sweep,2019
2020-01-06 15:30:00,2020-01-06 15:45:00,long,1574.26,1573.307971733061,1582.82825440245,1573.2279717330612,-497.52386661701854,152488.20325921313,-1.0840311183796625,0.9978695307594465,3.0356241514681708,0.0,stop_loss,1,15,0.21,up,London+NY overlap,False,False,no_sweep,2020
2020-01-08 13:45:00,2020-01-08 14:45:00,long,1577.52,1575.9430222123683,1591.7128000886858,1575.8630222123684,-480.6717653058982,152007.53149390724,-1.0507299472620169,1.5853108519394739,2.568203580141919,1.5853108519394739,stop_loss,4,60,0.58,up,London+NY overlap,False,False,no_sweep,2020
2020-01-08 15:15:00,2020-01-08 15:30:00,long,1572.43,1570.8567153151084,1586.5895621640257,1570.7767153151085,-479.21090102842754,151528.32059287882,-1.0508490299105897,0.5084902991063301,2.1865082861573786,0.0,stop_loss,1,15,0.57,up,London+NY overlap,False,False,no_sweep,2020
2020-01-14 14:00:00,2020-01-14 14:15:00,long,1543.1499999999999,1542.4097132598042,1549.8125806617604,1542.3297132598043,-503.710246573886,151024.61034630495,-1.1080662338741674,0.2431490262171835,1.2292534103195742,0.0,stop_loss,1,15,0.69,up,London+NY overlap,True,False,prev_day_sweep,2020
2020-01-14 14:30:00,2020-01-14 15:00:00,long,1542.8999999999999,1542.1872782699331,1549.3144955705995,1542.1072782699332,-503.92945246031655,150520.68089384463,-1.1122457708598792,1.8520552191899233,1.2206727581021448,1.8520552191899233,stop_loss,2,30,0.5,up,London+NY overlap,True,False,prev_day_sweep,2020
2020-01-15 15:15:00,2020-01-15 15:45:00,long,1548.76,1548.140394687952,1554.3364478084325,1554.2864478084325,4027.618893227862,154548.2997870725,8.9193034678257,9.78041969971193,0.5003184994901306,7.278827202260909,take_profit,2,30,0.32,up,London+NY overlap,False,False,no_sweep,2020
2020-01-16 15:45:00,2020-01-16 16:30:00,long,1553.23,1552.6181242277428,1558.736881950315,1552.5381242277429,-524.2643806850673,154024.03540638744,-1.1307454938194461,2.958116797667571,4.200198988953425,2.958116797667571,stop_loss,3,45,0.59,up,London+NY overlap,False,False,no_sweep,2020
2020-01-17 16:00:00,2020-01-17 17:15:00,long,1555.3799999999999,1554.6333745545935,1562.0996290086578,1554.5533745545936,-511.58256521159495,153512.45284117584,-1.107148772509868,4.741333183566236,1.8349227292330157,4.741333183566236,stop_loss,5,75,0.86,up,London+NY overlap,False,False,no_sweep,2020
2020-01-23 14:00:00,2020-01-23 16:30:00,long,1552.9199999999998,1552.3382626650832,1558.155636014249,1558.105636014249,4105.2532971931105,157617.70613836896,8.914050556841818,19.28705504453882,0.0,8.577754427116854,take_profit,10,150,0.34,up,London+NY overlap,False,False,no_sweep,2020
2020-01-24 13:15:00,2020-01-24 14:30:00,long,1559.1499999999999,1558.5780335930076,1564.2976976629302,1558.4980335930077,-538.9903058630509,157078.7158325059,-1.139868354193413,2.080541768629006,1.4511341747578523,2.080541768629006,stop_loss,5,75,0.35,up,London+NY overlap,False,False,no_sweep,2020
2020-01-24 15:15:00,2020-01-24 16:00:00,long,1557.3,1556.7401487705274,1562.338661065252,1562.288661065252,4199.039490857311,161277.7553233632,8.9106905596189,9.270319911398168,0.0,8.966667814107542,take_profit,3,45,0.4,up,London+NY overlap,False,False,no_sweep,2020
2020-01-28 14:00:00,2020-01-28 14:15:00,long,1578.1699999999998,1577.532863581023,1583.9042277707908,1577.4528635810232,-544.5842450770998,160733.1710782861,-1.125561806886519,0.0,7.894698607996669,0.0,stop_loss,1,15,0.28,up,London+NY overlap,False,False,no_sweep,2020
2020-01-28 14:30:00,2020-01-28 14:45:00,long,1574.5,1573.7413466591477,1581.3278800676717,1573.6613466591477,-533.0474552150705,160200.12362307103,-1.1054500068635416,0.0,3.783018996232846,0.0,stop_loss,1,15,0.54,up,London+NY overlap,True,False,prev_day_sweep,2020
2020-01-30 15:30:00,2020-01-30 16:30:00,long,1578.19,1577.4470904398236,1584.8761860415889,1577.3670904398236,-532.3536820802957,159667.76994099075,-1.1076847092678719,3.5535954058428243,8.035971429122265,3.5535954058428243,stop_loss,4,60,0.58,up,London+NY overlap,False,False,no_sweep,2020
2020-02-03 15:30:00,2020-02-03 16:45:00,long,1576.74,1575.862472186606,1584.6377503205465,1575.7824721866061,-522.6717431203674,159145.0981978704,-1.0911652015797844,4.182203622476497,2.8375168991733815,4.182203622476497,stop_loss,5,75,0.22,up,London+NY overlap,False,False,no_sweep,2020
2020-02-04 14:15:00,2020-02-04 14:30:00,long,1569.3999999999999,1568.647113092675,1576.1759821659232,1568.567113092675,-528.1664511535876,158616.93174671681,-1.1062576586491335,0.0,3.745582467385278,0.0,stop_loss,1,15,0.33,up,London+NY overlap,True,False,prev_day_sweep,2020
2020-02-04 14:45:00,2020-02-04 15:00:00,long,1566.85,1566.0754444523575,1573.8209999287808,1565.9954444523576,-524.9990632178938,158091.93268349892,-1.1032850390697349,1.1232247998845388,1.3039736182565744,0.0,stop_loss,1,15,0.39,up,London+NY overlap,True,False,prev_day_sweep,2020
2020-02-04 15:15:00,2020-02-04 15:30:00,long,1566.37,1565.6001791451451,1573.2983876936935,1565.5201791451452,-523.5626725287992,157568.37001097013,-1.1039202815764486,1.2340533437215087,5.325914430797717,0.0,stop_loss,1,15,0.39,up,London+NY overlap,True,False,prev_day_sweep,2020
2020-02-04 15:45:00,2020-02-04 16:00:00,long,1563.3,1562.3540575282118,1571.813482246093,1562.2740575282119,-512.6826033059551,157055.68740766417,-1.0845717391763787,0.0,5.423162774690106,0.0,stop_loss,1,15,0.8,up,London+NY overlap,True,True,both,2020
2020-02-13 14:15:00,2020-02-13 15:00:00,long,1573.46,1572.771323087132,1579.6580922158116,1572.691323087132,-525.900078930102,156529.78732873406,-1.1161647769877547,1.9167188202996066,1.61178628070675,1.9167188202996066,stop_loss,3,45,0.78,up,London+NY overlap,False,False,no_sweep,2020
2020-02-18 15:00:00,2020-02-18 15:30:00,long,1586.69,1586.1798029819408,1591.2817731625328,1591.2317731625328,4180.283863266868,160710.07119200093,8.901998643209673,9.447330794552983,0.0,5.096070553078261,take_profit,2,30,0.78,up,London+NY overlap,False,False,no_sweep,2020
2020-02-19 14:45:00,2020-02-19 15:00:00,long,1607.87,1607.202990225496,1613.8730879705356,1607.122990225496,-539.9560784439269,160170.115113557,-1.1199382723580513,0.6146836458356947,1.9340046417752816,0.0,stop_loss,1,15,0.53,up,London+NY overlap,False,False,no_sweep,2020
2020-02-19 15:45:00,2020-02-19 16:00:00,long,1604.74,1603.9685576017907,1611.6829815838837,1603.8885576017908,-530.3401546905982,159639.7749588664,-1.103701844992742,1.4518258298995663,3.0592044272885404,0.0,stop_loss,1,15,0.74,up,London+NY overlap,False,False,no_sweep,2020
2020-02-24 14:15:00,2020-02-24 15:00:00,long,1680.57,1678.8219092294885,1696.3028169346037,1678.7419092294886,-500.83669131797876,159138.9382675484,-1.045764213935253,1.5044985331228702,4.696552455109622,1.5044985331228702,stop_loss,3,45,0.69,up,London+NY overlap,False,False,no_sweep,2020
2020-02-24 15:15:00,2020-02-24 16:45:00,long,1676.06,1674.1952489718715,1692.8427592531555,1674.1152489718716,-497.8985545137685,158641.03971303464,-1.0429011695358699,4.381281938854747,1.2065953931974411,4.381281938854747,stop_loss,6,90,0.83,up,London+NY overlap,False,False,no_sweep,2020
2020-02-25 13:45:00,2020-02-25 16:45:00,long,1643.6599999999999,1641.5561013977115,1662.5950874205948,1651.17,1698.8378721518159,160339.87758518645,3.5695636623512623,5.299685064609287,0.0,4.349068909522427,time_stop,12,180,0.59,up,London+NY overlap,True,False,prev_day_sweep,2020
2020-02-26 15:15:00,2020-02-26 15:30:00,long,1642.24,1640.840673581107,1654.833937770037,1640.760673581107,-508.5197000028085,159831.35788518365,-1.0571703634833216,0.0,4.280630965817597,0.0,stop_loss,1,15,0.23,up,London+NY overlap,False,False,no_sweep,2020
2020-02-26 15:45:00,2020-02-26 16:00:00,long,1637.57,1636.0413716081994,1651.327655526205,1635.9613716081994,-504.5881554468918,159326.76972973676,-1.0523344983182574,0.0,3.7615420666281705,0.0,stop_loss,1,15,0.37,up,London+NY overlap,False,False,no_sweep,2020
2020-02-28 14:30:00,2020-02-28 16:30:00,long,1619.8999999999999,1617.3213306568903,1643.108024087987,1617.2413306568903,-492.80905209774875,158833.960677639,-1.031023752701638,3.6181451588318754,2.4082188034667613,3.6181451588318754,stop_loss,8,120,0.89,up,London+NY overlap,True,False,prev_day_sweep,2020
2020-03-03 13:15:00,2020-03-03 13:45:00,short,1602.54,1603.7644193021433,1591.52022628071,1603.8444193021433,-507.63513066422246,158326.32554697478,-1.065337094784349,0.6778723583881784,1.6089259590660807,0.6778723583881784,stop_loss,2,30,0.21,down,London+NY overlap,False,False,no_sweep,2020
2020-03-04 15:30:00,2020-03-04 15:45:00,long,1643.06,1641.4734333426613,1657.3390999160479,1641.3934333426614,-498.92900606797645,157827.3965409068,-1.0504233463056152,0.0,3.000189105186838,0.0,stop_loss,1,15,0.38,up,London+NY overlap,False,False,no_sweep,2020
2020-03-10 16:00:00,2020-03-10 16:15:00,long,1653.6599999999999,1651.442535695222,1673.6171787430003,1651.362535695222,-490.5641219398124,157336.83241896698,-1.0360772436460666,0.2886179491688407,1.650533896808984,0.0,stop_loss,1,15,0.38,up,London+NY overlap,True,False,prev_day_sweep,2020
2020-03-11 15:30:00,2020-03-11 16:00:00,long,1660.76,1659.1517691133695,1675.2340779796746,1659.0717691133696,-495.4902352064888,156841.34218376048,-1.0497441012139366,1.47366899846429,2.0892522509871814,1.47366899846429,stop_loss,2,30,0.43,up,London+NY overlap,False,False,no_sweep,2020
2020-03-13 14:45:00,2020-03-13 15:45:00,short,1593.97,1596.883424826968,1567.7491765572881,1567.799176557288,4226.6411374145655,161067.98332117504,8.98283806757722,9.483683856966193,0.9267443508436138,5.625681448269136,take_profit,4,60,0.24,down,London+NY overlap,False,False,no_sweep,2020
2020-03-17 15:15:00,2020-03-17 15:30:00,short,1487.05,1490.0428830371534,1460.1140526656181,1490.1228830371533,-496.12002971578073,160571.86329145925,-1.026730078993002,0.0,5.583245249668399,0.0,stop_loss,1,15,0.21,down,London+NY overlap,False,False,no_sweep,2020
2020-03-23 14:15:00,2020-03-23 14:45:00,short,1518.18,1520.76747177118,1494.8927540593809,1520.84747177118,-496.60937446331707,160075.25391699592,-1.0309182117041786,3.6754024163375725,1.545910585210337,3.6754024163375725,stop_loss,2,30,0.39,down,London+NY overlap,True,False,prev_day_sweep,2020
2020-03-27 14:00:00,2020-03-27 16:15:00,long,1617.73,1615.5905116998392,1636.9853947014462,1615.5105116998393,-498.1824203301241,159577.0714966658,-1.0373921184770747,5.3610949866554565,1.1264375691229345,5.3610949866554565,stop_loss,9,135,0.52,up,London+NY overlap,False,False,no_sweep,2020
2020-03-31 13:45:00,2020-03-31 14:00:00,long,1599.82,1598.0257592246526,1615.9681669781269,1597.9457592246526,-500.07645292476116,159076.99504374104,-1.0445871039712822,0.9697695113762802,1.8782317547919203,0.0,stop_loss,1,15,0.89,up,London+NY overlap,True,False,prev_day_sweep,2020
2020-04-01 14:15:00,2020-04-01 14:45:00,long,1590.01,1588.6192682926078,1602.526585366529,1588.5392682926079,-504.68306564936455,158572.3119780917,-1.057523675900032,3.494563310930044,1.7544721149526077,3.494563310930044,stop_loss,2,30,0.2,up,London+NY overlap,False,False,no_sweep,2020
2020-04-01 15:45:00,2020-04-01 16:15:00,long,1582.29,1580.3915537043947,1599.3760166604463,1580.3115537043948,-495.76351558354247,158076.54846250816,-1.0421397224588973,1.2115170206943775,4.124425335668294,1.2115170206943775,stop_loss,2,30,0.54,up,London+NY overlap,False,False,no_sweep,2020
2020-04-03 14:00:00,2020-04-03 15:45:00,long,1608.28,1606.7257597425437,1622.2681623171068,1606.6457597425438,-498.6392380801359,157577.90922442803,-1.0514720935943698,8.65374573556131,1.5634648429304434,8.65374573556131,stop_loss,7,105,0.34,up,London+NY overlap,False,False,no_sweep,2020
2020-04-08 14:15:00,2020-04-08 14:30:00,long,1647.34,1645.8135479761977,1661.0780682142208,1645.7335479761978,-497.50928407736046,157080.39994035068,-1.0524091152243726,0.8450969829939006,3.2690185621232146,0.0,stop_loss,1,15,0.24,up,London+NY overlap,False,False,no_sweep,2020
2020-04-09 14:30:00,2020-04-09 15:30:00,long,1657.58,1656.0731717221556,1671.1414545005994,1671.0914545005994,4225.533940270228,161305.9338806209,8.96681771855861,9.516678317528783,0.0,5.216254642662252,take_profit,4,60,0.55,up,London+NY overlap,False,False,no_sweep,2020
2020-04-15 15:45:00,2020-04-15 18:45:00,long,1714.98,1712.6715822576532,1735.755759681122,1712.5915822576533,-500.6883468604055,160805.2455337605,-1.0346557724506988,4.9774353182361475,1.7587804518745407,4.9774353182361475,stop_loss,12,180,0.72,up,London+NY overlap,False,False,no_sweep,2020
2020-04-16 15:45:00,2020-04-16 16:00:00,long,1728.74,1726.6980901434201,1747.1171887092196,1726.6180901434202,-501.3163059891533,160303.92922777132,-1.0391790067235995,0.0,2.982501886836689,0.0,stop_loss,1,15,0.64,up,London+NY overlap,False,False,no_sweep,2020
2020-04-17 13:15:00,2020-04-17 13:30:00,long,1689.03,1686.5816863840878,1711.0648225432092,1686.5016863840879,-496.62584603130716,159807.30338174003,-1.032675552461902,0.0,2.3771464416054973,0.0,stop_loss,1,15,0.55,up,London+NY overlap,True,False,prev_day_sweep,2020
2020-04-17 13:45:00,2020-04-17 16:45:00,long,1684.4199999999998,1682.0204081577083,1706.016326580624,1700.0,3112.77660992942,162920.07999166945,6.492770864365667,7.180387804430099,0.4625786687705501,6.976186410107942,time_stop,12,180,0.51,up,London+NY overlap,True,False,prev_day_sweep,2020
2020-04-22 15:00:00,2020-04-22 18:00:00,long,1695.33,1693.3195924385734,1713.4236680528388,1709.93,3549.4790412406683,166469.55903291013,7.262209056575803,8.048119351739443,0.6317127056062364,8.048119351739443,time_stop,12,180,0.38,up,London+NY overlap,False,False,no_sweep,2020
2020-04-24 15:00:00,2020-04-24 16:45:00,long,1730.75,1729.1756021869828,1744.919580317155,1729.095602186983,-524.7851695185824,165944.77386339154,-1.0508130787139591,3.4870475267486176,1.4418211085098882,3.4870475267486176,stop_loss,7,105,0.53,up,London+NY overlap,False,False,no_sweep,2020
2020-04-27 13:15:00,2020-04-27 14:45:00,long,1716.86,1715.3171804287676,1730.7453761410911,1715.2371804287677,-523.6485817083347,165421.1252816832,-1.0518531145777668,1.3028095037675689,1.5815199946232126,1.3028095037675689,stop_loss,6,90,0.5,up,London+NY overlap,False,False,no_sweep,2020
2020-04-29 14:00:00,2020-04-29 15:45:00,long,1703.29,1702.077009291737,1714.2069163743654,1701.9970092917372,-528.9932803670922,164892.13200131612,-1.065952689872206,7.411433524395893,1.9785806961678658,7.411433524395893,stop_loss,7,105,0.29,up,London+NY overlap,False,False,no_sweep,2020
2020-04-30 13:15:00,2020-04-30 14:00:00,long,1714.72,1713.465479052727,1726.0106885254581,1713.385479052727,-526.2215940066624,164365.91040730945,-1.0637693616625732,1.0282809568098987,2.6543996792069646,1.0123386163942554,stop_loss,3,45,0.24,up,London+NY overlap,False,False,no_sweep,2020
2020-04-30 15:30:00,2020-04-30 15:45:00,long,1712.06,1710.6712443854778,1724.5588005306986,1710.591244385478,-521.5028862291996,163844.40752108025,-1.0576055276849103,0.0,9.260088575357678,0.0,stop_loss,1,15,0.52,up,London+NY overlap,False,False,no_sweep,2020
2020-05-01 13:30:00,2020-05-01 13:45:00,short,1677.82,1679.562454884637,1662.1379060382667,1679.642454884637,-514.1006119124432,163330.30690916782,-1.045912236067215,0.430427213130533,1.3084987279168048,0.0,stop_loss,1,15,0.58,down,London+NY overlap,False,False,no_sweep,2020
2020-05-01 14:30:00,2020-05-01 16:30:00,short,1683.54,1685.3537033777623,1667.2166696001389,1685.4337033777622,-511.6037567285742,162818.70315243924,-1.0441086458683388,4.377783102436653,1.31774579531788,4.377783102436653,stop_loss,8,120,0.63,down,London+NY overlap,False,False,no_sweep,2020
2020-05-04 13:45:00,2020-05-04 15:30:00,short,1708.95,1710.4154883356578,1695.7606049790802,1695.8106049790802,4379.439683265019,167198.14283570426,8.965881679995045,9.109591441414418,0.3138885440487581,6.004824320932258,take_profit,7,105,0.34,down,London+NY overlap,True,False,prev_day_sweep,2020
2020-05-06 13:15:00,2020-05-06 13:30:00,long,1700.79,1699.5851308493097,1711.6338223562113,1699.5051308493098,-534.8989199181053,166663.24391578615,-1.0663972514808748,0.6888714841146429,1.2200494959622081,0.0,stop_loss,1,15,0.37,up,London+NY overlap,False,False,no_sweep,2020
2020-05-06 15:45:00,2020-05-06 16:00:00,long,1695.51,1694.0137945298377,1708.9758492314604,1693.9337945298378,-526.7234787743718,166136.5204370118,-1.053468592112051,0.8822317698496015,5.681037911910587,0.0,stop_loss,1,15,0.69,up,London+NY overlap,False,False,no_sweep,2020
2020-05-07 15:00:00,2020-05-07 15:15:00,short,1695.43,1696.7481911989837,1683.5662792091466,1696.8281911989836,-528.6576504619791,165607.8627865498,-1.0606892232793006,1.3958521354252955,1.2517152301366115,0.0,stop_loss,1,15,0.54,down,London+NY overlap,False,False,no_sweep,2020
2020-05-07 16:00:00,2020-05-07 17:00:00,short,1697.8700000000001,1699.2886593823973,1685.1020655584246,1699.3686593823973,-524.8400999775224,165083.02268657228,-1.056391266989505,3.002834967194025,2.0653301534923827,3.002834967194025,stop_loss,4,60,0.63,down,London+NY overlap,False,False,no_sweep,2020
2020-05-08 15:45:00,2020-05-08 16:00:00,long,1712.47,1710.755476906783,1727.9007078389523,1710.6754769067832,-518.3574913883306,164564.66519518394,-1.0466602055792809,0.0,2.187197136530788,0.0,stop_loss,1,15,0.86,up,London+NY overlap,False,False,no_sweep,2020
2020-05-11 13:15:00,2020-05-11 13:30:00,long,1698.08,1696.6542209206739,1710.9120117139337,1696.574220920674,-521.3950049631599,164043.2701902208,-1.0561096744649545,1.20635800099764,1.9918934435076423,0.0,stop_loss,1,15,0.54,up,London+NY overlap,True,False,prev_day_sweep,2020
2020-05-12 13:45:00,2020-05-12 15:15:00,long,1702.3,1701.1812842451639,1712.3684417935242,1701.101284245164,-527.3222932682759,163515.9478969525,-1.0715105688411866,3.2894861666976354,2.2704605607097093,3.2894861666976354,stop_loss,6,90,0.52,up,London+NY overlap,False,False,no_sweep,2020
2020-05-12 15:30:00,2020-05-12 18:30:00,long,1700.96,1699.746361669132,1711.8827449778112,1708.64,3104.225817300457,166620.17371425297,6.3280796302036855,8.231447331475827,0.6921337095536423,8.231447331475827,time_stop,12,180,0.61,up,London+NY overlap,False,False,no_sweep,2020
2020-05-14 13:45:00,2020-05-14 14:00:00,long,1715.8899999999999,1714.8965974090172,1724.8306233188446,1714.8165974090173,-540.1149376848253,166080.05877656816,-1.0805312979109423,0.15099618358324568,2.0938137456863304,0.0,stop_loss,1,15,0.45,up,London+NY overlap,False,False,no_sweep,2020
2020-05-14 14:15:00,2020-05-14 14:30:00,long,1715.47,1714.48040797002,1724.3763282698203,1714.40040797002,-538.5186071363313,165541.54016943183,-1.0808413948135187,2.202928008670456,1.030727783873284,0.0,stop_loss,1,15,0.41,up,London+NY overlap,False,False,no_sweep,2020
2020-05-15 13:30:00,2020-05-15 15:30:00,long,1731.07,1729.9103443893437,1741.5069004959064,1741.4569004959064,4448.208993804423,169989.74916323624,8.956883751054628,10.813555235509376,0.2931904928287331,5.7258378599508415,take_profit,8,120,0.57,up,London+NY overlap,False,False,no_sweep,2020
2020-05-18 15:15:00,2020-05-18 15:30:00,long,1755.05,1753.4540973051937,1769.4131242532567,1753.3740973051938,-535.53317437066,169454.2159888656,-1.0501283695179429,0.6328706651645976,1.4850529469703373,0.0,stop_loss,1,15,0.5,up,London+NY overlap,False,False,no_sweep,2020
2020-05-18 16:00:00,2020-05-18 16:15:00,long,1748.76,1746.920795109151,1765.3128440176404,1746.840795109151,-530.4749270496069,168923.741061816,-1.0434970570152178,0.0,4.317082908764293,0.0,stop_loss,1,15,0.74,up,London+NY overlap,False,False,no_sweep,2020
2020-05-19 13:15:00,2020-05-19 14:00:00,long,1734.47,1733.113889373396,1746.674995639436,1733.033889373396,-536.6667914816148,168387.0742703344,-1.0589922373812983,1.113478480573011,1.7992632401312738,1.113478480573011,stop_loss,3,45,0.45,up,London+NY overlap,False,False,no_sweep,2020
2020-05-19 14:30:00,2020-05-19 15:30:00,long,1732.44,1731.1361427941415,1744.1747148527272,1731.0561427941416,-536.1561029583524,167850.91816737605,-1.0613564120675698,2.8684122641615017,1.2424673443695082,2.8684122641615017,stop_loss,4,60,0.38,up,London+NY overlap,False,False,no_sweep,2020
2020-05-20 15:45:00,2020-05-20 17:45:00,long,1744.3899999999999,1742.9185299736328,1757.6332302373041,1742.8385299736328,-530.9296086943882,167319.98855868165,-1.0543674003319237,5.294025607326014,1.087348006639401,5.294025607326014,stop_loss,8,120,0.85,up,London+NY overlap,False,False,no_sweep,2020
2020-05-21 13:15:00,2020-05-21 16:15:00,long,1732.29,1731.0780491231865,1743.1975578913207,1738.1000000000001,2406.357762821042,169726.3463215027,4.793923673933107,7.640573704065268,0.27228826375172627,7.640573704065268,time_stop,12,180,0.57,up,London+NY overlap,True,False,prev_day_sweep,2020
2020-05-25 14:30:00,2020-05-25 16:00:00,long,1727.08,1726.3046511570692,1734.0581395863765,1726.2246511570693,-561.7158080440269,169164.6305134587,-1.1031793633657037,3.5338931952785777,1.1091781561821945,3.5338931952785777,stop_loss,6,90,0.2,up,London+NY overlap,False,False,no_sweep,2020
2020-05-28 14:15:00,2020-05-28 16:15:00,short,1724.68,1725.7832856255784,1714.7504293697957,1725.8632856255783,-544.292622876979,168620.33789058172,-1.0725106882073183,4.676939389376376,1.4230222560698638,4.676939389376376,stop_loss,8,120,0.4,down,London+NY overlap,True,False,prev_day_sweep,2020
2020-05-29 13:30:00,2020-05-29 13:45:00,short,1726.7,1727.7645537529972,1717.1190162230243,1727.8445537529972,-543.8758917178417,168076.46199886387,-1.0751488591108633,0.7327013763315576,1.662668507829345,0.0,stop_loss,1,15,0.31,down,London+NY overlap,False,False,no_sweep,2020
2020-05-29 15:00:00,2020-05-29 15:15:00,short,1729.6000000000001,1730.7162315242203,1719.553916282018,1730.7962315242203,-540.3673645471174,167536.09463431675,-1.0716697192867892,1.8813301312800466,2.239678727713992,0.0,stop_loss,1,15,0.45,down,London+NY overlap,True,False,prev_day_sweep,2020
2020-06-01 13:15:00,2020-06-01 14:00:00,long,1733.82,1732.6068686896901,1744.7381817927876,1732.5268686896902,-535.7528102790204,167000.34182403772,-1.065945045948487,1.9618651169693586,1.9371357247384886,1.9618651169693586,stop_loss,3,45,0.52,up,London+NY overlap,False,False,no_sweep,2020
2020-06-01 14:15:00,2020-06-01 14:30:00,long,1733.12,1731.8963423221116,1744.1329191009945,1731.8163423221117,-533.7553510992786,166466.58647293845,-1.0653777616448985,0.3350610284304758,3.219854761014032,0.0,stop_loss,1,15,0.56,up,London+NY overlap,False,False,no_sweep,2020
2020-06-04 13:15:00,2020-06-04 13:30:00,short,1707.69,1708.7955678264127,1697.7398895622857,1708.8755678264126,-535.5368283520758,165931.04964458637,-1.0723610058909832,0.0,2.13464967378585,0.0,stop_loss,1,15,0.43,down,London+NY overlap,False,False,no_sweep,2020
2020-06-04 13:45:00,2020-06-04 14:00:00,short,1709.97,1711.0833212380803,1699.950108857277,1711.1633212380802,-533.5631051265759,165397.4865394598,-1.0718570680802533,0.0,2.7575149875821725,0.0,stop_loss,1,15,0.45,down,London+NY overlap,False,False,no_sweep,2020
2020-06-04 15:45:00,2020-06-04 16:00:00,short,1715.4,1716.9892146381853,1701.0970682563322,1717.0692146381853,-521.1704555514921,164876.31608390828,-1.0503393299292036,1.2018515020608884,1.2836529131958447,0.0,stop_loss,1,15,0.74,down,London+NY overlap,False,False,no_sweep,2020
2020-06-10 14:30:00,2020-06-10 14:45:00,short,1721.71,1722.6586613940942,1713.1720474531526,1722.7386613940942,-536.3406866089972,164339.97539729928,-1.0843293513343755,0.579764290424311,2.5720452157008498,0.0,stop_loss,1,15,0.36,down,London+NY overlap,True,False,prev_day_sweep,2020
2020-06-10 15:00:00,2020-06-10 15:30:00,short,1723.53,1724.5191519163363,1714.6276327529733,1724.5991519163363,-532.8940784266731,163807.0813188726,-1.0808773644156018,2.6992820373732362,1.2637088189949262,2.214017850879166,stop_loss,2,30,0.47,down,London+NY overlap,True,False,prev_day_sweep,2020
2020-06-11 13:30:00,2020-06-11 14:15:00,long,1731.36,1730.2366973545556,1741.4697238089984,1730.1566973545557,-526.4195586814492,163280.66176019114,-1.0712185628017354,1.5490037409391626,4.477867136163164,1.5490037409391626,stop_loss,3,45,0.36,up,London+NY overlap,False,False,no_sweep,2020
2020-06-11 14:30:00,2020-06-11 15:15:00,long,1726.56,1725.3574424235596,1737.3830181879634,1725.2774424235597,-522.4286651952339,162758.2330949959,-1.0665248812757349,2.0206932687523365,2.278477183695998,2.0206932687523365,stop_loss,3,45,0.52,up,London+NY overlap,False,False,no_sweep,2020
2020-06-15 13:15:00,2020-06-15 13:30:00,long,1712.18,1710.6842517866085,1725.6417339205252,1710.6042517866085,-514.3900411540517,162243.84305384185,-1.0534849376945117,0.0,2.8948722527181796,0.0,stop_loss,1,15,0.83,up,London+NY overlap,True,False,prev_day_sweep,2020
2020-06-15 14:00:00,2020-06-15 15:30:00,long,1709.76,1708.212671711071,1723.685954600362,1708.132671711071,-511.89653300168453,161731.94652084017,-1.0517020212015231,2.5721755547781324,2.5592500494777517,2.5721755547781324,stop_loss,6,90,0.9,up,London+NY overlap,True,False,prev_day_sweep,2020
2020-06-16 14:15:00,2020-06-16 15:15:00,long,1726.43,1725.0975636607795,1738.4219270529854,1725.0175636607796,-514.327187922228,161217.61933291794,-1.0600403919085,4.300393070450242,2.7618580277935627,4.300393070450242,stop_loss,4,60,0.47,up,London+NY overlap,False,False,no_sweep,2020
2020-06-16 15:45:00,2020-06-16 16:00:00,long,1724.81,1723.0823125131378,1740.3591873817581,1723.002312513138,-506.04824427902327,160711.5710886389,-1.0463046706121752,1.001338501989208,4.56679813912985,0.0,stop_loss,1,15,0.89,up,London+NY overlap,False,False,no_sweep,2020
2020-06-17 13:15:00,2020-06-17 13:30:00,long,1714.85,1713.5234176880585,1726.789240807472,1713.4434176880586,-511.21001203482047,160200.36107660408,-1.0603053419903152,0.4522900649278794,1.1231869945706519,0.0,stop_loss,1,15,0.6,up,London+NY overlap,True,False,prev_day_sweep,2020
2020-06-22 13:30:00,2020-06-22 15:45:00,long,1745.2,1743.9211392501793,1756.7097467483877,1756.6597467483878,4306.619545236971,164506.98062184104,8.9609027018727,10.290408867301931,0.0,7.741265029353255,take_profit,9,135,0.61,up,London+NY overlap,False,False,no_sweep,2020
2020-06-24 14:45:00,2020-06-24 15:00:00,long,1775.07,1773.9168981448956,1785.4479166959381,1773.8368981448957,-527.7604803541981,163979.22014148685,-1.069378086285961,3.200064229942896,2.844501537726953,0.0,stop_loss,1,15,0.55,up,London+NY overlap,False,False,no_sweep,2020
2020-06-25 15:15:00,2020-06-25 15:30:00,long,1757.73,1756.4218842209398,1769.5030420115415,1756.3418842209398,-522.0229276950639,163457.19721379178,-1.0611566661610026,2.140483315637004,1.5365612372965813,0.0,stop_loss,1,15,0.52,up,London+NY overlap,True,False,prev_day_sweep,2020
2020-06-26 14:00:00,2020-06-26 15:00:00,long,1762.1499999999999,1761.300310126568,1769.7972088608856,1761.2203101265682,-536.5410571815863,162920.6561566102,-1.09415199886615,3.5895449567754474,1.1533619861111402,3.5895449567754474,stop_loss,4,60,0.43,up,London+NY overlap,False,False,no_sweep,2020
2020-06-26 15:45:00,2020-06-26 16:00:00,long,1759.84,1758.7850415009184,1769.3346264917334,1758.7050415009185,-525.8259454050308,162394.83021120518,-1.075832366931569,1.4597730634342114,2.1612224575516557,0.0,stop_loss,1,15,0.66,up,London+NY overlap,False,False,no_sweep,2020
2020-06-29 15:30:00,2020-06-29 18:30:00,long,1768.79,1767.7323100061965,1778.3092099442322,1770.14,621.8259283992523,163016.65613960443,1.2763664286408762,5.01092005318215,0.954911179946032,5.01092005318215,time_stop,12,180,0.41,up,London+NY overlap,False,False,no_sweep,2020
2020-06-30 15:00:00,2020-06-30 17:00:00,long,1765.8899999999999,1765.01642785963,1773.752149263327,1773.702149263327,4373.458325829833,167390.11446543425,8.94276374246585,9.24937921735902,0.0,6.524933358780425,take_profit,8,120,0.64,up,London+NY overlap,True,False,prev_day_sweep,2020
2020-07-01 13:45:00,2020-07-01 14:15:00,long,1780.52,1779.3908288636173,1790.6825402274433,1779.3108288636174,-537.7483228338273,166852.36614260043,-1.0708484280391826,1.9394757175744328,1.1867111696573134,1.9394757175744328,stop_loss,2,30,0.77,up,London+NY overlap,False,False,no_sweep,2020
2020-07-01 14:45:00,2020-07-01 15:15:00,long,1777.75,1776.4285820536697,1789.642761516972,1776.3485820536698,-530.8613394027301,166321.5048031977,-1.0605410273275744,4.775173530466727,1.4227141421993732,3.4130004155951,stop_loss,2,30,0.86,up,London+NY overlap,False,False,no_sweep,2020
2020-07-02 15:15:00,2020-07-02 15:30:00,long,1768.95,1768.0868703575022,1776.7181667824807,1768.0068703575023,-545.2115197113857,165776.2932834863,-1.0926859605567643,1.4482181337007558,7.044133002320655,0.0,stop_loss,1,15,0.36,up,London+NY overlap,False,False,no_sweep,2020
2020-07-02 15:45:00,2020-07-02 16:00:00,long,1765.1699999999998,1764.0306688286623,1775.4239805420368,1763.9506688286624,-532.2496398444943,165244.0436436418,-1.0702166341205352,0.0,6.793459351167769,0.0,stop_loss,1,15,0.57,up,London+NY overlap,False,False,no_sweep,2020
2020-07-06 13:15:00,2020-07-06 15:15:00,long,1774.9199999999998,1774.1337738006991,1781.9960357937055,1781.9460357937055,4430.063128281158,169674.10677192296,8.936405070137438,10.480444441217063,0.12718985972338873,8.025680148553349,take_profit,8,120,0.87,up,London+NY overlap,False,False,no_sweep,2020
2020-07-09 13:45:00,2020-07-09 14:00:00,long,1811.58,1810.7145545565904,1819.3690089906863,1810.6345545565905,-556.0752985656716,169118.0314733573,-1.0924379469660852,0.0,6.632422694822648,0.0,stop_loss,1,15,0.4,up,London+NY overlap,False,False,no_sweep,2020
2020-07-13 13:45:00,2020-07-13 15:00:00,long,1807.44,1806.7259950182042,1813.866044836163,1806.6459950182043,-564.2000949220339,168553.83137843525,-1.1120440361616468,3.543392643615262,1.9467651283105223,3.543392643615262,stop_loss,5,75,0.32,up,London+NY overlap,False,False,no_sweep,2020
2020-07-14 13:15:00,2020-07-14 13:30:00,long,1797.8999999999999,1796.8999880140484,1806.9001078735625,1796.8199880140485,-546.1139288051751,168007.7174496301,-1.0799990411353035,0.0,5.669932040469628,0.0,stop_loss,1,15,0.64,up,London+NY overlap,True,False,prev_day_sweep,2020
2020-07-15 14:15:00,2020-07-15 16:30:00,long,1804.01,1803.0293824716605,1812.8355577550562,1802.9493824716606,-545.1419892272726,167462.57546040282,-1.081581246192277,4.578747442545702,1.5908343007507866,4.578747442545702,stop_loss,9,135,0.58,up,London+NY overlap,False,False,no_sweep,2020
2020-07-16 14:45:00,2020-07-16 15:00:00,long,1805.11,1804.3486755656425,1811.9619199092167,1804.2686755656425,-555.1786474349653,166907.39681296784,-1.1050800373528622,0.8406402988237929,2.154140765735465,0.0,stop_loss,1,15,0.51,up,London+NY overlap,False,False,no_sweep,2020
2020-07-23 13:30:00,2020-07-23 14:15:00,long,1880.93,1879.4785819932697,1893.9927620605727,1879.3985819932698,-528.3212522180216,166379.07556074983,-1.0551185114343073,1.7775719937579804,3.761838405394927,1.7775719937579804,stop_loss,3,45,0.44,up,London+NY overlap,False,False,no_sweep,2020
2020-07-23 14:30:00,2020-07-23 15:00:00,long,1876.11,1874.5910758618745,1889.7803172431281,1874.5110758618746,-525.4262144810907,165853.64934626874,-1.0526688581686912,1.9882493958700342,2.3635150103221076,1.9882493958700342,stop_loss,2,30,0.58,up,London+NY overlap,False,False,no_sweep,2020
2020-07-24 13:30:00,2020-07-24 16:00:00,long,1888.6599999999999,1887.2681292599732,1901.1868366602403,1901.1368366602403,4460.174712111311,170313.82405838004,8.9640771240018,11.761149601928231,0.0,6.1428117957536825,take_profit,10,150,0.28,up,London+NY overlap,False,False,no_sweep,2020
2020-07-27 15:15:00,2020-07-27 15:30:00,long,1935.62,1933.822045568208,1951.8015898861256,1933.7420455682081,-533.6758179690088,169780.148240411,-1.0444950097651806,1.4127165600458815,2.374921146218675,0.0,stop_loss,1,15,0.74,up,London+NY overlap,False,False,no_sweep,2020
2020-07-30 15:45:00,2020-07-30 17:15:00,long,1949.48,1947.5931177058778,1966.4619406471006,1947.513117705878,-530.9354513120485,169249.21278909897,-1.0423979811825754,6.571687083305213,2.188795778552504,6.571687083305213,stop_loss,6,90,0.56,up,London+NY overlap,False,False,no_sweep,2020
2020-08-03 15:45:00,2020-08-03 16:00:00,long,1967.26,1965.9472935687418,1979.0743578813237,1965.8672935687418,-538.6911990158213,168710.52159008314,-1.0609427958109778,1.234091615173515,1.1198238730277583,0.0,stop_loss,1,15,0.33,up,London+NY overlap,False,False,no_sweep,2020
2020-08-04 14:30:00,2020-08-04 17:15:00,long,1971.46,1970.268081261714,1982.1872686445727,1982.1372686445727,4533.952284634198,173244.47387471734,8.958050831491443,11.468902670041379,0.86415287126132,7.953562349084996,take_profit,11,165,0.64,up,London+NY overlap,False,False,no_sweep,2020
2020-08-05 16:00:00,2020-08-05 17:30:00,long,2035.1699999999998,2033.1277776460756,2053.550001185317,2053.5000011853167,4664.876092514367,177909.3499672317,8.97551686773724,9.989117962988141,0.0,8.289988583989569,take_profit,6,90,0.63,up,London+NY overlap,False,False,no_sweep,2020
2020-08-12 14:15:00,2020-08-12 16:15:00,short,1939.52,1943.818141324744,1900.836728077304,1943.8981413247438,-543.6621681090904,177365.68779912262,-1.018612696501945,4.057567837427738,1.098149093615767,4.057567837427738,stop_loss,8,120,0.54,down,London+NY overlap,False,False,no_sweep,2020
2020-08-14 15:15:00,2020-08-14 16:15:00,short,1951.42,1953.4437360521074,1933.2063755310346,1953.5237360521073,-553.1313109354421,176812.55648818717,-1.039530846879277,4.7288775579378965,2.436088438937582,4.7288775579378965,stop_loss,4,60,0.21,down,London+NY overlap,False,False,no_sweep,2020
2020-08-17 15:45:00,2020-08-17 16:00:00,short,1961.01,1962.6475011806886,1946.2724893738027,1962.7275011806885,-556.3521628753588,176256.20432531182,-1.0488549266060914,2.3694639403975053,1.0503809220319325,0.0,stop_loss,1,15,0.22,down,London+NY overlap,True,False,prev_day_sweep,2020
2020-08-18 13:15:00,2020-08-18 14:15:00,long,2005.12,2003.3613282915949,2020.9480453756446,2003.281328291595,-552.8217030642502,175703.38262224756,-1.0454888764159862,2.206210506177401,2.2005243966252737,2.206210506177401,stop_loss,4,60,0.56,up,London+NY overlap,False,False,no_sweep,2020
2020-08-18 14:30:00,2020-08-18 17:00:00,long,2002.04,2000.2915813823317,2017.7757675590142,2000.2115813823318,-551.2284061620813,175152.15421608547,-1.0457556326565656,7.738421373048668,5.35912847490505,7.738421373048668,stop_loss,10,150,0.59,up,London+NY overlap,False,False,no_sweep,2020
2020-08-19 14:30:00,2020-08-19 14:45:00,long,1985.06,1983.1413362174594,2002.327974042865,1983.0613362174595,-547.3657296049512,174604.7884864805,-1.041695684636314,0.6984027176589687,1.9701210990676088,0.0,stop_loss,1,15,0.34,up,London+NY overlap,False,False,no_sweep,2020
2020-08-20 14:30:00,2020-08-20 14:45:00,short,1936.16,1938.6685834688612,1913.5827487802505,1938.7485834688612,-540.5190714247333,174064.26941505578,-1.0318905075286355,0.0,2.670830005525574,0.0,stop_loss,1,15,0.29,down,London+NY overlap,False,False,no_sweep,2020
2020-08-20 15:45:00,2020-08-20 17:45:00,short,1941.93,1944.6238749421816,1917.6851255203667,1944.7038749421815,-537.7003672656114,173526.56904779017,-1.0296969984564843,5.928263316881109,2.0119716454285936,5.928263316881109,stop_loss,8,120,0.47,down,London+NY overlap,False,False,no_sweep,2020
2020-08-21 13:15:00,2020-08-21 14:30:00,short,1936.94,1939.0019273159046,1918.382654156859,1918.432654156859,4672.593745040395,178199.16279283055,8.975750842615035,9.573567335636334,0.0,4.3599984978404605,take_profit,5,75,0.37,down,London+NY overlap,False,False,no_sweep,2020
2020-08-21 16:00:00,2020-08-21 17:45:00,short,1938.45,1941.476571236366,1911.210858872707,1941.556571236366,-548.7282640088027,177650.43452882176,-1.0264325514756376,5.58718056816801,2.335976736661578,5.58718056816801,stop_loss,7,105,0.88,down,London+NY overlap,False,False,no_sweep,2020
2020-08-24 15:15:00,2020-08-24 16:00:00,short,1958.68,1960.3269115393975,1943.8577961454218,1943.9077961454218,4780.381406534303,182430.81593535608,8.969640142288798,9.35690814677139,0.0,7.5960363994879545,take_profit,3,45,0.31,down,London+NY overlap,True,False,prev_day_sweep,2020
2020-08-25 14:30:00,2020-08-25 17:30:00,short,1929.68,1931.3268307177084,1914.8585235406244,1922.12,2512.420287600427,184943.2362229565,4.590635770093244,8.780501750733727,0.7468891530707203,8.780501750733727,time_stop,12,180,0.57,down,London+NY overlap,False,False,no_sweep,2020
2020-08-28 14:30:00,2020-08-28 14:45:00,short,1960.48,1962.6463310554368,1940.9830205010685,1962.7263310554367,-575.3189024059366,184367.91732055056,-1.0369287971010495,0.0,1.0617029166561147,0.0,stop_loss,1,15,0.61,down,London+NY overlap,False,False,no_sweep,2020
2020-08-28 15:00:00,2020-08-28 15:30:00,short,1962.23,1964.317627287596,1943.4413544116355,1964.397627287596,-574.2992500372906,183793.61807051327,-1.0383210166274706,4.560200978673163,1.1304699905113686,2.323211633042486,stop_loss,2,30,0.53,down,London+NY overlap,False,False,no_sweep,2020
2020-08-31 15:30:00,2020-08-31 18:30:00,long,1961.01,1959.4055684822472,1975.4498836597745,1968.8600000000001,2697.740388211161,186491.35845872443,4.8926986992844705,8.10879109269934,0.0,8.10879109269934,time_stop,12,180,0.34,up,London+NY overlap,False,False,no_sweep,2020
2020-09-01 13:15:00,2020-09-01 15:30:00,long,1987.1,1985.6190320698533,2000.4287113713187,1985.5390320698534,-589.6961518431659,185901.66230688125,-1.0540187254372282,3.0925720312842295,1.2019166409794013,2.43084264467757,stop_loss,9,135,0.34,up,London+NY overlap,False,False,no_sweep,2020
2020-09-02 14:00:00,2020-09-02 14:15:00,long,1965.3799999999999,1963.8498869476882,1979.151017470804,1963.7698869476883,-586.8638774262866,185314.79842945497,-1.0522837184344418,1.2090609887976547,5.1891590546229525,0.0,stop_loss,1,15,0.46,up,London+NY overlap,False,False,no_sweep,2020
2020-09-02 14:30:00,2020-09-02 15:00:00,long,1958.57,1956.73951986816,1975.0443211865604,1956.65951986816,-580.2416006223133,184734.55682883266,-1.0437043804018304,1.6935447405725477,2.7096715849159767,0.48074818442063266,stop_loss,2,30,0.74,up,London+NY overlap,True,False,prev_day_sweep,2020
2020-09-09 15:30:00,2020-09-09 15:45:00,short,1930.82,1932.4026719573176,1916.5759523841411,1932.4826719573175,-582.2172417347193,184152.33958709793,-1.0505474300154491,0.0,4.378671125092291,0.0,stop_loss,1,15,0.54,down,London+NY overlap,False,False,no_sweep,2020
2020-09-09 16:00:00,2020-09-09 16:15:00,short,1935.88,1937.6221253101362,1920.2008722087749,1937.7021253101361,-577.8263542756323,183574.5132328223,-1.0459209217238672,0.0,4.907798509242746,0.0,stop_loss,1,15,0.58,down,London+NY overlap,False,False,no_sweep,2020
2020-09-10 13:30:00,2020-09-10 13:45:00,short,1949.27,1950.3954326621185,1939.141106040933,1950.4754326621185,-589.871046838433,182984.64218598386,-1.0710837731058314,0.4798154684647662,1.5549575366914765,0.0,stop_loss,1,15,0.36,down,London+NY overlap,False,False,no_sweep,2020
2020-09-10 14:00:00,2020-09-10 15:15:00,short,1950.1000000000001,1951.188995509684,1940.2990404128454,1951.268995509684,-589.2812867114801,182395.36089927237,-1.073462194553173,4.60056993389685,3.461905918321205,4.60056993389685,stop_loss,5,75,0.29,down,London+NY overlap,True,False,prev_day_sweep,2020
2020-09-10 15:30:00,2020-09-10 15:45:00,short,1953.3600000000001,1954.6875454340218,1941.4120910938054,1954.7675454340217,-580.1603866228995,181815.20051264946,-1.0602615910158162,0.602615910158846,3.3445183013807047,0.0,stop_loss,1,15,0.64,down,London+NY overlap,True,False,prev_day_sweep,2020
2020-09-10 16:00:00,2020-09-10 16:15:00,short,1956.1200000000001,1957.7031896854576,1941.8712928308832,1957.7831896854575,-573.0074587959988,181242.19305385347,-1.0505309002040468,0.0,4.88254823222035,0.0,stop_loss,1,15,0.79,down,London+NY overlap,True,False,prev_day_sweep,2020
2020-09-18 15:00:00,2020-09-18 15:15:00,long,1950.87,1949.9023530131863,1959.5788228813221,1949.8223530131863,-588.6790534891252,180653.51400036435,-1.082674778188851,0.0,4.1130702148988645,0.0,stop_loss,1,15,0.28,up,London+NY overlap,False,False,no_sweep,2020
2020-09-18 15:30:00,2020-09-18 16:30:00,long,1947.98,1946.908023771574,1957.6277860558341,1946.8280237715742,-582.4062554510201,180071.10774491332,-1.0746285205572135,4.561668319063704,1.147413503568218,4.561668319063704,stop_loss,4,60,0.45,up,London+NY overlap,False,False,no_sweep,2020
2020-09-21 15:00:00,2020-09-21 15:30:00,short,1932.99,1934.3895425177484,1920.3941173402648,1920.4441173402647,4842.620269538086,184913.7280144514,8.964274040005142,9.460234206604026,0.0,6.9522718149741145,take_profit,2,30,0.75,down,London+NY overlap,False,False,no_sweep,2020
2020-09-22 13:45:00,2020-09-22 15:30:00,short,1907.04,1908.7670472231355,1891.4965749917808,1908.8470472231354,-580.4378147601773,184333.29019969123,-1.0463218370223164,2.5071694288351085,2.7214079250635845,2.5071694288351085,stop_loss,7,105,0.45,down,London+NY overlap,False,False,no_sweep,2020
2020-09-23 13:15:00,2020-09-23 13:30:00,short,1889.0900000000001,1891.1722810507636,1870.349470543129,1891.2522810507635,-574.2457968546414,183759.0444028366,-1.038419405473914,0.0,2.828628728019429,0.0,stop_loss,1,15,0.67,down,London+NY overlap,False,False,no_sweep,2020
2020-09-28 13:15:00,2020-09-28 13:30:00,short,1857.18,1858.72784084054,1843.2494324351408,1858.80784084054,-579.7698370457183,183179.27456579087,-1.0516849006077524,0.4457822677423057,2.332281139926887,0.0,stop_loss,1,15,0.65,down,London+NY overlap,False,False,no_sweep,2020
2020-09-28 15:00:00,2020-09-28 15:15:00,short,1865.15,1866.9023676303932,1849.3786913264623,1866.9823676303931,-574.6256107194871,182604.64895507137,-1.0456525209735703,1.1698458499489084,1.9288190111350347,0.0,stop_loss,1,15,0.71,down,London+NY overlap,False,False,no_sweep,2020
2020-09-29 14:15:00,2020-09-29 17:00:00,short,1888.05,1889.3666951085536,1876.1997440230182,1889.4466951085535,-581.0981259165956,182023.5508291548,-1.0607581812070417,8.103622418496467,1.1620002155857128,8.103622418496467,stop_loss,11,165,0.45,down,London+NY overlap,True,False,prev_day_sweep,2020
2020-09-30 15:30:00,2020-09-30 15:45:00,short,1887.82,1889.2188837190606,1875.230046528454,1889.2988837190605,-577.2995899636196,181446.25123919116,-1.0571884559880687,0.0,8.842765007163232,0.0,stop_loss,1,15,0.76,down,London+NY overlap,False,False,no_sweep,2020
2020-10-01 15:45:00,2020-10-01 18:15:00,short,1907.29,1908.859810100529,1893.1617090952373,1908.939810100529,-572.0791156140141,180874.17212357715,-1.0509615780742914,6.981736196184319,1.4969963559337636,6.981736196184319,stop_loss,10,150,0.66,down,London+NY overlap,True,False,prev_day_sweep,2020
2020-10-07 15:15:00,2020-10-07 15:30:00,short,1889.99,1891.409799679231,1877.2118028869215,1891.4897996792308,-573.1971121708476,180300.97501140632,-1.056345976950258,2.30314180784387,1.2325682457880107,0.0,stop_loss,1,15,0.47,down,London+NY overlap,False,False,no_sweep,2020
2020-10-08 15:30:00,2020-10-08 15:45:00,short,1898.3,1899.3990290962447,1888.4087381337974,1899.4790290962446,-580.2760718877046,179720.69893951862,-1.072791521419476,1.128268582002916,1.5195230096330146,0.0,stop_loss,1,15,0.58,down,London+NY overlap,True,False,prev_day_sweep,2020
2020-10-09 15:00:00,2020-10-09 16:00:00,long,1913.07,1912.0053301267383,1922.652028859354,1922.602028859354,4827.138248027859,184547.83718754648,8.95303708571401,9.430153188463922,0.1314961599983818,8.227902582763365,take_profit,4,60,0.61,up,London+NY overlap,False,False,no_sweep,2020
2020-10-13 14:45:00,2020-10-13 15:30:00,long,1919.78,1918.6942454709701,1929.5517907612682,1918.6142454709702,-594.43678457302,183953.40040297346,-1.073681479432935,3.951169334594698,5.277435964388784,3.048571211540407,stop_loss,3,45,0.47,up,London+NY overlap,False,False,no_sweep,2020
2020-10-13 15:45:00,2020-10-13 16:00:00,long,1915.95,1914.5829262519883,1928.2536637321061,1914.5029262519884,-584.1545936371873,183369.24580933628,-1.0585191545929964,0.0,8.104902911137478,0.0,stop_loss,1,15,0.9,up,London+NY overlap,True,False,prev_day_sweep,2020
2020-10-20 14:45:00,2020-10-20 15:00:00,long,1903.82,1902.8646619421113,1912.418042520998,1902.7846619421114,-596.1737541964213,182773.07205513987,-1.0837399906130951,1.5387223275170525,2.3761222336487187,0.0,stop_loss,1,15,0.34,up,London+NY overlap,False,False,no_sweep,2020
2020-10-21 14:45:00,2020-10-21 15:45:00,long,1915.85,1914.8018835606274,1925.2830479543518,1925.2330479543518,4908.715583788551,187681.78763892842,8.952295376618107,9.932102587983842,0.0,8.023917652732397,take_profit,4,60,0.46,up,London+NY overlap,False,False,no_sweep,2020
2020-10-22 15:15:00,2020-10-22 15:30:00,long,1905.09,1903.9560703079178,1915.2953672287397,1903.8760703079179,-602.7688390263074,187079.0187999021,-1.0705511113771362,2.1165333413160874,2.442832231435542,0.0,stop_loss,1,15,0.62,up,London+NY overlap,True,False,prev_day_sweep,2020
2020-10-27 13:30:00,2020-10-27 14:00:00,short,1902.53,1903.5012573814627,1893.7886835668353,1903.5812573814626,-607.4647251607086,186471.5540747414,-1.0823674563785028,0.689827447170664,1.0810728649687869,0.3397657575615585,stop_loss,2,30,0.47,down,London+NY overlap,False,False,no_sweep,2020
2020-10-27 14:15:00,2020-10-27 14:30:00,short,1902.98,1903.8822002431027,1894.8601978120762,1903.9622002431026,-609.0191411855571,185862.53493355584,-1.0886721108883815,2.4606510771548575,1.1194853999668257,0.0,stop_loss,1,15,0.39,down,London+NY overlap,False,False,no_sweep,2020
2020-10-27 15:00:00,2020-10-27 15:45:00,short,1905.64,1906.6414792033881,1896.6266871695086,1906.721479203388,-602.1287278046257,185260.4062057512,-1.0798818385137545,3.5048156647941577,1.23816849696433,3.5048156647941577,stop_loss,3,45,0.6,down,London+NY overlap,False,False,no_sweep,2020
2020-10-30 14:00:00,2020-10-30 14:15:00,short,1879.21,1880.5343928282634,1867.2904645456304,1880.6143928282634,-589.353204617541,184671.05300113367,-1.060405038665776,2.0311194251386118,1.5327778561454433,0.0,stop_loss,1,15,0.69,down,London+NY overlap,False,False,no_sweep,2020
2020-10-30 14:45:00,2020-10-30 15:00:00,short,1882.3,1883.7416585436204,1869.325073107416,1883.8216585436203,-584.756258967231,184086.29674216642,-1.05549164214643,0.0,4.48788655859664,0.0,stop_loss,1,15,0.72,down,London+NY overlap,False,False,no_sweep,2020
2020-10-30 15:15:00,2020-10-30 15:30:00,short,1887.42,1888.9832923156728,1873.3503691589456,1889.0632923156727,-580.5202145963235,183505.7765275701,-1.0511740505584861,1.3689058524408089,1.5160312477964561,0.0,stop_loss,1,15,0.75,down,London+NY overlap,True,False,prev_day_sweep,2020
2020-11-02 14:15:00,2020-11-02 15:15:00,short,1891.38,1892.5162407719642,1881.1538330523229,1892.5962407719642,-589.2779404085703,182916.49858716154,-1.0704076125182842,3.7932101244261625,1.452157008190812,3.7932101244261625,stop_loss,4,60,0.32,down,London+NY overlap,True,False,prev_day_sweep,2020
2020-11-03 14:15:00,2020-11-03 15:15:00,short,1900.9,1901.97725423007,1891.2047119293716,1902.05725423007,-589.5012128914603,182326.99737427008,-1.0742628784987323,1.568803308287197,5.05915859773057,1.568803308287197,stop_loss,4,60,0.5,down,London+NY overlap,True,False,prev_day_sweep,2020
2020-11-03 15:30:00,2020-11-03 15:45:00,short,1905.72,1906.8759518631473,1895.3164332316746,1906.9559518631472,-584.8359242915647,181742.1614499785,-1.0692070340906017,0.8564370468719815,1.704223214482638,0.0,stop_loss,1,15,0.77,down,London+NY overlap,True,False,prev_day_sweep,2020
2020-11-03 16:00:00,2020-11-03 16:15:00,short,1906.51,1907.7069431881218,1895.7375113069031,1907.7869431881218,-581.6677450386716,181160.49370493984,-1.0668369232506825,0.7017876941327357,1.3283838496084535,0.0,stop_loss,1,15,0.82,down,London+NY overlap,True,False,prev_day_sweep,2020
2020-11-06 14:30:00,2020-11-06 14:45:00,long,1952.48,1950.9163653969006,1966.552711427894,1950.8363653969006,-571.2875416886662,180589.2061632512,-1.051162848303146,0.0,2.871514861016703,0.0,stop_loss,1,15,0.5,up,London+NY overlap,False,False,no_sweep,2020
2020-11-06 15:00:00,2020-11-06 16:30:00,long,1949.71,1948.085156898348,1964.333587914868,1948.005156898348,-568.4418305629531,180020.76433268824,-1.0492355230597896,6.511397924663045,3.0956835123870667,6.511397924663045,stop_loss,6,90,0.58,up,London+NY overlap,False,False,no_sweep,2020
2020-11-09 13:45:00,2020-11-09 14:00:00,long,1953.8899999999999,1952.6995776565968,1964.6038010906273,1952.619577656597,-576.3561207132742,179444.40821197495,-1.0672030396970142,0.0,44.35400620006961,0.0,stop_loss,1,15,0.22,up,London+NY overlap,False,False,no_sweep,2020
2020-11-10 15:00:00,2020-11-10 16:15:00,short,1880.48,1882.2770841120375,1864.3062429916617,1882.3570841120375,-562.2979671220216,178882.11024485293,-1.0445165584983245,3.833988600671735,1.8029206191837848,3.833988600671735,stop_loss,5,75,0.29,down,London+NY overlap,False,False,no_sweep,2020
2020-11-12 16:00:00,2020-11-12 16:15:00,short,1876.8400000000001,1878.3057306366416,1863.6484242702275,1878.3857306366415,-565.9366419182697,178316.17360293466,-1.0545802878100714,0.46393244638607156,1.255346619632726,0.0,stop_loss,1,15,0.73,down,London+NY overlap,False,False,no_sweep,2020
2020-11-13 14:15:00,2020-11-13 14:30:00,short,1881.81,1882.9019191150132,1871.9827279648798,1882.9819191150132,-574.1417916987858,177742.03181123588,-1.0732655000722768,0.0,4.002127941451873,0.0,stop_loss,1,15,0.58,down,London+NY overlap,False,False,no_sweep,2020
2020-11-13 15:15:00,2020-11-13 15:30:00,short,1888.06,1889.2600272502054,1877.25975474815,1889.3400272502054,-568.7736945631049,177173.25811667278,-1.0666651528006783,0.09166458510093285,4.141572617745938,0.0,stop_loss,1,15,0.69,down,London+NY overlap,True,False,prev_day_sweep,2020
2020-11-13 15:45:00,2020-11-13 16:00:00,short,1891.14,1892.446350026963,1879.3828497573336,1892.526350026963,-564.0696890515311,176609.18842762124,-1.0612393296962794,0.0,4.294407994955418,0.0,stop_loss,1,15,0.77,down,London+NY overlap,True,False,prev_day_sweep,2020
2020-11-17 15:45:00,2020-11-17 16:00:00,short,1889.66,1890.734364135152,1879.9907227836336,1890.814364135152,-569.279929556545,176039.9084980647,-1.0744626494709058,0.7818578194453555,2.4479596013581384,0.0,stop_loss,1,15,0.5,down,London+NY overlap,False,False,no_sweep,2020
2020-11-19 13:45:00,2020-11-19 14:00:00,short,1861.8300000000002,1863.2123733997817,1849.3886394019676,1863.2923733997816,-558.6827977047669,175481.22570035994,-1.0578714839366643,0.0,2.184648518610891,0.0,stop_loss,1,15,0.64,down,London+NY overlap,False,False,no_sweep,2020
2020-11-19 14:15:00,2020-11-19 14:45:00,short,1863.4,1864.7806178804237,1850.9744390761864,1864.8606178804237,-556.9484929268208,174924.27720743313,-1.0579450701995683,2.209155801360685,1.1806308053171934,2.209155801360685,stop_loss,2,30,0.61,down,London+NY overlap,False,False,no_sweep,2020
2020-11-23 14:30:00,2020-11-23 16:45:00,short,1868.04,1869.171249933836,1857.8587505954765,1857.9087505954765,4699.761103945699,179624.03831137883,8.955801102386928,23.9116036084752,0.954696188434437,4.888398075965524,take_profit,9,135,0.8,down,London+NY overlap,False,False,no_sweep,2020
2020-11-25 14:00:00,2020-11-25 14:45:00,short,1812.56,1813.8278832988678,1801.149050310189,1813.9078832988678,-572.8734849602143,179051.16482641862,-1.0630972898462814,1.6720781809278895,1.7272883095435652,1.6720781809278895,stop_loss,3,45,0.61,down,London+NY overlap,False,False,no_sweep,2020
2020-12-01 13:15:00,2020-12-01 14:00:00,short,1806.74,1808.1561802641845,1793.9943776223402,1808.2361802641844,-567.4972866115708,178483.66753980707,-1.0564899836716724,2.3443343223764885,1.334575864244543,2.3443343223764885,stop_loss,3,45,0.57,down,London+NY overlap,True,False,prev_day_sweep,2020
2020-12-03 15:15:00,2020-12-03 15:30:00,long,1837.95,1836.618416606827,1849.9342505385575,1836.538416606827,-567.6202835139795,177916.0472562931,-1.0600788507952859,2.132799203234521,1.7948556675108682,0.0,stop_loss,1,15,0.71,up,London+NY overlap,False,False,no_sweep,2020
2020-12-04 15:45:00,2020-12-04 16:00:00,long,1839.3999999999999,1837.8368892569922,1853.4679966870692,1837.7568892569923,-561.0653689918915,177354.9818873012,-1.0511799949925464,2.3670747684074516,1.0811773942184149,0.0,stop_loss,1,15,0.8,up,London+NY overlap,False,False,no_sweep,2020
2020-12-07 13:15:00,2020-12-07 16:15:00,long,1829.49,1828.0845057988533,1842.1394478103198,1839.46,3774.2507254184234,181129.2326127196,7.093590277260515,8.203520150131727,0.2632525980528808,7.6699000189436255,time_stop,12,180,0.73,up,London+NY overlap,True,False,prev_day_sweep,2020
2020-12-08 13:15:00,2020-12-08 13:30:00,long,1862.43,1861.2633499861738,1872.929850124437,1861.1833499861739,-580.6491004111905,180548.58351230843,-1.0685724073645286,1.020014559548146,1.6114515730679866,0.0,stop_loss,1,15,0.43,up,London+NY overlap,False,False,no_sweep,2020
2020-12-09 13:45:00,2020-12-09 16:30:00,long,1854.0,1852.4389021829227,1868.0498803536964,1852.3589021829227,-569.402922168899,179979.18059013953,-1.0512459879994598,6.482617481937471,2.876181076472294,6.482617481937471,stop_loss,11,165,0.84,up,London+NY overlap,True,False,prev_day_sweep,2020
2020-12-11 13:15:00,2020-12-11 13:30:00,long,1830.1599999999999,1828.9243103084482,1841.281207223965,1828.8443103084483,-574.8937315298022,179404.28685860973,-1.0647411729230098,1.4890469772306962,3.5688571573840404,0.0,stop_loss,1,15,0.54,up,London+NY overlap,True,False,prev_day_sweep,2020
2020-12-14 13:45:00,2020-12-14 15:45:00,short,1827.8300000000002,1829.2299896028271,1815.2300935745577,1829.309989602827,-568.9681095855956,178835.31874902413,-1.0571432815203665,4.057172987949757,4.5928912522035175,4.057172987949757,stop_loss,8,120,0.72,down,London+NY overlap,False,False,no_sweep,2020
2020-12-14 16:00:00,2020-12-14 16:30:00,short,1832.51,1834.1582717505298,1817.6755542452306,1834.2382717505297,-562.5456408354481,178272.77310818867,-1.0485356859232777,0.6188299955223447,3.949591442010324,0.6188299955223447,stop_loss,2,30,0.9,down,London+NY overlap,False,False,no_sweep,2020
2020-12-15 15:45:00,2020-12-15 18:45:00,short,1853.02,1854.5365814320353,1839.370767111683,1849.28,1318.9008331649627,179591.67394135363,2.4660726559079578,5.525585255750895,0.890159915902543,5.525585255750895,time_stop,12,180,0.82,down,London+NY overlap,True,False,prev_day_sweep,2020
2020-12-16 14:15:00,2020-12-16 15:15:00,long,1857.46,1856.1614921145538,1869.146570969017,1856.0814921145538,-571.968506614546,179019.7054347391,-1.061609175343924,2.2949417815632707,6.253331297414066,2.2949417815632707,stop_loss,4,60,0.76,up,London+NY overlap,False,False,no_sweep,2020
2020-12-23 13:15:00,2020-12-23 14:00:00,long,1864.62,1863.4701497889127,1874.9686518997846,1863.3901497889128,-574.4246173842898,178445.2808173548,-1.0695742795266265,1.7045698484039309,6.574769415272135,1.7045698484039309,stop_loss,3,45,0.37,up,London+NY overlap,False,False,no_sweep,2020
2020-12-23 14:15:00,2020-12-23 16:30:00,long,1859.93,1858.586332598947,1872.0230066094794,1871.9730066094794,4798.101884356399,183243.3827017112,8.96278841031653,11.885381745127477,0.0,7.9186262847936515,take_profit,9,135,0.66,up,London+NY overlap,True,False,prev_day_sweep,2020
2021-01-04 14:45:00,2021-01-04 15:00:00,long,1931.68,1930.3351917989417,1943.7832738095253,1930.2551917989417,-582.4325154864138,182660.9501862248,-1.05948803698324,1.9110531880882737,1.412840878353301,0.0,stop_loss,1,15,0.65,up,London+NY overlap,False,False,no_sweep,2021
2021-01-06 13:15:00,2021-01-06 13:30:00,long,1955.8999999999999,1954.51461475147,1968.3684672367701,1954.43461475147,-579.6264876561333,182081.32369856865,-1.0577456704442447,0.0,4.504162294655023,0.0,stop_loss,1,15,0.32,up,London+NY overlap,False,False,no_sweep,2021
2021-01-06 14:00:00,2021-01-06 14:30:00,long,1945.36,1943.761185717558,1959.7493285419766,1943.681185717558,-573.5764250070338,181507.74727356163,-1.0500370811535034,1.5886773266252934,12.546798099252324,1.5886773266252934,stop_loss,2,30,0.78,up,London+NY overlap,False,False,no_sweep,2021
2021-01-07 16:00:00,2021-01-07 16:30:00,long,1913.44,1911.5993998712547,1930.0054011587079,1911.5193998712548,-568.1904461554524,180939.55682740617,-1.0434640847572145,3.44996172760699,3.6238180666360953,3.44996172760699,stop_loss,2,30,0.51,up,London+NY overlap,False,False,no_sweep,2021
2021-01-08 14:30:00,2021-01-08 14:45:00,long,1889.85,1888.1492333379288,1905.15689995864,1888.0692333379288,-568.3515637396955,180371.20526366646,-1.0470376106164414,0.0,1.8050683074075407,0.0,stop_loss,1,15,0.48,up,London+NY overlap,True,False,prev_day_sweep,2021
2021-01-08 15:15:00,2021-01-08 15:30:00,long,1883.46,1881.6565326688885,1899.6912059800045,1881.5765326688886,-565.1168724713191,179806.08839119514,-1.044358995929592,3.199392581424715,3.970130135702131,0.0,stop_loss,1,15,0.61,up,London+NY overlap,True,False,prev_day_sweep,2021
2021-01-13 13:45:00,2021-01-13 15:30:00,short,1855.14,1856.4821264824768,1843.0608616577106,1856.5621264824767,-571.5713161544539,179234.5170750407,-1.0596069007239153,4.120327012544544,2.9579924484268396,4.120327012544544,stop_loss,7,105,0.49,down,London+NY overlap,False,False,no_sweep,2021
2021-01-14 14:00:00,2021-01-14 14:15:00,short,1842.29,1843.7958438081967,1828.7374057262305,1843.8758438081966,-566.2697835686242,178668.24729147207,-1.0531263598286005,0.32539895395047996,1.5937907948595245,0.0,stop_loss,1,15,0.48,down,London+NY overlap,False,False,no_sweep,2021
2021-01-21 15:00:00,2021-01-21 15:45:00,long,1867.28,1866.0791277142803,1878.087850571477,1865.9991277142803,-571.7124352401729,178096.5348562319,-1.0666182415492937,2.8562571064286186,6.212151024477319,2.8562571064286186,stop_loss,3,45,0.59,up,London+NY overlap,False,False,no_sweep,2021
2021-01-21 16:00:00,2021-01-21 19:00:00,long,1861.04,1859.4279589662526,1875.5483693037263,1862.8000000000002,583.328640124679,178679.8634963566,1.0917836228454605,4.373337807420166,0.1798961651279003,4.373337807420166,time_stop,12,180,0.75,up,London+NY overlap,False,False,no_sweep,2021
2021-01-22 13:30:00,2021-01-22 14:30:00,long,1847.94,1846.5987349535785,1860.0113854177937,1846.5187349535786,-568.0117703005825,178111.851726056,-1.0596451836371679,3.123916492999548,4.4435661809730735,3.123916492999548,stop_loss,4,60,0.79,up,London+NY overlap,True,False,prev_day_sweep,2021
2021-01-22 14:45:00,2021-01-22 15:00:00,long,1845.37,1843.8639180328862,1858.9247377040238,1843.7839180328863,-562.7183692265536,177549.13335682944,-1.0531179588805797,0.0,4.3158341590510165,0.0,stop_loss,1,15,0.85,up,London+NY overlap,True,False,prev_day_sweep,2021
2021-01-22 15:15:00,2021-01-22 15:30:00,long,1840.9099999999999,1839.2864140181518,1855.5222738366326,1839.206414018152,-558.8928792024888,176990.24047762694,-1.0492736454332214,1.4042988948482067,2.1618811933844038,0.0,stop_loss,1,15,0.89,up,London+NY overlap,True,False,prev_day_sweep,2021
2021-01-25 13:15:00,2021-01-25 13:30:00,short,1863.45,1864.662148035468,1852.5406676807897,1864.7421480354678,-566.0140135652617,176424.22646406168,-1.0659985395010347,0.8497311960765711,1.0147275448293454,0.0,stop_loss,1,15,0.54,down,London+NY overlap,False,False,no_sweep,2021
2021-01-25 13:45:00,2021-01-25 15:15:00,short,1864.46,1865.6648113162962,1853.616698153334,1865.7448113162961,-564.4166175164578,175859.80984654522,-1.066400438739124,3.3200219369592143,2.8801190303121413,3.3200219369592143,stop_loss,6,90,0.52,down,London+NY overlap,False,False,no_sweep,2021
2021-01-25 15:30:00,2021-01-25 16:45:00,short,1867.04,1868.359787609208,1855.1619115171272,1855.2119115171272,4728.227580559426,180588.03742710466,8.962115116363169,9.09237207280662,0.0,5.122036267681056,take_profit,5,75,0.65,down,London+NY overlap,False,False,no_sweep,2021
2021-01-28 15:45:00,2021-01-28 16:00:00,short,1846.91,1848.3508000507557,1833.9427995432,1848.4308000507556,-571.8454056292265,180016.19202147544,-1.0555247065392415,0.0,9.106051872443809,0.0,stop_loss,1,15,0.65,down,London+NY overlap,False,False,no_sweep,2021
2021-01-29 13:30:00,2021-01-29 13:45:00,short,1859.3600000000001,1861.0668155447681,1843.9986600970885,1861.146815544768,-565.3611449694554,179450.830876506,-1.0468709112974484,0.0,2.238086014455159,0.0,stop_loss,1,15,0.7,down,London+NY overlap,False,False,no_sweep,2021
2021-01-29 14:30:00,2021-01-29 14:45:00,short,1865.06,1866.8507603283558,1848.9431570447973,1866.9307603283557,-562.4027235444858,178888.4281529615,-1.0446737616045898,0.7985434886826778,2.1275878964204944,0.0,stop_loss,1,15,0.74,down,London+NY overlap,True,False,prev_day_sweep,2021
2021-02-02 13:45:00,2021-02-02 14:00:00,long,1845.57,1844.039045268399,1859.3485925844097,1843.959045268399,-564.7087150518805,178323.71943790963,-1.0522549741991825,1.1888006630325885,4.088951731089738,0.0,stop_loss,1,15,0.48,up,London+NY overlap,True,False,prev_day_sweep,2021
2021-02-02 15:30:00,2021-02-02 15:45:00,long,1833.5,1831.4818978622786,1851.6629192394926,1831.4018978622787,-556.1780595230908,177767.54137838655,-1.0396412047262655,2.4379340906675915,1.7888093632743152,0.0,stop_loss,1,15,0.77,up,London+NY overlap,True,False,prev_day_sweep,2021
2021-02-03 14:30:00,2021-02-03 14:45:00,short,1837.3300000000002,1838.3916787656628,1827.7748911090362,1838.4716787656628,-573.4882351793284,177194.05314320722,-1.075352359477579,0.3202475277801382,1.3845996054015812,0.0,stop_loss,1,15,0.49,down,London+NY overlap,False,False,no_sweep,2021
2021-02-04 14:30:00,2021-02-04 14:45:00,short,1814.5800000000002,1815.94636424594,1802.2827217865408,1816.02636424594,-562.7060510864027,176631.34709212082,-1.0585495414108261,0.0,2.649366748842207,0.0,stop_loss,1,15,0.72,down,London+NY overlap,False,False,no_sweep,2021
2021-02-08 13:15:00,2021-02-08 13:30:00,short,1817.06,1818.1325115795817,1807.407395783764,1818.2125115795816,-569.4195103800186,176061.9275817408,-1.0745912692440371,0.0,5.74352773179616,0.0,stop_loss,1,15,0.2,down,London+NY overlap,True,False,prev_day_sweep,2021
2021-02-08 13:45:00,2021-02-08 14:45:00,short,1822.13,1823.3066298823946,1811.5403310584497,1823.3866298823946,-564.0975535168328,175497.83002822398,-1.0679907940440208,3.042588033472826,3.7224959739134196,3.042588033472826,stop_loss,4,60,0.48,down,London+NY overlap,True,False,prev_day_sweep,2021
2021-02-08 15:00:00,2021-02-08 15:30:00,short,1825.22,1826.484547814757,1813.8390696671865,1826.564547814757,-559.8014272897439,174938.02860093422,-1.0632637208861124,2.158874475240565,3.092014358311623,2.158874475240565,stop_loss,2,30,0.62,down,London+NY overlap,True,False,prev_day_sweep,2021
2021-02-08 15:45:00,2021-02-08 16:00:00,short,1829.01,1830.4345031155326,1816.1894719602074,1830.5145031155325,-554.2876098733259,174383.74099106088,-1.056159933332273,0.0,3.566155766602543,0.0,stop_loss,1,15,0.76,down,London+NY overlap,True,False,prev_day_sweep,2021
2021-02-09 15:45:00,2021-02-09 16:00:00,short,1845.8700000000001,1847.167302001849,1834.1942819833603,1847.247302001849,-555.4120980648482,173828.32889299604,-1.0616664430378657,3.730819803794378,1.3027036091759638,0.0,stop_loss,1,15,0.76,down,London+NY overlap,True,False,prev_day_sweep,2021
2021-02-10 15:00:00,2021-02-10 15:30:00,long,1838.48,1837.4447165230092,1847.7975512929168,1847.7475512929168,4668.179266785013,178496.50815978105,8.951704049072877,16.256417081936593,0.0,5.979038724728985,take_profit,2,30,0.51,up,London+NY overlap,False,False,no_sweep,2021
2021-02-15 14:30:00,2021-02-15 17:30:00,short,1824.0900000000001,1825.0228322104645,1815.6945101058209,1818.1599999999999,3404.098662697439,181900.6068224785,6.3569846039607345,8.597473275508248,0.0,8.597473275508248,time_stop,12,180,0.32,down,London+NY overlap,False,False,no_sweep,2021
2021-02-19 16:00:00,2021-02-19 16:15:00,short,1783.27,1784.9772145761758,1767.9050688144177,1785.0572145761757,-571.273383788518,181329.33343868997,-1.0468599560455534,3.0048946814237683,1.1304964396000385,0.0,stop_loss,1,15,0.83,down,London+NY overlap,False,False,no_sweep,2021
2021-02-22 15:15:00,2021-02-22 16:30:00,short,1799.56,1800.8188792416179,1788.2300868254376,1800.8988792416178,-578.557670373791,180750.77576831618,-1.063548589376301,4.567554861425789,5.616106586135839,4.567554861425789,stop_loss,5,75,0.23,down,London+NY overlap,True,False,prev_day_sweep,2021
2021-02-23 14:15:00,2021-02-23 16:30:00,short,1812.02,1813.271576765439,1800.7558091110482,1800.8058091110481,4858.608178334928,185609.3839466511,8.960050392928189,11.193879901633862,0.0,4.785962927251034,take_profit,9,135,0.59,down,London+NY overlap,False,False,no_sweep,2021
2021-02-24 15:00:00,2021-02-24 15:15:00,long,1806.61,1805.512565658375,1816.4869090746245,1805.432565658375,-597.4194204539826,185011.96452619712,-1.0728972996065334,0.0,6.369401553126653,0.0,stop_loss,1,15,0.56,up,London+NY overlap,False,False,no_sweep,2021
2021-02-24 15:30:00,2021-02-24 15:45:00,long,1802.4099999999999,1801.131370389109,1813.917666498018,1801.051370389109,-589.762816143218,184422.2017100539,-1.06256698524617,0.0,11.363728695345769,0.0,stop_loss,1,15,0.72,up,London+NY overlap,False,False,no_sweep,2021
2021-02-24 16:00:00,2021-02-24 16:15:00,long,1790.76,1789.0848550804053,1805.8363042763524,1789.0048550804054,-579.6889927651861,183842.51271728872,-1.0477570621288597,2.0296751404784406,1.605831214084403,0.0,stop_loss,1,15,0.87,up,London+NY overlap,True,False,prev_day_sweep,2021
2021-03-02 15:00:00,2021-03-02 18:00:00,short,1733.52,1735.171786095037,1718.6539251446652,1727.1399999999999,2130.267171991142,185972.77988927986,3.862485596149074,7.985295456615303,0.9807565306836755,7.985295456615303,time_stop,12,180,0.4,down,London+NY overlap,False,False,no_sweep,2021
2021-03-03 14:45:00,2021-03-03 15:00:00,short,1725.38,1726.5043909330927,1715.2604816021674,1715.3104816021673,4996.4552545096185,190969.23514378947,8.955531480618276,10.512357981657999,0.6136655674570306,0.0,take_profit,1,15,0.24,down,London+NY overlap,False,False,no_sweep,2021
2021-03-04 14:15:00,2021-03-04 14:30:00,short,1717.52,1719.1594870072436,1702.7646169348075,1719.2394870072435,-600.8631672508095,190368.37197653865,-1.0487957511382957,0.0,1.549265098642274,0.0,stop_loss,1,15,0.59,down,London+NY overlap,False,False,no_sweep,2021
2021-03-09 13:30:00,2021-03-09 13:45:00,short,1707.5,1708.8085535878959,1695.723017708938,1708.8885535878958,-606.0203151976829,189762.35166134097,-1.0611362046919046,0.0,3.095020362530446,0.0,stop_loss,1,15,0.57,down,London+NY overlap,False,False,no_sweep,2021
2021-03-09 16:00:00,2021-03-09 16:15:00,short,1713.42,1715.14720086222,1697.875192240022,1715.22720086222,-595.6551314451162,189166.69652989585,-1.0463177165724125,0.0,3.699627611224738,0.0,stop_loss,1,15,0.81,down,London+NY overlap,True,False,prev_day_sweep,2021
2021-03-10 16:00:00,2021-03-10 16:15:00,short,1720.05,1721.5579262080585,1706.478664127473,1721.6379262080584,-597.6076684118551,188569.088861484,-1.0530529939544782,1.4854838307267475,1.4589573337495083,0.0,stop_loss,1,15,0.77,down,London+NY overlap,True,False,prev_day_sweep,2021
2021-03-12 14:15:00,2021-03-12 14:45:00,short,1704.25,1705.5000910049996,1692.9991809550036,1705.5800910049995,-601.9098959496072,187967.17896553437,-1.0639953408831644,0.991927783689958,2.055850325873476,0.991927783689958,stop_loss,2,30,0.52,down,London+NY overlap,False,False,no_sweep,2021
2021-03-12 15:00:00,2021-03-12 16:45:00,short,1706.65,1707.8880211144258,1695.5078099701689,1707.9680211144257,-600.3404331529198,187366.83853238146,-1.064619253313009,5.6299524449010345,1.211610999620017,5.6299524449010345,stop_loss,7,105,0.5,down,London+NY overlap,False,False,no_sweep,2021
2021-03-15 13:45:00,2021-03-15 14:15:00,short,1730.68,1731.7526528441847,1721.0261244023382,1731.8326528441846,-604.0227847558234,186762.81574762563,-1.0745814458365033,2.06031244123531,1.9391175917507804,2.06031244123531,stop_loss,2,30,0.28,down,London+NY overlap,True,False,prev_day_sweep,2021
2021-03-15 15:00:00,2021-03-15 15:30:00,short,1731.24,1732.4827524849688,1720.055227635281,1732.5627524849688,-596.356028134106,186166.4597194915,-1.064373236800998,1.955337067832141,2.582976126642419,1.955337067832141,stop_loss,2,30,0.62,down,London+NY overlap,True,False,prev_day_sweep,2021
2021-03-15 16:00:00,2021-03-15 19:00:00,short,1733.95,1735.3279584996667,1721.5483735030004,1728.59,2172.457786655904,188338.9175061474,3.889812357409027,8.026366543459442,0.0,8.026366543459442,time_stop,12,180,0.72,down,London+NY overlap,True,False,prev_day_sweep,2021
2021-03-16 14:00:00,2021-03-16 15:30:00,long,1731.44,1730.4957652659903,1739.9381126060882,1730.4157652659903,-612.8876246367362,187726.02988151068,-1.08472469516155,4.998757014536023,1.1755551453677098,4.998757014536023,stop_loss,6,90,0.52,up,London+NY overlap,False,False,no_sweep,2021
2021-03-17 13:15:00,2021-03-17 13:30:00,long,1731.07,1730.111191591228,1739.699275678948,1730.031191591228,-610.1679228159201,187115.86195869476,-1.0834368986212641,0.0,3.2644686585598,0.0,stop_loss,1,15,0.66,up,London+NY overlap,False,False,no_sweep,2021
2021-03-18 13:45:00,2021-03-18 14:15:00,long,1730.33,1728.8337499081872,1743.7962508263147,1728.7537499081873,-591.3611558773663,186524.5008028174,-1.0534669975545372,2.13199652748915,2.0651627805458266,2.13199652748915,stop_loss,2,30,0.81,up,London+NY overlap,False,False,no_sweep,2021
2021-03-19 15:15:00,2021-03-19 15:30:00,long,1736.3799999999999,1734.900378236072,1749.6965958753508,1734.820378236072,-589.8284508581119,185934.6723519593,-1.054067871905013,1.2976289257215383,2.08161306834484,0.0,stop_loss,1,15,0.72,up,London+NY overlap,False,False,no_sweep,2021
2021-03-19 15:45:00,2021-03-19 18:45:00,long,1734.4099999999999,1732.835581234164,1748.5797688925218,1742.26,2781.192417739047,188715.86476969835,4.985966993243151,5.074888697581307,0.0,4.198374754820037,time_stop,12,180,0.78,up,London+NY overlap,False,False,no_sweep,2021
2021-03-22 14:30:00,2021-03-22 15:15:00,long,1732.0,1730.780563278722,1742.9749304915024,1730.700563278722,-603.2891751343944,188112.57559456397,-1.0656040601402281,1.7713096237878347,1.1152690223848087,1.7713096237878347,stop_loss,3,45,0.71,up,London+NY overlap,False,False,no_sweep,2021
2021-03-23 15:15:00,2021-03-23 15:30:00,long,1734.76,1733.5964771481747,1745.2317056664272,1733.5164771481748,-603.139730604957,187509.43586395902,-1.0687567071625848,0.0,2.475241457855206,0.0,stop_loss,1,15,0.79,up,London+NY overlap,False,False,no_sweep,2021
2021-03-23 15:45:00,2021-03-23 16:00:00,long,1733.6699999999998,1732.5061206022526,1744.1449145797253,1732.4261206022527,-601.1940531101967,186908.24181084882,-1.068735644049352,0.0,6.710317250324039,0.0,stop_loss,1,15,0.79,up,London+NY overlap,False,False,no_sweep,2021
2021-03-24 13:15:00,2021-03-24 13:30:00,long,1731.1399999999999,1730.22896487164,1739.3393161552383,1730.1489648716401,-609.9631978450471,186298.2786130038,-1.0878122012089226,0.0,2.1513989296203486,0.0,stop_loss,1,15,0.5,up,London+NY overlap,False,False,no_sweep,2021
2021-03-24 13:45:00,2021-03-24 15:45:00,long,1730.1699999999998,1729.2727044046283,1738.2456603583432,1729.1927044046283,-608.7241084864095,185689.55450451738,-1.0891567956118158,4.257236990468257,1.9614495034614674,4.257236990468257,stop_loss,8,120,0.47,up,London+NY overlap,False,False,no_sweep,2021
2021-03-25 14:00:00,2021-03-25 14:15:00,long,1728.4199999999998,1727.5920379097245,1735.8716588124773,1727.5120379097245,-610.8941871751745,185078.6603173422,-1.096622781332077,2.65712648663459,2.8382942016322343,0.0,stop_loss,1,15,0.5,up,London+NY overlap,False,False,no_sweep,2021
2021-03-26 16:00:00,2021-03-26 16:15:00,short,1728.68,1729.8671317183882,1717.9958145345065,1729.9471317183882,-592.6529564974458,184486.00736084476,-1.0673893206295146,0.0,2.2154239156972086,0.0,stop_loss,1,15,0.68,down,London+NY overlap,False,False,no_sweep,2021
2021-03-29 13:45:00,2021-03-29 14:15:00,short,1726.5900000000001,1727.3593886584847,1719.6655020736384,1727.4393886584846,-611.0058443415377,183875.00151650322,-1.1039786577534179,1.442703876330151,1.1567625675076607,0.6498666109597484,stop_loss,2,30,0.26,down,London+NY overlap,False,False,no_sweep,2021
2021-03-31 15:45:00,2021-03-31 16:30:00,short,1688.79,1690.0303584703597,1677.6267737667617,1690.1103584703596,-587.2034291892198,183287.798087314,-1.0644974835191992,1.5560017899021477,2.6202102679698513,1.5560017899021477,stop_loss,3,45,0.71,down,London+NY overlap,False,False,no_sweep,2021
2021-04-01 15:00:00,2021-04-01 15:15:00,short,1716.8600000000001,1717.944597357668,1707.098623780988,1718.024597357668,-590.4213683616576,182697.37671895235,-1.0737600911843836,1.1893814703494459,1.8993223479995587,0.0,stop_loss,1,15,0.57,down,London+NY overlap,True,False,prev_day_sweep,2021
2021-04-01 16:00:00,2021-04-01 16:15:00,short,1718.69,1719.8677544547156,1708.0902099075593,1719.9477544547156,-585.3217668073064,182112.05495214503,-1.067925873410725,0.0,4.856699948871283,0.0,stop_loss,1,15,0.68,down,London+NY overlap,True,False,prev_day_sweep,2021
2021-04-05 14:30:00,2021-04-05 15:15:00,short,1726.67,1727.4952177340535,1719.2430403935198,1727.5752177340535,-599.3002389242413,181512.75471322078,-1.096944111473426,5.84088271627942,1.7086399647205088,5.84088271627942,stop_loss,3,45,0.45,down,London+NY overlap,False,False,no_sweep,2021
2021-04-09 13:15:00,2021-04-09 15:15:00,long,1744.6299999999999,1743.764220035705,1752.4220196786544,1743.684220035705,-594.8548144500068,180917.8998987708,-1.0924022307042858,4.9319690638459885,6.6529606107146275,4.9319690638459885,stop_loss,8,120,0.59,up,London+NY overlap,False,False,no_sweep,2021
2021-04-09 15:30:00,2021-04-09 15:45:00,long,1739.22,1738.1691810408638,1748.6773706322258,1738.0891810408639,-584.0741341994709,180333.82576457132,-1.0761310968976878,0.0951638711221098,3.3212191021646618,0.0,stop_loss,1,15,0.81,up,London+NY overlap,False,False,no_sweep,2021
2021-04-09 16:00:00,2021-04-09 16:15:00,long,1738.32,1737.189880591357,1748.4910746777864,1737.109880591357,-579.2984199463749,179754.52734462495,-1.0707889798087729,0.0,6.247127468129823,0.0,stop_loss,1,15,0.85,up,London+NY overlap,False,False,no_sweep,2021
2021-04-13 13:45:00,2021-04-13 15:15:00,long,1724.78,1723.9254743658028,1732.4707307077751,1732.4207307077752,4821.818850059385,184576.34619468433,8.941488004573788,10.97685034201712,0.0,8.765096914894176,take_profit,6,90,0.35,up,London+NY overlap,True,False,prev_day_sweep,2021
2021-04-15 13:15:00,2021-04-15 13:30:00,long,1747.04,1746.270062523798,1753.9694372858178,1746.1900625237981,-611.2640001308104,183965.0821945535,-1.1039045409174868,0.4415942988999098,2.000162412663394,0.0,stop_loss,1,15,0.32,up,London+NY overlap,False,False,no_sweep,2021
2021-04-15 15:00:00,2021-04-15 15:15:00,long,1744.75,1743.9784650269344,1751.693814757591,1751.6438147575911,4931.291164190967,188896.3733587445,8.935194123733849,9.733842615273367,0.0,0.0,take_profit,1,15,0.41,up,London+NY overlap,False,False,no_sweep,2021
2021-04-19 14:30:00,2021-04-19 14:45:00,long,1783.08,1781.9476212612185,1793.2714086490328,1781.8676212612186,-606.7244263332578,188289.64893241122,-1.0706477411312196,0.0,3.9121186651447033,0.0,stop_loss,1,15,0.66,up,London+NY overlap,False,False,no_sweep,2021
2021-04-19 15:15:00,2021-04-19 16:00:00,long,1776.26,1774.9153458130093,1788.3618876829173,1774.8353458130093,-598.475740410742,187691.17319200048,-1.0594948506269577,1.7476612371684053,3.2350325028437013,1.7476612371684053,stop_loss,3,45,0.86,up,London+NY overlap,False,False,no_sweep,2021
2021-04-20 15:15:00,2021-04-20 15:30:00,long,1770.28,1768.8815193080238,1782.8663262277844,1768.801519308024,-595.2841048379162,187095.88908716256,-1.0572049370856038,0.6650073936207953,2.9675061113183023,0.0,stop_loss,1,15,0.8,up,London+NY overlap,False,False,no_sweep,2021
2021-04-22 14:00:00,2021-04-22 15:00:00,long,1785.1399999999999,1784.0849180062855,1794.6357379434285,1784.0049180062856,-603.8464576193825,186492.04262954317,-1.0758234909481235,3.7153510564614987,2.7675574196088775,3.7153510564614987,stop_loss,4,60,0.77,up,London+NY overlap,False,False,no_sweep,2021
2021-04-22 15:15:00,2021-04-22 16:00:00,long,1782.68,1781.4985734019083,1793.3128393828267,1781.4185734019084,-597.3609108309996,185894.68171871218,-1.0677147443007817,4.012098599824987,1.481260031580952,4.012098599824987,stop_loss,3,45,0.82,up,London+NY overlap,False,False,no_sweep,2021
2021-04-26 14:00:00,2021-04-26 14:15:00,long,1779.44,1778.5368286289852,1787.5685423391333,1778.4568286289852,-607.081894827033,185287.59982388513,-1.0885767668986592,0.0,4.008098702168103,0.0,stop_loss,1,15,0.53,up,London+NY overlap,False,False,no_sweep,2021
2021-04-26 14:30:00,2021-04-26 14:45:00,long,1776.9199999999998,1775.9835410117269,1785.3481308944565,1775.903541011727,-603.3491544691138,184684.250669416,-1.0854281938683321,0.22424900890485797,2.135704846710008,0.0,stop_loss,1,15,0.59,up,London+NY overlap,False,False,no_sweep,2021
2021-04-26 15:15:00,2021-04-26 15:30:00,long,1772.27,1771.1667764587332,1782.1990118714,1771.0867764587333,-594.2297592081901,184090.02091020782,-1.0725147687730354,2.3567299851257135,2.5198882148652495,0.0,stop_loss,1,15,0.79,up,London+NY overlap,False,False,no_sweep,2021
2021-04-28 15:30:00,2021-04-28 16:45:00,long,1764.53,1763.5184711790862,1773.6337593882233,1773.5837593882234,4943.131784188971,189033.1526943968,8.950569871103161,9.352180387163052,0.0,7.622125875795687,take_profit,5,75,0.76,up,London+NY overlap,True,False,prev_day_sweep,2021
2021-04-30 14:00:00,2021-04-30 14:15:00,short,1769.91,1770.7867025667663,1762.0196768991045,1770.8667025667662,-618.8478598404226,188414.30483455636,-1.0912510160601159,0.0,2.8858133829037604,0.0,stop_loss,1,15,0.32,down,London+NY overlap,False,False,no_sweep,2021
2021-04-30 14:30:00,2021-04-30 17:00:00,short,1772.23,1773.1043251723647,1764.3610734487177,1764.4110734487176,5054.861705724112,193469.16654028048,8.942813038466314,9.138476453091469,0.0,7.66305284552105,take_profit,10,150,0.32,down,London+NY overlap,False,False,no_sweep,2021
2021-05-03 13:15:00,2021-05-03 13:30:00,short,1778.78,1779.6797987079767,1770.6818116282088,1779.7597987079766,-632.0108188499075,192837.15572143058,-1.08890877402993,0.0,3.0562391072816255,0.0,stop_loss,1,15,0.51,down,London+NY overlap,True,False,prev_day_sweep,2021
2021-05-03 13:45:00,2021-05-03 15:15:00,short,1781.1200000000001,1782.021994804327,1773.0020467610577,1782.101994804327,-629.8209837502947,192207.33473768027,-1.088692306891527,4.002240348483943,4.711778803616411,4.002240348483943,stop_loss,6,90,0.54,down,London+NY overlap,True,False,prev_day_sweep,2021
2021-05-03 15:30:00,2021-05-03 15:45:00,short,1784.93,1786.109235334054,1774.316881993516,1786.1892353340538,-615.7403710096174,191591.59436667064,-1.0678405723520115,0.3561630048484462,1.7299345949778366,0.0,stop_loss,1,15,0.85,down,London+NY overlap,True,False,prev_day_sweep,2021
2021-05-04 13:15:00,2021-05-04 14:45:00,long,1782.49,1781.5268883946726,1791.1580044479465,1781.4468883946727,-622.5179339390338,190969.0764327316,-1.0830641013537896,4.402397371754864,1.733963115762011,4.402397371754864,stop_loss,6,90,0.64,up,London+NY overlap,False,False,no_sweep,2021
2021-05-05 15:30:00,2021-05-05 15:45:00,long,1773.4099999999999,1772.4293914962186,1782.2354765340308,1782.1854765340308,5126.953241274956,196096.02967400657,8.949011251883517,9.43291840151507,0.0,0.0,take_profit,1,15,0.58,up,London+NY overlap,False,False,no_sweep,2021
2021-05-06 13:30:00,2021-05-06 13:45:00,long,1791.51,1790.6711751979078,1799.0594232188305,1790.591175197908,-644.3940208022141,195451.63565320434,-1.095371524304471,0.596072026903487,1.0610082078883263,0.0,stop_loss,1,15,0.54,up,London+NY overlap,False,False,no_sweep,2021
2021-05-06 14:15:00,2021-05-06 16:30:00,long,1790.49,1789.5731840050303,1798.741343954727,1798.691343954727,5245.216377007546,200696.85203021188,8.945463429657673,19.58953606671407,0.0,6.620739639473994,take_profit,9,135,0.71,up,London+NY overlap,False,False,no_sweep,2021
2021-05-07 15:30:00,2021-05-07 15:45:00,long,1818.54,1817.6770841018447,1826.3062430833977,1826.2562430833977,5383.928026990044,206080.78005720192,8.94205692570201,28.693410392520665,0.0,0.0,take_profit,1,15,0.35,up,London+NY overlap,False,False,no_sweep,2021
2021-05-11 15:30:00,2021-05-11 15:45:00,long,1838.33,1837.3634305973078,1847.0291246242284,1837.2834305973079,-669.4123721175033,205411.3676850844,-1.0827669485265183,0.0,12.839222890187704,0.0,stop_loss,1,15,0.59,up,London+NY overlap,False,False,no_sweep,2021
2021-05-11 16:00:00,2021-05-11 16:15:00,long,1826.73,1825.403978423189,1838.664194191299,1825.3239784231891,-653.4120261799568,204757.95565890445,-1.0603308433278482,0.0,6.5157310794136,0.0,stop_loss,1,15,0.83,up,London+NY overlap,True,False,prev_day_sweep,2021
2021-05-13 13:15:00,2021-05-13 15:30:00,long,1810.62,1809.4755388978149,1820.9201499196647,1820.8701499196648,5501.627985627907,210259.58364453237,8.956311315513718,9.305689795544044,0.0,6.230006407721078,take_profit,9,135,0.45,up,London+NY overlap,True,False,prev_day_sweep,2021
2021-05-17 15:30:00,2021-05-17 15:45:00,long,1846.6599999999999,1845.757238530373,1854.7848532266416,1845.677238530373,-686.6764623140946,209572.90718221827,-1.0886169854291459,1.8498795708351838,1.8277253244776455,0.0,stop_loss,1,15,0.48,up,London+NY overlap,False,False,no_sweep,2021
2021-05-18 14:30:00,2021-05-18 15:15:00,long,1865.61,1864.806933463122,1872.8375988319008,1872.7875988319008,5619.32362281198,215192.23080503027,8.937738658375535,9.389010317020666,0.0,8.230949362799235,take_profit,3,45,0.41,up,London+NY overlap,False,False,no_sweep,2021
2021-05-19 13:15:00,2021-05-19 13:30:00,long,1857.4099999999999,1856.1100276768839,1869.1097509080435,1856.030027676884,-685.3053346906177,214506.92547033966,-1.061539771714655,0.49231817371776515,1.1692556625793207,0.0,stop_loss,1,15,0.88,up,London+NY overlap,True,False,prev_day_sweep,2021
2021-05-19 14:45:00,2021-05-19 15:30:00,long,1853.08,1851.7189632131426,1865.3293310817164,1865.2793310817165,5768.046158053135,220274.97162839278,8.96326330009439,9.904214294696525,0.0,8.971102117080472,take_profit,3,45,0.9,up,London+NY overlap,True,False,prev_day_sweep,2021
2021-05-24 14:30:00,2021-05-24 14:45:00,long,1880.53,1879.6825072415265,1888.15743482626,1879.6025072415266,-723.204200917064,219551.76742747572,-1.0943960868102625,1.9115207579096924,1.274347171939616,0.0,stop_loss,1,15,0.39,up,London+NY overlap,False,False,no_sweep,2021
2021-05-25 14:15:00,2021-05-25 14:30:00,long,1882.33,1881.4046052447425,1890.6585527973164,1881.3246052447425,-715.5957851230572,218836.17164235265,-1.0864495930470992,1.0482013156970618,1.9883406400850039,0.0,stop_loss,1,15,0.58,up,London+NY overlap,False,False,no_sweep,2021
2021-05-25 14:45:00,2021-05-25 17:00:00,long,1880.61,1879.6603228895995,1889.1570939936043,1889.1070939936044,5874.01180658624,224710.1834489389,8.947350526350565,16.237097673648286,0.7370926310992733,6.423235785295479,take_profit,9,135,0.62,up,London+NY overlap,False,False,no_sweep,2021
2021-05-27 14:30:00,2021-05-27 14:45:00,long,1893.37,1892.3449186922412,1902.5957317698283,1892.2649186922413,-726.741444350546,223983.44200458835,-1.0780425897871901,2.7997779086181067,1.638894385532323,0.0,stop_loss,1,15,0.62,up,London+NY overlap,False,False,no_sweep,2021
2021-05-28 14:30:00,2021-05-28 14:45:00,long,1891.36,1890.5821913554666,1898.3602778007987,1890.5021913554667,-741.062473916557,223242.37953067178,-1.1028530610481113,0.28284591788259833,1.311376528364588,0.0,stop_loss,1,15,0.37,up,London+NY overlap,False,False,no_sweep,2021
2021-05-28 15:15:00,2021-05-28 15:45:00,long,1884.8799999999999,1883.8474432973617,1894.1730103237444,1894.1230103237444,5995.113721388444,229237.49325206023,8.951576509191678,11.001817111811,0.8909922308859425,8.009245379813228,take_profit,2,30,0.69,up,London+NY overlap,True,False,prev_day_sweep,2021
2021-06-02 14:15:00,2021-06-02 15:00:00,long,1894.8999999999999,1894.025869186928,1902.767177317646,1902.717177317646,6150.075386223158,235387.56863828338,8.942800323186784,10.9136983359222,0.5147970913168666,7.332998567427757,take_profit,3,45,0.38,up,London+NY overlap,False,False,no_sweep,2021
2021-06-04 13:15:00,2021-06-04 15:15:00,short,1871.82,1872.8352896965814,1862.6823927307673,1872.9152896965813,-761.8049690672794,234625.7636692161,-1.07879524461766,3.0533157289370134,2.629791289116867,3.0533157289370134,stop_loss,8,120,0.36,down,London+NY overlap,False,False,no_sweep,2021
2021-06-04 15:45:00,2021-06-04 16:00:00,short,1882.8300000000002,1884.3532564359402,1869.1206920765385,1884.4332564359402,-740.8442664636283,233884.91940275248,-1.0525190625244625,0.0,3.6828992595312195,0.0,stop_loss,1,15,0.85,down,London+NY overlap,False,False,no_sweep,2021
2021-06-07 13:45:00,2021-06-07 14:30:00,short,1886.76,1887.6404587649185,1878.8358711157339,1887.7204587649185,-765.4083181626544,233119.51108458982,-1.0908617225331696,2.271543063331307,1.8172344506649425,2.271543063331307,stop_loss,3,45,0.49,down,London+NY overlap,False,False,no_sweep,2021
2021-06-09 14:15:00,2021-06-09 16:15:00,long,1888.87,1888.0581199792762,1896.176920186513,1896.126920186513,6251.156486219928,239370.66757080975,8.938414545592785,9.397940342464187,0.12317090881330939,8.794402889278413,take_profit,8,120,0.45,up,London+NY overlap,False,False,no_sweep,2021
2021-06-11 14:15:00,2021-06-11 15:15:00,long,1888.3899999999999,1887.3433513920754,1897.8098374713209,1887.2633513920755,-773.0004913436478,238597.6670794661,-1.076434439786406,3.2580179958985953,2.7420855273397033,3.2580179958985953,stop_loss,4,60,0.65,up,London+NY overlap,False,False,no_sweep,2021
2021-06-11 15:30:00,2021-06-11 15:45:00,long,1886.83,1885.6899679884457,1897.0902881039879,1885.6099679884458,-766.022678579608,237831.6444008865,-1.0701734681036374,1.6315331334111691,2.7192218890183493,0.0,stop_loss,1,15,0.75,up,London+NY overlap,False,False,no_sweep,2021
2021-06-16 15:30:00,2021-06-16 16:00:00,short,1857.6100000000001,1858.5207143053315,1849.413571252018,1858.6007143053314,-776.1705652005492,237055.47383568593,-1.087843135362655,2.5913724932008217,1.8117646668562593,2.5913724932008217,stop_loss,2,30,0.63,down,London+NY overlap,False,False,no_sweep,2021
2021-06-22 13:15:00,2021-06-22 13:30:00,short,1782.2,1783.3401693102617,1771.9384762076456,1783.4201693102616,-761.0654261623033,236294.40840952363,-1.0701650178442097,0.0,2.2891337071693347,0.0,stop_loss,1,15,0.53,down,London+NY overlap,False,False,no_sweep,2021
2021-06-22 13:45:00,2021-06-22 14:00:00,short,1784.76,1785.8529776195624,1774.9232014239394,1785.9329776195623,-760.7696106432527,235533.6387988804,-1.0731945454033724,0.5398097723502879,2.4611665891906873,0.0,stop_loss,1,15,0.47,down,London+NY overlap,False,False,no_sweep,2021
2021-06-22 14:15:00,2021-06-22 15:30:00,short,1785.8300000000002,1786.9568786617656,1775.6880920441113,1775.7380920441112,6328.056117994036,241861.69491687443,8.955629650559162,11.882379580266942,0.0,8.244010926115111,take_profit,5,75,0.54,down,London+NY overlap,True,False,prev_day_sweep,2021
2021-06-23 15:15:00,2021-06-23 16:30:00,short,1785.79,1786.8217426244425,1776.504316380017,1786.9017426244425,-781.8460217370716,241079.84889513737,-1.0775387176071634,5.640941705926201,5.127247701778303,5.640941705926201,stop_loss,5,75,0.59,down,London+NY overlap,False,False,no_sweep,2021
2021-06-24 14:30:00,2021-06-24 14:45:00,short,1783.74,1784.6553707784576,1775.5016629938807,1784.7353707784575,-786.4479919367158,240293.40090320064,-1.0873962790627065,0.0,4.293342208959428,0.0,stop_loss,1,15,0.36,down,London+NY overlap,False,False,no_sweep,2021
2021-06-24 15:00:00,2021-06-24 17:45:00,short,1787.46,1788.421773783466,1778.8040359488054,1778.8540359488054,6450.445225673958,246743.8461288746,8.948012723096577,11.988266054049078,0.09357709842701113,6.165691040807629,take_profit,11,165,0.57,down,London+NY overlap,False,False,no_sweep,2021
2021-06-25 14:30:00,2021-06-25 15:00:00,short,1784.77,1785.5527796046579,1777.7249835580792,1785.6327796046578,-815.883130122662,245927.96299875193,-1.1021999034260619,1.4435736358942863,1.8523732495991148,1.4435736358942863,stop_loss,2,30,0.41,down,London+NY overlap,False,False,no_sweep,2021
2021-06-25 15:15:00,2021-06-25 15:30:00,short,1785.16,1785.949825725741,1778.051568468331,1786.029825725741,-812.5126667456503,245115.45033200626,-1.101288166987574,2.3802719242102914,6.558408812451173,0.0,stop_loss,1,15,0.46,down,London+NY overlap,False,False,no_sweep,2021
2021-06-28 13:30:00,2021-06-28 16:00:00,short,1778.29,1779.2908831068546,1769.2820520383084,1779.3708831068545,-794.1221537613376,244321.32817824493,-1.0799294137867246,4.845720710824488,2.4678206506673903,4.845720710824488,stop_loss,10,150,0.65,down,London+NY overlap,False,False,no_sweep,2021
2021-06-30 14:45:00,2021-06-30 16:45:00,short,1760.81,1761.8860536826012,1751.125516856589,1761.9660536826011,-787.4567293771452,243533.87144886778,-1.0743457332040685,5.5294639070576626,1.4590350141313226,5.5294639070576626,stop_loss,8,120,0.64,down,London+NY overlap,False,False,no_sweep,2021
2021-07-02 13:45:00,2021-07-02 14:00:00,short,1786.79,1787.784741479147,1777.8373266876774,1787.864741479147,-789.3587189541175,242744.51272991367,-1.0804229055256909,1.8095153743296482,1.1862378565050855,0.0,stop_loss,1,15,0.65,down,London+NY overlap,True,False,prev_day_sweep,2021
2021-07-05 14:00:00,2021-07-05 17:00:00,short,1793.05,1793.9126946609824,1785.2857480511573,1791.53,1283.0900990946154,244027.60282900828,1.7619211857286181,4.4975356583071795,0.04636634699281676,4.4975356583071795,time_stop,12,180,0.34,down,London+NY overlap,False,False,no_sweep,2021
2021-07-07 16:00:00,2021-07-07 16:15:00,long,1804.57,1803.5064753859854,1814.1417215261308,1803.4264753859854,-787.1512327690288,243240.45159623926,-1.0752215782744745,0.0,3.131098195677785,0.0,stop_loss,1,15,0.69,up,London+NY overlap,False,False,no_sweep,2021
2021-07-09 14:15:00,2021-07-09 14:30:00,long,1801.45,1800.343347298269,1811.4098743155796,1800.263347298269,-782.4729617668867,242457.97863447238,-1.0722900688488723,0.0,2.512079892500575,0.0,stop_loss,1,15,0.44,up,London+NY overlap,False,False,no_sweep,2021
2021-07-09 14:45:00,2021-07-09 17:45:00,long,1798.87,1797.7455902724869,1808.989687547617,1808.3100000000002,6106.6796087896755,248564.65824326206,8.39551612638556,8.689003448600236,0.3468486535263985,8.689003448600236,time_stop,12,180,0.49,up,London+NY overlap,False,False,no_sweep,2021
2021-07-12 13:15:00,2021-07-12 14:15:00,long,1800.01,1799.0378539735732,1808.7593142378412,1798.9578539735733,-807.0587454089375,247757.59949785314,-1.0822921637544245,1.8001410821296735,1.0492250878698481,1.8001410821296735,stop_loss,4,60,0.62,up,London+NY overlap,False,False,no_sweep,2021
2021-07-15 13:15:00,2021-07-15 13:30:00,long,1827.83,1826.918068567112,1836.0373828959914,1826.838068567112,-808.4770690505276,246949.1224288026,-1.0877258937621852,0.0,4.846855630364972,0.0,stop_loss,1,15,0.67,up,London+NY overlap,False,False,no_sweep,2021
2021-07-16 14:00:00,2021-07-16 14:15:00,long,1819.68,1818.7583679954134,1827.9746880412804,1818.6783679954135,-805.1548013684542,246143.96762743415,-1.086802541146354,0.0,4.481181186684711,0.0,stop_loss,1,15,0.62,up,London+NY overlap,True,False,prev_day_sweep,2021
2021-07-19 15:15:00,2021-07-19 15:30:00,long,1798.68,1797.5007452126924,1809.2932930857683,1797.4207452126925,-788.5267194277619,245355.4409080064,-1.0678394532385798,4.367164802237435,3.1375747122872113,0.0,stop_loss,1,15,0.74,up,London+NY overlap,True,False,prev_day_sweep,2021
2021-07-21 13:45:00,2021-07-21 14:00:00,long,1802.28,1801.2065642433818,1811.9409218095634,1801.1265642433818,-790.9231741516094,244564.5177338548,-1.0745270497155435,0.7266387347271834,1.2483280827364107,0.0,stop_loss,1,15,0.67,up,London+NY overlap,True,False,prev_day_sweep,2021
2021-07-21 15:00:00,2021-07-21 15:15:00,long,1800.6299999999999,1799.5718208421677,1810.1536124204908,1799.4918208421677,-789.161933788756,243775.35580006603,-1.075601564638463,1.9089395071231174,3.6194249070696256,0.0,stop_loss,1,15,0.63,up,London+NY overlap,True,False,prev_day_sweep,2021
2021-07-22 14:45:00,2021-07-22 15:30:00,short,1797.95,1798.8460765447107,1789.8853110976045,1798.9260765447107,-796.6174599015517,242978.73834016448,-1.0892780873153598,4.329987234799004,9.16216371074716,4.329987234799004,stop_loss,3,45,0.56,down,London+NY overlap,False,False,no_sweep,2021
2021-07-22 15:45:00,2021-07-22 18:15:00,short,1803.3500000000001,1804.6891463763402,1791.2976826129395,1804.7691463763401,-772.4825354466167,242206.25580471786,-1.0597395485761383,5.5557780175859675,3.1960658488262923,5.5557780175859675,stop_loss,10,150,0.85,down,London+NY overlap,False,False,no_sweep,2021
2021-07-23 16:00:00,2021-07-23 19:00:00,short,1802.81,1804.2084087387718,1790.2243213510537,1803.56,-389.70299630651493,241816.55280841133,-0.536323879568052,5.642127213055817,0.6292866853599258,5.642127213055817,time_stop,12,180,0.88,down,London+NY overlap,False,False,no_sweep,2021
2021-07-27 14:45:00,2021-07-27 15:00:00,short,1797.9,1798.7320177319757,1790.4118404122194,1798.8120177319756,-795.20294665884,241021.3498617525,-1.0961517969214054,0.09615179692167863,6.033525256823651,0.0,stop_loss,1,15,0.53,down,London+NY overlap,False,False,no_sweep,2021
2021-07-27 15:15:00,2021-07-27 15:30:00,short,1802.6000000000001,1803.5479642688974,1794.0683215799238,1803.6279642688974,-784.0844127620843,240237.26544899042,-1.0843913664520142,0.0,2.7638172513058614,0.0,stop_loss,1,15,0.76,down,London+NY overlap,False,False,no_sweep,2021
2021-07-27 15:45:00,2021-07-27 17:30:00,short,1803.94,1804.8971987828759,1795.325210954118,1795.3752109541178,6448.759243137722,246686.02469212815,8.94776424615798,9.454671445371057,0.9611378706894976,8.065200393178472,take_profit,7,105,0.76,down,London+NY overlap,False,False,no_sweep,2021
2021-07-30 16:00:00,2021-07-30 17:30:00,long,1822.87,1821.953635019448,1831.1172848249676,1821.873635019448,-804.6662238666594,245881.3584682615,-1.0873014592414356,4.736104163852345,2.1934491634430535,4.736104163852345,stop_loss,6,90,0.74,up,London+NY overlap,False,False,no_sweep,2021
2021-08-03 15:15:00,2021-08-03 15:30:00,long,1808.61,1807.8629401328444,1815.3335388043986,1807.7829401328445,-816.63577155495,245064.72269670654,-1.1070864645755047,1.6062969686340947,1.994485402720604,0.0,stop_loss,1,15,0.62,up,London+NY overlap,False,False,no_sweep,2021
2021-08-05 15:30:00,2021-08-05 15:45:00,long,1810.18,1809.2945276485793,1818.1492511627873,1809.2145276485794,-801.6169461167708,244263.10575058978,-1.0903472591454357,2.7781782187247215,1.2874484428237454,0.0,stop_loss,1,15,0.7,up,London+NY overlap,False,False,no_sweep,2021
2021-08-06 15:00:00,2021-08-06 15:15:00,short,1799.6200000000001,1800.373120141074,1792.8419187303357,1800.453120141074,-810.6296805389593,243452.47607005082,-1.106224751718707,3.5850853705096775,2.3103883498836857,0.0,stop_loss,1,15,0.58,down,London+NY overlap,False,False,no_sweep,2021
2021-08-09 14:30:00,2021-08-09 15:00:00,short,1746.3600000000001,1748.1421145337924,1730.3209691958702,1748.2221145337924,-763.1435332268844,242689.33253682393,-1.0448904929974892,2.2389133382519377,1.1222623249381207,2.2389133382519377,stop_loss,2,30,0.41,down,London+NY overlap,False,False,no_sweep,2021
2021-08-11 13:15:00,2021-08-11 13:30:00,short,1733.75,1734.576878872556,1726.3080901469953,1734.656878872556,-798.5081089035954,241890.82442792034,-1.0967493579230359,0.0,3.2411034904247256,0.0,stop_loss,1,15,0.39,down,London+NY overlap,False,False,no_sweep,2021
2021-08-11 13:45:00,2021-08-11 14:00:00,short,1736.1000000000001,1736.9416965788878,1728.5247307900113,1737.0216965788877,-794.6448313980943,241096.17959652224,-1.0950461270802025,0.0,1.972207136915823,0.0,stop_loss,1,15,0.41,down,London+NY overlap,False,False,no_sweep,2021
2021-08-13 13:15:00,2021-08-13 13:30:00,short,1759.18,1759.950680929606,1752.2438716335455,1760.030680929606,-798.3690044924034,240297.81059202983,-1.1038043072388302,0.0,3.217933524406689,0.0,stop_loss,1,15,0.41,down,London+NY overlap,True,False,prev_day_sweep,2021
2021-08-13 13:45:00,2021-08-13 14:30:00,short,1760.3,1761.0864799852216,1753.221680133006,1761.1664799852215,-794.2220296116528,239503.58856241818,-1.1017190538897006,2.4794019385637647,1.0934798293154377,2.4794019385637647,stop_loss,3,45,0.47,down,London+NY overlap,True,False,prev_day_sweep,2021
2021-08-13 16:00:00,2021-08-13 16:15:00,short,1762.75,1763.6718294935984,1754.453534557614,1763.7518294935983,-780.8659644025313,238722.72259801565,-1.086783944922014,0.0,2.5492783820863743,0.0,stop_loss,1,15,0.71,down,London+NY overlap,True,False,prev_day_sweep,2021
2021-08-16 15:30:00,2021-08-16 15:45:00,short,1776.01,1776.9500592917577,1767.5494663741806,1777.0300592917577,-777.1148058686983,237945.60779214694,-1.085101015118251,0.0,5.5847541171402995,0.0,stop_loss,1,15,0.78,down,London+NY overlap,False,False,no_sweep,2021
2021-08-17 14:45:00,2021-08-17 15:00:00,long,1793.34,1792.6046014068042,1799.9585873387603,1792.5246014068043,-791.4912360969025,237154.11655605005,-1.1087845431581367,0.0,3.69867446738005,0.0,stop_loss,1,15,0.38,up,London+NY overlap,False,False,no_sweep,2021
2021-08-17 15:45:00,2021-08-17 16:00:00,long,1790.21,1789.2098291279608,1799.2115378483531,1789.1298291279609,-768.3696137812842,236385.74694226877,-1.07998633257217,0.5399077448626005,1.8596822323047655,0.0,stop_loss,1,15,0.78,up,London+NY overlap,False,False,no_sweep,2021
2021-08-18 13:45:00,2021-08-18 14:00:00,long,1786.8,1786.0930431401223,1793.162611738898,1786.0130431401224,-789.4062383058183,235596.34070396295,-1.1131610774860732,0.0,3.267526112413254,0.0,stop_loss,1,15,0.41,up,London+NY overlap,False,False,no_sweep,2021
2021-08-18 14:15:00,2021-08-18 14:30:00,long,1784.97,1784.2418331157178,1791.5235019585398,1784.1618331157179,-784.4403448916034,234811.90035907135,-1.1098649248225334,0.0,2.774089351771465,0.0,stop_loss,1,15,0.46,up,London+NY overlap,False,False,no_sweep,2021
2021-08-19 15:00:00,2021-08-19 15:15:00,long,1786.83,1785.7148894580619,1796.865994877442,1785.634889458062,-754.973162581417,234056.92719648994,-1.0717417663910584,1.4886416526158892,2.77999344765596,0.0,stop_loss,1,15,0.66,up,London+NY overlap,False,False,no_sweep,2021
2021-08-20 13:15:00,2021-08-20 16:00:00,long,1780.45,1779.597430942127,1788.123121520857,1779.517430942127,-768.058303554251,233288.8688929357,-1.0938340410799134,7.30732594910492,1.4544276367399904,7.30732594910492,stop_loss,11,165,0.48,up,London+NY overlap,False,False,no_sweep,2021
2021-08-25 14:30:00,2021-08-25 16:30:00,long,1791.01,1790.1690479433412,1798.5785685099286,1790.0890479433413,-766.4451090927322,232522.42378384297,-1.0951302745102687,8.002834343183643,6.338054539252321,8.002834343183643,stop_loss,8,120,0.65,up,London+NY overlap,True,False,prev_day_sweep,2021
2021-08-26 15:45:00,2021-08-26 16:00:00,long,1782.3,1781.2271979098532,1791.9552188113214,1781.1471979098533,-749.5856093288885,231772.8381745141,-1.074571070223198,3.532804451827195,2.078668582473558,0.0,stop_loss,1,15,0.75,up,London+NY overlap,True,False,prev_day_sweep,2021
2021-08-27 14:00:00,2021-08-27 14:15:00,long,1794.53,1793.8213435431358,1800.9079081117782,1793.7413435431358,-773.8127984929196,230999.02537602116,-1.1128896790892508,0.592670815219209,2.3706832608765147,0.0,stop_loss,1,15,0.44,up,London+NY overlap,False,False,no_sweep,2021
2021-08-31 15:45:00,2021-08-31 16:00:00,long,1810.77,1809.9640571691637,1818.0234854775276,1809.8840571691637,-761.7857841716162,230237.23959184956,-1.0992626237730918,0.0,11.241492142312817,0.0,stop_loss,1,15,0.87,up,London+NY overlap,False,False,no_sweep,2021
2021-09-01 14:45:00,2021-09-01 15:30:00,long,1811.34,1810.5970124163025,1818.0268882532762,1817.9768882532762,6169.923419081881,236407.16301093143,8.932704124405971,9.017647329526122,0.0,6.796883434941529,take_profit,3,45,0.45,up,London+NY overlap,False,False,no_sweep,2021
2021-09-02 14:15:00,2021-09-02 14:30:00,long,1815.04,1814.4969336986992,1819.9275967117073,1814.4169336986993,-813.6980860646338,235593.4649248668,-1.1473116630663858,1.0680095572321349,1.8966376619813927,0.0,stop_loss,1,15,0.28,up,London+NY overlap,False,False,no_sweep,2021
2021-09-02 15:30:00,2021-09-02 15:45:00,long,1812.82,1812.1534236642306,1818.8191870219252,1812.0734236642306,-791.6055356441065,234801.8593892227,-1.1200162617648126,1.4852012393409202,2.520341497063111,0.0,stop_loss,1,15,0.6,up,London+NY overlap,False,False,no_sweep,2021
2021-09-08 14:30:00,2021-09-08 15:00:00,short,1799.2,1799.9154296507943,1792.7611331428513,1799.9954296507942,-783.1728562512664,234018.68653297142,-1.111820917557881,3.9137321145293273,4.067485876171413,3.9137321145293273,stop_loss,2,30,0.36,down,London+NY overlap,False,False,no_sweep,2021
2021-09-09 14:30:00,2021-09-09 14:45:00,short,1799.6000000000001,1800.327319547073,1793.0541240763444,1800.407319547073,-779.2772548684367,233239.40927810298,-1.1099929189609714,1.9798725412993623,1.7873849331173497,0.0,stop_loss,1,15,0.58,down,London+NY overlap,False,False,no_sweep,2021
2021-09-10 14:45:00,2021-09-10 15:00:00,short,1797.49,1798.403933772355,1789.2645960488053,1798.483933772355,-760.9671497145595,232478.44212838841,-1.0875336949129102,0.3173096440595484,1.9147995762216532,0.0,stop_loss,1,15,0.63,down,London+NY overlap,False,False,no_sweep,2021
2021-09-10 15:15:00,2021-09-10 15:30:00,short,1798.6200000000001,1799.5104071812655,1790.6063353686127,1799.5904071812654,-760.0974738663583,231718.34465452205,-1.0898465350270876,5.1549449471840045,1.8530847849352146,0.0,stop_loss,1,15,0.59,down,London+NY overlap,False,False,no_sweep,2021
2021-09-13 14:45:00,2021-09-13 15:00:00,short,1790.01,1790.7298985689417,1783.5309128795234,1790.8098985689417,-772.4053649355882,230945.93928958647,-1.1111267662575406,1.6669014938646896,2.278098708281795,0.0,stop_loss,1,15,0.21,down,London+NY overlap,False,False,no_sweep,2021
2021-09-13 15:15:00,2021-09-13 16:15:00,short,1791.3300000000002,1792.0869788681184,1784.5171901869362,1792.1669788681183,-766.0591821153379,230179.88010747114,-1.1056832672209131,8.164032392823053,1.056832672210033,8.164032392823053,stop_loss,4,60,0.33,down,London+NY overlap,False,False,no_sweep,2021
2021-09-15 14:15:00,2021-09-15 15:00:00,short,1802.92,1803.6247931513296,1796.5768616380344,1803.7047931513296,-768.9217459395417,229410.9583615316,-1.1135084809621234,2.2985467394852575,2.1424725781620153,2.2985467394852575,stop_loss,3,45,0.35,down,London+NY overlap,False,False,no_sweep,2021
2021-09-15 15:30:00,2021-09-15 15:45:00,short,1806.0800000000002,1806.9131965262552,1798.5812312637047,1798.6312312637046,6152.795122973932,235563.75348450555,8.939990148273075,13.298183142698843,0.0,0.0,take_profit,1,15,0.64,down,London+NY overlap,False,False,no_sweep,2021
2021-09-20 13:15:00,2021-09-20 15:15:00,short,1759.96,1760.8548961435079,1751.9059347084303,1760.9348961435078,-769.8665252553319,234793.88695925023,-1.0893958484236423,6.470024529666952,1.3744611695147702,6.470024529666952,stop_loss,8,120,0.23,down,London+NY overlap,False,False,no_sweep,2021
2021-09-21 13:15:00,2021-09-21 15:00:00,short,1767.5800000000002,1768.4001534205183,1760.198619215336,1768.4801534205183,-773.0889679015585,234020.79799134866,-1.0975427255419874,2.609267908250661,4.840557755025288,2.609267908250661,stop_loss,7,105,0.47,down,London+NY overlap,True,False,prev_day_sweep,2021
2021-09-21 15:15:00,2021-09-21 15:30:00,short,1768.98,1769.9145684328953,1760.5688841039425,1769.9945684328952,-762.1596426515714,233258.6383486971,-1.0856010081060503,0.0,6.4414758599861255,0.0,stop_loss,1,15,0.67,down,London+NY overlap,True,False,prev_day_sweep,2021
2021-09-23 13:15:00,2021-09-23 13:45:00,short,1774.29,1775.5528556788258,1762.9242988905678,1775.6328556788258,-744.1056624133322,232514.53268628378,-1.0633484897294887,2.541858150398075,1.0373315193212778,2.541858150398075,stop_loss,2,30,0.81,down,London+NY overlap,False,False,no_sweep,2021
2021-09-27 15:45:00,2021-09-27 16:00:00,short,1753.21,1754.3443276945263,1743.0010507492636,1754.4243276945263,-746.7388069159898,231767.7938793678,-1.0705263570535815,1.4546061142315232,1.1901322752801913,0.0,stop_loss,1,15,0.85,down,London+NY overlap,False,False,no_sweep,2021
2021-09-29 13:15:00,2021-09-29 13:30:00,short,1743.07,1743.9614412648043,1735.047028616761,1744.0414412648042,-757.7015145573872,231010.0923648104,-1.0897423118700742,0.0,2.703487145088536,0.0,stop_loss,1,15,0.37,down,London+NY overlap,False,False,no_sweep,2021
2021-09-29 13:45:00,2021-09-29 15:30:00,short,1745.3500000000001,1746.230860070163,1737.422259368534,1737.472259368534,6197.934220917842,237208.02658572825,8.94323729535026,9.479371676429203,0.0,7.640260045792792,take_profit,7,105,0.37,down,London+NY overlap,False,False,no_sweep,2021
2021-09-30 15:30:00,2021-09-30 15:45:00,short,1728.64,1729.7702264541774,1718.4679619124036,1729.8502264541773,-761.9944512611519,236446.0321344671,-1.0707822752725766,0.0,8.175352793990053,0.0,stop_loss,1,15,0.76,down,London+NY overlap,False,False,no_sweep,2021
2021-09-30 16:00:00,2021-09-30 16:15:00,short,1737.18,1738.555807503857,1724.7977324652868,1738.635807503857,-750.5844535813736,235695.44768088573,-1.0581476694782166,0.15263763238048375,3.1472426105112814,0.0,stop_loss,1,15,0.84,down,London+NY overlap,False,False,no_sweep,2021
2021-10-04 15:00:00,2021-10-04 15:30:00,short,1753.54,1754.5461081888984,1744.4850262999146,1754.6261081888983,-763.3098268265372,234932.1378540592,-1.0795143115647592,2.25621859065208,4.731101538107475,2.25621859065208,stop_loss,2,30,0.68,down,London+NY overlap,False,False,no_sweep,2021
2021-10-04 15:45:00,2021-10-04 17:15:00,short,1757.45,1758.6057159952659,1747.0485560426066,1758.6857159952658,-753.583237761105,234178.5546162981,-1.0692211584226845,7.744117098544937,4.421501494252922,7.744117098544937,stop_loss,6,90,0.76,down,London+NY overlap,False,False,no_sweep,2021
2021-10-05 13:30:00,2021-10-05 13:45:00,long,1756.02,1755.1651351181056,1763.7137839370498,1755.0851351181057,-768.2803847962721,233410.27423150183,-1.0935820405005354,0.46791020250320936,2.1406891764516107,0.0,stop_loss,1,15,0.33,up,London+NY overlap,False,False,no_sweep,2021
2021-10-05 14:00:00,2021-10-05 16:00:00,long,1754.36,1753.4838920151012,1762.2449718640887,1753.4038920151013,-764.1709611033432,232646.10327039848,-1.0913129447269894,8.058367372164332,1.8148447764504696,8.058367372164332,stop_loss,8,120,0.35,up,London+NY overlap,False,False,no_sweep,2021
2021-10-07 15:30:00,2021-10-07 15:45:00,long,1759.71,1758.7629173867724,1768.2337435190493,1758.6829173867725,-756.8931084792453,231889.21016191924,-1.0844699278421872,0.0,5.184341821319038,0.0,stop_loss,1,15,0.62,up,London+NY overlap,False,False,no_sweep,2021
2021-10-07 16:00:00,2021-10-07 16:15:00,long,1755.21,1754.1206277467577,1765.0143502791802,1754.0406277467578,-746.7552272858105,231142.45493463342,-1.0734367887210452,0.0,2.8548551615333517,0.0,stop_loss,1,15,0.7,up,London+NY overlap,False,False,no_sweep,2021
2021-10-11 16:00:00,2021-10-11 17:00:00,long,1750.94,1750.0064472314396,1759.341974917045,1759.291974917045,6203.707120450218,237346.16205508364,8.946441163602783,9.779843526229307,0.0,8.76222563467198,take_profit,4,60,0.53,up,London+NY overlap,True,False,prev_day_sweep,2021
2021-10-13 15:45:00,2021-10-13 16:00:00,long,1760.32,1758.791802366801,1774.0737786987909,1758.711802366801,-749.3131669105212,236596.84888817312,-1.052349250032841,2.6567244391692086,1.5770211572406734,0.0,stop_loss,1,15,0.9,up,London+NY overlap,False,False,no_sweep,2021
2021-10-15 14:00:00,2021-10-15 14:30:00,long,1781.11,1780.2323677959325,1789.0086898366058,1780.1523677959326,-774.4910481615578,235822.35784001157,-1.0911543578610365,2.2560703570627316,2.8941508620905068,2.2560703570627316,stop_loss,2,30,0.7,up,London+NY overlap,True,False,prev_day_sweep,2021
2021-10-15 15:00:00,2021-10-15 15:15:00,long,1778.44,1777.5015643643178,1786.8859207211397,1777.4215643643179,-767.7774067272816,235054.58043328428,-1.085248254603808,0.0,6.287058777036661,0.0,stop_loss,1,15,0.78,up,London+NY overlap,True,False,prev_day_sweep,2021
2021-10-15 15:30:00,2021-10-15 15:45:00,long,1774.1499999999999,1773.0719100896413,1783.8528091932274,1772.9919100896414,-757.4906379361207,234297.08979534815,-1.0742053137046041,0.15768629162249442,8.552162404463205,0.0,stop_loss,1,15,0.85,up,London+NY overlap,True,False,prev_day_sweep,2021
2021-10-18 13:15:00,2021-10-18 16:15:00,long,1761.05,1759.8890736539468,1771.4983371144788,1769.29,4988.967714817964,239286.0575101661,7.097780171854583,7.6146088251450825,0.0,6.374220057248119,time_stop,12,180,0.74,up,London+NY overlap,True,False,prev_day_sweep,2021
2021-10-19 13:15:00,2021-10-19 13:30:00,long,1778.82,1778.0082240512054,1786.1259835391509,1777.9282240512055,-788.6026358121054,238497.454874354,-1.0985493597324776,0.554340148495747,1.9217125147849947,0.0,stop_loss,1,15,0.48,up,London+NY overlap,False,False,no_sweep,2021
2021-10-21 14:00:00,2021-10-21 14:15:00,long,1784.31,1783.5184170084185,1791.4342469242335,1783.4384170084186,-787.8023937400839,237709.65248061394,-1.1010633134500554,0.0,8.287191702912017,0.0,stop_loss,1,15,0.4,up,London+NY overlap,False,False,no_sweep,2021
2021-10-21 14:30:00,2021-10-21 15:00:00,long,1777.9199999999998,1776.928328951136,1786.8450394397726,1776.8483289511362,-770.6584342382696,236938.99404637568,-1.0806719124165134,3.055448682778423,1.4016744782380655,2.09746972283141,stop_loss,2,30,0.73,up,London+NY overlap,False,False,no_sweep,2021
2021-10-28 13:15:00,2021-10-28 15:15:00,long,1797.1299999999999,1796.3159512105358,1804.4564391051763,1804.4064391051763,6353.693479312988,243292.68752568867,8.938578620043984,11.743767847494388,0.06142137995545761,7.874220910296927,take_profit,8,120,0.41,up,London+NY overlap,False,False,no_sweep,2021
2021-10-29 14:30:00,2021-10-29 14:45:00,long,1794.03,1793.0819792706013,1802.5621865645887,1793.0019792706014,-791.4698012336146,242501.21772445505,-1.0843863404238778,0.6223492606265774,1.0864741329583842,0.0,stop_loss,1,15,0.51,up,London+NY overlap,False,False,no_sweep,2021
2021-10-29 15:00:00,2021-10-29 15:15:00,long,1793.08,1792.1499974323042,1801.4500231092625,1792.0699974323043,-790.0844398028245,241711.13328465223,-1.0860212678747143,0.0,9.032233126853079,0.0,stop_loss,1,15,0.48,up,London+NY overlap,False,False,no_sweep,2021
2021-10-29 15:30:00,2021-10-29 15:45:00,long,1786.79,1785.589946765609,1797.5904791095172,1785.5099467656091,-773.4734820484832,240937.65980260374,-1.066663709331638,0.0,8.982934832446341,0.0,stop_loss,1,15,0.76,up,London+NY overlap,True,False,prev_day_sweep,2021
2021-10-29 16:00:00,2021-10-29 16:15:00,long,1780.37,1778.596484711163,1796.3316375995325,1778.516484711163,-755.4177382822006,240182.24206432153,-1.0451081535656732,1.020571974424386,1.7817720658456373,0.0,stop_loss,1,15,0.89,up,London+NY overlap,True,False,prev_day_sweep,2021
2021-11-01 14:30:00,2021-11-01 14:45:00,short,1788.06,1789.0838793388389,1778.8450859504503,1789.1638793388388,-776.8460731069795,239405.39599121455,-1.07813420680082,0.0,2.627262703680012,0.0,stop_loss,1,15,0.65,down,London+NY overlap,False,False,no_sweep,2021
2021-11-01 15:00:00,2021-11-01 15:15:00,short,1789.3,1790.3573500421621,1779.7838496205413,1790.437350042162,-772.5570332440946,238632.83895797047,-1.0756608472217353,1.1916583437434047,2.1090461163078045,0.0,stop_loss,1,15,0.67,down,London+NY overlap,False,False,no_sweep,2021
2021-11-01 15:30:00,2021-11-01 15:45:00,short,1790.75,1791.8682508016602,1780.6857427850587,1791.9482508016602,-767.114112932355,237865.72484503812,-1.071540301944031,2.629106096445582,1.3324381237087988,0.0,stop_loss,1,15,0.68,down,London+NY overlap,False,False,no_sweep,2021
2021-11-02 14:00:00,2021-11-02 14:30:00,long,1790.12,1789.255752288901,1797.8982293998902,1789.175752288901,-779.6520488837796,237086.07279615433,-1.0925660536586315,5.0679914378148005,2.1637315042723486,5.0679914378148005,stop_loss,2,30,0.63,up,London+NY overlap,False,False,no_sweep,2021
2021-11-03 13:15:00,2021-11-03 13:30:00,short,1783.69,1784.498399042633,1776.414408616303,1784.578399042633,-781.6450625956194,236304.42773355872,-1.0989610276372423,0.0,2.3379542779318183,0.0,stop_loss,1,15,0.62,down,London+NY overlap,False,False,no_sweep,2021
2021-11-04 13:15:00,2021-11-04 13:30:00,short,1779.6000000000001,1780.496671606967,1771.5299555372972,1780.576671606967,-772.1617034867141,235532.266030072,-1.089218839292272,1.5724820425278132,2.8215457926206335,0.0,stop_loss,1,15,0.32,down,London+NY overlap,False,False,no_sweep,2021
2021-11-04 14:30:00,2021-11-04 14:45:00,short,1783.51,1784.6364158181218,1773.372257636903,1784.7164158181217,-756.7805250387777,234775.48550503323,-1.0710217299090483,0.0,8.380564129275383,0.0,stop_loss,1,15,0.56,down,London+NY overlap,False,False,no_sweep,2021
2021-11-04 15:00:00,2021-11-04 15:30:00,short,1792.56,1793.8897667003193,1780.5920996971254,1793.9697667003193,-746.6993904347286,234028.7861145985,-1.0601609289664962,1.308500205022489,1.7296267077883043,1.308500205022489,stop_loss,2,30,0.71,down,London+NY overlap,True,False,prev_day_sweep,2021
2021-11-04 15:45:00,2021-11-04 16:00:00,short,1794.48,1795.8132917057587,1782.4803746481723,1795.8932917057587,-744.2128550622991,233284.5732595362,-1.060001873299289,0.0,2.8425887475563796,0.0,stop_loss,1,15,0.71,down,London+NY overlap,True,False,prev_day_sweep,2021
2021-11-10 13:15:00,2021-11-10 15:30:00,long,1823.52,1822.7799980578889,1830.1800174789996,1822.699998057889,-775.5133828093718,232509.05987672682,-1.1081078243817828,38.026927226326805,1.6216173657282775,6.216199901958039,stop_loss,9,135,0.32,up,London+NY overlap,False,False,no_sweep,2021
2021-11-11 14:30:00,2021-11-11 17:30:00,long,1856.68,1855.5230999162147,1867.0921007540674,1861.4,2845.8190417638352,235354.87891849066,4.079868318927228,8.056011172118916,0.19016335384832547,8.056011172118916,time_stop,12,180,0.52,up,London+NY overlap,False,False,no_sweep,2021
2021-11-16 14:45:00,2021-11-16 15:00:00,long,1872.3,1871.343591508103,1880.9076764270728,1871.263591508103,-765.1243078258825,234589.7546106648,-1.0836462669222513,4.663279380919783,1.882041005752316,0.0,stop_loss,1,15,0.61,up,London+NY overlap,False,False,no_sweep,2021
2021-12-01 13:15:00,2021-12-01 13:45:00,short,1786.52,1787.8392568185375,1774.6466886331616,1787.9192568185374,-746.4459741702614,233843.30863649453,-1.0606402020257237,1.0991036617172751,1.6069653536832278,0.7959026515883123,stop_loss,2,30,0.51,down,London+NY overlap,False,False,no_sweep,2021
2021-12-02 13:15:00,2021-12-02 13:30:00,short,1776.68,1777.7275247456096,1767.252277289515,1777.8075247456095,-755.1061247610463,233088.20251173349,-1.0763705108974575,0.0,2.12882799126858,0.0,stop_loss,1,15,0.32,down,London+NY overlap,False,False,no_sweep,2021
2021-12-02 13:45:00,2021-12-02 14:15:00,short,1778.1000000000001,1779.1689881735103,1768.4791064384083,1779.2489881735103,-751.5955593539402,232336.60695237954,-1.0748371235363936,1.0570743699526255,1.1973939765833639,1.0570743699526255,stop_loss,2,30,0.42,down,London+NY overlap,False,False,no_sweep,2021
2021-12-02 14:45:00,2021-12-02 16:30:00,short,1780.39,1781.4715703410982,1770.655866930117,1770.705866930117,6240.866266120857,238577.4732185004,8.953770921686921,12.805454692792932,0.0,6.333383728926532,take_profit,7,105,0.47,down,London+NY overlap,False,False,no_sweep,2021
2021-12-03 15:00:00,2021-12-03 15:30:00,short,1774.2,1775.0577362408594,1766.4803738322667,1775.1377362408593,-782.4878986067234,237794.9853198937,-1.0932687651390072,7.4848184024122215,5.118123487007527,7.4848184024122215,stop_loss,2,30,0.41,down,London+NY overlap,False,False,no_sweep,2021
2021-12-07 13:30:00,2021-12-07 13:45:00,short,1781.92,1782.6990818589106,1774.908263269806,1782.7790818589106,-786.6388712241546,237008.34644866953,-1.1026849734529778,0.0,1.7071376836572143,0.0,stop_loss,1,15,0.45,down,London+NY overlap,False,False,no_sweep,2021
2021-12-07 14:30:00,2021-12-07 15:30:00,short,1783.21,1784.0117589538822,1775.9941694150596,1776.0441694150595,6354.88378262973,243363.23023129927,8.937637116795308,13.545218232256577,0.9104980948017892,6.460794700100286,take_profit,4,60,0.51,down,London+NY overlap,False,False,no_sweep,2021
2021-12-10 14:00:00,2021-12-10 14:30:00,short,1772.04,1772.7116146362446,1765.9954682737994,1772.7916146362445,-817.055001012397,242546.17523028687,-1.119115927025137,0.31267930844132336,1.3251646881560042,0.31267930844132336,stop_loss,2,30,0.28,down,London+NY overlap,False,False,no_sweep,2021
2021-12-10 15:00:00,2021-12-10 15:15:00,short,1773.49,1774.1482688365727,1767.5655804708451,1774.2282688365726,-816.0690860046301,241730.10614428224,-1.1215308936945148,1.4735620860473726,6.289223748697009,0.0,stop_loss,1,15,0.29,down,London+NY overlap,False,False,no_sweep,2021
2021-12-10 16:00:00,2021-12-10 18:15:00,short,1784.15,1785.501259663717,1771.9886630265464,1785.581259663717,-768.1244983187391,240961.9816459635,-1.0592040169243766,3.937067125474751,1.309888874453012,3.937067125474751,stop_loss,9,135,0.9,down,London+NY overlap,False,False,no_sweep,2021
2021-12-13 13:30:00,2021-12-13 14:00:00,short,1787.77,1788.464814713675,1781.5166675769249,1788.544814713675,-806.1180274726742,240155.86361849084,-1.1151386095104323,0.4749467642308612,1.007462833217266,0.4029851332868409,stop_loss,2,30,0.6,down,London+NY overlap,False,False,no_sweep,2021
2021-12-13 14:30:00,2021-12-13 14:45:00,short,1789.5800000000002,1790.2834487723158,1783.2489610491607,1790.3634487723157,-802.4030629704581,239353.46055552037,-1.1137254099350904,0.25588217235427657,2.828919572137636,0.0,stop_loss,1,15,0.65,down,London+NY overlap,True,False,prev_day_sweep,2021
2021-12-15 14:00:00,2021-12-15 14:15:00,short,1769.8400000000001,1770.4898354542415,1763.9914809118277,1770.5698354542415,-806.4594220056784,238547.00113351468,-1.123108087559364,0.015388510945270379,2.4929387730792176,0.0,stop_loss,1,15,0.45,down,London+NY overlap,False,False,no_sweep,2021
2021-12-15 14:30:00,2021-12-15 14:45:00,short,1770.8600000000001,1771.5309295498307,1764.8216340515248,1771.6109295498306,-800.9722878646842,237746.02884565,-1.11923755634273,1.997229068742758,1.7736586505994618,0.0,stop_loss,1,15,0.57,down,London+NY overlap,False,False,no_sweep,2021
2021-12-16 13:15:00,2021-12-16 15:00:00,short,1787.96,1788.6765746068857,1781.51082853803,1788.7565746068856,-792.8655899045265,236953.16325574546,-1.111642248038378,8.024286577765736,2.1072474317262935,8.024286577765736,stop_loss,7,105,0.2,down,London+NY overlap,True,False,prev_day_sweep,2021
2021-12-16 15:15:00,2021-12-16 16:00:00,short,1788.92,1789.9192078033475,1779.9271297698724,1789.9992078033474,-767.773335906961,236185.3899198385,-1.0800634259779813,3.212544967369458,2.0916570036765822,3.212544967369458,stop_loss,3,45,0.55,down,London+NY overlap,True,False,prev_day_sweep,2021
2021-12-17 16:00:00,2021-12-17 16:15:00,long,1806.8799999999999,1805.8032728193382,1816.5705446259549,1805.7232728193383,-761.2013472926718,235424.18857254583,-1.0742992295882825,0.5015197997215408,1.2445120956047888,0.0,stop_loss,1,15,0.82,up,London+NY overlap,False,False,no_sweep,2021
2021-12-20 14:00:00,2021-12-20 15:15:00,long,1795.6299999999999,1794.8817390134202,1802.364348879217,1794.8017390134203,-781.7833918474759,234642.40518069835,-1.1069145678242684,6.160951970879242,1.5636255544311413,4.74433394720647,stop_loss,5,75,0.34,up,London+NY overlap,True,False,prev_day_sweep,2021
2021-12-20 15:30:00,2021-12-20 16:45:00,long,1794.6499999999999,1793.6834185387556,1803.3492331511986,1793.6034185387557,-762.1883963129593,233880.21678438538,-1.082765915970442,3.6727375211918973,3.010610193427419,3.6727375211918973,stop_loss,5,75,0.69,up,London+NY overlap,True,False,prev_day_sweep,2021
2021-12-27 15:30:00,2021-12-27 16:00:00,long,1803.76,1803.1293192885578,1809.4361264029799,1809.38612640298,6259.140190491811,240139.35697487718,8.920720581598863,9.2915478366217,0.0,8.625600722051777,take_profit,2,30,0.56,up,London+NY overlap,False,False,no_sweep,2021
2021-12-28 15:00:00,2021-12-28 15:15:00,long,1816.57,1816.0227092180905,1821.4956170371845,1815.9427092180906,-825.724879624836,239313.63209525234,-1.14617457966462,4.312150100110447,2.247434162345611,0.0,stop_loss,1,15,0.43,up,London+NY overlap,False,False,no_sweep,2021
2021-12-29 13:15:00,2021-12-29 13:30:00,long,1795.77,1794.9887627246412,1802.8011354782298,1794.9087627246413,-791.4592414983978,238522.17285375393,-1.1024016678712487,0.33280542058184925,1.4464235586825518,0.0,stop_loss,1,15,0.71,up,London+NY overlap,True,False,prev_day_sweep,2021
2021-12-29 15:00:00,2021-12-29 15:15:00,long,1793.55,1792.7086253526977,1801.1223718257197,1792.6286253526978,-783.6043678931834,237738.56848586074,-1.0950824941735962,0.0,4.849207202857724,0.0,stop_loss,1,15,0.74,up,London+NY overlap,True,False,prev_day_sweep,2021
2022-01-03 13:45:00,2022-01-03 14:00:00,long,1823.75,1823.025057969912,1830.2744782707916,1822.945057969912,-791.9216627182362,236946.6468231425,-1.110353651298464,0.0,2.3312208836822474,0.0,stop_loss,1,15,0.41,up,London+NY overlap,False,False,no_sweep,2022
2022-01-03 14:15:00,2022-01-03 14:30:00,long,1822.4199999999998,1821.7024989638526,1828.8775093253253,1821.6224989638526,-790.0972409785105,236156.549582164,-1.1114980968243606,0.027874524206407056,1.2404163271719628,0.0,stop_loss,1,15,0.38,up,London+NY overlap,False,False,no_sweep,2022
2022-01-03 14:45:00,2022-01-03 15:00:00,long,1822.1,1821.4116955351587,1828.2947401835713,1821.3316955351588,-790.8134003778965,235365.7361817861,-1.1162276348423632,0.0,12.567113017341732,0.0,stop_loss,1,15,0.31,up,London+NY overlap,False,False,no_sweep,2022
2022-01-03 15:15:00,2022-01-03 15:30:00,long,1814.76,1813.8291405379684,1823.1377351582835,1813.7491405379685,-766.7806725779374,234598.95550920817,-1.0859420817674579,0.0,7.885186002171345,0.0,stop_loss,1,15,0.79,up,London+NY overlap,True,False,prev_day_sweep,2022
2022-01-04 13:15:00,2022-01-04 13:30:00,long,1804.33,1803.5116664174202,1811.6950022432184,1803.4316664174203,-772.5997979002635,233826.3557113079,-1.0977596443588862,0.0,2.3095715979806317,0.0,stop_loss,1,15,0.62,up,London+NY overlap,False,False,no_sweep,2022
2022-01-04 14:30:00,2022-01-04 16:00:00,long,1799.52,1798.5612294340215,1808.1489350938064,1808.0989350938064,6276.729386726592,240103.0850980345,8.947849880070994,11.0871154968668,0.0,8.09369861295253,take_profit,6,90,0.73,up,London+NY overlap,False,False,no_sweep,2022
2022-01-05 14:30:00,2022-01-05 15:15:00,long,1817.3799999999999,1816.6299244632662,1824.1306798306039,1816.5499244632663,-797.1345050208339,239305.95059301367,-1.1066559247463266,7.025959042670921,3.1463497800193574,3.8929412532445515,stop_loss,3,45,0.57,up,London+NY overlap,False,False,no_sweep,2022
2022-01-07 14:00:00,2022-01-07 15:30:00,short,1793.27,1794.0049835599825,1786.6551479601567,1794.0849835599824,-796.0603181814672,238509.8902748322,-1.108845972013072,14.462908531249909,3.959272231979199,7.170228406367602,stop_loss,6,90,0.4,down,London+NY overlap,False,False,no_sweep,2022
2022-01-10 13:30:00,2022-01-10 13:45:00,short,1800.95,1801.7658700236275,1793.6071697873535,1801.8458700236274,-785.6908141539235,237724.19946067827,-1.0980548343279475,1.1031168861905243,1.2134285748094653,0.0,stop_loss,1,15,0.44,down,London+NY overlap,True,False,prev_day_sweep,2022
2022-01-13 15:15:00,2022-01-13 15:30:00,long,1822.95,1822.1703891059065,1829.9664980468433,1822.0903891059065,-786.3550132286666,236937.8444474496,-1.1026152925850765,1.5135755656313372,4.758784193637299,0.0,stop_loss,1,15,0.61,up,London+NY overlap,False,False,no_sweep,2022
2022-01-21 14:00:00,2022-01-21 15:00:00,long,1832.07,1831.238540136668,1839.5531387699873,1839.5031387699873,6354.576890513692,243292.4213379633,8.939864806222168,9.633658043217293,0.0,5.315951129965192,take_profit,4,60,0.57,up,London+NY overlap,True,False,prev_day_sweep,2022
2022-01-26 13:15:00,2022-01-26 13:45:00,long,1844.8,1844.097806252663,1851.1197437260312,1844.0178062526631,-813.0312102609296,242479.39012770235,-1.1139286704037643,0.6550898548222917,2.6915648382911956,0.5411611844185275,stop_loss,2,30,0.43,up,London+NY overlap,False,False,no_sweep,2022
2022-01-26 14:00:00,2022-01-26 16:00:00,long,1843.26,1842.553925049964,1849.6146745503245,1842.473925049964,-809.858674930994,241669.53145277136,-1.1133024192344485,6.897284770903487,4.008073080422155,6.897284770903487,stop_loss,8,120,0.46,up,London+NY overlap,False,False,no_sweep,2022
2022-01-28 14:45:00,2022-01-28 15:00:00,short,1788.48,1789.5740518180746,1778.6335336373293,1789.6540518180745,-778.0231651404242,240891.50828763095,-1.0731226790891106,3.500748261394286,2.0200140098385497,0.0,stop_loss,1,15,0.6,down,London+NY overlap,False,False,no_sweep,2022
2022-01-31 13:15:00,2022-01-31 13:45:00,short,1791.91,1792.731848085158,1784.5133672335785,1792.8118480851579,-793.0208127390451,240098.4874748919,-1.097341590793585,2.8959123261119233,2.165850395159205,2.8959123261119233,stop_loss,2,30,0.32,down,London+NY overlap,False,False,no_sweep,2022
2022-01-31 16:00:00,2022-01-31 16:30:00,short,1797.6100000000001,1798.7455953688793,1787.389641680088,1798.8255953688792,-771.0385691448051,239327.4489057471,-1.070447627907188,1.743578790704502,1.8228323721000883,1.743578790704502,stop_loss,2,30,0.68,down,London+NY overlap,False,False,no_sweep,2022
2022-02-02 14:30:00,2022-02-02 15:15:00,short,1804.46,1805.1806890892271,1797.9737981969565,1805.260689089227,-797.6818851117051,238529.7670206354,-1.1110048718591286,2.414355962938257,5.009094842647599,2.414355962938257,stop_loss,3,45,0.51,down,London+NY overlap,False,False,no_sweep,2022
2022-02-07 14:00:00,2022-02-07 15:00:00,short,1813.57,1814.2723722826302,1807.2486494563277,1814.35237228263,-797.0947156413699,237732.67230499402,-1.1138997109913646,2.3634190030727553,2.9186800941563047,2.3634190030727553,stop_loss,4,60,0.23,down,London+NY overlap,False,False,no_sweep,2022
2022-02-07 15:30:00,2022-02-07 18:15:00,short,1816.31,1817.1182166876085,1809.0360498115222,1817.1982166876085,-783.7927500204905,236948.87955497354,-1.09898335585799,5.753407559250735,1.8188191638922548,5.753407559250735,stop_loss,11,165,0.5,down,London+NY overlap,True,True,both,2022
2022-02-08 13:30:00,2022-02-08 15:45:00,long,1817.75,1817.044423669434,1824.1001869750942,1824.0501869750942,6347.246272581476,243296.12582755502,8.929135944853845,9.85010366550376,0.6944677404455972,7.4548986015178915,take_profit,9,135,0.45,up,London+NY overlap,False,False,no_sweep,2022
2022-02-09 13:15:00,2022-02-09 13:30:00,long,1826.28,1825.7649827028802,1830.9151556740785,1825.6849827028802,-843.2652883652838,242452.86053918974,-1.1553345886581288,0.9708411791141878,1.0290916498609861,0.0,stop_loss,1,15,0.39,up,London+NY overlap,False,False,no_sweep,2022
2022-02-10 14:30:00,2022-02-10 15:15:00,long,1831.12,1830.5861241357688,1835.9248827780793,1830.506124135769,-836.351496315376,241616.50904287436,-1.1498475682453873,2.959489472849378,2.2664444697131843,2.959489472849378,stop_loss,3,45,0.45,up,London+NY overlap,False,False,no_sweep,2022
2022-02-10 15:30:00,2022-02-10 15:45:00,long,1830.1,1829.533401484842,1835.1993866364205,1829.453401484842,-827.1935337204421,240789.3155091539,-1.141193451552957,3.7063281032687323,4.90647244146967,0.0,stop_loss,1,15,0.53,up,London+NY overlap,False,False,no_sweep,2022
2022-02-15 13:45:00,2022-02-15 14:00:00,long,1853.1,1851.6516860842253,1866.1348252419723,1851.5716860842253,-762.2691275440342,240027.04638160986,-1.0552366438854102,0.0828549658282721,1.6847176385064202,0.0,stop_loss,1,15,0.65,up,London+NY overlap,False,False,no_sweep,2022
2022-02-15 14:15:00,2022-02-15 14:30:00,long,1851.75,1850.2960201440515,1864.8358187035374,1850.2160201440515,-759.7010079455241,239267.34537366434,-1.0550213950163272,0.0,2.365919985704252,0.0,stop_loss,1,15,0.65,up,London+NY overlap,True,False,prev_day_sweep,2022
2022-02-15 14:45:00,2022-02-15 15:15:00,long,1849.1599999999999,1847.5719510425747,1863.4524406168255,1847.4919510425748,-753.9622329594674,238513.3831407049,-1.0503762806718748,2.1724771039766058,2.6888339808636093,2.1724771039766058,stop_loss,2,30,0.81,up,London+NY overlap,True,False,prev_day_sweep,2022
2022-02-16 14:45:00,2022-02-16 16:00:00,long,1852.21,1851.4386948436352,1859.1517464072833,1859.1017464072834,6393.476321729804,244906.8594624347,8.93517481429003,9.529302299287421,0.9464477113578336,8.868085405051154,take_profit,5,75,0.46,up,London+NY overlap,False,False,no_sweep,2022
2022-02-17 13:30:00,2022-02-17 14:00:00,long,1884.28,1882.7635154208265,1897.9283612125612,1882.6835154208266,-773.4797237674474,244133.37973866725,-1.05275358622079,1.5100714055714617,1.015506534751106,0.2307969397162559,stop_loss,2,30,0.88,up,London+NY overlap,False,False,no_sweep,2022
2022-02-21 14:15:00,2022-02-21 16:15:00,long,1893.85,1892.7486240190874,1903.7623838282125,1892.6686240190875,-785.5990577984485,243347.7806808688,-1.072636412438962,3.323115869085608,1.2438985630182564,3.323115869085608,stop_loss,8,120,0.26,up,London+NY overlap,False,False,no_sweep,2022
2022-02-25 13:30:00,2022-02-25 13:45:00,long,1903.77,1901.9314775984608,1920.3167016138525,1901.8514775984609,-761.8098667879457,242585.97081408085,-1.043513203827678,0.0,5.346684920330773,0.0,stop_loss,1,15,0.24,up,London+NY overlap,False,False,no_sweep,2022
2022-02-25 15:15:00,2022-02-25 15:45:00,long,1890.59,1888.0729007641387,1913.2438931227514,1887.9929007641388,-750.8879631632686,241835.0828509176,-1.0317826166168436,1.8155819742389065,1.7679080493134605,1.8155819742389065,stop_loss,2,30,0.4,up,London+NY overlap,False,False,no_sweep,2022
2022-03-01 15:00:00,2022-03-01 15:30:00,long,1916.4099999999999,1914.6951710490896,1931.843460558192,1914.6151710490897,-759.3514347005658,241075.73141621702,-1.0466518832432017,3.2831262832433588,1.7144567091891156,3.2831262832433588,stop_loss,2,30,0.68,up,London+NY overlap,False,False,no_sweep,2022
2022-03-03 16:00:00,2022-03-03 18:15:00,long,1926.18,1924.3508122650328,1942.6426896147048,1924.2708122650329,-754.8577231625545,240320.87369305445,-1.0437352593561748,3.2528099146184863,1.5799362442433074,3.2528099146184863,stop_loss,9,135,0.61,up,London+NY overlap,False,False,no_sweep,2022
2022-03-04 15:15:00,2022-03-04 16:30:00,long,1942.8799999999999,1941.2948087120867,1957.1467215912194,1957.0967215912194,6465.923033838784,246786.79672689323,8.96845806535761,10.333137789044722,0.3469612810728992,5.109793412165024,take_profit,5,75,0.61,up,London+NY overlap,False,False,no_sweep,2022
