entry_time,exit_time,direction,entry_price,exit_price,stop_price,take_profit,size_oz,pnl,r_multiple,exit_reason,bars_held
2012-05-17 14:15:00,2012-05-17 14:45:00,short,1548.41,1550.889631396598,1550.809631396598,1544.5705897654434,8.33461340285646,-20.666769072227908,-1.0333384536113954,stop_loss,2
2012-05-17 15:00:00,2012-05-17 15:30:00,short,1557.05,1552.2620348814426,1560.0737281990982,1552.2120348814426,6.6006813931911825,31.60383226931021,1.5834641222002777,take_profit,2
2012-05-18 08:15:00,2012-05-18 09:15:00,long,1569.49,1572.2168246596652,1567.7544845877094,1572.2668246596652,11.536557949645774,31.458170704750994,1.5711901146796616,take_profit,4
2012-05-18 15:30:00,2012-05-18 15:45:00,long,1588.28,1585.2163145943318,1585.2963145943318,1593.053896649069,6.731537590943028,-20.623313475078614,-1.026812478235121,stop_loss,1
2012-05-21 10:45:00,2012-05-21 11:45:00,long,1594.49,1592.3545634078255,1592.4345634078254,1597.7786985474795,9.751477577641028,-20.823662047064083,-1.0389211714457653,stop_loss,4
2012-05-21 12:00:00,2012-05-21 12:30:00,long,1592.03,1589.8474085414218,1589.9274085414218,1595.394146333725,9.512973352552644,-20.762934384962897,-1.0380482854496247,stop_loss,2
2012-05-21 12:45:00,2012-05-21 14:30:00,long,1590.37,1593.7552264924175,1588.222983442239,1593.8052264924174,9.29679399808895,31.47175333687953,1.5767118703304028,take_profit,7
2012-05-21 15:15:00,2012-05-21 15:45:00,long,1589.1699999999998,1586.8114232994856,1586.8914232994855,1592.8157227208228,8.787641052479513,-20.72632543886094,-1.0351096366349521,stop_loss,2
2012-05-22 10:15:00,2012-05-22 10:30:00,long,1587.0,1585.479121225081,1585.5591212250808,1589.3054060398706,13.867829724194962,-21.09128788172008,-1.0555216728793966,stop_loss,1
2012-05-22 10:45:00,2012-05-22 11:30:00,long,1582.1599999999999,1580.295313709381,1580.3753137093809,1585.0154980649904,11.172652041332297,-20.833491091327826,-1.0448258051963746,stop_loss,3
2012-05-22 11:45:00,2012-05-22 12:00:00,long,1577.9199999999998,1575.683948741504,1575.763948741504,1581.369682013593,9.228914139880516,-20.63632507702917,-1.0371048692301217,stop_loss,1
2012-05-22 12:15:00,2012-05-22 13:15:00,long,1576.6499999999999,1574.1869251903786,1574.2669251903785,1580.462919695394,8.332402833312823,-20.52333152234976,-1.0335700749623713,stop_loss,4
2012-05-22 15:45:00,2012-05-22 16:00:00,long,1576.9099999999999,1580.828987447544,1574.4293828452849,1580.878987447544,7.988210754318253,31.305697674510565,1.579843725620948,take_profit,1
2012-05-23 08:30:00,2012-05-23 09:15:00,long,1557.98,1555.8052554070753,1555.8852554070752,1561.3315913486797,9.489607513550952,-20.637472629073045,-1.0381908134624784,stop_loss,3
2012-05-23 09:30:00,2012-05-23 09:45:00,long,1555.56,1559.0554227537912,1553.3441107788803,1559.1054227537911,8.952175448874062,31.291637759925504,1.5774356951044362,take_profit,1
2012-05-23 11:15:00,2012-05-23 11:30:00,long,1554.82,1552.0309671198147,1552.1109671198146,1559.1544526082962,7.345651839002478,-20.487264505371027,-1.029530833894661,stop_loss,1
2012-05-23 15:30:00,2012-05-23 16:00:00,long,1559.34,1563.8505570630325,1556.4896518356047,1563.9005570630325,6.967091977500342,31.425465927911883,1.5824582832987575,take_profit,2
2012-05-24 10:00:00,2012-05-24 10:15:00,short,1561.16,1557.691542839743,1563.3590357251608,1557.6415428397431,9.059192869474998,31.421422374279743,1.5772627613876362,take_profit,1
2012-05-24 12:30:00,2012-05-24 13:00:00,short,1558.54,1561.2388516185208,1561.1588516185209,1554.3498374103665,7.630952232846162,-20.594807784472145,-1.0305477406333963,stop_loss,2
2012-05-24 13:15:00,2012-05-24 13:30:00,short,1561.41,1564.0574624657036,1563.9774624657036,1557.3020600548746,7.767646949732948,-20.564553746254138,-1.031159170219069,stop_loss,1
2012-05-24 15:45:00,2012-05-24 16:00:00,short,1571.97,1575.6206051461015,1575.5406051461016,1566.2570317662376,5.573848708674163,-20.347920779477086,-1.022405165714633,stop_loss,1
2012-05-25 10:00:00,2012-05-25 10:15:00,short,1561.1000000000001,1563.1274481178982,1563.0474481178983,1557.984083011363,10.198637313460567,-20.677208026300708,-1.0410793998898773,stop_loss,1
2012-05-25 10:30:00,2012-05-25 11:00:00,short,1563.31,1565.5655547547183,1565.4855547547184,1559.8291123924507,9.11030282376755,-20.548786851072744,-1.036772230083578,stop_loss,2
2012-05-25 11:15:00,2012-05-25 11:45:00,short,1566.01,1562.229723734043,1568.403922666223,1562.1797237340431,8.262115284899986,31.233078318107147,1.5791137781076106,take_profit,2
2012-05-28 11:00:00,2012-05-28 11:15:00,long,1578.9099999999999,1576.7441390186793,1576.8241390186793,1582.2473775701128,9.512297984280908,-20.602315046847853,-1.0383534668495873,stop_loss,1
2012-05-28 15:30:00,2012-05-28 16:15:00,long,1577.4099999999999,1575.2953426189367,1575.3753426189367,1580.6654518097007,9.731430344142726,-20.578641005543087,-1.0393186591238885,stop_loss,3
2012-05-29 11:45:00,2012-05-29 13:30:00,long,1574.35,1572.365578355853,1572.4455783558528,1577.3970746306352,10.37531229322413,-20.588994279458465,-1.042007504087025,stop_loss,7
2012-05-30 14:30:00,2012-05-30 14:45:00,short,1553.32,1556.040791077638,1555.960791077638,1549.0947342757788,7.466622965523453,-20.315121144683708,-1.0302939527012782,stop_loss,1
2012-05-31 11:45:00,2012-05-31 12:00:00,short,1565.7,1567.8053161779285,1567.7253161779286,1562.4594941153146,9.715599608392361,-20.45440903382369,-1.0395000054173027,stop_loss,1
2012-05-31 12:15:00,2012-05-31 12:30:00,short,1567.91,1570.040043030969,1569.960043030969,1564.62993115045,9.578458574015611,-20.40252893300591,-1.0390235711111468,stop_loss,1
2012-05-31 12:45:00,2012-05-31 13:00:00,short,1570.07,1566.625981451153,1572.2537615930294,1566.575981451153,8.97325388072033,30.904052808714123,1.577103727733059,take_profit,1
2012-06-01 07:45:00,2012-06-01 08:15:00,short,1556.97,1558.9439240811732,1558.8639240811733,1553.9397214701228,10.379114712274607,-20.487584471817986,-1.0422403415190578,stop_loss,2
2012-06-01 15:45:00,2012-06-01 16:15:00,short,1582.52,1587.3673772996904,1587.2873772996904,1574.892196320495,4.114690089069904,-19.945455333018437,-1.0167807150495771,stop_loss,2
2012-06-04 10:00:00,2012-06-04 10:15:00,long,1622.09,1619.4458265959006,1619.5258265959005,1626.192677446559,7.634580868801603,-20.187155684730676,-1.0311991380427041,stop_loss,1
2012-06-04 11:00:00,2012-06-04 13:00:00,long,1617.2,1621.9775692042685,1614.1827692473323,1622.0275692042685,6.474816315120939,30.93388303041706,1.5834285130642873,take_profit,8
2012-06-04 15:15:00,2012-06-04 15:30:00,long,1619.44,1616.254457417293,1616.334457417293,1624.4088681323317,6.310614698715488,-20.102731845815256,-1.0257603938343651,stop_loss,1
2012-06-04 15:45:00,2012-06-04 17:30:00,long,1617.02,1613.6556801200127,1613.7356801200126,1622.2749118079798,5.954863691992755,-20.034066301585835,-1.0243581633102787,stop_loss,7
2012-06-05 10:30:00,2012-06-05 11:45:00,long,1613.31,1616.0715308146844,1611.5527932408222,1616.1215308146843,11.107178464733844,30.672815594561698,1.5715457502432146,take_profit,5
2012-06-07 11:45:00,2012-06-07 12:45:00,long,1619.94,1617.7665619461238,1617.8465619461238,1623.2895008862022,9.352535972373095,-20.32715758260197,-1.0382146487935462,stop_loss,4
2012-06-07 13:15:00,2012-06-07 13:30:00,long,1617.73,1615.2426002054588,1615.3226002054587,1621.5818396712664,8.115935057380073,-20.18757519423741,-1.033230874315651,stop_loss,1
2012-06-07 13:45:00,2012-06-07 14:00:00,long,1613.78,1617.612290328796,1611.3535685445024,1617.662290328796,8.035638177655008,30.794898473931475,1.579393607065734,take_profit,1
2012-06-08 09:30:00,2012-06-08 10:00:00,long,1567.37,1572.492490151669,1564.1371936552068,1572.542490151669,6.050320665730762,30.99270802464602,1.5845335616591123,take_profit,2
2012-06-08 16:00:00,2012-06-08 17:30:00,long,1575.11,1581.5247785350264,1571.0695134156085,1581.5747785350263,4.856222151078346,31.151589616057453,1.587625252811659,take_profit,6
2012-06-11 12:15:00,2012-06-11 12:30:00,long,1593.95,1591.5250769137958,1591.6050769137958,1597.7018769379267,8.394221434081418,-20.3553413462143,-1.034116257573899,stop_loss,1
2012-06-11 12:45:00,2012-06-11 14:45:00,long,1589.1699999999998,1593.3009959311714,1586.5568775430177,1593.3509959311714,7.517096221920343,31.053093906978216,1.5808658029529727,take_profit,8
2012-06-12 16:00:00,2012-06-12 16:15:00,short,1599.94,1603.0709044682624,1602.9909044682624,1595.0585528507802,6.458805689131531,-20.221903591739974,-1.0262217322214258,stop_loss,1
2012-06-13 14:00:00,2012-06-13 14:30:00,long,1610.2,1608.163282666297,1608.2432826662969,1613.3307477339251,10.049870254999963,-20.46874494982571,-1.0408848016123635,stop_loss,2
2012-06-14 09:30:00,2012-06-14 09:45:00,long,1620.47,1618.7428241531245,1618.8228241531244,1623.105481355001,11.913614370165584,-20.576906989139168,-1.048567977821963,stop_loss,1
2012-06-14 10:00:00,2012-06-14 10:15:00,long,1618.1399999999999,1620.8481446377305,1616.4161596014183,1620.8981446377304,11.359905500335897,30.764267165860822,1.5709949946403738,take_profit,1
2012-06-15 15:15:00,2012-06-15 15:30:00,long,1622.11,1624.7404675254463,1620.434707796596,1624.7904675254463,11.725830586429854,30.844416566490082,1.5701544602797424,take_profit,1
2012-06-18 08:45:00,2012-06-18 09:45:00,long,1621.93,1619.7124215138365,1619.7924215138364,1625.350125577862,9.218787296264257,-20.443384376713684,-1.0374255263690948,stop_loss,4
2012-06-18 10:00:00,2012-06-18 10:15:00,long,1619.54,1617.5289780878816,1617.6089780878815,1622.6296350593893,10.183724224385367,-20.479692562209873,-1.0414288411218293,stop_loss,1
2012-06-18 10:30:00,2012-06-18 11:45:00,long,1618.08,1621.1969608420245,1616.1006494737346,1621.2469608420245,9.914380994538918,30.902737332890542,1.574739188771051,take_profit,5
2012-06-18 14:15:00,2012-06-18 14:45:00,long,1619.87,1623.6224911479453,1617.493443032534,1623.6724911479453,8.283344764418814,31.083177903861642,1.5789611607529757,take_profit,2
2012-06-19 11:15:00,2012-06-19 11:45:00,long,1627.82,1630.199432657051,1626.301604589343,1630.2494326570509,13.005839540219007,30.94651933436206,1.5670705011032278,take_profit,2
2012-06-19 15:30:00,2012-06-19 15:45:00,long,1629.61,1627.7853984865392,1627.865398486539,1632.401362421537,11.354971295984026,-20.71829781195549,-1.0458557437802687,stop_loss,1
2012-06-20 10:45:00,2012-06-20 13:00:00,long,1617.19,1615.727519933802,1615.8075199338018,1619.4019681059174,14.299275625012145,-20.912405562653614,-1.0578670188134602,stop_loss,9
2012-06-20 13:15:00,2012-06-20 13:45:00,long,1614.12,1612.2095367528252,1612.2895367528251,1617.0487411954794,10.776855930855593,-20.588787175996035,-1.0437047835423106,stop_loss,2
2012-06-20 14:15:00,2012-06-20 15:00:00,long,1611.78,1609.6648664409997,1609.7448664409997,1615.0362136944004,9.672810435520578,-20.45928596201732,-1.0393094593945098,stop_loss,3
2012-06-20 15:15:00,2012-06-20 15:30:00,long,1607.94,1605.5752012292116,1605.6552012292116,1611.5956780332615,8.597931164184326,-20.332377048386466,-1.0350140244395873,stop_loss,1
2012-06-21 12:30:00,2012-06-21 13:00:00,short,1598.8300000000002,1600.9494321440034,1600.8694321440034,1595.566908569595,9.612419740857037,-20.372871380423437,-1.0392266054230626,stop_loss,2
2012-06-22 11:15:00,2012-06-22 12:00:00,short,1567.96,1570.1267529932622,1570.0467529932623,1564.6211952107803,9.374915057776498,-20.31312526301617,-1.0383370721202902,stop_loss,3
2012-06-22 12:15:00,2012-06-22 13:45:00,short,1571.31,1568.0016121515798,1573.4089924052626,1567.9516121515799,9.300893971279626,30.770964594025514,1.5761790467299048,take_profit,6
2012-06-22 14:45:00,2012-06-22 15:45:00,short,1570.14,1567.199701621751,1572.0089364864057,1567.149701621751,10.47871229413564,30.810540764585443,1.5732468169124219,take_profit,4
2012-06-25 15:45:00,2012-06-25 17:00:00,short,1571.51,1573.5438485653817,1573.4638485653818,1568.383842295389,10.054857457567051,-20.45005741519055,-1.0409448313535468,stop_loss,5
2012-06-26 10:30:00,2012-06-26 10:45:00,short,1584.01,1585.4305998016043,1585.3505998016044,1581.8650403174329,14.623878565618769,-20.774678989003977,-1.0596747813211551,stop_loss,1
2012-06-26 11:00:00,2012-06-26 11:45:00,short,1585.51,1583.2255398655416,1586.9690375840364,1583.1755398655416,13.408303911991041,30.630735757646324,1.5657308348003354,take_profit,3
2012-06-27 15:00:00,2012-06-27 15:15:00,short,1571.31,1568.161955079773,1573.3087780751418,1568.111955079773,9.818238983784939,30.908257358478817,1.5749847166016688,take_profit,1
2012-06-28 13:45:00,2012-06-28 14:00:00,short,1570.1000000000001,1567.2077033184764,1571.9389354259524,1567.1577033184765,10.705268414640116,30.962812310484125,1.5728103557665372,take_profit,1
2012-06-29 08:45:00,2012-06-29 09:00:00,short,1568.74,1571.4641333830193,1571.3841333830194,1564.5093865871688,7.468693933314334,-20.345718471295353,-1.0302556597612236,stop_loss,1
2012-06-29 10:30:00,2012-06-29 13:30:00,short,1571.1000000000001,1571.75,1573.9410044135775,1566.5543929382764,6.936818339846441,-4.508931920899241,-0.22879232319860768,time_stop,12
2012-06-29 14:00:00,2012-06-29 14:15:00,short,1577.3700000000001,1580.1683016368877,1580.0883016368878,1573.0207173809797,7.246625388638042,-20.27824368693687,-1.0294301408329078,stop_loss,1
2012-06-29 14:30:00,2012-06-29 14:45:00,short,1583.3600000000001,1578.8021389662529,1586.239913146092,1578.752138966253,6.825885424756218,31.11143719831972,1.5826383653036122,take_profit,1
2012-06-29 15:30:00,2012-06-29 15:45:00,short,1586.6100000000001,1590.1962905915643,1590.1162905915644,1580.9999350534972,5.624228662140446,-20.170118335839952,-1.0228161351464702,stop_loss,1
2012-07-02 12:15:00,2012-07-02 12:45:00,short,1596.24,1593.6554686241427,1597.8865821099107,1593.6054686241428,11.951933455213357,30.89014701715742,1.5696340682320848,take_profit,2
2012-07-04 10:30:00,2012-07-04 10:45:00,long,1614.4199999999998,1612.85257007609,1612.9325700760899,1616.7998878782557,13.272302636172093,-20.803404311124556,-1.0537840463701524,stop_loss,1
2012-07-04 13:15:00,2012-07-04 16:15:00,long,1615.07,1616.1200000000001,1613.3472525364837,1617.8263959416258,11.435229892256029,12.00699138687091,0.6094915373475834,time_stop,12
2012-07-05 08:45:00,2012-07-05 09:15:00,long,1614.45,1616.2846425777789,1613.2720983888883,1616.3346425777788,16.74505500995641,30.721190888514617,1.557551632896697,take_profit,2
2012-07-06 07:15:00,2012-07-06 07:30:00,long,1604.09,1602.77767772983,1602.85767772983,1606.061715632272,16.05543463353186,-21.069904426841664,-1.0649180834725078,stop_loss,1
2012-07-06 08:00:00,2012-07-06 08:30:00,long,1603.11,1605.070660074381,1601.8533374535118,1605.120660074381,15.710924068264777,30.80378155228088,1.5602120711407335,take_profit,2
2012-07-06 10:00:00,2012-07-06 10:15:00,long,1602.3899999999999,1600.8144145201056,1600.8944145201056,1604.7829367678307,13.242263766702687,-20.864318511746408,-1.053490757349142,stop_loss,1
2012-07-06 11:45:00,2012-07-06 12:00:00,long,1600.03,1598.1315374128908,1598.2115374128907,1602.939540139375,10.868086543812023,-20.63265569689183,-1.0439932064409971,stop_loss,1
2012-07-06 12:15:00,2012-07-06 13:45:00,long,1593.86,1591.199795014176,1591.279795014176,1597.988327977318,7.643556837673602,-20.33342800900721,-1.0310052885098127,stop_loss,6
2012-07-06 16:00:00,2012-07-06 19:00:00,long,1588.27,1584.1849525690607,1584.2649525690606,1594.6780758895031,4.9141182333912115,-20.074406064646798,-1.0199747946508495,stop_loss,12
2012-07-09 13:30:00,2012-07-09 13:45:00,short,1584.07,1585.5805829406117,1585.5005829406118,1581.7810672950209,13.72945757723472,-20.739484400024345,-1.0559212595990484,stop_loss,1
2012-07-10 11:45:00,2012-07-10 12:00:00,short,1587.8600000000001,1589.4451557117018,1589.3651557117018,1585.4517508612773,13.021675214511392,-20.641382842206482,-1.0531506470579577,stop_loss,1
2012-07-10 12:15:00,2012-07-10 12:30:00,short,1589.8300000000002,1591.505925077947,1591.425925077947,1587.2765198752852,12.255190628699514,-20.53878130965718,-1.0501276664584038,stop_loss,1
2012-07-10 12:45:00,2012-07-10 13:45:00,short,1593.23,1595.0905680519031,1595.0105680519032,1590.3810911169548,10.961270744963434,-20.39419015633907,-1.0449294818664294,stop_loss,4
2012-07-10 14:00:00,2012-07-10 14:30:00,short,1596.1100000000001,1593.235743072246,1597.9376605798466,1593.185743072246,10.656519230756953,30.629574224749366,1.5726426227323393,take_profit,2
2012-07-11 08:45:00,2012-07-11 10:15:00,short,1576.5800000000002,1578.05914419086,1577.97914419086,1574.3413692946242,13.964078464901682,-20.654885542070733,-1.0571778094942148,stop_loss,6
2012-07-11 10:30:00,2012-07-11 10:45:00,short,1579.47,1581.1796064813066,1581.0996064813066,1576.8626296299096,11.963900314242322,-20.453561518933984,-1.049091606420087,stop_loss,1
2012-07-11 14:00:00,2012-07-11 15:00:00,short,1578.52,1575.3951643141065,1580.5042723036834,1575.3451643141066,9.804875235441472,30.638624031440536,1.5748018455394757,take_profit,4
2012-07-13 11:00:00,2012-07-13 12:00:00,short,1576.8,1578.7465825815605,1578.6665825815605,1573.8134678695028,10.455910074175884,-20.353292424753793,-1.0428590734694645,stop_loss,4
2012-07-13 12:15:00,2012-07-13 13:00:00,short,1579.53,1581.4751286972232,1581.3951286972233,1576.5457940844428,10.442235467700247,-20.311491871386234,-1.042892482496798,stop_loss,3
2012-07-13 13:45:00,2012-07-13 14:00:00,short,1582.75,1584.718898876626,1584.6388988766262,1579.7277617973982,10.289322679328716,-20.258635864573755,-1.0423527172311196,stop_loss,1
2012-07-16 13:30:00,2012-07-16 15:00:00,short,1585.75,1583.25414680249,1587.3411582484437,1583.20414680249,12.189216752934282,30.422495607954545,1.5685763499333403,take_profit,6
2012-07-17 08:00:00,2012-07-17 09:15:00,long,1592.32,1590.9623822775043,1591.0423822775042,1594.364188355993,15.228199661874942,-20.674073742663854,-1.0626165390408433,stop_loss,5
2012-07-17 09:30:00,2012-07-17 10:15:00,long,1592.02,1594.0522215342887,1590.7186115410695,1594.1022215342887,14.918274008811895,30.317237695127506,1.5615794963780085,take_profit,3
2012-07-17 14:30:00,2012-07-17 15:00:00,long,1592.93,1591.2605335722133,1591.3405335722132,1595.473146284459,12.252604872401395,-20.455312487411117,-1.050331355605489,stop_loss,2
2012-07-17 15:15:00,2012-07-17 15:30:00,long,1591.19,1589.4982078200264,1589.5782078200264,1593.768867487958,12.057505746778283,-20.398793932386454,-1.0496341904334299,stop_loss,1
2012-07-18 07:15:00,2012-07-18 07:30:00,long,1578.51,1580.6603966779326,1577.1347520762922,1580.7103966779325,14.101745256589226,30.32434615282094,1.5636429191144972,take_profit,1
2012-07-18 10:15:00,2012-07-18 10:30:00,short,1582.26,1583.8586115650428,1583.7786115650429,1579.8302214959313,12.810415135049166,-20.478877787888944,-1.0526796989048801,stop_loss,1
2012-07-18 11:45:00,2012-07-18 12:00:00,short,1584.22,1581.7214397891921,1585.8128501317549,1581.6714397891922,12.187641784053207,30.451556825215263,1.5686097273038624,take_profit,1
2012-07-19 10:30:00,2012-07-19 10:45:00,short,1581.8600000000001,1579.5034625536466,1583.364085903971,1579.4534625536467,12.947392089605763,30.511014291777247,1.5667572178770173,take_profit,1
2012-07-19 13:00:00,2012-07-19 13:15:00,short,1582.3300000000002,1584.3341281361122,1584.2541281361123,1579.2513949822207,10.152656466640702,-20.347224481074665,-1.0415772725830903,stop_loss,1
2012-07-19 13:30:00,2012-07-19 14:00:00,short,1584.46,1586.4746819132802,1586.3946819132802,1581.3645089387514,10.076239086625826,-20.300416641711333,-1.0413504666843605,stop_loss,2
2012-07-19 14:15:00,2012-07-19 14:30:00,short,1587.6200000000001,1589.650920613512,1589.570920613512,1584.498527018381,9.971557298007736,-20.251441265338467,-1.0410062815707894,stop_loss,1
2012-07-19 14:45:00,2012-07-19 15:00:00,short,1589.3400000000001,1586.131178908706,1591.376763182059,1586.081178908706,9.531404519667415,30.584571852364828,1.5754512451715161,take_profit,1
2012-07-20 10:45:00,2012-07-20 11:00:00,short,1584.98,1586.4296996114056,1586.3496996114056,1582.788480621751,14.217995522892425,-20.611822584502985,-1.0584069669975513,stop_loss,1
2012-07-20 11:15:00,2012-07-20 12:15:00,short,1585.8600000000001,1583.581516454469,1587.315302215957,1583.531516454469,13.353349623484425,30.425387394833393,1.565642875100696,take_profit,4
2012-07-24 08:00:00,2012-07-24 10:00:00,short,1577.43,1575.488955436608,1578.6744028521202,1575.438955436608,15.665353096129607,30.407148460859933,1.5598200856619755,take_profit,8
2012-07-24 15:45:00,2012-07-24 16:00:00,short,1576.31,1578.1024637538733,1578.0224637538734,1573.5700579938027,11.419117236778943,-20.46835374815649,-1.0467163172469933,stop_loss,1
2012-07-25 13:45:00,2012-07-25 14:00:00,short,1591.14,1593.1511179015242,1593.0711179015243,1588.0502113575612,10.104969585915322,-20.322285228591184,-1.041426781832836,stop_loss,1
2012-07-25 14:15:00,2012-07-25 15:15:00,short,1593.0800000000002,1595.0740761497839,1594.994076149784,1590.0174781603462,10.173703430483219,-20.28713936569943,-1.0417956203095493,stop_loss,4
2012-07-27 15:45:00,2012-07-27 16:00:00,long,1619.1299999999999,1623.515957356436,1616.3575266522273,1623.565957356436,7.009145400132506,30.741812830041873,1.5819655615300594,take_profit,1
2012-07-30 09:15:00,2012-07-30 10:15:00,long,1618.3799999999999,1620.3801613997857,1617.0986491251338,1620.4301613997857,15.21375044148388,30.429956379030816,1.5609786819670461,take_profit,4
2012-07-30 11:45:00,2012-07-30 12:45:00,long,1617.82,1620.099836996044,1616.3638518774726,1620.1498369960439,13.42927415722512,30.616556053659014,1.5656628338654237,take_profit,4
2012-07-31 10:30:00,2012-07-31 11:00:00,long,1620.6599999999999,1622.4613827942044,1619.502885753622,1622.5113827942043,16.952730056224166,30.538356238076176,1.5567890550508683,take_profit,2
2012-07-31 14:15:00,2012-07-31 15:15:00,long,1623.46,1625.8126631871469,1621.9583355080333,1625.8626631871468,13.103674143456939,30.82853177367911,1.5667036143776536,take_profit,4
2012-08-01 11:30:00,2012-08-01 11:45:00,long,1615.36,1614.1469429042786,1614.2269429042785,1617.1728913531542,17.42099256393793,-21.13265864419285,-1.070605444599413,stop_loss,1
2012-08-01 13:00:00,2012-08-01 15:15:00,long,1613.55,1612.1278668025304,1612.2078668025304,1615.6974131159513,14.675677465490113,-20.870768119028842,-1.0596066024972457,stop_loss,9
2012-08-01 15:30:00,2012-08-01 15:45:00,long,1608.44,1606.4192425838116,1606.4992425838116,1611.5452118659016,10.12747508864535,-20.465170392643532,-1.0412210198619472,stop_loss,1
2012-08-01 16:00:00,2012-08-01 16:15:00,long,1605.6,1603.3907754931845,1603.4707754931844,1609.0067592109049,9.2118242965851,-20.350987988493493,-1.0375723648416844,stop_loss,1
2012-08-02 07:15:00,2012-08-02 10:00:00,long,1601.22,1599.7259256815237,1599.8059256815236,1603.4825189095623,13.841804361371489,-20.680684417699084,-1.056574112799193,stop_loss,11
2012-08-02 14:00:00,2012-08-02 14:30:00,long,1602.37,1600.6948861328694,1600.7748861328694,1604.9221821874087,12.244880508180518,-20.511569140608525,-1.050153159375287,stop_loss,2
2012-08-02 14:45:00,2012-08-02 15:00:00,long,1599.1,1602.0352275020907,1597.2342328111931,1602.0852275020907,10.446617176357794,30.663198039859648,1.5732013724434601,take_profit,1
2012-08-03 12:30:00,2012-08-03 13:45:00,short,1595.0800000000002,1596.330070036813,1596.250070036813,1593.2078879410997,16.71035181023197,-20.889110102570818,-1.0683719755937349,stop_loss,5
2012-08-06 09:15:00,2012-08-06 09:45:00,short,1607.3300000000002,1605.3772507141073,1608.5817183036831,1605.3272507141073,15.586976462788492,30.437457156939328,1.56005491023596,take_profit,2
2012-08-06 11:45:00,2012-08-06 14:45:00,short,1609.1100000000001,1609.58,1610.7070401297933,1606.554735792331,12.254782010015411,-5.7597475447047914,-0.29429442080498264,time_stop,12
2012-08-07 12:30:00,2012-08-07 12:45:00,long,1613.33,1611.9584083428201,1612.03840834282,1615.3965466514878,15.143996206572519,-20.7713788532975,-1.0619390807885853,stop_loss,1
2012-08-08 09:30:00,2012-08-08 09:45:00,long,1607.87,1606.8311782473127,1606.9111782473126,1609.4041148042995,20.356564027007124,-21.14684152122529,-1.0834357374305603,stop_loss,1
2012-08-08 10:00:00,2012-08-08 10:45:00,long,1607.02,1608.6433132751358,1605.97417920304,1608.6933132751358,18.622715069958947,30.230500592136668,1.5521906619704622,take_profit,3
2012-08-08 12:30:00,2012-08-08 13:15:00,long,1607.7,1606.341146110024,1606.421146110024,1609.7461662239618,15.276556509183163,-20.758608237941566,-1.0625560125570128,stop_loss,3
2012-08-08 15:15:00,2012-08-08 15:30:00,long,1603.93,1606.1906139325677,1602.4858662921454,1606.2406139325676,13.499419336795754,30.51697543433287,1.5653771671362857,take_profit,1
2012-08-09 07:30:00,2012-08-09 08:00:00,long,1614.45,1616.1973022694092,1613.3266860816193,1616.2473022694091,17.409203368360952,30.419140554142455,1.5554888449418303,take_profit,2
2012-08-09 11:00:00,2012-08-09 12:30:00,long,1614.51,1613.1497936652818,1613.2297936652817,1616.5583301355493,15.323185177822012,-20.84269354693374,-1.062489926686335,stop_loss,6
2012-08-09 14:45:00,2012-08-09 15:00:00,long,1610.97,1609.4823034607473,1609.5623034607472,1613.2223144628047,13.90580483774258,-20.68761773263362,-1.0568304302590603,stop_loss,1
2012-08-09 15:15:00,2012-08-09 15:30:00,long,1610.7,1612.9396384908875,1609.2689759431953,1612.9896384908875,13.650209454735416,30.57153450350192,1.565059986404608,take_profit,1
2012-08-10 08:15:00,2012-08-10 09:15:00,long,1611.69,1613.3154427823836,1610.6428482610104,1613.3654427823835,18.71259001877118,30.416244385713433,1.5522514281949278,take_profit,4
2012-08-10 10:30:00,2012-08-10 11:00:00,long,1608.05,1610.3913899056874,1606.5553813089452,1610.4413899056874,13.151015563747475,30.791655090497446,1.5665466514641524,take_profit,2
2012-08-13 09:30:00,2012-08-13 09:45:00,long,1622.1299999999999,1623.7623118599302,1621.0785550875435,1623.81231185993,18.752610569055047,30.610108636522263,1.5524463912396624,take_profit,1
2012-08-13 10:45:00,2012-08-13 11:30:00,long,1621.1499999999999,1623.1392360501,1619.8754774686872,1623.1892360501,15.518405292539104,30.869771247982808,1.5607696225278644,take_profit,3
2012-08-13 15:00:00,2012-08-13 15:45:00,long,1621.9199999999998,1620.290926894395,1620.3709268943949,1624.398516968968,12.807850492072133,-20.86492477724323,-1.0516437860230514,stop_loss,3
2012-08-13 16:00:00,2012-08-13 16:30:00,long,1619.87,1618.2047309202107,1618.2847309202107,1622.4064305276627,12.489089165201174,-20.79769402153909,-1.0504646189217066,stop_loss,2
2012-08-14 11:45:00,2012-08-14 12:30:00,long,1613.8899999999999,1612.6910497499568,1612.7710497499568,1615.6803204000687,17.656702341788513,-21.169507687622623,-1.0714955825755845,stop_loss,3
2012-08-14 13:00:00,2012-08-14 13:45:00,long,1612.61,1611.3195648294065,1611.3995648294065,1614.5466962729492,16.287227076556515,-21.017610651028917,-1.0660919328382588,stop_loss,3
2012-08-15 15:45:00,2012-08-15 16:00:00,short,1598.16,1600.390065248623,1600.310065248623,1594.7198956022037,9.149767559939615,-20.404578668398027,-1.0372081731245906,stop_loss,1
2012-08-16 11:45:00,2012-08-16 12:00:00,short,1603.52,1604.7174420832025,1604.6374420832026,1601.732092666876,17.56850614575187,-21.037268597925596,-1.0715920773009069,stop_loss,1
2012-08-16 14:30:00,2012-08-16 15:15:00,short,1604.06,1602.3934974881008,1605.132814069937,1602.3434974881009,18.260119920146124,30.43053571450277,1.553393601555659,take_profit,3
2012-08-17 14:30:00,2012-08-17 15:15:00,long,1613.6699999999998,1615.8184474083855,1612.2959703697588,1615.8684474083855,14.301419858793782,30.72584843186077,1.5636106828415453,take_profit,3
2012-08-20 11:45:00,2012-08-20 12:15:00,long,1617.1699999999998,1616.0890352402798,1616.1690352402798,1618.771543615552,19.69302729785997,-21.287468521190963,-1.0799228936114578,stop_loss,2
2012-08-20 12:30:00,2012-08-20 12:45:00,long,1615.79,1614.6422814952243,1614.7222814952243,1617.4983496076413,18.421944840651644,-21.143206987572007,-1.0749261154902734,stop_loss,1
2012-08-20 15:30:00,2012-08-20 16:00:00,long,1612.51,1614.5180283821858,1611.2237322611338,1614.5680283821857,15.259004321796297,30.640513762062515,1.5611278441577292,take_profit,2
2012-08-21 14:15:00,2012-08-21 15:00:00,long,1624.54,1626.3518891809879,1623.3763192618826,1626.4018891809878,16.91911309430345,30.655557967479453,1.557032888521679,take_profit,3
2012-08-22 10:15:00,2012-08-22 10:45:00,long,1638.2,1639.5940422666486,1637.2974735833448,1639.6440422666485,21.882746881799385,30.50547406359927,1.5445999595388558,take_profit,2
2012-08-22 14:00:00,2012-08-22 14:15:00,long,1638.49,1636.9424204137863,1637.0224204137862,1640.838127337942,13.498939521939118,-20.8906832396865,-1.0545115241118332,stop_loss,1
2012-08-22 14:30:00,2012-08-22 14:45:00,long,1636.6399999999999,1638.9478036740418,1635.1663727037237,1638.9978036740417,13.415187653899295,30.95961935563042,1.5660701181863939,take_profit,1
2012-08-23 11:30:00,2012-08-23 14:00:00,long,1662.1499999999999,1660.2901706928233,1660.3701706928232,1664.9977268914824,11.142026861902767,-20.722268099115652,-1.044948130518668,stop_loss,10
2012-08-23 14:15:00,2012-08-23 14:30:00,long,1659.86,1658.1535372575497,1658.2335372575496,1662.4623403879204,12.167177825514335,-20.76283564000627,-1.049186494047449,stop_loss,1
2012-08-24 13:30:00,2012-08-24 14:15:00,long,1666.6499999999999,1665.058319844937,1665.1383198449369,1669.0686882481004,13.063567499080476,-20.793021142611483,-1.0529212477467451,stop_loss,3
2012-08-24 14:45:00,2012-08-24 15:00:00,long,1663.35,1665.9361427375907,1661.7024107890056,1665.9861427375906,11.96071785910059,30.932123627685122,1.569652629632166,take_profit,1
2012-08-27 09:15:00,2012-08-27 09:45:00,long,1674.03,1672.6974808918726,1672.7774808918725,1676.0340305730037,15.782764366134302,-21.03083509694574,-1.0638712810693403,stop_loss,2
2012-08-27 10:15:00,2012-08-27 10:30:00,long,1673.1399999999999,1671.7667120926899,1671.8467120926898,1675.209260651696,15.252715320358288,-20.946369503089805,-1.061857842749277,stop_loss,1
2012-08-27 12:30:00,2012-08-27 13:00:00,long,1668.72,1671.1637549522725,1667.1614031548297,1671.2137549522724,12.629474773705896,30.863341522843847,1.567919863205817,take_profit,2
2012-08-28 13:45:00,2012-08-28 15:00:00,long,1661.77,1664.0115858815427,1660.337758824036,1664.0615858815427,13.786774569032469,30.904239225955575,1.5650896784432777,take_profit,5
2012-08-29 10:45:00,2012-08-29 11:30:00,long,1665.1299999999999,1667.2724668530673,1663.7597082168327,1667.3224668530672,14.455165639372959,30.969713237955247,1.5635114209876018,take_profit,3
2012-08-29 14:45:00,2012-08-29 15:15:00,long,1662.04,1664.266107738184,1660.6174326636349,1664.316107738184,13.967517472459498,31.093198728663083,1.5648522788890613,take_profit,2
2012-08-30 13:00:00,2012-08-30 13:15:00,long,1656.59,1655.413940653402,1655.493940653402,1658.3436949545564,18.1850741802929,-21.386726458309017,-1.0729887485091383,stop_loss,1
2012-08-30 13:30:00,2012-08-30 13:45:00,long,1656.1299999999999,1654.9167651552293,1654.9967651552292,1657.943175751633,17.55077260706338,-21.293208879534077,-1.0705943700629137,stop_loss,1
2012-08-31 13:15:00,2012-08-31 13:30:00,long,1657.58,1659.4456837241312,1656.3826976724179,1659.4956837241311,16.576064537760534,30.925693818249165,1.5582394531036954,take_profit,1
2012-09-03 08:30:00,2012-09-03 09:15:00,long,1689.73,1688.3220472342962,1688.402047234296,1691.8547244251263,14.991807355659068,-21.107756629299352,-1.0602431065818227,stop_loss,3
2012-09-03 09:45:00,2012-09-03 10:00:00,long,1687.86,1686.438162361225,1686.518162361225,1690.00694022204,14.80521633431517,-21.05061383433326,-1.0596197316934464,stop_loss,1
2012-09-03 12:30:00,2012-09-03 12:45:00,long,1687.0,1685.3721540687386,1685.4521540687385,1689.4765534900184,12.807537817258218,-20.84869832530018,-1.0516847306209145,stop_loss,1
2012-09-04 12:00:00,2012-09-04 13:45:00,long,1692.37,1690.8812100058165,1690.9612100058164,1694.6240639906935,14.042119822646198,-20.905767489080528,-1.0567863204098726,stop_loss,7
2012-09-04 14:00:00,2012-09-04 14:45:00,long,1689.79,1691.9657799761137,1688.398887514929,1692.0157799761137,14.190503341851096,30.875413022174794,1.5640575434865711,take_profit,3
2012-09-05 11:15:00,2012-09-05 11:30:00,long,1689.6599999999999,1688.331343028745,1688.411343028745,1691.6578511540076,15.858908931918892,-21.071049908888398,-1.0640688370317843,stop_loss,1
2012-09-05 11:45:00,2012-09-05 12:15:00,long,1688.75,1690.8921879848333,1687.3798825094793,1690.9421879848333,14.422263222848885,30.895198990090055,1.5635067792757162,take_profit,2
2012-09-05 15:00:00,2012-09-05 15:15:00,long,1688.75,1691.1607299841355,1687.2120437599153,1691.2107299841355,12.888523727701898,31.070750601612996,1.5674893220647148,take_profit,1
2012-09-06 13:30:00,2012-09-06 14:30:00,long,1707.4099999999999,1705.6700858014542,1705.7500858014541,1710.0658627176729,11.979008921739746,-20.84244770743998,-1.0481952621828385,stop_loss,4
2012-09-06 14:45:00,2012-09-06 15:00:00,long,1702.8,1705.9518239796532,1700.7988600127167,1706.0018239796532,9.915569237724574,31.252128895372632,1.5750142417233495,take_profit,1
2012-09-07 13:45:00,2012-09-07 14:15:00,long,1694.1399999999999,1696.621625233243,1692.557734229223,1696.671625233243,12.580027150750436,31.218912812187106,1.568399746159331,take_profit,2
2012-09-07 15:30:00,2012-09-07 15:45:00,long,1690.27,1693.5503207919337,1688.1885495050415,1693.6003207919337,9.593014212956264,31.46816398007611,1.5759782900813573,take_profit,1
2012-09-10 14:00:00,2012-09-10 14:15:00,long,1732.43,1730.9540248608216,1731.0340248608215,1734.6635602226856,14.348622656309768,-21.178210322165796,-1.0573076108267978,stop_loss,1
2012-09-10 14:30:00,2012-09-10 14:45:00,long,1731.1599999999999,1729.658368374892,1729.738368374892,1733.4346106001726,14.059875804676459,-21.11275415339082,-1.05627336828122,stop_loss,1
2012-09-11 09:15:00,2012-09-11 09:30:00,long,1728.1699999999998,1730.3115767966592,1726.8002645020879,1730.3615767966592,14.561744666117242,31.185094495834957,1.5634966020257246,take_profit,1
2012-09-12 14:15:00,2012-09-12 15:30:00,long,1742.21,1739.840710495872,1739.9207104958718,1745.8728632066052,8.739877037667243,-20.707298932715357,-1.0349453399649395,stop_loss,5
2012-09-13 10:15:00,2012-09-13 10:30:00,long,1729.12,1730.9240168106737,1727.9612394933288,1730.9740168106737,17.23107929281907,31.085156710299323,1.556850445185093,take_profit,1
2012-09-14 10:30:00,2012-09-14 11:00:00,long,1770.98,1768.6927208621485,1768.7727208621484,1774.5116466205625,9.074006156172942,-20.754784977750955,-1.0362437168131766,stop_loss,2
2012-09-14 11:15:00,2012-09-14 11:45:00,long,1768.47,1772.346671875137,1766.0158300780395,1772.396671875137,8.144242473371621,31.572555740815435,1.5796265125928968,take_profit,2
2012-09-14 14:45:00,2012-09-14 15:00:00,long,1772.01,1769.5233216570575,1769.6033216570574,1775.8606853487079,8.331192278179158,-20.716995409037636,-1.033240835957378,stop_loss,1
2012-09-14 15:15:00,2012-09-14 15:30:00,long,1769.81,1767.157660000218,1767.2376600002178,1773.925743999651,7.778546396534151,-20.631349747688002,-1.0311000878603542,stop_loss,1
2012-09-14 15:45:00,2012-09-14 16:15:00,long,1767.5,1772.1798404894953,1764.5438496940656,1772.2298404894952,6.754664435155847,31.610752116596174,1.5830861103715046,take_profit,2
2012-09-17 14:45:00,2012-09-17 15:30:00,long,1768.26,1770.5532135254591,1766.7954915465882,1770.603213525459,13.677643713177977,31.36575755947068,1.5658588519013017,take_profit,3
2012-09-18 07:15:00,2012-09-18 08:15:00,long,1755.9199999999998,1754.19054342332,1754.2705434233199,1758.5591305226878,12.182046281125535,-21.06832005831175,-1.048500822107697,stop_loss,4
2012-09-18 12:45:00,2012-09-18 14:30:00,long,1756.1299999999999,1758.8451981530145,1754.4017511543657,1758.8951981530145,11.602275775481758,31.502477756354406,1.5710689811097527,take_profit,7
2012-09-19 12:45:00,2012-09-19 14:45:00,long,1772.2,1769.8065416511938,1769.8865416511937,1775.90153335809,8.694612842974836,-20.81019369865603,-1.0345802638034114,stop_loss,8
2012-09-19 15:00:00,2012-09-19 15:15:00,long,1771.6599999999999,1769.3521045860268,1769.4321045860268,1775.2246326623567,9.00985035380288,-20.793792312124936,-1.0359083283255472,stop_loss,1
2012-09-19 15:45:00,2012-09-19 16:00:00,long,1768.12,1772.7672164574337,1765.1842397141038,1772.8172164574337,6.82324670560861,31.709104383435577,1.5829686366969,take_profit,1
2012-09-20 07:15:00,2012-09-20 08:15:00,long,1764.8899999999999,1763.2634564984448,1763.3434564984448,1767.3644696024878,12.993384853227786,-21.13430569622126,-1.0517282571873887,stop_loss,4
2012-09-20 10:15:00,2012-09-20 10:30:00,long,1758.69,1761.4790470123287,1756.9155956172947,1761.5290470123286,11.301012605704974,31.519055444229732,1.5718215303753245,take_profit,1
2012-09-20 12:45:00,2012-09-20 13:00:00,long,1760.12,1758.313982138175,1758.393982138175,1762.8816285789196,11.65434312840337,-21.047951857731427,-1.0463494624066902,stop_loss,1
2012-09-20 13:15:00,2012-09-20 14:00:00,long,1757.75,1760.5345062746808,1755.9784335783245,1760.5845062746807,11.330937557937778,31.551066728093854,1.5717763898726662,take_profit,3
2012-09-24 09:30:00,2012-09-24 10:15:00,long,1758.94,1761.7646893142964,1757.1433191785648,1761.8146893142964,11.207672724593525,31.658193383290467,1.572170905703692,take_profit,3
2012-09-24 11:45:00,2012-09-24 12:45:00,long,1758.73,1756.6727040454762,1756.752704045476,1761.8936735272382,10.215935038834823,-21.01720182707335,-1.0404592948348943,stop_loss,4
2012-09-24 13:00:00,2012-09-24 14:30:00,long,1756.73,1759.7116502851284,1754.835218571795,1759.7616502851283,10.638637428174858,31.720696321094735,1.573611732068148,take_profit,6
2012-09-25 12:45:00,2012-09-25 13:00:00,long,1765.49,1763.934659719109,1764.014659719109,1767.8505444494258,13.706216982527362,-21.317831371556547,-1.0542247785382848,stop_loss,1
2012-09-26 07:15:00,2012-09-26 08:30:00,long,1762.03,1764.1347297992581,1760.6832938754637,1764.184729799258,14.983742913593046,31.53673021466266,1.562872374983045,take_profit,5
2012-09-26 14:45:00,2012-09-26 15:00:00,long,1758.82,1757.2144066158519,1757.2944066158518,1761.2609494146368,13.268130303242218,-21.30322223489998,-1.0524386123007465,stop_loss,1
2012-09-26 15:15:00,2012-09-26 15:30:00,long,1755.32,1753.3396159085662,1753.4196159085661,1758.360614546294,10.62899097988757,-21.049484644562003,-1.0420967531566574,stop_loss,1
2012-09-27 11:45:00,2012-09-27 13:15:00,long,1756.12,1754.664907091464,1754.744907091464,1758.3201486536573,14.658694166596346,-21.329761930209287,-1.0581778871109937,stop_loss,6
2012-09-27 15:15:00,2012-09-27 15:30:00,short,1761.9,1763.7689609009283,1763.6889609009284,1759.037662558515,11.243625762075196,-21.01389693398743,-1.0447186967353042,stop_loss,1
2012-09-27 15:45:00,2012-09-27 17:15:00,short,1763.32,1765.564206082943,1765.484206082943,1759.857270267291,9.27470781888653,-20.8143557046645,-1.0369650564382182,stop_loss,6
2012-09-28 10:15:00,2012-09-28 12:00:00,long,1779.53,1781.6012876243394,1778.204195234788,1781.6512876243394,15.108371076446463,31.293782034571617,1.5622870566528202,take_profit,7
2012-09-28 14:00:00,2012-09-28 14:30:00,long,1777.81,1780.2146003555056,1776.275874777809,1780.2646003555055,13.097586586260926,31.49446136158887,1.5674081363914771,take_profit,2
2012-10-01 13:30:00,2012-10-01 13:45:00,long,1768.5,1767.072641465027,1767.1526414650268,1770.655773655957,14.959883602873706,-21.353117542766054,-1.0593754356567902,stop_loss,1
2012-10-02 09:45:00,2012-10-02 10:00:00,long,1776.58,1775.179884073644,1775.259884073644,1778.6921854821694,15.236253284945995,-21.33252088224629,-1.060600738467533,stop_loss,1
2012-10-02 10:15:00,2012-10-02 11:00:00,long,1775.74,1777.8560374820747,1774.3862265737032,1777.9060374820747,14.825934080114463,31.372232220291135,1.5630661977632736,take_profit,3
2012-10-02 14:15:00,2012-10-02 14:30:00,long,1778.3899999999999,1776.8664109900872,1776.946410990087,1780.6997424158603,13.946975145886013,-21.24945805379767,-1.0554174349143601,stop_loss,1
2012-10-03 14:15:00,2012-10-03 14:30:00,long,1776.72,1779.1827874304347,1775.1495078559783,1779.2327874304347,12.792933223193664,31.506275140471487,1.5681628461559505,take_profit,1
2012-10-05 11:45:00,2012-10-05 14:15:00,long,1788.7,1790.822133792775,1787.3424163795157,1790.872133792775,14.845651768478987,31.50445929365924,1.5631698561727847,take_profit,10
2012-10-05 15:30:00,2012-10-05 15:45:00,long,1784.46,1782.5375356415163,1782.6175356415163,1787.407942973574,10.972924660277272,-21.09505656770985,-1.0434201072230032,stop_loss,1
2012-10-08 09:00:00,2012-10-08 09:30:00,long,1768.98,1771.5160941672818,1767.363691145449,1771.5660941672818,12.482164176076486,31.655943762001623,1.5690653182656473,take_profit,2
2012-10-09 10:45:00,2012-10-09 11:30:00,long,1772.82,1771.4011747969935,1771.4811747969934,1774.9621203248105,15.116494911978625,-21.44766396223424,-1.0597538796104786,stop_loss,3
2012-10-09 12:30:00,2012-10-09 12:45:00,long,1770.85,1773.0335658013742,1769.4540213741411,1773.083565801374,14.466875543261704,31.589374689003684,1.5641828326926863,take_profit,1
2012-10-10 10:15:00,2012-10-10 12:30:00,short,1763.97,1761.8187162553088,1765.345802340432,1761.7687162553088,14.724955173697644,31.67755670648273,1.563657570182365,take_profit,9
2012-10-10 15:00:00,2012-10-10 15:30:00,short,1767.07,1764.5700450174354,1768.6637218641026,1764.5200450174355,12.75127320637306,31.877608986313945,1.5686268971230286,take_profit,2
2012-10-11 10:15:00,2012-10-11 10:30:00,short,1766.3300000000002,1767.7947654315426,1767.7147654315427,1764.114375309532,14.721437766833974,-21.563453143461828,-1.057771517238709,stop_loss,1
2012-10-11 11:00:00,2012-10-11 11:15:00,short,1767.8300000000002,1769.3990159085638,1769.3190159085639,1765.447574546298,13.661782321353083,-21.435553801536514,-1.053726759761146,stop_loss,1
2012-10-11 13:45:00,2012-10-11 15:15:00,short,1770.57,1772.248430629024,1772.168430629024,1768.0125109935614,12.69979424794965,-21.315723648061233,-1.0500490909941913,stop_loss,6
2012-10-12 14:30:00,2012-10-12 15:30:00,short,1768.8300000000002,1770.206510372519,1770.126510372519,1766.7555834039697,15.624332122830271,-21.507055230755345,-1.0617040956213093,stop_loss,4
2012-10-12 15:45:00,2012-10-12 16:00:00,short,1771.8600000000001,1769.3368083068256,1773.4682448082342,1769.2868083068256,12.569040762310633,31.71409924263472,1.5689102058691817,take_profit,1
2012-10-15 07:30:00,2012-10-15 08:45:00,short,1744.65,1746.064028952432,1745.984028952432,1742.5155536761092,15.20021189344345,-21.49353970042819,-1.0599687134631426,stop_loss,5
2012-10-15 10:30:00,2012-10-15 11:00:00,short,1748.55,1746.1522612598665,1750.0798367125833,1746.1022612598665,13.22659830498124,31.71392715603748,1.5673167733597977,take_profit,2
2012-10-15 14:30:00,2012-10-15 15:15:00,short,1747.88,1745.5687919963568,1749.3557550022772,1745.5187919963569,13.75429084946036,31.789027095710413,1.5661190374263372,take_profit,3
2012-10-16 14:00:00,2012-10-16 14:30:00,short,1740.1100000000001,1741.528673038284,1741.4486730382841,1737.9681231387456,15.210242528046294,-21.578360980299053,-1.0597606717339103,stop_loss,2
2012-10-16 14:45:00,2012-10-16 15:15:00,short,1743.5900000000001,1745.1096664231452,1745.0296664231453,1741.286533722968,14.113258828185957,-21.44744556234971,-1.0555684280148434,stop_loss,2
2012-10-17 13:45:00,2012-10-17 15:30:00,short,1750.1100000000001,1748.0120085398414,1751.4524946625993,1747.9620085398415,15.102845865857201,31.685641650661683,1.5627559040695542,take_profit,7
2012-10-19 07:30:00,2012-10-19 09:15:00,short,1737.89,1736.0247493971935,1739.0870316267542,1735.9747493971936,16.991080931941536,31.692623950638904,1.558230009230766,take_profit,7
2012-10-19 16:00:00,2012-10-19 16:30:00,short,1736.95,1734.3294898615284,1738.6190688365448,1734.2794898615284,12.223729812372476,32.03240790326051,1.570043176827016,take_profit,2
2012-10-22 07:45:00,2012-10-22 10:00:00,short,1726.3600000000001,1724.0926317740193,1727.808355141238,1724.0426317740194,14.130727146442478,32.03956174184826,1.5654780802192425,take_profit,9
2012-10-24 10:00:00,2012-10-24 10:15:00,short,1710.79,1712.18016148257,1712.10016148257,1708.693741627888,15.670122125091918,-21.784000205470196,-1.061061175331607,stop_loss,1
2012-10-24 12:45:00,2012-10-24 14:15:00,short,1710.22,1707.631969347127,1711.8687691580456,1707.5819693471271,12.425525025794647,32.157639644796255,1.5696743478273332,take_profit,6
2012-10-25 09:15:00,2012-10-25 09:45:00,short,1713.41,1711.2381635648455,1714.7986477719717,1711.1881635648456,14.79938839001937,32.141850923447244,1.5639937491643323,take_profit,2
2012-10-25 11:00:00,2012-10-25 11:15:00,short,1715.15,1716.8163053312085,1716.7363053312085,1712.6119114700664,12.995872238848662,-21.655091195296478,-1.0504316529901485,stop_loss,1
2012-10-25 11:30:00,2012-10-25 14:30:00,short,1716.52,1717.46,1718.1238551070114,1713.9538318287816,12.826664418665711,-12.057064553546468,-0.5860878553746746,time_stop,12
2012-10-26 09:45:00,2012-10-26 12:45:00,short,1705.06,1705.08,1707.0259757995668,1701.9144387206932,10.45180571867607,-0.20903611437333128,-0.010173065204763963,time_stop,12
2012-10-26 15:30:00,2012-10-26 15:45:00,short,1706.04,1707.6502719168816,1707.5702719168817,1703.5915649329893,13.42740385273079,-21.621771340680585,-1.0522782906210202,stop_loss,1
2012-10-29 15:30:00,2012-10-29 16:45:00,short,1712.52,1709.96725674576,1714.1467145338997,1709.9172567457601,12.604753361750726,32.176699115566684,1.569263199560982,take_profit,5
2012-10-30 07:15:00,2012-10-30 07:45:00,short,1711.3700000000001,1709.382731712499,1712.6432926796883,1709.332731712499,16.153936338540397,32.10220540389358,1.5607317305772594,take_profit,2
2012-10-30 08:45:00,2012-10-30 09:00:00,short,1710.8400000000001,1712.3058840233919,1712.225884023392,1708.6225855625732,14.8878931790585,-21.823924753144254,-1.057724887977377,stop_loss,1
2012-10-30 09:15:00,2012-10-30 10:15:00,short,1712.14,1713.6089510201693,1713.5289510201694,1709.917678367729,14.823593597133833,-21.775132937084,-1.0575974234067484,stop_loss,4
2012-10-30 10:30:00,2012-10-30 13:00:00,short,1713.31,1714.8559936357092,1714.7759936357093,1710.9644101828649,14.014859739482647,-21.666883962597794,-1.054570496113525,stop_loss,10
2012-10-30 13:30:00,2012-10-30 15:45:00,short,1714.5900000000001,1712.4251514762482,1715.974280327345,1712.3751514762482,14.810845036597287,32.06323601299684,1.5638801483976,take_profit,9
2012-10-31 09:45:00,2012-10-31 10:00:00,short,1714.26,1715.3329611455197,1715.2529611455197,1712.6712621671686,20.7122786025788,-22.2234701757458,-1.0805671000933796,stop_loss,1
2012-10-31 10:15:00,2012-10-31 10:45:00,short,1717.26,1715.2592209502625,1718.5417369060858,1715.2092209502625,16.01111807715658,32.034709611648296,1.5609904343376457,take_profit,2
2012-11-01 08:30:00,2012-11-01 09:00:00,short,1722.32,1720.515931651764,1723.4787927176474,1720.465931651764,17.765136122193223,32.049519780150824,1.556851644613793,take_profit,2
2012-11-01 10:00:00,2012-11-01 11:30:00,short,1724.05,1721.5922625800738,1725.6173358874537,1721.5422625800738,13.175356712798191,32.38156721391945,1.568098733398463,take_profit,6
2012-11-01 13:45:00,2012-11-01 14:15:00,short,1726.1000000000001,1723.520462494162,1727.743460941149,1723.4704624941621,12.604481202894554,32.51373200449735,1.5695763989590132,take_profit,2
2012-11-02 13:00:00,2012-11-02 13:15:00,short,1709.63,1707.1592151093755,1711.2054905566404,1707.1092151093756,13.189542721679876,32.5885228709743,1.5682638529383235,take_profit,1
2012-11-05 13:00:00,2012-11-05 14:00:00,short,1680.4,1682.3999100834053,1682.3199100834054,1677.3281438665515,10.857371514596897,-21.71376677131885,-1.0416686180730057,stop_loss,4
2012-11-05 14:15:00,2012-11-05 16:15:00,short,1681.4,1683.5154611073472,1683.4354611073472,1678.1432622282448,10.219674275044513,-21.61932345861206,-1.0393031336787333,stop_loss,8
2012-11-06 12:15:00,2012-11-06 13:30:00,short,1690.88,1692.4955311297374,1692.4155311297375,1688.4231501924205,13.518782177501365,-21.840013443891145,-1.0520992368377515,stop_loss,5
2012-11-06 13:45:00,2012-11-06 14:00:00,short,1692.15,1693.7430312248719,1693.663031224872,1689.7291500402052,13.690947352761272,-21.810106631024144,-1.0528739914185865,stop_loss,1
2012-11-06 14:15:00,2012-11-06 15:00:00,short,1692.92,1690.5749610040546,1694.416899372466,1690.5249610040546,13.809352191448838,32.38346939769318,1.5665976211094506,take_profit,3
2012-11-07 08:45:00,2012-11-07 09:30:00,short,1726.74,1729.1902254632867,1729.1102254632867,1722.9476392587412,8.748525357407841,-21.435859596929568,-1.03375206335392,stop_loss,3
2012-11-07 12:15:00,2012-11-07 12:30:00,short,1726.67,1728.9826274539653,1728.9026274539654,1723.0977960736557,9.268499235011886,-21.434585787943995,-1.0358322208471649,stop_loss,1
2012-11-07 15:45:00,2012-11-07 16:00:00,short,1723.5900000000001,1726.6186324542439,1726.538632454244,1718.8721880732103,7.00332679573104,-21.210502821225806,-1.0271312214191997,stop_loss,1
2012-11-08 12:15:00,2012-11-08 12:30:00,long,1715.84,1714.034217853866,1714.114217853866,1718.6012514338142,11.9411454789299,-21.5631073102389,-1.0463557930409355,stop_loss,1
2012-11-08 15:45:00,2012-11-08 16:00:00,long,1715.79,1713.6331464894913,1713.7131464894912,1719.1129656168139,9.901848807943882,-21.356837361939693,-1.0385198087371754,stop_loss,1
2012-11-09 09:30:00,2012-11-09 09:45:00,long,1732.96,1731.3846224131942,1731.464622413194,1735.3526041388895,13.72360797945019,-21.619864420936036,-1.0534981938379882,stop_loss,1
2012-11-09 13:00:00,2012-11-09 13:45:00,long,1730.1399999999999,1733.5761050918131,1727.9611843176165,1733.626105091813,9.399021780189091,32.29602659697147,1.5770517532049857,take_profit,3
2012-11-09 15:15:00,2012-11-09 15:30:00,long,1728.4099999999999,1731.8840722160098,1726.2074548649937,1731.9340722160098,9.327086097091714,32.40297066623921,1.5772989896074168,take_profit,1
2012-11-12 15:30:00,2012-11-12 16:00:00,long,1734.9199999999998,1733.2327160535604,1733.3127160535603,1737.491654314303,12.821713359308067,-21.63387111700928,-1.0497734082251877,stop_loss,2
2012-11-13 10:15:00,2012-11-13 11:30:00,long,1723.04,1724.8669958451646,1721.8668775967722,1724.9169958451646,17.530026065010773,32.02728478640313,1.5573787016067164,take_profit,5
2012-11-13 15:15:00,2012-11-13 15:30:00,long,1726.8799999999999,1725.0093895189352,1725.0893895189351,1729.7449767697035,11.520607688690616,-21.550569490698766,-1.0446775001296529,stop_loss,1
2012-11-14 11:15:00,2012-11-14 13:00:00,long,1724.84,1723.4808571613219,1723.5608571613218,1726.8866285418849,16.093448764405753,-21.87329563777425,-1.062541881626449,stop_loss,7
2012-11-14 13:15:00,2012-11-14 14:15:00,long,1723.19,1721.5415346884056,1721.6215346884055,1725.6995444985514,13.096925378900401,-21.589827175658492,-1.051005272101681,stop_loss,4
2012-11-14 14:30:00,2012-11-14 15:15:00,long,1721.98,1724.41802728309,1720.4249829480689,1724.46802728309,13.182423604640814,32.13910840536291,1.5678460117605688,take_profit,3
2012-11-15 13:45:00,2012-11-15 14:00:00,long,1720.25,1722.4161515388894,1718.8649052881942,1722.4661515388893,14.84604015345505,32.15877272482019,1.563901385534367,take_profit,1
2012-11-15 15:00:00,2012-11-15 15:30:00,long,1717.05,1719.985464124563,1715.1840849221483,1720.0354641245628,11.054891778357744,32.45123821629497,1.5732034964542225,take_profit,2
2012-11-16 10:00:00,2012-11-16 10:15:00,short,1714.41,1715.6774256112471,1715.5974256112472,1712.5101190220046,17.426263619121485,-22.086492819217504,-1.0673726414877514,stop_loss,1
2012-11-16 10:30:00,2012-11-16 11:00:00,short,1715.23,1713.3388169118305,1716.443239430106,1713.2888169118305,17.01907985487129,32.18619599773975,1.5587880192819816,take_profit,2
2012-11-16 15:00:00,2012-11-16 15:15:00,short,1710.96,1712.7271298237683,1712.6471298237684,1708.2605922819705,12.276821169447683,-21.694736829601023,-1.0474178091530855,stop_loss,1
2012-11-16 15:30:00,2012-11-16 16:00:00,short,1713.5900000000001,1710.6494290594542,1715.4591068378413,1710.5994290594542,11.05833077271277,32.51780612118441,1.573249255212367,take_profit,2
2012-11-19 11:00:00,2012-11-19 11:30:00,short,1724.13,1722.1114404685668,1725.4228497071458,1722.0614404685668,16.037623832089007,32.37289844780529,1.5613257444206672,take_profit,2
2012-11-19 15:30:00,2012-11-19 15:45:00,short,1728.43,1729.9341367225495,1729.8541367225496,1726.1513812439207,14.604625203604119,-21.967353087812146,-1.056174381808447,stop_loss,1
2012-11-19 16:00:00,2012-11-19 16:45:00,short,1731.16,1728.6741705623601,1732.744893398525,1728.6241705623602,13.095548498509167,32.55329995963573,1.568452136877877,take_profit,3
2012-11-20 11:00:00,2012-11-20 12:15:00,long,1732.35,1734.215828389759,1731.1526072564004,1734.265828389759,17.38790808325835,32.44285254026594,1.558242606473679,take_profit,5
2012-11-20 14:45:00,2012-11-20 15:00:00,long,1731.1499999999999,1733.408950701982,1729.706905811261,1733.4589507019818,14.472403002746553,32.69244492242117,1.5653522269092506,take_profit,1
2012-11-21 14:00:00,2012-11-21 15:15:00,long,1726.09,1728.0538762844803,1724.8313273221997,1728.1038762844803,16.644856069180452,32.68843809285348,1.5602756134444338,take_profit,5
2012-11-26 08:30:00,2012-11-26 10:45:00,long,1749.32,1748.116103601797,1748.196103601797,1751.1182342371249,18.69905666570518,-22.511726969634665,-1.071180938143267,stop_loss,9
2012-11-26 11:00:00,2012-11-26 11:30:00,long,1748.18,1746.9732021899931,1747.053202189993,1749.9828764960114,18.61095113621999,-22.459655073336585,-1.0709976530744492,stop_loss,2
2012-11-26 11:45:00,2012-11-26 12:00:00,long,1746.05,1747.9392447746854,1744.8379720158216,1747.9892447746854,17.265162145971086,32.61811736837367,1.5587468270926441,take_profit,1
2012-11-27 10:30:00,2012-11-27 11:15:00,long,1748.5,1749.904545140196,1747.5909092873776,1749.954545140196,23.09021048788258,32.431242926857685,1.544999988113803,take_profit,3
2012-11-27 12:30:00,2012-11-27 13:00:00,long,1746.6,1745.370655067602,1745.450655067602,1748.4389518918367,18.319964528797474,-22.521555555186595,-1.06960486599355,stop_loss,2
2012-11-27 13:30:00,2012-11-27 14:45:00,long,1746.09,1748.0342557523622,1744.8435901547734,1748.0842557523622,16.857148041827234,32.77460704874588,1.5598847841329748,take_profit,5
2012-11-28 07:45:00,2012-11-28 08:15:00,long,1739.01,1738.1365971273672,1738.216597127367,1740.2794445962127,26.564643540965893,-23.201635979146587,-1.1008314977918447,stop_loss,2
2012-11-28 08:30:00,2012-11-28 09:00:00,long,1737.96,1739.2658752834836,1737.1125779478227,1739.3158752834836,24.816514002532468,32.40727225813185,1.5409975231685034,take_profit,2
2012-11-28 13:15:00,2012-11-28 14:00:00,long,1738.62,1737.2583661172644,1737.3383661172643,1740.6706142123771,16.459361797928523,-22.411624712262302,-1.0624203222757889,stop_loss,3
2012-11-28 14:15:00,2012-11-28 15:15:00,long,1734.26,1732.5863576289876,1732.6663576289875,1736.80982779362,13.20876810374395,-22.10675396730325,-1.0501994684975027,stop_loss,4
2012-11-29 10:15:00,2012-11-29 10:30:00,short,1721.4,1722.6371189759745,1722.5571189759746,1719.548609638441,18.153568861299636,-22.45812451997274,-1.069137229326441,stop_loss,1
2012-11-29 10:45:00,2012-11-29 11:15:00,short,1722.0900000000001,1723.3925158517332,1723.3125158517332,1720.133974637227,17.14572676690879,-22.332580903381594,-1.0654388242790607,stop_loss,2
2012-11-29 11:30:00,2012-11-29 12:00:00,short,1723.54,1724.8047876553417,1724.7247876553417,1721.6443397514531,17.6540137854404,-22.328578703057328,-1.0675226481633533,stop_loss,2
2012-11-29 14:45:00,2012-11-29 15:15:00,short,1726.23,1727.68961503272,1727.60961503272,1724.0226159476479,15.128568439608083,-22.081885917984806,-1.0579871907036267,stop_loss,2
2012-11-30 13:15:00,2012-11-30 13:30:00,short,1729.5900000000001,1730.7825063202413,1730.7025063202414,1727.8099898876142,18.721185032428007,-22.325131473574167,-1.0719097038321381,stop_loss,1
2012-11-30 13:45:00,2012-11-30 15:00:00,short,1730.39,1728.6789096479938,1731.4906814700041,1728.6289096479939,18.88174460496573,32.308371022603765,1.5545735970280723,take_profit,5
2012-12-03 15:00:00,2012-12-03 15:15:00,short,1718.29,1715.7571250656786,1719.9042968339509,1715.7071250656786,12.914231578498782,32.71013346120144,1.569026762025127,take_profit,1
2012-12-04 09:45:00,2012-12-04 10:30:00,short,1706.24,1708.1906061539246,1708.1106061539247,1703.2470301537205,11.179704168686323,-21.807199750495844,-1.0427668859273673,stop_loss,3
2012-12-05 14:30:00,2012-12-05 15:00:00,short,1704.41,1702.5961697824087,1705.5748938859947,1702.5461697824087,17.915115933226918,32.494978631340686,1.5570776354815672,take_profit,2
2012-12-06 11:00:00,2012-12-06 12:45:00,short,1692.05,1693.6336019756827,1693.5536019756828,1689.6442368389075,13.92269983235188,-22.04801496135058,-1.0532055698873344,stop_loss,7
2012-12-06 13:00:00,2012-12-06 14:15:00,short,1693.6100000000001,1691.4658135769228,1694.9813665144234,1691.4158135769228,15.233056024870567,32.66251191050443,1.5635400168562184,take_profit,5
2012-12-10 08:00:00,2012-12-10 10:15:00,short,1708.46,1709.6970703645557,1709.6170703645557,1706.608687416711,18.110763710302518,-22.404289065484637,-1.0691401339542965,stop_loss,9
2012-12-10 10:30:00,2012-12-10 11:15:00,short,1709.82,1711.1228013868304,1711.0428013868304,1707.8635177810713,17.100585275529607,-22.278666212571903,-1.0654235437263342,stop_loss,3
2012-12-10 11:30:00,2012-12-10 12:00:00,short,1711.06,1709.1762411324753,1712.2685992922027,1709.1262411324753,17.26466513154758,32.522466036396345,1.5586297953984403,take_profit,2
2012-12-10 13:15:00,2012-12-10 15:00:00,short,1712.57,1714.0286588563924,1713.9486588563925,1710.3641458297718,15.182223574109656,-22.145684876106095,-1.058027408034252,stop_loss,7
2012-12-10 15:15:00,2012-12-10 15:30:00,short,1714.82,1716.3179237351844,1716.2379237351845,1712.5513220237044,14.73056350079898,-22.065260700489063,-1.0564205239074542,stop_loss,1
2012-12-11 10:30:00,2012-12-11 11:15:00,short,1709.69,1708.1301499744902,1710.6961562659437,1708.0801499744903,20.71515708295759,32.312538304291564,1.5503059299112445,take_profit,3
2012-12-11 12:30:00,2012-12-11 13:45:00,short,1709.89,1710.981580798521,1710.901580798521,1708.2714707223665,20.667958709973657,-22.56074687243021,-1.0790841424796658,stop_loss,5
2012-12-11 14:00:00,2012-12-11 14:15:00,short,1711.89,1712.9734883733245,1712.8934883733245,1710.284418602681,20.789666563624326,-22.525362006977396,-1.079721900249722,stop_loss,1
2012-12-11 14:30:00,2012-12-11 15:00:00,short,1713.51,1711.8636772645564,1714.5702017096523,1711.8136772645564,19.635072994459893,32.32566708287433,1.5528391630149962,take_profit,2
2012-12-12 10:30:00,2012-12-12 12:15:00,short,1714.79,1713.4363629492934,1715.6672731566914,1713.3863629492935,23.80306422550818,32.22070965599521,1.5430052092459512,take_profit,7
2012-12-12 14:30:00,2012-12-12 15:30:00,short,1715.31,1716.4730767217338,1716.393076721734,1713.5770772452258,19.33956320085868,-22.493395767420036,-1.0738636500947512,stop_loss,4
2012-12-13 07:15:00,2012-12-13 07:45:00,short,1701.01,1698.2425189823898,1702.7709256360063,1698.1925189823899,11.869464270632832,32.84851705817862,1.5716058424174786,take_profit,2
2012-12-17 11:15:00,2012-12-17 13:30:00,short,1690.3600000000001,1691.7850942478287,1691.7050942478288,1688.207849203474,15.58771140965038,-22.213957866705158,-1.0594753863003035,stop_loss,9
2012-12-17 14:00:00,2012-12-17 15:30:00,short,1692.1200000000001,1693.4431794623201,1693.3631794623202,1690.130912860288,16.829841283859515,-22.26890034090839,-1.0643511274314548,stop_loss,6
2012-12-17 15:45:00,2012-12-17 17:15:00,short,1696.5800000000002,1698.2050547998617,1698.1250547998618,1694.1079123202214,13.512773294117846,-21.958997101047483,-1.0517780987490482,stop_loss,6
2012-12-18 15:00:00,2012-12-18 15:15:00,short,1698.68,1697.1503211935292,1699.6672992540443,1697.1003211935292,21.10206926418145,32.27938812609899,1.5493567934999044,take_profit,1
2012-12-19 07:45:00,2012-12-19 10:00:00,short,1675.2,1673.1144121892148,1676.534742381741,1673.0644121892149,15.657415472423887,32.65491485768729,1.562539587650672,take_profit,9
2012-12-19 11:45:00,2012-12-19 12:15:00,short,1676.22,1674.1043948134477,1677.5735032415953,1674.0543948134477,15.488641035374291,32.76784930708509,1.5630588250818225,take_profit,2
2012-12-20 14:30:00,2012-12-20 14:45:00,short,1670.24,1668.4102123912496,1671.414867255469,1668.3602123912497,17.899436255462664,32.75216666386313,1.5574420005602003,take_profit,1
2012-12-21 08:00:00,2012-12-21 08:15:00,short,1643.47,1645.4383742782804,1645.3583742782805,1640.4486011547513,11.170966541884432,-21.98864320457635,-1.042364482994745,stop_loss,1
2012-12-21 08:30:00,2012-12-21 09:45:00,short,1645.26,1647.1815574134152,1647.1015574134153,1642.3135081385356,11.431079173239754,-21.9654749286756,-1.0434414911080943,stop_loss,5
2012-12-21 10:15:00,2012-12-21 10:45:00,short,1647.5,1649.3790855113987,1649.2990855113987,1644.6214631817622,11.67651982735798,-21.94117923114769,-1.0444670358874322,stop_loss,2
2012-12-21 11:00:00,2012-12-21 12:45:00,short,1650.17,1647.3679236918117,1651.9525476926178,1647.3179236918118,11.76023248820468,32.9530688339854,1.571950259615989,take_profit,7
2012-12-26 15:30:00,2012-12-26 15:45:00,short,1659.66,1661.1171782110373,1661.0371782110374,1657.4565148623403,15.269687870189644,-22.250656453779637,-1.0580897950307182,stop_loss,1
2012-12-26 16:00:00,2012-12-26 16:15:00,short,1662.1100000000001,1663.659454681966,1663.5794546819661,1659.7588725088547,14.28052213436247,-22.127021882005973,-1.0544419647517773,stop_loss,1
2012-12-28 08:00:00,2012-12-28 10:15:00,short,1662.38,1660.79093885149,1663.404413217819,1660.74093885149,20.441288440303016,32.48245728597525,1.5511915708131345,take_profit,9
2012-12-31 08:00:00,2012-12-31 09:15:00,short,1663.38,1664.5273773968652,1664.4473773968652,1661.6721961650157,19.679347758119995,-22.579638802714122,-1.0749500600583122,stop_loss,5
2012-12-31 10:45:00,2012-12-31 11:15:00,short,1667.6100000000001,1665.9833869533425,1668.657883154161,1665.9333869533425,20.002355817280517,32.53609293627737,1.5522847563669344,take_profit,2
2012-12-31 15:15:00,2012-12-31 15:30:00,short,1662.91,1664.6772801740933,1664.5972801740934,1660.210351721451,12.461003343224514,-22.02208415779014,-1.0474135838423615,stop_loss,1
2013-01-02 07:15:00,2013-01-02 08:15:00,short,1679.8,1681.6167389650518,1681.5367389650519,1677.0212176559166,12.080779060191226,-21.94762204683192,-1.046063341474886,stop_loss,4
2013-01-02 08:30:00,2013-01-02 09:00:00,short,1683.28,1680.693027724903,1684.9281076719355,1680.643027724903,12.703820772422361,32.86443212605761,1.5696621762938383,take_profit,2
2013-01-02 10:45:00,2013-01-02 11:15:00,short,1684.15,1681.318137992231,1685.9511637548558,1681.268137992231,11.660790578066484,33.02174981857873,1.572240169798464,take_profit,2
2013-01-02 14:30:00,2013-01-02 14:45:00,short,1686.64,1688.5025556678952,1688.4225556678953,1683.787910931368,11.819567389270558,-22.0146022329539,-1.0448793838199684,stop_loss,1
2013-01-03 10:15:00,2013-01-03 10:30:00,long,1683.9199999999998,1685.7777516248543,1682.7276552344658,1685.8277516248543,17.63332908827818,32.758345765342426,1.5580658200167794,take_profit,1
2013-01-03 12:30:00,2013-01-03 12:45:00,long,1683.77,1682.4881570610346,1682.5681570610345,1685.6929487023447,17.548486283101663,-22.494403231524746,-1.0665644381692596,stop_loss,1
2013-01-03 13:00:00,2013-01-03 13:30:00,long,1681.74,1680.3849415475247,1680.4649415475246,1683.7800935239604,16.505545672480647,-22.36597917621209,-1.062742221617069,stop_loss,2
2013-01-03 13:45:00,2013-01-03 14:00:00,long,1680.83,1679.303894526207,1679.3838945262069,1683.143768758069,14.522318008366481,-22.162589004730677,-1.0553209993667272,stop_loss,1
2013-01-04 07:15:00,2013-01-04 08:30:00,long,1650.46,1653.774832351634,1648.3569797802288,1653.8248323516339,9.964943840783752,33.03211822564463,1.576224669867639,take_profit,5
2013-01-07 14:30:00,2013-01-07 14:45:00,short,1657.72,1655.0813496719225,1659.4004064550486,1655.0313496719225,12.510391494477224,33.01054862128122,1.5702452940180525,take_profit,1
2013-01-08 12:15:00,2013-01-08 13:45:00,short,1653.68,1655.1897173348002,1655.1097173348003,1651.3924522643197,14.750162991269635,-22.268576759047303,-1.0559551164783956,stop_loss,6
2013-01-08 14:15:00,2013-01-08 14:30:00,short,1656.76,1654.4019793183527,1658.2650129260294,1654.3519793183527,13.982621811593466,32.97131141539008,1.5667776939752671,take_profit,1
2013-01-09 10:30:00,2013-01-09 12:00:00,short,1664.63,1662.581238374223,1665.9417260161108,1662.531238374223,16.09327628619513,32.971286888186164,1.5618822838109092,take_profit,6
2013-01-10 10:15:00,2013-01-10 11:45:00,short,1660.89,1662.1035657645289,1662.023565764529,1659.076294776754,18.680796849609802,-22.670375510803293,-1.070573761578958,stop_loss,6
2013-01-10 12:00:00,2013-01-10 12:30:00,short,1662.23,1663.5553150342687,1663.4753150342688,1660.23749594517,16.96805260543753,-22.488015220248027,-1.064240772654691,stop_loss,2
2013-01-10 13:45:00,2013-01-10 14:45:00,short,1664.78,1662.749712606109,1666.0801796211817,1662.699712606109,16.21744768019705,32.926079586191854,1.561543775040616,take_profit,4
2013-01-10 15:45:00,2013-01-10 16:00:00,short,1667.4,1669.644780739549,1669.5647807395492,1663.9363508167214,9.77071107208386,-21.93310402631215,-1.0369552437983125,stop_loss,1
2013-01-11 11:15:00,2013-01-11 13:00:00,long,1669.82,1668.351857825202,1668.4318578252019,1672.0410274796768,15.20563333908063,-22.32403159961887,-1.0576309843849852,stop_loss,7
2013-01-11 13:15:00,2013-01-11 13:45:00,long,1668.51,1670.4918755378965,1667.2400777888147,1670.5418755378964,16.58600242107337,32.871392469817195,1.560627509654051,take_profit,2
2013-01-15 14:00:00,2013-01-15 14:15:00,long,1679.1,1677.0549763575684,1677.1349763575683,1682.2440378278905,10.752377324116498,-21.988865840162457,-1.0407119783561147,stop_loss,1
2013-01-15 14:30:00,2013-01-15 15:15:00,long,1678.1399999999999,1681.407461188334,1676.066586757291,1681.457461188334,10.169076519934787,33.22706285008763,1.5758851737944868,take_profit,3
2013-01-16 11:00:00,2013-01-16 14:00:00,long,1678.52,1678.5900000000001,1677.0841297404388,1680.8173924152977,14.730545400890168,1.0311381780647233,0.04875092267845777,time_stop,12
2013-01-16 14:30:00,2013-01-16 14:45:00,long,1675.72,1674.1548105944767,1674.2348105944766,1678.0963030488374,14.242772164910933,-22.29263609780174,-1.0538651835936925,stop_loss,1
2013-01-17 15:45:00,2013-01-17 16:00:00,long,1674.03,1672.0185277676435,1672.0985277676434,1677.1203555717707,10.928776867094815,-21.982931201781085,-1.0414191820414216,stop_loss,1
2013-01-18 11:15:00,2013-01-18 13:00:00,long,1689.52,1691.5458299857833,1688.2226062588854,1691.5958299857832,16.236137513593054,32.89165422833752,1.5614611983891284,take_profit,7
2013-01-21 16:00:00,2013-01-21 16:30:00,long,1686.08,1688.0387088614455,1684.8245569615965,1688.0887088614454,16.831067481436218,32.96716102347681,1.5601734220745367,take_profit,2
2013-01-22 10:30:00,2013-01-22 11:00:00,long,1692.31,1691.273595486769,1691.3535954867689,1693.8402472211694,22.162568795190737,-22.96938632412801,-1.0836466148927504,stop_loss,2
2013-01-22 11:15:00,2013-01-22 11:45:00,long,1690.97,1692.5361053735094,1689.9599341415567,1692.5861053735093,20.939666330730194,32.793723960049256,1.5504982773330669,take_profit,2
2013-01-22 14:15:00,2013-01-22 14:30:00,long,1691.57,1690.4818870809697,1690.5618870809697,1693.1829806704482,21.045290755914728,-22.899652756257847,-1.0793561896586745,stop_loss,1
2013-01-22 14:45:00,2013-01-22 15:00:00,long,1690.9099999999999,1689.8566781463464,1689.9366781463464,1692.4673149658456,21.750493026339157,-22.910269632379237,-1.082192750218889,stop_loss,1
2013-01-23 10:30:00,2013-01-23 11:30:00,long,1690.95,1692.3531090430092,1690.0418068481192,1692.4031090430092,23.25982045478026,32.6360644188721,1.544945631998448,take_profit,4
2013-01-24 07:45:00,2013-01-24 08:00:00,long,1679.2,1677.9904712966575,1678.0704712966574,1681.0072459253483,18.759755035121493,-22.690462182655025,-1.070826000050446,stop_loss,1
2013-01-24 08:15:00,2013-01-24 10:00:00,long,1678.55,1680.403349802979,1677.3604063731382,1680.453349802979,17.774389823574737,32.94216187759387,1.5579688400552658,take_profit,7
2013-01-24 11:30:00,2013-01-24 11:45:00,long,1680.3999999999999,1678.9287197983256,1679.0087197983255,1682.6260483226788,15.245085176739202,-22.42979199337458,-1.0575009979324435,stop_loss,1
2013-01-24 12:00:00,2013-01-24 12:15:00,long,1678.34,1676.8107328873318,1676.8907328873318,1680.658827380269,14.604157791370476,-22.33365821855838,-1.0552003142144333,stop_loss,1
2013-01-24 14:45:00,2013-01-24 15:00:00,long,1676.31,1678.5277922063012,1674.8926298710617,1678.5777922063012,14.90130054782077,33.04798821870994,1.5647233993583536,take_profit,1
2013-01-29 09:45:00,2013-01-29 10:00:00,short,1663.6100000000001,1664.6824242424511,1664.6024242424512,1662.0221212120784,21.348485203186165,-22.89463307150345,-1.0806106870206476,stop_loss,1
2013-01-29 13:45:00,2013-01-29 15:45:00,short,1662.67,1663.8521337670375,1663.7721337670375,1660.90658597274,19.181850353731694,-22.675513017404242,-1.072586470347395,stop_loss,8
2013-01-31 08:15:00,2013-01-31 08:45:00,short,1680.01,1678.6886770230335,1680.8670768606041,1678.6386770230336,24.61344475943776,32.52231010294042,1.5416621748895514,take_profit,2
2013-01-31 13:30:00,2013-01-31 15:00:00,short,1675.76,1674.112488236476,1676.8209448522025,1674.0624882364762,19.94510698586158,32.859798383949276,1.552872196988998,take_profit,6
2013-02-04 15:15:00,2013-02-04 16:00:00,short,1665.3400000000001,1663.2938952291834,1666.6500654817607,1663.2438952291834,16.20253222115268,33.15207847701314,1.5618339688387282,take_profit,3
2013-02-05 10:45:00,2013-02-05 11:30:00,long,1673.3999999999999,1675.0397436040062,1672.343910247496,1675.0897436040061,20.161811329500235,33.060201172729734,1.5526555390948242,take_profit,3
2013-02-05 14:45:00,2013-02-05 15:00:00,long,1677.1299999999999,1675.4192821630338,1675.4992821630337,1679.7391485391456,13.097791816076782,-22.406626084630748,-1.049058149844465,stop_loss,1
2013-02-06 10:15:00,2013-02-06 11:15:00,long,1670.76,1669.6028497369605,1669.6828497369604,1672.4834404208634,19.78738734838245,-22.896980475045456,-1.0742700463853363,stop_loss,4
2013-02-06 11:30:00,2013-02-06 12:00:00,long,1669.75,1671.3274879592277,1668.7328200254826,1671.3774879592277,20.908979786313026,32.983663852644376,1.5508444904021879,take_profit,2
2013-02-06 13:00:00,2013-02-06 13:30:00,long,1668.51,1670.2511818663183,1667.390511333551,1670.3011818663183,19.057060150153426,33.18180755878532,1.5553367519490233,take_profit,2
2013-02-07 09:00:00,2013-02-07 09:15:00,long,1678.45,1677.3885190580513,1677.4685190580512,1680.0203695071182,21.80432197344224,-23.14487222692286,-1.0815094787689725,stop_loss,1
2013-02-07 09:30:00,2013-02-07 10:15:00,long,1676.98,1678.5566145239948,1675.9633659225033,1678.6066145239947,21.00484057860392,33.11653673042121,1.5508180956090316,take_profit,3
2013-02-07 12:00:00,2013-02-07 14:30:00,long,1675.3999999999999,1677.1053922886715,1674.30287981958,1677.1553922886715,19.524269246291862,33.29653821457512,1.5544261413723437,take_profit,10
2013-02-08 15:30:00,2013-02-08 15:45:00,long,1668.35,1666.9180548069153,1666.9980548069152,1670.5131123089357,15.89344226703353,-22.758538255846744,-1.0591739964083848,stop_loss,1
2013-02-08 16:00:00,2013-02-08 16:15:00,long,1666.82,1669.3334182663782,1665.2178635835137,1669.3834182663782,13.38309620662542,33.637318466430024,1.5687916712427115,take_profit,1
2013-02-12 07:15:00,2013-02-12 09:15:00,short,1646.99,1645.17603190933,1648.1549800566688,1645.12603190933,18.462822871328424,33.49097155228128,1.5570808103418454,take_profit,8
2013-02-12 13:15:00,2013-02-12 14:00:00,short,1646.74,1648.7214158635115,1648.6414158635116,1643.6977346183817,11.347229605081761,-22.483580746416663,-1.0420739100452125,stop_loss,3
2013-02-12 14:15:00,2013-02-12 15:15:00,short,1649.0,1645.790903436995,1651.0369353518781,1645.740903436995,10.570210388202014,33.92082582701888,1.5754533201292333,take_profit,4
2013-02-13 15:45:00,2013-02-13 16:15:00,short,1651.63,1648.927625280915,1653.3502341994283,1648.877625280915,12.555660662572233,33.93009995594683,1.570934190230249,take_profit,2
2013-02-14 10:15:00,2013-02-14 10:45:00,short,1644.6000000000001,1645.51775808639,1645.43775808639,1643.2595870617763,25.86252215296648,-23.735538840319485,-1.0954929606763597,stop_loss,2
2013-02-14 13:15:00,2013-02-14 13:30:00,short,1644.3700000000001,1645.7273522767844,1645.6473522767844,1642.3262363571453,16.924905042506047,-22.973058393802656,-1.0626295513414077,stop_loss,1
2013-02-14 13:45:00,2013-02-14 15:00:00,short,1647.82,1649.483380279472,1649.403380279472,1645.2865915528446,13.6247243655256,-22.66309782285686,-1.0505248177188369,stop_loss,5
2013-02-18 08:15:00,2013-02-18 09:15:00,short,1615.92,1617.3867146784291,1617.3067146784292,1613.7012565145135,15.524313698299174,-22.76973877383289,-1.0576903102306168,stop_loss,4
2013-02-19 13:45:00,2013-02-19 14:00:00,short,1614.21,1612.3362945912945,1615.412315880441,1612.2862945912946,17.867396205849683,33.478236910385014,1.5584135909594956,take_profit,1
2013-02-21 08:00:00,2013-02-21 08:15:00,short,1563.29,1565.555793531978,1565.475793531978,1559.792730348835,9.858758551061097,-22.337911358327364,-1.0365999802037702,stop_loss,1
2013-02-21 08:45:00,2013-02-21 09:00:00,short,1567.91,1570.2622443111354,1570.1822443111355,1564.2744091021832,9.464006465387964,-22.261655368756884,-1.035207481698987,stop_loss,1
2013-02-21 09:15:00,2013-02-21 09:30:00,short,1570.5,1566.9424956034131,1572.7546902478668,1566.8924956034132,9.517942236674083,33.860121353427864,1.5778240048506016,take_profit,1
2013-02-21 12:00:00,2013-02-21 12:45:00,short,1569.89,1566.2344913902327,1572.2059428811046,1566.1844913902328,9.295450228560306,33.979598342166234,1.5784105210850181,take_profit,3
2013-02-21 13:45:00,2013-02-21 14:30:00,short,1572.95,1569.3315609322158,1575.2427744173654,1569.2815609322158,9.419021259403456,34.08215450531602,1.5781923596052314,take_profit,3
2013-02-22 13:00:00,2013-02-22 13:45:00,short,1582.6100000000001,1580.070256419964,1584.2285897375227,1580.020256419964,13.38440173378919,33.99294837601651,1.5691089107753249,take_profit,3
2013-02-25 10:30:00,2013-02-25 10:45:00,short,1592.3700000000001,1589.9697920427877,1593.901379973258,1589.9197920427878,14.191018274655502,34.06139498377454,1.5673497101482117,take_profit,1
2013-02-25 13:00:00,2013-02-25 15:00:00,short,1593.39,1590.717850660484,1595.0913433371977,1590.667850660484,12.813383106915081,34.23927320611093,1.5706114580715034,take_profit,8
2013-02-26 10:15:00,2013-02-26 10:30:00,short,1595.69,1597.5998478856552,1597.5198478856553,1592.7622433829515,11.950961986379573,-22.824519481232144,-1.043719481071117,stop_loss,1
2013-02-26 10:45:00,2013-02-26 11:15:00,short,1599.14,1595.7597608761164,1601.2838994524275,1595.7097608761164,10.17901910402182,34.40751861817429,1.576678010741838,take_profit,2
2013-02-28 08:30:00,2013-02-28 08:45:00,short,1602.18,1599.9756354715082,1603.5889778303074,1599.9256354715083,15.537227094497014,34.249712278231726,1.5645132812423617,take_profit,1
2013-02-28 14:15:00,2013-02-28 15:15:00,short,1591.94,1594.3332521812083,1594.2532521812084,1588.2387965100668,9.49317507340775,-22.719561951024925,-1.0345833457544344,stop_loss,4
2013-03-01 14:45:00,2013-03-01 15:00:00,short,1569.8300000000002,1572.1585306593254,1572.0785306593255,1566.2323509450796,9.74621748223204,-22.6943662198288,-1.035578789939174,stop_loss,1
2013-03-01 15:15:00,2013-03-01 15:30:00,short,1573.4,1575.8243963338061,1575.7443963338062,1569.6489658659104,9.328320375465958,-22.61554571884789,-1.0341239230100858,stop_loss,1
2013-03-01 15:45:00,2013-03-01 16:00:00,short,1582.79,1586.0468009204756,1585.9668009204756,1577.707118527239,6.869819527156843,-22.373634559545646,-1.0251825663623733,stop_loss,1
2013-03-04 11:15:00,2013-03-04 11:30:00,short,1577.92,1580.0581771022698,1579.97817710227,1574.6269166363684,10.581840456895302,-22.62584896480536,-1.038869347011829,stop_loss,1
2013-03-05 12:00:00,2013-03-05 12:30:00,short,1581.3600000000001,1582.8441378237048,1582.764137823705,1579.1133794820723,15.478573159563554,-22.97233588308885,-1.0569744640799212,stop_loss,2
2013-03-05 13:45:00,2013-03-05 15:15:00,short,1583.81,1581.5781993139535,1585.236125428779,1581.5281993139536,15.207712393942757,33.94058295399819,1.5649399702221711,take_profit,6
2013-03-05 15:45:00,2013-03-05 16:00:00,short,1584.8400000000001,1582.3328648970123,1586.4382094393675,1582.2828648970124,13.612725584375829,34.12894215992918,1.5687149889317997,take_profit,1
2013-03-06 14:45:00,2013-03-06 15:15:00,short,1576.29,1577.467655145982,1577.387655145982,1574.5337517664286,19.882605651394755,-23.4148528608967,-1.0728826355825518,stop_loss,2
2013-03-06 15:30:00,2013-03-06 16:00:00,short,1578.43,1575.9930155360216,1579.9843652899865,1575.9430155360217,14.010487009301926,34.143339174440456,1.5678325292503799,take_profit,2
2013-03-08 11:15:00,2013-03-08 11:30:00,short,1581.56,1579.9580107142863,1582.592493303571,1579.9080107142863,21.158201516519455,33.895212134434914,1.5515735358020135,take_profit,1
2013-03-11 07:45:00,2013-03-11 08:30:00,short,1581.45,1582.5353168835518,1582.4553168835519,1579.8414929863172,21.797596523258942,-23.657299527541657,-1.0795768988950878,stop_loss,3
2013-03-12 13:00:00,2013-03-12 13:15:00,short,1584.74,1585.8251912154121,1585.7451912154122,1583.1316940553406,21.75325139273211,-23.60643731804443,-1.0795868475304193,stop_loss,1
2013-03-13 10:00:00,2013-03-13 10:15:00,long,1592.4099999999999,1591.3670702548654,1591.4470702548654,1593.950687592215,22.65893689777336,-23.63167928381157,-1.083079788950495,stop_loss,1
2013-03-13 10:45:00,2013-03-13 11:00:00,long,1591.25,1590.055824835984,1590.1358248359838,1593.0326802624259,19.540644663937197,-23.334952546537284,-1.071801995398604,stop_loss,1
2013-03-13 14:45:00,2013-03-13 15:00:00,long,1590.57,1593.2273658791812,1588.8778963255118,1593.2773658791812,12.839066184819877,34.118096400090394,1.570450983143842,take_profit,1
2013-03-14 13:00:00,2013-03-14 13:15:00,long,1585.24,1583.9105782598783,1583.9905782598782,1587.2390747841946,17.442682931871342,-23.188681895679274,-1.0640296206084352,stop_loss,1
2013-03-14 13:30:00,2013-03-14 13:45:00,long,1581.27,1579.6078455404054,1579.6878455404053,1583.8014471353515,13.745111778094472,-22.846498839586037,-1.0505639632810706,stop_loss,1
2013-03-14 14:00:00,2013-03-14 14:15:00,long,1580.1299999999999,1582.770482478951,1578.4484484506554,1582.820482478951,12.905460381586364,34.076642020376,1.5702655562242012,take_profit,1
2013-03-18 08:00:00,2013-03-18 09:00:00,long,1596.72,1599.4872044060817,1594.959247246199,1599.5372044060816,12.363661017543482,34.21277724304621,1.5716030544936372,take_profit,4
2013-03-18 12:30:00,2013-03-18 12:45:00,long,1602.8,1601.096037054681,1601.1760370546808,1605.3983407125106,13.447213066733903,-22.91355278352489,-1.0492622077557354,stop_loss,1
2013-03-19 14:45:00,2013-03-19 15:00:00,long,1601.1299999999999,1603.2317614233223,1599.7851491104234,1603.2817614233222,16.2039887109586,34.056918376644234,1.5628211570609543,take_profit,1
2013-03-20 10:00:00,2013-03-20 11:00:00,long,1611.32,1610.1972015866775,1610.2772015866774,1612.988477461316,20.962884283380614,-23.537093212042315,-1.076716649141259,stop_loss,4
2013-03-20 13:30:00,2013-03-20 14:00:00,long,1609.07,1607.7715965937698,1607.8515965937697,1611.019445449968,17.90292785739955,-23.24522251153997,-1.0656596982500652,stop_loss,2
2013-03-20 14:15:00,2013-03-20 16:15:00,long,1607.85,1609.988182089497,1606.4823861940642,1610.038182089497,15.91567571448618,34.0306127549591,1.5634399712967937,take_profit,8
2013-03-21 09:15:00,2013-03-21 10:00:00,long,1607.81,1609.2702764090398,1606.8660772443502,1609.3202764090397,23.131722307517215,33.778708386127235,1.5470295639124034,take_profit,3
2013-03-22 12:45:00,2013-03-22 13:30:00,long,1611.85,1610.9096405129346,1610.9896405129346,1613.2265751793045,25.456936094138438,-23.938671367737623,-1.0929843875759464,stop_loss,3
2013-03-22 13:45:00,2013-03-22 14:15:00,long,1608.57,1607.3997405427406,1607.4797405427405,1610.3144151316149,20.04498928393386,-23.457838280186177,-1.0733770291715898,stop_loss,2
2013-03-22 14:30:00,2013-03-22 14:45:00,long,1605.53,1604.130758007435,1604.2107580074348,1607.6407871881042,16.53019202224628,-23.12973882269105,-1.0606408835155214,stop_loss,1
2013-03-25 08:45:00,2013-03-25 09:00:00,long,1609.54,1608.300979903714,1608.380979903714,1611.3944321540575,18.775398332608106,-23.263095849874457,-1.0690238247432315,stop_loss,1
2013-03-25 09:15:00,2013-03-25 09:45:00,long,1608.11,1606.7806408353451,1606.860640835345,1610.1089746634475,17.380540685085222,-23.10498104637298,-1.064032827599283,stop_loss,2
2013-03-25 10:00:00,2013-03-25 10:30:00,long,1606.9099999999999,1605.5956479282993,1605.6756479282992,1608.8849633147208,17.554414438354623,-23.072680984541773,-1.0648113304413276,stop_loss,2
2013-03-25 11:00:00,2013-03-25 11:30:00,long,1605.7,1604.3328537713494,1604.4128537713493,1607.759433965841,16.79854393091873,-22.966065981977874,-1.0621530003500759,stop_loss,2
2013-03-25 11:45:00,2013-03-25 13:15:00,long,1603.45,1601.976756463431,1602.056756463431,1605.6791896585105,15.486345186049444,-22.815157950424464,-1.057419968512417,stop_loss,6
2013-03-25 13:45:00,2013-03-25 14:00:00,long,1601.22,1599.8567343015425,1599.9367343015424,1603.2732251175323,16.777990750877798,-22.87285927970979,-1.0623409478614445,stop_loss,1
2013-03-25 14:15:00,2013-03-25 14:30:00,long,1596.76,1595.0590719232687,1595.1390719232686,1599.3534849227701,13.254674657993307,-22.545248273719867,-1.049354441537744,stop_loss,1
2013-03-26 11:15:00,2013-03-26 11:30:00,long,1600.23,1599.0136701404476,1599.0936701404476,1602.0481277752838,18.86757055999382,-22.94918944933206,-1.0704020926031415,stop_loss,1
2013-03-26 11:45:00,2013-03-26 12:00:00,long,1597.85,1596.4623482333452,1596.5423482333451,1599.9422428266475,16.360537240250896,-22.702728404854145,-1.0611783672380781,stop_loss,1
2013-03-26 12:15:00,2013-03-26 12:30:00,long,1596.3799999999999,1598.4003114168543,1595.086055364466,1598.4503114168542,16.498758434139177,33.33263002841393,1.5613584703495713,take_profit,1
2013-03-26 15:00:00,2013-03-26 15:30:00,long,1597.46,1595.9551090990963,1596.0351090990962,1599.739825441446,15.029322746954293,-22.617491048637632,-1.0561446493546847,stop_loss,2
2013-03-27 10:30:00,2013-03-27 11:30:00,short,1596.04,1594.2781934914628,1597.1723790678357,1594.228193491463,18.87169310505634,33.248271739603354,1.5558451746237554,take_profit,4
2013-03-27 14:15:00,2013-03-27 14:30:00,short,1596.26,1597.7341072438273,1597.6541072438274,1594.0294284098761,15.37644028834698,-22.666522013330955,-1.057384394460424,stop_loss,1
2013-03-27 14:45:00,2013-03-27 15:30:00,short,1598.7,1600.2711434908513,1600.1911434908513,1596.314170414638,14.345416036403979,-22.538707029148924,-1.053650101744571,stop_loss,3
2013-03-28 12:30:00,2013-03-28 12:45:00,long,1603.34,1602.166669433806,1602.246669433806,1605.0893289059104,19.523826546335858,-22.907902455884802,-1.0731709168969947,stop_loss,1
2013-03-28 13:00:00,2013-03-28 13:30:00,long,1602.31,1601.0980976240469,1601.1780976240468,1604.1210438015248,18.81803676693541,-22.805623468621047,-1.070677473340015,stop_loss,2
2013-03-28 14:00:00,2013-03-28 14:15:00,long,1600.54,1599.2642606268328,1599.3442606268327,1602.4531829970676,17.775252498402978,-22.67658948020129,-1.0669042115657892,stop_loss,1
2013-03-28 14:30:00,2013-03-28 15:00:00,long,1599.6599999999999,1598.272551254769,1598.352551254769,1601.7519179923695,16.221833688497323,-22.506962796448544,-1.0611878670515682,stop_loss,2
2013-03-28 15:15:00,2013-03-28 15:30:00,long,1595.98,1598.6477404625496,1594.2814122109066,1598.6977404625495,12.459881268234838,33.239729417833225,1.5705637822661194,take_profit,1
2013-04-01 08:30:00,2013-04-01 09:45:00,short,1598.8600000000001,1597.2958786131612,1599.8688258667744,1597.2458786131613,21.04494178217122,32.91684352627369,1.5504374326168053,take_profit,5
2013-04-01 13:15:00,2013-04-01 16:00:00,short,1599.0800000000002,1597.3478089623277,1600.1938693985455,1597.2978089623277,19.119400667148952,33.118454481304354,1.5551114340106367,take_profit,11
2013-04-03 08:00:00,2013-04-03 09:00:00,short,1568.29,1565.9143323254643,1569.8060422965848,1565.8643323254644,14.091132073789431,33.47584696531383,1.567019389819977,take_profit,4
2013-04-03 10:45:00,2013-04-03 11:15:00,short,1567.8300000000002,1569.4169166064517,1569.3369166064517,1565.4189334296775,14.220895723632887,-22.56737558244809,-1.05308853831554,stop_loss,2
2013-04-03 11:30:00,2013-04-03 12:00:00,short,1571.3500000000001,1568.626719659257,1573.0833002129646,1568.5767196592572,12.33748718972351,33.59843631794302,1.5711532949537164,take_profit,2
2013-04-03 14:00:00,2013-04-03 14:45:00,short,1571.21,1573.0024427527528,1572.9224427527529,1568.4700915955955,12.52699747862785,-22.4539258443188,-1.0467168901683415,stop_loss,3
2013-04-03 15:00:00,2013-04-03 15:15:00,short,1572.07,1573.7171828785238,1573.6371828785238,1569.5625073943618,13.659451291672765,-22.499614297673673,-1.0510470099541143,stop_loss,1
2013-04-04 07:15:00,2013-04-04 08:00:00,short,1546.66,1548.807180897446,1548.727180897446,1543.3525105640865,10.33381209749885,-22.188563933544653,-1.0387000480213266,stop_loss,3
2013-04-04 09:00:00,2013-04-04 09:15:00,short,1551.74,1554.2037834815305,1554.1237834815306,1547.925946429551,8.942708934366262,-22.032898552627056,-1.033560094958188,stop_loss,1
2013-04-05 14:45:00,2013-04-05 15:00:00,short,1557.3600000000001,1555.0353841739277,1558.8441348912954,1554.9853841739277,14.333883102907514,33.320771510091014,1.5663103399203777,take_profit,1
2013-04-08 14:30:00,2013-04-08 14:45:00,short,1578.69,1576.5995686119177,1580.0277696175515,1576.5495686119177,15.951967591290376,33.34649375450627,1.5626243567323455,take_profit,1
2013-04-09 15:15:00,2013-04-09 15:30:00,short,1574.45,1575.885065262781,1575.805065262781,1572.2818955795506,15.797579023884067,-22.670556893211927,-1.0590377468873684,stop_loss,1
2013-04-10 12:45:00,2013-04-10 14:00:00,long,1580.45,1578.9530967182984,1579.0330967182983,1582.717045250723,15.076123919948003,-22.56749937111067,-1.0564611579583942,stop_loss,5
2013-04-10 14:15:00,2013-04-10 14:45:00,long,1579.93,1578.181629781404,1578.2616297814038,1582.599392349754,12.776705206779084,-22.338410875315102,-1.04795098780128,stop_loss,2
2013-04-10 15:00:00,2013-04-10 16:00:00,long,1578.3,1576.4704703461168,1576.5504703461168,1581.0992474462132,12.158466471150865,-22.24427495471426,-1.0457265756098286,stop_loss,4
2013-04-11 11:30:00,2013-04-11 12:00:00,short,1559.32,1556.9108301167817,1560.8569811770112,1556.8608301167817,13.810910247053595,33.272829027032294,1.5674686972439054,take_profit,2
2013-04-11 14:15:00,2013-04-11 15:30:00,short,1560.91,1558.045815108388,1562.7313655572575,1557.9958151083881,11.691038441086636,33.4852956702156,1.5725480698805172,take_profit,5
2013-04-15 09:00:00,2013-04-15 09:30:00,short,1451.3500000000001,1458.6321911751277,1458.5521911751277,1439.8264941197958,2.9658509219077587,-21.59789341026055,-1.011107730696764,stop_loss,2
2013-04-15 09:45:00,2013-04-15 10:30:00,short,1453.7,1442.7906390602009,1460.5496005873745,1442.740639060201,3.112214979218077,33.95227653053958,1.5927003042933523,take_profit,3
2013-04-16 07:30:00,2013-04-16 07:45:00,short,1353.55,1361.795099540977,1361.715099540977,1340.4858407344368,2.6191149287801196,-21.59486329705092,-1.0097977984957125,stop_loss,1
2013-04-16 08:00:00,2013-04-16 09:15:00,short,1365.5900000000001,1374.081488889924,1374.001488889924,1352.1316177761216,2.5372611978029505,-21.54512527197865,-1.0095108013630927,stop_loss,5
2013-04-16 09:30:00,2013-04-16 11:15:00,short,1375.0900000000001,1362.5082683815237,1382.9848322615478,1362.4582683815238,2.697847581809836,33.943594221886904,1.593666743213356,take_profit,7
2013-04-18 08:00:00,2013-04-18 08:45:00,short,1367.81,1372.4975789281873,1372.4175789281874,1360.4378737149,4.637346781699075,-21.737929056590005,-1.0173626976871775,stop_loss,3
2013-04-18 09:00:00,2013-04-18 09:15:00,short,1372.65,1377.238208344647,1377.1582083446472,1365.4368666485648,4.729920142501877,-21.70185906734104,-1.0177454087930335,stop_loss,1
2013-04-18 09:30:00,2013-04-18 10:30:00,short,1377.74,1382.4446796441089,1382.364679644109,1370.3405125694258,4.6014131519171855,-21.648174789959594,-1.0172984954972686,stop_loss,4
2013-04-18 10:45:00,2013-04-18 11:45:00,short,1384.65,1389.4159141077753,1389.3359141077754,1377.1525374275595,4.532043247013174,-21.59932884798736,-1.0170724426781927,stop_loss,4
2013-04-18 12:30:00,2013-04-18 14:00:00,short,1394.1200000000001,1398.688154089843,1398.608154089843,1386.9389534562513,4.722112099157494,-21.57133569846291,-1.017824699954258,stop_loss,6
2013-04-18 14:15:00,2013-04-18 15:30:00,short,1398.64,1392.0051772374798,1402.8180142265753,1391.9551772374798,5.062314992754602,33.58756274497624,1.5880325922104421,take_profit,5
2013-04-19 09:00:00,2013-04-19 09:15:00,short,1412.77,1416.3435022707959,1416.263502270796,1407.1803963667264,6.073446512971513,-21.703474905660965,-1.0228996559322976,stop_loss,1
2013-04-22 13:15:00,2013-04-22 14:15:00,short,1433.68,1437.0771088857919,1436.997108885792,1428.372625782733,6.38332745889275,-21.68485843152332,-1.0241173873859224,stop_loss,4
2013-04-22 14:30:00,2013-04-22 15:15:00,short,1436.53,1431.1666560970657,1439.913339939334,1431.1166560970657,6.245551111281018,33.49703847315344,1.585221703731589,take_profit,3
2013-04-24 15:30:00,2013-04-24 15:45:00,short,1426.32,1429.187843078074,1429.107843078074,1421.8594510750813,7.6036620431089395,-21.80610955834379,-1.0286960197398178,stop_loss,1
2013-04-24 16:00:00,2013-04-24 17:15:00,short,1429.92,1425.0111797535142,1433.0192626540538,1424.9611797535142,6.82556037905011,33.50544898229317,1.5838671304819252,take_profit,5
2013-04-25 12:15:00,2013-04-25 13:30:00,short,1446.8300000000002,1449.016317943251,1448.936317943251,1443.4598912907989,10.075029433111824,-22.027217628391735,-1.0379809706584269,stop_loss,5
2013-04-25 15:15:00,2013-04-25 15:30:00,short,1448.54,1450.822941608429,1450.742941608429,1445.0152934265136,9.613128535707741,-21.946211121342653,-1.0363150796615885,stop_loss,1
2013-04-26 10:30:00,2013-04-26 10:45:00,long,1467.3,1463.9999424110624,1464.0799424110623,1472.4520921423,6.563009459472601,-21.65830917300138,-1.024844276162875,stop_loss,1
2013-04-29 11:45:00,2013-04-29 14:15:00,long,1471.37,1475.2212063473658,1468.9317460328964,1475.2712063473657,8.649612420379539,33.31144225562026,1.579493522547561,take_profit,10
2013-04-29 15:45:00,2013-04-29 16:30:00,long,1468.85,1465.7791472153497,1465.8591472153496,1473.6353644554404,7.073759962706716,-21.72247547942531,-1.0267482239214527,stop_loss,3
2013-04-30 08:15:00,2013-04-30 08:45:00,long,1467.0,1465.0512607007313,1465.1312607007312,1469.98998287883,11.298060537235871,-22.016974574428488,-1.042809609682437,stop_loss,2
2013-04-30 09:00:00,2013-04-30 09:15:00,long,1464.06,1461.988349037721,1462.068349037721,1467.2466415396461,10.578708911019678,-21.915392495182385,-1.040167680740799,stop_loss,1
2013-04-30 15:15:00,2013-04-30 15:30:00,long,1467.6699999999998,1472.3977130901812,1464.6839293186365,1472.4477130901812,7.041114307351813,33.28836828033068,1.5832555872464726,take_profit,1
2013-05-01 12:45:00,2013-05-01 14:30:00,long,1469.1599999999999,1467.3202510442093,1467.4002510442092,1471.9755983292648,11.985710611997671,-22.050698582830822,-1.0454610299592326,stop_loss,7
2013-05-01 16:00:00,2013-05-01 16:15:00,long,1459.8,1456.6695458590011,1456.749545859001,1464.680726625598,6.899871089297503,-21.599730023849517,-1.0262256032387789,stop_loss,1
2013-05-03 07:15:00,2013-05-03 08:30:00,long,1473.09,1475.8287629990555,1471.34702312559,1475.8787629990554,12.05095786699461,33.00471750930226,1.571313446131024,take_profit,5
2013-05-03 12:45:00,2013-05-03 13:00:00,long,1476.12,1478.699412571529,1474.4766171427943,1478.7494125715289,12.821449499300487,33.07180802372012,1.5695749534074581,take_profit,1
2013-05-03 15:15:00,2013-05-03 15:30:00,long,1474.3799999999999,1471.4701272762277,1471.5501272762276,1478.9077963580355,7.469132357143254,-21.734224516295484,-1.0282698226418063,stop_loss,1
2013-05-06 09:45:00,2013-05-06 10:00:00,long,1475.1699999999998,1473.33144276456,1473.41144276456,1477.9836915767037,11.994619824481257,-22.0527950646496,-1.0454918375061684,stop_loss,1
2013-05-06 10:15:00,2013-05-06 13:15:00,long,1473.07,1475.8740912064436,1471.2861929959727,1475.9240912064436,11.800110573083566,33.08858629304663,1.571970061846898,take_profit,12
2013-05-06 16:00:00,2013-05-06 16:45:00,long,1470.59,1468.5757954810806,1468.6557954810805,1473.6847272302707,10.916786128152358,-21.988639951400163,-1.0413606726783073,stop_loss,3
2013-05-07 07:45:00,2013-05-07 08:45:00,long,1463.84,1461.751383760502,1461.831383760502,1467.0537859831966,10.4904657081296,-21.91055703789557,-1.0398284144212242,stop_loss,4
2013-05-07 09:00:00,2013-05-07 09:45:00,long,1461.23,1459.092772246289,1459.172772246289,1464.5215644059376,10.221278917338621,-21.84520098055652,-1.0388872840431091,stop_loss,3
2013-05-07 10:00:00,2013-05-07 10:45:00,long,1458.7,1462.2021716732088,1456.4798927042445,1462.2521716732087,9.451709070695307,33.1015077707993,1.5774785659703756,take_profit,3
2013-05-07 13:45:00,2013-05-07 14:15:00,long,1459.72,1463.241518392531,1457.4878010046682,1463.2915183925309,9.430167885915326,33.20850965490486,1.5776005633437655,take_profit,2
2013-05-08 14:15:00,2013-05-08 14:30:00,short,1455.44,1457.2991790562025,1457.2191790562026,1452.5933135100759,11.868635833163886,-22.065919166712717,-1.0449645580758338,stop_loss,1
2013-05-08 14:45:00,2013-05-08 15:00:00,short,1459.57,1461.7550574515215,1461.6750574515215,1456.2019080775653,10.010318932861171,-21.87312197635521,-1.0380037133628355,stop_loss,1
2013-05-08 15:15:00,2013-05-08 15:30:00,short,1465.3500000000001,1467.7886974964651,1467.7086974964652,1461.576084005656,8.915323075252022,-21.741776063793846,-1.0339170241711033,stop_loss,1
2013-05-09 09:30:00,2013-05-09 09:45:00,long,1471.77,1470.1799219632744,1470.2599219632743,1474.1861248587609,13.896676963231252,-22.096800822704235,-1.0529773945811398,stop_loss,1
2013-05-09 10:00:00,2013-05-09 12:30:00,long,1470.28,1472.7215362302582,1468.7227898560886,1472.771536230258,13.447686008134356,32.833012601996025,1.5678912957281623,take_profit,10
2013-05-09 14:45:00,2013-05-09 15:00:00,long,1469.45,1467.656246021485,1467.736246021485,1472.1920063656241,12.25761652638524,-21.987148411315253,-1.046681146187181,stop_loss,1
2013-05-09 15:15:00,2013-05-09 15:30:00,long,1465.51,1463.4781407021987,1463.5581407021987,1468.632974876482,10.7397929840517,-21.821748231106053,-1.040986560911457,stop_loss,1
2013-05-09 15:45:00,2013-05-09 16:15:00,long,1464.02,1461.8066621360795,1461.8866621360794,1467.4333405822729,9.805723532922386,-21.703379178553558,-1.0374999203609059,stop_loss,2
2013-05-10 07:45:00,2013-05-10 10:15:00,long,1460.33,1458.6267368134247,1458.7067368134246,1462.9272210985202,12.860215589319147,-21.90433178470797,-1.0492834437825878,stop_loss,10
2013-05-10 10:45:00,2013-05-10 11:30:00,long,1455.36,1453.4632034832596,1453.5432034832595,1458.2668744267844,11.466174490123496,-21.748999833203005,-1.0440335498570084,stop_loss,3
2013-05-10 11:45:00,2013-05-10 12:00:00,long,1452.97,1450.7141642723184,1450.7941642723183,1456.4513371642906,9.554125621641823,-21.552537924058207,-1.0367674815622063,stop_loss,1
2013-05-13 07:30:00,2013-05-13 08:15:00,short,1431.8400000000001,1434.6182527227338,1434.538252722734,1427.5227956436263,7.688346841529908,-21.360170545801267,-1.0296488165566917,stop_loss,3
2013-05-13 08:30:00,2013-05-13 08:45:00,short,1434.71,1437.338585902072,1437.2585859020721,1430.632262556685,8.123085998614393,-21.352229337276395,-1.0313899562635438,stop_loss,1
2013-05-16 15:45:00,2013-05-16 16:45:00,short,1379.19,1382.575859601689,1382.495859601689,1373.9006246372976,6.249411798419381,-21.159630942586375,-1.0241994547980966,stop_loss,4
2013-05-17 08:45:00,2013-05-17 09:00:00,short,1382.88,1385.2786520697343,1385.1986520697344,1379.1701566884253,8.891958826401547,-21.328715442939586,-1.0345028049029774,stop_loss,1
2013-05-17 13:00:00,2013-05-17 14:45:00,short,1381.0800000000002,1376.1174870718194,1384.212820580113,1376.0674870718194,6.567468764904909,32.591148651264106,1.5840399414134572,take_profit,7
2013-05-20 11:45:00,2013-05-20 12:30:00,short,1354.46,1349.6678427779623,1357.4863482637736,1349.6178427779623,6.820062267886105,32.68281065179762,1.5834784381564835,take_profit,3
2013-05-20 14:30:00,2013-05-20 15:15:00,short,1356.96,1360.1076883898197,1360.0276883898198,1352.0516985762883,6.7494629810705575,-21.245206263033502,-1.0260782680096878,stop_loss,3
2013-05-20 15:30:00,2013-05-20 15:45:00,short,1364.63,1359.0440483922682,1368.1524697548325,1358.9940483922683,5.86598615465058,32.76711479150339,1.5858054139623596,take_profit,1
2013-05-21 08:45:00,2013-05-21 09:30:00,short,1398.3300000000002,1393.6925055461318,1401.2596840336678,1393.6425055461318,7.075265729477268,32.81150558009588,1.5829333131405219,take_profit,3
2013-05-22 10:15:00,2013-05-22 11:30:00,short,1387.81,1384.0125506865202,1390.2146558209247,1383.9625506865202,8.647356462335171,32.837897861309585,1.5792070035284347,take_profit,5
2013-05-22 14:45:00,2013-05-22 15:15:00,short,1395.3,1389.9454636941543,1398.6778351911535,1389.8954636941544,6.175432094235683,33.06657535286917,1.5851976200227444,take_profit,2
2013-05-23 07:45:00,2013-05-23 09:00:00,short,1372.6100000000001,1375.604082461796,1375.524082461796,1367.9474680611268,7.180896653932488,-21.50019673150791,-1.0274528950531563,stop_loss,5
2013-05-23 10:30:00,2013-05-23 11:30:00,short,1381.99,1385.5651551174851,1385.4851551174852,1376.397751812024,5.9747633234533675,-21.360705671606652,-1.0228888267647156,stop_loss,4
2013-05-23 11:45:00,2013-05-23 12:00:00,short,1386.23,1390.1770132776453,1390.0970132776454,1380.0427787557674,5.389172908937409,-21.271137027102206,-1.0206878007020033,stop_loss,1
2013-05-23 13:30:00,2013-05-23 13:45:00,short,1389.8500000000001,1393.5181246179006,1393.4381246179007,1384.1090006113593,5.796192477980898,-21.26115631857145,-1.0222957696621853,stop_loss,1
2013-05-23 15:15:00,2013-05-23 15:30:00,short,1393.79,1387.8317533985103,1397.545154125931,1387.7817533985103,5.527053727135661,32.93154908595698,1.5866849672947452,take_profit,1
2013-05-24 08:00:00,2013-05-24 08:30:00,short,1398.1100000000001,1394.7173052335834,1400.2616842290106,1394.6673052335834,9.676513600438188,32.82945704936717,1.5767623895152152,take_profit,2
2013-05-24 15:00:00,2013-05-24 15:15:00,short,1392.03,1394.692700932392,1394.612700932392,1387.8976785081725,8.08706124584935,-21.533425519634267,-1.0309753247062299,stop_loss,1
2013-05-29 14:00:00,2013-05-29 14:15:00,short,1389.52,1392.1705720788327,1392.0905720788328,1385.4070846738673,8.108465014679439,-21.49207097010141,-1.0311214770667907,stop_loss,1
2013-05-29 14:30:00,2013-05-29 14:45:00,short,1390.94,1393.7754422516468,1393.695442251647,1386.5312923973652,7.548846147857238,-21.404317318815462,-1.0290334518722404,stop_loss,1
2013-05-29 15:15:00,2013-05-29 15:30:00,short,1392.82,1388.5475063400186,1395.5215585374883,1388.4975063400186,7.683565136311277,32.82798333094378,1.5814921648721594,take_profit,1
2013-05-30 08:30:00,2013-05-30 08:45:00,short,1398.78,1400.5710332971187,1400.4910332971187,1396.04234672461,12.16998932403956,-21.796856104933976,-1.0467553729869783,stop_loss,1
2013-05-30 09:30:00,2013-05-30 10:15:00,short,1409.95,1405.7679516035398,1412.5950302477877,1405.7179516035399,7.856115545061287,32.85465541762986,1.5810966244934928,take_profit,3
2013-05-30 13:30:00,2013-05-30 13:45:00,long,1403.11,1400.5608854145457,1400.6408854145457,1407.0605833367267,8.44244843088245,-21.520768432107065,-1.0324002784120323,stop_loss,1
2013-05-31 10:15:00,2013-05-31 10:30:00,long,1414.72,1412.906382947779,1412.986382947779,1417.4937872835537,11.999380713360061,-21.7622814778408,-1.0461462927452378,stop_loss,1
2013-05-31 10:45:00,2013-05-31 11:15:00,long,1413.04,1415.8789900557172,1411.2343812151767,1415.9289900557171,11.496782505975403,32.639251207207685,1.5723086620385465,take_profit,2
2013-05-31 12:30:00,2013-05-31 14:45:00,long,1411.76,1409.4202613883797,1409.5002613883796,1415.3755817785925,9.215262709211927,-21.561305976967887,-1.0354023246708883,stop_loss,9
2013-05-31 15:00:00,2013-05-31 15:30:00,long,1406.8799999999999,1410.8367853544953,1404.3757591534404,1410.8867853544953,8.298308198601687,32.83462434731645,1.5800338693187512,take_profit,2
2013-06-03 10:30:00,2013-06-03 10:45:00,long,1392.6299999999999,1395.5872922115082,1390.7504423678072,1395.637292211508,11.091243620262142,32.80004837414207,1.5733979958136661,take_profit,1
2013-06-03 12:45:00,2013-06-03 13:30:00,long,1396.22,1393.8705870894169,1393.9505870894168,1399.8510606569332,9.214820095628221,-21.649417301370175,-1.0352514078098582,stop_loss,3
2013-06-03 13:45:00,2013-06-03 15:00:00,long,1394.48,1397.8795711011733,1392.3240180617668,1397.9295711011732,9.679549020813761,32.9063151235483,1.576808711096658,take_profit,5
2013-06-04 09:45:00,2013-06-04 10:00:00,long,1407.3899999999999,1405.716266383868,1405.796266383868,1409.9399737858107,13.13566161713724,-21.985598418734966,-1.050196594456038,stop_loss,1
2013-06-04 10:15:00,2013-06-04 10:30:00,long,1406.33,1404.6308113207842,1404.7108113207842,1408.920701886745,12.902001206336028,-21.922934389033415,-1.0494074600612167,stop_loss,1
2013-06-04 10:45:00,2013-06-04 11:30:00,long,1404.49,1407.130799075816,1402.808250577615,1407.180799075816,12.395977751657936,32.73528659041334,1.5702690547505491,take_profit,3
2013-06-04 13:00:00,2013-06-04 14:00:00,long,1400.02,1397.9669488515547,1398.0469488515546,1403.1768818375126,10.59901514129907,-21.76032020823339,-1.0405463386303802,stop_loss,4
2013-06-04 15:00:00,2013-06-04 15:30:00,long,1397.48,1395.3756160307162,1395.455616030716,1400.7190143508544,10.308754995671936,-21.693578756166772,-1.0395181947761745,stop_loss,2
2013-06-04 16:00:00,2013-06-04 16:15:00,long,1395.75,1399.3127176404298,1393.4920514747314,1399.3627176404298,9.223191302168441,32.859626353294296,1.5778560053781536,take_profit,1
2013-06-05 09:15:00,2013-06-05 09:45:00,long,1404.68,1403.1529808273497,1403.2329808273496,1406.9952306762407,14.43741095250458,-22.04620332790734,-1.0552860677397888,stop_loss,2
2013-06-05 10:15:00,2013-06-05 12:00:00,long,1399.81,1397.8860288788508,1397.9660288788507,1402.7603537938387,11.305555605480022,-21.75156249348979,-1.0433846273850902,stop_loss,7
2013-06-05 12:15:00,2013-06-05 12:30:00,long,1398.47,1396.658599571809,1396.738599571809,1401.2402406851058,12.015484449082411,-21.76485367599095,-1.0462053715000559,stop_loss,1
2013-06-05 12:45:00,2013-06-05 15:00:00,long,1397.19,1399.9736871213413,1395.4189455491617,1400.0236871213413,11.721878569507401,32.63004241186369,1.571768231080353,take_profit,9
2013-06-06 10:15:00,2013-06-06 11:00:00,long,1392.3,1395.1700247878694,1390.4749845075817,1395.2200247878693,11.41105123986743,32.74999991406734,1.5726029722993693,take_profit,3
2013-06-06 15:45:00,2013-06-06 16:00:00,long,1401.23,1398.3862575750281,1398.466257575028,1405.6519878799552,7.558897351867775,-21.49555708551398,-1.0289462575372736,stop_loss,1
2013-06-07 11:00:00,2013-06-07 11:30:00,long,1410.18,1413.16994849696,1408.2800321894001,1413.21994849696,10.972740731123768,32.80792965655384,1.5736837646821724,take_profit,2
2013-06-07 15:45:00,2013-06-07 16:00:00,long,1406.1399999999999,1403.4997494517665,1403.5797494517665,1410.236400877173,8.168524778536897,-21.566952024789543,-1.0312469418491594,stop_loss,1
2013-06-10 13:15:00,2013-06-10 14:00:00,short,1379.64,1381.4922383499463,1381.4122383499464,1376.8044186400862,11.776258051909375,-21.8124367826095,-1.0451406550379365,stop_loss,3
2013-06-10 14:15:00,2013-06-10 14:45:00,short,1381.81,1383.6051004662852,1383.5251004662853,1379.0658392539435,12.143143608374306,-21.79816275356145,-1.0466444978428562,stop_loss,2
2013-06-10 15:45:00,2013-06-10 16:00:00,short,1385.41,1382.3134108180755,1387.376618238703,1382.2634108180755,10.567945791600318,32.72458661343544,1.5745756451272068,take_profit,1
2013-06-11 14:15:00,2013-06-11 14:30:00,short,1373.71,1376.4654500516915,1376.3854500516916,1369.4292799172936,7.792544697080301,-21.471967688377998,-1.0299015113174503,stop_loss,1
2013-06-12 10:30:00,2013-06-12 12:30:00,short,1378.9,1376.7784157398505,1380.2572401625935,1376.7284157398506,15.329357876855541,32.522524389736624,1.5631605360806007,take_profit,8
2013-06-12 15:00:00,2013-06-12 15:30:00,short,1378.17,1376.1278317807846,1379.4776051370097,1376.0778317807847,15.960984425117536,32.59501514036789,1.561762156950267,take_profit,2
2013-06-13 09:15:00,2013-06-13 10:15:00,short,1390.47,1387.5231878959635,1392.3430075650228,1387.4731878959635,11.17766721675817,32.938485049235545,1.5733049663366705,take_profit,4
2013-06-14 15:45:00,2013-06-14 16:15:00,short,1388.79,1385.2021713416427,1391.0636429114732,1385.1521713416428,9.237040750953348,33.140919524684094,1.5780088598136697,take_profit,2
2013-06-18 11:00:00,2013-06-18 11:15:00,short,1382.0,1379.6548326254522,1383.4969796090923,1379.6048326254522,14.07368138983457,33.00513843522096,1.56659941144416,take_profit,1
2013-06-19 10:00:00,2013-06-19 12:30:00,short,1368.77,1366.8760696026015,1369.984956498374,1366.8260696026016,17.39488152094134,32.94469487165513,1.5588462631650475,take_profit,10
2013-06-19 14:30:00,2013-06-19 14:45:00,short,1370.27,1371.688263596735,1371.608263596735,1368.1287782452237,15.841358745600422,-22.467222431704066,-1.0597789555025658,stop_loss,1
2013-06-19 15:00:00,2013-06-19 16:30:00,short,1372.52,1374.124778305348,1374.044778305348,1370.0803547114429,13.874134497450811,-22.26491004698883,-1.0524666436552341,stop_loss,6
2013-06-21 08:30:00,2013-06-21 09:30:00,short,1295.42,1299.4280305127936,1299.3480305127937,1289.1351511795303,5.374308931242508,-21.540394181598806,-1.0203664405710104,stop_loss,4
2013-06-24 16:00:00,2013-06-24 16:30:00,short,1289.6000000000001,1284.3085586292425,1292.9384008567235,1284.2585586292425,6.310616844082021,33.39225904377561,1.5850227692402126,take_profit,2
2013-06-25 09:00:00,2013-06-25 11:00:00,short,1281.6000000000001,1284.4854950875692,1284.4054950875693,1277.1112078598894,7.5331278569929365,-21.73680342538304,-1.028515466077413,stop_loss,8
2013-06-25 11:15:00,2013-06-25 11:30:00,short,1285.0900000000001,1288.1188907177218,1288.0388907177219,1280.3717748516453,7.152072290514645,-21.66284537321404,-1.0271288452702427,stop_loss,1
2013-06-25 11:45:00,2013-06-25 14:45:00,short,1286.54,1286.9099999999999,1289.5144006698722,1281.7809589282042,7.076166339127076,-2.618181545476246,-0.12439480791798763,time_stop,12
2013-06-27 14:45:00,2013-06-27 16:30:00,short,1235.0,1229.6581762458095,1238.369889846369,1229.6081762458095,6.244155890973262,33.35518026326952,1.5851627197684866,take_profit,7
2013-06-28 08:45:00,2013-06-28 10:15:00,short,1206.46,1199.2928306607653,1210.9707308370218,1199.2428306607653,4.679691309313316,33.540140069193775,1.588915321750134,take_profit,6
2013-06-28 13:00:00,2013-06-28 15:00:00,short,1204.39,1198.5052934649314,1208.0991915844181,1198.4552934649314,5.709035970468338,33.596001284357556,1.5865199737295488,take_profit,8
2013-07-02 10:15:00,2013-07-02 10:45:00,short,1266.3700000000001,1262.1662009474721,1269.02862440783,1262.1162009474722,7.990259969331181,33.58944728852669,1.5811932818142649,take_profit,2
2013-07-03 11:15:00,2013-07-03 12:00:00,short,1246.39,1249.470050864759,1249.3900508647591,1241.5899186163854,7.1033059220008825,-21.878543547706258,-1.026666214543117,stop_loss,3
2013-07-03 14:15:00,2013-07-03 14:30:00,short,1248.52,1251.1724237720348,1251.0924237720349,1244.4041219647443,8.267114547005098,-21.9278911506111,-1.0310990750706073,stop_loss,1
2013-07-03 14:45:00,2013-07-03 15:15:00,short,1255.02,1250.2113092451111,1258.0566817218055,1250.1613092451112,6.988768711635604,33.60682749169864,1.5835346590191128,take_profit,2
2013-07-04 13:30:00,2013-07-04 14:45:00,short,1250.8400000000001,1247.8694256334827,1252.7278589790735,1247.8194256334828,11.277261752879072,33.4999446876101,1.5735149708986758,take_profit,5
2013-07-08 08:15:00,2013-07-08 10:15:00,short,1221.74,1224.1599546107104,1224.0799546107105,1217.996072622863,9.127048726139172,-22.087043646999152,-1.0341886973506877,stop_loss,8
2013-07-08 10:45:00,2013-07-08 13:00:00,short,1227.3700000000001,1230.1881590594976,1230.1081590594977,1222.9889455048042,7.7835893381320105,-21.93539280866468,-1.029216710301193,stop_loss,9
2013-07-08 13:15:00,2013-07-08 14:00:00,short,1231.39,1234.2243588986548,1234.144358898655,1226.9830257621525,7.721882172430336,-21.88658544979122,-1.029044871399656,stop_loss,3
2013-07-09 08:15:00,2013-07-09 08:30:00,short,1255.18,1257.6275024143442,1257.5475024143443,1251.391996137049,8.96517003594133,-21.94227530797243,-1.033790884231088,stop_loss,1
2013-07-09 08:45:00,2013-07-09 09:30:00,short,1259.8500000000001,1255.9422211589863,1262.3236117756337,1255.8922211589863,8.56285426966673,33.46174073368876,1.5797866421512092,take_profit,3
2013-07-10 08:45:00,2013-07-10 09:00:00,short,1248.89,1245.7519527683662,1250.8825295197714,1245.7019527683663,10.663882479586944,33.46376689353696,1.5749062688888216,take_profit,1
2013-07-10 10:15:00,2013-07-10 11:00:00,short,1253.3500000000001,1255.8030569823688,1255.723056982369,1249.55310882821,8.982097070614659,-22.033595935384803,-1.0337117905698463,stop_loss,3
2013-07-10 14:00:00,2013-07-10 14:30:00,short,1255.19,1257.3478061045103,1257.2678061045103,1251.865510232784,10.237221332487591,-22.08993868446377,-1.0385021488897699,stop_loss,2
2013-07-11 10:15:00,2013-07-11 13:15:00,long,1284.9199999999998,1283.74,1280.6345322069299,1291.7767484689116,4.953200473195095,-5.844776558369402,-0.2753491700271346,time_stop,12
2013-07-12 09:45:00,2013-07-12 10:15:00,long,1277.4199999999998,1275.3923616261684,1275.4723616261683,1280.5362213981302,10.892726202372009,-22.086509643568814,-1.041075387030163,stop_loss,2
2013-07-12 14:15:00,2013-07-12 15:15:00,long,1270.55,1274.0135657030264,1268.3540214356085,1274.0635657030264,9.640767387890952,33.3914312755551,1.5772311074385557,take_profit,4
2013-07-15 09:45:00,2013-07-15 11:30:00,long,1286.45,1284.4778300433097,1284.5578300433097,1289.477471930705,11.22399249367155,-22.135620790136727,-1.0422795001670229,stop_loss,7
2013-07-15 11:45:00,2013-07-15 12:15:00,long,1283.23,1281.1945007488755,1281.2745007488754,1286.3587988017991,10.837861552171582,-22.060459073236483,-1.0409102687990905,stop_loss,2
2013-07-15 12:30:00,2013-07-15 13:45:00,long,1280.6599999999999,1283.6593771747641,1278.7541392657722,1283.709377174764,11.096985656450858,33.284045486645276,1.573765134512718,take_profit,5
2013-07-15 15:00:00,2013-07-15 15:15:00,long,1278.54,1276.2499859936718,1276.3299859936717,1282.076022410125,9.59988364831162,-21.983868013754595,-1.0361988656048564,stop_loss,1
2013-07-15 15:30:00,2013-07-15 15:45:00,long,1274.21,1277.919611159751,1271.8602430251558,1277.969611159751,9.010255023188638,33.42454258622236,1.578721203709512,take_profit,1
2013-07-16 15:45:00,2013-07-16 17:15:00,long,1289.6699999999998,1293.2826588576768,1287.3808382139518,1293.3326588576767,9.277963139382047,33.51811571668864,1.5781579439668247,take_profit,6
2013-07-17 12:00:00,2013-07-17 14:00:00,long,1285.35,1287.804000048697,1283.7849999695643,1287.854000048697,13.613926190492327,33.408575534425886,1.5680511188322233,take_profit,8
2013-07-17 15:30:00,2013-07-17 15:45:00,long,1284.34,1286.9625765080973,1282.669639682439,1287.0125765080973,12.795210607461723,33.55641875528754,1.57006633869693,take_profit,1
2013-07-19 09:45:00,2013-07-19 11:00:00,long,1290.19,1288.4659877063627,1288.5459877063627,1292.82041966982,13.041097669417404,-22.483012704600547,-1.0486614366021112,stop_loss,5
2013-07-19 11:15:00,2013-07-19 13:30:00,long,1287.4199999999998,1290.112398593494,1285.706000879066,1290.162398593494,12.482362799569875,33.60749604504488,1.570828456450625,take_profit,9
2013-07-22 12:30:00,2013-07-22 13:15:00,long,1315.08,1318.0002080404793,1313.2236199747003,1318.0502080404792,11.5611962880636,33.7610983579632,1.5730658597277618,take_profit,3
2013-07-23 08:45:00,2013-07-23 10:15:00,long,1331.1599999999999,1333.7133210082945,1329.5329243698156,1333.7633210082945,13.232019246706724,33.78559272477593,1.5692700209673816,take_profit,6
2013-07-23 11:45:00,2013-07-23 12:15:00,long,1330.81,1328.8600707688256,1328.9400707688255,1333.8018867698788,11.549670907240923,-22.521040912472905,-1.0427823677314694,stop_loss,2
2013-07-23 12:30:00,2013-07-23 15:00:00,long,1327.54,1330.671763569032,1325.551397769355,1330.721763569032,10.837775813556666,33.941351462233406,1.5748567112972702,take_profit,10
2013-07-24 11:15:00,2013-07-24 12:30:00,long,1341.21,1339.3454556499846,1339.4254556499845,1344.065270960025,12.115085770105,-22.58911472260151,-1.044829370589323,stop_loss,5
2013-07-24 15:30:00,2013-07-24 16:45:00,long,1335.1399999999999,1338.5375985857427,1332.9852508839108,1338.5875985857426,10.012641133231995,34.018935353819195,1.5767954423898414,take_profit,5
2013-07-25 09:00:00,2013-07-25 09:30:00,long,1321.01,1319.266414488378,1319.3464144883778,1323.6717368185953,13.009711464217194,-22.68354441939286,-1.0480889016170376,stop_loss,2
2013-07-25 09:45:00,2013-07-25 10:00:00,long,1319.57,1322.2798002151799,1317.8451248655124,1322.3298002151798,12.521138476399994,33.92978373764652,1.571012394462402,take_profit,1
2013-07-25 12:00:00,2013-07-25 12:15:00,long,1318.53,1316.5325902261457,1316.6125902261456,1321.5978556381672,11.299233098901604,-22.569198628804244,-1.0417229541075672,stop_loss,1
2013-07-25 12:30:00,2013-07-25 12:45:00,long,1311.51,1309.102641572544,1309.1826415725438,1315.2337734839298,9.289553911670833,-22.36328589656832,-1.0343737342113517,stop_loss,1
2013-07-25 13:00:00,2013-07-25 14:15:00,long,1311.35,1315.128110810123,1308.957430743673,1315.178110810123,9.01766791276313,34.06974862331017,1.5791019633527053,take_profit,5
2013-07-26 11:30:00,2013-07-26 12:30:00,long,1330.83,1328.7923924270103,1328.8723924270103,1333.9621721167834,11.056115029241864,-22.528023711427355,-1.0408662088887153,stop_loss,4
2013-07-26 12:45:00,2013-07-26 13:00:00,long,1328.83,1326.9054835622842,1326.9854835622841,1331.7812263003452,11.709561389657665,-22.535243372837716,-1.0433718010661899,stop_loss,1
2013-07-26 14:30:00,2013-07-26 15:00:00,long,1327.1499999999999,1325.0562497182639,1325.1362497182638,1330.3720004507775,10.703118539771955,-22.409657458101258,-1.0397268721576336,stop_loss,2
2013-07-26 15:15:00,2013-07-26 15:30:00,long,1323.78,1321.5564360900241,1321.636436090024,1327.2097022559615,10.034031903553458,-22.31131121228762,-1.0373210239394384,stop_loss,1
2013-07-26 15:45:00,2013-07-26 16:00:00,long,1322.05,1325.6877738839669,1319.7451413225206,1325.7377738839668,9.312486812012557,33.87672131952572,1.5783066959859025,take_profit,1
2013-07-29 10:00:00,2013-07-29 10:30:00,long,1324.3799999999999,1326.946078646674,1322.7449508458285,1326.996078646674,13.16885148393626,33.79230859415287,1.5694198795966234,take_profit,2
2013-07-29 16:00:00,2013-07-29 19:00:00,long,1329.09,1331.66,1326.4326070288719,1333.341828753805,8.128005278887333,20.888973566741775,0.9671132677487344,time_stop,12
2013-07-30 10:30:00,2013-07-30 11:30:00,long,1321.9199999999998,1324.3806838695252,1320.3508225815465,1324.4306838695252,13.791354495701666,33.93616354647946,1.5681361715941071,take_profit,4
2013-07-30 15:30:00,2013-07-30 15:45:00,long,1322.3899999999999,1325.4350166436514,1320.4556145977178,1325.4850166436513,11.222662426020596,34.1731938733148,1.574151996835384,take_profit,1
2013-07-31 10:15:00,2013-07-31 10:45:00,long,1329.9099999999999,1333.0024168087975,1327.9459894945014,1333.0524168087975,11.088179364831444,34.289272246768334,1.5745418877038395,take_profit,2
2013-07-31 12:15:00,2013-07-31 14:15:00,long,1331.6499999999999,1329.6942906991364,1329.7742906991364,1334.6511348813815,11.646729743151894,-22.77761768332477,-1.0426505322349784,stop_loss,8
2013-07-31 14:30:00,2013-07-31 15:00:00,long,1328.99,1326.9990529449171,1327.079052944917,1332.047515288133,11.408125625730952,-22.712974118564464,-1.0418640588639725,stop_loss,2
2013-07-31 15:15:00,2013-07-31 15:30:00,long,1327.3999999999999,1325.332645524775,1325.412645524775,1330.57976716036,10.946662204188444,-22.630631096603967,-1.0402545197634518,stop_loss,1
2013-07-31 15:45:00,2013-07-31 16:30:00,long,1323.1399999999999,1320.6114137433008,1320.6914137433007,1327.0577380107184,8.866192399259093,-22.418932250016564,-1.0326719141631433,stop_loss,3
2013-08-01 08:00:00,2013-08-01 09:15:00,long,1317.1499999999999,1321.2526089234889,1314.5546194228193,1321.3026089234888,8.347445913736344,34.24630609403664,1.5807350026275608,take_profit,5
2013-08-01 11:15:00,2013-08-01 11:45:00,long,1317.18,1320.829629216756,1314.8677317395277,1320.879629216756,9.399122055727524,34.303310466438994,1.5783762114221305,take_profit,2
2013-08-06 10:15:00,2013-08-06 10:30:00,short,1292.51,1294.9053553234446,1294.8253553234447,1288.8054314824888,9.416221348808536,-22.555195934601397,-1.03455193213321,stop_loss,1
2013-08-06 11:00:00,2013-08-06 11:15:00,short,1294.0800000000002,1290.4553844632026,1296.3766347104986,1290.4053844632026,9.473334063694582,34.337193832541246,1.5782290149272118,take_profit,1
2013-08-07 09:15:00,2013-08-07 10:15:00,short,1283.01,1280.0793329341973,1284.8729169161265,1280.0293329341973,11.71574643697671,34.334952234143074,1.5731603704024897,take_profit,4
2013-08-07 13:15:00,2013-08-07 14:30:00,short,1280.01,1276.1654818593515,1282.4440738379053,1276.1154818593516,8.994851259649105,34.58086884015564,1.5794583059801202,take_profit,5
2013-08-07 16:00:00,2013-08-07 16:15:00,short,1280.07,1282.6687100681972,1282.5887100681973,1276.040063890884,8.720056405841436,-22.660898377108555,-1.0317622901540162,stop_loss,1
2013-08-08 15:45:00,2013-08-08 16:45:00,short,1292.92,1295.4806000844917,1295.4006000844918,1288.9510398648133,8.83575397941619,-22.624832386240307,-1.0322502609348736,stop_loss,4
2013-08-09 13:15:00,2013-08-09 14:15:00,short,1313.3700000000001,1309.5783546549203,1315.771028340675,1309.5283546549203,9.109731040062263,34.54086929298118,1.5791755894118493,take_profit,4
2013-08-12 10:45:00,2013-08-12 11:00:00,long,1329.5,1327.178553467133,1327.258553467133,1333.0863144525872,9.789126717930415,-22.72493427913486,-1.0356912372554339,stop_loss,1
2013-08-12 11:15:00,2013-08-12 12:30:00,long,1328.3,1325.9540588568648,1326.0340588568647,1331.9255058290164,9.663249347618164,-22.66941422095162,-1.0353054183434065,stop_loss,5
2013-08-13 13:00:00,2013-08-13 13:15:00,long,1331.6,1329.2065022308886,1329.2865022308886,1335.301596430578,9.445012541807815,-22.60661644804491,-1.0345796745810814,stop_loss,1
2013-08-14 08:15:00,2013-08-14 10:45:00,long,1319.73,1322.5344863902521,1317.9459460060925,1322.584486390252,12.222613377325606,34.2781528700232,1.5719739423971402,take_profit,10
2013-08-15 10:30:00,2013-08-15 11:45:00,long,1337.59,1340.671316512968,1335.632927179395,1340.7213165129679,11.177079507334591,34.44011965270617,1.5744516404941673,take_profit,5
2013-08-15 15:15:00,2013-08-15 15:30:00,long,1335.76,1333.6296991706342,1333.7096991706342,1339.0404813269854,10.70244836394939,-22.799434625965514,-1.0390186644096866,stop_loss,1
2013-08-16 08:45:00,2013-08-16 09:15:00,long,1365.07,1362.463170520733,1362.543170520733,1369.1129271668274,8.6660536721103,-22.590924181366603,-1.0316602290167731,stop_loss,2
2013-08-16 09:30:00,2013-08-16 12:30:00,long,1362.79,1360.1623234817966,1360.2423234817966,1366.8662824291252,8.577406858012706,-22.53865058787607,-1.0314011607942843,stop_loss,12
2013-08-19 10:15:00,2013-08-19 12:30:00,long,1374.11,1377.7890509260944,1371.7793431711907,1377.8390509260944,9.35675319871179,34.42397152095859,1.5785468202001542,take_profit,9
2013-08-20 08:45:00,2013-08-20 09:00:00,long,1359.37,1357.3596423706992,1357.4396423706992,1362.4585722068812,11.332733556230536,-22.782847365599462,-1.0414430977895572,stop_loss,1
2013-08-20 14:15:00,2013-08-20 15:15:00,long,1363.46,1367.5496601077512,1360.8727124326556,1367.599660107751,8.43766393110191,34.50717758163794,1.5806747419069003,take_profit,4
2013-08-21 07:45:00,2013-08-21 08:30:00,long,1368.36,1366.4705771228353,1366.5505771228352,1371.2550766034633,12.103128360933425,-22.867927610407712,-1.044212992446124,stop_loss,3
2013-08-21 10:30:00,2013-08-21 10:45:00,long,1364.35,1362.2923665231012,1362.3723665231012,1367.5142135630376,11.050551955958836,-22.737985642789006,-1.04045238965381,stop_loss,1
2013-08-21 11:00:00,2013-08-21 12:00:00,long,1362.09,1359.8990303183884,1359.9790303183884,1365.4675514905784,10.331017875338963,-22.63494694505389,-1.0378972756912614,stop_loss,4
2013-08-22 07:15:00,2013-08-22 09:45:00,long,1360.78,1364.6165733409603,1358.3508916618998,1364.6665733409602,8.95933511065991,34.37314623828728,1.5794163153550163,take_profit,10
2013-08-22 13:15:00,2013-08-22 14:00:00,long,1365.98,1369.894883262565,1363.501947960897,1369.9448832625649,8.810122454699085,34.49060093904863,1.5798228611785072,take_profit,3
2013-08-23 15:00:00,2013-08-23 15:45:00,long,1372.58,1370.8736378871386,1370.9536378871385,1375.182179380578,13.466203462499083,-22.978219392491038,-1.0491895374143796,stop_loss,3
2013-08-26 08:30:00,2013-08-26 09:30:00,long,1395.6299999999999,1398.3705228134968,1393.8859232415643,1398.4205228134967,12.530966066144533,34.34139837942471,1.5713315370105583,take_profit,4
2013-08-26 10:45:00,2013-08-26 13:45:00,long,1394.97,1394.51,1393.081736577663,1397.9912214757394,11.610482528084482,-5.340821962919284,-0.24361007821180702,time_stop,12
2013-08-28 14:00:00,2013-08-28 15:00:00,long,1422.98,1426.7049937621975,1420.6206288986266,1426.7549937621975,9.287630850773853,34.59636698472592,1.5788079120021226,take_profit,4
2013-08-29 08:45:00,2013-08-29 09:00:00,long,1407.79,1410.9089246535086,1405.809422091557,1410.9589246535086,11.098861837145044,34.61651380975806,1.5747548431259093,take_profit,1
2013-08-29 10:45:00,2013-08-29 12:45:00,long,1406.46,1410.5805622225955,1403.853398610878,1410.6305622225955,8.459825765134166,34.859238457551754,1.5808179339547526,take_profit,8
2013-08-30 10:15:00,2013-08-30 10:30:00,long,1397.6299999999999,1395.2044458779444,1395.2844458779443,1401.3828865952887,9.431081491591492,-22.875598587370824,-1.0341070791109346,stop_loss,1
2013-08-30 10:45:00,2013-08-30 12:15:00,long,1396.24,1393.661792619248,1393.741792619248,1400.2371318092032,8.836480526377919,-22.78227931297904,-1.032022961991187,stop_loss,6
2013-08-30 12:30:00,2013-08-30 14:15:00,long,1392.85,1396.4972162197457,1390.5392398626589,1396.5472162197457,9.533571207262034,34.770995539227776,1.5783620986047484,take_profit,7
2013-08-30 15:45:00,2013-08-30 17:00:00,long,1393.79,1397.257550877008,1391.59153070187,1397.307550877008,10.052147793066405,34.856333895662246,1.5772569032269481,take_profit,5
2013-09-02 10:30:00,2013-09-02 13:30:00,long,1392.93,1390.449087387386,1390.529087387386,1396.7714601801824,9.233593448857683,-22.907738447021213,-1.0333206629760774,stop_loss,12
2013-09-03 11:00:00,2013-09-03 11:15:00,long,1387.01,1385.3758548595981,1385.455854859598,1389.496632224643,14.234986758378035,-23.26203443488843,-1.0514752437981674,stop_loss,1
2013-09-04 08:45:00,2013-09-04 09:00:00,long,1409.32,1407.612216788195,1407.6922167881949,1411.9244531388879,13.562439559054148,-23.161706590072793,-1.049146593612557,stop_loss,1
2013-09-04 09:15:00,2013-09-04 09:30:00,long,1407.8799999999999,1406.1267583530864,1406.2067583530863,1410.5571866350615,13.166291941637091,-23.08369136749931,-1.0478113846541504,stop_loss,1
2013-09-04 12:00:00,2013-09-04 13:15:00,long,1404.29,1402.2939219587236,1402.3739219587235,1407.3557248660422,11.473551784346197,-22.90210477218116,-1.0417519528310193,stop_loss,5
2013-09-04 13:30:00,2013-09-04 14:00:00,long,1402.6299999999999,1400.5145513529205,1400.5945513529205,1405.8867178353269,10.778172395244878,-22.800670211508745,-1.039303374278057,stop_loss,2
2013-09-04 15:30:00,2013-09-04 15:45:00,long,1400.61,1398.3453971355914,1398.4253971355913,1404.1053645830536,10.02141644879409,-22.69452839536972,-1.0366199281815849,stop_loss,1
2013-09-04 16:00:00,2013-09-04 17:00:00,long,1393.99,1391.440469979158,1391.520469979158,1397.9412480333474,8.846795073674249,-22.555169628569477,-1.0323948278922517,stop_loss,4
2013-09-05 08:45:00,2013-09-05 09:00:00,long,1383.3899999999999,1386.1545968440198,1381.6308769724874,1386.2045968440198,12.39385497343464,34.26401234479817,1.5715767463571044,take_profit,1
2013-09-06 10:30:00,2013-09-06 10:45:00,short,1371.44,1368.7993888601345,1373.121631962416,1368.7493888601346,13.005725507672178,34.34306365759257,1.5702669780800385,take_profit,1
2013-09-09 16:00:00,2013-09-09 17:00:00,short,1387.89,1389.7731477748487,1389.6931477748487,1385.0049635602422,12.167349865301793,-22.912917824647078,-1.044366857290242,stop_loss,4
2013-09-11 08:30:00,2013-09-11 09:30:00,short,1365.75,1367.7568819091487,1367.6768819091487,1362.666988945362,11.362244824565732,-22.80268358573896,-1.0415178530765647,stop_loss,4
2013-09-11 10:00:00,2013-09-11 10:45:00,short,1367.7,1364.816926860616,1369.5331707121152,1364.766926860616,11.91820188278835,34.36104771802438,1.5727248533540008,take_profit,3
2013-09-12 13:45:00,2013-09-12 14:45:00,short,1344.45,1340.6507469028093,1346.8557831857443,1340.6007469028093,9.11005649133726,34.61141034029611,1.5792167472546006,take_profit,4
2013-09-13 10:30:00,2013-09-13 11:15:00,short,1318.04,1313.6002182450818,1320.8461135968237,1313.5502182450819,7.835051144617279,34.785917120722424,1.5821817619727268,take_profit,3
2013-09-13 15:15:00,2013-09-13 15:30:00,short,1316.6200000000001,1319.8270752035746,1319.7470752035747,1311.616679674281,7.053113195918422,-22.619864438634096,-1.0255830112139543,stop_loss,1
2013-09-18 07:15:00,2013-09-18 08:30:00,short,1297.97,1294.568894607709,1300.126940870182,1294.518894607709,10.204440909049111,34.70637900108312,1.5768190214710671,take_profit,5
2013-09-18 09:30:00,2013-09-18 10:30:00,short,1303.6200000000001,1306.1170119806725,1306.0370119806726,1299.7527808309242,9.135158860877128,-22.81060112095554,-1.033098718847753,stop_loss,4
2013-09-18 10:45:00,2013-09-18 12:15:00,short,1305.93,1302.0400217191057,1308.392486425559,1301.9900217191057,8.947934486519532,34.80727081142707,1.579695319543384,take_profit,6
2013-09-18 15:30:00,2013-09-18 16:15:00,short,1303.8,1299.7983963034706,1306.332252310331,1299.7483963034706,8.728901800697066,34.92960571231152,1.5802547322018017,take_profit,3
2013-09-19 08:15:00,2013-09-19 09:45:00,short,1363.3300000000002,1365.9597674735494,1365.8797674735495,1359.2503720423213,8.696338467297807,-22.869348040274794,-1.0313754100441819,stop_loss,6
2013-09-19 10:15:00,2013-09-19 11:15:00,short,1371.99,1367.264382527579,1374.9747609202632,1367.2143825275791,7.41362637006786,35.03396230839328,1.58324823952877,take_profit,4
2013-09-19 14:00:00,2013-09-19 15:00:00,short,1366.52,1369.4835176285267,1369.4035176285267,1361.906371794357,7.698225934817387,-22.813828266212667,-1.027743891422228,stop_loss,4
2013-09-20 10:30:00,2013-09-20 10:45:00,long,1358.95,1357.0091969672344,1357.0891969672343,1361.9272848524254,11.90472185654724,-23.104720283418324,-1.042992191323454,stop_loss,1
2013-09-20 11:00:00,2013-09-20 11:15:00,long,1356.26,1354.2416035074623,1354.3216035074622,1359.3614343880606,11.404340226279974,-23.018480312430146,-1.0412712261438268,stop_loss,1
2013-09-20 15:00:00,2013-09-20 15:15:00,long,1353.49,1351.2156230000835,1351.2956230000834,1357.0010031998668,10.053011007015789,-22.864337014264247,-1.0364568166741486,stop_loss,1
2013-09-20 15:30:00,2013-09-20 16:00:00,long,1350.12,1354.1722833713136,1347.5560728929288,1354.2222833713136,8.58619084722082,34.79367839311887,1.5804986655579443,take_profit,2
2013-09-23 07:30:00,2013-09-23 08:30:00,short,1323.54,1319.804991231694,1325.9056304801911,1319.754991231694,9.335335759909936,34.86756091834406,1.5788639855554183,take_profit,4
2013-09-23 09:15:00,2013-09-23 09:30:00,short,1325.54,1328.1690031559144,1328.0890031559145,1321.461594950537,8.691119070172274,-22.848979463911263,-1.0313848179490483,stop_loss,1
2013-09-23 09:45:00,2013-09-23 10:15:00,short,1328.66,1331.3938853742322,1331.3138853742323,1324.4137834012283,8.330424589557161,-22.774425946534258,-1.0301444820400623,stop_loss,2
2013-09-23 14:00:00,2013-09-23 16:00:00,short,1325.52,1320.6717091689986,1328.5814317693757,1320.6217091689987,7.206576788081045,34.93958016456049,1.5836677725435446,take_profit,8
2013-09-25 09:30:00,2013-09-25 09:45:00,short,1329.43,1327.0904597851138,1330.9234626343039,1327.0404597851139,14.819468381359078,34.67074224142489,1.5665207559591028,take_profit,1
2013-09-26 10:30:00,2013-09-26 10:45:00,short,1337.01,1339.1725125898538,1339.0925125898539,1333.6779798562338,10.660998584333653,-23.05454365903511,-1.0384151339058847,stop_loss,1
2013-09-26 11:00:00,2013-09-26 12:15:00,short,1338.29,1335.0193907944056,1340.3653807534965,1334.9693907944056,10.675416859120302,34.91511665299633,1.5759080352287662,take_profit,5
2013-09-26 13:45:00,2013-09-26 15:30:00,short,1336.48,1333.3204482788503,1338.4859698257185,1333.2704482788504,11.079620756666557,35.00663483141157,1.575074400741818,take_profit,7
2013-09-27 14:15:00,2013-09-27 14:45:00,short,1333.8,1335.9834585915507,1335.9034585915508,1330.4344662535186,10.599399616182481,-23.14335015723377,-1.0380326003664964,stop_loss,2
2013-09-27 15:00:00,2013-09-27 15:15:00,short,1337.3300000000002,1340.0940993169233,1340.0140993169234,1333.035441092923,8.289228102456812,-22.912249735821412,-1.0298051564245505,stop_loss,1
2013-09-30 10:15:00,2013-09-30 10:45:00,short,1342.39,1339.9371741014263,1343.9542661866087,1339.8871741014264,14.19405928366404,34.81555621686292,1.568036130661111,take_profit,2
2013-09-30 15:15:00,2013-09-30 15:30:00,long,1332.8,1331.00271063841,1331.08271063841,1335.547662978544,12.969810795290378,-23.310502964209842,-1.046585043726036,stop_loss,1
2013-09-30 15:45:00,2013-09-30 16:00:00,long,1331.04,1329.106316825976,1329.1863168259758,1334.0058930784385,11.990343013368607,-23.185524535727748,-1.0431573211220644,stop_loss,1
2013-10-01 09:30:00,2013-10-01 09:45:00,short,1333.8700000000001,1335.6459316528392,1335.5659316528393,1331.1565093554575,13.07831362688265,-23.22619113573734,-1.0471717122951272,stop_loss,1
2013-10-02 08:30:00,2013-10-02 10:00:00,short,1291.71,1288.5714300499856,1293.702856218759,1288.5214300499856,11.10640770516755,34.85823747604805,1.574910382631071,take_profit,6
2013-10-02 11:30:00,2013-10-02 12:00:00,short,1292.66,1295.1114284306093,1295.0314284306094,1288.8657145110253,9.362791578139127,-22.95221346451875,-1.0337349417622412,stop_loss,2
2013-10-02 12:15:00,2013-10-02 15:15:00,short,1294.75,1297.2432464511837,1297.1632464511838,1290.8888056781059,9.18152627986678,-22.891807813727937,-1.0331503647133446,stop_loss,12
2013-10-02 15:30:00,2013-10-02 15:45:00,short,1298.65,1301.5496015919177,1301.4696015919178,1294.138637452932,7.842066112848567,-22.738867384739116,-1.0283728028205277,stop_loss,1
2013-10-02 16:00:00,2013-10-02 16:45:00,short,1301.81,1304.8740442297656,1304.7940442297656,1297.0355292323748,7.394670675734252,-22.657598015000527,-1.0268092540994973,stop_loss,3
2013-10-03 09:45:00,2013-10-03 10:15:00,short,1315.19,1312.568890947561,1316.8594431577744,1312.518890947561,13.19045159600967,34.57361208406103,1.5700498937223346,take_profit,2
2013-10-04 14:30:00,2013-10-04 14:45:00,short,1316.47,1314.2624810612804,1317.8809493366998,1314.2124810612804,15.65602379511986,34.56096903277272,1.5645628665045124,take_profit,1
2013-10-07 11:30:00,2013-10-07 12:30:00,short,1312.64,1310.4497626382467,1314.040148351096,1310.3997626382468,15.826164641627669,34.66305709135292,1.564289498351498,take_profit,4
2013-10-07 13:45:00,2013-10-07 14:00:00,short,1313.1100000000001,1314.5703966411102,1314.4903966411102,1310.901365374224,16.10283869095246,-23.516531536603722,-1.0579543571879395,stop_loss,1
2013-10-07 14:15:00,2013-10-07 14:30:00,short,1314.93,1316.4562093487123,1316.3762093487123,1312.6160650420604,15.33752454166199,-23.408273341587332,-1.0553170259002684,stop_loss,1
2013-10-07 14:45:00,2013-10-07 15:00:00,short,1316.99,1318.5678029588387,1318.4878029588388,1314.593515265858,14.77794839498331,-23.316690703169908,-1.0534115649377216,stop_loss,1
2013-10-07 15:30:00,2013-10-07 15:45:00,short,1320.19,1317.3190477547705,1322.0155951532686,1317.2690477547706,12.098970251219287,34.735565807703495,1.5726116713716227,take_profit,1
2013-10-08 09:45:00,2013-10-08 11:15:00,short,1326.05,1323.730309660296,1327.531056462315,1323.680309660296,14.960464469495152,34.70364490737341,1.5662403147534436,take_profit,6
2013-10-10 08:45:00,2013-10-10 09:00:00,short,1306.73,1308.3678168406657,1308.2878168406658,1304.2374930549347,14.267851836867736,-23.368128018544507,-1.0513539190947114,stop_loss,1
2013-10-10 09:15:00,2013-10-10 10:00:00,short,1306.93,1304.4589302361428,1308.5056686024109,1304.4089302361429,14.076540956406129,34.784114737073516,1.5682674390264906,take_profit,3
2013-10-10 13:45:00,2013-10-10 14:15:00,short,1302.22,1304.3901588888225,1304.3101588888226,1298.8757457778838,10.644899755715265,-23.101123825489626,-1.038274602197823,stop_loss,2
2013-10-10 15:45:00,2013-10-10 16:00:00,short,1306.0900000000001,1302.1668774287225,1308.5732016070488,1302.1168774287225,8.941412382449192,35.07825673668785,1.5798647037525224,take_profit,1
2013-10-11 15:00:00,2013-10-11 15:30:00,short,1289.92,1285.7499286035334,1292.5575446227917,1285.6999286035334,8.444780770109048,35.215338738863856,1.5810429747546666,take_profit,2
2013-10-14 13:00:00,2013-10-14 13:30:00,short,1277.2,1278.9329929171897,1278.8529929171898,1274.5552113324964,13.517248958525585,-23.425296705014368,-1.0483970615772118,stop_loss,2
2013-10-14 13:45:00,2013-10-14 14:00:00,short,1281.26,1283.1717366760442,1283.0917366760443,1278.3292213183288,12.172637304546537,-23.270877179286114,-1.0436743998447902,stop_loss,1
2013-10-14 15:15:00,2013-10-14 16:00:00,short,1286.39,1282.9616781265543,1288.5639511709037,1282.9116781265543,10.235061733845836,35.08908601821217,1.5770004033811271,take_profit,3
2013-10-16 10:00:00,2013-10-16 10:15:00,short,1286.82,1283.8390375752524,1288.7143515154671,1283.7890375752525,11.78276704738005,35.12398582779334,1.5736057433946604,take_profit,1
2013-10-16 13:30:00,2013-10-16 14:45:00,short,1282.66,1279.0516184194846,1284.946488487822,1279.0016184194847,9.792723953570082,35.33588473713491,1.5781324068474294,take_profit,5
2013-10-17 10:30:00,2013-10-17 10:45:00,short,1281.68,1283.8711152823853,1283.7911152823854,1278.3022155481835,10.639694829148379,-23.312797940062083,-1.0378946619672695,stop_loss,1
2013-10-17 14:15:00,2013-10-17 14:30:00,short,1313.04,1317.4254677759016,1317.3454677759016,1306.1512515585573,5.206169904071959,-22.83149035017624,-1.018581023982504,stop_loss,1
2013-10-18 14:15:00,2013-10-18 15:15:00,long,1317.53,1320.8104376323647,1315.4484764797721,1320.8604376323647,10.746615908861758,35.253603247999685,1.575979132825583,take_profit,4
2013-10-21 11:45:00,2013-10-21 12:30:00,long,1318.32,1316.3307849032885,1316.4107849032885,1321.3747441547384,11.753437851134718,-23.380116011736433,-1.0419020361496842,stop_loss,3
2013-10-21 13:00:00,2013-10-21 14:30:00,long,1315.32,1318.2969072734672,1313.4281829540828,1318.3469072734672,11.83681096433239,35.23708865437863,1.5735703829775483,take_profit,6
2013-10-22 11:15:00,2013-10-22 11:30:00,long,1315.04,1313.9673472900774,1314.0473472900774,1316.6282443358762,22.629822801454353,-24.273940753046496,-1.0805921337848012,stop_loss,1
2013-10-22 11:45:00,2013-10-22 13:15:00,long,1311.99,1313.8979453712402,1310.7662841429749,1313.9479453712402,18.317166455550353,34.94815295310361,1.5591408416316916,take_profit,6
2013-10-22 15:15:00,2013-10-22 15:30:00,long,1312.55,1314.8320230392967,1311.0924856004394,1314.8820230392967,15.426882478904957,35.20450124138441,1.5656950215962415,take_profit,1
2013-10-23 07:30:00,2013-10-23 07:45:00,long,1338.6699999999998,1337.4868497352795,1337.5668497352794,1340.4350404235524,20.44627380072424,-24.19101425987113,-1.0725195855527476,stop_loss,1
2013-10-23 08:00:00,2013-10-23 10:00:00,long,1336.03,1334.685497986032,1334.765497986032,1338.0532032223489,17.799046643403987,-23.930854058765963,-1.0632660123243987,stop_loss,8
2013-10-23 10:15:00,2013-10-23 10:30:00,long,1334.55,1333.0955121082693,1333.1755121082692,1336.7491806267692,16.339953777910306,-23.76626492140904,-1.0582034956300657,stop_loss,1
2013-10-23 11:30:00,2013-10-23 12:00:00,long,1332.02,1330.2293982738138,1330.3093982738137,1334.756962761898,13.101551194678365,-23.4596601849079,-1.0467671689881224,stop_loss,2
2013-10-23 14:00:00,2013-10-23 15:15:00,long,1330.1599999999999,1333.030083524762,1328.3349477970237,1333.080083524762,12.25423400628986,35.170675130031924,1.5726035233851197,take_profit,5
2013-10-25 09:15:00,2013-10-25 09:30:00,long,1342.68,1341.5798349925244,1341.6598349925243,1344.3122640119611,21.991499370025853,-24.1942780688253,-1.0784186865984333,stop_loss,1
2013-10-25 09:45:00,2013-10-25 10:15:00,long,1341.4199999999998,1343.1983909082724,1340.2772556823295,1343.2483909082723,19.590182350436418,34.839002183416774,1.5562456804843465,take_profit,2
2013-10-25 13:15:00,2013-10-25 13:45:00,long,1341.78,1340.3207529187077,1340.4007529187077,1343.986795330068,16.281526255914425,-23.758769667925982,-1.0580026603536257,stop_loss,2
2013-10-25 14:00:00,2013-10-25 14:15:00,long,1340.25,1338.7170496218662,1338.797049621866,1342.5747206050144,15.422914894656618,-23.64256321968957,-1.0550603800404221,stop_loss,1
2013-10-28 15:45:00,2013-10-28 16:00:00,long,1349.06,1351.8017244331259,1347.3151722292964,1351.8517244331258,12.815846513414066,35.137519517018845,1.5713438765480177,take_profit,1
2013-10-29 07:45:00,2013-10-29 08:45:00,long,1352.1599999999999,1354.4078459375435,1350.723846289035,1354.4578459375434,15.619302982298887,35.10978675602344,1.5651847851532932,take_profit,4
2013-10-29 09:45:00,2013-10-29 10:00:00,long,1345.5,1343.4427176832703,1343.5227176832702,1348.6636517067675,11.380236056245552,-23.412358398723686,-1.040459573892432,stop_loss,1
2013-10-29 14:00:00,2013-10-29 14:15:00,long,1343.3899999999999,1346.9295449597685,1341.1465344001444,1346.9795449597684,10.009119283520317,35.42772771170695,1.5777130525186958,take_profit,1
2013-10-31 08:00:00,2013-10-31 08:15:00,long,1336.98,1335.4152940706338,1335.4952940706337,1339.3555294869861,15.172008010007016,-23.739730893650293,-1.053882724125761,stop_loss,1
2013-10-31 08:30:00,2013-10-31 10:00:00,long,1335.5,1333.9483402955975,1334.0283402955974,1337.8546555270443,15.274244938430966,-23.7004303861369,-1.054360393072259,stop_loss,6
2013-10-31 10:15:00,2013-10-31 11:30:00,long,1333.6,1336.8895148219328,1331.5128032362918,1336.9395148219328,10.746993441308454,35.3523942164001,1.5760444243353389,take_profit,5
2013-10-31 14:00:00,2013-10-31 14:15:00,long,1329.32,1327.2583612940448,1327.3383612940447,1332.4906219295285,11.355144936915933,-23.410206313676504,-1.0403706284902041,stop_loss,1
2013-10-31 14:30:00,2013-10-31 15:30:00,long,1326.22,1329.9362607453588,1323.8660870341507,1329.9862607453588,9.539424197867415,35.45098767986049,1.578758772849509,take_profit,4
2013-10-31 16:00:00,2013-10-31 17:00:00,long,1325.3999999999999,1322.4402156854317,1322.5202156854316,1330.0076549033092,7.82207062088032,-23.15164193112628,-1.0277798582328623,stop_loss,4
2013-11-04 11:00:00,2013-11-04 13:00:00,short,1314.6200000000001,1312.5673469961362,1315.934158127415,1312.5173469961362,17.105683500823705,35.11203262111182,1.5619528282351989,take_profit,8
2013-11-04 13:45:00,2013-11-04 14:00:00,short,1316.04,1317.4793208337057,1317.3993208337058,1313.8650866660707,16.58901747379238,-23.87691846073858,-1.0588529197936496,stop_loss,1
2013-11-04 14:45:00,2013-11-04 15:00:00,short,1318.3700000000001,1319.9851377637306,1319.9051377637306,1315.9137795780314,14.657996016743803,-23.674682907253356,-1.0521125868244687,stop_loss,1
2013-11-05 13:30:00,2013-11-05 14:45:00,short,1313.04,1314.643745268,1314.563745268,1310.6020075712,14.736514253181046,-23.633615000353824,-1.0525022139067426,stop_loss,5
2013-11-05 15:00:00,2013-11-05 15:15:00,short,1316.47,1318.214121664773,1318.1341216647731,1313.807405336363,13.465017074430461,-23.48462799605316,-1.048073408148817,stop_loss,1
2013-11-06 10:45:00,2013-11-06 11:00:00,short,1317.1200000000001,1318.6948696367215,1318.6148696367216,1314.7282085812456,14.958132016881985,-23.557107935457072,-1.0535163722874086,stop_loss,1
2013-11-06 13:15:00,2013-11-06 15:00:00,short,1320.16,1317.439987466195,1321.8912578336283,1317.389987466195,12.888515346945463,35.056923285832006,1.5711192642547243,take_profit,7
2013-11-07 12:15:00,2013-11-07 12:45:00,short,1316.8700000000001,1315.1887421646622,1317.9520361470863,1315.1387421646623,20.686422597880732,34.77921007779744,1.5537908228530681,take_profit,2
2013-11-08 07:45:00,2013-11-08 08:45:00,short,1310.24,1311.3634753349925,1311.2834753349925,1308.5704394640122,21.517533450011594,-24.174418100963308,-1.076666881637887,stop_loss,4
2013-11-11 13:45:00,2013-11-11 14:00:00,short,1285.93,1287.571203388742,1287.4912033887422,1283.4320745780128,14.350895437662222,-23.55273822377395,-1.051242522644269,stop_loss,1
2013-11-12 08:15:00,2013-11-12 08:30:00,short,1280.38,1281.711017155392,1281.631017155392,1278.378372551373,17.871506410564756,-23.787281625158347,-1.0639479639868408,stop_loss,1
2013-11-12 08:45:00,2013-11-12 09:30:00,short,1281.68,1283.0215403023533,1282.9415403023534,1279.6615355162348,17.684719630000536,-23.724764119462908,-1.063414541612895,stop_loss,3
2013-11-13 15:00:00,2013-11-13 16:00:00,short,1278.17,1275.1746660059978,1280.0733337462516,1275.1246660059978,11.696601851708726,35.03522914073333,1.5737303034222938,take_profit,4
2013-11-14 15:45:00,2013-11-14 16:15:00,short,1285.49,1281.9791424503799,1287.7155359685125,1281.92914245038,10.034709748606314,35.230436479141304,1.5775335017239343,take_profit,2
2013-11-15 13:15:00,2013-11-15 15:30:00,short,1283.72,1285.2320649278229,1285.152064927823,1281.4286961154835,15.643891500173082,-23.65457967207768,-1.0558633889048217,stop_loss,9
2013-11-19 10:00:00,2013-11-19 12:30:00,short,1275.06,1272.898763867787,1276.442022582633,1272.848763867787,16.176117144286543,34.96040885114119,1.5638211411100065,take_profit,10
2013-11-19 14:00:00,2013-11-19 15:30:00,short,1276.32,1273.7072160202842,1277.984239987322,1273.6572160202843,13.475027749157162,35.20733662922216,1.5699562560804559,take_profit,6
2013-11-21 11:30:00,2013-11-21 14:30:00,short,1248.77,1248.96,1250.6045256623274,1245.8347589402763,12.262621965800626,-2.329898173502788,-0.10356900636593047,time_stop,12
2013-11-22 14:15:00,2013-11-22 15:00:00,short,1246.55,1248.1973748407618,1248.1173748407618,1244.042200254781,14.349748574758076,-23.63941477331414,-1.051040758036565,stop_loss,3
2013-11-25 16:00:00,2013-11-25 16:30:00,short,1234.8400000000001,1236.9621047722378,1236.8821047722379,1231.5726323644199,10.990697618905047,-23.323411867299516,-1.0391752671496202,stop_loss,2
2013-11-27 10:45:00,2013-11-27 11:45:00,short,1248.05,1249.269036082833,1249.1890360828331,1246.227542267467,19.66356428177679,-23.970594376594025,-1.0702348250469291,stop_loss,4
2013-11-27 12:00:00,2013-11-27 13:00:00,short,1251.73,1253.2449216924185,1253.1649216924186,1249.4341252921301,15.575461827209235,-23.59560499147573,-1.055752171301478,stop_loss,4
2013-11-28 11:15:00,2013-11-28 14:15:00,short,1242.75,1242.54,1244.1871133110442,1240.4506187023294,15.518871521072047,3.2589630194256944,0.14612626463493916,time_stop,12
2013-11-29 09:45:00,2013-11-29 10:00:00,short,1244.1100000000001,1245.1762863074996,1245.0962863074997,1242.5319419080008,22.619085950725744,-24.118421637412435,-1.081112349823395,stop_loss,1
2013-11-29 10:15:00,2013-11-29 11:45:00,short,1248.38,1246.210225420674,1249.7673591120788,1246.1602254206741,16.045346676483778,34.81478533510792,1.5639603044629533,take_profit,6
2013-11-29 14:15:00,2013-11-29 14:30:00,short,1247.75,1249.1827476124326,1249.1027476124327,1245.5856038201077,16.507356792590155,-23.650876032157424,-1.0591388957294545,stop_loss,1
2013-12-02 09:00:00,2013-12-02 09:30:00,short,1247.16,1245.8675636509713,1247.9990227181431,1245.8175636509714,26.55826267255871,34.324864045069,1.5404068579802546,take_profit,2
2013-12-03 08:00:00,2013-12-03 08:45:00,short,1221.73,1222.8961127114212,1222.8161127114213,1219.992219661726,20.579480591409652,-23.99799391208851,-1.073657180473692,stop_loss,3
2013-12-03 09:15:00,2013-12-03 09:30:00,short,1223.94,1225.1103566165916,1225.0303566165917,1222.1954294134537,20.455362160934474,-23.940068449826327,-1.073370490702391,stop_loss,1
2013-12-03 13:45:00,2013-12-03 15:00:00,short,1222.8600000000001,1224.5615119989461,1224.4815119989462,1220.2655808016864,13.72531276642975,-23.353784361366788,-1.049336668524146,stop_loss,5
2013-12-04 14:15:00,2013-12-04 14:45:00,short,1213.93,1215.4660472767557,1215.3860472767558,1211.600324357191,15.252974354524742,-23.429289719691543,-1.0549432709205557,stop_loss,2
2013-12-04 15:00:00,2013-12-04 15:15:00,short,1220.94,1222.865505053583,1222.7855050535832,1217.987191914267,12.008741536016194,-23.122892514771713,-1.0433485672903493,stop_loss,1
2013-12-06 09:30:00,2013-12-06 09:45:00,short,1231.65,1229.5652383204656,1232.9842260497092,1229.5152383204656,16.575862397293427,34.55672273111412,1.5625250908488084,take_profit,1
2013-12-06 11:30:00,2013-12-06 12:15:00,short,1231.4,1229.058984319205,1232.894384800497,1229.008984319205,14.845614626800268,34.75381663238172,1.5665414155824195,take_profit,3
2013-12-06 15:15:00,2013-12-06 15:30:00,short,1231.8500000000001,1233.8498883836712,1233.7698883836713,1228.7781785861264,11.591594946282372,-23.181896081290482,-1.0416690890368083,stop_loss,1
2013-12-09 15:15:00,2013-12-09 16:15:00,short,1232.64,1234.045736620511,1233.965736620511,1230.5188214071825,16.751596319989183,-23.548332399024076,-1.060343810951752,stop_loss,4
2013-12-10 09:00:00,2013-12-10 09:30:00,short,1246.25,1244.62605436347,1247.2962160228312,1244.5760543634701,21.182153154810734,34.39866518806347,1.5522087227600114,take_profit,2
2013-12-10 12:45:00,2013-12-10 13:15:00,short,1248.0,1245.4241624271401,1249.6411484830373,1245.3741624271402,13.545334617049662,34.89058184355614,1.569533530624038,take_profit,2
2013-12-10 14:15:00,2013-12-10 15:00:00,short,1248.01,1249.7284664178856,1249.6484664178856,1245.388453731383,13.610096782739078,-23.388494265309483,-1.048826145672954,stop_loss,3
2013-12-11 09:45:00,2013-12-11 10:15:00,long,1256.7,1255.501654912415,1255.581654912415,1258.4893521401361,19.89807062345339,-23.844755184035552,-1.071534270493086,stop_loss,2
2013-12-11 11:00:00,2013-12-11 13:45:00,long,1255.1,1257.2533055947067,1253.7229340033082,1257.3033055947067,16.125022386101058,34.72210091876393,1.563690919592761,take_profit,11
2013-12-11 15:00:00,2013-12-11 15:15:00,long,1255.02,1257.4274753681905,1253.484077894881,1257.4774753681904,14.502469982945401,34.914339261863,1.5674462657753137,take_profit,1
2013-12-12 11:00:00,2013-12-12 11:15:00,long,1252.71,1251.2140655473934,1251.2940655473933,1254.975495124171,15.780739611934514,-23.606952073107518,-1.0564997905465519,stop_loss,1
2013-12-12 11:30:00,2013-12-12 11:45:00,long,1245.1599999999999,1242.9724340689256,1243.0524340689255,1248.5321054897186,10.579635337264131,-23.143649826988057,-1.0379584803589743,stop_loss,1
2013-12-13 13:15:00,2013-12-13 13:30:00,short,1228.0900000000001,1230.1768613459328,1230.096861345933,1224.8790218465076,11.087458406356374,-23.137988372861418,-1.039863242252416,stop_loss,1
2013-12-13 14:30:00,2013-12-13 14:45:00,short,1232.6200000000001,1229.0429458269905,1234.8869088581312,1228.9929458269905,9.795151509494158,35.03778758229764,1.5779435331858611,take_profit,1
2013-12-13 16:00:00,2013-12-13 17:15:00,short,1234.04,1236.753378395243,1236.6733783952432,1229.8265945676108,8.458636760675429,-22.951482239626007,-1.0303792269825085,stop_loss,5
2013-12-16 12:15:00,2013-12-16 12:30:00,short,1231.56,1229.0637879567873,1233.1513825270079,1229.0137879567874,13.968287295505075,34.86780697009345,1.5685807785673915,take_profit,1
2013-12-16 14:45:00,2013-12-16 15:00:00,short,1232.96,1234.6262306465032,1234.5462306465033,1230.4220309655946,14.05761765944256,-23.4232333609879,-1.050434027470268,stop_loss,1
2013-12-16 15:15:00,2013-12-16 17:15:00,short,1235.3700000000001,1237.2656784656076,1237.1856784656077,1232.464914455028,12.255351320733798,-23.232205587169357,-1.0440606646580222,stop_loss,8
2013-12-17 08:00:00,2013-12-17 08:30:00,short,1246.45,1244.6103277363666,1247.631045164771,1244.5603277363666,18.80140889840077,34.58843046761949,1.5576646164842491,take_profit,2
2013-12-17 13:45:00,2013-12-17 14:30:00,short,1239.55,1237.0334528054407,1241.1540919965994,1236.9834528054407,13.886042682397779,34.94488175591855,1.5688297179302593,take_profit,3
2013-12-18 16:00:00,2013-12-18 16:15:00,short,1232.92,1234.6128131286612,1234.5328131286612,1230.3394989941423,13.854289314554858,-23.452722839947665,-1.0496027708221454,stop_loss,1
2013-12-19 08:15:00,2013-12-19 08:45:00,short,1222.04,1223.8750876024355,1223.7950876024356,1219.231859836103,12.704479376505597,-23.31383259922391,-1.0455817703281056,stop_loss,2
2013-12-19 09:00:00,2013-12-19 09:30:00,short,1223.57,1220.9224038119235,1225.2559976175476,1220.8724038119235,13.19743655170223,34.94148270666799,1.5703439675837414,take_profit,2
2013-12-19 13:45:00,2013-12-19 14:15:00,short,1208.44,1204.1794112008613,1211.1341179994618,1204.1294112008613,8.284985866906766,35.298917985565886,1.5814410504625467,take_profit,2
2013-12-20 11:00:00,2013-12-20 12:45:00,short,1197.4,1194.6711206481,1199.1367995949377,1194.6211206481,12.89229192047073,35.18150922044112,1.57121141659306,take_profit,7
2013-12-20 14:30:00,2013-12-20 14:45:00,short,1197.39,1194.9694478349488,1198.934095103157,1194.9194478349489,14.54683092887758,35.21136309952949,1.5676185748549116,take_profit,1
2013-12-23 14:30:00,2013-12-23 14:45:00,short,1197.75,1199.6591580601678,1199.5791580601679,1194.8233471037313,12.318297483741045,-23.51757692862874,-1.0437359688820909,stop_loss,1
2013-12-23 15:00:00,2013-12-23 15:15:00,short,1199.99,1201.9782026131038,1201.8982026131039,1196.9368758190337,11.783380769770064,-23.427748437653843,-1.041924269179047,stop_loss,1
2013-12-23 15:30:00,2013-12-23 16:15:00,short,1202.68,1199.5115000684525,1204.6915624572173,1199.4615000684526,11.154623809314183,35.34342477625075,1.5751436999529362,take_profit,3
2013-12-24 10:30:00,2013-12-24 10:45:00,short,1199.91,1198.4538675545614,1200.8513327783992,1198.4038675545614,23.911744969755098,34.81866767751597,1.546883821378347,take_profit,1
2013-12-26 09:15:00,2013-12-26 12:15:00,short,1206.03,1206.0,1207.3698722191277,1203.8862044493956,16.851268607392832,0.5055380582213251,0.022390194804921347,time_stop,12
2013-12-26 13:30:00,2013-12-26 14:30:00,short,1206.72,1205.113087961639,1207.7555700239757,1205.063087961639,21.803989317435725,35.03709291848403,1.5517174127848932,take_profit,4
2013-12-26 15:30:00,2013-12-26 15:45:00,short,1208.8,1210.1419387695294,1210.0619387695294,1206.780897968753,17.948281226436823,-24.085494424172374,-1.0633945179683764,stop_loss,1
2013-12-27 15:30:00,2013-12-27 15:45:00,short,1212.74,1214.2424532335526,1214.1624532335527,1210.4640748263157,15.889071362129414,-23.872586646179585,-1.0562408648051795,stop_loss,1
2013-12-30 13:30:00,2013-12-30 14:00:00,short,1204.98,1202.6137041491172,1206.4901849068017,1202.5637041491173,14.934406814913286,35.339224881525226,1.5668914715180438,take_profit,2
2013-12-30 16:00:00,2013-12-30 17:00:00,short,1206.54,1203.708717881662,1208.3408013239612,1203.6587178816621,12.56351487120997,35.57085499832866,1.5722345828300142,take_profit,4
2013-12-31 08:00:00,2013-12-31 08:15:00,short,1199.48,1200.7487837455442,1200.6687837455443,1197.5779460071294,19.0913915241055,-24.222847245604786,-1.0672956711426955,stop_loss,1
2013-12-31 11:30:00,2013-12-31 11:45:00,short,1200.49,1201.8461755234714,1201.7661755234715,1198.448119162446,17.746062209046045,-24.06677520590892,-1.0626873016513516,stop_loss,1
2013-12-31 13:15:00,2013-12-31 13:45:00,short,1204.82,1202.167527087087,1206.5090455705706,1202.117527087087,13.379719927354776,35.48934468967119,1.5703974831282073,take_profit,2
2014-01-02 15:30:00,2014-01-02 16:00:00,short,1221.3500000000001,1224.5298036367624,1224.4498036367625,1216.3903141811804,7.313345625928856,-23.25500301822783,-1.025808086373976,stop_loss,2
2014-01-03 11:00:00,2014-01-03 11:15:00,long,1231.11,1229.3062787981314,1229.3862787981313,1233.8679539229897,13.124759002554033,-23.673406082320966,-1.0464112177266285,stop_loss,1
2014-01-03 11:30:00,2014-01-03 11:45:00,long,1229.75,1232.545460270333,1227.971587331042,1232.595460270333,12.69451064087409,35.487000147883336,1.5718850405912184,take_profit,1
2014-01-03 15:30:00,2014-01-03 16:45:00,long,1228.19,1231.1681918500399,1226.2973800937252,1231.2181918500398,11.96598031922005,35.63698506443804,1.5735815945747278,take_profit,5
2014-01-06 07:15:00,2014-01-06 07:45:00,long,1238.52,1241.162853734527,1236.8369664159206,1241.212853734527,13.498439208392313,35.674400472186385,1.5702917395868754,take_profit,2
2014-01-06 12:15:00,2014-01-06 15:15:00,long,1237.28,1240.1220250461422,1235.472484346161,1240.1720250461422,12.608286557806641,35.833066186224826,1.5723377222798556,take_profit,12
2014-01-07 14:45:00,2014-01-07 15:00:00,long,1236.25,1238.6940709247024,1234.6912056720612,1238.7440709247023,14.666040954821717,35.844844278173994,1.5679239274203405,take_profit,1
2014-01-08 10:30:00,2014-01-08 10:45:00,long,1225.34,1223.9337348645067,1224.0137348645067,1227.462024216789,17.291437834352493,-24.316346168997708,-1.0603197640192614,stop_loss,1
2014-01-08 11:00:00,2014-01-08 11:30:00,long,1224.57,1223.0261795515391,1223.106179551539,1226.9121127175374,15.633337048935605,-24.135065413826485,-1.054651511450085,stop_loss,2
2014-01-08 13:15:00,2014-01-08 14:30:00,long,1225.4199999999998,1227.8605673865572,1223.8633953834014,1227.9105673865572,14.670474490168296,35.80428158602711,1.5678788052747084,take_profit,5
2014-01-08 15:45:00,2014-01-08 16:30:00,long,1221.58,1219.2676590855458,1219.3476590855457,1225.1517454631266,10.261755601006874,-23.72867733033698,-1.03583682021054,stop_loss,3
2014-01-10 09:00:00,2014-01-10 10:00:00,long,1233.95,1235.9306718132611,1232.680830116712,1235.980671813261,18.011993373474407,35.675847575486415,1.5606041707591196,take_profit,4
2014-01-10 11:15:00,2014-01-10 11:30:00,long,1233.34,1231.736851942407,1231.8168519424069,1235.7770368921488,15.055418354394867,-24.136064691097967,-1.0525227994751518,stop_loss,1
2014-01-10 11:45:00,2014-01-10 14:45:00,long,1232.51,1234.1200000000001,1230.9649386646263,1234.9820981365979,14.81064768721981,23.845142776425778,1.0420298295864856,time_stop,12
2014-01-13 09:00:00,2014-01-13 09:45:00,long,1249.28,1247.8073799063081,1247.887379906308,1251.508192149907,16.466119857661116,-24.248338967529822,-1.0574456740659568,stop_loss,3
2014-01-13 11:15:00,2014-01-13 11:30:00,long,1246.55,1245.0834585365958,1245.1634585365957,1248.7684663414468,16.50333098932503,-24.202819180127875,-1.0576975172480683,stop_loss,1
2014-01-14 11:15:00,2014-01-14 11:45:00,long,1249.26,1248.1955746133665,1248.2755746133664,1250.8350806186138,23.195406551540103,-24.68977958674434,-1.0812656815703443,stop_loss,2
2014-01-14 14:30:00,2014-01-14 14:45:00,long,1247.52,1249.1103483738264,1246.4947822663585,1249.1603483738263,22.224320508502334,35.3444119800928,1.551229872095122,take_profit,1
2014-01-15 07:15:00,2014-01-15 08:00:00,long,1239.1699999999998,1240.7302615857377,1238.1635865089136,1240.7802615857377,22.70980718148001,35.43323976477709,1.5503186310169448,take_profit,3
2014-01-15 10:15:00,2014-01-15 11:00:00,long,1239.82,1238.6130844794561,1238.693084479456,1241.62306483287,20.344313649947797,-24.553867898933415,-1.0709902371043007,stop_loss,3
2014-01-15 11:15:00,2014-01-15 13:00:00,long,1236.6299999999999,1238.5414699784362,1235.404081263477,1238.5914699784362,18.661281853013147,35.670480021173574,1.5592142623238534,take_profit,7
2014-01-15 14:45:00,2014-01-15 15:00:00,long,1238.1499999999999,1236.8920504206949,1236.9720504206948,1240.0347193268879,19.481781253084204,-24.50709853142887,-1.0679146216488524,stop_loss,1
2014-01-16 09:30:00,2014-01-16 09:45:00,long,1240.3899999999999,1239.3316770981974,1239.4116770981973,1241.955316642884,23.406936290592505,-24.77209673736639,-1.0817725925177926,stop_loss,1
2014-01-16 10:00:00,2014-01-16 10:15:00,long,1239.12,1238.0460889265069,1238.1260889265068,1240.7102577175888,22.98998195114121,-24.689196196735587,-1.0804900982929655,stop_loss,1
2014-01-16 10:30:00,2014-01-16 10:45:00,long,1237.84,1236.719484839692,1236.799484839692,1239.5048242564924,21.912817917525995,-24.553644681652976,-1.076884992215062,stop_loss,1
2014-01-17 09:45:00,2014-01-17 10:30:00,long,1241.0,1239.9526373872402,1240.0326373872401,1242.5477801804157,23.5191144032117,-24.633041111144404,-1.082699081962335,stop_loss,3
2014-01-17 14:00:00,2014-01-17 14:15:00,long,1240.72,1239.5785336835036,1239.6585336835035,1242.4183461063947,21.38762721326636,-24.41325605372665,-1.0753674410168517,stop_loss,1
2014-01-20 10:00:00,2014-01-20 11:15:00,long,1253.8,1255.454700273457,1252.7345623290892,1255.504700273457,21.26207847071337,35.18236705975654,1.5530709290977167,take_profit,5
2014-01-21 10:30:00,2014-01-21 10:45:00,long,1251.27,1250.0690699996792,1250.149069999679,1253.0634880005132,20.272259723777783,-24.3455648765797,-1.0713693093922254,stop_loss,1
2014-01-21 11:15:00,2014-01-21 11:30:00,long,1249.1699999999998,1247.9148676345828,1247.9948676345828,1251.0502117846675,19.29577776617345,-24.21875519021827,-1.06807743736301,stop_loss,1
2014-01-21 14:00:00,2014-01-21 14:15:00,long,1246.77,1245.5239861936923,1245.6039861936922,1248.6356220900923,19.405135116018485,-24.179066267825426,-1.0686098222569511,stop_loss,1
2014-01-22 08:15:00,2014-01-22 08:30:00,long,1240.4199999999998,1239.3893757188987,1239.4693757188986,1241.9409988497619,23.751021065708986,-24.478379011264696,-1.0841552247195423,stop_loss,1
2014-01-22 08:45:00,2014-01-22 09:30:00,long,1239.53,1241.0399632939275,1238.5550229412952,1241.0899632939274,23.107559677267215,34.89156692491297,1.5487167420466699,take_profit,3
2014-01-23 08:15:00,2014-01-23 09:00:00,short,1236.14,1237.231548443417,1237.1515484434171,1234.521522490533,22.341118558293143,-24.386413186498828,-1.079086672042799,stop_loss,3
2014-01-23 10:45:00,2014-01-23 11:30:00,short,1237.88,1239.1557987841343,1239.0757987841343,1235.9667219453854,18.857981104062155,-24.0589893637876,-1.066900887558476,stop_loss,3
2014-01-24 10:00:00,2014-01-24 10:30:00,long,1257.56,1259.2875014423312,1256.449061598543,1259.3375014423311,20.25515804227,34.99081473266847,1.5549930041717461,take_profit,2
2014-01-24 15:30:00,2014-01-24 16:30:00,long,1266.56,1269.7096296622462,1264.560231461096,1269.7596296622462,11.287413561658235,35.55117256383991,1.5749971064014217,take_profit,4
2014-01-27 08:30:00,2014-01-27 09:00:00,long,1269.22,1267.8310215008855,1267.9110215008855,1271.3143655985834,17.29846356272923,-24.027193956346522,-1.0611163590953108,stop_loss,2
2014-01-27 09:15:00,2014-01-27 10:00:00,long,1267.5,1266.085037987407,1266.165037987407,1269.6359392201487,16.92577187236084,-23.949324233204386,-1.0599267988491579,stop_loss,3
2014-01-27 14:00:00,2014-01-27 15:15:00,long,1264.08,1262.1155750094988,1262.1955750094987,1267.0950799848017,11.965116122214768,-23.504573124726654,-1.0424532684522771,stop_loss,5
2014-01-27 15:30:00,2014-01-27 16:30:00,long,1260.37,1258.194075459102,1258.2740754591018,1263.723479265437,10.735288532410557,-23.359177771292952,-1.0381693130830218,stop_loss,4
2014-01-28 11:30:00,2014-01-28 11:45:00,long,1254.8799999999999,1253.390323454827,1253.470323454827,1257.1354824722766,15.92821871800643,-23.727893830597655,-1.0567506072750275,stop_loss,1
2014-01-28 12:30:00,2014-01-28 13:00:00,long,1252.8999999999999,1255.1744344775796,1251.4472284515125,1255.2244344775795,15.423058476624632,35.07873594896274,1.565583026421359,take_profit,2
2014-01-29 10:15:00,2014-01-29 11:00:00,long,1251.87,1253.5947655736113,1250.7607715164927,1253.6447655736113,20.263037193499223,34.94898896815525,1.554923624173444,take_profit,3
2014-01-30 09:30:00,2014-01-30 09:45:00,long,1258.2,1256.828721337284,1256.9087213372839,1260.2660458603461,17.460395378876242,-23.943067625640175,-1.0619540942709051,stop_loss,1
2014-01-30 10:00:00,2014-01-30 11:00:00,long,1256.97,1259.1873150530535,1255.5529280918415,1259.2373150530534,15.876646577037034,35.203527447273366,1.5647159754474582,take_profit,4
2014-01-30 11:45:00,2014-01-30 12:00:00,long,1256.27,1254.724456050723,1254.8044560507228,1258.6148703188435,15.399577014463476,-23.80072307613057,-1.0545872404845895,stop_loss,1
2014-01-30 15:15:00,2014-01-30 15:30:00,long,1252.23,1250.4985868714318,1250.5785868714318,1254.8722610057093,13.637505406262356,-23.612155901322343,-1.0484433595785236,stop_loss,1
2014-01-30 15:45:00,2014-01-30 16:00:00,long,1242.78,1240.2965366391427,1240.3765366391426,1246.6255413773717,9.35064437554099,-23.221982707062303,-1.033285300413895,stop_loss,1
2014-01-31 11:30:00,2014-01-31 11:45:00,short,1242.15,1243.7448400777369,1243.664840077737,1239.7262558756213,14.805184732841338,-23.61190197023181,-1.0528108552022515,stop_loss,1
2014-01-31 12:00:00,2014-01-31 12:15:00,short,1242.51,1244.092489658865,1244.012489658865,1240.1060165458161,14.895452528153594,-23.57189958991632,-1.0532449588108053,stop_loss,1
2014-01-31 12:30:00,2014-01-31 13:30:00,short,1244.99,1246.626891593613,1246.546891593613,1242.498973450219,14.344685063561354,-23.48069439356915,-1.0513844382795292,stop_loss,4
2014-01-31 13:45:00,2014-01-31 14:15:00,short,1247.46,1249.0800602622185,1249.0000602622185,1244.9959035804504,14.470965030676306,-23.443835402151194,-1.0519460192321857,stop_loss,2
2014-01-31 14:30:00,2014-01-31 15:15:00,short,1248.5800000000002,1250.220864575836,1250.140864575836,1246.0826166786626,14.248046161841804,-23.379114221840148,-1.0512536457284152,stop_loss,3
2014-01-31 15:30:00,2014-01-31 17:00:00,short,1252.63,1249.9364313556664,1254.3447304027086,1249.8864313556664,12.942274928697964,34.860905934287125,1.570840897250736,take_profit,6
2014-02-03 11:45:00,2014-02-03 12:00:00,short,1244.16,1245.4631063798377,1245.3831063798377,1242.20302979226,18.20138826785763,-23.718345173746023,-1.0654072297542478,stop_loss,1
2014-02-03 12:15:00,2014-02-03 12:30:00,short,1245.82,1247.2185968275128,1247.1385968275129,1243.7102450759792,16.84730082649435,-23.562581488089567,-1.0606705539788228,stop_loss,1
2014-02-03 14:30:00,2014-02-03 15:30:00,short,1248.1100000000001,1245.8847020860203,1249.5320611962375,1245.8347020860203,15.58840949858487,34.68885513946428,1.5648397691096523,take_profit,4
2014-02-04 08:00:00,2014-02-04 08:15:00,short,1258.67,1259.7403158693253,1259.6603158693254,1257.0854946090797,22.454502303819847,-24.03341015357795,-1.0807823064114204,stop_loss,1
2014-02-04 09:30:00,2014-02-04 09:45:00,long,1256.75,1258.5985893039683,1255.56338168502,1258.6485893039683,18.699343225070976,34.5674058770985,1.557863451652043,take_profit,1
2014-02-04 11:45:00,2014-02-04 12:15:00,long,1255.3899999999999,1253.723109008122,1253.803109008122,1257.9290255870044,14.026242555187135,-23.38021736513499,-1.0504130405991254,stop_loss,2
2014-02-04 12:30:00,2014-02-04 15:15:00,long,1253.31,1251.5671758348558,1251.6471758348557,1255.9705186642307,13.35761049880112,-23.279966365893888,-1.0481109197694325,stop_loss,11
2014-02-04 15:30:00,2014-02-04 15:45:00,long,1249.5,1247.6314576135474,1247.7114576135473,1252.3616678183243,12.392659945409086,-23.156210388890806,-1.044729160799255,stop_loss,1
2014-02-06 15:15:00,2014-02-06 15:30:00,long,1260.73,1259.217342688249,1259.2973426882488,1263.022251698802,15.43878287644713,-23.353587802595847,-1.0558402901683024,stop_loss,1
2014-02-07 11:15:00,2014-02-07 14:00:00,long,1260.24,1261.9176208332624,1259.160236979211,1261.9676208332623,20.441316818526193,34.29277895407623,1.553693542900348,take_profit,11
2014-02-07 15:30:00,2014-02-07 15:45:00,long,1258.33,1260.7174899030103,1256.8065688106185,1260.7674899030103,14.533221919773105,34.69792059166798,1.5671793512248062,take_profit,1
2014-02-10 12:45:00,2014-02-10 15:00:00,long,1272.87,1274.9271336956201,1271.5530414402372,1274.97713369562,16.864433000814397,34.69239338350497,1.5620337332336829,take_profit,9
2014-02-11 09:15:00,2014-02-11 09:45:00,long,1283.1399999999999,1285.1778864734847,1281.8350709540719,1285.2278864734847,17.07306941496605,34.792977221626906,1.5616837404638795,take_profit,2
2014-02-11 12:15:00,2014-02-11 13:00:00,long,1282.3999999999999,1284.762923532409,1280.8919227922443,1284.812923532409,14.819354090257914,35.01700051497556,1.566845198811711,take_profit,3
2014-02-13 14:45:00,2014-02-13 15:15:00,long,1290.62,1292.7018922642771,1289.2875673348267,1292.751892264277,16.825438706348084,35.02875068581723,1.5624746515852161,take_profit,2
2014-02-17 07:15:00,2014-02-17 07:30:00,long,1324.03,1326.0630569526224,1322.728089404611,1326.1130569526224,17.273706596465303,35.11842929350447,1.5615949050748648,take_profit,1
2014-02-17 09:45:00,2014-02-17 10:00:00,long,1325.62,1324.1035529270318,1324.1835529270318,1327.9183153167487,15.704761367610093,-23.81543940757402,-1.0556929673953277,stop_loss,1
2014-02-17 10:15:00,2014-02-17 12:15:00,long,1322.93,1325.4702004516867,1321.311124717696,1325.5202004516866,13.905597216427616,35.32300433014118,1.5691143594898853,take_profit,8
2014-02-18 07:45:00,2014-02-18 08:00:00,long,1318.93,1317.451469006068,1317.531469006068,1321.1676495902914,16.14699547309956,-23.873833265858273,-1.0572028795550665,stop_loss,1
2014-02-18 08:45:00,2014-02-18 10:30:00,long,1317.59,1319.8436515500912,1316.1502177811929,1319.8936515500911,15.651204513520524,35.2723613126909,1.5652725257008153,take_profit,7
2014-02-19 12:45:00,2014-02-19 14:00:00,long,1318.96,1317.531081202233,1317.611081202233,1321.1182700764275,16.75776979424138,-23.94549226764325,-1.059306757480403,stop_loss,5
2014-02-19 14:15:00,2014-02-19 15:15:00,long,1317.1399999999999,1319.2591673268219,1315.784270420736,1319.3091673268218,16.638258871520403,35.25925457573199,1.5631194887498319,take_profit,4
2014-02-20 14:45:00,2014-02-20 15:00:00,long,1310.8899999999999,1309.5087543351872,1309.588754335187,1312.9719930637004,17.38910554755018,-24.018626652524077,-1.0614795516044528,stop_loss,1
2014-02-25 12:45:00,2014-02-25 13:45:00,long,1332.18,1334.40355131853,1330.7590304259188,1334.45355131853,15.890179049059029,35.33262857621094,1.5648127581954283,take_profit,4
2014-02-26 12:15:00,2014-02-26 12:45:00,long,1340.57,1339.2496331025122,1339.3296331025122,1342.5545870359804,18.260827710287998,-24.110992429390418,-1.0644970453193796,stop_loss,2
2014-02-26 13:00:00,2014-02-26 14:00:00,long,1339.1599999999999,1337.7780772325873,1337.8580772325872,1341.2430764278602,17.360403238532836,-23.99073648679129,-1.0614475773850354,stop_loss,4
2014-02-26 14:15:00,2014-02-26 14:30:00,long,1337.54,1336.1678373220961,1336.247837322096,1339.607460284646,17.45439884653123,-23.95027466245757,-1.061911709235946,stop_loss,1
2014-02-26 14:45:00,2014-02-26 15:00:00,long,1335.3899999999999,1333.9704311603787,1334.0504311603786,1337.5333101433937,16.800944856088392,-23.850097793897273,-1.0597207083605682,stop_loss,1
2014-02-26 15:15:00,2014-02-26 15:45:00,long,1331.61,1334.0771194603753,1330.0368003372653,1334.1271194603753,14.27557006386928,35.219536712525006,1.568217638749654,take_profit,2
2014-02-27 10:00:00,2014-02-27 10:15:00,long,1326.08,1324.7597256545776,1324.8397256545775,1328.0644389526756,18.164336919808797,-23.981908036832063,-1.0645018582341783,stop_loss,1
2014-02-27 10:30:00,2014-02-27 11:30:00,long,1325.07,1327.1924601173582,1323.7122124266511,1327.2424601173582,16.556932548535094,35.14142900005704,1.5631753884177517,take_profit,4
2014-02-27 14:45:00,2014-02-27 15:30:00,long,1330.28,1332.988645979261,1328.555846262962,1333.038645979261,13.079506566459864,35.427752871960195,1.5710002658546742,take_profit,3
2014-02-28 14:30:00,2014-02-28 14:45:00,long,1328.12,1330.3999470992967,1326.6637830629395,1330.4499470992967,15.534729101959973,35.418360554375305,1.5656644564917974,take_profit,1
2014-03-03 11:15:00,2014-03-03 12:00:00,long,1345.1,1343.2198442688612,1343.299844268861,1347.980249169822,12.606005113608537,-23.70125276111557,-1.0444405995637482,stop_loss,3
2014-03-03 12:15:00,2014-03-03 14:30:00,long,1342.97,1345.8272027420683,1341.1529982862075,1345.8772027420682,12.463042645810027,35.60943962212181,1.57248213932866,take_profit,9
2014-03-04 08:15:00,2014-03-04 08:30:00,long,1343.34,1341.6170863373552,1341.6970863373551,1345.9686618602314,13.82701309402973,-23.822749773271187,-1.048693976937986,stop_loss,1
2014-03-04 12:00:00,2014-03-04 12:45:00,long,1338.52,1336.498653085074,1336.578653085074,1341.6261550638817,11.6769151623098,-23.60309643918721,-1.041208502913543,stop_loss,3
2014-03-04 13:00:00,2014-03-04 13:45:00,long,1336.87,1334.896372885329,1334.9763728853288,1339.8998033834735,11.946246892041609,-23.577436784687357,-1.0422469658255944,stop_loss,3
2014-03-04 14:00:00,2014-03-04 15:15:00,long,1333.96,1332.018635619999,1332.098635619999,1336.9381830080017,12.12797580221367,-23.544820223931733,-1.0429792258084798,stop_loss,5
2014-03-04 15:30:00,2014-03-04 16:45:00,long,1332.6,1335.6189468443565,1330.6819082222771,1335.6689468443565,11.744741717235692,35.45675094503208,1.5739324256635807,take_profit,5
2014-03-05 09:00:00,2014-03-05 09:30:00,long,1334.77,1333.5007362370175,1333.5807362370174,1336.672822020772,19.00201345118133,-24.11856709729085,-1.0672685088792184,stop_loss,2
2014-03-06 09:45:00,2014-03-06 10:00:00,long,1332.82,1331.5646047124328,1331.6446047124327,1334.7006324601075,19.18517891430114,-24.084983200145835,-1.068062209238144,stop_loss,1
2014-03-06 14:15:00,2014-03-06 15:00:00,long,1333.7,1335.683031933018,1332.4293550418638,1335.7330319330179,17.709115970214295,35.117742474451425,1.5606499048534568,take_profit,3
2014-03-07 09:15:00,2014-03-07 10:30:00,long,1348.8899999999999,1347.7160773989033,1347.7960773989032,1350.6402761617546,20.63421523874078,-24.222971624649517,-1.0731313165298229,stop_loss,5
2014-03-07 10:45:00,2014-03-07 11:00:00,long,1348.04,1346.7652297716252,1346.845229771625,1349.9516323653997,18.85198335828931,-24.031947130964227,-1.0669584813045967,stop_loss,1
2014-03-10 08:15:00,2014-03-10 08:30:00,long,1331.24,1329.579663298787,1329.6596632987869,1333.768538721941,14.222111370815657,-23.613493477704743,-1.050622123714849,stop_loss,1
2014-03-10 15:30:00,2014-03-10 16:00:00,long,1337.01,1339.593309542371,1335.3641815360181,1339.6433095423708,13.627564687068796,35.204217895381504,1.5696199786949032,take_profit,2
2014-03-11 09:00:00,2014-03-11 09:30:00,long,1341.21,1343.0619821688142,1340.0212611444913,1343.1119821688142,18.926701951916094,35.05191452940904,1.5579386172428764,take_profit,2
2014-03-12 10:15:00,2014-03-12 11:30:00,long,1356.53,1354.711201477368,1354.7912014773678,1359.3120776362114,12.979657822443187,-23.60738247172921,-1.0460087807521405,stop_loss,5
2014-03-13 08:00:00,2014-03-13 08:15:00,long,1371.01,1369.3916186627187,1369.4716186627186,1373.4714101396503,14.639929993424934,-23.692989480464167,-1.0520027109411647,stop_loss,1
2014-03-13 13:15:00,2014-03-13 13:45:00,long,1369.28,1367.5499148029833,1367.6299148029832,1371.920136315227,13.620150730799983,-23.56402116049332,-1.0484823451204586,stop_loss,2
2014-03-13 14:00:00,2014-03-13 14:30:00,long,1367.48,1365.692023623234,1365.772023623234,1370.2127622028256,13.130908228469737,-23.477753717985944,-1.0468390553219489,stop_loss,2
2014-03-14 12:15:00,2014-03-14 13:00:00,long,1369.49,1371.6545950802752,1368.105878074828,1371.704595080275,16.169330999863472,35.00005433364492,1.5638760147566164,take_profit,3
2014-03-17 09:45:00,2014-03-17 10:15:00,long,1381.2,1383.6642770969265,1379.628576814421,1383.7142770969265,14.286619840515822,35.20619006547859,1.568181709129091,take_profit,2
2014-03-17 11:15:00,2014-03-17 13:30:00,long,1378.79,1376.8671457318271,1376.947145731827,1381.7385668290767,12.220574589112594,-23.498384008199718,-1.0434109204301014,stop_loss,9
2014-03-17 13:45:00,2014-03-17 14:00:00,long,1377.1,1375.3417648223547,1375.4217648223546,1379.7851762842324,13.39129436232377,-23.545044822040126,-1.0476691235325986,stop_loss,1
2014-03-17 15:45:00,2014-03-17 16:30:00,long,1376.26,1379.288019975525,1374.336237515297,1379.338019975525,11.657702737078223,35.29975675660547,1.5740092654901825,take_profit,3
2014-03-18 13:30:00,2014-03-18 13:45:00,long,1360.2,1358.5811250070115,1358.6611250070114,1362.662199988782,14.619284087027859,-23.666793423885494,-1.0519860289915806,stop_loss,1
2014-03-18 14:00:00,2014-03-18 14:15:00,long,1358.6499999999999,1356.8104088070659,1356.8904088070658,1361.4653459086944,12.758598247267862,-23.47060496985706,-1.0454651059411872,stop_loss,1
2014-03-18 14:30:00,2014-03-18 14:45:00,long,1353.09,1350.965097389766,1351.045097389766,1356.3618441763742,10.955522178913704,-23.279417674449146,-1.039121667506099,stop_loss,1
2014-03-18 15:00:00,2014-03-18 16:00:00,long,1351.54,1354.8524370704454,1349.4384768309717,1354.9024370704453,10.63819680614105,35.2383574633556,1.5762077331638757,take_profit,4
2014-03-19 09:15:00,2014-03-19 10:00:00,long,1351.71,1354.0299107529486,1350.2288057794071,1354.0799107529485,15.14108917515054,35.12597558878455,1.5662434545686543,take_profit,3
2014-03-19 11:00:00,2014-03-19 12:00:00,long,1347.76,1345.768502565941,1345.8485025659409,1350.8183958944944,11.769383170511917,-23.43869638453232,-1.041852004912214,stop_loss,4
2014-03-19 12:15:00,2014-03-19 14:45:00,long,1345.3899999999999,1343.503263806033,1343.5832638060328,1348.280777910347,12.425869594624887,-23.44433790569225,-1.0442787387926693,stop_loss,10
2014-03-19 15:00:00,2014-03-19 16:00:00,long,1343.53,1341.529911801232,1341.6099118012319,1346.6021411180288,11.667890921201156,-23.336810936007023,-1.0416647527187834,stop_loss,4
2014-03-20 09:45:00,2014-03-20 10:00:00,short,1333.16,1330.4414229419665,1334.890360661271,1330.3914229419665,12.920257921270402,35.12471676864246,1.571104289921215,take_profit,1
2014-03-21 10:30:00,2014-03-21 10:45:00,short,1337.14,1339.1810722933558,1339.1010722933559,1334.002284330631,11.436067680911652,-23.34184088844915,-1.040794008599771,stop_loss,1
2014-03-21 11:00:00,2014-03-21 11:45:00,short,1339.64,1336.3637859789624,1341.7188837631486,1336.3137859789624,10.765523397183562,35.27015869766253,1.5759486312384594,take_profit,3
2014-03-21 12:45:00,2014-03-21 13:00:00,short,1338.68,1340.692215519588,1340.612215519588,1335.5884551686593,11.619207009776323,-23.380348670376733,-1.0414032488554823,stop_loss,1
2014-03-21 13:15:00,2014-03-21 14:15:00,short,1340.71,1337.5279638954255,1342.7300225653591,1337.4779638954255,11.090990663399742,35.29193272643706,1.5752478012585187,take_profit,4
2014-03-24 13:45:00,2014-03-24 14:15:00,short,1325.14,1322.5342463488869,1326.799846031946,1322.484246348887,13.540192792075555,35.28240680472776,1.5698767240829974,take_profit,2
2014-03-25 11:00:00,2014-03-25 13:30:00,short,1315.99,1313.592512078053,1317.5196799512169,1313.542512078053,14.738507929964378,35.33539474960973,1.567313423987691,take_profit,10
2014-03-25 16:00:00,2014-03-25 17:15:00,short,1314.97,1311.603700678097,1317.1051870761894,1311.5537006780971,10.591985654567763,35.65579412657716,1.5765828481458966,take_profit,5
2014-03-26 10:00:00,2014-03-26 10:15:00,short,1316.07,1314.2624346903945,1317.2309783185033,1314.2124346903945,19.541435104762613,35.32242019527561,1.5569328735920578,take_profit,1
2014-03-26 12:30:00,2014-03-26 13:15:00,short,1314.72,1315.88086000563,1315.80086000563,1312.990623990992,21.055295959622935,-24.44225098622828,-1.0740151357097312,stop_loss,3
2014-03-28 09:00:00,2014-03-28 09:45:00,short,1297.2,1298.3499663517207,1298.2699663517208,1295.4880538372468,21.22397846527317,-24.406861084707828,-1.0747687063908795,stop_loss,3
2014-03-28 12:00:00,2014-03-28 13:15:00,short,1296.69,1294.878431166685,1297.853480520822,1294.828431166685,19.47615682410534,35.28239869530547,1.5570254945354904,take_profit,5
2014-03-31 12:45:00,2014-03-31 15:00:00,short,1295.89,1293.6424215016043,1297.3259865614975,1293.5924215016043,15.82932214839491,35.57764410491276,1.5651807326470022,take_profit,9
2014-04-01 07:30:00,2014-04-01 08:45:00,short,1285.19,1286.485336192848,1286.4053361928482,1283.245462091443,18.761762634159016,-24.302790181649897,-1.0658254073816809,stop_loss,5
2014-04-01 09:00:00,2014-04-01 09:15:00,short,1285.9,1284.0725173304354,1287.073426668478,1284.0225173304354,19.390426518998183,35.43566841893672,1.557389753153519,take_profit,1
2014-04-01 10:30:00,2014-04-01 11:30:00,short,1286.05,1287.427336816538,1287.347336816538,1283.9742610935389,17.593052657134287,-24.231559139962577,-1.061664788187702,stop_loss,4
2014-04-02 09:45:00,2014-04-02 11:45:00,short,1284.07,1282.5321390285392,1285.062413107163,1282.4821390285392,22.949769249040123,35.2935544321291,1.5496177553086377,take_profit,8
2014-04-02 15:00:00,2014-04-02 15:15:00,short,1291.17,1289.0731623685149,1292.5117735196784,1289.023162368515,17.026896553640846,35.70263744107956,1.5627358870429018,take_profit,1
2014-04-03 08:45:00,2014-04-03 09:45:00,short,1293.31,1291.965219040258,1294.1817380998386,1291.915219040258,26.289597984876735,35.353750809331544,1.542643323712418,take_profit,4
2014-04-03 16:00:00,2014-04-03 17:15:00,short,1284.88,1286.6658420167134,1286.5858420167135,1282.1506527732586,13.476248954618468,-24.066451610846773,-1.046897660636863,stop_loss,5
2014-04-04 10:45:00,2014-04-04 11:15:00,short,1289.3500000000001,1290.2622247678742,1290.1822247678742,1288.0184403714015,27.56493158675992,-25.14541331819537,-1.0961278768526512,stop_loss,2
2014-04-04 11:30:00,2014-04-04 11:45:00,short,1291.1000000000001,1292.1267849180101,1292.0467849180102,1289.585144131184,24.17648140480534,-24.824046477002863,-1.0844964875106702,stop_loss,1
2014-04-04 14:45:00,2014-04-04 15:00:00,short,1293.22,1294.5928762599108,1294.5128762599109,1291.1513979841427,17.666253592777352,-24.253580159087093,-1.0618775380757979,stop_loss,1
2014-04-07 13:00:00,2014-04-07 13:15:00,short,1299.8600000000001,1300.9832424898134,1300.9032424898135,1298.1908120162987,21.847051796582818,-24.539536855073045,-1.0766839932049175,stop_loss,1
2014-04-07 13:30:00,2014-04-07 14:00:00,short,1300.8700000000001,1299.1858940344616,1301.9538162284616,1299.1358940344617,20.983902104807548,35.33911471498212,1.5538667177267818,take_profit,2
2014-04-08 07:15:00,2014-04-08 08:30:00,short,1300.99,1302.0478288281356,1301.9678288281357,1299.4254738749828,23.330639484789806,-24.679823025849316,-1.0818139102653124,stop_loss,5
2014-04-08 08:45:00,2014-04-08 09:00:00,short,1303.74,1304.8571130210553,1304.7771130210554,1302.0806191663114,21.94940354509471,-24.51996450462211,-1.0771372052763553,stop_loss,1
2014-04-08 09:15:00,2014-04-08 11:00:00,short,1308.32,1309.8283780640731,1309.7483780640732,1306.0345950974827,15.902633107673832,-23.987182940619636,-1.056007580914392,stop_loss,7
2014-04-08 11:15:00,2014-04-08 11:45:00,short,1309.96,1311.4838307672658,1311.4038307672658,1307.6498707723747,15.699206887695215,-23.92293447714012,-1.0554081557296522,stop_loss,2
2014-04-08 12:15:00,2014-04-08 12:30:00,short,1311.68,1313.2080791999135,1313.1280791999136,1309.3630732801382,15.620107006938529,-23.86876061772531,-1.0552455970672763,stop_loss,1
2014-04-09 10:30:00,2014-04-09 13:00:00,long,1309.77,1308.5991085480914,1308.6791085480913,1311.515426323054,20.69079787585144,-24.226678366002528,-1.0733345190852468,stop_loss,10
2014-04-09 14:15:00,2014-04-09 14:30:00,long,1305.6699999999998,1304.3647064224433,1304.4447064224432,1307.6304697240903,18.3816854929718,-23.993496018640318,-1.0652904752503944,stop_loss,1
2014-04-10 14:00:00,2014-04-10 14:30:00,long,1320.7,1322.8178286939863,1319.3451070662588,1322.8678286939862,16.588007529943624,35.130558322973954,1.56309671505802,take_profit,2
2014-04-11 10:00:00,2014-04-11 11:30:00,long,1315.94,1314.779933817288,1314.859933817288,1317.6681058923393,20.873938712905638,-24.21515040084351,-1.0740695350714984,stop_loss,6
2014-04-11 11:45:00,2014-04-11 12:00:00,long,1314.36,1316.1676995840992,1313.198937759938,1316.2176995840991,19.37605429473857,35.026085290084026,1.5569359864832477,take_profit,1
2014-04-11 16:00:00,2014-04-11 16:45:00,long,1317.6299999999999,1320.4377610626368,1315.8438993358518,1320.4877610626368,12.634706221530251,35.475236166669184,1.5720060571032548,take_profit,3
2014-04-14 11:45:00,2014-04-14 12:00:00,long,1324.8799999999999,1323.5845908237914,1323.6645908237913,1326.8246546819337,18.625667873054766,-24.12786107576742,-1.0658214546721483,stop_loss,1
2014-04-14 12:15:00,2014-04-14 13:15:00,long,1323.84,1322.4862033123507,1322.5662033123506,1325.8780747002388,17.734032552290262,-24.008274527954793,-1.0628043711964419,stop_loss,4
2014-04-14 14:15:00,2014-04-14 14:30:00,long,1322.55,1321.2357292256315,1321.3157292256315,1324.5248332389895,18.26303906956731,-24.00257850028101,-1.0648155993492259,stop_loss,1
2014-04-15 08:00:00,2014-04-15 09:15:00,long,1319.8,1318.6379875529137,1318.7179875529137,1321.5312199153382,20.788605785717316,-24.156618680572265,-1.0739363028728142,stop_loss,5
2014-04-15 09:30:00,2014-04-15 09:45:00,long,1315.22,1313.762243459928,1313.8422434599279,1317.4244104641155,16.291134411294454,-23.74850773325762,-1.0580654111761563,stop_loss,1
2014-04-16 08:15:00,2014-04-16 08:30:00,short,1300.44,1298.1920377770934,1301.8762263893166,1298.1420377770935,15.59483945671514,35.05660997098905,1.5651865469317743,take_profit,1
2014-04-16 10:15:00,2014-04-16 11:00:00,short,1301.57,1303.6871677047566,1303.6071677047566,1298.3105316723893,11.028956100358915,-23.350149672858617,-1.0392702082470335,stop_loss,3
2014-04-16 13:45:00,2014-04-16 15:00:00,short,1302.8,1299.6904176614112,1304.774738961618,1299.6404176614112,11.353973016825844,35.30611396593521,1.5746801977518143,take_profit,5
2014-04-17 14:30:00,2014-04-17 14:45:00,short,1301.29,1302.6787541257236,1302.5987541257236,1299.195993398842,17.185615442457504,-23.866594348812207,-1.0611268369111662,stop_loss,1
2014-04-17 15:00:00,2014-04-17 15:30:00,short,1303.14,1300.95808614492,1304.534946159425,1300.90808614492,16.089518418381733,35.10594315863534,1.5641563226924948,take_profit,2
2014-04-21 07:15:00,2014-04-21 10:15:00,short,1286.68,1287.59,1289.1216249839824,1282.7734000256282,9.220999931904005,-8.391109938031303,-0.37270260829147345,time_stop,12
2014-04-21 10:30:00,2014-04-21 11:30:00,short,1287.56,1289.4468290943041,1289.3668290943042,1284.669073449113,12.451339012682592,-23.493548712174142,-1.0442764621469263,stop_loss,4
2014-04-21 15:45:00,2014-04-21 16:00:00,short,1287.64,1289.5707161351554,1289.4907161351555,1284.6788541837516,12.130685018235507,-23.42090929519405,-1.0432265102574527,stop_loss,1
2014-04-22 09:00:00,2014-04-22 09:15:00,short,1289.45,1290.6096692518174,1290.5296692518175,1287.722529197092,20.75044059783385,-24.063647922970905,-1.0740967660839282,stop_loss,1
2014-04-22 09:30:00,2014-04-22 10:00:00,short,1290.42,1291.7880821610058,1291.708082161006,1288.3590685423906,17.355636197805048,-23.743936275122905,-1.062107839407897,stop_loss,2
2014-04-22 12:15:00,2014-04-22 15:15:00,short,1291.19,1292.5422304692356,1292.4622304692357,1289.1544312492229,17.53455686386153,-23.710762055857167,-1.0628816884475276,stop_loss,12
2014-04-23 13:15:00,2014-04-23 13:30:00,short,1285.6000000000001,1286.8796834899977,1286.7996834899977,1283.680506416004,18.55537412012097,-23.745005912246135,-1.0666842551947493,stop_loss,1
2014-04-23 13:45:00,2014-04-23 14:45:00,short,1286.4,1287.6631964786204,1287.5831964786205,1284.5068856342073,18.773793171454997,-23.714989424528348,-1.0676134534250867,stop_loss,4
2014-04-23 15:00:00,2014-04-23 15:30:00,short,1288.2,1286.2677872906038,1289.4388829433726,1286.2177872906038,17.891646753666144,34.57046724946194,1.559641061920063,take_profit,2
2014-04-25 11:00:00,2014-04-25 12:00:00,short,1293.97,1292.16364437938,1295.1302222628876,1292.11364437938,19.164256399566458,34.61746226236015,1.5569048090184938,take_profit,4
2014-04-25 13:00:00,2014-04-25 13:30:00,short,1295.24,1296.5558451231361,1296.4758451231362,1293.262647802982,18.047594664926354,-23.747839424180693,-1.0647330304600888,stop_loss,2
2014-04-25 13:45:00,2014-04-25 14:00:00,short,1297.04,1298.3707841601786,1298.2907841601786,1295.038745343714,17.794066219194892,-23.680061469673838,-1.0639598761696014,stop_loss,1
2014-04-25 14:15:00,2014-04-25 15:15:00,short,1300.51,1302.1061353217867,1302.0261353217868,1298.0841834851412,14.648544711052633,-23.381059626083335,-1.0527657385527072,stop_loss,4
2014-04-28 13:45:00,2014-04-28 14:00:00,long,1300.6399999999999,1299.5960919168201,1299.67609191682,1302.1822529330877,22.992248240969786,-24.00179378922394,-1.0829954654348533,stop_loss,1
2014-04-28 14:15:00,2014-04-28 14:45:00,long,1299.69,1301.2335548249584,1298.694028234401,1301.2835548249584,22.203852665510375,34.272863914513785,1.5497977736647812,take_profit,2
2014-04-29 09:45:00,2014-04-29 10:00:00,long,1293.74,1292.7086236769007,1292.7886236769007,1295.262202116959,23.316699744988657,-24.048292049796,-1.0840887018706833,stop_loss,1
2014-04-29 10:45:00,2014-04-29 11:45:00,long,1289.74,1288.3751942116817,1288.4551942116816,1291.7956892613095,17.228175407794332,-23.513113518721305,-1.0622662200990185,stop_loss,4
2014-04-29 12:00:00,2014-04-29 12:15:00,long,1287.72,1290.0481838090145,1286.233635119366,1290.0981838090145,14.860303514194792,34.597518038789445,1.5663608844292483,take_profit,1
2014-04-29 13:15:00,2014-04-29 15:00:00,short,1290.6000000000001,1288.4293893448407,1291.9878816594746,1288.3793893448408,15.964638010656298,34.65301337169345,1.5639738736667903,take_profit,7
2014-04-30 12:15:00,2014-04-30 14:00:00,short,1292.3600000000001,1290.4939299131834,1293.5575438042606,1290.4439299131834,18.559934294518804,34.63413820028611,1.558247873838004,take_profit,7
2014-05-01 13:30:00,2014-05-01 14:30:00,short,1285.38,1282.8366243145995,1287.0008598033753,1282.7866243145995,13.75541706436045,34.98519330403933,1.5691521747312358,take_profit,4
2014-05-02 11:15:00,2014-05-02 13:00:00,short,1284.3600000000001,1285.4056032446113,1285.3256032446113,1282.8150348086222,23.162280273712863,-24.21855540678653,-1.082849763032993,stop_loss,7
2014-05-02 13:15:00,2014-05-02 13:45:00,short,1285.6100000000001,1286.688745257877,1286.608745257877,1284.012007587397,22.345173304271288,-24.104749738417688,-1.0801005054782353,stop_loss,2
2014-05-02 14:00:00,2014-05-02 14:15:00,short,1285.94,1287.0399684152899,1286.95996841529,1284.308050535536,21.832956825698865,-24.015562920655096,-1.0784338012831405,stop_loss,1
2014-05-02 14:30:00,2014-05-02 15:30:00,short,1286.8700000000001,1285.279717043396,1287.8951768478778,1285.229717043396,21.67518247681975,34.4696732741712,1.5512279270609295,take_profit,4
2014-05-05 13:45:00,2014-05-05 15:15:00,long,1311.18,1313.6823568844904,1309.5847769471936,1313.7323568844904,13.972863892666242,34.96509215786045,1.5686564208610543,take_profit,6
2014-05-06 11:15:00,2014-05-06 12:30:00,long,1310.56,1309.2997238649468,1309.3797238649468,1312.4484418160853,18.94451994372982,-23.875326375120533,-1.0677807486095803,stop_loss,5
2014-05-06 12:45:00,2014-05-06 13:00:00,long,1308.3799999999999,1307.0948629263264,1307.1748629263263,1310.3082193178777,18.514088242975568,-23.79314118630998,-1.0663824902142198,stop_loss,1
2014-05-06 13:15:00,2014-05-06 13:45:00,long,1307.0,1308.9147197179661,1305.7720501762713,1308.964719717966,18.131382418292365,34.716515430288915,1.5592817238671566,take_profit,2
2014-05-07 09:30:00,2014-05-07 10:15:00,long,1309.94,1311.2648823123527,1309.0806985547797,1311.3148823123527,25.990717226868043,34.43464153923695,1.5418132015510722,take_profit,3
2014-05-07 12:30:00,2014-05-07 14:30:00,long,1310.87,1309.5518559159248,1309.6318559159247,1312.85103053452,18.093798974271095,-23.850234076380087,-1.0646128354759947,stop_loss,8
2014-05-07 14:45:00,2014-05-07 15:00:00,long,1309.78,1308.690894987645,1308.7708949876449,1311.3945680197683,22.15332340695959,-24.12729556284211,-1.0792781712710133,stop_loss,1
2014-05-07 15:15:00,2014-05-07 15:30:00,long,1304.6599999999999,1303.1966390454693,1303.2766390454692,1306.873377527249,16.125057618623952,-23.596779708650015,-1.057830170598584,stop_loss,1
2014-05-08 12:45:00,2014-05-08 13:00:00,long,1289.48,1291.2087696653234,1288.368268959173,1291.2587696653234,20.022452124019438,34.61420785739484,1.5550250931533447,take_profit,1
2014-05-08 14:30:00,2014-05-08 14:45:00,short,1293.3600000000001,1294.6004553837313,1294.5204553837314,1291.5032713860303,19.241420453119492,-23.868123591706922,-1.0689384539220301,stop_loss,1
2014-05-09 14:15:00,2014-05-09 14:30:00,short,1291.3600000000001,1292.6119279645097,1292.5319279645098,1289.4849152567847,19.0123236094955,-23.802059597033605,-1.068263581399731,stop_loss,1
2014-05-09 14:45:00,2014-05-09 15:30:00,short,1293.49,1291.5635442775335,1294.7252848265416,1291.5135442775336,17.99865837527351,34.67361842376474,1.5595235050849974,take_profit,3
2014-05-12 07:15:00,2014-05-12 08:30:00,short,1291.49,1289.225269255583,1292.9367067152605,1289.175269255583,15.416266884413728,34.913693577268916,1.5654387447902522,take_profit,5
2014-05-12 12:00:00,2014-05-12 12:30:00,short,1290.97,1292.4149460814426,1292.3349460814427,1288.7860862696919,16.390862992505014,-23.68391325248256,-1.0586103737631687,stop_loss,2
2014-05-12 12:45:00,2014-05-12 13:00:00,short,1294.5,1296.0534717714756,1295.9734717714757,1292.142445165639,15.151478853387953,-23.53739469484832,-1.0542935409748673,stop_loss,1
2014-05-12 15:00:00,2014-05-12 15:15:00,short,1296.39,1297.9415534861928,1297.8615534861929,1294.0355144220916,15.139240133790446,-23.489340807890823,-1.0543643168600723,stop_loss,1
2014-05-13 11:45:00,2014-05-13 14:00:00,short,1293.02,1291.036630520344,1294.2908559247849,1290.986630520344,17.493110337693064,34.69530114803439,1.5606564371108183,take_profit,9
2014-05-14 10:45:00,2014-05-14 11:45:00,short,1300.55,1301.9666454498806,1301.8866454498807,1298.411367280191,16.684015585328787,-23.63533476469407,-1.0598513240792953,stop_loss,4
2014-05-14 13:45:00,2014-05-14 14:00:00,short,1302.3,1303.6296858007572,1303.5496858007573,1300.300502718788,17.807150273175573,-23.67791487019234,-1.0640160910458019,stop_loss,1
2014-05-15 09:15:00,2014-05-15 10:15:00,long,1301.58,1302.8813394964277,1300.7354128147326,1302.9313394964277,26.292119281411193,34.21497326569056,1.5407994806550553,take_profit,4
2014-05-15 15:15:00,2014-05-15 15:30:00,long,1303.3999999999999,1302.0906420028473,1302.1706420028472,1305.366972795444,18.118739225450224,-23.723916103165287,-1.0650746163324416,stop_loss,1
2014-05-16 10:15:00,2014-05-16 12:45:00,long,1292.7,1294.3790013354096,1291.6193741653692,1294.4290013354096,20.56860794977887,34.53472021519454,1.5537305157831491,take_profit,10
2014-05-16 14:30:00,2014-05-16 15:00:00,long,1293.31,1294.931437283325,1292.265351697922,1294.981437283325,21.343105166593407,34.60650645904359,1.5521370016107177,take_profit,2
2014-05-16 15:45:00,2014-05-16 16:00:00,long,1288.1299999999999,1290.5653907360727,1286.5766307899544,1290.6153907360726,14.397898092506669,35.06450763341104,1.5678119022337675,take_profit,1
2014-05-19 10:30:00,2014-05-19 10:45:00,short,1297.14,1298.0934354440703,1298.0134354440704,1295.7425032894876,25.68636383358579,-24.49028970822455,-1.0915923443948166,stop_loss,1
2014-05-19 11:00:00,2014-05-19 14:00:00,short,1300.8,1301.990819336979,1301.910819336979,1299.0226890608335,20.153052145277286,-23.998644193743825,-1.0720189119298964,stop_loss,12
2014-05-19 14:15:00,2014-05-19 15:00:00,short,1302.23,1300.419081691347,1303.3930739429081,1300.369081691347,19.20634785943307,34.781126981007084,1.557010471857971,take_profit,3
2014-05-20 13:00:00,2014-05-20 14:00:00,short,1292.69,1290.917987241474,1293.8287579740788,1290.867987241474,19.677548256753287,34.86886656747765,1.5560925138280641,take_profit,4
2014-05-21 11:15:00,2014-05-21 12:15:00,short,1294.42,1293.264235677384,1295.173602701635,1293.214235677384,29.826993284482526,34.47297468911344,1.5336520425267257,take_profit,4
2014-05-22 08:45:00,2014-05-22 09:00:00,short,1293.4,1294.278014962992,1294.1980149629921,1292.1231760592127,28.253415933048437,-24.806921944852636,-1.100248746840507,stop_loss,1
2014-05-22 09:15:00,2014-05-22 09:45:00,short,1293.64,1294.5605843303351,1294.4805843303352,1292.295065071464,26.763566740950914,-24.638120165595232,-1.0951718906870826,stop_loss,2
2014-05-22 10:00:00,2014-05-22 10:30:00,short,1294.45,1295.376612162444,1295.296612162444,1293.09542054009,26.51480758460641,-24.568943192756503,-1.0944942720513064,stop_loss,2
2014-05-22 10:45:00,2014-05-22 11:00:00,short,1294.95,1293.571943486362,1295.842535321024,1293.521943486362,25.095500617175084,34.583018088506016,1.5439798080565204,take_profit,1
2014-05-22 13:30:00,2014-05-22 14:00:00,short,1296.25,1297.3158684297791,1297.2358684297792,1294.6726105123535,22.789843002492084,-24.290974175979123,-1.081146730723332,stop_loss,2
2014-05-22 14:30:00,2014-05-22 15:15:00,short,1298.22,1299.3273872402883,1299.2473872402884,1296.5761804155384,21.82157214755454,-24.164930559232232,-1.0778674260909384,stop_loss,3
2014-05-22 15:30:00,2014-05-22 16:00:00,short,1301.44,1299.2507419004633,1302.8395363122106,1299.2007419004633,15.984490528135252,34.99417535568937,1.5642738815964579,take_profit,2
2014-05-26 13:30:00,2014-05-26 15:45:00,short,1293.21,1292.1644030838268,1293.8947480726083,1292.1144030838268,32.77243730171146,34.266759378151704,1.5269804443413768,take_profit,9
2014-05-28 12:30:00,2014-05-28 14:45:00,short,1265.74,1266.9836072352748,1266.9036072352749,1263.8782284235604,19.34449710641539,-24.0569565642905,-1.0687517210057822,stop_loss,9
2014-05-30 15:00:00,2014-05-30 15:15:00,short,1254.29,1252.5465953973376,1255.410877876664,1252.4965953973376,20.03900991381787,34.93610211654743,1.5553921073463413,take_profit,1
2014-06-02 10:15:00,2014-06-02 11:45:00,short,1245.1100000000001,1243.181972395551,1246.3462672527808,1243.131972395551,18.225149162695764,35.13859068088163,1.5595556705984428,take_profit,6
2014-06-02 13:15:00,2014-06-02 13:45:00,short,1245.3,1246.4375980841987,1246.3575980841988,1243.6078430652817,21.370530644792233,-24.311074719826774,-1.075643102228697,stop_loss,2
2014-06-02 14:00:00,2014-06-02 15:30:00,short,1247.29,1245.683700879892,1248.3251869500673,1245.633700879892,21.78621950106547,34.995185215039164,1.5516995456747535,take_profit,6
2014-06-03 08:45:00,2014-06-03 09:00:00,short,1244.73,1245.6425270828563,1245.5625270828564,1243.3979566674298,27.17365111008482,-24.796692578040183,-1.0960929700033917,stop_loss,1
2014-06-03 09:15:00,2014-06-03 09:45:00,short,1245.8300000000002,1246.8352912091977,1246.7552912091978,1244.349534065284,24.39578683953222,-24.524870051240097,-1.0864592673146611,stop_loss,2
2014-06-03 10:00:00,2014-06-03 10:15:00,short,1246.5900000000001,1245.083507413057,1247.5628078668394,1245.0335074130571,23.153757418882172,34.88096391142406,1.5486023893266547,take_profit,1
2014-06-04 14:45:00,2014-06-04 15:15:00,short,1245.56,1246.3721284766232,1246.2921284766232,1244.3885944374028,30.860593479448532,-25.0627667701533,-1.1092704389383958,stop_loss,2
2014-06-04 15:30:00,2014-06-04 15:45:00,short,1248.75,1247.3081771060401,1249.6823893087249,1247.2581771060402,24.17852022465871,34.86114400198423,1.5463743314814604,take_profit,1
2014-06-05 12:45:00,2014-06-05 13:15:00,short,1243.91,1244.732124288509,1244.6521242885092,1242.7226011383857,30.471332627709753,-25.051222656477886,-1.1077986548057117,stop_loss,2
2014-06-05 13:30:00,2014-06-05 13:45:00,short,1244.5,1245.3277394540285,1245.2477394540285,1243.3036168735543,30.17550228142618,-24.977453783462266,-1.1069891384879023,stop_loss,1
2014-06-05 14:30:00,2014-06-05 14:45:00,short,1246.01,1244.6516298814447,1246.890231324097,1244.6016298814448,25.576752470699443,34.74269628588319,1.5431967499553427,take_profit,1
2014-06-06 08:15:00,2014-06-06 08:30:00,short,1255.31,1256.0349799087924,1255.9549799087924,1254.2780321459318,35.0134070505144,-25.384016649993814,-1.1240348713337447,stop_loss,1
2014-06-06 15:30:00,2014-06-06 15:45:00,short,1255.82,1256.989679672621,1256.909679672621,1254.0765125238063,20.677797905927235,-24.186399885127894,-1.0734160708050093,stop_loss,1
2014-06-10 14:15:00,2014-06-10 14:30:00,short,1253.98,1254.7984570114402,1254.7184570114403,1252.7984687816954,30.447003555473337,-24.919563537320617,-1.1083339974576192,stop_loss,1
2014-06-10 14:45:00,2014-06-10 15:15:00,short,1255.01,1255.850047117007,1255.7700471170072,1253.7939246127885,29.516543940260675,-24.795287641029034,-1.1052566323979274,stop_loss,2
2014-06-11 13:45:00,2014-06-11 14:00:00,long,1261.73,1263.1559489192412,1260.8075319254742,1263.205948919241,24.2657433559803,34.6017105130429,1.5457975821809993,take_profit,1
2014-06-13 13:00:00,2014-06-13 13:15:00,long,1272.24,1273.8723825828913,1271.188510885693,1273.9223825828913,21.35407458435882,34.85801942526903,1.552448390268928,take_profit,1
2014-06-13 14:30:00,2014-06-13 15:30:00,long,1272.54,1274.2936214248186,1271.4127366094883,1274.3436214248186,19.98050606449837,35.038243513423815,1.555644793913461,take_profit,4
2014-06-16 11:45:00,2014-06-16 13:00:00,long,1280.61,1279.466013255203,1279.546013255203,1282.312378791675,21.23463436731446,-24.292140246815347,-1.0751889066204452,stop_loss,5
2014-06-17 07:45:00,2014-06-17 08:00:00,long,1266.47,1265.2622619284118,1265.3422619284117,1268.2743809145413,19.991153783774013,-24.144077519638575,-1.0709384581539017,stop_loss,1
2014-06-17 14:30:00,2014-06-17 15:30:00,long,1264.22,1263.0560937559999,1263.1360937559998,1265.9542499904005,20.75502118972414,-24.15689875707525,-1.0738071216424427,stop_loss,4
2014-06-17 15:45:00,2014-06-17 16:00:00,long,1261.9099999999999,1264.2226461327232,1260.4333461670478,1264.2726461327231,15.202062097050748,35.15699011816433,1.5661396605730182,take_profit,1
2014-06-18 11:00:00,2014-06-18 11:45:00,long,1267.06,1268.4807315421176,1266.1407927861765,1268.5307315421176,24.497737730923927,34.804708704849645,1.5456053006895671,take_profit,3
2014-06-20 09:30:00,2014-06-20 10:00:00,long,1312.52,1310.8947516602727,1310.9747516602727,1314.9923973435637,14.617784133012979,-23.75752939267068,-1.0517716136255768,stop_loss,2
2014-06-20 10:15:00,2014-06-20 10:30:00,long,1310.71,1309.1255063402402,1309.2055063402402,1313.1171898556158,14.98217786231348,-23.739165832229354,-1.0531740359827744,stop_loss,1
2014-06-20 10:45:00,2014-06-20 11:15:00,long,1309.1299999999999,1307.4306151607173,1307.5106151607172,1311.7210157428522,13.889912222189329,-23.60430624935504,-1.0494014752141083,stop_loss,2
2014-06-20 11:30:00,2014-06-20 12:15:00,long,1306.95,1309.4554043684573,1305.3528722697142,1309.5054043684572,14.053919566636857,35.21075147619839,1.5686938000937827,take_profit,3
2014-06-20 14:15:00,2014-06-20 14:45:00,long,1309.45,1311.9037701918705,1307.885143630081,1311.9537701918705,14.388749405289191,35.306684388992856,1.5680481857881612,take_profit,2
2014-06-23 12:45:00,2014-06-23 13:00:00,long,1313.34,1312.2192336641224,1312.2992336641223,1315.0052261374042,21.702219558981582,-24.32311709552953,-1.076866437011021,stop_loss,1
2014-06-23 13:15:00,2014-06-23 13:45:00,long,1311.73,1310.5636759654933,1310.6436759654932,1313.4681184552107,20.747302444481353,-24.198077492178527,-1.0736428519104328,stop_loss,2
2014-06-23 14:00:00,2014-06-23 14:30:00,long,1310.82,1312.4453900313767,1309.7728812303894,1312.4953900313767,21.477885598405106,34.90994114669921,1.5522499247925827,take_profit,2
2014-06-25 10:45:00,2014-06-25 11:00:00,long,1311.96,1313.8087356285293,1310.773290232169,1313.8587356285293,19.01030701480164,35.14503188754449,1.557866698871438,take_profit,1
2014-06-26 10:00:00,2014-06-26 10:15:00,long,1315.56,1314.6291625492015,1314.7091625492014,1316.9213399212774,26.597333093962266,-24.757793735220698,-1.0940250102118183,stop_loss,1
2014-06-26 10:30:00,2014-06-26 10:45:00,long,1312.49,1311.329686075587,1311.409686075587,1314.2185022790607,20.901786962065653,-24.252634457198948,-1.074052549163791,stop_loss,1
2014-06-26 12:15:00,2014-06-26 12:30:00,long,1309.44,1311.3564263947264,1308.2109835032961,1311.4064263947264,18.33334726730579,35.13451060674968,1.559317063575629,take_profit,1
2014-06-26 15:00:00,2014-06-26 15:15:00,long,1307.1299999999999,1309.3350377846007,1305.7206013846244,1309.3850377846006,16.036808186101833,35.361767994749805,1.564523876031566,take_profit,1
2014-06-27 09:00:00,2014-06-27 09:30:00,long,1319.2,1320.8136345880182,1318.1602283824889,1320.8636345880182,21.80572964935741,35.18647957917618,1.5519125169819425,take_profit,2
2014-06-27 10:30:00,2014-06-27 11:30:00,long,1317.1,1315.6188002167266,1315.6988002167266,1319.341919653237,16.231341182876463,-24.041859042311096,-1.0570939283283638,stop_loss,4
2014-06-27 12:45:00,2014-06-27 13:45:00,long,1313.87,1316.14990879821,1312.4138070011186,1316.19990879821,15.585343458616247,35.53316167442455,1.5656638920538302,take_profit,4
2014-06-30 10:30:00,2014-06-30 11:15:00,long,1313.48,1315.058489966861,1312.4621937707118,1315.108489966861,22.3680438356792,35.30773277292823,1.5508747357195318,take_profit,3
2014-07-01 07:45:00,2014-07-01 09:45:00,long,1326.78,1325.536781012048,1325.616781012048,1328.641150380723,19.63254559547784,-24.40755346612905,-1.0687746682512305,stop_loss,8
2014-07-01 10:15:00,2014-07-01 12:00:00,long,1324.52,1326.3818479366512,1323.3250950395932,1326.4318479366511,19.071085539557746,35.50746126152416,1.5581556678929014,take_profit,7
2014-07-02 15:30:00,2014-07-02 15:45:00,long,1322.35,1324.643537446243,1320.885289096098,1324.693537446243,15.606594839423078,35.7943096725617,1.5658635708474613,take_profit,1
2014-07-03 07:15:00,2014-07-03 08:30:00,long,1322.31,1323.6331719300017,1321.451767543749,1323.6831719300017,26.718563352399425,35.353253037868726,1.5417407257955769,take_profit,5
2014-07-03 09:45:00,2014-07-03 10:00:00,long,1321.06,1322.6155010902587,1320.0565618185883,1322.6655010902587,22.922632590226357,35.65617998569804,1.5501713200413367,take_profit,1
2014-07-03 13:45:00,2014-07-03 14:00:00,long,1321.3,1320.1339238775965,1320.2139238775965,1323.0377217958453,21.244143613447047,-24.77228860854951,-1.0736596619239611,stop_loss,1
2014-07-03 14:15:00,2014-07-03 15:00:00,long,1318.9199999999998,1317.5049649760908,1317.5849649760908,1321.0560560382544,17.24539965614119,-24.40284451474823,-1.059923521531054,stop_loss,3
2014-07-07 08:45:00,2014-07-07 09:00:00,long,1313.94,1313.0941847221616,1313.1741847221615,1315.1653044445418,29.999932775005323,-25.374401475226936,-1.104463833923136,stop_loss,1
2014-07-07 09:15:00,2014-07-07 10:15:00,long,1312.87,1314.1669614853447,1312.0281490716595,1314.2169614853447,27.230068030536295,35.31634947892456,1.5406070619909593,take_profit,4
2014-07-07 12:30:00,2014-07-07 15:00:00,long,1313.24,1314.4248088557258,1312.4682444651714,1314.4748088557258,29.79478566919998,35.30112591532045,1.5352126447515333,take_profit,10
2014-07-08 11:00:00,2014-07-08 11:15:00,long,1317.98,1319.1825062395885,1317.1971836002572,1319.2325062395885,29.46398799085409,35.43062940216272,1.5361280627022242,take_profit,1
2014-07-09 10:45:00,2014-07-09 12:00:00,long,1323.1399999999999,1321.9391030830514,1322.0191030830513,1324.9334350671177,20.64039423255195,-24.786985798473708,-1.0713714158637444,stop_loss,5
2014-07-10 09:45:00,2014-07-10 10:15:00,long,1327.79,1329.4198874316005,1326.7400703552496,1329.4698874316005,21.988311696602477,35.83847287640745,1.5523777614528318,take_profit,2
2014-07-11 11:15:00,2014-07-11 11:45:00,long,1335.04,1336.5978226500888,1334.0351108436944,1336.6478226500888,23.045185718955818,35.90031228849319,1.5502432684377718,take_profit,2
2014-07-14 08:00:00,2014-07-14 08:30:00,long,1331.07,1329.8469659787452,1329.926965978745,1332.8988544340075,20.322805294196012,-24.85548228213811,-1.0699891678745506,stop_loss,2
2014-07-14 14:15:00,2014-07-14 14:30:00,long,1318.78,1317.1299799669837,1317.2099799669836,1321.292032052826,14.76410899643473,-24.361075613753336,-1.050954763835866,stop_loss,1
2014-07-15 12:30:00,2014-07-15 13:15:00,short,1312.72,1310.6163786315265,1314.066013355296,1310.5663786315265,17.184989028377966,36.15071013707972,1.5628532660516956,take_profit,3
2014-07-15 15:00:00,2014-07-15 15:15:00,short,1311.25,1309.280806815639,1312.5119957402255,1309.230806815639,18.38637439373576,36.206323141255446,1.560380214919872,take_profit,1
2014-07-16 15:45:00,2014-07-16 16:30:00,short,1299.51,1300.8314166331259,1300.751416633126,1297.5237333869984,18.749498104241642,-24.775898657706758,-1.0644425069434458,stop_loss,3
2014-07-17 08:45:00,2014-07-17 09:00:00,short,1306.51,1307.5196524014598,1307.4396524014599,1305.022556157664,24.983947737434196,-25.225102831046296,-1.0860536689565914,stop_loss,1
2014-07-21 10:00:00,2014-07-21 11:30:00,short,1313.47,1314.5468735718719,1314.466873571872,1311.875002285005,23.24862195200155,-25.035826562549722,-1.0802508986668244,stop_loss,6
2014-07-21 14:45:00,2014-07-21 15:00:00,short,1316.3700000000001,1317.5362469501526,1317.4562469501527,1314.632004879756,21.289693977982996,-24.82904067150328,-1.0736480778967328,stop_loss,1
2014-07-24 12:45:00,2014-07-24 14:45:00,short,1299.96,1297.8929222738786,1301.2831735788259,1297.8429222738787,17.44004523760254,36.04992905319776,1.5622120628766458,take_profit,8
2014-07-25 13:15:00,2014-07-25 13:45:00,short,1294.4,1295.3388919957677,1295.2588919957677,1293.0257728067718,26.95135947720733,-25.3044156882042,-1.0931432594483863,stop_loss,2
2014-07-25 14:00:00,2014-07-25 15:30:00,short,1295.42,1294.0095710118358,1296.3327681176027,1293.9595710118358,25.30511052393033,35.691061431653154,1.545221574860497,take_profit,6
2014-07-28 07:15:00,2014-07-28 07:45:00,short,1306.8700000000001,1308.188955859255,1308.108955859255,1304.8876706251924,18.700488841829813,-24.665119328861497,-1.0645705005568453,stop_loss,2
2014-07-28 08:00:00,2014-07-28 08:15:00,short,1308.0900000000001,1306.2041772461907,1309.299889221131,1306.1541772461908,19.108980871198106,36.03615092901409,1.5586739024311125,take_profit,1
2014-07-28 11:45:00,2014-07-28 14:45:00,short,1305.0800000000002,1305.56,1306.4971694718542,1302.8125288450335,16.364889835211255,-7.855147120897979,-0.3387033163872792,time_stop,12
2014-07-29 10:15:00,2014-07-29 10:30:00,short,1306.95,1307.9165993252243,1307.8365993252244,1305.5314410796411,26.140457511188657,-25.267348591368172,-1.0902324169710889,stop_loss,1
2014-07-29 10:45:00,2014-07-29 11:00:00,short,1308.68,1309.7318126834841,1309.6518126834842,1307.1250997064253,23.79633203631661,-25.029283856195846,-1.0823203909143397,stop_loss,1
2014-07-29 11:15:00,2014-07-29 11:45:00,short,1311.27,1309.4446829101319,1312.4420731811674,1309.394682910132,19.687779821560007,35.936440969854246,1.557340547669583,take_profit,2
2014-07-30 14:30:00,2014-07-30 15:15:00,short,1299.21,1297.9527098748542,1300.027056328216,1297.9027098748543,28.330227437390455,35.61931520016564,1.5388047087169208,take_profit,3
2014-07-31 10:00:00,2014-07-31 11:45:00,short,1295.3700000000001,1296.443515248136,1296.363515248136,1293.7803756029828,23.370180056604823,-25.088244642446575,-1.080522166267728,stop_loss,7
2014-07-31 12:00:00,2014-07-31 12:15:00,short,1296.91,1295.2249995716068,1297.994375267746,1295.1749995716068,21.365715760741228,36.00124020977894,1.5538905012985598,take_profit,1
2014-08-04 09:45:00,2014-08-04 10:45:00,short,1294.41,1295.3094643551221,1295.2294643551222,1293.0988570318048,28.3605456220127,-25.50929987881351,-1.0976247465797384,stop_loss,4
2014-08-04 11:00:00,2014-08-04 12:15:00,short,1294.97,1293.6513031807985,1295.825435512001,1293.6013031807986,27.108341077699695,35.747683152991335,1.5415502404348367,take_profit,5
2014-08-05 08:45:00,2014-08-05 09:30:00,short,1291.3300000000002,1292.2370845123876,1292.1570845123877,1290.00666478018,28.124009877124678,-25.51085378577084,-1.096725302918556,stop_loss,3
2014-08-06 15:15:00,2014-08-06 15:30:00,short,1293.5,1294.924734120763,1294.8447341207632,1291.348425406779,17.259851542146514,-24.59069941140184,-1.059491314130205,stop_loss,1
2014-08-07 10:30:00,2014-08-07 10:45:00,long,1303.02,1304.7010858325852,1301.9380713546343,1304.7510858325852,21.406892209033366,35.98682321228594,1.5537862314543684,take_profit,1
2014-08-08 10:30:00,2014-08-08 11:30:00,long,1317.6399999999999,1315.9995088878284,1316.0795088878283,1320.1367857794742,14.888071681038008,-24.423749270115103,-1.051265911978569,stop_loss,4
2014-08-08 11:45:00,2014-08-08 14:15:00,long,1316.73,1315.0525814829546,1315.1325814829545,1319.2858696272729,14.51332621332834,-24.34492213415812,-1.05008080170993,stop_loss,10
2014-08-08 14:30:00,2014-08-08 15:00:00,long,1315.1,1313.5433941284143,1313.6233941284142,1317.462569394537,15.667800486246723,-24.388590231723192,-1.054178302781648,stop_loss,2
2014-08-08 15:15:00,2014-08-08 15:30:00,long,1313.0,1311.360596537947,1311.440596537947,1315.495045539285,14.804628548128411,-24.270759296210343,-1.05130166884111,stop_loss,1
2014-08-11 16:00:00,2014-08-11 16:15:00,long,1308.5,1307.3250825321666,1307.4050825321665,1310.2518679485336,21.040716008808598,-24.72110477447189,-1.0730648677641628,stop_loss,1
2014-08-12 10:15:00,2014-08-12 10:30:00,long,1307.08,1308.3300046325858,1306.2674971046338,1308.3800046325857,28.293321064240825,35.366782401539616,1.5384617577547612,take_profit,1
2014-08-12 13:00:00,2014-08-12 13:30:00,long,1310.1,1311.8603130470365,1308.9685543456021,1311.9103130470364,20.380244300196612,35.87560994342861,1.555808748033487,take_profit,2
2014-08-13 10:15:00,2014-08-13 10:30:00,long,1308.19,1307.2772708300677,1307.3572708300676,1309.5223666718919,27.777206448509187,-25.353066584788436,-1.0960696501197569,stop_loss,1
2014-08-13 10:45:00,2014-08-13 11:30:00,long,1307.02,1308.4378467732129,1306.102595766742,1308.4878467732128,25.15813978073454,35.670387308153224,1.5454983984298707,take_profit,3
2014-08-13 15:15:00,2014-08-13 15:30:00,long,1305.09,1306.9875144829848,1303.8728034481344,1307.0375144829848,19.020366657195538,36.091421203711405,1.5589219999651474,take_profit,1
2014-08-14 12:00:00,2014-08-14 13:30:00,long,1314.8,1313.4800574525525,1313.5600574525524,1316.7839080759159,18.72966420949974,-24.72208068952249,-1.064519118377388,stop_loss,6
2014-08-14 13:45:00,2014-08-14 14:00:00,long,1311.43,1309.804932702384,1309.8849327023838,1313.902107676186,14.998869904979868,-24.374172983782127,-1.0517776799258858,stop_loss,1
2014-08-14 14:15:00,2014-08-14 14:30:00,long,1310.74,1309.1155287076679,1309.1955287076678,1313.2111540677317,14.97309478021876,-24.323362627833678,-1.05179766072513,stop_loss,1
2014-08-14 14:45:00,2014-08-14 15:30:00,long,1309.58,1311.9129032522787,1308.0906854673256,1311.9629032522787,15.494959468851977,36.148241338813136,1.5664275081567915,take_profit,3
2014-08-15 13:00:00,2014-08-15 13:15:00,long,1312.47,1311.4970892597025,1311.5770892597025,1313.8986571844762,25.92550829338739,-25.22320546630833,-1.089594621712431,stop_loss,1
2014-08-15 14:45:00,2014-08-15 15:00:00,long,1311.1499999999999,1310.122358303002,1310.202358303002,1312.6662267151964,24.37494937705278,-25.048714342069054,-1.0844200927981222,stop_loss,1
2014-08-15 15:15:00,2014-08-15 15:30:00,long,1306.22,1304.8542783326907,1304.9342783326906,1308.277154667695,17.926602272679652,-24.482749145035537,-1.0622218649914645,stop_loss,1
2014-08-18 10:15:00,2014-08-18 11:45:00,long,1300.6499999999999,1301.9401738029746,1299.8123913731408,1301.9901738029746,27.45871368490938,35.4265130596551,1.5403062499640463,take_profit,6
2014-08-18 12:00:00,2014-08-18 12:30:00,short,1302.17,1303.1285149858202,1303.0485149858202,1300.7643760226877,26.260802448934047,-25.17137268696452,-1.0910627607851673,stop_loss,2
2014-08-19 12:00:00,2014-08-19 12:30:00,short,1300.74,1299.6347920875296,1301.462004945294,1299.5847920875296,31.883667689152443,35.23808180862827,1.5307483967722737,take_profit,2
2014-08-19 14:30:00,2014-08-19 15:00:00,short,1301.88,1300.6467679090708,1302.6820200568309,1300.5967679090709,28.790604066111612,35.505496851567784,1.5376574194446802,take_profit,2
2014-08-20 09:00:00,2014-08-20 10:30:00,short,1295.75,1294.6933337040784,1296.441666434951,1294.6433337040785,33.48673830708429,35.38430772944134,1.5277108191557867,take_profit,6
2014-08-20 14:15:00,2014-08-20 15:15:00,short,1295.48,1296.8032654725316,1296.7232654725317,1293.4907752439494,18.68661362496347,-24.727350608452767,-1.0643466755632025,stop_loss,4
2014-08-21 13:15:00,2014-08-21 13:30:00,short,1280.98,1282.3855993232312,1282.3055993232313,1278.8590410828301,17.48866826570941,-24.582060278495625,-1.0603500609859406,stop_loss,1
2014-08-21 13:45:00,2014-08-21 14:15:00,short,1282.17,1280.1435405255015,1283.4677871715617,1280.0935405255016,17.82557510477379,36.122805559454356,1.5614728816129102,take_profit,2
2014-08-22 12:00:00,2014-08-22 13:15:00,short,1280.88,1281.754094812593,1281.674094812593,1279.6094482998515,29.223271503347274,-25.54391002806772,-1.1007436375748494,stop_loss,5
2014-08-22 13:30:00,2014-08-22 13:45:00,short,1282.16,1280.8982947245033,1282.9798157971857,1280.8482947245034,28.244101378915353,35.63573171144258,1.539010689752709,take_profit,1
2014-08-25 08:45:00,2014-08-25 10:15:00,short,1277.57,1276.119728295402,1278.5076698153737,1276.069728295402,24.770160636888228,35.92346309002569,1.546676325525024,take_profit,6
2014-08-26 07:45:00,2014-08-26 09:15:00,short,1282.88,1283.9115797824181,1283.8315797824182,1281.357472348131,24.483579104786443,-25.25676520573,-1.084070722684583,stop_loss,6
2014-08-27 10:30:00,2014-08-27 11:45:00,short,1286.0800000000002,1284.7633163745868,1286.9341772658836,1284.7133163745868,27.216324146596815,35.8352883477663,1.5414641409960452,take_profit,5
2014-08-27 13:15:00,2014-08-27 13:30:00,short,1286.46,1285.1709261895205,1287.2969211315497,1285.1209261895206,27.86312239536335,35.917621358048336,1.5402572140731046,take_profit,1
2014-08-27 15:00:00,2014-08-27 15:30:00,short,1286.22,1284.8470625588054,1287.1093359007466,1284.7970625588055,26.301728229696863,36.110627454676006,1.543778273250933,take_profit,2
2014-08-28 09:30:00,2014-08-28 10:15:00,short,1288.32,1289.1716468551838,1289.0916468551839,1287.0853650317058,30.406775150617396,-25.89583443330557,-1.1036743679605352,stop_loss,3
2014-08-28 11:00:00,2014-08-28 11:15:00,short,1289.1000000000001,1290.1104702740545,1290.0304702740546,1287.611247561513,25.16093356790317,-25.424375437822203,-1.0859780287782186,stop_loss,1
2014-08-28 11:30:00,2014-08-28 11:45:00,short,1291.48,1289.6852695811003,1292.6329565118124,1289.6352695811004,20.26152050157981,36.36396717734498,1.5566332298852326,take_profit,1
2014-08-29 14:45:00,2014-08-29 15:15:00,short,1285.93,1284.3402233965937,1286.954860377129,1284.2902233965938,22.864948688440585,36.350160462969214,1.5512128665368468,take_profit,2
2014-09-01 08:30:00,2014-09-01 09:00:00,short,1287.1000000000001,1287.9593712395035,1287.8793712395036,1285.8530060167943,30.160312653790655,-25.918905269097824,-1.1026468465155264,stop_loss,2
2014-09-01 09:30:00,2014-09-01 10:30:00,short,1287.79,1288.6883330375745,1288.6083330375745,1286.4806671398808,28.66099909124243,-25.747122373555875,-1.0977597094662537,stop_loss,4
2014-09-01 10:45:00,2014-09-01 12:30:00,short,1288.8400000000001,1287.496740648182,1289.7107870948864,1287.446740648182,26.875396223651745,36.10062731124063,1.5425806832767226,take_profit,7
2014-09-02 12:45:00,2014-09-02 13:15:00,short,1277.54,1275.610053780638,1278.7774663871012,1275.560053780638,18.970171392795773,36.611410560173645,1.5595948621140563,take_profit,2
2014-09-03 09:30:00,2014-09-03 11:00:00,short,1268.5,1267.1137928411129,1269.3976294743045,1267.063792841113,26.233733351391994,36.36538897603606,1.5442977292620803,take_profit,6
2014-09-04 11:30:00,2014-09-04 13:15:00,short,1271.79,1272.7098234678085,1272.6298234678086,1270.446282451506,28.1260335780339,-25.87098574144702,-1.095258114432874,stop_loss,7
2014-09-04 13:30:00,2014-09-04 13:45:00,short,1272.49,1271.1790517946454,1273.3405926283467,1271.1290517946454,27.70910574376224,36.3252024467669,1.5412174543561754,take_profit,1
2014-09-05 09:00:00,2014-09-05 09:30:00,short,1264.64,1263.1635567017145,1265.5940270614287,1263.1135567017145,24.781070102156164,36.58784487667488,1.5475905851923026,take_profit,2
2014-09-05 15:45:00,2014-09-05 16:30:00,short,1268.74,1265.748108053921,1270.6411824662994,1265.698108053921,12.473809115508736,37.320289029617676,1.5737005779896132,take_profit,3
2014-09-11 09:45:00,2014-09-11 10:15:00,short,1248.8700000000001,1249.878574450036,1249.798574450036,1247.3842808799425,25.61951575935362,-25.839189017176004,-1.086153565819982,stop_loss,2
2014-09-11 10:30:00,2014-09-11 11:00:00,short,1249.53,1248.1348349465136,1250.433228158429,1248.0848349465136,26.281232661834174,36.66665737233588,1.5446430012909007,take_profit,2
2014-09-11 15:00:00,2014-09-11 15:30:00,short,1242.8300000000002,1244.4805540623663,1244.4005540623664,1240.3171135002144,15.161071664903632,-25.024168426331087,-1.050937437886982,stop_loss,2
2014-09-12 08:30:00,2014-09-12 08:45:00,short,1234.6200000000001,1235.7438430916616,1235.6638430916616,1232.9498510533417,22.76322422986532,-25.582292294674808,-1.076639871106095,stop_loss,1
2014-09-12 09:00:00,2014-09-12 09:15:00,short,1236.69,1237.8746402167899,1237.79464021679,1234.9225756531364,21.464065323096435,-25.427194997544042,-1.072421770259649,stop_loss,1
2014-09-12 10:00:00,2014-09-12 10:30:00,short,1239.47,1237.5852803318728,1240.6791997925795,1237.5352803318729,19.566010122472857,36.87644410460083,1.5586503402441558,take_profit,2
2014-09-15 10:15:00,2014-09-15 13:15:00,short,1234.8400000000001,1235.02,1235.9546799374946,1233.0565121000093,21.291285033135896,-3.832431305960976,-0.16148133104865883,time_stop,12
2014-09-15 14:45:00,2014-09-15 15:00:00,short,1237.91,1236.3669804153492,1238.9056372404068,1236.3169804153492,23.82926476073573,36.769022213646586,1.5497809061667496,take_profit,1
2014-09-16 10:30:00,2014-09-16 10:45:00,short,1236.51,1237.3961276558339,1237.316127655834,1235.2201957506654,29.52242275710887,-26.16063527229393,-1.0992398653252566,stop_loss,1
2014-09-16 11:45:00,2014-09-16 12:30:00,short,1239.82,1238.2837242645396,1240.8114223346627,1238.2337242645397,23.951972182733886,36.79683368075467,1.5495674060872808,take_profit,3
2014-09-16 13:30:00,2014-09-16 13:45:00,short,1240.82,1238.9792602511227,1242.0017123430482,1238.9292602511227,20.157286152312956,37.104317850055224,1.5576885184502491,take_profit,1
2014-09-17 13:15:00,2014-09-17 15:00:00,short,1237.32,1235.6072347824904,1238.4217282609434,1235.5572347824905,21.688036271106373,37.14651416123573,1.5546167582583537,take_profit,7
2014-09-18 09:00:00,2014-09-18 10:00:00,short,1223.89,1222.088661376641,1225.0470866395995,1222.0386613766411,20.714624724096772,37.3140535839031,1.5567880240867122,take_profit,4
2014-09-19 14:30:00,2014-09-19 15:30:00,short,1222.27,1223.777556468306,1223.6975564683062,1219.9859096507103,16.84223647437371,-25.390622537683353,-1.0560398147296042,stop_loss,4
2014-09-19 16:00:00,2014-09-19 16:30:00,short,1224.44,1221.978217390452,1226.0098641309676,1221.9282173904521,15.283145784006553,37.62378251025388,1.5681501099275197,take_profit,2
2014-09-22 15:30:00,2014-09-22 16:00:00,short,1215.8400000000001,1213.5982209804897,1217.2723618871942,1213.5482209804898,16.80281369872818,37.66819521855131,1.565092620484374,take_profit,2
2014-09-23 11:00:00,2014-09-23 11:15:00,short,1217.51,1218.87732639884,1218.7973263988401,1215.4502777618557,18.75440941152859,-25.64339908303785,-1.0621443016099144,stop_loss,1
2014-09-24 13:00:00,2014-09-24 13:30:00,short,1224.46,1222.3394942873695,1225.8165660703942,1222.2894942873695,17.75937055904046,37.65884672316854,1.5631422301565316,take_profit,2
2014-09-25 12:00:00,2014-09-25 13:45:00,short,1210.52,1208.144780556671,1212.0357621520805,1208.0947805566711,15.943845274290894,37.870131296923134,1.567013294314523,take_profit,7
2014-09-25 15:45:00,2014-09-25 16:00:00,short,1212.4,1209.9121956513484,1213.9861277179075,1209.8621956513484,15.28427831774788,38.024294064896175,1.5684766873211813,take_profit,1
2014-09-26 09:30:00,2014-09-26 09:45:00,short,1225.23,1226.6979089289782,1226.6179089289783,1223.0093457136347,17.521946554536115,-25.72062180048244,-1.0576406695926512,stop_loss,1
2014-09-29 13:45:00,2014-09-29 14:15:00,short,1220.42,1221.522790353735,1221.442790353735,1218.783535434024,23.726685281984643,-26.165559655076905,-1.0782173978350362,stop_loss,2
2014-09-29 14:30:00,2014-09-29 15:15:00,short,1222.56,1220.7913525322706,1223.6966546673307,1220.7413525322706,21.30382640320771,37.678958620979024,1.5560112658339442,take_profit,3
2014-10-01 07:45:00,2014-10-01 09:30:00,short,1206.96,1208.1902550146192,1208.1102550146193,1205.1195919766092,21.11744901933115,-25.979847551996624,-1.0695497945961223,stop_loss,7
2014-10-01 12:30:00,2014-10-01 12:45:00,short,1208.52,1209.925990466753,1209.8459904667532,1206.398415253195,18.27953710308189,-25.700854903592898,-1.0603322587950539,stop_loss,1
2014-10-01 13:00:00,2014-10-01 14:45:00,short,1209.19,1210.5997060657207,1210.5197060657208,1207.0624702948467,18.189802129262354,-25.64227439588015,-1.0601636723049495,stop_loss,7
2014-10-01 15:30:00,2014-10-01 15:45:00,short,1211.67,1213.4309850034929,1213.350985003493,1208.9804239944115,14.358132658291126,-25.28445628941097,-1.0475911443788595,stop_loss,1
2014-10-01 16:00:00,2014-10-01 16:30:00,short,1213.52,1215.4800840081136,1215.4000840081137,1210.511865587018,12.810723701827786,-25.110094660315195,-1.042551290077825,stop_loss,2
2014-10-02 11:45:00,2014-10-02 12:15:00,short,1217.89,1214.9136492599262,1219.7814692125462,1214.8636492599262,12.70706201053933,37.82067341923418,1.5735655226803755,take_profit,2
2014-10-03 14:30:00,2014-10-03 15:00:00,short,1207.68,1205.783291750396,1208.8966926560026,1205.7332917503961,19.81655581032507,37.586224884181426,1.5589049874235203,take_profit,2
2014-10-06 09:45:00,2014-10-06 10:15:00,short,1192.89,1194.286098732941,1194.206098732941,1190.7842420272948,18.3769118274371,-25.65598331764974,-1.060785713106162,stop_loss,2
2014-10-06 12:00:00,2014-10-06 13:30:00,short,1194.19,1195.7208495103118,1195.640849510312,1191.868640783501,16.634749664445334,-25.46529837797522,-1.0551401089026327,stop_loss,6
2014-10-06 15:15:00,2014-10-06 17:15:00,short,1197.3400000000001,1198.9140793847146,1198.8340793847146,1194.949472984457,16.119349516804284,-25.373135769408023,-1.0535446782937938,stop_loss,8
2014-10-07 10:15:00,2014-10-07 10:30:00,short,1208.92,1210.4136087409713,1210.3336087409714,1206.6582260144457,17.001056119681813,-25.392926026099346,-1.0565927457020095,stop_loss,1
2014-10-07 10:45:00,2014-10-07 11:00:00,short,1211.55,1209.031184675721,1213.1555095776744,1208.9811846757211,14.937348252516793,37.62442168252959,1.568857239660565,take_profit,1
2014-10-07 15:30:00,2014-10-07 16:00:00,short,1206.29,1208.1358153021185,1208.0558153021186,1203.4646955166104,13.623907607423357,-25.147217136431774,-1.0453048514779217,stop_loss,2
2014-10-08 08:45:00,2014-10-08 09:00:00,short,1213.28,1214.59818788021,1214.51818788021,1211.2988993916638,19.38882658865447,-25.55811622065698,-1.0646105500454073,stop_loss,1
2014-10-08 09:15:00,2014-10-08 09:45:00,short,1213.71,1215.0365497538546,1214.9565497538547,1211.7155203938325,19.217759890487287,-25.493314652362304,-1.0641771415481385,stop_loss,2
2014-10-08 10:00:00,2014-10-08 10:30:00,short,1216.16,1217.5887244202693,1217.5087244202693,1214.0020409275694,17.724085715781396,-25.322834089081223,-1.0593153047410204,stop_loss,2
2014-10-09 12:15:00,2014-10-09 13:00:00,long,1225.79,1228.1967479726056,1224.2545325171216,1228.2467479726056,15.535504222417265,37.390043290709606,1.567436627243944,take_profit,3
2014-10-10 10:45:00,2014-10-10 11:00:00,long,1220.1599999999999,1219.017342169289,1219.0973421692888,1221.8602525291376,22.518105977925327,-25.730490128455642,-1.0752829346266604,stop_loss,1
2014-10-10 11:15:00,2014-10-10 11:30:00,long,1217.99,1219.8486463133893,1216.7970960541318,1219.8986463133892,20.016348133199767,37.203311665287984,1.5580854768960317,take_profit,1
2014-10-10 16:00:00,2014-10-10 16:15:00,long,1221.3,1223.695929184663,1219.7712942595854,1223.745929184663,15.668147675563265,37.53977228549406,1.567292593546079,take_profit,1
2014-10-13 10:30:00,2014-10-13 11:45:00,long,1230.22,1228.5653915539556,1228.6453915539555,1232.7393735136711,15.259074024545493,-25.247792759830435,-1.0508062815240768,stop_loss,5
2014-10-13 12:00:00,2014-10-13 13:30:00,long,1228.43,1226.82972056328,1226.90972056328,1230.8624470987522,15.771160665091966,-25.238264105554457,-1.0526219049390826,stop_loss,6
2014-10-13 13:45:00,2014-10-13 15:15:00,long,1226.44,1224.8885353545427,1224.9685353545426,1228.794343432732,16.26005408828498,-25.226899051198753,-1.054367599144767,stop_loss,6
2014-10-14 11:30:00,2014-10-14 14:00:00,long,1232.44,1234.0158459961522,1231.4238462524052,1234.0658459961521,23.496091002513367,37.026220931536336,1.5507948476123121,take_profit,10
2014-10-15 08:15:00,2014-10-15 09:45:00,long,1225.93,1224.682206742614,1224.762206742614,1227.798469211818,20.50850458025735,-25.590373734316916,-1.0685052765067242,stop_loss,6
2014-10-15 11:00:00,2014-10-15 12:45:00,long,1223.27,1221.8353639346042,1221.915363934604,1225.4374177046334,17.642017092941536,-25.309873987863224,-1.0590564521671346,stop_loss,7
2014-10-15 13:00:00,2014-10-15 14:00:00,long,1222.6599999999999,1224.7862705405269,1221.2998309121706,1224.8362705405268,17.533035477606003,37.279976822048425,1.5632398644791916,take_profit,4
2014-10-16 09:45:00,2014-10-16 10:45:00,long,1238.61,1240.7683322863663,1237.229792321021,1240.8183322863663,17.332502340369658,37.40929940474155,1.5637735677309343,take_profit,4
2014-10-16 15:15:00,2014-10-16 15:30:00,long,1238.57,1236.6043172665206,1236.6843172665206,1241.5870923735672,12.726038690839808,-25.015354520173297,-1.042424952288933,stop_loss,1
2014-10-17 11:45:00,2014-10-17 13:15:00,long,1237.8,1236.6232980877512,1236.7032980877511,1239.554723059598,21.835687937082376,-25.694095750831696,-1.0729459838689301,stop_loss,6
2014-10-17 13:30:00,2014-10-17 14:00:00,long,1237.11,1235.9407427003405,1236.0207427003404,1238.8528116794548,21.937748346359463,-25.65087239207219,-1.073444538792566,stop_loss,2
2014-10-17 14:15:00,2014-10-17 14:45:00,long,1235.7,1237.4191943366484,1234.594253539595,1237.4691943366483,21.564211718883943,37.0730706613911,1.55478167754531,take_profit,2
2014-10-20 12:30:00,2014-10-20 14:00:00,long,1240.85,1242.663758003744,1239.6851512476599,1242.713758003744,20.53373613772064,37.2432282665617,1.5570759723960172,take_profit,6
2014-10-22 12:45:00,2014-10-22 14:00:00,long,1245.6,1247.244942695379,1244.540660815388,1247.294942695379,22.64919841158106,37.25663348332187,1.5528007641686281,take_profit,5
2014-10-22 16:00:00,2014-10-22 16:15:00,long,1242.26,1244.8283150019006,1240.6235531238121,1244.8783150019005,14.707288696391947,37.77295019622657,1.5694459986892877,take_profit,1
2014-10-23 10:00:00,2014-10-23 10:30:00,long,1241.9199999999998,1243.2963099210365,1241.028556299352,1243.3463099210364,27.083306020615147,37.275022770643886,1.5439112083425834,take_profit,2
2014-10-23 11:15:00,2014-10-23 11:30:00,long,1240.8,1239.6372544253425,1239.7172544253424,1242.5323929194521,22.36702061608187,-26.007154239622093,-1.0738862405650824,stop_loss,1
2014-10-23 11:45:00,2014-10-23 12:45:00,long,1239.31,1238.060591825933,1238.140591825933,1241.1810530785071,20.664964396317583,-25.818975433561832,-1.0684106728292304,stop_loss,4
2014-10-23 13:00:00,2014-10-23 14:15:00,long,1238.72,1237.443304967473,1237.523304967473,1240.6347120520434,20.150614547191328,-25.726189494764647,-1.0668507830528828,stop_loss,5
2014-10-23 14:30:00,2014-10-23 14:45:00,long,1237.04,1235.752956325163,1235.832956325163,1238.971269879739,19.935225587633195,-25.657505999010482,-1.0662776349088867,stop_loss,1
2014-10-24 10:45:00,2014-10-24 11:15:00,long,1230.95,1232.487300707099,1229.9579370580632,1232.537300707099,24.203477345020456,37.208022836751994,1.5495999720517,take_profit,2
2014-10-24 11:30:00,2014-10-24 13:45:00,short,1232.7,1231.0430948784633,1233.7668157009605,1230.9930948784634,22.57727268542524,37.40839874281258,1.5531315484437092,take_profit,9
2014-10-27 11:30:00,2014-10-27 12:00:00,short,1230.44,1231.315762797883,1231.2357627978831,1229.166779523387,30.361567350767913,-26.589531171221612,-1.1005324704959156,stop_loss,2
2014-10-27 12:15:00,2014-10-27 12:30:00,short,1231.3,1230.1309732554232,1232.0618917153604,1230.0809732554233,31.641539387805587,36.989805783923075,1.5343738762452608,take_profit,1
2014-10-28 08:15:00,2014-10-28 09:15:00,short,1228.8500000000001,1229.9080079608862,1229.8280079608862,1227.2851872625822,24.72516308607458,-26.159419379271963,-1.081798925161556,stop_loss,4
2014-10-30 12:00:00,2014-10-30 14:00:00,short,1205.8,1203.426553401066,1207.3146541243336,1203.376553401066,15.930427353666703,37.81001862212419,1.5669891632705584,take_profit,8
2014-11-04 13:00:00,2014-11-04 13:15:00,short,1170.48,1172.0311442634218,1171.9511442634218,1168.126169178525,16.452980263522463,-25.520945951954097,-1.0543794391814783,stop_loss,1
2014-11-04 13:30:00,2014-11-04 14:15:00,short,1172.93,1170.355482608014,1174.5703233699915,1170.305482608014,14.72494148461491,37.90961794811859,1.5695182054253127,take_profit,3
2014-11-06 07:15:00,2014-11-06 10:15:00,short,1145.14,1145.3799999999999,1147.2114121670531,1141.8257405327154,11.697085331567143,-2.807300479573561,-0.11586298652538345,time_stop,12
2014-11-11 07:45:00,2014-11-11 09:15:00,short,1151.1000000000001,1152.9281021396157,1152.8481021396158,1148.3030365766153,13.857239645752541,-25.332449445565874,-1.0457639162992598,stop_loss,6
2014-11-11 11:30:00,2014-11-11 13:00:00,short,1151.9,1153.8853418321692,1153.8053418321692,1148.8514530685293,12.687070092559447,-25.18817098241938,-1.0419872164927229,stop_loss,6
2014-11-11 13:15:00,2014-11-11 13:30:00,short,1154.41,1156.3254703746181,1156.2454703746182,1151.4732474006112,13.142586972055883,-25.174235990814225,-1.0435855577437863,stop_loss,1
2014-11-11 13:45:00,2014-11-11 15:00:00,short,1155.65,1152.5423306668536,1157.6235433332167,1152.4923306668536,12.197594122158856,37.906089191601474,1.5746648582990084,take_profit,5
2014-11-12 15:15:00,2014-11-12 15:30:00,short,1166.47,1168.0875416124345,1168.0075416124346,1164.009933420105,15.705781582857936,-25.404755266079775,-1.0520311121032067,stop_loss,1
2014-11-13 13:00:00,2014-11-13 15:30:00,short,1162.71,1164.9667451985003,1164.8867451985004,1159.2272076823992,11.0704198385376,-24.983116816002326,-1.0367521196578457,stop_loss,10
2014-11-13 15:45:00,2014-11-13 18:30:00,short,1163.49,1165.5786607866892,1165.4986607866892,1160.2761427412972,11.971915394895689,-25.005270226878906,-1.0398275311242506,stop_loss,11
2014-11-17 10:15:00,2014-11-17 10:45:00,long,1184.72,1187.8080977686761,1182.7586888945775,1187.858097768676,12.235441072294732,37.78423827412136,1.574506849085965,take_profit,2
2014-11-17 15:00:00,2014-11-17 15:30:00,long,1187.84,1185.809160441537,1185.889160441537,1190.961343293541,12.33985379625405,-25.060263235082033,-1.0410079853327125,stop_loss,2
2014-11-17 15:45:00,2014-11-17 16:00:00,long,1186.06,1183.9454794059973,1184.0254794059972,1189.3152329504044,11.807673255176722,-24.96756826532572,-1.0393213026379517,stop_loss,1
2014-11-18 14:15:00,2014-11-18 15:00:00,long,1200.05,1198.0345666357503,1198.1145666357502,1203.1466933827994,12.386383179704234,-24.963929922757227,-1.0413344119604642,stop_loss,3
2014-11-18 15:15:00,2014-11-18 15:30:00,long,1196.85,1194.8421831446185,1194.9221831446184,1199.9345069686103,12.409421227828377,-24.915845106761644,-1.0414977178857048,stop_loss,1
2014-11-19 14:15:00,2014-11-19 14:30:00,long,1198.53,1196.777616770973,1196.857616770973,1201.2058131664432,14.274993496683445,-25.015259198056395,-1.0478359257683254,stop_loss,1
2014-11-20 15:15:00,2014-11-20 15:45:00,long,1188.19,1192.3767801120216,1185.5420124299865,1192.4267801120216,8.996729995905698,37.66733022008571,1.581117736138042,take_profit,2
2014-11-21 11:00:00,2014-11-21 12:30:00,long,1190.29,1193.4580793216671,1188.278700423958,1193.508079321667,11.882150299756757,37.64359466160069,1.575140451181191,take_profit,6
2014-11-24 10:00:00,2014-11-24 10:30:00,long,1197.3999999999999,1195.7328848206998,1195.8128848206998,1199.93938428688,15.105300083048935,-25.182275056332827,-1.0504059195219886,stop_loss,2
2014-11-24 10:45:00,2014-11-24 13:45:00,long,1194.75,1194.89,1193.142444588585,1197.322088658264,14.881904741634864,2.08346666383037,0.08708875538969532,time_stop,12
2014-11-25 13:45:00,2014-11-25 14:45:00,long,1200.11,1198.5456539001677,1198.6256539001677,1202.4849537597313,16.11999616235684,-25.21725312589238,-1.053895786170738,stop_loss,4
2014-11-25 15:15:00,2014-11-25 15:30:00,long,1197.25,1195.4777912312545,1195.5577912312544,1199.9575340299928,14.110090532359967,-25.006026169240997,-1.0472754907535622,stop_loss,1
2014-11-26 11:45:00,2014-11-26 12:00:00,long,1196.1299999999999,1195.0694270950316,1195.1494270950316,1197.698916647949,24.29927112363433,-25.77114856420372,-1.0815849587466548,stop_loss,1
2014-11-27 15:30:00,2014-11-27 17:15:00,long,1194.97,1193.5781316002995,1193.6581316002994,1197.0689894395211,18.12351344282074,-25.225545652610673,-1.0609817265345995,stop_loss,7
2014-11-28 10:15:00,2014-11-28 10:30:00,long,1185.5,1183.8821941897238,1183.9621941897237,1187.9604892964421,15.427964524089592,-24.959450647807156,-1.0520221730632915,stop_loss,1
2014-11-28 10:45:00,2014-11-28 13:00:00,long,1183.6599999999999,1181.9862286635882,1182.0662286635882,1186.2100341382586,14.854887927580261,-24.86368561879084,-1.0501954064376913,stop_loss,9
2014-11-28 13:15:00,2014-11-28 13:30:00,long,1181.4199999999998,1183.9037789813385,1179.8363881366633,1183.9537789813385,14.91878645286944,37.05496821871726,1.5684266068237311,take_profit,1
2014-12-01 08:45:00,2014-12-01 09:00:00,short,1154.8500000000001,1157.353198185898,1157.273198185898,1150.9728829025635,9.78032968483886,-24.482103524571745,-1.0330142208200286,stop_loss,1
2014-12-01 09:15:00,2014-12-01 10:30:00,short,1156.73,1159.3904617011058,1159.3104617011059,1152.6012612782306,9.165302834217968,-24.38393716947298,-1.0310022039721203,stop_loss,5
2014-12-01 10:45:00,2014-12-01 11:00:00,short,1160.68,1163.5476444528658,1163.467644452866,1156.2197688754147,8.466626740771519,-24.279275207658365,-1.0286980643882628,stop_loss,1
2014-12-01 11:15:00,2014-12-01 11:45:00,short,1164.3500000000001,1167.4732240435426,1167.3932240435427,1159.480841530332,7.739616334840789,-24.172555824768647,-1.02628791007671,stop_loss,2
2014-12-01 12:00:00,2014-12-01 14:00:00,short,1176.01,1169.399140977456,1180.1730368890899,1169.349140977456,5.646128543307493,37.325759822967505,1.5879895371259252,take_profit,8
2014-12-01 15:15:00,2014-12-01 15:30:00,short,1177.95,1181.7116023910278,1181.6316023910279,1172.0594361743556,6.404736422228229,-24.092071839756137,-1.0217296686342041,stop_loss,1
2014-12-02 10:15:00,2014-12-02 10:30:00,long,1203.56,1201.2697306497134,1201.3497306497134,1207.0964309604585,10.646443963604604,-24.383224299386427,-1.036194683688463,stop_loss,1
2014-12-02 10:45:00,2014-12-02 11:00:00,long,1198.3,1195.7827779581712,1195.8627779581711,1202.199555266926,9.635044296612104,-24.253545877428326,-1.0328242559056693,stop_loss,1
2014-12-02 11:15:00,2014-12-02 12:45:00,long,1195.36,1199.5744940821962,1192.6946911986272,1199.6244940821962,8.792315258132927,37.05516062420567,1.5812404476455977,take_profit,6
2014-12-02 14:45:00,2014-12-02 15:00:00,long,1193.23,1196.883899635962,1190.9150627275237,1196.933899635962,10.15506806283637,37.105599497967496,1.5784011426164648,take_profit,1
2014-12-03 12:30:00,2014-12-03 13:30:00,long,1203.37,1201.5429950981832,1201.622995098183,1206.1652078429067,13.498849795821823,-24.66246474585431,-1.0457926591486555,stop_loss,4
2014-12-03 13:45:00,2014-12-03 14:30:00,long,1200.4199999999998,1203.080922505534,1198.725673434041,1203.130922505534,13.889430942954263,36.958699385170725,1.5704897503206126,take_profit,3
2014-12-04 09:30:00,2014-12-04 10:00:00,long,1203.74,1205.7776895943712,1202.435194003518,1205.8276895943711,18.092459181762216,36.866815811261795,1.5616801270573817,take_profit,2
2014-12-04 11:45:00,2014-12-04 13:00:00,long,1203.75,1202.2667670932597,1202.3467670932596,1205.9951726507845,16.87594607376997,-25.030958548991073,-1.057011205777493,stop_loss,5
2014-12-04 13:15:00,2014-12-04 14:30:00,long,1202.6499999999999,1204.8155251857963,1201.2652967588772,1204.8655251857963,17.065621170088043,36.956032455087055,1.563891180063044,take_profit,5
2014-12-05 10:15:00,2014-12-05 10:30:00,long,1203.78,1202.5435330120004,1202.6235330120003,1205.6303471807996,20.497544034442594,-25.34453653365681,-1.0691762072156517,stop_loss,1
2014-12-05 10:45:00,2014-12-05 13:30:00,long,1203.06,1201.7670769338165,1201.8470769338164,1205.0006769058934,19.501685306606756,-25.214178762362703,-1.0659563679101662,stop_loss,11
2014-12-05 13:45:00,2014-12-05 14:00:00,long,1202.4199999999998,1201.184601025546,1201.264601025546,1204.268638359126,20.42897397539032,-25.237933498340595,-1.0692401514703969,stop_loss,1
2014-12-05 14:15:00,2014-12-05 14:45:00,long,1199.5,1201.720958585165,1198.080650884272,1201.7709585851649,16.594324435277365,36.855307319541076,1.5647725852323382,take_profit,2
2014-12-10 10:30:00,2014-12-10 12:30:00,long,1229.57,1227.0933904801916,1227.1733904801915,1233.4045752316936,9.858448000257491,-24.415526167973145,-1.0333804899541261,stop_loss,8
2014-12-10 12:45:00,2014-12-10 14:45:00,long,1226.9199999999998,1230.1771977556316,1224.85300140273,1230.2271977556316,11.40688692617334,37.154486494676966,1.5758103367529033,take_profit,8
2014-12-11 10:45:00,2014-12-11 11:15:00,long,1221.86,1220.0337636197569,1220.1137636197568,1224.6539782083887,13.544746012744321,-24.73590792962523,-1.045812812575117,stop_loss,2
2014-12-11 11:30:00,2014-12-11 13:00:00,long,1219.59,1222.5184730771978,1217.7284543267513,1222.5684730771977,12.679171277896796,37.13061172850103,1.5731405999226746,take_profit,6
2014-12-11 16:00:00,2014-12-11 17:15:00,long,1216.99,1220.4606761480668,1214.7895774074582,1220.5106761480668,10.760259295853576,37.345375285132924,1.5772770920596764,take_profit,5
2014-12-12 07:30:00,2014-12-12 07:45:00,long,1219.2,1221.6336648521772,1217.6477094673894,1221.6836648521771,15.301135907096533,37.237836655486056,1.5677895349166246,take_profit,1
2014-12-12 14:30:00,2014-12-12 15:00:00,long,1221.6599999999999,1224.7668334036007,1219.6869791227493,1224.8168334036006,12.076042557283275,37.51825240027288,1.5746581495530463,take_profit,2
2014-12-15 10:00:00,2014-12-15 10:15:00,long,1216.62,1215.0656232241943,1215.1456232241942,1218.979002841289,16.211134750020037,-25.19821136488662,-1.054260214425997,stop_loss,1
2014-12-15 10:30:00,2014-12-15 10:45:00,long,1214.25,1212.6094404331063,1212.6894404331063,1216.74689530703,15.28357178292855,-25.0736099047896,-1.0512636631738226,stop_loss,1
2014-12-15 12:00:00,2014-12-15 14:45:00,long,1211.32,1209.5726026142224,1209.6526026142224,1213.987835817244,14.274207903503195,-24.94271357462606,-1.0479789645121818,stop_loss,11
2014-12-15 15:00:00,2014-12-15 15:15:00,long,1207.9099999999999,1206.1836959124541,1206.263695912454,1210.544086540073,14.426794961436334,-24.90503511211145,-1.048593695785076,stop_loss,1
2014-12-16 08:15:00,2014-12-16 09:30:00,long,1196.1599999999999,1198.757597132268,1194.5052517923323,1198.807597132268,14.323074250904181,37.20557659941348,1.5697839225519479,take_profit,5
2014-12-16 11:45:00,2014-12-16 12:15:00,short,1201.8300000000002,1198.8286466791064,1203.7370958255588,1198.7786466791065,12.466857868145256,37.41744526366768,1.5737821249829433,take_profit,2
2014-12-16 13:45:00,2014-12-16 14:00:00,short,1205.3600000000001,1207.7336126835996,1207.6536126835997,1201.690219706241,10.398585453961227,-24.68221432501567,-1.034879472271829,stop_loss,1
2014-12-17 12:45:00,2014-12-17 13:45:00,short,1197.81,1199.534357399444,1199.454357399444,1195.1790281608892,14.474324783709635,-24.958909042745216,-1.0486512238926733,stop_loss,4
2014-12-18 07:45:00,2014-12-18 08:00:00,short,1199.01,1200.8398057641496,1200.7598057641496,1196.2103107773605,13.573532404898883,-24.836927834354935,-1.0457193601935613,stop_loss,1
2014-12-18 12:15:00,2014-12-18 12:30:00,short,1206.1000000000001,1208.5157425729576,1208.4357425729577,1202.362811883268,10.147253237879022,-24.513151645324886,-1.034250349728665,stop_loss,1
2014-12-19 15:30:00,2014-12-19 15:45:00,short,1197.27,1199.0876684205107,1199.0076684205108,1194.489730527183,13.61154107643405,-24.741268369118384,-1.0460387028132858,stop_loss,1
2014-12-19 16:00:00,2014-12-19 17:00:00,short,1197.95,1195.1279513219076,1199.7450304238077,1195.0779513219077,13.149004180218249,37.107129865016546,1.572145318911171,take_profit,4
2014-12-22 09:30:00,2014-12-22 10:00:00,short,1200.79,1199.0145370685202,1201.9309143321748,1198.9645370685203,20.752720987265622,36.84568684023198,1.5561755001318598,take_profit,2
2014-12-23 09:30:00,2014-12-23 12:00:00,short,1181.81,1179.321631381584,1183.39648038651,1179.271631381584,14.970729157216713,37.252692629622906,1.5684836948347356,take_profit,10
2014-12-24 15:15:00,2014-12-24 15:30:00,short,1178.77,1177.3316504076274,1179.7002184952328,1177.2816504076275,25.612556283321073,36.83980988973413,1.5462491874154833,take_profit,1
2014-12-26 12:00:00,2014-12-26 12:15:00,short,1187.22,1188.7937440528901,1188.7137440528902,1184.8300095153759,15.999362901880417,-25.1789022168649,-1.0535566985824238,stop_loss,1
2014-12-29 15:30:00,2014-12-29 16:30:00,short,1194.49,1192.3829310051588,1195.8381681217757,1192.3329310051588,17.689630095148242,37.273271103697645,1.5629126373838904,take_profit,4
2014-12-30 07:15:00,2014-12-30 10:15:00,short,1188.44,1189.9116215839629,1189.831621583963,1186.2134054656592,17.190838513990226,-25.298409003607258,-1.0574868922139833,stop_loss,12
2014-12-31 11:15:00,2014-12-31 12:15:00,long,1197.31,1198.8793831249636,1196.2978855468978,1198.9293831249636,23.58680387510665,37.01673197342028,1.5505984724883974,take_profit,4
2014-12-31 13:45:00,2014-12-31 14:00:00,long,1196.21,1197.967828527862,1195.0801071700864,1198.0178285278619,21.19367247445913,37.25484208576523,1.5557480154965388,take_profit,1
2015-01-02 12:45:00,2015-01-02 13:00:00,long,1182.84,1180.9149858294102,1180.99498582941,1185.7920226729436,13.019460032071896,-25.06264505516525,-1.043360100575462,stop_loss,1
2015-01-02 13:15:00,2015-01-02 13:30:00,long,1180.6599999999999,1183.5849175088135,1178.8006765569912,1183.6349175088135,12.892303946698963,37.70892554264748,1.5731084980463486,take_profit,1
2015-01-05 15:30:00,2015-01-05 16:30:00,short,1194.73,1197.3594747557195,1197.2794747557195,1190.650840390849,9.431896024712307,-24.80093249555171,-1.0313790124104796,stop_loss,4
2015-01-07 12:30:00,2015-01-07 12:45:00,long,1213.94,1212.403136716767,1212.483136716767,1216.2709812531732,16.47153801235874,-25.31450198957181,-1.0549124965400924,stop_loss,1
2015-01-07 15:30:00,2015-01-07 16:30:00,long,1210.31,1213.1611577397096,1208.4967764126816,1213.2111577397095,13.20639666949179,37.65352007789668,1.5724248016904967,take_profit,4
2015-01-09 11:45:00,2015-01-09 13:00:00,long,1210.3899999999999,1212.054490543304,1209.3184434104348,1212.1044905433039,22.417348013800872,37.31346377492749,1.553338908568239,take_profit,5
2015-01-12 10:30:00,2015-01-12 13:00:00,long,1221.35,1219.188233691966,1219.2682336919659,1224.6808260928542,11.574826540000242,-25.022070035509994,-1.0384289051519315,stop_loss,10
2015-01-12 13:15:00,2015-01-12 15:00:00,long,1219.6399999999999,1222.3945459146669,1217.887158803333,1222.4445459146668,13.718321898164547,37.78774754067607,1.57147488312402,take_profit,7
2015-01-14 10:30:00,2015-01-14 12:00:00,long,1226.85,1230.0812399339165,1224.799225041302,1230.1312399339165,11.762195147260835,38.00647467034973,1.575618972823895,take_profit,6
2015-01-16 08:00:00,2015-01-16 08:45:00,long,1257.06,1259.5411395077908,1255.4780378076307,1259.5911395077908,15.29595860974525,37.95140721617309,1.5683936820733837,take_profit,3
2015-01-16 10:15:00,2015-01-16 11:30:00,long,1256.56,1259.3277521247155,1254.7989049220528,1259.3777521247155,13.783203039434248,38.148489497780254,1.5716085743319481,take_profit,5
2015-01-21 13:00:00,2015-01-21 14:45:00,long,1297.61,1300.942783619172,1295.4957602380175,1300.9927836191719,11.517060859388273,38.383871773176296,1.5763508373558652,take_profit,7
2015-01-22 08:45:00,2015-01-22 10:00:00,long,1286.07,1284.2850871211672,1284.365087121167,1288.7978606061326,14.327181204917862,-25.572770250028498,-1.0469232187715625,stop_loss,5
2015-01-22 14:30:00,2015-01-22 14:45:00,long,1282.79,1286.0652060502787,1280.7117462185759,1286.1152060502786,11.72881311753608,38.41427968514248,1.5759413405394591,take_profit,1
2015-01-23 09:45:00,2015-01-23 10:00:00,long,1294.6599999999999,1293.1548175529158,1293.2348175529157,1296.9402919153347,17.157297174502016,-25.82486254646525,-1.0561331639774292,stop_loss,1
2015-01-23 10:15:00,2015-01-23 10:30:00,long,1293.79,1296.1216802739366,1292.3014498287896,1296.1716802739365,16.392211374086823,38.22139590715785,1.56641026888647,take_profit,1
2015-01-23 12:30:00,2015-01-23 13:45:00,long,1293.36,1296.0690971750385,1291.6355642656008,1296.1190971750384,14.194249951423751,38.45360244519317,1.5710050081875488,take_profit,5
2015-01-26 08:00:00,2015-01-26 09:45:00,long,1292.19,1290.5845661071119,1290.6645661071118,1294.6306942286212,16.09639012125761,-25.841690253817546,-1.0524440950033271,stop_loss,7
2015-01-26 10:00:00,2015-01-26 10:15:00,long,1288.8799999999999,1287.0558203710154,1287.1358203710154,1291.6706874063752,14.048034535225074,-25.62613842642746,-1.0458668354282434,stop_loss,1
2015-01-26 10:30:00,2015-01-26 10:45:00,long,1287.02,1285.1238451158247,1285.2038451158246,1289.9258478146808,13.463082691793442,-25.528090002100118,-1.044049106547568,stop_loss,1
2015-01-26 11:00:00,2015-01-26 11:15:00,long,1282.68,1280.571784819257,1280.6517848192568,1285.9251442891891,12.030275405892569,-25.36240923922395,-1.039443546601703,stop_loss,1
2015-01-26 13:30:00,2015-01-26 14:00:00,long,1278.44,1276.1416478904432,1276.2216478904431,1281.989363375291,10.97628382950368,-25.227365094634468,-1.0360628052035914,stop_loss,2
2015-01-27 10:00:00,2015-01-27 10:30:00,long,1279.61,1277.89995193198,1277.97995193198,1282.2180769088318,14.906804366574157,-25.491352007410555,-1.0490783073023755,stop_loss,2
2015-01-27 12:45:00,2015-01-27 14:45:00,long,1279.68,1282.3101075942893,1278.0049327535692,1282.3601075942893,14.47573224641353,38.07273331419011,1.5701504521047034,take_profit,8
2015-01-28 12:45:00,2015-01-28 13:00:00,long,1286.8899999999999,1289.0415708652936,1285.5140182091914,1289.0915708652935,17.677538019167248,38.03447577216207,1.5636623098256774,take_profit,1
2015-01-28 16:00:00,2015-01-28 16:15:00,long,1286.69,1284.744743888491,1284.824743888491,1289.6744097784147,13.08133463372093,-25.44654614294031,-1.0428895525425743,stop_loss,1
2015-01-29 09:15:00,2015-01-29 10:15:00,long,1279.29,1277.4485584603053,1277.5285584603052,1282.1083064635113,13.823420040484448,-25.455019883195458,-1.0454173460754153,stop_loss,4
2015-01-29 11:30:00,2015-01-29 11:45:00,long,1275.75,1273.4773238564244,1273.5573238564243,1279.258281829721,11.081543579238858,-25.184759726529617,-1.0364850961845502,stop_loss,1
2015-02-02 13:15:00,2015-02-02 13:30:00,short,1277.89,1275.5127615373888,1279.407024039132,1275.4627615373888,15.98383815632457,37.99739484536935,1.5670407332316643,take_profit,1
2015-02-03 12:00:00,2015-02-03 13:00:00,long,1280.87,1279.0767157983591,1279.156715798359,1283.611254722625,14.197213449545592,-25.459638586391613,-1.046693946003419,stop_loss,4
2015-02-03 14:15:00,2015-02-03 14:30:00,long,1279.1599999999999,1277.3556662111864,1277.4356662111863,1281.9189340621017,14.076707416351264,-25.39907882656329,-1.0463947296741045,stop_loss,1
2015-02-03 14:45:00,2015-02-03 15:00:00,long,1275.3899999999999,1273.3796305596454,1273.4596305596453,1278.4785911045672,12.547931794420933,-25.22597861915585,-1.0414428442180657,stop_loss,1
2015-02-03 15:15:00,2015-02-03 15:30:00,long,1271.53,1268.9485079825515,1269.0285079825514,1275.5323872279178,9.662909955243205,-24.94472491478353,-1.031980913567546,stop_loss,1
2015-02-04 12:30:00,2015-02-04 12:45:00,short,1271.06,1267.8289054376053,1273.1106841014966,1267.7789054376053,11.762807665466282,38.00674388638249,1.5756178926029842,take_profit,1
2015-02-05 15:15:00,2015-02-05 15:30:00,short,1264.8300000000002,1261.3655995690535,1267.0265002693418,1261.3155995690536,11.016532296424808,38.16567923527152,1.5772365154250645,take_profit,1
2015-02-09 08:15:00,2015-02-09 08:30:00,short,1238.71,1239.927308444387,1239.8473084443872,1236.8903064889807,21.343504160701976,-25.981627847633124,-1.0703415158787786,stop_loss,1
2015-02-09 12:15:00,2015-02-09 14:15:00,short,1242.24,1240.1453604708743,1243.5803997057037,1240.0953604708743,18.070866590027133,37.85195148502856,1.562697693988278,take_profit,8
2015-02-11 14:00:00,2015-02-11 14:15:00,short,1235.04,1236.415449824028,1236.335449824028,1232.967280281555,18.75633290566303,-25.798394794504986,-1.061754611036323,stop_loss,1
2015-02-11 14:30:00,2015-02-11 15:15:00,short,1237.07,1234.9187671815448,1238.4457705115344,1234.8687671815449,17.623790573488076,37.91287666726767,1.5636567293884809,take_profit,3
2015-02-12 10:30:00,2015-02-12 10:45:00,short,1229.04,1226.7243028580465,1230.518560713721,1226.6743028580465,16.449860259433795,38.09289438830494,1.5661833298179146,take_profit,1
2015-02-12 15:15:00,2015-02-12 15:30:00,short,1224.23,1226.0693019661112,1225.9893019661113,1221.4151168542219,13.868172368672598,-25.50775670406824,-1.0454725803420537,stop_loss,1
2015-02-13 08:00:00,2015-02-13 08:30:00,short,1229.48,1230.6355336641518,1230.5555336641519,1227.759146137357,22.63740151766141,-26.158279522578574,-1.0743816792224845,stop_loss,2
2015-02-13 08:45:00,2015-02-13 09:45:00,short,1230.8300000000002,1229.1109052710544,1231.935684205591,1229.0609052710545,21.972793605329382,37.77331366713396,1.5547791315576855,take_profit,4
2015-02-13 15:15:00,2015-02-13 15:30:00,short,1226.94,1228.2277420030734,1228.1477420030735,1225.0076127950824,20.17857904042279,-25.98480379268877,-1.0662393125322651,stop_loss,1
2015-02-13 15:45:00,2015-02-13 16:15:00,short,1228.32,1229.9139714210173,1229.8339714210174,1225.8976457263718,16.062752258247944,-25.6035680425297,-1.052841155975166,stop_loss,2
2015-02-16 09:45:00,2015-02-16 10:15:00,short,1235.63,1233.8965761093343,1236.7446399316661,1233.8465761093344,21.77146182939453,37.739172069790804,1.5551424647732388,take_profit,2
2015-02-17 07:30:00,2015-02-17 08:45:00,short,1228.54,1226.7298346827654,1229.7026033232714,1226.6798346827654,20.938198423024364,37.90160059073443,1.5569930697780245,take_profit,5
2015-02-18 14:45:00,2015-02-18 15:15:00,short,1207.64,1205.3992033031311,1209.0717479355433,1205.3492033031312,17.055112610896256,38.217040003224874,1.565077651757799,take_profit,2
2015-02-19 08:00:00,2015-02-19 08:45:00,short,1216.47,1214.7979127040123,1217.5463045599924,1214.7479127040124,22.758480509722943,38.05416613629128,1.5535447475939954,take_profit,3
2015-02-19 10:30:00,2015-02-19 10:45:00,short,1217.3600000000001,1215.5792054915173,1218.5042465678018,1215.5292054915174,21.473662560851356,38.24018036537708,1.5563031243379932,take_profit,1
2015-02-19 11:45:00,2015-02-19 13:00:00,short,1219.68,1217.3405749065903,1221.1733906833813,1217.2905749065903,16.50448561009601,38.6110077900791,1.5665191429432412,take_profit,5
2015-02-19 14:15:00,2015-02-19 14:30:00,short,1219.0,1220.6669262306007,1220.5869262306007,1216.4609180310388,15.58035060668022,-25.971295108230255,-1.050411921144969,stop_loss,1
2015-02-20 14:15:00,2015-02-20 14:30:00,short,1206.75,1208.30881948109,1208.22881948109,1204.383888830256,16.684203031524063,-26.00766071200122,-1.0540972045762846,stop_loss,1
2015-02-20 14:45:00,2015-02-20 15:00:00,short,1210.81,1212.9602065933886,1212.8802065933887,1207.4976694505779,11.892972047661146,-25.572346911868536,-1.0386434862372713,stop_loss,1
2015-02-23 07:15:00,2015-02-23 08:00:00,short,1204.54,1202.977983222854,1205.5475104857162,1202.927983222854,24.386609174361233,38.09229266805548,1.5503727249405157,take_profit,3
2015-02-23 14:00:00,2015-02-23 14:15:00,short,1194.1200000000001,1195.582224172074,1195.502224172074,1191.908441324682,17.830645373963357,-26.07240066948465,-1.057877731858717,stop_loss,1
2015-02-23 14:30:00,2015-02-23 14:45:00,short,1195.47,1196.989162678982,1196.909162678982,1193.1673397136287,17.088967492977222,-25.960921637666846,-1.0555878784019845,stop_loss,1
2015-02-23 15:00:00,2015-02-23 15:15:00,short,1196.5900000000001,1198.223206595653,1198.143206595653,1194.1048694469555,15.800784302385797,-25.80594513914429,-1.0515063483659095,stop_loss,1
2015-02-23 15:30:00,2015-02-23 16:00:00,short,1201.41,1198.4077394721196,1203.3176628299252,1198.3577394721196,12.837840167823295,38.5425407990944,1.5737899175811432,take_profit,2
2015-02-24 13:30:00,2015-02-24 14:45:00,short,1199.45,1200.8913336061075,1200.8113336061076,1197.271866230228,18.046535747045475,-26.01107844603681,-1.0587659039937094,stop_loss,5
2015-02-24 15:00:00,2015-02-24 15:15:00,short,1200.76,1198.6764962043956,1202.0934398722527,1198.6264962043956,18.38503103103272,38.30528193546188,1.562502996167769,take_profit,1
2015-02-25 08:30:00,2015-02-25 09:30:00,short,1210.9,1209.236610317715,1211.970868551428,1209.1866103177151,22.96448425949158,38.19888617623492,1.5533089285952582,take_profit,4
2015-02-25 15:15:00,2015-02-25 15:30:00,short,1210.82,1208.6182189984813,1212.227363125949,1208.5682189984814,17.52805747910253,38.592943951014156,1.5644725664058594,take_profit,1
2015-02-26 10:30:00,2015-02-26 10:45:00,short,1213.49,1214.7386264569714,1214.6586264569714,1211.6201976688455,21.174882278155476,-26.439518235758726,-1.0684564340664104,stop_loss,1
2015-02-26 12:00:00,2015-02-26 13:30:00,short,1218.96,1216.6774885846569,1220.4178196345895,1216.627488584657,16.938068353010202,38.661334369608355,1.5657022042963251,take_profit,6
2015-02-27 08:30:00,2015-02-27 09:30:00,short,1210.9,1209.4365377511908,1211.8459139055058,1209.3865377511909,26.18628518050354,38.32263979822043,1.5471410667410703,take_profit,4
2015-02-27 13:45:00,2015-02-27 14:15:00,short,1208.17,1209.4734998556528,1209.3934998556529,1206.2124002309554,20.307821411319438,-26.471242278276044,-1.065386194882094,stop_loss,2
2015-02-27 14:30:00,2015-02-27 15:00:00,short,1208.95,1210.2285857080428,1210.148585708043,1207.0322628671317,20.685774838163603,-26.448536067867,-1.0667453311541297,stop_loss,2
2015-02-27 15:30:00,2015-02-27 16:00:00,short,1209.99,1211.3392288735788,1211.2592288735789,1207.9592338022737,19.49276251407491,-26.300198009804255,-1.0630303971689123,stop_loss,2
2015-03-02 07:45:00,2015-03-02 08:30:00,short,1223.13,1221.2612258770384,1224.3292338268511,1221.2112258770385,20.58662460972025,38.47175134977105,1.5583067131026098,take_profit,3
2015-03-02 10:15:00,2015-03-02 11:00:00,long,1218.58,1217.171616157921,1217.251616157921,1220.7054141473263,18.643045278691986,-26.256563737653618,-1.0602235569763698,stop_loss,3
2015-03-02 11:30:00,2015-03-02 14:00:00,long,1215.74,1214.2312710442877,1214.3112710442877,1218.0259663291397,17.296917577737972,-26.096360394102092,-1.0559938256168677,stop_loss,10
2015-03-02 14:15:00,2015-03-02 14:30:00,long,1214.8799999999999,1216.9920914171453,1213.528692864284,1217.0420914171452,18.24930366702495,38.54419764400335,1.5629987893363209,take_profit,1
2015-03-03 11:00:00,2015-03-03 14:00:00,short,1209.3300000000002,1209.46,1210.8191472840624,1206.9473643455003,16.611857622909202,-2.159541490976232,-0.08729828230640413,time_stop,12
2015-03-04 14:30:00,2015-03-04 14:45:00,short,1205.55,1206.7948737462427,1206.7148737462428,1203.6862020060114,21.232501512868595,-26.431783700430103,-1.0686769705798222,stop_loss,1
2015-03-05 14:30:00,2015-03-05 15:00:00,short,1201.8,1202.9805705699093,1202.9005705699094,1200.0390870881447,22.42502269893685,-26.47432182791461,-1.0726895686539293,stop_loss,2
2015-03-05 15:15:00,2015-03-05 15:30:00,short,1203.17,1204.4671186377884,1204.3871186377885,1201.2226101795386,20.234158449085122,-26.24610404427081,-1.0657290074411254,stop_loss,1
2015-03-06 13:00:00,2015-03-06 13:45:00,short,1196.4,1194.4093985423824,1197.675375911011,1194.3593985423825,19.26873398508546,38.356369957158556,1.5607958723634083,take_profit,3
2015-03-09 08:00:00,2015-03-09 08:15:00,short,1172.07,1173.294042324791,1173.214042324791,1170.239532280334,21.547797110278793,-26.37541566899198,-1.069927482809285,stop_loss,1
2015-03-09 08:30:00,2015-03-09 10:45:00,short,1173.29,1174.5070058820902,1174.4270058820903,1171.4707905886553,21.63475269240471,-26.32962128422406,-1.0703602340674374,stop_loss,9
2015-03-10 07:45:00,2015-03-10 08:00:00,short,1163.4,1161.50320638811,1164.6167460074314,1161.45320638811,20.173628412461024,38.26520950140248,1.5589067893426132,take_profit,1
2015-03-11 13:30:00,2015-03-11 13:45:00,short,1160.07,1157.8262648049626,1161.5035844968982,1157.7762648049627,17.17562675834081,38.53755825451349,1.5651223906870881,take_profit,1
2015-03-12 07:15:00,2015-03-12 07:30:00,short,1154.48,1155.6843373693514,1155.6043373693515,1152.6810602090375,21.968305986328783,-26.457251840681348,-1.071153020597433,stop_loss,1
2015-03-12 08:00:00,2015-03-12 08:15:00,short,1158.69,1160.114930466642,1160.034930466642,1156.538111253373,18.3257599328793,-26.11293365272429,-1.0594826290162602,stop_loss,1
2015-03-12 08:30:00,2015-03-12 08:45:00,short,1161.3500000000001,1162.8960880044006,1162.8160880044006,1159.0042591929594,16.775696218077325,-25.936702688234796,-1.0545669835370086,stop_loss,1
2015-03-12 09:00:00,2015-03-12 09:45:00,short,1164.95,1162.2382132837251,1166.676116697672,1162.1882132837252,14.218490336439164,38.55751321983877,1.5710332447003816,take_profit,3
2015-03-12 12:15:00,2015-03-12 14:00:00,short,1160.4,1157.4686570504855,1162.2633393434467,1157.4186570504855,13.212777746813572,38.73118289162538,1.5731664550658684,take_profit,7
2015-03-13 15:00:00,2015-03-13 15:45:00,short,1158.76,1156.3731683718133,1160.2830197676167,1156.3231683718134,16.216040988282224,38.7049595148032,1.5671704852010628,take_profit,3
2015-03-16 07:45:00,2015-03-16 08:30:00,short,1162.57,1163.8803338132825,1163.8003338132826,1160.6014658987478,20.136617094644098,-26.385690264235954,-1.0650230036240977,stop_loss,3
2015-03-17 08:45:00,2015-03-17 10:00:00,short,1156.32,1154.6811595237884,1157.375525297632,1154.6311595237885,23.42150355997767,38.38410804782312,1.5526302210737397,take_profit,5
2015-03-18 12:00:00,2015-03-18 12:15:00,short,1147.69,1148.9489554419292,1148.8689554419293,1145.8036712929134,21.03451653071153,-26.481519054688462,-1.0678566781701393,stop_loss,1
2015-03-18 12:30:00,2015-03-18 12:45:00,short,1148.71,1149.9667523963572,1149.8867523963572,1146.8271961658284,21.02888829521655,-26.42810575773948,-1.0679837153912575,stop_loss,1
2015-03-18 13:00:00,2015-03-18 14:00:00,short,1150.77,1148.8748477144131,1151.9857201784916,1148.8248477144132,20.31136680913247,38.49313323172021,1.5588721147477764,take_profit,4
2015-03-18 15:30:00,2015-03-18 15:45:00,short,1149.57,1147.604453624784,1150.82971648451,1147.554453624784,19.663094873846866,38.648724854818724,1.560308529248448,take_profit,1
2015-03-19 09:15:00,2015-03-19 09:30:00,short,1172.5,1169.925224845422,1174.1404844716112,1169.875224845422,15.146270890560375,38.99824197352273,1.5695211988499673,take_profit,1
2015-03-19 14:00:00,2015-03-19 14:15:00,short,1165.91,1162.9215512074093,1167.8090304953694,1162.8715512074093,13.125233503889223,39.22408821717028,1.5736707756289492,take_profit,1
2015-03-23 10:30:00,2015-03-23 10:45:00,long,1180.77,1179.3087630517045,1179.3887630517045,1182.979979117273,18.102373303883887,-26.451856723472066,-1.0579190993251735,stop_loss,1
2015-03-25 11:30:00,2015-03-25 13:00:00,long,1190.98,1193.0336600554276,1189.6652124653579,1193.0836600554276,18.977030499841472,38.97236950815568,1.5619710419497765,take_profit,6
2015-03-27 09:45:00,2015-03-27 10:00:00,long,1201.18,1199.5811125778027,1199.6611125778027,1203.610219875516,16.478316640822978,-26.346973215996684,-1.0526701313282258,stop_loss,1
2015-03-27 10:15:00,2015-03-27 11:30:00,long,1198.04,1196.325959314534,1196.405959314534,1200.6544650967458,15.28481766730085,-26.198799351683,-1.0489583892931709,stop_loss,5
2015-03-27 11:45:00,2015-03-27 12:45:00,long,1196.5,1198.9877746255756,1194.9138908590153,1199.0377746255756,15.713683059744008,39.09210199036892,1.5684763181120895,take_profit,4
2015-03-27 15:45:00,2015-03-27 16:00:00,long,1195.73,1198.7781666127887,1193.7936458670072,1198.8281666127887,12.911791349309853,39.35729130226014,1.574178277026949,take_profit,1
2015-03-30 10:00:00,2015-03-30 10:15:00,long,1190.87,1189.6204064387418,1189.7004064387418,1192.741349698013,21.443786933302682,-26.79601808084459,-1.0683998293508659,stop_loss,1
2015-03-30 10:30:00,2015-03-30 10:45:00,long,1188.95,1187.4739728987113,1187.5539728987112,1191.1836433620624,17.92724730552505,-26.46110287446095,-1.0573054777561766,stop_loss,1
2015-03-30 11:00:00,2015-03-30 12:15:00,long,1188.31,1190.5724782050436,1186.8647011218477,1190.6224782050435,17.279471576287104,39.094427836020564,1.5654050793536372,take_profit,5
2015-03-30 13:00:00,2015-03-30 14:00:00,long,1186.9099999999999,1185.335287287443,1185.4152872874429,1189.301540340091,16.760538349263847,-26.393032807883255,-1.0535219907664215,stop_loss,4
2015-03-30 14:15:00,2015-03-30 14:30:00,long,1184.3799999999999,1182.8124471254846,1182.8924471254845,1186.7600845992247,16.80572442339056,-26.343861628197622,-1.053779600961069,stop_loss,1
2015-03-30 14:45:00,2015-03-30 15:00:00,long,1182.72,1185.0240117207602,1181.248742674525,1185.0740117207602,16.956052159682706,39.06694291372979,1.566015462329913,take_profit,1
2015-03-31 07:15:00,2015-03-31 08:15:00,long,1181.1,1182.8036095834505,1180.0039940103434,1182.8536095834504,22.832767405533048,38.89812136876329,1.5543798113588976,take_profit,4
2015-03-31 10:00:00,2015-03-31 10:30:00,long,1180.8999999999999,1179.5600320569213,1179.6400320569212,1182.915948708926,19.923241870979062,-26.69650542931307,-1.0634936788982516,stop_loss,2
2015-03-31 10:45:00,2015-03-31 12:30:00,long,1179.96,1178.514048990181,1178.594048990181,1182.1455216157108,18.33832464613388,-26.516319040466946,-1.0585672541876303,stop_loss,7
2015-04-01 09:30:00,2015-04-01 11:15:00,long,1185.54,1184.4101892111385,1184.4901892111384,1187.2196972621784,23.810214846241685,-26.901037618394234,-1.0762042082713588,stop_loss,7
2015-04-01 11:45:00,2015-04-01 12:00:00,long,1183.06,1181.9487034970039,1182.0287034970038,1184.7100744047939,24.1854968798947,-26.877258105849663,-1.0775722595466082,stop_loss,1
2015-04-01 12:15:00,2015-04-01 12:30:00,long,1182.46,1181.3107188316003,1181.3907188316002,1184.1708498694397,23.27607048059609,-26.750749477694143,-1.0748166173352216,stop_loss,1
2015-04-02 11:00:00,2015-04-02 11:30:00,long,1203.54,1202.1391464852377,1202.2191464852376,1205.65336562362,18.80235927960655,-26.339351082659913,-1.060566897923061,stop_loss,2
2015-04-02 11:45:00,2015-04-02 13:15:00,long,1201.98,1204.0171750273662,1200.6755156078962,1204.0671750273661,18.997915029215875,38.70207806954311,1.561670679769989,take_profit,6
2015-04-02 15:45:00,2015-04-02 16:45:00,long,1201.97,1204.4678750560824,1200.3775780899484,1204.5178750560824,15.611370100692099,38.995251965789706,1.5686012860759266,take_profit,4
2015-04-06 12:30:00,2015-04-06 12:45:00,long,1219.1299999999999,1217.8798023745135,1217.9598023745134,1221.0023162007783,21.310826269905316,-26.64274439978898,-1.0683645208788295,stop_loss,1
2015-04-06 13:00:00,2015-04-06 13:15:00,long,1218.1599999999999,1216.885952047412,1216.965952047412,1220.0704767241405,20.840530529335723,-26.551835251743867,-1.0669989842757504,stop_loss,1
2015-04-06 15:00:00,2015-04-06 15:15:00,long,1217.1499999999999,1219.0156066480797,1215.95274584495,1219.0656066480797,20.74036580633959,38.69336433191508,1.558237772832857,take_profit,1
2015-04-07 11:30:00,2015-04-07 11:45:00,long,1210.09,1208.9017740875279,1208.9817740875278,1211.863161459955,22.47635214736579,-26.706984039346498,-1.07218744761298,stop_loss,1
2015-04-07 12:00:00,2015-04-07 13:15:00,long,1208.31,1210.1616341159818,1207.1214786775113,1210.2116341159817,20.912928888339025,38.723092594750376,1.5579309188199084,take_profit,5
2015-04-08 11:30:00,2015-04-08 12:00:00,long,1210.09,1209.0894138427743,1209.1694138427742,1211.5629378515607,27.08373126075332,-27.09960658552797,-1.0869011546306753,stop_loss,2
2015-04-08 12:15:00,2015-04-08 12:30:00,long,1208.75,1210.226290255058,1207.7960685905887,1210.276290255058,26.08018629646692,38.50192487957325,1.5475853300281823,take_profit,1
2015-04-08 14:30:00,2015-04-08 14:45:00,long,1209.31,1208.2449695174666,1208.3249695174666,1210.8860487720533,25.334964921161415,-26.98250991494883,-1.081215760749025,stop_loss,1
2015-04-08 15:00:00,2015-04-08 15:15:00,long,1206.31,1205.0234686145504,1205.1034686145504,1208.2404502167194,20.639121370347883,-26.55287741105419,-1.066305776181792,stop_loss,1
2015-04-09 08:00:00,2015-04-09 08:30:00,long,1196.72,1195.5553990472156,1195.6353990472155,1198.4553615244554,22.91040025625227,-26.68147396710427,-1.073759846692502,stop_loss,2
2015-04-09 08:45:00,2015-04-09 09:00:00,long,1195.59,1194.437803100121,1194.517803100121,1197.305515039806,23.125676824351622,-26.645333144617997,-1.0746131610797993,stop_loss,1
2015-04-09 09:15:00,2015-04-09 09:45:00,long,1194.1499999999999,1196.0356022537103,1192.9402485914309,1196.0856022537102,20.452126079067344,38.56457502785926,1.5586691946413196,take_profit,2
2015-04-10 10:45:00,2015-04-10 11:00:00,short,1195.8500000000001,1196.89822574909,1196.81822574909,1194.3008388014564,25.63360611486169,-26.8698059716251,-1.0826253588846635,stop_loss,1
2015-04-10 11:30:00,2015-04-10 12:00:00,short,1202.6000000000001,1204.2632587356964,1204.1832587356964,1200.0667860228862,15.642028249794176,-26.01674013047718,-1.0505286964134417,stop_loss,2
2015-04-10 14:30:00,2015-04-10 14:45:00,short,1204.42,1201.8433460878866,1206.061658695071,1201.7933460878867,15.05388694034658,38.78865667735748,1.5695429993152163,take_profit,1
2015-04-13 08:30:00,2015-04-13 09:00:00,long,1203.32,1204.8195717278206,1202.351517670112,1204.8695717278206,25.59770161883519,38.38558964479526,1.548372831948352,take_profit,2
2015-04-13 11:00:00,2015-04-13 11:15:00,long,1201.8999999999999,1200.6917697312185,1200.7717697312185,1203.7051684300502,22.04132752947456,-26.630999085234496,-1.0709075108278512,stop_loss,1
2015-04-13 11:30:00,2015-04-13 11:45:00,long,1200.1599999999999,1198.8255565539587,1198.9055565539586,1202.1671095136658,19.781227255016233,-26.39692906510753,-1.063773301420953,stop_loss,1
2015-04-13 12:00:00,2015-04-13 15:00:00,long,1198.4099999999999,1200.4862117745383,1197.0811176409134,1200.5362117745383,18.633430459261447,38.686947719562546,1.5623743970577801,take_profit,12
2015-04-14 07:45:00,2015-04-14 08:30:00,long,1198.4099999999999,1197.4574381588523,1197.5374381588522,1199.806098945836,28.466762756145833,-27.11635194250617,-1.091684046020972,stop_loss,3
2015-04-14 08:45:00,2015-04-14 09:00:00,long,1197.6399999999999,1196.6577444620725,1196.7377444620724,1199.0836088606836,27.469798938629538,-26.982362133219926,-1.0886666766088187,stop_loss,1
2015-04-14 09:15:00,2015-04-14 09:30:00,long,1195.01,1193.894279663726,1193.9742796637258,1196.6671525380386,23.877887328958394,-26.641044480180057,-1.077240928074962,stop_loss,1
2015-04-15 07:45:00,2015-04-15 08:45:00,short,1192.65,1193.6837931575826,1193.6037931575827,1191.123930947868,25.87304302690783,-26.747374847055507,-1.083875627921979,stop_loss,4
2015-04-15 10:00:00,2015-04-15 10:15:00,short,1194.25,1192.7913552052944,1195.192902996691,1192.7413552052944,26.11513245967799,38.09270202535671,1.546972275859408,take_profit,1
2015-04-15 13:00:00,2015-04-15 15:15:00,short,1192.46,1190.359915410398,1193.8038028685014,1190.309915410398,18.38083742655456,38.60131342348962,1.5627921615796174,take_profit,9
2015-04-16 10:15:00,2015-04-16 10:45:00,short,1205.88,1207.4341204570878,1207.354120457088,1203.5214072686597,16.808276804636126,-26.122086830478015,-1.0542696491424939,stop_loss,2
2015-04-16 13:00:00,2015-04-16 13:30:00,short,1206.3600000000001,1208.1017890354651,1208.0217890354652,1203.701137543256,14.878651853379143,-25.91547266071664,-1.0481408880986742,stop_loss,2
2015-04-16 15:15:00,2015-04-16 16:00:00,long,1205.8899999999999,1204.2440886911634,1204.3240886911633,1208.3954580941386,15.756543443994607,-25.933873042644382,-1.0510884617465115,stop_loss,3
2015-04-20 12:00:00,2015-04-20 12:15:00,long,1204.31,1202.9329439480036,1203.0129439480036,1206.385289683194,18.982588904422627,-26.1400889333931,-1.0616781363278744,stop_loss,1
2015-04-20 12:30:00,2015-04-20 13:15:00,long,1203.61,1202.2890179959827,1202.3690179959826,1205.5955712064274,19.79819333692126,-26.153057110126145,-1.0644650766416868,stop_loss,3
2015-04-20 13:45:00,2015-04-20 14:00:00,long,1200.0,1198.4778370224878,1198.5578370224878,1202.3074607640197,17.00008661382087,-25.876902458058066,-1.0554722325058778,stop_loss,1
2015-04-20 14:15:00,2015-04-20 14:30:00,long,1199.1399999999999,1197.6059411061246,1197.6859411061246,1201.4664942302004,16.825413212001344,-25.8111747809964,-1.0550184042316983,stop_loss,1
2015-04-20 14:45:00,2015-04-20 15:30:00,long,1198.54,1196.8992553415055,1196.9792553415054,1201.0371914535913,15.642225165790206,-25.664897387737604,-1.0512575837210265,stop_loss,3
2015-04-21 11:15:00,2015-04-21 12:15:00,short,1195.91,1196.9815347460508,1196.9015347460509,1194.323544406319,24.57018241340834,-26.327804172770925,-1.0806830021021074,stop_loss,4
2015-04-21 12:30:00,2015-04-21 13:00:00,short,1197.6000000000001,1198.7282358363805,1198.6482358363805,1195.9228226617915,23.190901443797515,-26.16480608685662,-1.0763187035049007,stop_loss,2
2015-04-21 13:15:00,2015-04-21 14:30:00,short,1198.27,1199.3757923223498,1199.2957923223498,1196.6287322842404,23.647285937579806,-26.148987234185455,-1.0779884955822896,stop_loss,5
2015-04-21 14:45:00,2015-04-21 15:00:00,short,1199.65,1200.7527612503145,1200.6727612503146,1198.0135819994966,23.66623332402324,-26.098205050632554,-1.0782196235683823,stop_loss,1
2015-04-22 08:45:00,2015-04-22 09:00:00,short,1202.0900000000001,1203.0396422100785,1202.9596422100785,1200.6985724638746,27.77315739128421,-26.37456256591187,-1.0919918548948042,stop_loss,1
2015-04-22 09:15:00,2015-04-22 09:30:00,short,1203.1000000000001,1204.1189261913432,1204.0389261913433,1201.5977180938512,25.667577570717654,-26.153367055134872,-1.085203715411841,stop_loss,1
2015-04-22 10:30:00,2015-04-22 11:00:00,long,1200.73,1199.4753825928885,1199.5553825928885,1202.6093878513784,20.472754762338734,-25.68547449635467,-1.0681072828612777,stop_loss,2
2015-04-22 11:15:00,2015-04-22 11:45:00,long,1199.1,1201.0881833489352,1197.8261354069152,1201.1381833489352,18.837389230097845,37.45218360469384,1.5607493604331162,take_profit,2
2015-04-22 15:00:00,2015-04-22 15:15:00,long,1200.52,1199.1147754016406,1199.1947754016405,1202.6403593573752,18.16385506531071,-25.52429593880927,-1.0603671257679357,stop_loss,1
2015-04-23 08:00:00,2015-04-23 09:15:00,short,1189.3600000000001,1187.8502603881943,1190.3348372573787,1187.8002603881944,24.64015276385786,37.200214668542344,1.5487093875193447,take_profit,5
2015-04-23 14:45:00,2015-04-23 15:15:00,short,1191.17,1189.147138311507,1192.4655385553083,1189.097138311507,18.598087468970032,37.62135862022298,1.5614060115809132,take_profit,2
2015-04-27 13:00:00,2015-04-27 13:45:00,short,1182.82,1183.880649898796,1183.800649898796,1181.2509601619258,24.646698192653677,-26.14151794369615,-1.081578553261601,stop_loss,3
2015-04-27 14:00:00,2015-04-27 14:30:00,short,1184.8,1185.9747472865347,1185.8947472865348,1183.0484043415443,22.030197607282535,-25.87991486097926,-1.073076225886935,stop_loss,2
2015-04-27 14:45:00,2015-04-27 16:00:00,short,1186.95,1185.157382047512,1188.101636220305,1185.1073820475121,20.896997505257893,37.46033288102109,1.5565835121209797,take_profit,5
2015-04-28 10:15:00,2015-04-28 11:00:00,short,1201.6200000000001,1200.0173812865773,1202.6528866958893,1199.9673812865774,23.37203101222751,37.45645427089316,1.5515919798378062,take_profit,3
2015-04-28 12:30:00,2015-04-28 13:45:00,short,1201.6200000000001,1202.8897604284239,1202.809760428424,1199.716383314522,20.353318381130343,-25.843838267469078,-1.067240427642992,stop_loss,5
2015-04-29 11:00:00,2015-04-29 12:00:00,long,1207.9199999999998,1206.8743666352236,1206.9543666352236,1209.465013383642,25.023871380048224,-26.16579483084723,-1.082847178772101,stop_loss,4
2015-04-29 12:15:00,2015-04-29 12:30:00,long,1207.03,1206.0029787088195,1206.0829787088194,1208.545234065889,25.46041335641481,-26.14838659929483,-1.0844753974857275,stop_loss,1
2015-04-29 13:00:00,2015-04-29 13:45:00,long,1205.1699999999998,1206.8142599281186,1204.1110875449256,1206.8642599281186,22.720723174322526,37.3587746534187,1.5527817434194424,take_profit,3
2015-04-30 10:30:00,2015-04-30 10:45:00,long,1200.96,1202.889023867258,1199.7231100829638,1202.939023867258,19.51182071620398,37.63876785521482,1.559576030727215,take_profit,1
2015-04-30 13:15:00,2015-04-30 14:45:00,long,1203.08,1205.410780680928,1201.59201207442,1205.4607806809279,16.26979051806868,37.921313422260056,1.566397576794509,take_profit,6
2015-04-30 15:45:00,2015-04-30 16:00:00,long,1198.24,1196.086641448475,1196.1666414484748,1201.5573736824404,11.712925606418763,-25.222128517959348,-1.0385847396925525,stop_loss,1
2015-05-01 11:15:00,2015-05-01 11:45:00,short,1183.0,1181.5227586740841,1183.9545258286973,1181.4727586740842,25.389203187392248,37.50598018049111,1.547617970623069,take_profit,2
2015-05-01 14:00:00,2015-05-01 14:15:00,short,1181.7,1179.7972303230017,1182.920481048124,1179.7472303230018,19.918098859576336,37.899554533456914,1.559032546980707,take_profit,1
2015-05-04 08:15:00,2015-05-04 10:00:00,short,1184.27,1182.8387661107506,1185.1957711807809,1182.7887661107507,26.340700367524544,37.69970303256446,1.5459909737545827,take_profit,7
2015-05-04 16:00:00,2015-05-04 16:15:00,short,1186.8300000000002,1188.4618805903808,1188.381880590381,1184.3469910553908,15.762076566665906,-25.721826813235932,-1.0515503579951988,stop_loss,1
2015-05-05 09:15:00,2015-05-05 10:15:00,short,1189.15,1190.1117466373062,1190.0317466373062,1187.73920538031,27.68302820961273,-26.624059291044336,-1.090729010596896,stop_loss,4
2015-05-05 14:15:00,2015-05-05 14:30:00,short,1189.91,1191.1249935832336,1191.0449935832337,1188.0940102668262,21.459300982393454,-26.07291299428516,-1.0704849799872933,stop_loss,1
2015-05-05 15:30:00,2015-05-05 15:45:00,short,1195.47,1197.1663442734045,1197.0863442734046,1192.8838491625527,15.036414883639734,-25.506936280396758,-1.0494944061832934,stop_loss,1
2015-05-05 16:00:00,2015-05-05 16:45:00,short,1197.54,1199.4264907255376,1199.3464907255377,1194.6496148391398,13.425482275823164,-25.32704779921076,-1.044284755448226,stop_loss,3
2015-05-06 15:30:00,2015-05-06 16:00:00,short,1195.49,1197.3962546048886,1197.3162546048886,1192.5679926321782,13.252453987938637,-25.26255144058159,-1.0438055021385182,stop_loss,2
2015-05-07 12:45:00,2015-05-07 14:30:00,short,1183.67,1185.0218831794245,1184.9418831794246,1181.634986912921,18.989031704620512,-25.670952555034557,-1.0628988583968242,stop_loss,7
2015-05-08 10:00:00,2015-05-08 10:15:00,short,1185.67,1186.6168238158775,1186.5368238158776,1184.283081894596,27.8032140696991,-26.324745239130138,-1.0922909575562825,stop_loss,1
2015-05-08 10:30:00,2015-05-08 11:30:00,short,1187.18,1188.198740943282,1188.118740943282,1185.6780144907486,25.6171191798686,-26.097208157465598,-1.085220529233796,stop_loss,4
2015-05-08 15:15:00,2015-05-08 15:30:00,short,1186.76,1188.0421040459141,1187.9621040459142,1184.8366335265373,19.96137047231559,-25.59255384454684,-1.0665499798223261,stop_loss,1
2015-05-11 13:15:00,2015-05-11 13:45:00,short,1186.93,1185.4494028698525,1187.8866232063422,1185.3994028698526,25.030188417268118,37.05962513765947,1.547732817196641,take_profit,2
2015-05-11 14:45:00,2015-05-11 15:00:00,short,1187.96,1189.1862872668357,1189.1062872668358,1186.125940373063,20.953367488457353,-25.694847748424333,-1.0697905335900315,stop_loss,1
2015-05-11 15:15:00,2015-05-11 15:30:00,short,1191.28,1189.239856750243,1192.586339531098,1189.189856750243,18.34682950588408,37.430160370871334,1.5617251114203965,take_profit,1
2015-05-12 10:00:00,2015-05-12 10:15:00,short,1183.31,1184.1133060392563,1184.0333060392563,1182.1527103371898,33.23910996140892,-26.701177771504458,-1.1106032518160271,stop_loss,1
2015-05-12 10:30:00,2015-05-12 12:45:00,short,1184.65,1185.536473064461,1185.456473064461,1183.3596430968626,29.745130589183574,-26.368257066183677,-1.0991973613568804,stop_loss,9
2015-05-12 13:00:00,2015-05-12 13:15:00,short,1187.76,1188.9558269118515,1188.8758269118516,1185.9746769410374,21.451275149117006,-25.652012116846585,-1.0716957075960585,stop_loss,1
2015-05-12 16:00:00,2015-05-12 16:15:00,short,1195.05,1192.345172197909,1196.7717673763068,1192.295172197909,13.872144640071586,37.52176249709194,1.5709600723720911,take_profit,1
2015-05-13 11:45:00,2015-05-13 13:15:00,long,1193.37,1195.0932105662077,1192.26174339612,1195.1432105662077,21.61922565748641,37.254478086212515,1.5548840946898448,take_profit,6
2015-05-14 11:15:00,2015-05-14 11:30:00,long,1214.8999999999999,1213.5890576390323,1213.6690576390322,1216.869507777548,19.525007282191385,-25.596159144425584,-1.0649908578473464,stop_loss,1
2015-05-15 11:15:00,2015-05-15 11:30:00,long,1218.3999999999999,1219.9304875671519,1217.41219527053,1219.9804875671518,24.279055898460683,37.158793194783044,1.5493827084361032,take_profit,1
2015-05-15 12:30:00,2015-05-15 13:00:00,long,1216.85,1215.5015063823498,1215.5815063823497,1218.87958978824,18.965238370310125,-25.574502899575844,-1.0630669314269976,stop_loss,2
2015-05-15 13:15:00,2015-05-15 15:15:00,long,1213.31,1215.8980061096079,1211.661246181495,1215.9480061096078,14.560169356224298,37.681807250834666,1.5696740656859893,take_profit,8
2015-05-18 11:45:00,2015-05-18 12:00:00,long,1227.97,1229.648943976396,1226.8894100147527,1229.6989439763959,22.285509552582766,37.4161220242218,1.553728980758212,take_profit,1
2015-05-18 14:30:00,2015-05-18 14:45:00,long,1227.02,1225.7302351241372,1225.810235124137,1228.9556238013809,19.967789745485156,-25.753753862340737,-1.0661285524121906,stop_loss,1
2015-05-18 15:00:00,2015-05-18 15:15:00,long,1226.04,1224.6947435509142,1224.774743550914,1228.0644103185375,19.051333974542363,-25.6289298929407,-1.0632282886664797,stop_loss,1
2015-05-18 15:30:00,2015-05-18 15:45:00,long,1224.8799999999999,1226.9363537950653,1223.5635288780838,1226.9863537950653,18.271244172970857,37.57214229565581,1.5620196758076579,take_profit,1
2015-05-19 09:30:00,2015-05-19 09:45:00,long,1220.2,1221.55639620576,1219.3210023714,1221.60639620576,27.450255626074878,37.23342257834712,1.5431170251508284,take_profit,1
2015-05-19 10:30:00,2015-05-19 11:45:00,long,1218.24,1220.127947991272,1217.028782505455,1220.177947991272,19.982518873731923,37.72595636821872,1.5587192224144841,take_profit,5
2015-05-19 15:15:00,2015-05-19 15:30:00,long,1218.59,1217.1003723092476,1217.1803723092476,1220.8454043052036,17.223433192291402,-25.656503013059318,-1.0567525741192192,stop_loss,1
2015-05-20 09:00:00,2015-05-20 09:15:00,long,1206.55,1205.6378172554125,1205.7178172554125,1207.88149239134,29.112974895508415,-26.556353343289697,-1.0961327310861055,stop_loss,1
2015-05-20 09:30:00,2015-05-20 09:45:00,long,1205.34,1204.2602607967588,1204.3402607967587,1206.939582725186,24.180508843296213,-26.108643352426494,-1.0800208691832438,stop_loss,1
2015-05-21 13:00:00,2015-05-21 14:45:00,long,1209.04,1207.854566791492,1207.934566791492,1210.8086931336125,21.821296096955173,-25.867689046014537,-1.0723698178996315,stop_loss,7
2015-05-21 15:00:00,2015-05-21 15:15:00,long,1208.35,1207.1762225199252,1207.2562225199251,1210.1000439681195,22.00653278994379,-25.830772603361584,-1.0731410195010214,stop_loss,1
2015-05-21 16:00:00,2015-05-21 16:15:00,long,1202.74,1205.2877296380013,1201.1164189762492,1205.3377296380013,14.793587805967773,37.69006210563914,1.5692038775591939,take_profit,1
2015-05-25 15:45:00,2015-05-25 16:15:00,short,1204.56,1205.3219752660002,1205.2419752660003,1203.4688395743995,35.329680943532,-26.920343034652223,-1.1173063071174312,stop_loss,2
2015-05-26 14:15:00,2015-05-26 15:15:00,short,1195.88,1193.9534737953584,1197.115328877901,1193.9034737953584,19.460508293105562,37.491179182315605,1.5595249484617864,take_profit,4
2015-05-27 08:45:00,2015-05-27 10:00:00,short,1190.14,1188.7990184436244,1191.009363472735,1188.7490184436244,27.73881234692848,37.19723575299789,1.5424866565386706,take_profit,5
2015-05-28 08:30:00,2015-05-28 09:00:00,short,1188.8300000000002,1187.7464774618372,1189.538451586352,1187.6964774618373,34.14418877588446,36.99599808596036,1.5294235471225885,take_profit,2
2015-05-28 10:15:00,2015-05-28 11:00:00,short,1189.73,1190.733180719805,1190.653180719805,1188.2529108483122,26.282499383511524,-26.366096649824485,-1.0866569224028233,stop_loss,3
2015-05-28 11:15:00,2015-05-28 11:30:00,short,1191.95,1190.184929007149,1193.0844193705318,1190.1349290071491,21.341987923299502,37.67012381319127,1.555924589002367,take_profit,1
2015-05-29 10:30:00,2015-05-29 10:45:00,short,1189.4,1190.3749589403903,1190.2949589403904,1187.9680656953756,27.13655750830328,-26.4570293541345,-1.089389575755326,stop_loss,1
2015-05-29 12:45:00,2015-05-29 13:45:00,short,1190.18,1188.6345376461902,1191.1771639711312,1188.5845376461903,24.302112186498686,37.55799950229738,1.5498577952598094,take_profit,4
2015-06-01 07:45:00,2015-06-01 09:15:00,short,1191.54,1190.2167507755746,1192.3982807652658,1190.1667507755747,28.32209188125057,37.47718611596842,1.541744004965008,take_profit,6
2015-06-02 10:15:00,2015-06-02 10:30:00,short,1189.22,1187.2147272569023,1190.504545464436,1187.1647272569023,18.982014837993507,38.0641169637054,1.5610757257068142,take_profit,1
2015-06-02 13:45:00,2015-06-02 14:15:00,short,1190.45,1192.143589977645,1192.063589977645,1187.868256035768,15.158367143322092,-25.672058671392552,-1.0495788899957628,stop_loss,2
2015-06-02 14:30:00,2015-06-02 15:15:00,short,1191.64,1193.295950138807,1193.215950138807,1189.118479777909,15.487828314836184,-25.64707144777087,-1.050763027350908,stop_loss,3
2015-06-03 14:45:00,2015-06-03 15:15:00,short,1192.3,1190.391209611379,1193.5242439928882,1190.341209611379,19.89534045597213,37.97603464070016,1.5591584681724526,take_profit,2
2015-06-04 08:15:00,2015-06-04 09:30:00,short,1184.9,1183.341516824566,1185.9053019846463,1183.291516824566,24.303844498596582,37.87713274942813,1.550263701093342,take_profit,5
2015-06-04 11:45:00,2015-06-04 12:00:00,short,1184.93,1182.490703069917,1186.485810581302,1182.440703069917,15.752854279959589,38.42588908515301,1.5678624116579782,take_profit,1
2015-06-05 13:00:00,2015-06-05 13:45:00,short,1176.03,1174.6903064795395,1176.8985584502877,1174.6403064795395,28.305877565861795,37.92120076593368,1.542433350359618,take_profit,3
2015-06-08 11:00:00,2015-06-08 14:00:00,short,1174.95,1174.73,1176.4133807272028,1172.6085908364755,16.85217735599902,3.7074790183202446,0.15033681659902215,time_stop,12
2015-06-09 08:00:00,2015-06-09 10:15:00,short,1177.49,1176.252628573624,1178.2946071414851,1176.202628573624,30.65914437035207,37.93674920101202,1.5378578719698563,take_profit,9
2015-06-09 11:30:00,2015-06-09 11:45:00,short,1177.88,1178.9663238678022,1178.8863238678023,1176.2698818115166,24.588942787030444,-26.7115554335713,-1.0794972697752354,stop_loss,1
2015-06-10 07:30:00,2015-06-10 07:45:00,short,1179.26,1180.254578930528,1180.174578930528,1177.796673711155,26.997141608639936,-26.850788228432737,-1.0874719472858838,stop_loss,1
2015-06-10 08:00:00,2015-06-10 08:45:00,short,1180.3400000000001,1181.400835914588,1181.320835914588,1178.7706625366595,25.118692083820157,-26.64681068999043,-1.081563081867303,stop_loss,3
2015-06-10 10:00:00,2015-06-10 10:15:00,short,1182.32,1183.4315443854866,1183.3515443854867,1180.6695289832212,23.83224808141037,-26.490601548417764,-1.0775536187540555,stop_loss,1
2015-06-10 10:30:00,2015-06-10 10:45:00,short,1184.16,1185.4478112303432,1185.3678112303432,1182.227502031451,20.310326549820186,-26.15586662279397,-1.0662355159400176,stop_loss,1
2015-06-10 12:45:00,2015-06-10 13:00:00,short,1185.5800000000002,1187.0029359174277,1186.9229359174278,1183.431302532116,18.227771294144954,-25.936950469094516,-1.0595709735377126,stop_loss,1
2015-06-11 07:30:00,2015-06-11 07:45:00,short,1187.79,1186.8007060550133,1188.4395587156166,1186.7507060550133,37.60530692200283,37.20270243730325,1.523024664594812,take_profit,1
2015-06-12 14:30:00,2015-06-12 14:45:00,short,1180.51,1181.5197810390428,1181.4397810390428,1179.0223503375314,26.351645431190434,-26.60939190399398,-1.0860417632115658,stop_loss,1
2015-06-12 15:00:00,2015-06-12 15:15:00,short,1181.3700000000001,1179.9274857502185,1182.3028214061137,1179.8774857502185,26.208705466516317,37.80643110378008,1.5463991717252654,take_profit,1
2015-06-15 09:30:00,2015-06-15 09:45:00,short,1181.6200000000001,1182.5133469167122,1182.4333469167123,1180.3186449332609,30.15153047734465,-26.93577678608561,-1.0983590130559766,stop_loss,1
2015-06-15 10:00:00,2015-06-15 10:30:00,short,1183.66,1182.1792601720463,1184.6167123924713,1182.1292601720463,25.576947666708755,37.872805087585974,1.547737689619568,take_profit,2
2015-06-16 09:15:00,2015-06-16 09:45:00,long,1184.09,1185.4241782015802,1183.2248886240122,1185.4741782015801,28.372680195633862,37.85421143742218,1.5422039735138593,take_profit,2
2015-06-17 14:30:00,2015-06-17 15:15:00,short,1179.5900000000001,1178.2383989570221,1180.4660006518613,1178.1883989570222,28.106413819517474,37.9886582328316,1.542922416902686,take_profit,3
2015-06-18 07:45:00,2015-06-18 10:30:00,short,1187.88,1188.9444001902377,1188.8644001902378,1186.3049596956198,25.08859139683867,-26.704301455589004,-1.0812677616210236,stop_loss,11
2015-06-18 13:45:00,2015-06-18 14:15:00,long,1195.35,1197.7751923461776,1193.803004783639,1197.8251923461776,15.930111017991702,38.63358331459468,1.5676792795019243,take_profit,2
2015-06-19 10:15:00,2015-06-19 12:00:00,long,1198.8899999999999,1200.2640260635003,1197.999983710312,1200.3140260635003,27.775977803995467,38.16491744189902,1.5438212529598294,take_profit,7
2015-06-22 11:15:00,2015-06-22 11:30:00,long,1194.8999999999999,1193.8808121480558,1193.9608121480558,1196.4027005631103,26.40302735082814,-26.90964473050988,-1.0851799773967785,stop_loss,1
2015-06-23 07:45:00,2015-06-23 08:45:00,long,1185.7,1186.9809219212952,1184.8681737991906,1187.0309219212952,29.746097476739553,38.10242833093962,1.5398912898496124,take_profit,4
2015-06-23 11:00:00,2015-06-23 11:30:00,long,1183.56,1182.4389978339732,1182.5189978339731,1185.2256034656427,23.842206019969762,-26.727164591242257,-1.076849023576254,stop_loss,2
2015-06-23 13:45:00,2015-06-23 14:00:00,long,1183.01,1181.900532872502,1181.980532872502,1184.657147403997,24.05743041126016,-26.690928213362987,-1.0777101063871317,stop_loss,1
2015-06-23 14:15:00,2015-06-23 14:30:00,long,1182.61,1181.512041099249,1181.592041099249,1184.2387342412014,24.276964331080844,-26.6551090705219,-1.078588634512563,stop_loss,1
2015-06-23 14:45:00,2015-06-23 15:00:00,long,1181.83,1180.6365048253729,1180.7165048253728,1183.6115922794033,22.14615946957627,-26.431334463460644,-1.0718458434511997,stop_loss,1
2015-06-24 13:00:00,2015-06-24 14:15:00,short,1179.3600000000001,1177.2425953356296,1180.7146279152316,1177.1925953356297,18.164972654327716,38.46259782643603,1.5630894953236187,take_profit,5
2015-06-29 07:45:00,2015-06-29 08:30:00,short,1183.05,1184.4693623617216,1184.3893623617216,1180.9070202212454,18.429444441676484,-26.15805978795488,-1.0597299149851367,stop_loss,3
2015-06-29 09:30:00,2015-06-29 09:45:00,short,1184.16,1182.143461190192,1185.45158675613,1182.093461190192,19.070641593486542,38.45668890120478,1.5612879276111895,take_profit,1
2015-06-29 14:15:00,2015-06-29 15:15:00,short,1178.46,1179.9896570082406,1179.9096570082406,1176.140548786815,17.044239672138975,-26.07184066461848,-1.055185467696956,stop_loss,4
2015-06-29 15:30:00,2015-06-29 16:00:00,short,1182.66,1180.068716666982,1184.3108020831364,1180.018716666982,14.935865456793826,38.70305922238993,1.5697116931757824,take_profit,2
2015-07-03 09:30:00,2015-07-03 10:15:00,short,1168.01,1168.8721758715712,1168.7921758715713,1166.758518605486,31.62148671024137,-27.26328286478115,-1.1022787878117666,stop_loss,3
2015-07-03 15:00:00,2015-07-03 15:30:00,short,1168.68,1169.60232072142,1169.52232072142,1167.332286845728,29.298860558278918,-27.022946206894762,-1.094975699832076,stop_loss,2
2015-07-07 09:15:00,2015-07-07 09:30:00,short,1168.25,1169.096593256668,1169.016593256668,1167.0234507893313,32.12262990265543,-27.19480186203089,-1.1043578185746596,stop_loss,1
2015-07-08 07:30:00,2015-07-08 08:30:00,short,1154.1100000000001,1152.1806180736091,1155.3471137039944,1152.1306180736092,19.86123166105537,38.319901402704694,1.5595833431976154,take_profit,4
2015-07-08 10:45:00,2015-07-08 11:00:00,short,1150.53,1152.410796246645,1152.3307962466451,1147.6487260053677,13.686857530283682,-25.74219027132383,-1.044424792726531,stop_loss,1
2015-07-08 11:15:00,2015-07-08 13:30:00,short,1153.48,1155.4785947228725,1155.3985947228725,1150.4102484434038,12.819673167626988,-25.621331141768714,-1.0416971854692436,stop_loss,9
2015-07-08 14:45:00,2015-07-08 15:15:00,short,1157.0800000000002,1154.4596148987937,1158.748990688254,1154.4096148987937,14.7062022567393,38.535913288888565,1.5700417741383337,take_profit,2
2015-07-09 09:00:00,2015-07-09 09:15:00,short,1163.3700000000001,1164.776153278365,1164.696153278365,1161.2481547546163,18.566169427270705,-26.106880006834032,-1.060324851813934,stop_loss,1
2015-07-09 15:45:00,2015-07-09 16:00:00,short,1164.77,1166.5357285152147,1166.4557285152148,1162.0728343756562,14.574928567017382,-25.73536697800039,-1.0474572265212785,stop_loss,1
2015-07-13 13:45:00,2015-07-13 14:00:00,short,1156.41,1157.8262367993925,1157.7462367993926,1154.2720211209719,18.348470847255957,-25.9857796264632,-1.0598696279254525,stop_loss,1
2015-07-13 14:15:00,2015-07-13 15:00:00,short,1157.0800000000002,1154.9627018849196,1158.4345613219255,1154.9127018849197,18.0618846879937,38.24239440469095,1.5630876807194767,take_profit,3
2015-07-14 15:30:00,2015-07-14 15:45:00,short,1154.42,1155.6035542170835,1155.5235542170835,1152.6543132526663,22.239428573888095,-26.321569474149946,-1.0724930399988468,stop_loss,1
2015-07-17 10:30:00,2015-07-17 11:30:00,short,1145.15,1144.1734153804803,1145.7916153872,1144.1234153804803,38.16892882848468,37.27518883744505,1.5220716943554542,take_profit,4
2015-07-17 14:15:00,2015-07-17 15:30:00,short,1144.1200000000001,1143.0363500601584,1144.8285312124012,1142.9863500601584,34.669358240016095,37.56944797114498,1.529431478635073,take_profit,5
2015-07-20 09:15:00,2015-07-20 09:30:00,short,1109.28,1113.1098616554925,1113.0298616554926,1103.280221351212,6.570765427257473,-25.165122557089518,-1.0213341203888808,stop_loss,1
2015-07-20 10:00:00,2015-07-20 13:00:00,short,1117.2,1113.4299999999998,1121.2439052686286,1110.7297515701941,6.080540824868088,22.92363890975396,0.9322671401940978,time_stop,12
2015-07-23 10:45:00,2015-07-23 11:15:00,short,1102.8500000000001,1104.4098251808155,1104.3298251808155,1100.4822797106954,16.64722203337602,-25.96675611828359,-1.0540604397310271,stop_loss,2
2015-07-23 11:30:00,2015-07-23 12:30:00,short,1104.76,1102.1879265759467,1106.3987958900334,1102.1379265759467,15.00067518650967,38.58283799007752,1.5694897941200492,take_profit,4
2015-07-24 09:00:00,2015-07-24 12:00:00,short,1085.01,1083.61,1086.670923990299,1082.352521615522,14.847284200477167,20.786197880669384,0.8429043160175854,time_stop,12
2015-07-24 15:30:00,2015-07-24 15:45:00,short,1081.91,1083.8062840097452,1083.7262840097453,1079.0039455844076,13.600176394541151,-25.789797026681953,-1.0440459749525344,stop_loss,1
2015-07-24 16:00:00,2015-07-24 16:15:00,short,1083.53,1080.6849632845147,1085.3393979471782,1080.6349632845147,13.623428367158438,38.75915389534999,1.5723664989905404,take_profit,1
2015-07-27 09:30:00,2015-07-27 10:15:00,short,1103.01,1104.677673983735,1104.5976739837351,1100.4697216260238,15.574810623704122,-25.97370647875218,-1.0503881784418483,stop_loss,3
2015-07-28 09:45:00,2015-07-28 11:00:00,short,1097.18,1095.2093557928365,1098.4429026294772,1095.1593557928365,19.538936446838836,38.50429192309989,1.5604086658521217,take_profit,5
2015-07-28 15:00:00,2015-07-28 15:15:00,short,1093.98,1095.3437102773578,1095.2637102773579,1091.9260635562275,19.282219077261242,-26.295360325925174,-1.0623193577327936,stop_loss,1
2015-07-29 08:30:00,2015-07-29 08:45:00,short,1097.41,1098.184843610234,1098.1048436102342,1096.2982502236255,35.54784373820752,-27.544019578147843,-1.1151338212248567,stop_loss,1
2015-07-29 09:00:00,2015-07-29 09:30:00,short,1098.81,1097.5627055499626,1099.6208090312732,1097.5127055499627,30.395695027268925,37.91238171253937,1.5383331979894317,take_profit,2
2015-07-30 13:45:00,2015-07-30 14:45:00,short,1087.66,1085.6346523223972,1088.957092298502,1085.5846523223972,19.05872761091492,38.6005497048327,1.5614522420202164,take_profit,4
2015-07-31 09:30:00,2015-07-31 09:45:00,short,1085.1200000000001,1083.491934748263,1086.168790782336,1083.441934748263,23.644496424294903,38.4947830232166,1.5523260493491131,take_profit,1
2015-07-31 15:15:00,2015-07-31 15:30:00,short,1083.02,1084.393322469275,1084.3133224692751,1080.9506840491597,19.233501357754992,-26.413799577437707,-1.0618561896978125,stop_loss,1
2015-07-31 15:45:00,2015-07-31 16:00:00,short,1090.7,1092.591283149528,1092.511283149528,1087.8019469607552,13.704258153195157,-25.918632521918447,-1.0441675836385798,stop_loss,1
2015-08-03 10:00:00,2015-08-03 10:15:00,short,1097.42,1095.6505646414198,1098.5571470991129,1095.6005646414199,21.782981835811988,38.54357827559743,1.5560303147770478,take_profit,1
2015-08-04 09:00:00,2015-08-04 09:15:00,short,1086.31,1087.496307161776,1087.416307161776,1084.5399085411582,22.459894159302806,-26.644333293913785,-1.072312647666032,stop_loss,1
2015-08-04 09:30:00,2015-08-04 10:00:00,short,1088.18,1089.5094689303069,1089.429468930307,1086.180849711509,19.843833242411062,-26.381759753974805,-1.0640272023252941,stop_loss,2
2015-08-04 10:15:00,2015-08-04 10:30:00,short,1089.3600000000001,1090.7904749416489,1090.710474941649,1087.199240093362,18.32058397534422,-26.20713629310162,-1.0592384186723622,stop_loss,1
2015-08-04 10:45:00,2015-08-04 11:00:00,short,1090.66,1092.1634197200951,1092.0834197200952,1088.3825284478478,17.344901826173423,-26.076667448581823,-1.0562026778683247,stop_loss,1
2015-08-04 13:00:00,2015-08-04 14:30:00,short,1093.54,1091.1058469935324,1095.092595629042,1091.0558469935324,15.868215462381505,38.62566437503109,1.5677958645093792,take_profit,6
2015-08-05 12:15:00,2015-08-05 14:00:00,short,1086.42,1087.5370162606046,1087.4570162606046,1084.7607739830328,23.832001710305143,-26.620733433164787,-1.077144402685922,stop_loss,7
2015-08-05 14:15:00,2015-08-05 15:00:00,short,1087.8,1088.8380193616583,1088.7580193616584,1086.2671690213463,25.741579780584825,-26.72025821192069,-1.0835056191990085,stop_loss,3
2015-08-05 15:30:00,2015-08-05 16:45:00,short,1090.6000000000001,1088.679252267364,1091.8317173328976,1088.629252267364,19.97819682797343,38.373076259487156,1.5594062706885476,take_profit,5
2015-08-07 09:30:00,2015-08-07 09:45:00,short,1089.91,1090.8245975618397,1090.7445975618398,1088.5746439010568,29.576215644770794,-27.050334717150424,-1.0958545814866552,stop_loss,1
2015-08-07 10:00:00,2015-08-07 10:30:00,short,1095.96,1094.0151674452989,1097.2067703466882,1093.965167445299,19.755151268685168,38.420461310385214,1.5598963833774444,take_profit,2
2015-08-07 15:15:00,2015-08-07 15:30:00,short,1092.6100000000001,1090.8641352441086,1093.7324154724324,1090.8141352441087,22.012328166874713,38.43054794166407,1.555453215651214,take_profit,1
2015-08-10 14:30:00,2015-08-10 16:45:00,short,1096.49,1097.648537403273,1097.568537403273,1094.7643401547632,22.979118516826563,-26.622168295985162,-1.074174525387023,stop_loss,9
2015-08-11 08:15:00,2015-08-11 10:15:00,long,1099.72,1102.9654654808878,1097.6603340744452,1103.0154654808878,12.0070901650652,38.96859665662635,1.5757242184863567,take_profit,8
2015-08-11 14:30:00,2015-08-11 15:30:00,long,1109.06,1106.518809387423,1106.598809387423,1112.997904980123,10.07989041750267,-25.614922904761467,-1.0325045933423922,stop_loss,4
2015-08-11 15:45:00,2015-08-11 16:15:00,long,1106.76,1110.4856732198355,1104.4002042376028,1110.5356732198354,10.491290059951107,39.08711841788591,1.578811725659998,take_profit,2
2015-08-13 10:30:00,2015-08-13 10:45:00,long,1119.24,1117.8279418243364,1117.9079418243364,1121.3712930810618,18.64443799537147,-26.3270311020166,-1.0600574370260303,stop_loss,1
2015-08-13 12:15:00,2015-08-13 14:15:00,long,1116.8899999999999,1115.5040497241166,1115.5840497241165,1118.9795204414131,18.976849622717317,-26.300969970000214,-1.0612580750410394,stop_loss,8
2015-08-13 14:45:00,2015-08-13 15:00:00,long,1115.3799999999999,1117.3332628919334,1114.1279606925414,1117.3832628919333,19.75195180608463,38.58075450608381,1.5600651515473343,take_profit,1
2015-08-14 15:30:00,2015-08-14 17:00:00,long,1117.9099999999999,1119.5927523082391,1116.8270298073503,1119.642752308239,22.906799963315297,38.54647051264443,1.5538306775760171,take_profit,6
2015-08-17 12:45:00,2015-08-17 15:00:00,long,1116.6299999999999,1118.0771974791808,1115.6942515755118,1118.1271974791807,26.593124667983705,38.48550298304906,1.5465668349616055,take_profit,9
2015-08-18 14:45:00,2015-08-18 15:00:00,long,1119.11,1118.0950847020817,1118.1750847020817,1120.605864476669,26.69915186095406,-27.097377665122142,-1.085569249083915,stop_loss,1
2015-08-18 15:15:00,2015-08-18 15:30:00,long,1117.95,1116.8888740543462,1116.968874054346,1119.5198015130463,25.386394959024244,-26.938162357637612,-1.0815389709693228,stop_loss,1
2015-08-19 14:15:00,2015-08-19 15:15:00,long,1121.1699999999998,1122.5255628119903,1120.291523242506,1122.5755628119903,28.29144223132714,38.350826986363664,1.543083297795594,take_profit,4
2015-08-20 11:45:00,2015-08-20 12:00:00,long,1136.54,1138.4026172868653,1135.3446141957093,1138.4526172868652,20.855255266284026,38.845358980969536,1.5581724997734214,take_profit,1
2015-08-20 14:30:00,2015-08-20 15:00:00,long,1138.22,1140.0541416169592,1137.0424114894006,1140.1041416169592,21.236422216285938,38.95060578220669,1.557540346606764,take_profit,2
2015-08-21 09:15:00,2015-08-21 09:30:00,long,1161.96,1160.1459830755002,1160.2259830755002,1164.7344270791998,14.466795372793957,-26.243011649523783,-1.0461356511978686,stop_loss,1
2015-08-21 09:45:00,2015-08-21 10:00:00,long,1157.99,1156.0303119375487,1156.1103119375487,1160.9975008999222,13.317732072924825,-26.09860056223529,-1.04256025326649,stop_loss,1
2015-08-21 12:45:00,2015-08-21 13:30:00,long,1149.52,1152.5914401955351,1147.5690998777904,1152.641440195535,12.804850699883639,39.32933313744914,1.574370804824461,take_profit,3
2015-08-24 09:15:00,2015-08-24 10:30:00,long,1154.23,1158.0129332649842,1151.8344167093849,1158.0629332649842,10.46076901593255,39.57239108768722,1.5791282564893805,take_profit,5
2015-08-24 12:00:00,2015-08-24 14:30:00,long,1155.09,1158.5529802436633,1152.8943873477103,1158.6029802436633,11.449555192494165,39.64958343034126,1.57722731286515,take_profit,10
2015-08-25 14:00:00,2015-08-25 15:15:00,long,1148.06,1151.266790390243,1146.0245060060981,1151.3167903902429,12.389173088272576,39.72948120252952,1.5754359383276466,take_profit,5
2015-08-26 11:15:00,2015-08-26 12:30:00,long,1136.1699999999998,1134.4238769267506,1134.5038769267505,1138.8357969171989,15.183480007667137,-26.512224773606086,-1.048015660598175,stop_loss,5
2015-08-26 12:45:00,2015-08-26 13:30:00,long,1134.23,1132.3166733547635,1132.3966733547634,1137.1633226323784,13.769789463889094,-26.346105080556733,-1.0436365228246607,stop_loss,3
2015-08-26 15:45:00,2015-08-26 16:15:00,long,1126.1299999999999,1123.590126858877,1123.670126858877,1130.0657970257967,10.241109304435827,-26.01111845763962,-1.0325220023189523,stop_loss,2
2015-08-27 12:45:00,2015-08-27 13:45:00,short,1128.3400000000001,1126.4183229716125,1129.5722981427425,1126.3683229716125,20.400750925765337,39.203654415901305,1.5594254034264259,take_profit,4
2015-08-28 08:30:00,2015-08-28 09:30:00,short,1131.5900000000001,1129.5385106225604,1132.9034308609,1129.4885106225604,19.200260581607065,39.38913062724288,1.5619317609411556,take_profit,4
2015-08-28 14:00:00,2015-08-28 14:30:00,short,1127.8300000000002,1125.4789453027374,1129.3306591857893,1125.4289453027375,16.8572539894554,39.632326174859934,1.5666813088052558,take_profit,2
2015-08-28 15:45:00,2015-08-28 16:00:00,short,1127.54,1129.241504515595,1129.161504515595,1124.945592775048,15.64982240551731,-26.628243491246472,-1.0493368962161487,stop_loss,1
2015-09-01 08:45:00,2015-09-01 09:00:00,long,1140.68,1142.4602455619508,1139.5360965237808,1142.5102455619508,22.13735838579545,39.4099340196262,1.5562900183105088,take_profit,1
2015-09-01 11:30:00,2015-09-01 13:15:00,long,1141.3899999999999,1143.4666122430924,1140.060867348067,1143.5166122430924,19.111577044564946,39.68733487554992,1.5623814824446431,take_profit,7
2015-09-01 14:45:00,2015-09-01 15:00:00,long,1142.0,1140.569911344214,1140.649911344214,1144.1601418492578,18.87372035933306,-26.991093378359363,-1.059255367902746,stop_loss,1
2015-09-01 15:15:00,2015-09-01 15:45:00,long,1140.25,1142.415142716962,1138.8655358018987,1142.465142716962,18.366104083968615,39.76523649637086,1.563884945476592,take_profit,2
2015-09-02 13:00:00,2015-09-02 15:00:00,long,1138.69,1137.4418277980571,1137.521827798057,1140.559075523109,21.834746618200327,-27.253523765304546,-1.0684830540111003,stop_loss,8
2015-09-03 12:30:00,2015-09-03 13:15:00,long,1130.45,1129.4196192350041,1129.499619235004,1131.9706092239935,26.781094405279422,-27.594724540739907,-1.084176787816475,stop_loss,3
2015-09-03 14:00:00,2015-09-03 14:15:00,long,1128.6,1127.3510820467677,1127.4310820467676,1130.4702687251718,21.72697191364941,-27.13520529232839,-1.0684393628985789,stop_loss,1
2015-09-03 15:30:00,2015-09-03 15:45:00,long,1125.84,1124.2664597464009,1124.3464597464008,1128.2296644057585,16.968258517025262,-26.70023781001415,-1.053564006599182,stop_loss,1
2015-09-03 16:00:00,2015-09-03 16:15:00,long,1123.1,1125.8482718600671,1121.3510800874578,1125.898271860067,14.459996979664377,39.740002795868804,1.571410926457224,take_profit,1
2015-09-07 08:15:00,2015-09-07 10:15:00,short,1123.69,1122.1726058719796,1124.669621330013,1122.1226058719797,25.896594818216897,39.29534091288692,1.5489598700352556,take_profit,8
2015-09-08 10:15:00,2015-09-08 11:00:00,short,1121.1100000000001,1119.7375792001587,1121.999012999901,1119.6875792001588,28.624381581921952,39.28469666562657,1.5437578528035798,take_profit,3
2015-09-08 12:15:00,2015-09-08 13:30:00,short,1120.96,1119.4750047450386,1121.919372034351,1119.4250047450387,26.607005228217886,39.51127651263684,1.5478825750492482,take_profit,5
2015-09-08 14:45:00,2015-09-08 15:00:00,short,1121.15,1122.1191512834491,1122.0391512834492,1119.7273579464816,28.79716844976345,-27.908812762786358,-1.08997344039093,stop_loss,1
2015-09-08 15:15:00,2015-09-08 15:30:00,short,1122.99,1124.055441667872,1123.975441667872,1121.413293331405,25.926670744959978,-27.62335532087672,-1.081181872664956,stop_loss,1
2015-09-08 15:45:00,2015-09-08 16:00:00,short,1123.71,1122.1322478214665,1124.7273451115834,1122.0822478214666,25.05931827888925,39.5373940070819,1.5508524694023549,take_profit,1
2015-09-10 07:30:00,2015-09-10 07:45:00,short,1107.3500000000001,1106.011897129418,1108.217564294114,1105.961897129418,29.47683521804447,39.44303782094184,1.5423673837900858,take_profit,1
2015-09-10 11:00:00,2015-09-10 13:00:00,short,1107.8600000000001,1106.2582273381186,1108.892357913676,1106.2082273381186,24.84790930982171,39.80070183738493,1.55156718485174,take_profit,8
2015-09-10 15:30:00,2015-09-10 15:45:00,short,1109.29,1110.4637242540202,1110.3837242540203,1107.5400411935673,23.52653068027532,-27.613659672391183,-1.0731445789063019,stop_loss,1
2015-09-10 16:00:00,2015-09-10 16:15:00,short,1110.54,1111.8023948924972,1111.7223948924973,1108.6481681720045,21.715511511044873,-27.413550819508092,-1.067659290908269,stop_loss,1
2015-09-15 15:30:00,2015-09-15 15:45:00,short,1108.97,1107.047883166423,1110.2025730209857,1106.997883166423,20.786989785398422,39.95502298590938,1.5594344520375634,take_profit,1
2015-09-16 10:15:00,2015-09-16 10:30:00,short,1107.76,1108.7012889271004,1108.6212889271005,1106.381937716639,29.840616817727838,-28.08864218837494,-1.0928840456236233,stop_loss,1
2015-09-16 15:30:00,2015-09-16 15:45:00,short,1110.02,1111.089461320331,1111.0094613203312,1108.43686188747,25.918360861239044,-27.71868442747937,-1.0808520741095253,stop_loss,1
2015-09-16 16:00:00,2015-09-16 16:45:00,short,1113.89,1115.2559640976326,1115.1759640976327,1111.832457443788,19.899294417967837,-27.181721743163152,-1.062210134907502,stop_loss,3
2015-09-18 15:00:00,2015-09-18 15:15:00,long,1135.8799999999999,1134.261951376134,1134.341951376134,1138.3408777981854,16.602475597979677,-26.863612794078012,-1.0520139602601402,stop_loss,1
2015-09-21 12:15:00,2015-09-21 12:30:00,long,1137.94,1137.061982555774,1137.141982555774,1139.216827910762,31.93124123415914,-28.036186819383104,-1.100248435142296,stop_loss,1
2015-09-21 13:00:00,2015-09-21 14:15:00,long,1136.69,1135.8160078990654,1135.8960078990654,1137.9603873614958,32.02250389781263,-27.987415458836608,-1.1007566698783902,stop_loss,5
2015-09-21 14:30:00,2015-09-21 14:45:00,long,1134.5,1133.4946175383557,1133.5746175383556,1135.9806119386312,27.41530271820198,-27.562864533550417,-1.0864507415212594,stop_loss,1
2015-09-21 15:00:00,2015-09-21 15:15:00,long,1130.81,1132.6503643756564,1129.6285222652145,1132.7003643756564,21.426146123377546,39.43191603307387,1.5576801165793754,take_profit,1
2015-09-22 12:15:00,2015-09-22 12:30:00,long,1133.6299999999999,1132.6149253711085,1132.6949253711084,1135.1261194062263,27.156525944029845,-27.565900494615715,-1.085554668609464,stop_loss,1
2015-09-22 12:45:00,2015-09-22 13:30:00,long,1130.46,1129.195522386313,1129.275522386313,1132.3551641818992,21.391916846139114,-27.049599965795643,-1.0675403224809836,stop_loss,3
2015-09-23 07:45:00,2015-09-23 08:15:00,long,1123.68,1124.7896851744401,1122.955196765975,1124.83968517444,34.88415370025623,38.710428184063176,1.53101576034309,take_profit,2
2015-09-23 12:45:00,2015-09-23 14:15:00,long,1125.11,1126.600696594882,1124.1470646281987,1126.650696594882,26.337767847391902,39.26162084690337,1.548075435315778,take_profit,6
2015-09-24 07:45:00,2015-09-24 09:30:00,long,1134.21,1135.578274719608,1133.3235783002451,1135.628274719608,28.699761663404868,39.269158342813235,1.5435934386380181,take_profit,7
2015-09-25 10:00:00,2015-09-25 10:15:00,long,1146.73,1145.708577932435,1145.788577932435,1148.2362753081043,27.106470850979303,-27.68714750099841,-1.084977825309364,stop_loss,1
2015-09-25 10:30:00,2015-09-25 10:45:00,long,1146.04,1145.014947298885,1145.094947298885,1147.5520843217837,26.94374134678333,-27.61875484566075,-1.0846513637869566,stop_loss,1
2015-09-25 11:00:00,2015-09-25 11:15:00,long,1144.57,1143.513194354651,1143.593194354651,1146.1328890325583,26.01133413715063,-27.488924759198877,-1.0818996085668011,stop_loss,1
2015-09-25 11:30:00,2015-09-25 11:45:00,long,1142.6499999999999,1141.4316318670203,1141.5116318670202,1144.471389012767,22.271389583218575,-27.13475134536619,-1.0702760360925874,stop_loss,1
2015-09-25 12:00:00,2015-09-25 12:30:00,long,1141.97,1143.831218077335,1140.7754887016656,1143.881218077335,21.17918073382415,39.41907404493918,1.5581418777120288,take_profit,2
2015-09-28 09:45:00,2015-09-28 10:00:00,long,1142.08,1140.9998660736226,1141.0798660736225,1143.680214282204,25.374210548010637,-27.40754566794848,-1.0799892873244428,stop_loss,1
2015-09-29 08:45:00,2015-09-29 09:00:00,long,1126.98,1125.8137767321314,1125.8937767321313,1128.7179572285897,23.312696829317154,-27.187809479117252,-1.0736496836022447,stop_loss,1
2015-09-29 11:15:00,2015-09-29 12:30:00,long,1125.57,1124.2513642796855,1124.3313642796854,1127.5518171525032,20.40020136622523,-26.900434223111876,-1.0645871895084815,stop_loss,5
2015-09-30 11:00:00,2015-09-30 12:15:00,short,1124.98,1123.2779507092248,1126.0750308067345,1123.2279507092248,23.026399887837105,39.192067598199785,1.5543391841650003,take_profit,5
2015-10-01 14:45:00,2015-10-01 15:15:00,short,1114.5900000000001,1113.2573245927883,1115.4541721295075,1113.2073245927884,29.268476171506936,39.00537840033214,1.5421411564980523,take_profit,2
2015-10-02 15:15:00,2015-10-02 15:30:00,short,1108.9,1110.0797928582263,1109.9997928582263,1107.140331426838,23.068900609415607,-27.216524186117752,-1.0727409706305535,stop_loss,1
2015-10-05 10:30:00,2015-10-05 12:00:00,short,1136.5800000000002,1135.1274942702203,1137.5190660811127,1135.0774942702203,26.95931585453637,39.15856074965982,1.5467556107011113,take_profit,6
2015-10-05 14:30:00,2015-10-05 15:00:00,long,1130.75,1132.5183872495247,1129.613507969047,1132.5683872495247,22.34498396719969,39.51458473843026,1.5560049708768917,take_profit,2
2015-10-07 10:30:00,2015-10-07 10:45:00,long,1149.8899999999999,1148.689519086515,1148.769519086515,1151.6827694615758,22.734814197540402,-27.292710515771702,-1.0713979140895054,stop_loss,1
2015-10-07 12:30:00,2015-10-07 12:45:00,long,1148.3999999999999,1147.3003683515838,1147.3803683515837,1150.0314106374658,24.929924447150203,-27.413733914708782,-1.0784597066246357,stop_loss,1
2015-10-08 15:15:00,2015-10-08 15:30:00,long,1141.34,1140.15027844547,1140.2302784454698,1143.115554487248,22.856645784310796,-27.193044153852362,-1.0720901560155804,stop_loss,1
2015-10-08 15:45:00,2015-10-08 16:15:00,long,1138.07,1140.3632076956374,1136.6054951902265,1140.4132076956373,17.28237847625599,39.63208332066875,1.5658587669590642,take_profit,2
2015-10-09 09:45:00,2015-10-09 10:30:00,long,1145.94,1147.6790891220662,1144.8218192987088,1147.7290891220662,22.70598172560365,39.487725824830356,1.5552845081817561,take_profit,3
2015-10-09 15:15:00,2015-10-09 15:30:00,long,1151.3799999999999,1154.0403203150088,1149.6860498031194,1154.0903203150087,15.034896579601076,39.99764080477061,1.5704831936075232,take_profit,1
2015-10-12 15:30:00,2015-10-12 15:45:00,long,1164.02,1166.379883661771,1162.5138227113932,1166.4298836617709,16.962386497232902,40.02925875946387,1.566803376748487,take_profit,1
2015-10-13 12:45:00,2015-10-13 14:00:00,long,1154.6599999999999,1153.336591660741,1153.416591660741,1156.649453342814,20.61142668183897,-27.277333954766544,-1.06433928217629,stop_loss,5
2015-10-13 14:15:00,2015-10-13 14:30:00,long,1152.37,1154.3105730292245,1151.1258918567346,1154.3605730292245,20.555982444733523,39.89038512146529,1.5598105676982486,take_profit,1
2015-10-14 11:45:00,2015-10-14 12:30:00,long,1173.6599999999999,1172.268065335264,1172.348065335264,1175.7590954635773,19.554057539686315,-27.217970525727807,-1.0609786463840662,stop_loss,3
2015-10-14 12:45:00,2015-10-14 13:15:00,long,1168.36,1166.5784471064264,1166.6584471064264,1171.0824846297176,15.044616055243756,-26.802779265921274,-1.047015876087116,stop_loss,2
2015-10-14 13:30:00,2015-10-14 14:30:00,long,1167.11,1165.2012202233304,1165.2812202233304,1170.036047642671,13.968660824483289,-26.663097288928675,-1.0437450156768566,stop_loss,4
2015-10-15 10:00:00,2015-10-15 10:45:00,long,1183.35,1185.4058262941237,1182.0338585661725,1185.4558262941237,19.36895045866044,39.81919764249517,1.5620101618906994,take_profit,3
2015-10-19 09:45:00,2015-10-19 10:15:00,long,1172.05,1170.7123138014301,1170.79231380143,1174.062297917712,20.33250953437804,-27.198517386426925,-1.063608871665201,stop_loss,2
2015-10-20 15:15:00,2015-10-20 15:45:00,long,1173.27,1171.9291895715671,1172.009189571567,1175.2872966854927,20.2389820177972,-27.136638150327613,-1.0634512518264618,stop_loss,2
2015-10-21 08:45:00,2015-10-21 09:15:00,long,1176.21,1175.0963586802495,1175.1763586802495,1177.8638261116007,24.634508921091538,-27.43400702629018,-1.077396286769216,stop_loss,2
2015-10-21 09:45:00,2015-10-21 12:45:00,long,1174.6399999999999,1174.93,1173.3834954255155,1176.650407319175,20.221476956404864,5.864228317361273,0.23079900056807065,time_stop,12
2015-10-22 11:45:00,2015-10-22 13:45:00,long,1166.81,1168.3828486516759,1165.7957195927027,1168.4328486516758,25.062208214119625,39.41906039759973,1.5507039674236045,take_profit,8
2015-10-22 15:30:00,2015-10-22 15:45:00,long,1166.07,1164.8405851114396,1164.9205851114396,1167.9090638216967,22.18428274225575,-27.27368749536084,-1.0696006296735248,stop_loss,1
2015-10-23 13:30:00,2015-10-23 13:45:00,long,1171.69,1170.4980548183992,1170.578054818399,1173.4691122905617,22.882780484157397,-27.275019939722196,-1.0719459927734427,stop_loss,1
2015-10-26 10:45:00,2015-10-26 12:00:00,short,1165.24,1166.497378960419,1166.417378960419,1163.3561936633296,21.56471986901855,-27.115025050631747,-1.067947536595573,stop_loss,5
2015-10-26 12:15:00,2015-10-26 12:30:00,short,1166.56,1167.8290740614773,1167.7490740614774,1164.6574815016359,21.307013778041128,-27.040178513252304,-1.0672792407064435,stop_loss,1
2015-10-27 08:00:00,2015-10-27 09:45:00,short,1165.5900000000001,1166.5618275247498,1166.4818275247499,1164.1630759604006,28.34801164168951,-27.549377985317157,-1.0897034435244402,stop_loss,7
2015-10-27 10:00:00,2015-10-27 11:00:00,short,1166.5,1165.1519237242082,1167.3737976723698,1165.1019237242083,28.86988498103483,38.918807027769745,1.542778515460686,take_profit,4
2015-10-27 14:30:00,2015-10-27 14:45:00,short,1167.69,1166.0390695205522,1168.753081549655,1165.9890695205522,23.802760870303917,39.29670341579407,1.5529669195968323,take_profit,1
2015-10-28 07:45:00,2015-10-28 08:00:00,short,1170.44,1171.3878439804382,1171.3078439804383,1169.0514496312987,29.248194250403035,-27.72272485893067,-1.0921824680509156,stop_loss,1
2015-10-28 08:15:00,2015-10-28 08:30:00,short,1170.72,1171.6720185341535,1171.5920185341536,1169.3247703453546,29.044593523195907,-27.65099135103625,-1.0917411693291388,stop_loss,1
2015-10-28 11:00:00,2015-10-28 13:15:00,short,1172.03,1173.1472725728845,1173.0672725728846,1170.3703638833845,24.364012456436694,-27.22124288299378,-1.07712534013837,stop_loss,9
2015-10-29 08:30:00,2015-10-29 09:00:00,short,1162.5,1160.6307259610305,1163.699546274356,1160.5807259610306,21.02268160872262,39.29715296070632,1.5583175730116032,take_profit,2
2015-10-29 11:15:00,2015-10-29 12:15:00,short,1161.45,1159.1908576736587,1162.8932139539634,1159.1408576736587,17.527736367271096,39.597651112254916,1.565355102157483,take_profit,4
2015-11-02 07:45:00,2015-11-02 08:15:00,short,1141.79,1142.9118222284872,1142.8318222284872,1140.1230844344204,24.356812817966087,-27.32401403429607,-1.0767885324505777,stop_loss,2
2015-11-03 14:15:00,2015-11-03 15:00:00,short,1132.48,1130.9785459591465,1133.4496587755336,1130.9285459591465,26.113125173190497,39.207657310601675,1.5484354689898912,take_profit,3
2015-11-04 12:00:00,2015-11-04 13:30:00,short,1118.82,1117.3201637380262,1119.7886476637334,1117.2701637380262,26.22133645325356,39.32771125000435,1.548381643943622,take_profit,6
2015-11-05 11:00:00,2015-11-05 11:30:00,short,1110.02,1108.4124352881172,1111.0559779449266,1108.3624352881172,24.59308312757469,39.534972592289044,1.5517364242698515,take_profit,2
2015-11-05 14:30:00,2015-11-05 14:45:00,short,1110.22,1108.5473556070053,1111.2966527456217,1108.4973556070054,23.737423015013555,39.704267510205725,1.5535597710558675,take_profit,1
2015-11-06 14:30:00,2015-11-06 15:15:00,short,1108.8400000000001,1107.6262955918294,1109.6298152551067,1107.5762955918294,32.45869212118505,39.395257710940136,1.5366940563930516,take_profit,3
2015-11-09 08:30:00,2015-11-09 09:00:00,short,1094.15,1092.9114162486467,1094.955364844596,1092.8614162486467,31.929827687526547,39.54776575728483,1.537916336508112,take_profit,2
2015-11-09 14:15:00,2015-11-09 15:15:00,short,1094.64,1092.7198398359094,1095.8713501025568,1092.6698398359094,20.947946641249487,40.223412660024906,1.559394164262314,take_profit,4
2015-11-11 08:45:00,2015-11-11 09:00:00,short,1093.46,1092.065743848821,1094.362660094487,1092.015743848821,28.664946227718318,39.96627760121093,1.5446081639085734,take_profit,1
2015-11-11 15:00:00,2015-11-11 15:15:00,short,1089.43,1087.8199244809177,1090.4675471994265,1087.7699244809178,25.01537823043224,40.27664808940399,1.5518094212701348,take_profit,1
2015-11-13 08:45:00,2015-11-13 09:15:00,short,1083.21,1084.3351731044763,1084.2551731044764,1081.537723032838,24.909930049146908,-28.027983325685828,-1.076542344667401,stop_loss,2
2015-11-13 13:15:00,2015-11-13 13:30:00,short,1086.18,1087.363113160945,1087.283113160945,1084.4150189424881,23.550741551165434,-27.863192279196042,-1.0725220247861018,stop_loss,1
2015-11-16 08:00:00,2015-11-16 08:30:00,short,1095.15,1096.304523250525,1096.2245232505252,1093.4307627991598,24.125496175050728,-27.853446264548428,-1.0744516230438321,stop_loss,2
2015-11-16 15:00:00,2015-11-16 15:15:00,short,1092.77,1090.689808482804,1094.1013696982475,1090.639808482804,19.42938893086349,40.41685003828407,1.5624446913086456,take_profit,1
2015-11-17 10:30:00,2015-11-17 11:15:00,short,1079.8,1081.0614440444322,1080.9814440444322,1077.909689528908,21.9634044459233,-27.705605733765868,-1.0677137443596574,stop_loss,3
2015-11-17 15:15:00,2015-11-17 15:30:00,short,1081.45,1079.4135259057648,1082.754046308897,1079.3635259057648,19.855983633379918,40.436196284937225,1.5616578033627744,take_profit,1
2015-11-18 07:15:00,2015-11-18 07:45:00,short,1068.3500000000001,1069.710768330327,1069.630768330327,1066.300770671477,20.280010009745563,-27.596395359974114,-1.062462506376547,stop_loss,2
2015-11-18 08:15:00,2015-11-18 11:15:00,short,1070.9,1071.24,1072.2081964359243,1068.8068857025214,19.81262221538288,-6.736291553228558,-0.2598998060713455,time_stop,12
2015-11-20 12:00:00,2015-11-20 14:30:00,short,1085.88,1083.7653028040547,1087.232935747466,1083.7153028040548,19.147494057934708,40.4911519936954,1.5630433299632973,take_profit,10
2015-11-24 10:45:00,2015-11-24 13:00:00,short,1073.9,1074.9239708200726,1074.8439708200726,1072.3896466878841,27.528723279137058,-28.18860935168589,-1.084748382363959,stop_loss,9
2015-11-24 13:30:00,2015-11-24 14:00:00,short,1075.71,1074.1454036794496,1076.719122700344,1074.0954036794496,25.695521725765353,40.20311874675626,1.5504520114521274,take_profit,2
2015-11-24 15:15:00,2015-11-24 15:30:00,short,1078.49,1080.1304255854886,1080.0504255854887,1075.993319063218,16.668747776268376,-27.34384033024733,-1.0512680647791817,stop_loss,1
2015-11-25 15:00:00,2015-11-25 15:15:00,short,1074.45,1072.8140094478622,1075.5037440950862,1072.7640094478622,24.631837035694144,40.29745267219493,1.5525501492885065,take_profit,1
2015-11-26 13:15:00,2015-11-26 15:30:00,short,1072.56,1071.0842831266943,1073.513573045816,1071.0342831266944,27.303883899686166,40.292802177544,1.547565631999112,take_profit,9
2015-11-30 10:15:00,2015-11-30 11:15:00,short,1057.6100000000001,1055.623640032074,1058.882724979954,1055.573640032074,20.520406017435743,40.76091303862404,1.5607142149422546,take_profit,4
2015-11-30 15:15:00,2015-11-30 15:30:00,short,1058.8700000000001,1060.0357908905517,1059.9557908905517,1057.1327345751174,24.128361539259124,-28.12862408640228,-1.073679011949792,stop_loss,1
2015-12-01 15:30:00,2015-12-01 15:45:00,short,1070.72,1068.5130812123969,1072.130574242252,1068.463081212397,18.53294717288807,40.90070930550377,1.564553443199135,take_profit,1
2015-12-03 07:15:00,2015-12-03 07:30:00,short,1052.82,1054.2101562780801,1054.1301562780802,1050.7237499550713,20.01585594973925,-27.82516780967919,-1.061061417892183,stop_loss,1
2015-12-03 14:45:00,2015-12-03 15:00:00,short,1053.39,1054.6615223762356,1054.5815223762356,1051.4835641980233,21.962029014308275,-27.925211319225212,-1.0671409967580112,stop_loss,1
2015-12-04 08:00:00,2015-12-04 09:30:00,short,1062.4,1060.5238142984256,1063.6038660634842,1060.4738142984256,21.690451593818317,40.695315141016046,1.5584671405592834,take_profit,6
2015-12-04 11:45:00,2015-12-04 12:30:00,short,1061.73,1063.026945020746,1062.9469450207462,1059.7828879668061,21.524217412603726,-27.915726598732466,-1.0657383847553576,stop_loss,3
2015-12-04 13:15:00,2015-12-04 15:00:00,short,1062.76,1064.0140292029473,1063.9340292029474,1060.8815532752842,22.26346473061236,-27.919034930975634,-1.068141405511113,stop_loss,7
2015-12-04 15:15:00,2015-12-04 15:30:00,short,1064.32,1065.6996526562161,1065.6196526562162,1062.240555750054,20.068531047826482,-27.687602166490972,-1.0615549082420488,stop_loss,1
2015-12-07 15:30:00,2015-12-07 16:30:00,long,1079.75,1078.3691895504069,1078.4491895504068,1081.831296719349,20.008099171153358,-27.62739241202415,-1.0615001209630086,stop_loss,4
2015-12-08 12:30:00,2015-12-08 14:30:00,long,1071.68,1073.5132066728704,1070.502995829456,1073.5632066728704,22.065758425906846,40.45109558831751,1.5575192669224098,take_profit,8
2015-12-09 11:45:00,2015-12-09 12:00:00,long,1074.75,1076.5311543151606,1073.6055285530247,1076.5811543151606,22.7636888220659,40.545642574396254,1.5563117104126523,take_profit,1
2015-12-10 08:15:00,2015-12-10 08:30:00,long,1072.6599999999999,1074.4892762304119,1071.4854523559923,1074.5392762304118,22.249828096088592,40.70108166692808,1.5574304199108222,take_profit,1
2015-12-10 15:00:00,2015-12-10 16:15:00,long,1073.02,1071.566956517068,1071.646956517068,1075.216869572691,19.092538334758324,-27.742288399947846,-1.0582647243109133,stop_loss,5
2015-12-11 10:30:00,2015-12-11 11:45:00,long,1068.83,1067.6119513727342,1067.6919513727341,1070.6508778036252,22.98618892869083,-27.99829587066227,-1.0702957660009051,stop_loss,5
2015-12-11 12:45:00,2015-12-11 13:30:00,long,1063.1399999999999,1065.4871320653358,1061.641792459165,1065.5371320653358,17.423089560795677,40.89429218536319,1.5666267865851355,take_profit,3
2015-12-14 09:45:00,2015-12-14 10:00:00,long,1071.68,1070.4723771118695,1070.5523771118694,1073.4841966210092,23.221586777479715,-28.042919691194765,-1.0709457043148085,stop_loss,1
2015-12-14 10:15:00,2015-12-14 10:30:00,long,1069.56,1068.3090904689077,1068.3890904689076,1071.4334552497478,22.315222667322825,-27.91432472299989,-1.068322955681552,stop_loss,1
2015-12-14 10:45:00,2015-12-14 11:15:00,long,1065.96,1067.9919078428948,1064.6588075981908,1068.0419078428947,20.037988405032873,40.71534579601986,1.5615737073698872,take_profit,2
2015-12-14 12:45:00,2015-12-14 13:15:00,long,1066.6699999999998,1068.6947750288316,1065.3732656069799,1068.7447750288316,20.169673213378807,40.83905066214615,1.561441602637116,take_profit,2
2015-12-15 15:15:00,2015-12-15 15:30:00,short,1065.03,1066.693551512421,1066.613551512421,1062.4963175801263,16.568066682575658,-27.56183238769086,-1.0505193543578608,stop_loss,1
2015-12-16 15:15:00,2015-12-16 15:30:00,short,1069.7,1071.181826801339,1071.101826801339,1067.4570771178576,18.676532195919673,-27.675385963982848,-1.0570683909906085,stop_loss,1
2015-12-16 15:45:00,2015-12-16 16:00:00,short,1072.6000000000001,1074.4399935174813,1074.3599935174814,1069.7840103720303,14.844323207378649,-27.31345847297188,-1.0454547128755436,stop_loss,1
2015-12-17 09:30:00,2015-12-17 10:00:00,short,1067.98,1066.1541360413287,1069.1524149741695,1066.1041360413287,22.23725069522082,40.60219458434277,1.5573529841384075,take_profit,2
2015-12-17 11:15:00,2015-12-17 12:15:00,short,1068.5,1066.737489927397,1069.6328187953768,1066.687489927397,23.086207781277476,40.68967375270583,1.5558623142518366,take_profit,4
2015-12-17 14:00:00,2015-12-17 14:15:00,short,1067.47,1065.5037802359766,1068.7301373525147,1065.4537802359766,20.81826190118057,40.93327800271734,1.5603217856368852,take_profit,1
2015-12-18 16:00:00,2015-12-18 16:15:00,short,1060.48,1058.1716234785627,1061.9539853258984,1058.1216234785627,17.853458599444675,41.21250465741215,1.566078359722058,take_profit,1
2015-12-21 10:30:00,2015-12-21 11:00:00,short,1073.55,1071.454989137367,1074.8906317891456,1071.404989137367,19.69083622748836,41.25251579091531,1.5627041515762767,take_profit,2
2015-12-21 15:45:00,2015-12-21 16:00:00,short,1074.15,1076.01762138886,1075.9376213888602,1071.2898057778239,14.813352647284455,-27.66573424479459,-1.0447522056395515,stop_loss,1
2015-12-23 10:30:00,2015-12-23 10:45:00,long,1073.04,1072.272759646586,1072.352759646586,1074.1395845654624,38.45137211930754,-29.501444334065127,-1.116407599761161,stop_loss,1
2015-12-23 11:00:00,2015-12-23 13:15:00,long,1071.21,1072.4676213855264,1070.392736634046,1072.5176213855264,32.26173198780082,40.57304408197826,1.538820211350553,take_profit,9
2015-12-23 15:30:00,2015-12-23 15:45:00,long,1071.3899999999999,1070.2275991555352,1070.3075991555352,1073.1218413511435,24.43408825784749,-28.402204824645167,-1.073909772344543,stop_loss,1
2015-12-24 12:45:00,2015-12-24 14:15:00,long,1071.6599999999999,1072.6548722226344,1071.0069548608533,1072.7048722226343,40.411713941946516,40.20449166989445,1.5234356141669743,take_profit,6
2015-12-28 07:30:00,2015-12-28 09:15:00,long,1073.1399999999999,1072.4081845435844,1072.4881845435843,1074.1829047302647,40.61131425646076,-29.71998747822355,-1.1227341254530285,stop_loss,7
2015-12-28 09:30:00,2015-12-28 10:15:00,long,1072.6,1071.8754097845533,1071.9554097845532,1073.6313443447145,40.97431473490678,-29.68958754154276,-1.1241098578334627,stop_loss,3
2015-12-28 12:15:00,2015-12-28 12:30:00,long,1071.99,1071.196163795908,1071.276163795908,1073.1321379265476,36.91640048039645,-29.305575226099148,-1.1120705275822704,stop_loss,1
2015-12-28 12:45:00,2015-12-28 13:00:00,long,1071.25,1072.3730474978904,1070.5168453138185,1072.4230474978904,35.86371680192659,40.27665741945396,1.5318015680151051,take_profit,1
2015-12-29 10:45:00,2015-12-29 11:00:00,long,1072.68,1071.8936076543114,1071.9736076543113,1073.810227753102,37.3364823571823,-29.36112394062869,-1.1132515102806284,stop_loss,1
2015-12-29 11:45:00,2015-12-29 12:00:00,long,1071.55,1072.6305848307045,1070.8433844808096,1072.6805848307044,37.241586675493245,40.242693632906246,1.529240161527599,take_profit,1
2015-12-30 10:30:00,2015-12-30 11:45:00,long,1068.22,1067.5343220540706,1067.6143220540705,1069.1890847134873,43.58086449875886,-29.88243765133891,-1.1320833960317838,stop_loss,5
2015-12-30 12:15:00,2015-12-30 12:30:00,short,1070.68,1069.1176147786655,1071.6877407633342,1069.0676147786655,26.133907225311173,40.83123042455517,1.5503840652087755,take_profit,1
2015-12-30 14:15:00,2015-12-30 15:00:00,short,1067.91,1069.0863315565173,1069.0063315565174,1066.1558695095723,24.096602820509663,-28.345594302626832,-1.0729706260157867,stop_loss,3
2015-12-30 15:15:00,2015-12-30 15:30:00,short,1068.65,1067.0030888968893,1069.7105694394443,1066.9530888968893,24.855680267571962,40.935095808036884,1.5528555150277878,take_profit,1
2015-12-31 09:45:00,2015-12-31 10:00:00,short,1063.1000000000001,1062.23154443294,1063.6740347294128,1062.18154443294,46.06523564707193,40.00561034564003,1.5128972561446807,take_profit,1
2015-12-31 15:45:00,2015-12-31 16:15:00,short,1061.93,1060.2121893026394,1063.0348816858505,1060.1621893026395,24.005336173416698,41.236623272433036,1.5547462858328431,take_profit,2
2016-01-04 07:15:00,2016-01-04 07:30:00,short,1065.55,1066.5383646208302,1066.4583646208303,1064.0966166066714,29.28948236988334,-28.948688136823314,-1.088070360916085,stop_loss,1
2016-01-04 07:45:00,2016-01-04 08:00:00,short,1067.69,1068.8001715353078,1068.7201715353078,1066.0417255435075,25.770108434446115,-28.609240845714947,-1.0776569699880385,stop_loss,1
2016-01-04 09:00:00,2016-01-04 09:45:00,short,1069.75,1070.893713221907,1070.8137132219072,1068.0480588449484,24.903717603297455,-28.48271109753169,-1.0752082406727002,stop_loss,3
2016-01-04 10:00:00,2016-01-04 10:15:00,short,1071.2,1072.5058786268974,1072.4258786268974,1069.2385941969642,21.56285923181149,-28.158477005617993,-1.0652593154367997,stop_loss,1
2016-01-04 10:30:00,2016-01-04 11:45:00,short,1072.28,1073.5945586119676,1073.5145586119677,1070.3047062208516,21.365637125176217,-28.086382283075945,-1.0648004875786483,stop_loss,5
2016-01-04 13:30:00,2016-01-04 13:45:00,short,1074.3,1072.4364435580221,1075.4959727762362,1072.3864435580222,22.007991378642288,41.01313410866148,1.5581930283083498,take_profit,1
2016-01-05 16:00:00,2016-01-05 16:15:00,long,1075.24,1077.80316155804,1073.606774026225,1077.85316155804,16.16615535184379,41.436467939149665,1.5693857428163973,take_profit,1
2016-01-07 09:30:00,2016-01-07 10:00:00,long,1097.1499999999999,1095.6119381185142,1095.6919381185141,1099.482899010377,18.165112255458336,-27.939066733028216,-1.0548673557794472,stop_loss,2
2016-01-07 10:15:00,2016-01-07 11:15:00,long,1094.74,1097.1049282528422,1093.2306698419736,1097.1549282528422,17.51106573904737,41.41241410365054,1.5668727218268927,take_profit,4
2016-01-08 11:00:00,2016-01-08 11:15:00,long,1099.19,1097.8554654609516,1097.9354654609515,1101.1972552624777,21.13357872748675,-28.20349074553152,-1.0637686707777683,stop_loss,1
2016-01-08 11:30:00,2016-01-08 13:15:00,long,1097.26,1099.3780517314221,1095.9049676678612,1099.428051731422,19.52455069768312,41.3540084104674,1.5631005114682803,take_profit,7
2016-01-08 15:45:00,2016-01-08 16:00:00,long,1097.7,1100.8670012436428,1095.6893742227235,1100.9170012436427,13.199425662696747,41.80259748913055,1.5751321202757589,take_profit,1
2016-01-11 09:45:00,2016-01-11 10:30:00,long,1104.53,1103.0823113291426,1103.1623113291425,1106.718301873372,19.4654757657325,-28.179948738899437,-1.0584928439523986,stop_loss,3
2016-01-11 11:00:00,2016-01-11 12:30:00,long,1100.12,1102.6944361268181,1098.4797274207385,1102.744436126818,16.196302441468372,41.696346126190434,1.5695172615624224,take_profit,6
2016-01-11 15:45:00,2016-01-11 16:15:00,long,1100.48,1103.214927322878,1098.7394204232012,1103.264927322878,15.310844633388925,41.87404732419679,1.5712739361839447,take_profit,2
2016-01-12 12:00:00,2016-01-12 12:30:00,long,1094.73,1093.4619046190999,1093.5419046190998,1096.6309526094403,22.50113248214904,-28.533582165635508,-1.06733466124522,stop_loss,2
2016-01-12 12:45:00,2016-01-12 13:00:00,long,1093.12,1091.7609673644906,1091.8409673644906,1095.1664522168148,20.85671910327044,-28.344961930994074,-1.0625472703189232,stop_loss,1
2016-01-12 13:45:00,2016-01-12 14:30:00,long,1091.06,1089.5589043340592,1089.6389043340591,1093.3337530655053,18.731838479887873,-28.118281557261636,-1.0562945915023705,stop_loss,3
2016-01-12 14:45:00,2016-01-12 15:45:00,long,1086.46,1089.0980217957076,1084.779986377683,1089.1480217957076,15.811477694520336,41.711022780488776,1.5702383365613093,take_profit,4
2016-01-13 09:30:00,2016-01-13 09:45:00,long,1082.27,1081.0915078485564,1081.1715078485563,1084.0275874423098,24.257724487424014,-28.58753792031058,-1.0728271020369042,stop_loss,1
2016-01-13 14:30:00,2016-01-13 16:00:00,long,1081.26,1083.0434447519715,1080.1140970300178,1083.0934447519714,23.20418532983683,41.38338255027159,1.55636628815019,take_profit,6
2016-01-14 09:30:00,2016-01-14 09:45:00,long,1089.44,1088.3118022187607,1088.3918022187606,1091.1171164499833,25.44606764864537,-28.70819706246813,-1.076321474278769,stop_loss,1
2016-01-14 10:00:00,2016-01-14 10:15:00,long,1088.45,1090.188289183914,1087.3323192600537,1090.238289183914,23.81278866604783,41.393512977021985,1.5552645060319754,take_profit,1
2016-01-14 14:30:00,2016-01-14 14:45:00,long,1089.82,1088.435131828949,1088.5151318289488,1091.907789073682,20.46021419995361,-28.334699418402256,-1.0613088753138065,stop_loss,1
2016-01-14 15:00:00,2016-01-14 15:45:00,long,1085.53,1083.8972310157774,1083.9772310157773,1088.0144303747563,17.157228895132484,-28.013791195179998,-1.051520864219204,stop_loss,3
2016-01-14 16:00:00,2016-01-14 16:45:00,long,1084.1699999999998,1086.8406345255469,1082.4696034215328,1086.8906345255468,15.63469701000467,41.754561631385386,1.5705950949129412,take_profit,3
2016-01-15 14:15:00,2016-01-15 14:30:00,short,1082.8700000000001,1084.1194276542167,1084.0394276542168,1080.9989157532536,22.80491172607652,-28.493087362527525,-1.0684095332545536,stop_loss,1
2016-01-15 14:45:00,2016-01-15 15:00:00,short,1083.98,1085.2286901712378,1085.1486901712378,1082.1100957260196,22.770541675329,-28.43335158374267,-1.0684527019810526,stop_loss,1
2016-01-15 15:15:00,2016-01-15 15:30:00,short,1087.88,1089.4035134639755,1089.3235134639756,1085.5703784576394,18.39597773713708,-28.02651976552015,-1.05542033517277,stop_loss,1
2016-01-15 15:45:00,2016-01-15 16:15:00,short,1092.96,1094.833692731693,1094.753692731693,1090.090091629291,14.773315428450369,-27.68065374129443,-1.0446007270846318,stop_loss,2
2016-01-18 10:15:00,2016-01-18 10:30:00,long,1089.26,1088.0139802724414,1088.0939802724413,1091.1256315640937,22.678370335038395,-28.25769682633831,-1.0686094738443432,stop_loss,1
2016-01-20 12:00:00,2016-01-20 14:00:00,long,1093.24,1095.3468726137523,1091.8919546164047,1095.3968726137523,19.57420137852467,41.24034882048673,1.5629092606164787,take_profit,8
2016-01-21 10:15:00,2016-01-21 10:30:00,long,1100.3,1098.909738440869,1098.989738440869,1102.3964184946096,20.20160960921374,-28.085521272260817,-1.0610565115357442,stop_loss,1
2016-01-21 12:15:00,2016-01-21 12:30:00,long,1097.69,1096.3197238845778,1096.3997238845777,1099.754441784676,20.470983803598628,-28.05090016526707,-1.0620022327343026,stop_loss,1
2016-01-21 12:45:00,2016-01-21 13:15:00,long,1097.3899999999999,1099.4118094980113,1096.0951190637427,1099.4618094980112,20.35485960341233,41.15364847686776,1.5613864112135174,take_profit,2
2016-01-21 15:45:00,2016-01-21 16:00:00,long,1095.86,1098.8573678177634,1093.9553951138978,1098.9073678177633,13.881843499684505,41.60899095718323,1.573747835908246,take_profit,1
2016-01-22 14:30:00,2016-01-22 15:15:00,long,1096.8999999999999,1095.7215772307802,1095.8015772307801,1098.6574764307516,24.146117217106564,-28.45433431688501,-1.0728317021839926,stop_loss,3
2016-01-22 15:30:00,2016-01-22 15:45:00,long,1095.6499999999999,1094.3483472326195,1094.4283472326194,1097.6046444278086,21.663877803538846,-28.198846495166002,-1.065485056094516,stop_loss,1
2016-01-22 16:00:00,2016-01-22 16:15:00,long,1095.01,1097.0521576954065,1093.702401440371,1097.1021576954065,20.196824463761175,41.24510050144532,1.5617619646093452,take_profit,1
2016-01-26 07:15:00,2016-01-26 08:15:00,long,1111.73,1113.1885544144138,1110.7871534909914,1113.2385544144138,28.09771105453018,40.982040493508734,1.5469690988700027,take_profit,4
2016-01-26 11:15:00,2016-01-26 13:00:00,long,1113.7,1112.3744362104344,1112.4544362104343,1115.6929020633052,21.33475064263811,-28.28057291129354,-1.0642279429364432,stop_loss,7
2016-01-27 12:45:00,2016-01-27 13:30:00,long,1116.48,1118.3095024747304,1115.3053109532934,1118.3595024747303,22.57383074134074,41.29887920542719,1.5574355442060484,take_profit,3
2016-01-28 08:15:00,2016-01-28 11:15:00,long,1118.21,1118.43,1116.9770880552098,1120.1826591116642,21.574800686190642,4.74645615096253,0.17843934510462003,time_stop,12
2016-01-29 10:00:00,2016-01-29 10:15:00,long,1113.2,1111.5599669746941,1111.639966974694,1115.6960528404895,17.056896843292854,-27.973874132236425,-1.0512809656604776,stop_loss,1
2016-01-29 13:45:00,2016-01-29 14:15:00,long,1111.93,1113.9177765271756,1110.6563896705154,1113.9677765271756,20.848900186962332,41.44295440907035,1.5607415244346399,take_profit,2
2016-02-01 15:45:00,2016-02-01 16:15:00,long,1121.62,1123.3610563223035,1120.5005897985602,1123.4110563223035,23.794906023789057,41.42827157133844,1.5553336212806006,take_profit,2
2016-02-02 12:45:00,2016-02-02 13:15:00,long,1124.51,1123.394644932912,1123.4746449329118,1126.1665681073412,25.806718813493816,-28.78365459354821,-1.077268178369879,stop_loss,2
2016-02-02 13:30:00,2016-02-02 14:00:00,long,1123.85,1125.3742595232611,1122.8660877979617,1125.424259523261,27.09748870280489,41.30360521171333,1.5491824576456914,take_profit,2
2016-02-03 09:15:00,2016-02-03 09:30:00,long,1127.18,1126.1091651630406,1126.1891651630406,1128.7653357391353,26.99153884392566,-28.903480097219,-1.0807399952200083,stop_loss,1
2016-02-03 09:45:00,2016-02-03 10:00:00,long,1126.3999999999999,1125.2847903701727,1125.3647903701726,1128.0563354077237,25.778691832653976,-28.748645376122916,-1.077279033825523,stop_loss,1
2016-02-03 14:15:00,2016-02-03 14:30:00,long,1127.31,1129.0259843616452,1126.2062597739716,1129.0759843616452,24.12601453747953,41.399863655141296,1.554699485602727,take_profit,1
2016-02-04 13:45:00,2016-02-04 14:45:00,long,1145.34,1147.320147488755,1144.071157819528,1147.370147488755,21.051989662052556,41.68604446261306,1.560593996030879,take_profit,4
2016-02-05 15:45:00,2016-02-05 16:00:00,long,1153.26,1151.207703774723,1151.287703774723,1156.4156739604434,13.585699861709568,-27.881880543931512,-1.0405618582922007,stop_loss,1
2016-02-08 13:45:00,2016-02-08 14:00:00,long,1172.12,1174.9783648388354,1170.3022719757278,1175.0283648388354,14.710264922396773,42.04730402413477,1.5724931346536921,take_profit,1
2016-02-09 07:45:00,2016-02-09 09:00:00,long,1191.26,1193.5805698460247,1189.7783938462346,1193.6305698460246,18.104241355765826,42.012156575343184,1.566252839951536,take_profit,5
2016-02-09 09:45:00,2016-02-09 10:00:00,long,1189.3799999999999,1187.7279215973945,1187.8079215973944,1191.8953254441685,17.115800121998927,-28.276643724865497,-1.0508880472292854,stop_loss,1
2016-02-09 10:15:00,2016-02-09 10:30:00,long,1186.19,1188.8677653064517,1184.4851466834677,1188.9177653064517,15.749640257774201,42.17384027136193,1.57067196367266,take_profit,1
2016-02-09 13:30:00,2016-02-09 13:45:00,long,1187.6699999999998,1190.781751085451,1185.693905571593,1190.831751085451,13.630509615835843,42.414753092331026,1.574697565419441,take_profit,1
2016-02-10 11:30:00,2016-02-10 14:30:00,long,1182.75,1183.54,1181.2433764413656,1185.1605976938151,17.93414384073207,14.167973634177683,0.5243512856761855,time_stop,12
2016-02-12 10:15:00,2016-02-12 10:30:00,long,1236.82,1241.2588824342317,1234.0144484786051,1241.3088824342317,9.641006181987843,42.79529298954603,1.582178192195504,take_profit,1
2016-02-12 14:00:00,2016-02-12 15:15:00,long,1237.28,1241.5226998152484,1234.5970626154697,1241.5726998152484,10.113515993360464,42.90861243654261,1.581363709683147,take_profit,5
2016-02-15 09:15:00,2016-02-15 09:30:00,long,1214.33,1211.8063595862543,1211.8863595862542,1218.2398246619932,11.139015061050506,-28.110868577388242,-1.0327380409776823,stop_loss,1
2016-02-15 09:45:00,2016-02-15 10:30:00,long,1212.76,1210.1947182146785,1210.2747182146784,1216.7364508565145,10.929756857263245,-28.037906183930502,-1.0321895088405741,stop_loss,3
2016-02-15 10:45:00,2016-02-15 13:45:00,long,1208.1,1209.3400000000001,1205.545354980462,1212.1874320312606,10.61104365407505,13.157694131055571,0.4853903342799936,time_stop,12
2016-02-16 15:15:00,2016-02-16 16:30:00,long,1211.54,1208.646575419499,1208.7265754194989,1216.0414793288016,9.644390469643191,-27.905316448815242,-1.0284350966983016,stop_loss,5
2016-02-17 10:45:00,2016-02-17 11:00:00,long,1205.12,1202.7628168138585,1202.8428168138585,1208.7634930978263,11.890986523674927,-28.02923350023999,-1.0351311218556305,stop_loss,1
2016-02-17 11:15:00,2016-02-17 14:15:00,long,1202.3999999999999,1206.0732976200645,1200.0729389874596,1206.1232976200645,11.612027345105304,42.65443241090105,1.5785136703634441,take_profit,12
2016-02-18 13:00:00,2016-02-18 14:00:00,long,1202.72,1204.9125654885877,1201.3183965696328,1204.9625654885876,19.340138864433197,42.404521018649184,1.564326571327805,take_profit,4
2016-02-19 09:15:00,2016-02-19 09:30:00,long,1224.94,1223.562205202977,1223.642205202977,1227.016471675237,20.952475753933257,-28.868212078518614,-1.061643027220819,stop_loss,1
2016-02-19 09:45:00,2016-02-19 10:00:00,long,1221.32,1223.702059760791,1219.7999626495055,1223.7520597607909,17.851059768512606,42.52229116204863,1.5671060714502072,take_profit,1
2016-02-19 12:00:00,2016-02-19 12:45:00,long,1220.81,1223.7568178137183,1218.936988866426,1223.8068178137182,14.532386747981606,42.82429614479633,1.573305017197288,take_profit,3
2016-02-19 15:45:00,2016-02-19 16:00:00,long,1226.5,1231.055222728486,1223.6217357946964,1231.1052227284858,9.486610269602423,43.213622716380584,1.5826284189242488,take_profit,1
2016-02-22 09:45:00,2016-02-22 10:00:00,long,1211.6699999999998,1209.7307053629752,1209.810705362975,1214.6448714192395,14.732144905192099,-28.569969606509193,-1.0430270697321777,stop_loss,1
2016-02-22 10:15:00,2016-02-22 10:30:00,long,1208.56,1206.291373501749,1206.3713735017488,1212.0618023972015,12.489229247989245,-28.33339641472011,-1.0365526050533769,stop_loss,1
2016-02-22 12:00:00,2016-02-22 12:15:00,long,1206.07,1203.8689368656965,1203.9489368656964,1209.4637010148856,12.860339157706942,-28.30641841466806,-1.0377169348267399,stop_loss,1
2016-02-22 12:30:00,2016-02-22 14:00:00,long,1204.01,1207.5606503648758,1201.7595935219526,1207.6106503648757,12.096027411386753,42.94876414178762,1.5777817916506425,take_profit,6
2016-02-23 07:45:00,2016-02-23 09:15:00,long,1216.69,1219.9811485038324,1214.6017821851049,1220.0311485038324,13.076641612157333,43.03716947700341,1.576056137610116,take_profit,6
2016-02-23 14:15:00,2016-02-23 14:30:00,long,1215.95,1218.9282807733407,1214.0573245166622,1218.9782807733407,14.473136337219248,43.10506368307811,1.5735823703323477,take_profit,1
2016-02-24 15:15:00,2016-02-24 15:30:00,long,1234.1299999999999,1237.5824786743942,1231.9409508285034,1237.6324786743942,12.553011964113198,43.33900610551785,1.5771590329486411,take_profit,1
2016-02-25 11:15:00,2016-02-25 12:00:00,long,1235.8,1239.1919793196976,1233.648762925189,1239.2419793196975,12.813947274714009,43.464644159525484,1.5767575593664647,take_profit,3
2016-02-25 13:30:00,2016-02-25 14:00:00,long,1233.8899999999999,1231.5324109484452,1231.6124109484451,1237.5341424824874,12.141245463697862,-28.62406737745187,-1.0351248615044566,stop_loss,2
2016-02-26 11:15:00,2016-02-26 12:00:00,long,1230.3799999999999,1233.0259079254015,1228.695057546624,1233.0759079254015,16.37772230755541,43.3339452535877,1.5703253960396784,take_profit,3
2016-02-26 15:45:00,2016-02-26 16:15:00,long,1229.52,1227.0837643380726,1227.1637643380725,1233.289977059084,11.748479977365328,-28.62206589429757,-1.0339524612468027,stop_loss,2
2016-02-29 13:45:00,2016-02-29 14:00:00,long,1232.49,1230.398670192348,1230.4786701923479,1235.7081276922436,13.734666119510052,-28.723716653880405,-1.039774680261569,stop_loss,1
2016-02-29 15:15:00,2016-02-29 16:30:00,long,1227.35,1231.0660025643108,1224.9962483973056,1231.1160025643107,11.712151740845165,43.52238590257882,1.5787573166417728,take_profit,5
2016-03-03 15:30:00,2016-03-03 16:00:00,long,1240.57,1243.0557584910307,1238.9851509431057,1243.1057584910307,17.449321487443168,43.37479905013743,1.56845125421727,take_profit,2
2016-03-04 07:45:00,2016-03-04 10:15:00,long,1260.8999999999999,1263.3678154821412,1259.3263653236615,1263.4178154821411,17.62879956704397,43.504624503117036,1.5682264246258573,take_profit,10
2016-03-04 13:45:00,2016-03-04 14:00:00,long,1268.73,1266.5768984076378,1266.6568984076378,1272.0469625477797,13.423509804077977,-28.90218033424977,-1.0385895222379182,stop_loss,1
2016-03-04 14:15:00,2016-03-04 15:00:00,long,1265.58,1263.365131790259,1263.445131790259,1268.9957891355855,13.00806066741976,-28.811140042648645,-1.0374730391482267,stop_loss,3
2016-03-04 15:30:00,2016-03-04 15:45:00,long,1260.47,1258.0299616004506,1258.1099616004506,1264.2460614392794,11.742551695116962,-28.652277044779215,-1.0338977535345184,stop_loss,1
2016-03-07 15:45:00,2016-03-07 16:15:00,long,1268.37,1265.8605725061045,1265.9405725061044,1272.2570839902326,11.383574288416838,-28.566254298153673,-1.032929568880301,stop_loss,2
2016-03-08 15:45:00,2016-03-08 16:30:00,long,1271.8799999999999,1269.6044034960219,1269.6844034960218,1275.3929544063647,12.569903348124567,-28.6040281143339,-1.0364365673997835,stop_loss,3
2016-03-09 13:30:00,2016-03-09 13:45:00,long,1253.9099999999999,1252.302984396578,1252.382984396578,1256.353224965475,18.0359832136221,-28.984106447344633,-1.05238977245593,stop_loss,1
2016-03-09 14:00:00,2016-03-09 14:30:00,long,1251.8,1254.3821276488025,1250.1549202194983,1254.4321276488024,16.706338442127603,43.13789840166973,1.5696063372775213,take_profit,2
2016-03-10 09:00:00,2016-03-10 10:15:00,long,1245.94,1248.2582629115345,1244.459835680291,1248.3082629115345,18.62599645665295,43.17995677583109,1.566219966706245,take_profit,5
2016-03-10 12:30:00,2016-03-10 13:15:00,long,1246.8999999999999,1249.3140848020853,1245.3599469986964,1249.3640848020852,17.957755521601516,43.35154468426387,1.567533584910508,take_profit,3
2016-03-10 15:00:00,2016-03-10 15:15:00,long,1239.6699999999998,1243.2234933894886,1237.4178166315694,1243.2734933894885,12.318090421038349,43.772252882284114,1.5777993210051784,take_profit,1
2016-03-11 09:00:00,2016-03-11 10:45:00,long,1269.23,1266.8888246968136,1266.9688246968135,1272.8478804850984,12.307821885207431,-28.814768633665288,-1.035379830961,stop_loss,7
2016-03-11 11:00:00,2016-03-11 14:00:00,long,1263.49,1267.6052447789566,1260.8867220131522,1267.6552447789566,10.668285709744879,43.902607067444855,1.580793445704776,take_profit,12
2016-03-14 14:00:00,2016-03-14 14:30:00,long,1254.1,1256.765120098179,1252.4030499386379,1256.815120098179,16.41787769367561,43.75561581086217,1.5705353733509642,take_profit,2
2016-03-14 16:00:00,2016-03-14 16:45:00,long,1246.62,1244.1108857598713,1244.1908857598712,1250.5065827842059,11.505358344059736,-28.868258458862815,-1.0329338154123575,stop_loss,3
2016-03-15 07:15:00,2016-03-15 07:45:00,short,1230.23,1227.336480528492,1232.0696996696925,1227.2864805284921,15.160133870700676,43.86614254553949,1.5728216508250428,take_profit,2
2016-03-15 10:00:00,2016-03-15 10:15:00,short,1230.39,1232.2325020679696,1232.1525020679696,1227.5699966912487,15.873924954734193,-29.247739555889808,-1.0453900176651085,stop_loss,1
2016-03-15 10:30:00,2016-03-15 10:45:00,short,1233.07,1234.933075762688,1234.8530757626881,1230.217078779699,15.657960623225852,-29.171966930257376,-1.0448662932187005,stop_loss,1
2016-03-15 11:00:00,2016-03-15 11:45:00,short,1235.15,1232.2688995600467,1236.981937774971,1232.2188995600468,15.208478435892209,43.81715391266997,1.572706496539845,take_profit,3
2016-03-17 07:45:00,2016-03-17 09:00:00,short,1258.74,1260.3888652214507,1260.3088652214508,1256.2298156456786,17.814545234497785,-29.373784073123804,-1.0509922706591386,stop_loss,5
2016-03-17 09:30:00,2016-03-17 10:00:00,short,1262.4,1264.1865002510392,1264.1065002510393,1259.6695995983375,16.343316017231906,-29.19733816759639,-1.0468795711874115,stop_loss,2
2016-03-17 10:15:00,2016-03-17 11:45:00,short,1266.63,1263.5218011361324,1268.6038742899175,1263.4718011361324,14.099924373121466,43.82536891715742,1.574669106206283,take_profit,6
2016-03-17 12:15:00,2016-03-17 14:00:00,short,1269.13,1265.5435352697154,1271.402790456428,1265.4935352697155,12.284075229530238,44.05640255487364,1.5780006116012586,take_profit,7
2016-03-18 11:00:00,2016-03-18 13:30:00,long,1255.24,1253.2527304988153,1253.3327304988152,1258.2916312018956,14.684469989914547,-29.181999352019993,-1.0419447801950537,stop_loss,10
2016-03-18 14:30:00,2016-03-18 14:45:00,long,1249.0,1251.7196119693785,1247.2689925191385,1251.7696119693785,16.146017890236667,43.910903512087806,1.5711150872814117,take_profit,1
2016-03-21 08:00:00,2016-03-21 08:15:00,long,1246.0,1244.328462834977,1244.408462834977,1248.5464594640368,17.616113639885928,-29.44598865233762,-1.0502658698509049,stop_loss,1
2016-03-21 08:30:00,2016-03-21 10:15:00,long,1242.77,1240.8661745873017,1240.9461745873016,1245.6881206603175,15.34017860977683,-29.205021872624386,-1.0438638476264925,stop_loss,7
2016-03-21 14:15:00,2016-03-21 14:30:00,long,1244.47,1242.670306808915,1242.750306808915,1247.2215091057362,16.23510384575162,-29.21820584775706,-1.0465199260046207,stop_loss,1
2016-03-21 14:45:00,2016-03-21 15:15:00,long,1243.09,1245.924066524844,1241.2874584219724,1245.974066524844,15.456487366515905,43.80471343711765,1.572261388802605,take_profit,2
2016-03-22 09:15:00,2016-03-22 09:30:00,short,1250.67,1252.1161902549777,1252.0361902549778,1248.4840955920358,20.45730486910319,-29.585154944803595,-1.0585569979791962,stop_loss,1
2016-03-22 09:45:00,2016-03-22 10:00:00,short,1253.5800000000002,1255.199215066792,1255.119215066792,1251.117255893133,18.119235477284423,-29.33893908356866,-1.0519745432109529,stop_loss,1
2016-03-22 14:45:00,2016-03-22 15:00:00,short,1255.0,1251.3346956668827,1257.3220652081984,1251.2846956668827,11.985331966113362,43.929889189244825,1.5784674436257844,take_profit,1
2016-03-24 12:45:00,2016-03-24 14:00:00,short,1218.48,1220.154442862616,1220.074442862616,1215.9288914198141,17.509929518447898,-29.31937650707313,-1.050174265805092,stop_loss,5
2016-03-24 14:15:00,2016-03-24 14:30:00,short,1221.77,1223.5618156124442,1223.4818156124443,1219.0310950200892,16.275084296493404,-29.161950136302714,-1.046734005355691,stop_loss,1
2016-03-24 14:45:00,2016-03-24 15:00:00,short,1223.29,1220.5255768285463,1225.0490144821586,1220.4755768285463,15.805224899680647,43.69232994271416,1.571574992413543,take_profit,1
2016-03-28 07:45:00,2016-03-28 08:45:00,short,1214.16,1215.6230284362966,1215.5430284362967,1211.9471545019255,20.165170447887824,-29.502217788026805,-1.0578440745688102,stop_loss,4
2016-03-28 10:30:00,2016-03-28 11:15:00,short,1217.43,1215.166305398868,1218.8760591257076,1215.116305398868,19.2454092795168,43.565729082619825,1.565423267201854,take_profit,3
2016-03-28 15:30:00,2016-03-28 16:15:00,short,1219.74,1221.2064004516167,1221.1264004516167,1217.5217592774134,20.136412349138485,-29.52804416271605,-1.0577033857040627,stop_loss,3
2016-03-29 09:30:00,2016-03-29 10:00:00,short,1219.1200000000001,1217.3984278829578,1220.2272325731515,1217.3484278829578,25.160093517816893,43.31491546245134,1.5548423689726627,take_profit,2
2016-03-29 11:15:00,2016-03-29 12:15:00,short,1219.0900000000001,1216.8669967051,1220.5106270593126,1216.8169967051,19.670683262158004,43.72799370471313,1.5648042745123993,take_profit,4
2016-03-29 14:45:00,2016-03-29 16:00:00,short,1220.28,1221.867517521363,1221.787517521363,1217.867971965819,18.594915486918627,-29.51975414374747,-1.0530673765752272,stop_loss,5
2016-03-30 10:30:00,2016-03-30 10:45:00,short,1240.94,1242.3087343810173,1242.2287343810174,1238.8780249903723,21.705885874190763,-29.70959226644152,-1.0620764070380242,stop_loss,1
2016-03-30 11:00:00,2016-03-30 11:45:00,short,1242.57,1240.1248480784332,1244.1294699509792,1240.0748480784332,17.899480650105595,43.76694950665302,1.5679378240223913,take_profit,3
2016-03-31 10:15:00,2016-03-31 11:15:00,short,1229.32,1230.8199777882446,1230.7399777882447,1227.0480355388083,19.719488813695374,-29.578795216082455,-1.0563389094267566,stop_loss,4
2016-03-31 11:45:00,2016-03-31 12:00:00,short,1233.01,1234.6611746458348,1234.5811746458348,1230.4961205666643,17.78419642566792,-29.364814234608236,-1.0509173185883605,stop_loss,1
2016-03-31 12:15:00,2016-03-31 14:00:00,short,1234.54,1236.2076454854391,1236.1276454854392,1231.9997672232973,17.56270473970006,-29.288365271261608,-1.0503890829115388,stop_loss,7
2016-03-31 14:15:00,2016-03-31 15:15:00,short,1236.26,1233.957696230679,1237.7301898558255,1233.907696230679,18.92597207856549,43.573336854546135,1.5659907869710186,take_profit,4
2016-04-01 15:30:00,2016-04-01 15:45:00,short,1232.5800000000002,1230.170720496672,1234.1170496895802,1230.120720496672,18.159412167657116,43.751099528025144,1.5674701472965884,take_profit,1
2016-04-04 08:45:00,2016-04-04 09:00:00,short,1218.8400000000001,1216.7534107714641,1220.1753682678352,1216.7034107714642,20.96756505956436,43.75069540191507,1.5625571453175593,take_profit,1
2016-04-04 14:30:00,2016-04-04 14:45:00,short,1217.78,1219.221297510017,1219.141297510017,1215.6019239839727,20.632464408725596,-29.737519577809877,-1.0587674622272143,stop_loss,1
2016-04-04 15:00:00,2016-04-04 15:15:00,short,1219.3300000000002,1220.7948432611881,1220.7148432611882,1217.1142507820991,20.23871449676771,-29.646544545697655,-1.0577682704187732,stop_loss,1
2016-04-04 15:30:00,2016-04-04 15:45:00,short,1219.8700000000001,1221.3201964854122,1221.2401964854123,1217.6776856233405,20.411783707395067,-29.601096993456434,-1.0583857868938131,stop_loss,1
2016-04-04 16:00:00,2016-04-04 16:30:00,short,1221.97,1219.717933011962,1223.4087918675239,1219.667933011962,19.39749086218484,43.68444882149515,1.565248622035801,take_profit,2
2016-04-07 08:00:00,2016-04-07 09:30:00,short,1229.53,1227.231848364691,1230.9975947720682,1227.181848364691,19.076329197513292,43.8402971409593,1.5659306499643746,take_profit,6
2016-04-07 16:00:00,2016-04-07 16:15:00,short,1239.25,1241.408643233924,1241.3286432339241,1235.9241708257214,13.51073678083097,-29.164860537269806,-1.038486642967057,stop_loss,1
2016-04-08 13:15:00,2016-04-08 13:30:00,long,1230.08,1233.3627985348985,1227.9970009156882,1233.4127985348985,13.454481130024202,44.16835094146398,1.5759961488333045,take_profit,1
2016-04-11 08:30:00,2016-04-11 08:45:00,long,1249.87,1248.2866837976453,1248.3666837976452,1252.275305923767,18.701327459637263,-29.610114772382314,-1.053215684015527,stop_loss,1
2016-04-11 09:00:00,2016-04-11 09:15:00,long,1249.25,1247.6463242949087,1247.7263242949086,1251.6878811281463,18.412571817167414,-29.52779409143999,-1.052504610877897,stop_loss,1
2016-04-11 09:30:00,2016-04-11 10:00:00,long,1248.34,1250.6724587278404,1246.8509632950997,1250.7224587278404,18.80123751533844,43.85311053685344,1.5664212441270045,take_profit,2
2016-04-11 11:45:00,2016-04-11 14:15:00,long,1247.3899999999999,1250.445222040051,1245.4492362249678,1250.495222040051,14.470302537718233,44.209987239444814,1.5742369469981476,take_profit,10
2016-04-11 14:30:00,2016-04-11 15:15:00,long,1247.73,1250.4795876458386,1245.9802577213509,1250.5295876458385,16.10057623754015,44.2699455136225,1.5714243631132654,take_profit,3
2016-04-12 13:00:00,2016-04-12 13:15:00,long,1258.3799999999999,1256.8416709054397,1256.9216709054397,1260.7133265512962,19.378615533270533,-29.81068808712513,-1.0548573023046302,stop_loss,1
2016-04-12 13:30:00,2016-04-12 14:30:00,long,1257.02,1259.4103070773933,1255.4948080766292,1259.4603070773933,18.489986103495994,44.196744644091076,1.567217240510001,take_profit,4
2016-04-13 12:00:00,2016-04-13 13:00:00,long,1245.1299999999999,1243.3519584951307,1243.4319584951306,1247.8468664077907,16.659881914816367,-29.62196151076292,-1.0471131004575105,stop_loss,4
2016-04-13 13:15:00,2016-04-13 13:45:00,long,1242.93,1241.1752706006662,1241.255270600666,1245.6095670389345,16.856410979459977,-29.57843991291287,-1.0477689112233555,stop_loss,2
2016-04-13 14:00:00,2016-04-13 15:15:00,long,1241.1,1244.131160635765,1239.1742746026468,1244.1811606357649,14.628653801550628,44.34179955749415,1.5740357581259325,take_profit,5
2016-04-14 15:15:00,2016-04-14 15:30:00,long,1237.44,1235.2823361625442,1235.3623361625441,1240.7642621399298,13.601552495830974,-29.347577953511948,-1.0385047853063112,stop_loss,1
2016-04-18 12:15:00,2016-04-18 12:45:00,short,1235.94,1237.8532317253046,1237.7732317253046,1233.0068292395129,15.383084532455367,-29.43140536053475,-1.0436387822093989,stop_loss,2
2016-04-18 13:00:00,2016-04-18 15:15:00,short,1238.63,1240.4669752552823,1240.3869752552823,1235.8188395915488,16.01724082488463,-29.423275053207977,-1.0455327983472809,stop_loss,9
2016-04-18 15:30:00,2016-04-18 16:30:00,short,1240.13,1237.6990212574578,1241.680611714089,1237.649021257458,18.110948719106975,44.02733134342213,1.5677546612438256,take_profit,4
2016-04-19 09:15:00,2016-04-19 09:30:00,short,1234.2,1235.786015107363,1235.706015107363,1231.790375828219,18.705724638529535,-29.6675618708798,-1.0531203170597687,stop_loss,1
2016-04-19 09:45:00,2016-04-19 10:00:00,short,1237.3500000000001,1239.1105946588998,1239.0305946588999,1234.6610485457604,16.727274853093643,-29.449950764303313,-1.0476021981721055,stop_loss,1
2016-04-19 13:00:00,2016-04-19 15:00:00,short,1242.97,1244.872454071884,1244.792454071884,1240.0540734849856,15.39290855518085,-29.284301558941785,-1.0438968538270064,stop_loss,8
2016-04-19 15:15:00,2016-04-19 15:30:00,short,1246.49,1248.2773890666151,1248.1973890666152,1243.7581774934158,16.39597020900924,-29.3059778881301,-1.0468551670876773,stop_loss,1
2016-04-19 15:45:00,2016-04-19 16:15:00,short,1250.41,1252.3752997564181,1252.2952997564182,1247.393520389731,14.817637471459214,-29.121099313349948,-1.042433570432279,stop_loss,2
2016-04-20 08:45:00,2016-04-20 09:00:00,long,1248.4199999999998,1246.6242687196204,1246.7042687196204,1251.1651700486068,16.248142372762263,-29.177297506827387,-1.0466273483002726,stop_loss,1
2016-04-20 11:00:00,2016-04-20 14:00:00,long,1247.59,1249.0900000000001,1245.9248688462617,1250.254209845981,16.706847060989702,25.06027059148835,0.9008299416131383,time_stop,12
2016-04-22 09:45:00,2016-04-22 10:45:00,long,1245.29,1247.8903979204829,1243.633501299698,1247.9403979204828,16.82416778117484,43.749530912022784,1.5698158531660913,take_profit,4
2016-04-25 15:15:00,2016-04-25 15:30:00,short,1234.91,1236.3949190911644,1236.3149190911645,1232.6621294541371,19.89916095583151,-29.548644001466027,-1.0569427809067802,stop_loss,1
2016-04-25 15:45:00,2016-04-25 16:30:00,short,1236.1200000000001,1237.6202618694224,1237.5402618694225,1233.8475810089244,19.64258453854331,-29.469020600080057,-1.0563276405022863,stop_loss,3
2016-04-27 10:00:00,2016-04-27 10:15:00,short,1247.42,1245.779693072514,1248.4764418296788,1245.729693072514,26.351356992616385,43.224313423648155,1.5526713174400593,take_profit,1
2016-04-28 14:15:00,2016-04-28 15:15:00,long,1255.1399999999999,1257.9794915530065,1253.3340677793708,1258.0294915530064,15.462996951744836,43.90704922864642,1.57231346811981,take_profit,4
2016-04-29 09:15:00,2016-04-29 10:15:00,long,1272.82,1275.8047398592244,1270.9232875879848,1275.8547398592243,14.769207152148011,44.082241276158534,1.5736385971414923,take_profit,4
2016-05-03 08:45:00,2016-05-03 09:30:00,long,1290.75,1293.085848869397,1289.2588444566268,1293.135848869397,18.84518562033155,44.01950552482934,1.5664689574321782,take_profit,3
2016-05-03 12:00:00,2016-05-03 12:45:00,long,1297.09,1295.0484417386672,1295.128441738667,1300.2284932181326,14.370790085812121,-29.338805221568354,-1.0407839020522236,stop_loss,3
2016-05-03 14:15:00,2016-05-03 15:00:00,long,1293.1599999999999,1296.3932063646687,1291.1079960220818,1296.4432063646686,13.708776740677818,44.32330420978356,1.575633575500777,take_profit,3
2016-05-04 12:30:00,2016-05-04 12:45:00,long,1280.5,1278.7135835770778,1278.7935835770777,1283.2302662766756,16.537060141717674,-29.54207582401707,-1.046881874157613,stop_loss,1
2016-05-04 13:00:00,2016-05-04 15:00:00,long,1276.81,1279.8335051059091,1274.8890593088067,1279.883505105909,14.659498333361338,44.32306806098512,1.5739710860261404,take_profit,8
2016-05-05 10:00:00,2016-05-05 10:45:00,long,1278.86,1277.287128115844,1277.367128115844,1281.2485950146495,18.922369224689128,-29.762462535128552,-1.0535879875888763,stop_loss,3
2016-05-05 11:00:00,2016-05-05 11:15:00,long,1276.12,1274.3227266273589,1274.4027266273588,1278.8676373962255,16.415061527874666,-29.502352994313316,-1.0465854774635506,stop_loss,1
2016-05-09 09:00:00,2016-05-09 09:45:00,long,1280.6299999999999,1279.0543675714493,1279.1343675714493,1283.0230118856807,18.80819299522435,-29.63479880571249,-1.0534890782472897,stop_loss,3
2016-05-09 10:45:00,2016-05-09 12:30:00,long,1278.6499999999999,1276.9546748420519,1277.0346748420518,1281.2345202527167,17.377847197119568,-29.461101544252784,-1.0495256324129507,stop_loss,7
2016-05-09 12:45:00,2016-05-09 13:15:00,long,1276.21,1274.4648277225926,1274.5448277225926,1278.874275643852,16.822254336955616,-29.357731912351202,-1.0480430770349365,stop_loss,2
2016-05-09 13:30:00,2016-05-09 14:15:00,long,1274.43,1272.636219572353,1272.7162195723529,1277.1720486842355,16.310862027959907,-29.25810506380688,-1.0466804257472808,stop_loss,3
2016-05-11 14:00:00,2016-05-11 14:15:00,short,1273.8,1275.1654514232462,1275.0854514232462,1271.743277722806,21.70032985065914,-29.630746279494815,-1.0622349460689031,stop_loss,1
2016-05-12 08:00:00,2016-05-12 11:00:00,long,1271.3899999999999,1272.1000000000001,1270.1217965861485,1273.419125462162,21.94873321965991,15.583600585964325,0.5598470972760677,time_stop,12
2016-05-12 11:15:00,2016-05-12 12:00:00,short,1272.14,1270.1938346871461,1273.3876033205338,1270.1438346871462,22.336126508653276,43.46979463465892,1.5599231589263762,take_profit,3
2016-05-13 07:15:00,2016-05-13 07:30:00,short,1269.8400000000001,1271.3589701034516,1271.2789701034517,1267.5376478344774,19.426091704251547,-29.50765252566463,-1.055595317656731,stop_loss,1
2016-05-13 09:00:00,2016-05-13 11:45:00,short,1274.74,1276.3062674470902,1276.2262674470903,1272.3619720846555,18.768190031265334,-29.39600508677445,-1.0538261132991538,stop_loss,11
2016-05-13 12:00:00,2016-05-13 15:00:00,short,1275.25,1273.74,1276.694339277785,1272.9390571555439,19.27231246995394,29.10119182963027,1.0454607329627126,time_stop,12
2016-05-17 08:45:00,2016-05-17 09:00:00,long,1277.23,1275.8952617218258,1275.9752617218257,1279.237581245079,22.23089925840779,-29.67243219843131,-1.0637583162891409,stop_loss,1
2016-05-17 09:15:00,2016-05-17 10:15:00,long,1275.31,1273.8197919948395,1273.8997919948395,1277.5663328082567,19.73795021124973,-29.413651410261984,-1.056729219879037,stop_loss,4
2016-05-17 10:30:00,2016-05-17 10:45:00,long,1274.26,1272.800099008486,1272.880099008486,1276.4678415864225,20.128826822617413,-29.386094236350846,-1.0579751739377723,stop_loss,1
2016-05-17 11:30:00,2016-05-17 11:45:00,long,1272.97,1271.5129882804397,1271.5929882804396,1275.1732187512966,20.128380541974153,-29.327286345426682,-1.0580968185408515,stop_loss,1
2016-05-18 10:15:00,2016-05-18 11:15:00,long,1272.01,1270.468805194652,1270.548805194652,1274.3479116885567,18.92859270245795,-29.17264874557462,-1.0547497155801038,stop_loss,4
2016-05-18 11:45:00,2016-05-18 13:30:00,long,1270.46,1272.7813842313167,1268.9778848554272,1272.8313842313166,18.62204575194643,43.22892336342551,1.566264429465553,take_profit,7
2016-05-19 10:45:00,2016-05-19 13:45:00,short,1255.31,1252.8501061623676,1256.87868364852,1252.8001061623677,17.649494788023976,43.41588346638371,1.568126141910689,take_profit,12
2016-05-20 11:45:00,2016-05-20 12:15:00,short,1256.07,1257.357272999661,1257.2772729996611,1254.138363200542,23.004991955706725,-29.613705002002693,-1.0662650452899864,stop_loss,2
2016-05-20 15:00:00,2016-05-20 15:15:00,short,1257.07,1255.217725305563,1258.258921684023,1255.167725305563,23.310263920633226,43.17701198083739,1.5579450853054917,take_profit,1
2016-05-23 10:45:00,2016-05-23 11:00:00,short,1252.29,1250.2878277233565,1253.5726076729022,1250.2378277233565,21.674930570623548,43.39694508667466,1.5610169180673952,take_profit,1
2016-05-23 13:00:00,2016-05-23 13:45:00,short,1251.01,1249.0306560710362,1252.2783399556024,1248.9806560710363,21.98718571192016,43.520202553888154,1.5605783924260728,take_profit,3
2016-05-24 12:15:00,2016-05-24 13:30:00,short,1243.5900000000001,1241.6722867811786,1244.8198207617636,1241.6222867811787,22.7466208284483,43.62149544623618,1.5593436689682285,take_profit,5
2016-05-25 15:30:00,2016-05-25 15:45:00,short,1224.72,1222.7526556128425,1225.9808402419735,1222.7026556128426,22.25619758277771,43.78560539394564,1.5603439053294885,take_profit,1
2016-05-26 08:45:00,2016-05-26 09:00:00,short,1230.79,1228.9389694886238,1231.97814406961,1228.8889694886238,23.69163931921794,43.85394724439167,1.557917561280101,take_profit,1
2016-05-27 07:15:00,2016-05-27 08:15:00,short,1218.32,1220.1510954884193,1220.0710954884194,1215.5182472185288,16.125213523588542,-29.52680573284168,-1.0456856867766458,stop_loss,4
2016-05-27 08:30:00,2016-05-27 09:00:00,short,1219.55,1221.2692193862335,1221.1892193862336,1216.9272489820262,17.189727791246053,-29.552913262788522,-1.0488037175937375,stop_loss,2
2016-05-27 09:15:00,2016-05-27 11:30:00,short,1221.3500000000001,1223.1512591077098,1223.07125910771,1218.5959854276646,16.33608158528652,-29.425515739786245,-1.0464776044708173,stop_loss,9
2016-05-30 12:00:00,2016-05-30 13:00:00,short,1204.75,1206.410026921086,1206.330026921086,1202.2219569262625,17.75905068895744,-29.480502236600238,-1.0506320486899914,stop_loss,4
2016-05-30 13:15:00,2016-05-30 14:00:00,short,1208.28,1209.962732075197,1209.882732075197,1205.7156286796846,17.47067873060978,-29.398471475459246,-1.0499147681873715,stop_loss,3
2016-05-30 14:15:00,2016-05-30 15:00:00,short,1209.93,1207.5674606080925,1211.4378371199423,1207.5174606080925,18.531192702784427,43.780672739358934,1.5668399196845144,take_profit,3
2016-06-01 08:15:00,2016-06-01 08:30:00,short,1215.5,1216.8569646724022,1216.7769646724023,1213.4568565241564,21.950162119057413,-29.78559454906253,-1.0626485616469143,stop_loss,1
2016-06-01 14:30:00,2016-06-01 14:45:00,short,1217.49,1218.7090322881338,1218.6290322881339,1215.6675483389859,24.555941637322537,-29.934485721425425,-1.0702350590350644,stop_loss,1
2016-06-01 15:00:00,2016-06-01 15:15:00,short,1218.43,1219.6669717178297,1219.5869717178298,1216.5788452514726,24.123443113504273,-29.840016868077146,-1.0691460290403585,stop_loss,1
2016-06-02 10:15:00,2016-06-02 10:45:00,short,1216.51,1214.7432775026793,1217.6454515608254,1214.6932775026794,24.52809291575193,43.33433357063002,1.5559646560671054,take_profit,2
2016-06-03 15:30:00,2016-06-03 15:45:00,short,1213.26,1214.3501588756637,1214.2701588756638,1211.6437457989377,27.65617441518292,-30.14962400561629,-1.0791954631367822,stop_loss,1
2016-06-06 08:45:00,2016-06-06 11:45:00,long,1240.69,1240.94,1239.6306463910753,1242.3849657742799,26.314943914418855,6.578735978604714,0.23599296579897203,time_stop,12
2016-06-07 11:45:00,2016-06-07 12:00:00,long,1241.72,1240.517204580201,1240.597204580201,1243.5164726716787,24.839777384681405,-29.87717046712235,-1.0712507359659886,stop_loss,1
2016-06-07 12:15:00,2016-06-07 14:15:00,long,1241.27,1240.1077937451732,1240.1877937451732,1243.001530007723,25.716201335270476,-29.887530042235166,-1.0739230619330782,stop_loss,8
2016-06-07 14:45:00,2016-06-07 15:15:00,long,1238.1299999999999,1236.8003358513058,1236.8803358513057,1240.1294626379106,22.222337821206008,-29.548245901025794,-1.0640172002081718,stop_loss,2
2016-06-07 15:30:00,2016-06-07 15:45:00,long,1235.74,1238.0017213613303,1234.2951741491686,1238.0517213613302,19.17972492503678,43.37919356739437,1.5653937531840065,take_profit,1
2016-06-09 09:00:00,2016-06-09 10:00:00,long,1261.19,1259.913488161311,1259.993488161311,1263.1044189419026,23.232633286036297,-29.656731433544884,-1.0668610183477825,stop_loss,4
2016-06-09 10:15:00,2016-06-09 10:45:00,long,1260.1299999999999,1258.8780568176162,1258.9580568176161,1262.005109091814,23.66907178159889,-29.632333050322767,-1.068262694985951,stop_loss,2
2016-06-10 14:30:00,2016-06-10 15:15:00,long,1267.54,1269.7200097883626,1266.1462438822734,1269.7700097883626,19.859674364584247,43.2942845084888,1.5641257180048602,take_profit,3
2016-06-13 10:30:00,2016-06-13 11:45:00,long,1280.49,1283.4018024759678,1278.6388734525203,1283.4518024759677,14.999585656916146,43.67583065429895,1.572989420918952,take_profit,5
2016-06-15 10:45:00,2016-06-15 11:00:00,long,1282.83,1281.5343413849653,1281.6143413849652,1284.7750537840554,22.912257213943118,-29.686463449135296,-1.0658079488850922,stop_loss,1
2016-06-15 11:15:00,2016-06-15 11:45:00,long,1282.25,1280.9184372145876,1280.9984372145875,1284.25250045666,22.20752348110358,-29.570711823609912,-1.0639200852984463,stop_loss,2
2016-06-15 12:30:00,2016-06-15 14:45:00,long,1281.55,1280.2487630873964,1280.3287630873963,1283.5039790601659,22.71055536828246,-29.551812950936963,-1.0655073550220222,stop_loss,9
2016-06-15 15:00:00,2016-06-15 15:15:00,long,1278.93,1281.0309162951123,1277.585677315555,1281.0809162951123,20.587218541950556,43.25202290582111,1.5628065489197362,take_profit,1
2016-06-16 11:00:00,2016-06-16 12:30:00,long,1307.95,1305.8602392865312,1305.940239286531,1311.1656171415502,13.813768353281482,-28.867470409647304,-1.03980573381885,stop_loss,6
2016-06-16 12:45:00,2016-06-16 15:15:00,long,1304.1399999999999,1307.1464937695273,1302.2296913940452,1307.1964937695273,14.502700722913204,43.60227936475941,1.5738262185260359,take_profit,10
2016-06-20 07:30:00,2016-06-20 10:15:00,long,1281.69,1285.0899421736221,1279.5337861414864,1285.139942173622,12.889184646301276,43.82248246256208,1.5768112055294023,take_profit,11
2016-06-20 12:15:00,2016-06-20 13:45:00,long,1282.75,1280.472196312764,1280.552196312764,1286.2664858995774,12.685156406886515,-28.894296036771138,-1.0363999753319804,stop_loss,6
2016-06-20 14:00:00,2016-06-20 14:15:00,long,1280.5,1278.4255175864264,1278.5055175864263,1283.691171861718,13.94933078517207,-28.937641394960348,-1.0401106570082936,stop_loss,1
2016-06-21 14:15:00,2016-06-21 14:30:00,long,1272.48,1270.4712574234698,1270.5512574234697,1275.5659881224487,14.394777191730096,-28.91540182469503,-1.0414778006009704,stop_loss,1
2016-06-22 08:45:00,2016-06-22 10:30:00,long,1264.2,1266.472212767057,1262.7486170205896,1266.522212767057,19.08937147448278,43.37511357941346,1.5655500989683087,take_profit,7
2016-06-22 11:15:00,2016-06-22 12:15:00,short,1268.05,1265.6252837099157,1269.5966976813027,1265.5752837099158,17.969083039847018,43.569928364593395,1.567673062031115,take_profit,4
2016-06-22 14:30:00,2016-06-22 14:45:00,short,1266.29,1267.8586407495322,1267.7786407495323,1263.908174800748,18.728413109982796,-29.37815197839356,-1.0537402996828207,stop_loss,1
2016-06-22 15:00:00,2016-06-22 15:45:00,short,1267.6000000000001,1265.3012629659513,1269.0679606462807,1265.2512629659514,18.952226475642927,43.56618487724108,1.5659391414022654,take_profit,3
2016-06-23 09:15:00,2016-06-23 09:30:00,short,1267.19,1268.8328209985914,1268.7528209985915,1264.6894864022538,17.857614544818716,-29.33686415897819,-1.0511894836785738,stop_loss,1
2016-06-24 11:00:00,2016-06-24 14:00:00,long,1313.57,1318.3000000000002,1304.4034595573567,1328.236464708229,3.0381779736134864,14.370581815192537,0.5160071053628923,time_stop,12
2016-06-28 08:15:00,2016-06-28 08:45:00,long,1314.03,1317.2029033317938,1312.015685417629,1317.2529033317937,13.840103564106927,43.91331071092618,1.5751776607102483,take_profit,2
2016-06-28 10:30:00,2016-06-28 11:00:00,long,1314.73,1312.6769999190938,1312.7569999190937,1317.88680012945,14.174428740662567,-29.100103351380245,-1.0405473880990301,stop_loss,2
2016-06-28 11:15:00,2016-06-28 12:30:00,long,1312.8899999999999,1310.9049412617526,1310.9849412617525,1315.9380939811958,14.649390218330268,-29.079900062890868,-1.0419934558414332,stop_loss,5
2016-06-28 13:00:00,2016-06-28 13:45:00,long,1309.1499999999999,1307.206048437087,1307.286048437087,1312.1323225006604,14.941262208432649,-29.045090021973255,-1.0429195702247251,stop_loss,3
2016-06-28 14:00:00,2016-06-28 14:30:00,long,1307.1399999999999,1310.1657896954748,1305.217631440328,1310.2157896954748,14.457008634181575,43.74386775269886,1.5739904193977117,take_profit,2
2016-07-04 10:30:00,2016-07-04 10:45:00,long,1349.1299999999999,1346.1780664324388,1346.2580664324387,1353.7250937080978,9.707462218367308,-28.65578357822986,-1.0278557975377758,stop_loss,1
2016-07-06 09:45:00,2016-07-06 10:15:00,long,1366.49,1364.2276154114627,1364.3076154114626,1369.98181534166,12.748383204195305,-28.841745689939422,-1.03665715035751,stop_loss,2
2016-07-06 15:30:00,2016-07-06 16:15:00,long,1368.9199999999998,1366.639098638058,1366.7190986380579,1372.4414421791068,12.614918606677962,-28.773385030758167,-1.03634874392069,stop_loss,3
2016-07-07 13:15:00,2016-07-07 14:00:00,long,1364.77,1363.297815801825,1363.377815801825,1366.99749471708,19.90156533056634,-29.29876999860719,-1.057463660415622,stop_loss,3
2016-07-07 14:15:00,2016-07-07 14:45:00,long,1361.68,1364.1104836686413,1360.1296977070992,1364.1604836686413,17.833971709112873,43.34517698600933,1.5677482254725374,take_profit,2
2016-07-07 16:00:00,2016-07-07 16:15:00,long,1362.08,1360.0741525198591,1360.154152519859,1365.1613559682255,14.401315717955695,-28.886842843573543,-1.0415401535297464,stop_loss,1
2016-07-08 10:15:00,2016-07-08 13:15:00,long,1354.85,1356.3700000000001,1353.441486178591,1357.1036221142542,19.64976380051934,29.86764097679351,1.079151639761572,time_stop,12
2016-07-11 07:15:00,2016-07-11 07:45:00,long,1367.02,1365.0891273755492,1365.1691273755491,1369.9813961991213,14.985741760934994,-28.935558523278285,-1.0432228555023675,stop_loss,2
2016-07-11 08:30:00,2016-07-11 08:45:00,long,1365.1399999999999,1363.3270008602253,1363.4070008602253,1367.9127986236394,15.971634047641654,-28.956558789168188,-1.0461627465148837,stop_loss,1
2016-07-11 10:15:00,2016-07-11 10:30:00,long,1362.1299999999999,1360.287382266762,1360.367382266762,1364.9501883731805,15.670394338448224,-28.874546494854393,-1.0453870391131084,stop_loss,1
2016-07-11 10:45:00,2016-07-11 12:00:00,long,1359.06,1357.0561102198103,1357.1361102198102,1362.1382236483037,14.32679051503253,-28.70930909599153,-1.0415824237041473,stop_loss,5
2016-07-11 15:15:00,2016-07-11 15:45:00,long,1355.87,1353.9926214742866,1354.0726214742865,1358.7458056411413,15.303257963250054,-28.730007873656877,-1.044509266609923,stop_loss,2
2016-07-11 16:00:00,2016-07-11 16:30:00,long,1353.26,1356.3955047352724,1351.2690595404547,1356.4455047352724,13.786593712159247,43.227929867752486,1.574886240439624,take_profit,2
2016-07-12 12:45:00,2016-07-12 13:00:00,long,1352.05,1350.4048244934909,1350.4848244934908,1354.5542808104146,17.592112172773273,-28.94211205440676,-1.0511124788672124,stop_loss,1
2016-07-12 14:15:00,2016-07-12 14:30:00,long,1348.8,1346.8315860284886,1346.9115860284885,1351.8214623544181,14.550230654396904,-28.640877308828056,-1.042363592520922,stop_loss,1
2016-07-12 14:45:00,2016-07-12 15:00:00,long,1346.74,1344.7534083612989,1344.8334083612988,1349.790546621922,14.38146299673166,-28.570094141597195,-1.0419596930858372,stop_loss,1
2016-07-15 08:15:00,2016-07-15 11:15:00,short,1332.64,1333.01,1334.581744424762,1329.533208920381,14.091677856590646,-5.2139208069370016,-0.19055030892917263,time_stop,12
2016-07-15 13:15:00,2016-07-15 15:00:00,short,1333.78,1335.5186640403572,1335.4386640403573,1331.1261375354284,16.49038527782332,-28.671239894187305,-1.0482315876231905,stop_loss,7
2016-07-18 08:45:00,2016-07-18 09:45:00,short,1329.96,1326.9757761915687,1331.8563898802697,1326.9257761915687,14.392961529774018,42.95181847098816,1.5736341136807657,take_profit,4
2016-07-18 11:30:00,2016-07-18 13:30:00,short,1328.5800000000002,1325.7282365438186,1330.3936021601135,1325.6782365438187,15.097340988723587,43.05404531715324,1.5724305577598954,take_profit,8
2016-07-18 16:00:00,2016-07-18 16:30:00,short,1329.03,1330.7820407727093,1330.7020407727093,1326.354734763665,16.42703860339717,-28.78084140802113,-1.0478457232058382,stop_loss,2
2016-07-19 11:30:00,2016-07-19 14:30:00,short,1333.16,1332.62,1334.781220777825,1330.5660467554803,16.906467651930914,9.129492532045923,0.3330823336255825,time_stop,12
2016-07-20 07:15:00,2016-07-20 08:45:00,short,1333.19,1331.0339359416853,1334.5687900364467,1330.9839359416853,19.892351189803883,42.889183435711175,1.563736320485259,take_profit,6
2016-07-21 11:45:00,2016-07-21 12:15:00,short,1321.3500000000001,1322.9090422277545,1322.8290422277546,1318.983532435593,18.602007077675886,-29.001314555082732,-1.0540890574310284,stop_loss,2
2016-07-21 12:30:00,2016-07-21 13:30:00,short,1321.97,1319.5066147088182,1323.5408658069887,1319.4566147088183,17.47771912636598,43.054356219296665,1.568170419282411,take_profit,4
2016-07-25 13:30:00,2016-07-25 13:45:00,short,1318.63,1316.7949080550143,1319.8081824656163,1316.7449080550143,23.37605666011621,42.89721328251171,1.5575617517157228,take_profit,1
2016-07-26 10:30:00,2016-07-26 10:45:00,short,1320.15,1321.8268801811926,1321.7468801811926,1317.594991710092,17.300643357056167,-29.011105967326703,-1.0500976848120085,stop_loss,1
2016-07-27 07:30:00,2016-07-27 07:45:00,short,1319.1000000000001,1320.4074843444046,1320.3274843444046,1317.1360250489531,22.459783224529495,-29.36581494478954,-1.06517394732129,stop_loss,1
2016-07-27 12:45:00,2016-07-27 15:30:00,short,1320.63,1321.8041240766177,1321.7241240766177,1318.8794014774119,25.143675424806254,-29.521794690921904,-1.0731178498943554,stop_loss,11
2016-07-27 15:45:00,2016-07-27 16:00:00,short,1322.22,1323.476361702459,1323.396361702459,1320.3378212760658,23.33572829698189,-29.318115331314246,-1.0680062941803548,stop_loss,1
2016-07-28 12:00:00,2016-07-28 12:30:00,long,1341.62,1340.249595397268,1340.329595397268,1343.6846473643711,21.2279317501659,-29.09085537690649,-1.0619960590891835,stop_loss,2
2016-07-28 12:45:00,2016-07-28 14:00:00,long,1338.76,1340.8364949925376,1337.4309406296638,1340.8864949925376,20.566755508617614,42.70676482638996,1.562379408236984,take_profit,5
2016-07-29 11:15:00,2016-07-29 13:45:00,long,1331.27,1334.6932470053423,1329.099220621661,1334.7432470053423,12.631340121157493,43.24019724321266,1.5769667979625757,take_profit,10
2016-08-02 14:00:00,2016-08-02 15:00:00,long,1357.27,1359.5048871174317,1355.8419455516052,1359.5548871174317,19.261403569870787,43.04706270195821,1.5649873294004841,take_profit,4
2016-08-03 12:30:00,2016-08-03 13:30:00,long,1362.9099999999999,1364.669234850762,1361.7792282182736,1364.719234850762,24.401411161464488,42.92781292302462,1.5557824126778854,take_profit,4
2016-08-04 07:15:00,2016-08-04 08:30:00,long,1350.8899999999999,1353.040603105167,1349.5146230592704,1353.090603105167,20.124143412532998,43.27904531182337,1.5636463295848253,take_profit,5
2016-08-04 09:45:00,2016-08-04 10:00:00,long,1350.86,1349.3891402269712,1349.4691402269711,1353.085375636846,19.962358125932965,-29.361829542226953,-1.0575183793156362,stop_loss,1
2016-08-04 10:15:00,2016-08-04 10:30:00,long,1349.72,1351.9173902174846,1348.3153811140721,1351.9673902174845,19.72500691158401,43.34353722732991,1.5644031555455982,take_profit,1
2016-08-05 11:15:00,2016-08-05 11:30:00,long,1362.53,1361.4158286412285,1361.4958286412284,1364.1846741740346,26.87446724548366,-29.94276168716071,-1.0773566192114954,stop_loss,1
2016-08-05 15:30:00,2016-08-05 15:45:00,long,1355.27,1353.8466568727993,1353.9266568727992,1357.4193490035211,20.644702178168266,-29.384494958401614,-1.0595529156922312,stop_loss,1
2016-08-08 09:00:00,2016-08-08 09:15:00,long,1336.72,1335.380701259569,1335.4607012595689,1338.7348779846898,21.975841717079277,-29.432217131597593,-1.0635274200088023,stop_loss,1
2016-08-08 09:30:00,2016-08-08 09:45:00,long,1334.87,1333.5051964942202,1333.58519649422,1336.9256856092477,21.493781139092537,-29.33478785109549,-1.0622663307190872,stop_loss,1
2016-08-08 10:00:00,2016-08-08 10:45:00,long,1333.55,1332.0940724873633,1332.1740724873632,1335.7514840202186,20.027665361135053,-29.15882901315681,-1.0581425978223378,stop_loss,3
2016-08-08 11:00:00,2016-08-08 14:00:00,long,1330.84,1332.22,1329.4269474779148,1333.1008840353359,19.460209508465425,26.85508912168441,0.9766091340779037,time_stop,12
2016-08-08 15:30:00,2016-08-08 16:15:00,short,1335.5900000000001,1333.5480682987793,1336.8974573132632,1333.4980682987793,21.072969667913824,43.02956480377858,1.5617578337029918,take_profit,3
2016-08-09 11:45:00,2016-08-09 14:45:00,short,1334.22,1332.568167341409,1335.2836454116193,1332.518167341409,25.984286804768853,42.921693554313606,1.5529918528735078,take_profit,12
2016-08-10 07:15:00,2016-08-10 07:30:00,short,1350.04,1351.229981315617,1351.149981315617,1348.2640298950128,24.976916666196132,-29.722064154494575,-1.0720732852655792,stop_loss,1
2016-08-10 08:00:00,2016-08-10 09:15:00,short,1352.42,1353.722182562103,1353.642182562103,1350.4645079006352,22.635298154877084,-29.47529054528023,-1.0654566694702923,stop_loss,5
2016-08-10 09:30:00,2016-08-10 10:15:00,short,1353.8,1351.7413781459252,1355.1178886587968,1351.6913781459252,20.946774166038683,43.121487070576094,1.5620605279008706,take_profit,3
2016-08-10 12:45:00,2016-08-10 13:45:00,short,1353.53,1351.5526502365074,1354.797093602183,1351.5026502365074,21.85454889696746,43.21408709265633,1.560539616083614,take_profit,4
2016-08-10 16:00:00,2016-08-10 16:15:00,short,1356.2,1353.8386963355724,1357.7070647902674,1353.7886963355725,18.431979460683852,43.52350064316747,1.5668229260460218,take_profit,1
2016-08-11 13:15:00,2016-08-11 13:45:00,long,1344.22,1346.176432788973,1342.965979506892,1346.226432788973,22.220716818071864,43.47333897735872,1.5601282432984214,take_profit,2
2016-08-11 15:15:00,2016-08-11 15:30:00,long,1343.73,1345.8751388668184,1342.3580382082384,1345.9251388668183,20.373877105920343,43.70479564769014,1.5635558363939694,take_profit,1
2016-08-12 13:45:00,2016-08-12 14:00:00,short,1339.0900000000001,1340.4349830776825,1340.3549830776826,1337.066027075708,22.165980735516484,-29.81286898950375,-1.0632419527275354,stop_loss,1
2016-08-12 15:30:00,2016-08-12 15:45:00,short,1342.64,1344.2740005118762,1344.1940005118763,1340.153599180998,18.005119418463792,-29.420374346160834,-1.0514800345228588,stop_loss,1
2016-08-16 08:45:00,2016-08-16 09:00:00,short,1347.72,1348.9773285542294,1348.8973285542295,1345.836274313233,23.715660291843125,-29.818376867338444,-1.067950445703991,stop_loss,1
2016-08-16 09:30:00,2016-08-16 10:00:00,short,1349.29,1347.3486234206168,1350.5346103621143,1347.2986234206169,22.38571053106638,43.4590941378626,1.55982678473372,take_profit,2
2016-08-16 11:15:00,2016-08-16 13:15:00,short,1350.69,1352.220398937934,1352.1403989379342,1348.3693616993055,19.26946079975942,-29.489962342513117,-1.055157238403578,stop_loss,8
2016-08-16 14:00:00,2016-08-16 14:15:00,short,1352.51,1354.0903228480072,1354.0103228480073,1350.109483443188,18.588949432378143,-29.37654150843764,-1.0533218567631515,stop_loss,1
2016-08-17 12:00:00,2016-08-17 15:00:00,long,1342.6299999999999,1344.8768988350776,1341.1944382280765,1344.9268988350775,19.386607400072794,43.55974558333175,1.5651704294599729,take_profit,12
2016-08-18 07:45:00,2016-08-18 10:45:00,long,1352.19,1350.7798092751989,1350.8598092751988,1354.3183051596818,20.987811327710197,-29.596816868213818,-1.0601417514859615,stop_loss,12
2016-08-18 11:00:00,2016-08-18 11:45:00,long,1350.6299999999999,1349.2510500831913,1349.3310500831913,1352.7083198668936,21.447014983231675,-29.57435952691907,-1.0615882098029448,stop_loss,3
2016-08-18 12:15:00,2016-08-18 12:30:00,long,1346.45,1348.6519898002666,1345.0425063748335,1348.7019898002666,19.751030563934616,43.491567846537386,1.5644758604188798,take_profit,1
2016-08-19 13:00:00,2016-08-19 14:30:00,long,1345.28,1343.7414745788094,1343.8214745788093,1347.613640673905,19.119606926108087,-29.41600129898859,-1.0548499181691469,stop_loss,6
2016-08-19 15:00:00,2016-08-19 15:15:00,long,1343.31,1341.7653745651949,1341.8453745651948,1345.653400695688,18.999807104951262,-29.347585310698072,-1.054621473926929,stop_loss,1
2016-08-23 08:00:00,2016-08-23 09:30:00,short,1338.49,1339.5886539018084,1339.5086539018084,1336.8601537571067,27.26039287964608,-29.949737002051663,-1.0785350155316764,stop_loss,6
2016-08-23 10:15:00,2016-08-23 10:45:00,short,1342.38,1340.4367698402687,1343.6257688498322,1340.3867698402687,22.24249394373036,43.2222850591011,1.5598641433307605,take_profit,2
2016-08-23 15:00:00,2016-08-23 15:30:00,short,1341.31,1342.5529147092457,1342.4729147092457,1339.4493364652067,23.90153847638807,-29.707573745905368,-1.0687926632657445,stop_loss,2
2016-08-23 15:45:00,2016-08-23 16:30:00,short,1343.43,1341.3112631975434,1344.7854605015355,1341.2612631975435,20.46244467388494,43.354534598792554,1.563112167456475,take_profit,3
2016-08-24 11:45:00,2016-08-24 12:15:00,short,1339.7,1338.123584504581,1340.716509684637,1338.073584504581,27.370860317419023,43.1478483273295,1.5508120770950173,take_profit,2
2016-08-26 13:00:00,2016-08-26 13:15:00,short,1325.93,1326.6868274716364,1326.6068274716365,1324.8470760453815,41.235087900137415,-31.207847318164486,-1.1181985119583018,stop_loss,1
2016-08-29 08:15:00,2016-08-29 11:15:00,short,1318.8400000000001,1319.54,1320.0626382274754,1316.8837788360397,22.775849769578187,-15.943094838700588,-0.5725324010564486,time_stop,12
2016-08-29 11:30:00,2016-08-29 12:45:00,short,1319.46,1317.8644376237648,1320.488476485147,1317.814437623765,27.04460316160642,43.151351284870564,1.5513844013723215,take_profit,5
2016-08-29 14:15:00,2016-08-29 16:30:00,short,1320.3500000000001,1321.834963898495,1321.7549638984951,1318.1020577624083,19.85890252005777,-29.489753306015682,-1.056940964878616,stop_loss,9
2016-08-30 15:15:00,2016-08-30 15:30:00,short,1320.95,1319.2472138946746,1322.0454913158285,1319.1972138946746,25.415136747793902,43.27654171908991,1.5543583784940969,take_profit,1
2016-08-31 07:45:00,2016-08-31 08:15:00,short,1315.8400000000001,1314.3838294752275,1316.7813565779832,1314.3338294752275,29.66847561747486,43.20235970910406,1.54688516427296,take_profit,2
2016-08-31 11:15:00,2016-08-31 11:30:00,short,1314.2,1315.2080804348907,1315.1280804348908,1312.7150713041747,30.185982106126055,-30.42989796914475,-1.0861994251708875,stop_loss,1
2016-08-31 11:45:00,2016-08-31 14:15:00,short,1314.76,1313.2421992367629,1315.7398754770231,1313.192199236763,28.528277582416074,43.30024148843151,1.5489731081424662,take_profit,10
2016-09-01 14:00:00,2016-09-01 15:15:00,short,1306.48,1305.0683449684907,1307.3935343946932,1305.0183449684907,30.694804980070987,43.33047589131474,1.5452675232697626,take_profit,5
2016-09-02 12:30:00,2016-09-02 13:15:00,short,1311.5,1312.510920462413,1312.430920462413,1310.010527260139,30.21463398341132,-30.544591758148776,-1.0859364502446955,stop_loss,3
2016-09-02 15:00:00,2016-09-02 15:15:00,short,1313.96,1315.1187885605377,1315.0387885605378,1312.2339383031397,26.016527132963972,-30.147654026596996,-1.0741572565063615,stop_loss,1
2016-09-05 12:30:00,2016-09-05 12:45:00,short,1327.26,1328.2553897555574,1328.1753897555575,1325.795376391108,30.594658043613453,-30.453609191395426,-1.0873944672356586,stop_loss,1
2016-09-05 13:00:00,2016-09-05 13:15:00,short,1328.17,1326.7073398474352,1329.1154125953533,1326.6573398474352,29.558659855896167,43.23427393443973,1.547113038004802,take_profit,1
2016-09-07 08:45:00,2016-09-07 10:00:00,long,1351.04,1349.8888267159302,1349.9688267159302,1352.7538772545117,26.169059940415814,-30.125122672626027,-1.0746844615989455,stop_loss,5
2016-09-07 10:15:00,2016-09-07 10:30:00,long,1349.74,1348.6040406303778,1348.6840406303777,1351.4295349913957,26.489037776192028,-30.090470654142848,-1.07576049069818,stop_loss,1
2016-09-07 10:45:00,2016-09-07 11:00:00,long,1348.8999999999999,1347.7890962578256,1347.8690962578255,1350.5494459874787,27.07446442271274,-30.077123844556176,-1.077601813561364,stop_loss,1
2016-09-07 11:15:00,2016-09-07 12:00:00,long,1347.97,1349.6758590402242,1346.87258809986,1349.7258590402241,25.378813952625695,43.2926792112531,1.5544382560517405,take_profit,3
2016-09-07 13:00:00,2016-09-07 14:15:00,long,1347.49,1349.1520535131733,1346.4199665542667,1349.2020535131733,26.109088377446298,43.394702063486925,1.5532724886316671,take_profit,5
2016-09-07 15:15:00,2016-09-07 15:30:00,long,1347.32,1349.0246757915809,1346.2233276302618,1349.0746757915808,25.554019576779318,43.56131855012111,1.5544075319304071,take_profit,1
2016-09-08 08:15:00,2016-09-08 08:45:00,long,1345.43,1347.1676022195206,1344.3127486127996,1347.2176022195206,25.16131120064423,43.72035018828714,1.5552473144603345,take_profit,2
2016-09-09 13:45:00,2016-09-09 14:00:00,long,1333.79,1332.7460081738593,1332.8260081738592,1335.332386921825,29.25227141807914,-30.539132256522517,-1.0829882555334536,stop_loss,1
2016-09-12 11:00:00,2016-09-12 11:45:00,long,1327.09,1328.7044106041562,1326.0497433724022,1328.7544106041562,27.04897189027698,43.66814705118935,1.551934937328387,take_profit,3
2016-09-12 13:00:00,2016-09-12 13:15:00,long,1327.33,1326.2030060642248,1326.2830060642248,1329.00519029724,26.95833051962288,-30.381875014235515,-1.0764092295727554,stop_loss,1
2016-09-12 13:30:00,2016-09-12 14:45:00,long,1324.72,1326.6308324501715,1323.4944797186429,1326.6808324501715,22.981622785915622,43.914030576927935,1.5592010015986153,take_profit,5
2016-09-13 11:15:00,2016-09-13 12:15:00,short,1330.05,1328.4499458918283,1331.0812838176073,1328.3999458918283,27.39524503481533,43.83387436232559,1.551516741418386,take_profit,4
2016-09-14 09:00:00,2016-09-14 12:00:00,short,1321.68,1322.03,1322.73666275185,1319.9893395970403,26.8202324562903,-9.387081359699165,-0.3312315110825703,time_stop,12
2016-09-14 12:45:00,2016-09-14 13:45:00,short,1323.52,1321.8360209042633,1324.6037369348355,1321.7860209042633,26.13287926197333,44.00722238857502,1.5538633422992785,take_profit,4
2016-09-15 12:45:00,2016-09-15 13:00:00,short,1321.21,1322.215415347304,1322.1354153473042,1319.7293354443134,30.698843494800148,-30.865088394157212,-1.0864476693983727,stop_loss,1
2016-09-15 15:15:00,2016-09-15 15:30:00,short,1323.0800000000002,1324.1821504299446,1324.1021504299447,1321.444559312089,27.73314955150529,-30.566102701905525,-1.0782663663354017,stop_loss,1
2016-09-19 08:00:00,2016-09-19 08:45:00,short,1315.29,1316.3845046010572,1316.3045046010573,1313.6667926383082,27.881902657616198,-30.516870744990573,-1.0788562219595186,stop_loss,3
2016-09-19 10:15:00,2016-09-19 10:30:00,short,1316.72,1317.776713658197,1317.696713658197,1315.157258146885,28.898218586393508,-30.537142277802708,-1.0819073218937114,stop_loss,1
2016-09-21 13:15:00,2016-09-21 14:30:00,short,1320.96,1322.4959315669366,1322.4159315669367,1318.6305094929014,19.344460375700347,-29.711767336392345,-1.0549476375240974,stop_loss,5
2016-09-21 14:45:00,2016-09-21 15:00:00,short,1322.48,1323.9569528362272,1323.8769528362272,1320.2448754620366,20.118636966705303,-29.7142779289999,-1.0572675024705804,stop_loss,1
2016-09-21 15:15:00,2016-09-21 15:30:00,short,1324.89,1326.3567093332774,1326.2767093332775,1322.6712650667562,20.224395800036632,-29.6633100798084,-1.0576905326012718,stop_loss,1
2016-09-21 15:45:00,2016-09-21 16:00:00,short,1328.0,1325.4124989606212,1329.6484381496116,1325.3624989606212,16.977301697513752,43.92878578816467,1.5696682583987103,take_profit,1
2016-09-26 12:00:00,2016-09-26 12:30:00,long,1334.32,1335.822481802877,1333.3496988732018,1335.872481802877,28.93317197297561,43.47156438891038,1.54846960534309,take_profit,2
2016-09-27 11:45:00,2016-09-27 12:00:00,long,1334.69,1336.278856741658,1333.6657145364638,1336.328856741658,27.493148637275148,43.682674561739844,1.5511854831685925,take_profit,1
2016-09-27 14:30:00,2016-09-27 15:00:00,long,1335.54,1334.4178540989662,1334.4978540989662,1337.2074334416543,27.105799501877055,-30.416661805273144,-1.076764683256508,stop_loss,2
2016-09-28 10:15:00,2016-09-28 10:30:00,long,1323.21,1322.3828183861071,1322.462818386107,1324.4054905822286,37.72491720540702,-31.20535789794422,-1.1070690157686183,stop_loss,1
2016-09-28 16:00:00,2016-09-28 16:15:00,long,1324.57,1323.584541327043,1323.664541327043,1326.0187338767312,31.06155437649326,-30.609878155835716,-1.0883530108985264,stop_loss,1
2016-09-30 07:45:00,2016-09-30 08:30:00,short,1322.76,1323.880184197377,1323.8001841973771,1321.0957052841966,26.979581232026778,-30.222100547967027,-1.0769094552692213,stop_loss,3
2016-09-30 10:45:00,2016-09-30 11:00:00,short,1324.4,1325.4774424947186,1325.3974424947187,1322.8040920084504,28.075092044490543,-30.24929721186811,-1.080205125030789,stop_loss,1
2016-09-30 11:15:00,2016-09-30 12:30:00,short,1326.3700000000001,1327.4978458245278,1327.4178458245278,1324.6934466807556,26.666891826840665,-30.076142600032487,-1.0763471095912274,stop_loss,5
2016-10-04 08:15:00,2016-10-04 09:45:00,short,1311.4,1309.7564129186824,1312.4584919258236,1309.7064129186824,26.341853242757033,43.29512968776272,1.5527629840340513,take_profit,6
2016-10-04 12:00:00,2016-10-04 13:15:00,short,1309.4,1307.6333975018376,1310.5353765613515,1307.5833975018377,24.63431973157046,43.51905077832506,1.5559617472282958,take_profit,5
2016-10-04 14:00:00,2016-10-04 15:00:00,short,1309.04,1307.4193763692494,1310.084139769219,1307.3693763692495,26.870221934561723,43.54651663066155,1.5521136906436963,take_profit,4
2016-10-05 07:15:00,2016-10-05 09:00:00,short,1274.26,1272.3685574366266,1275.4734016021082,1272.3185574366266,23.19377221357163,43.86968796993673,1.5587935272931441,take_profit,7
2016-10-05 13:00:00,2016-10-05 15:15:00,short,1273.8600000000001,1275.071626602277,1274.9916266022772,1272.049397436357,24.947363098405777,-30.22688878669113,-1.0706946972075,stop_loss,9
2016-10-06 13:15:00,2016-10-06 13:30:00,short,1266.05,1267.2048108869196,1267.1248108869197,1264.3303025809282,26.20986287362612,-30.267434991135286,-1.0744316986118327,stop_loss,1
2016-10-06 13:45:00,2016-10-06 14:30:00,short,1267.81,1266.134995592739,1268.888127754538,1266.084995592739,26.073079904442327,43.67252375080873,1.5536233068954286,take_profit,3
2016-10-07 10:15:00,2016-10-07 12:30:00,short,1254.6000000000001,1255.9840894374813,1255.9040894374814,1252.5134569000304,21.622333045828242,-29.927242782431133,-1.0613454857470825,stop_loss,9
2016-10-07 13:00:00,2016-10-07 13:45:00,short,1256.28,1257.5423788451712,1257.4623788451713,1254.388193847726,23.79745017268477,-30.041397667014635,-1.0676602091847593,stop_loss,3
2016-10-07 14:00:00,2016-10-07 14:45:00,short,1257.43,1255.4846662975037,1258.6770835640602,1255.4346662975038,22.514544868552782,43.79830292916147,1.5599064557974225,take_profit,3
2016-10-10 07:45:00,2016-10-10 09:30:00,short,1263.22,1264.7942175196767,1264.7142175196768,1260.829251968517,18.84940786253002,-29.673068092726908,-1.0535397282834909,stop_loss,7
2016-10-11 09:45:00,2016-10-11 10:15:00,short,1261.28,1259.6724761414362,1262.3159524116024,1259.6224761414362,27.1303671990733,43.61271256410731,1.551735234707554,take_profit,2
2016-10-13 09:00:00,2016-10-13 09:45:00,short,1260.96,1259.3212290351657,1262.0154818530214,1259.2712290351658,26.71101797910226,43.773240705319566,1.5526282712898445,take_profit,3
2016-10-17 08:00:00,2016-10-17 08:15:00,short,1254.19,1255.1770185198325,1255.0970185198325,1252.738770368268,31.179673419790987,-30.774915107660284,-1.0882010656350232,stop_loss,1
2016-10-17 12:45:00,2016-10-17 14:15:00,short,1253.3700000000001,1254.5036566074286,1254.4236566074287,1251.6841494281143,26.781962173360526,-30.36154837773085,-1.0759260649398517,stop_loss,6
2016-10-18 09:30:00,2016-10-18 09:45:00,short,1260.26,1261.4296837500642,1261.3496837500643,1258.5165059998972,25.840771054397237,-30.22552999145839,-1.0734157960924047,stop_loss,1
2016-10-18 10:00:00,2016-10-18 11:15:00,short,1261.8700000000001,1263.0717681314331,1262.9917681314332,1260.0751709897072,25.047794156203725,-30.101640779620055,-1.0713159856821073,stop_loss,5
2016-10-18 15:45:00,2016-10-18 16:00:00,short,1262.17,1260.1867504407028,1263.4407809745608,1260.1367504407028,22.06329377512036,43.75701765615414,1.5606541166410657,take_profit,1
2016-10-19 12:30:00,2016-10-19 12:45:00,short,1266.65,1267.6595837987395,1267.5795837987396,1265.1626659220171,30.255613360534326,-30.545577069719194,-1.0860600196651524,stop_loss,1
2016-10-19 13:00:00,2016-10-19 15:00:00,short,1270.3,1271.5478554183007,1271.4678554183008,1268.4314313307186,24.03040342748097,-29.986469120935936,-1.0685016302072057,stop_loss,8
2016-10-19 15:15:00,2016-10-19 15:45:00,short,1271.5,1269.6997876948694,1272.6563826907066,1269.6497876948695,24.21695182188073,43.595654662503904,1.5567617187616678,take_profit,2
2016-10-20 08:15:00,2016-10-20 08:30:00,long,1271.3999999999999,1270.51320155096,1270.59320155096,1272.6908775184636,34.818181977483576,-30.8767097760185,-1.0991573547211566,stop_loss,1
2016-10-20 08:45:00,2016-10-20 09:00:00,long,1270.55,1269.6369952148586,1269.7169952148586,1271.8828076562263,33.64866840892508,-30.721395270981866,-1.0960378636796775,stop_loss,1
2016-10-20 09:15:00,2016-10-20 10:00:00,long,1269.83,1268.9199601597504,1268.9999601597503,1271.1580637443992,33.694839273400035,-30.66364614959789,-1.096380915855644,stop_loss,3
2016-10-20 10:15:00,2016-10-20 10:30:00,long,1269.06,1268.0945840827424,1268.1745840827423,1270.476665467612,31.51821779064331,-30.42818913867832,-1.090353017650401,stop_loss,1
2016-10-20 10:45:00,2016-10-20 11:45:00,long,1268.31,1269.6979207348288,1267.411299540732,1269.7479207348288,30.984601209432846,43.004170478975446,1.5443641098830734,take_profit,4
2016-10-21 10:15:00,2016-10-21 10:30:00,long,1261.53,1262.7789594294873,1260.7181503565705,1262.8289594294872,34.40524228121607,42.97075177091947,1.5384122412265278,take_profit,1
2016-10-24 13:45:00,2016-10-24 14:00:00,long,1264.69,1263.8066603175498,1263.8866603175497,1265.9753434919205,34.87668516037044,-30.80795999447868,-1.099584275179728,stop_loss,1
2016-10-24 14:15:00,2016-10-24 14:30:00,long,1264.21,1263.2547224166628,1263.3347224166628,1265.6104441333396,31.93982091380767,-30.51139493476491,-1.0913995760006816,stop_loss,1
2016-10-26 09:00:00,2016-10-26 09:30:00,long,1273.53,1274.8383674501076,1272.6810203436828,1274.8883674501076,32.857308492880726,42.98943293023088,1.5411057737040301,take_profit,2
2016-10-26 11:15:00,2016-10-26 11:30:00,long,1274.25,1273.3068265601817,1273.3868265601816,1275.6310775037095,32.416619936243706,-30.57449493255069,-1.0926812576818363,stop_loss,1
2016-10-26 13:30:00,2016-10-26 13:45:00,long,1271.96,1270.9571646410618,1271.0371646410617,1273.4365365743015,30.25460183917286,-30.34038449492008,-1.0866893527919925,stop_loss,1
2016-10-26 14:30:00,2016-10-26 15:00:00,long,1270.72,1272.3542136895728,1269.667366444017,1272.4042136895728,26.46631909124576,43.25162097151548,1.5525000892135647,take_profit,2
2016-10-27 14:45:00,2016-10-27 15:00:00,long,1269.1399999999999,1268.2859776564148,1268.3659776564148,1270.3784357497361,36.10469265176846,-30.834214232880488,-1.1033561894730128,stop_loss,1
2016-10-27 15:15:00,2016-10-27 15:30:00,long,1268.37,1269.5690593964562,1267.5893378772148,1269.6190593964561,35.71861574735608,42.82874184027848,1.535951804832693,take_profit,1
2016-10-28 09:00:00,2016-10-28 09:15:00,long,1268.71,1267.7816095710652,1267.8616095710652,1270.067424686296,32.96810869386161,-30.607276571462965,-1.0942962075849507,stop_loss,1
2016-10-28 11:30:00,2016-10-28 14:30:00,long,1266.36,1266.5800000000002,1265.4047819062696,1267.8883489499685,29.217006572629963,6.427741445986032,0.23031389527088272,time_stop,12
2016-10-31 09:15:00,2016-10-31 11:00:00,long,1274.27,1273.2646655769781,1273.344665576978,1275.7505350768351,30.174462454904237,-30.335425802095624,-1.0864552296008467,stop_loss,7
2016-10-31 11:15:00,2016-10-31 13:30:00,long,1273.08,1271.995080575372,1272.0750805753719,1274.6878710794049,27.72440980968559,-30.07875073887412,-1.0796083726111059,stop_loss,9
2016-10-31 13:45:00,2016-10-31 14:45:00,long,1272.61,1274.0611141037327,1271.6718036851669,1274.1111141037327,29.632007729183474,42.999424337738496,1.5467062498439903,take_profit,4
2016-11-02 07:45:00,2016-11-02 08:45:00,long,1291.11,1292.694956022734,1290.0881524857912,1292.744956022734,27.290411645120166,43.254102299826144,1.5510690202749269,take_profit,4
2016-11-03 07:30:00,2016-11-03 07:45:00,long,1303.7,1302.2440462837856,1302.3240462837855,1305.9015259459434,20.330006145015417,-29.599547997498426,-1.0581414905582862,stop_loss,1
2016-11-03 10:15:00,2016-11-03 10:30:00,long,1296.57,1294.855820966564,1294.9358209665638,1299.184686453498,17.081328201360115,-29.280454666011245,-1.0489542445246745,stop_loss,1
2016-11-03 11:15:00,2016-11-03 12:15:00,long,1293.85,1291.8704993394947,1291.9504993394946,1296.8892010568084,14.66458426666822,-29.028554241904043,-1.042116331761973,stop_loss,4
2016-11-03 13:15:00,2016-11-03 13:30:00,long,1290.48,1288.4493918103199,1288.5293918103198,1293.6009731034883,14.250596577596056,-28.93737811829449,-1.0410128494400723,stop_loss,1
2016-11-07 07:15:00,2016-11-07 09:15:00,long,1289.33,1287.802355217523,1287.882355217523,1291.646231651963,19.161783312883557,-29.272398300880543,-1.0552621754786013,stop_loss,8
2016-11-07 10:15:00,2016-11-07 10:45:00,long,1287.6499999999999,1286.1968728423017,1286.2768728423016,1289.847003452317,20.159029470839588,-29.293633196915195,-1.058261173811484,stop_loss,2
2016-11-07 11:00:00,2016-11-07 12:15:00,long,1285.31,1287.5909798049347,1283.8531376219157,1287.6409798049347,18.960146125249693,43.247710410306574,1.5656796683391947,take_profit,5
2016-11-08 14:00:00,2016-11-08 14:15:00,long,1282.5,1281.5356739948027,1281.6156739948026,1283.914921608316,31.333262655202393,-30.215480006090186,-1.0904643757276693,stop_loss,1
2016-11-08 14:30:00,2016-11-08 15:15:00,long,1279.79,1281.3889068969663,1278.759433189396,1281.4389068969663,26.82833150571075,42.89600427858067,1.55148300965508,take_profit,3
2016-11-10 12:00:00,2016-11-10 12:15:00,long,1283.6699999999998,1281.0814328231615,1281.1614328231615,1287.6837074829414,11.055785269890826,-28.61864286381172,-1.0318907146432308,stop_loss,1
2016-11-10 12:30:00,2016-11-10 13:00:00,long,1281.3799999999999,1278.6690415669098,1278.7490415669097,1285.5895334929444,10.519718749028504,-28.518520256415144,-1.0304071698715371,stop_loss,2
2016-11-10 13:15:00,2016-11-10 13:30:00,long,1278.6499999999999,1282.7546563717196,1276.053339767675,1282.8046563717196,10.636703782863265,43.66001395642563,1.580744496573863,take_profit,1
2016-11-10 16:00:00,2016-11-10 16:30:00,long,1276.1699999999998,1273.117019804311,1273.197019804311,1280.926768313102,9.319680562982363,-28.452800188931565,-1.0269090255346922,stop_loss,2
2016-11-14 09:15:00,2016-11-14 10:00:00,short,1226.07,1221.6679364335478,1228.8525397290325,1221.6179364335478,9.93708009090283,43.74365822508057,1.582030804635685,take_profit,3
2016-11-14 12:00:00,2016-11-14 15:00:00,short,1225.7,1220.9160008520298,1228.7212494674814,1220.8660008520299,9.180906031930489,43.92144663435025,1.5834505556267267,take_profit,12
2016-11-16 16:00:00,2016-11-16 16:15:00,short,1227.43,1229.431523478556,1229.3515234785561,1224.3555624343105,14.481035836285525,-28.98413322013644,-1.0416336312788865,stop_loss,1
2016-11-17 10:00:00,2016-11-17 10:15:00,short,1228.17,1229.466831280672,1229.3868312806721,1226.2230699509248,22.819664918096137,-29.59325528024041,-1.065744529476381,stop_loss,1
2016-11-17 12:30:00,2016-11-17 12:45:00,short,1228.53,1229.933276162257,1229.853276162257,1226.4127581403886,20.93931438239727,-29.383640726824154,-1.0604560123439926,stop_loss,1
2016-11-17 13:00:00,2016-11-17 14:30:00,short,1230.1000000000001,1227.9020516618657,1231.504967711334,1227.8520516618657,19.67997418853731,43.25556656222422,1.5644119935308751,take_profit,6
2016-11-18 08:45:00,2016-11-18 09:15:00,short,1208.6200000000001,1210.2171002627251,1210.1371002627252,1206.19263957964,18.282403681140813,-29.198831722394633,-1.0527321772762914,stop_loss,2
2016-11-18 12:45:00,2016-11-18 13:00:00,short,1206.82,1208.7677535215523,1208.6877535215524,1203.8315943655161,14.818787085704088,-28.863344731315152,-1.042832204076602,stop_loss,1
2016-11-18 13:15:00,2016-11-18 13:45:00,short,1208.66,1210.6001038017466,1210.5201038017467,1205.6838339172054,14.848695566915286,-28.80801072034942,-1.0430083525042033,stop_loss,2
2016-11-18 14:00:00,2016-11-18 14:30:00,short,1212.21,1209.218444284293,1214.110972322317,1209.168444284293,14.499158525340254,43.37504055942549,1.5736976707062604,take_profit,2
2016-11-18 15:30:00,2016-11-18 15:45:00,short,1215.41,1211.7983347427285,1217.6985407857949,1211.7483347427285,12.081606456960321,43.63471829263212,1.5781520170798788,take_profit,1
2016-11-22 10:30:00,2016-11-22 11:15:00,short,1217.22,1218.7393240837457,1218.6593240837458,1214.917081466007,19.270516546265224,-29.27815989496051,-1.0555816448174282,stop_loss,3
2016-11-22 11:30:00,2016-11-22 14:00:00,short,1218.41,1216.1882825840958,1219.8298233849403,1216.1382825840958,19.49394730714133,43.31004223699706,1.5647843523847431,take_profit,10
2016-11-23 09:00:00,2016-11-23 10:00:00,short,1214.29,1212.651166746529,1215.3455207834193,1212.601166746529,26.304155040891807,43.10812398546824,1.552630018484352,take_profit,4
2016-11-24 07:45:00,2016-11-24 09:30:00,short,1186.98,1184.5316171936,1188.541489254,1184.4816171936,17.836048831313995,43.66947529270186,1.5679792865229258,take_profit,7
2016-11-24 11:15:00,2016-11-24 11:45:00,short,1187.3600000000001,1189.438119664431,1189.3581196644311,1184.1630085369104,13.982214394780586,-29.056714686082536,-1.0400376421012347,stop_loss,2
2016-11-24 12:00:00,2016-11-24 13:45:00,short,1189.52,1186.151691601892,1191.6564427488174,1186.101691601892,13.04974079954213,43.95555152822979,1.5765966113402146,take_profit,7
2016-11-25 08:15:00,2016-11-25 08:45:00,short,1179.94,1181.8753189897157,1181.7953189897157,1176.9714896164548,15.074461784316414,-29.17389215092962,-1.043119269755433,stop_loss,2
2016-11-25 09:00:00,2016-11-25 09:15:00,short,1182.18,1184.058282004521,1183.9782820045211,1179.3027487927666,15.520139418464904,-29.151198577359605,-1.044486904611623,stop_loss,1
2016-11-25 09:30:00,2016-11-25 10:15:00,short,1186.91,1189.1757125447145,1189.0957125447146,1183.4128599284568,12.74242813588571,-28.870679277598757,-1.0366013363437854,stop_loss,3
2016-11-29 13:15:00,2016-11-29 14:00:00,short,1188.8300000000002,1186.5194595873222,1190.3053377579238,1186.4694595873223,18.83876659354937,43.52773153940291,1.5661094554576893,take_profit,3
2016-12-01 07:15:00,2016-12-01 07:30:00,short,1173.3,1175.2263320323448,1175.1463320323448,1170.345868748248,15.100533730026525,-29.088641829653454,-1.0433291513110592,stop_loss,1
2016-12-02 14:15:00,2016-12-02 15:15:00,short,1172.3500000000001,1173.7596389083765,1173.6796389083765,1170.2225777465978,20.924795199898607,-29.49640546358349,-1.0601667110491022,stop_loss,4
2016-12-05 07:45:00,2016-12-05 08:45:00,short,1177.05,1174.2191796492816,1178.8505127191988,1174.1691796492817,15.419735023598749,43.65049970748769,1.572230132302475,take_profit,4
2016-12-05 13:30:00,2016-12-05 14:30:00,short,1166.31,1168.317139349351,1168.237139349351,1163.2265770410384,14.451850638335108,-29.00687808714669,-1.0415123068432302,stop_loss,4
2016-12-07 10:15:00,2016-12-07 10:30:00,short,1169.16,1170.3161720344876,1170.2361720344877,1167.4381247448198,25.825532897385642,-29.85875891169561,-1.0743375570412548,stop_loss,1
2016-12-07 10:45:00,2016-12-07 11:15:00,short,1171.02,1172.2870564991244,1172.2070564991245,1169.1207096014007,23.362829639984728,-29.602025133280325,-1.0673935908349161,stop_loss,2
2016-12-07 11:30:00,2016-12-07 13:45:00,short,1171.8700000000001,1173.1057081372364,1173.0257081372365,1170.020866980422,23.945314409563853,-29.58941986458005,-1.0692216290794914,stop_loss,9
2016-12-07 14:00:00,2016-12-07 15:30:00,short,1173.23,1171.5836344578422,1174.2902284638485,1171.5336344578423,26.045910682165736,42.881089861237676,1.5528403530892962,take_profit,6
2016-12-07 16:00:00,2016-12-07 16:15:00,short,1176.22,1177.6921511334679,1177.612151133468,1173.9925581864513,19.89753654318208,-29.29218097526312,-1.057465025223694,stop_loss,1
2016-12-08 14:30:00,2016-12-08 14:45:00,short,1177.63,1175.861077922986,1178.766826298134,1175.811077922986,24.314878829979463,43.01112596227508,1.5560179069730167,take_profit,1
2016-12-09 11:15:00,2016-12-09 11:30:00,short,1170.27,1171.2754266310822,1171.1954266310822,1168.7893173902683,29.96219798576313,-30.124791780642898,-1.0864466153371561,stop_loss,1
2016-12-12 15:30:00,2016-12-12 15:45:00,short,1159.0,1160.7487503687657,1160.6687503687658,1156.3299994099746,16.57981138226523,-28.99395126880275,-1.0479400643123717,stop_loss,1
2016-12-13 14:45:00,2016-12-13 15:15:00,short,1160.13,1161.2883987022797,1161.2083987022797,1158.4045620763527,25.602384718491606,-29.657769233162597,-1.0741840655323631,stop_loss,2
2016-12-13 15:30:00,2016-12-13 16:00:00,short,1162.22,1160.1229901172546,1163.5618811767158,1160.0729901172547,20.531074878512875,43.05386692362725,1.5627388766848664,take_profit,2
2016-12-14 13:00:00,2016-12-14 15:00:00,short,1162.27,1160.8003986302174,1163.219750856114,1160.7503986302174,29.098547764562632,42.763265653485504,1.547354614446667,take_profit,8
2016-12-15 16:00:00,2016-12-15 17:00:00,short,1131.79,1128.2911037668239,1134.008060145735,1128.241103766824,12.498262157442896,43.73012238392413,1.5774577799000689,take_profit,4
2016-12-16 12:00:00,2016-12-16 15:00:00,short,1134.9,1133.1,1136.283288718428,1132.6867380505155,20.10379832978589,36.18683699361826,1.301246786748883,time_stop,12
2016-12-19 13:30:00,2016-12-19 13:45:00,short,1139.24,1137.6348054782527,1140.2744965760921,1137.5848054782527,26.951980069816287,43.26317075831172,1.5516673122409268,take_profit,1
2016-12-21 14:15:00,2016-12-21 16:00:00,short,1135.55,1136.7058998638872,1136.6258998638873,1133.8285602177805,25.995223516055084,-30.047875323927254,-1.0743563622276877,stop_loss,7
2016-12-22 08:30:00,2016-12-22 09:00:00,short,1130.3700000000001,1131.4345218477588,1131.3545218477589,1128.794765043586,28.346919629594442,-30.175915262362377,-1.0812577193508166,stop_loss,2
2016-12-22 09:15:00,2016-12-22 10:00:00,short,1131.5800000000002,1130.0394551023173,1132.574090561052,1129.9894551023174,28.013353061123066,43.15582812530058,1.5497027715995462,take_profit,3
2016-12-27 07:30:00,2016-12-27 08:15:00,short,1137.56,1138.6780714935987,1138.5980714935988,1135.8990856102419,26.909631648662916,-30.086892049613837,-1.0770659829243334,stop_loss,3
2016-12-27 08:30:00,2016-12-27 09:45:00,short,1140.26,1141.4478001335035,1141.3678001335036,1138.4875197863942,25.16153130029683,-29.886870237645446,-1.072215192596985,stop_loss,5
2016-12-27 10:30:00,2016-12-27 13:30:00,short,1144.39,1143.1599999999999,1145.9990577210629,1141.8155076462997,17.286001383951266,21.2617817022643,0.7644225461270912,time_stop,12
2016-12-28 15:00:00,2016-12-28 16:15:00,short,1139.52,1138.1966241160787,1140.3783599274507,1138.1466241160788,32.45339940237712,42.94804612037,1.5417493776202225,take_profit,5
2016-12-29 07:30:00,2016-12-29 08:45:00,long,1148.35,1150.0180380960583,1147.2762261899634,1150.0680380960582,26.022793057173704,43.40701018520856,1.5534352584010314,take_profit,5
2016-12-29 10:45:00,2016-12-29 11:00:00,long,1148.19,1147.0778576131895,1147.1578576131894,1149.8414278188973,27.156531915888504,-30.201930222433027,-1.0775086858385226,stop_loss,1
2016-12-29 11:30:00,2016-12-29 13:15:00,long,1147.01,1145.8510689417556,1145.9310689417555,1148.7362896931913,25.922883204628942,-30.042834465087488,-1.0741474623319238,stop_loss,7
2016-12-30 08:45:00,2016-12-30 09:45:00,long,1159.73,1158.3496819303803,1158.4296819303802,1161.810508911392,21.463147203628754,-29.625969916077622,-1.0615234086713232,stop_loss,4
2016-12-30 10:00:00,2016-12-30 11:45:00,long,1158.2,1160.2075354228102,1156.9140403607437,1160.2575354228102,21.656718725683717,43.476629983646575,1.561118530882576,take_profit,7
2016-12-30 13:30:00,2016-12-30 14:45:00,long,1158.4099999999999,1157.1411019671211,1157.221101967121,1160.312236852606,23.497910407235107,-29.81645229250112,-1.0672892020909608,stop_loss,5
2016-12-30 15:00:00,2016-12-30 15:15:00,long,1157.9099999999999,1156.6236810428713,1156.7036810428713,1159.8401103314056,23.109134106368412,-29.72571728384681,-1.066317452384527,stop_loss,1
2016-12-30 15:30:00,2016-12-30 16:30:00,long,1157.0,1158.8787175816713,1155.7945515114554,1158.9287175816712,23.076502550812226,43.35423106569245,1.558521661875063,take_profit,4
2017-01-03 09:30:00,2017-01-03 10:15:00,long,1152.6699999999998,1151.2778133496304,1151.3578133496303,1154.769498640591,21.265453032191928,-29.60547982547651,-1.0609669363557368,stop_loss,3
2017-01-03 11:30:00,2017-01-03 11:45:00,long,1150.29,1148.7920793970352,1148.8720793970351,1152.5586729647437,19.637934990879174,-29.41606742252066,-1.056420648541709,stop_loss,1
2017-01-03 12:00:00,2017-01-03 12:45:00,long,1148.1499999999999,1146.6259256025455,1146.7059256025454,1150.4605190359268,19.24152975593755,-29.325522868880313,-1.055398807804466,stop_loss,3
2017-01-04 14:15:00,2017-01-04 15:00:00,long,1164.61,1166.8518801175908,1163.1775749265057,1166.9018801175907,19.35706792330278,43.39622571210871,1.5650941602984858,take_profit,3
2017-01-05 10:30:00,2017-01-05 10:45:00,long,1175.1599999999999,1173.3948942703164,1173.4748942703163,1177.8561691674934,16.505992119151394,-29.13482126362408,-1.047474765880092,stop_loss,1
2017-01-05 11:00:00,2017-01-05 11:15:00,long,1173.55,1171.713046590222,1171.7930465902218,1176.361125455645,15.797841933139775,-29.019899606215954,-1.0455333644903138,stop_loss,1
2017-01-05 11:30:00,2017-01-05 14:30:00,long,1171.57,1174.3243683775715,1169.8172697640177,1174.3743683775715,15.802792628171902,43.526712292358425,1.5714730772748438,take_profit,12
2017-01-06 07:30:00,2017-01-06 08:45:00,long,1176.22,1174.5954619555434,1174.6754619555434,1178.6912608711307,17.98925314702269,-29.224226128698717,-1.0517954221244645,stop_loss,5
2017-01-06 09:00:00,2017-01-06 10:45:00,long,1174.4099999999999,1176.7272952561912,1172.9304404648803,1176.777295256191,18.739791651872455,43.42563029689738,1.5662061587836882,take_profit,7
2017-01-09 12:00:00,2017-01-09 13:00:00,long,1176.04,1177.8891475733008,1174.853032766687,1177.9391475733007,23.43239805166576,43.329961993856074,1.557875838020867,take_profit,4
2017-01-09 15:00:00,2017-01-09 15:15:00,long,1178.4099999999999,1180.3645107188331,1177.157180800729,1180.414510718833,22.26989227615746,43.52674316101183,1.5600900113686773,take_profit,1
2017-01-10 07:15:00,2017-01-10 07:45:00,long,1184.1,1186.0698719308746,1182.8375800432032,1186.1198719308745,22.169486425578054,43.67104903165301,1.5603935285314992,take_profit,2
2017-01-10 10:00:00,2017-01-10 11:15:00,long,1184.22,1182.7990619483242,1182.879061948324,1186.3655008826815,20.936496028701068,-29.749463875942205,-1.0596597284266343,stop_loss,5
2017-01-10 15:00:00,2017-01-10 15:45:00,long,1182.12,1184.2854738112637,1180.73532886796,1184.3354738112637,20.232273655208136,43.81245874267648,1.5638903427370785,take_profit,3
2017-01-11 11:45:00,2017-01-11 12:15:00,long,1188.6699999999998,1187.375860284502,1187.455860284502,1190.6126235447964,23.146158407196527,-29.954362855955154,-1.0658902752119641,stop_loss,2
2017-01-11 12:30:00,2017-01-11 13:30:00,long,1187.46,1189.3460203818945,1186.249987261316,1189.3960203818945,23.175591926549448,43.70963873594115,1.5586781209803904,take_profit,4
2017-01-12 15:30:00,2017-01-12 16:30:00,long,1201.44,1204.2541895624588,1199.6498815234634,1204.3041895624588,15.71414468028062,44.22258194221242,1.5720688878108848,take_profit,4
2017-01-13 16:00:00,2017-01-13 16:15:00,long,1196.4199999999998,1194.6884371707868,1194.7684371707867,1199.062500526741,17.086014167846965,-29.585507032452025,-1.0484389685847075,stop_loss,1
2017-01-16 10:00:00,2017-01-16 10:15:00,long,1204.06,1202.6255676932315,1202.7055676932314,1206.2270916908296,20.790595989358973,-29.822702564107814,-1.0590653365252292,stop_loss,1
2017-01-18 09:45:00,2017-01-18 10:00:00,long,1210.86,1212.7678903972778,1209.6363185017012,1212.8178903972778,22.963336063265242,43.81152836456961,1.5591396943816906,take_profit,1
2017-01-19 09:30:00,2017-01-19 10:00:00,long,1200.1499999999999,1198.7935453081725,1198.8735453081724,1202.192327506924,22.08259542389784,-29.954040170471753,-1.0626735915595995,stop_loss,2
2017-01-19 12:45:00,2017-01-19 15:00:00,long,1202.52,1204.8553017409065,1201.0291864119336,1204.9053017409065,18.86723107528265,44.060677576193086,1.5664612662508515,take_profit,9
2017-01-19 15:45:00,2017-01-19 16:15:00,long,1200.75,1199.0379049137841,1199.117904913784,1203.3613521379455,17.287991398094185,-29.598685123219248,-1.0490167519500408,stop_loss,2
2017-01-20 10:30:00,2017-01-20 10:45:00,long,1204.3999999999999,1203.0856239830896,1203.1656239830895,1206.3750016270565,22.810268553015447,-29.98126992536611,-1.0648100731899897,stop_loss,1
2017-01-20 11:00:00,2017-01-20 11:45:00,long,1202.1599999999999,1200.7986247609292,1200.8786247609291,1204.210200382513,21.926821312430018,-29.85063160626861,-1.0624329217239639,stop_loss,3
2017-01-20 12:00:00,2017-01-20 12:15:00,long,1201.3799999999999,1199.9880086890073,1200.0680086890072,1203.4791860975884,21.369642011463192,-29.746355998978764,-1.0609760135830466,stop_loss,1
2017-01-20 12:30:00,2017-01-20 14:00:00,long,1199.28,1201.4256451555736,1197.9077217777665,1201.4756451555736,20.38747789827203,43.74429318679275,1.5635642399698437,take_profit,6
2017-01-23 09:30:00,2017-01-23 09:45:00,long,1214.86,1213.3791032546094,1213.4591032546093,1217.1014347926248,20.03343972693304,-29.66745569059208,-1.0571062787197942,stop_loss,1
2017-01-23 10:00:00,2017-01-23 10:45:00,long,1213.83,1212.3331043368826,1212.4131043368825,1216.0970330609878,19.765354874077747,-29.58667399098249,-1.056461461547502,stop_loss,3
2017-01-23 11:00:00,2017-01-23 11:15:00,long,1211.93,1210.4422972971083,1210.5222972971083,1214.1823243246272,19.852396529229054,-29.534463975412628,-1.056830181426508,stop_loss,1
2017-01-24 10:00:00,2017-01-24 12:45:00,long,1213.11,1211.901690238418,1211.981690238418,1214.9152956185312,24.715910714116344,-29.864476182252428,-1.0709025151814378,stop_loss,11
2017-01-25 11:00:00,2017-01-25 11:45:00,long,1201.74,1203.5278831479905,1200.591323032506,1203.5778831479904,24.225674545792675,43.31267526912373,1.556471661385173,take_profit,3
2017-01-26 08:45:00,2017-01-26 11:15:00,long,1196.47,1198.1221638479296,1195.406147595044,1198.1721638479296,26.238695887946193,43.35062476288413,1.5530009992298368,take_profit,10
2017-01-26 11:45:00,2017-01-26 12:00:00,long,1195.06,1193.8289148951485,1193.9089148951484,1196.9017361677625,24.325569720960246,-29.946846550499483,-1.0694996396554421,stop_loss,1
2017-01-27 12:15:00,2017-01-27 12:45:00,short,1184.65,1182.9776282762975,1185.7264823273142,1182.9276282762976,25.955751033495687,43.40766409588153,1.5535524190863421,take_profit,2
2017-01-27 13:30:00,2017-01-27 14:00:00,short,1185.17,1183.4300515774516,1186.2887177640928,1183.3800515774517,25.05343484077594,43.591684430627794,1.5553059747464906,take_profit,2
2017-01-30 12:45:00,2017-01-30 15:15:00,short,1191.14,1192.2536674197495,1192.1736674197496,1189.4861321284009,27.19917977446832,-30.290840358731938,-1.0773943325207225,stop_loss,10
2017-01-30 15:30:00,2017-01-30 15:45:00,short,1191.5900000000001,1192.7450702023373,1192.6650702023373,1189.8698876762608,26.095341713563375,-30.14195163314216,-1.074413745098699,stop_loss,1
2017-01-30 16:00:00,2017-01-30 16:45:00,short,1193.26,1194.4780962458926,1194.3980962458927,1191.4390460065717,24.597252204126598,-29.96182056912104,-1.070292824784055,stop_loss,3
2017-01-31 10:00:00,2017-01-31 10:15:00,short,1201.3500000000001,1199.8214387401017,1202.3366007874367,1199.7714387401018,28.31349529350495,43.278912037968034,1.5493209405092336,take_profit,1
2017-01-31 12:30:00,2017-01-31 13:45:00,short,1198.6200000000001,1199.8145090844998,1199.7345090845,1196.8367854648004,25.141719314299372,-30.03201212087252,-1.0717804826470596,stop_loss,5
2017-01-31 14:00:00,2017-01-31 14:15:00,short,1204.07,1205.5467124534161,1205.4667124534162,1201.835260074534,20.018873951541334,-29.562120467610505,-1.057277358560276,stop_loss,1
2017-01-31 14:30:00,2017-01-31 16:15:00,short,1205.14,1206.6644102276905,1206.5844102276906,1202.8289436356954,19.31687118774169,-29.446836005571356,-1.0553859273953234,stop_loss,7
2017-02-01 15:30:00,2017-02-01 15:45:00,long,1206.1499999999999,1204.8386496539247,1204.9186496539246,1208.1201605537203,22.61143039207832,-29.65150706990691,-1.064969324331548,stop_loss,1
2017-02-01 16:00:00,2017-02-01 16:15:00,long,1205.76,1204.4061315893537,1204.4861315893536,1207.7981894570344,21.81017237903275,-29.52810341472351,-1.0628008351030014,stop_loss,1
2017-02-02 08:45:00,2017-02-02 09:00:00,long,1214.3899999999999,1213.2389032803278,1213.3189032803277,1216.1037547514752,25.883968187354096,-29.794950872559475,-1.0746898002118939,stop_loss,1
2017-02-02 09:15:00,2017-02-02 09:30:00,long,1213.01,1214.7954722091804,1211.8628298692624,1214.8454722091803,24.115554244810657,43.0576519130918,1.5564144858203943,take_profit,1
2017-02-02 14:45:00,2017-02-02 15:00:00,long,1219.58,1221.9705452255976,1218.0546592340015,1222.0205452255975,18.193153581317887,43.49155643238397,1.5672204394490887,take_profit,1
2017-02-06 12:15:00,2017-02-06 13:15:00,long,1222.25,1223.7711142918436,1221.268053567598,1223.8211142918435,28.349552494855438,43.12290946729385,1.549080725434828,take_profit,4
2017-02-07 10:00:00,2017-02-07 10:15:00,long,1230.69,1229.585409399775,1229.665409399775,1232.3293449603605,27.253800440213233,-30.10429178666853,-1.0780799667519405,stop_loss,1
2017-02-07 11:45:00,2017-02-07 12:45:00,long,1229.1299999999999,1231.031637017379,1227.910226864138,1231.0816370173789,22.843411080856782,43.43987611456327,1.5590087709508713,take_profit,4
2017-02-07 13:30:00,2017-02-07 14:00:00,long,1228.82,1230.6238189639425,1227.661363147536,1230.6738189639425,24.12374408829421,43.51486706776337,1.556845840097758,take_profit,2
2017-02-07 15:30:00,2017-02-07 15:45:00,long,1228.01,1230.1381405471193,1226.6486621580505,1230.1881405471192,20.595687411504525,43.83051747621734,1.5632714242863102,take_profit,1
2017-02-09 13:15:00,2017-02-09 13:30:00,long,1241.2,1240.135612987445,1240.215612987445,1242.775019220088,28.57143514743722,-30.4110645009901,-1.0812688495272587,stop_loss,1
2017-02-09 13:45:00,2017-02-09 14:00:00,long,1236.81,1238.7340522867087,1235.576217320807,1238.7840522867086,22.74673492624608,43.76590735000109,1.559474224396908,take_profit,1
2017-02-10 08:15:00,2017-02-10 09:15:00,long,1223.54,1222.453729396913,1222.533729396913,1225.150032964939,27.97662903848455,-30.390189697971955,-1.0795014777878948,stop_loss,4
2017-02-10 09:30:00,2017-02-10 10:30:00,long,1222.33,1223.9875065479619,1221.2628084075236,1224.0375065479618,26.322620224467904,43.629915381570676,1.553148056681967,take_profit,4
2017-02-13 15:30:00,2017-02-13 15:45:00,long,1226.24,1225.0279218710698,1225.1079218710697,1228.0513250062884,24.890984205205516,-30.169817562677057,-1.0706665007966545,stop_loss,1
2017-02-13 16:00:00,2017-02-13 16:30:00,long,1225.3899999999999,1224.1544836541366,1224.2344836541365,1227.2388261533813,24.33388267660388,-30.06490980526361,-1.0692331184117987,stop_loss,2
2017-02-14 09:30:00,2017-02-14 09:45:00,long,1227.76,1226.7350661789515,1226.8150661789514,1229.2718941136777,29.69315813078854,-30.433522021987468,-1.0846620135906977,stop_loss,1
2017-02-14 10:00:00,2017-02-14 10:15:00,long,1226.85,1228.3723576796506,1225.8672764502182,1228.4223576796505,28.489397993670483,43.37105382428859,1.5491209913397226,take_profit,1
2017-02-15 15:15:00,2017-02-15 15:30:00,long,1225.4199999999998,1224.4176057800826,1224.4976057800825,1226.8958307518674,30.446791435496586,-30.51968774996866,-1.0867308123495132,stop_loss,1
2017-02-15 15:45:00,2017-02-15 16:00:00,long,1218.1299999999999,1220.398976515641,1216.6806396777242,1220.4489765156409,19.334671046901732,43.86991454306485,1.5655020223532168,take_profit,1
2017-02-16 08:30:00,2017-02-16 08:45:00,long,1233.5,1232.5341262013092,1232.614126201309,1234.9173980779055,31.732110070596462,-30.649213694362746,-1.090306316902189,stop_loss,1
2017-02-16 12:15:00,2017-02-16 13:15:00,long,1236.46,1235.1695693353993,1235.2495693353992,1238.3966890633615,23.17303029544321,-29.903188884962386,-1.0660921788744577,stop_loss,4
2017-02-16 13:30:00,2017-02-16 13:45:00,long,1235.8799999999999,1237.691278731337,1234.7167007929143,1237.741278731337,24.06048238757066,43.58024001431755,1.5570187964580735,take_profit,1
2017-02-20 08:30:00,2017-02-20 09:00:00,long,1233.1,1234.3045961488413,1232.315877406974,1234.3545961488412,35.80651904856291,43.13239494931321,1.5362344607276117,take_profit,2
2017-02-21 15:00:00,2017-02-21 15:15:00,long,1229.99,1228.9826756710272,1229.0626756710271,1231.4737189263567,30.370135316820548,-30.592576178829386,-1.0862697089900977,stop_loss,1
2017-02-22 07:45:00,2017-02-22 08:30:00,long,1234.4099999999999,1233.558596364552,1233.6385963645519,1235.6442458167166,36.429411153614886,-31.016133093414833,-1.1037070559739675,stop_loss,3
2017-02-27 09:45:00,2017-02-27 10:00:00,long,1255.8999999999999,1254.9528358327568,1255.0328358327567,1257.287462667589,32.33499375796999,-30.626547435576708,-1.0922547344803957,stop_loss,1
2017-02-27 10:30:00,2017-02-27 12:00:00,long,1254.37,1255.8788686154128,1253.3957071153668,1255.9288686154127,28.716718844361516,43.329755801893114,1.5486807295951104,take_profit,6
2017-02-28 10:45:00,2017-02-28 11:00:00,long,1251.55,1252.8771612686,1250.689274207125,1252.9271612686,32.60638240888729,43.273927842238635,1.5419094903234458,take_profit,1
2017-03-01 09:15:00,2017-03-01 09:45:00,long,1243.1399999999999,1244.9552292514309,1241.9742317178557,1245.0052292514308,24.148625964998033,43.835292233530396,1.557109829830194,take_profit,2
2017-03-01 12:15:00,2017-03-01 14:00:00,long,1244.36,1242.9855365986255,1243.0655365986254,1246.431141442199,21.81550498982042,-29.984613191009675,-1.061801670031752,stop_loss,7
2017-03-01 14:15:00,2017-03-01 15:15:00,long,1241.44,1239.9423289820554,1240.0223289820553,1243.7082736287118,19.877251639309858,-29.76958369658696,-1.0564305815575665,stop_loss,4
2017-03-01 16:00:00,2017-03-01 16:30:00,long,1237.85,1240.5847940871017,1236.1095036955614,1240.6347940871017,16.15623332628834,44.183971370570696,1.57127256181342,take_profit,2
2017-03-02 12:15:00,2017-03-02 13:15:00,long,1243.53,1242.5269384930916,1242.6069384930915,1245.0068984110535,30.559428737602047,-30.65298663979752,-1.0866681140976924,stop_loss,4
2017-03-02 13:30:00,2017-03-02 13:45:00,long,1242.6299999999999,1241.6505625519044,1241.7305625519043,1244.0690999169528,31.293923137300006,-30.650440218493706,-1.0889444843210785,stop_loss,1
2017-03-02 14:00:00,2017-03-02 14:15:00,long,1241.01,1239.9735462819992,1240.0535462819992,1242.5403259488012,29.364333013184673,-30.434772128127637,-1.0836423116919263,stop_loss,1
2017-03-02 14:30:00,2017-03-02 14:45:00,long,1239.1499999999999,1240.7447402313642,1238.1220373553972,1240.7947402313641,27.26242640232419,43.476488188395024,1.551360100230801,take_profit,1
2017-03-03 15:00:00,2017-03-03 15:15:00,short,1228.21,1229.5173522629905,1229.4373522629905,1226.2462363792151,22.904352537469478,-29.944057122191424,-1.0651809610103322,stop_loss,1
2017-03-03 15:30:00,2017-03-03 15:45:00,short,1230.41,1228.332714020854,1231.7395537369664,1228.282714020854,21.098673957291727,43.827979590058206,1.5623933966640255,take_profit,1
2017-03-07 13:00:00,2017-03-07 14:30:00,short,1224.8300000000002,1223.4310619863147,1225.7355862585537,1223.3810619863148,31.073215277226367,43.46950205874306,1.5447871480735071,take_profit,6
2017-03-08 13:45:00,2017-03-08 14:30:00,short,1214.16,1212.8396511544258,1215.0164680284838,1212.7896511544259,32.95676526095204,43.51442696615939,1.5416207046417767,take_profit,3
2017-03-09 07:45:00,2017-03-09 08:15:00,short,1205.6100000000001,1204.2295932629795,1206.504004210638,1204.1795932629796,31.670370547786025,43.71799286810329,1.5440718517821785,take_profit,2
2017-03-09 09:15:00,2017-03-09 09:30:00,short,1206.71,1205.136745981703,1207.7245337614356,1205.086745981703,27.994022168103534,44.04170786426756,1.5507162778604164,take_profit,1
2017-03-09 12:15:00,2017-03-09 14:15:00,short,1205.1200000000001,1206.1816038161492,1206.1016038161492,1203.5494338941617,29.02287415243502,-30.8107939558385,-1.0814992756586577,stop_loss,8
2017-03-09 14:30:00,2017-03-09 14:45:00,short,1206.14,1207.3441307718133,1207.2641307718134,1204.3413907650988,25.288287758442586,-30.450405456407704,-1.0711660974024257,stop_loss,1
2017-03-09 15:00:00,2017-03-09 15:30:00,short,1207.72,1205.9272399964373,1208.8717250022266,1205.8772399964373,24.62952664045749,44.154830267695715,1.5565868589262593,take_profit,2
2017-03-10 15:45:00,2017-03-10 16:00:00,short,1201.2,1202.5972100453134,1202.5172100453135,1199.0924639274986,21.602288402367357,-30.182934357544532,-1.06073442901879,stop_loss,1
2017-03-13 08:45:00,2017-03-13 10:30:00,short,1210.21,1208.7555094650597,1211.1503065843376,1208.7055094650598,30.196944155873133,43.921169458838435,1.5468258535751487,take_profit,7
2017-03-14 10:45:00,2017-03-14 13:15:00,short,1203.44,1204.3285108668313,1204.2485108668313,1202.14638261307,35.22800858223075,-31.300468442135198,-1.0989473404525325,stop_loss,10
2017-03-14 13:30:00,2017-03-14 14:00:00,short,1204.91,1205.7922788008532,1205.7122788008533,1203.626353918635,35.42362927756851,-31.25351716087793,-1.0997159589843981,stop_loss,2
2017-03-15 08:15:00,2017-03-15 09:15:00,short,1204.7,1203.1226551533189,1205.7170905291757,1203.072655153319,27.880625146845052,43.977360397625525,1.550840167550835,take_profit,4
2017-03-16 07:45:00,2017-03-16 09:15:00,short,1226.0800000000002,1227.3142594163771,1227.2342594163772,1224.233184933797,24.643571541682622,-30.416560228481345,-1.06930850973781,stop_loss,6
2017-03-16 14:00:00,2017-03-16 14:15:00,short,1227.0900000000001,1228.388977101978,1228.3089771019781,1225.1396366368351,23.28529497283689,-30.24706498251682,-1.065628796365505,stop_loss,1
2017-03-16 14:30:00,2017-03-16 15:30:00,short,1231.7,1229.228962202169,1233.2756486236444,1229.178962202169,17.97592866182014,44.419199174472254,1.5682670366669014,take_profit,4
2017-03-20 10:15:00,2017-03-20 13:15:00,long,1232.84,1231.9919656059815,1232.0719656059814,1234.0688550304296,36.993897505572605,-31.372097453518585,-1.1041620018881586,stop_loss,12
2017-03-20 14:00:00,2017-03-20 14:15:00,long,1231.18,1230.355580231474,1230.435580231474,1232.3710716296418,38.083138918112965,-31.396492571614697,-1.1074662487245914,stop_loss,1
2017-03-20 16:00:00,2017-03-20 16:45:00,long,1231.3999999999999,1232.8411179202092,1230.468051299869,1232.8911179202091,30.352581069168593,43.74164850338466,1.5463489782292807,take_profit,3
2017-03-21 07:30:00,2017-03-21 08:00:00,long,1227.96,1229.4210688197502,1227.015581987656,1229.4710688197501,30.044462726425373,43.89702769572579,1.5470573418268014,take_profit,2
2017-03-21 10:00:00,2017-03-21 10:30:00,long,1228.4099999999999,1229.777861282154,1227.5238366986537,1229.827861282154,32.118601370859956,43.933791252140324,1.5435769909181951,take_profit,2
2017-03-22 12:00:00,2017-03-22 12:30:00,long,1246.03,1244.934703789613,1245.014703789613,1247.6544739366193,28.12006300805856,-30.799798448570343,-1.0787947390933603,stop_loss,2
2017-03-22 13:30:00,2017-03-22 14:15:00,long,1244.86,1246.3061174608288,1243.9249265869819,1246.3561174608287,30.46669214888868,44.05841549020585,1.5465282625900185,take_profit,3
2017-03-24 10:30:00,2017-03-24 10:45:00,long,1241.79,1243.2661696441103,1240.836143972431,1243.3161696441102,29.959144583741974,44.22477979803183,1.5475811877738102,take_profit,1
2017-03-24 15:45:00,2017-03-24 16:00:00,long,1244.36,1245.9138321221985,1243.3576049236258,1245.9638321221985,28.596668995317998,44.43442287280667,1.5501194676845225,take_profit,1
2017-03-27 07:45:00,2017-03-27 09:15:00,long,1256.28,1257.7132187653406,1255.352988271662,1257.7632187653405,31.017977624627864,44.455547594531446,1.546063249825659,take_profit,6
2017-03-27 11:45:00,2017-03-27 13:30:00,long,1257.44,1256.465872076795,1256.545872076795,1258.8706046771283,32.25818073005701,-31.42359460094393,-1.089472655895988,stop_loss,7
2017-03-30 13:00:00,2017-03-30 14:15:00,long,1249.59,1250.7996125987775,1248.8027421257639,1250.8496125987774,36.557389764145505,44.220279237131464,1.5364884091522661,take_profit,5
2017-03-30 15:45:00,2017-03-30 16:00:00,long,1246.95,1245.8466317219718,1245.9266317219717,1248.5873892448453,28.20933004434495,-31.125279915359634,-1.0781732263130719,stop_loss,1
2017-03-31 15:45:00,2017-03-31 16:00:00,long,1240.5,1241.8443201723169,1239.628549892302,1241.8943201723168,33.055573345535834,44.43727405590413,1.5426243687870367,take_profit,1
2017-04-05 12:00:00,2017-04-05 12:15:00,long,1254.76,1253.9766801162157,1254.0566801162156,1255.885311814055,41.08394795355076,-32.181873336376256,-1.1137462509512275,stop_loss,1
2017-04-05 12:30:00,2017-04-05 14:45:00,long,1252.6,1251.6828007124511,1251.762800712451,1253.939518860078,34.43719336865773,-31.58576922291255,-1.0955566986137202,stop_loss,9
2017-04-05 15:30:00,2017-04-05 16:00:00,long,1248.59,1250.2889568027697,1247.4969019982689,1250.3389568027696,26.3175142296662,44.712319832481654,1.5542584471650958,take_profit,2
2017-04-06 07:15:00,2017-04-06 10:15:00,long,1253.1299999999999,1253.6100000000001,1252.0369874565895,1254.8788200694567,26.401386725720823,12.672665628352478,0.43915324018383106,time_stop,12
2017-04-06 13:00:00,2017-04-06 13:45:00,long,1253.56,1252.6158096296099,1252.6958096296098,1254.942704592624,33.42133073394407,-31.556098644611367,-1.0925721955959908,stop_loss,3
2017-04-06 14:00:00,2017-04-06 15:00:00,long,1251.29,1252.7435464876598,1250.3502834452127,1252.7935464876598,30.668056066259087,44.57744517846711,1.5467924665739927,take_profit,4
2017-04-07 07:45:00,2017-04-07 08:00:00,long,1262.4199999999998,1265.0944786929006,1260.7172008169368,1265.1444786929005,16.9770077214656,45.40464542027076,1.570636584456101,take_profit,1
2017-04-07 14:15:00,2017-04-07 14:30:00,long,1263.6499999999999,1262.4481672151796,1262.5281672151796,1265.4449324557122,25.84988116072199,-31.067234662662408,-1.071311875604297,stop_loss,1
2017-04-10 14:15:00,2017-04-10 14:30:00,long,1251.47,1250.5600111982292,1250.640011198229,1252.7979820828334,34.86445797670874,-31.72626633861537,-1.0963868426046635,stop_loss,1
2017-04-10 15:30:00,2017-04-10 16:00:00,long,1248.1399999999999,1249.946889546546,1246.9794440334088,1249.9968895465458,24.879159643299303,44.953893486327054,1.5569172005149938,take_profit,2
2017-04-11 12:15:00,2017-04-11 13:30:00,long,1256.1,1257.4553590602554,1255.2216505873403,1257.5053590602554,32.97499211284818,44.692954322003196,1.5430750458994344,take_profit,5
2017-04-12 08:45:00,2017-04-12 10:15:00,long,1274.53,1273.4409671044182,1273.520967104418,1276.1444526329308,28.792867894229552,-31.356380294956907,-1.0792838373755838,stop_loss,6
2017-04-12 12:30:00,2017-04-12 15:00:00,long,1273.12,1274.6075825848593,1272.1590108844628,1274.6575825848593,30.16708267983559,44.87602683053738,1.5479702743854147,take_profit,10
2017-04-17 07:15:00,2017-04-17 08:45:00,long,1290.82,1289.7152928284536,1289.7952928284535,1292.4595314744743,28.378829546597277,-31.350296520217512,-1.0780710843266532,stop_loss,6
2017-04-17 09:00:00,2017-04-17 09:15:00,long,1288.2,1287.0464084390574,1287.1264084390573,1289.9177464975085,27.028239247680226,-31.179548703263816,-1.0745162340226262,stop_loss,1
2017-04-17 09:30:00,2017-04-17 10:15:00,long,1287.47,1289.1121385616273,1286.412413398983,1289.1621385616272,27.378306833882032,44.958973403980124,1.5527225477782816,take_profit,3
2017-04-18 14:15:00,2017-04-18 15:15:00,long,1284.85,1283.8009874067084,1283.8809874067083,1286.4004201492667,29.97365422691902,-31.442740751004138,-1.082558266583696,stop_loss,4
2017-04-19 08:30:00,2017-04-19 08:45:00,long,1285.47,1284.5166998210223,1284.5966998210222,1286.8672802863648,33.1867136054785,-31.63690001978665,-1.0916065310939973,stop_loss,1
2017-04-19 11:30:00,2017-04-19 12:30:00,long,1282.37,1281.295779046413,1281.3757790464128,1283.9607535257392,29.086783000273314,-31.245631771330967,-1.0804650110333076,stop_loss,4
2017-04-20 11:00:00,2017-04-20 11:30:00,long,1278.51,1280.2553947433387,1277.3878782854133,1280.3053947433386,25.71574677921397,44.884129249468984,1.5554415538439013,take_profit,2
2017-04-20 13:15:00,2017-04-20 15:00:00,long,1277.71,1279.5914993958568,1276.5028128775896,1279.6414993958567,23.978027589019852,45.114644422576994,1.5585814004541716,take_profit,7
2017-04-21 15:30:00,2017-04-21 17:15:00,long,1282.51,1281.3811133959478,1281.4611133959477,1284.1882185664838,27.68287372813511,-31.25082531336144,-1.0762713525855434,stop_loss,7
2017-04-24 08:30:00,2017-04-24 08:45:00,long,1274.46,1273.059709996798,1273.1397099967978,1276.5724640051235,21.944946711868937,-30.72928950143384,-1.0605927484157995,stop_loss,1
2017-04-24 09:00:00,2017-04-24 09:15:00,long,1272.2,1270.7372499462188,1270.8172499462187,1274.4124000860504,20.90922730859249,-30.584973370168928,-1.0578557200422112,stop_loss,1
2017-04-24 15:15:00,2017-04-24 15:30:00,long,1267.58,1269.3462134027263,1266.4448666232959,1269.3962134027263,25.41645398756029,44.890881682608025,1.555952312718291,take_profit,1
2017-04-25 13:00:00,2017-04-25 14:30:00,short,1270.98,1269.6082049445695,1271.8686219096442,1269.5582049445695,32.56823480044234,44.676943463347605,1.5437331001436663,take_profit,6
2017-04-26 11:00:00,2017-04-26 11:30:00,short,1264.8600000000001,1265.8416436763391,1265.7616436763392,1263.4173701178574,32.19697719935855,-31.605959064980972,-1.0887268464242446,stop_loss,2
2017-04-26 11:45:00,2017-04-26 12:45:00,short,1265.52,1264.077101366229,1266.4530616461068,1264.027101366229,31.045096636186045,44.79492752163957,1.5464129725955629,take_profit,4
2017-04-26 14:15:00,2017-04-26 14:30:00,short,1265.49,1264.084833311005,1266.399479180622,1264.034833311005,31.948591507150482,44.89309654615628,1.545023480399079,take_profit,1
2017-04-28 12:00:00,2017-04-28 14:00:00,short,1266.95,1267.7851974526388,1267.705197452639,1265.7416840757778,38.59436352333399,-32.23391410090417,-1.1059325607102954,stop_loss,8
2017-04-28 15:15:00,2017-04-28 15:30:00,short,1268.1100000000001,1266.905568233678,1268.8940198539515,1266.855568233678,37.0933172728596,44.67636964169854,1.5362261048007813,take_profit,1
2017-05-01 15:45:00,2017-05-01 16:00:00,short,1264.71,1263.4915904278948,1265.5027559825658,1263.4415904278949,36.79726242583535,44.83413676690486,1.5369288897219904,take_profit,1
2017-05-03 15:15:00,2017-05-03 15:30:00,short,1254.3400000000001,1253.253623126695,1255.050235545816,1253.203623126695,41.198892925089666,44.75752447959457,1.5296008200454514,take_profit,1
2017-05-05 07:15:00,2017-05-05 07:30:00,short,1231.23,1232.4088355122988,1232.3288355122988,1229.471863180322,26.710488443545348,-31.487272328096537,-1.072804345240502,stop_loss,1
2017-05-05 07:45:00,2017-05-05 08:00:00,short,1234.38,1232.4002595789511,1235.6485877631555,1232.3502595789512,23.08666342099196,45.70560076169055,1.560586093093505,take_profit,1
2017-05-05 11:00:00,2017-05-05 12:30:00,short,1233.56,1234.9765273675146,1234.8965273675146,1231.4215562119764,21.981495196849465,-31.137389525228397,-1.0598566119515305,stop_loss,6
2017-05-05 12:45:00,2017-05-05 13:45:00,short,1235.2,1233.2530840455286,1236.4480724715447,1233.2030840455286,23.48949744412515,45.73207733648427,1.5599382238291677,take_profit,4
2017-05-08 13:00:00,2017-05-08 13:15:00,short,1232.88,1234.0462542664159,1233.966254266416,1231.1419931737348,27.072905667048193,-31.573891738466436,-1.0736475818538254,stop_loss,1
2017-05-08 13:30:00,2017-05-08 14:15:00,short,1235.0,1233.0305961549038,1236.262127403185,1232.9805961549039,23.25035604771183,45.7893406002186,1.560384347987517,take_profit,3
2017-05-09 14:15:00,2017-05-09 14:45:00,short,1225.54,1224.0249032480947,1226.5181854699408,1223.9749032480947,30.092953828692558,45.59373660108752,1.5488849491874848,take_profit,2
2017-05-10 13:45:00,2017-05-10 14:15:00,short,1224.29,1225.3490230642255,1225.2690230642256,1222.7235630972389,30.160349367647093,-31.9405056054398,-1.0817141116723352,stop_loss,2
2017-05-11 13:45:00,2017-05-11 14:30:00,short,1223.22,1222.0380163625532,1223.9899897734042,1221.9880163625533,38.265179178364804,45.228815672797936,1.5350640726320166,take_profit,3
2017-05-12 11:15:00,2017-05-12 11:30:00,short,1228.54,1229.3591207765319,1229.279120776532,1227.3574067575487,39.98569004491485,-32.753109479755224,-1.1082367084514837,stop_loss,1
2017-05-15 07:45:00,2017-05-15 08:30:00,short,1230.6000000000001,1231.415004916892,1231.335004916892,1229.4239921329731,40.120477264153834,-32.69838623833482,-1.1088428092946838,stop_loss,3
2017-05-15 12:30:00,2017-05-15 12:45:00,short,1231.26,1232.2682152411915,1232.1882152411915,1229.7748556140937,31.698845245159294,-31.959258904339197,-1.0861869062796603,stop_loss,1
2017-05-15 13:00:00,2017-05-15 15:00:00,short,1232.17,1233.2251447742926,1233.1451447742927,1230.6097683611317,30.10776813957436,-31.768054218083844,-1.0820391003561078,stop_loss,8
2017-05-15 15:15:00,2017-05-15 16:00:00,short,1235.6100000000001,1236.7914732830732,1236.7114732830732,1233.847642747083,26.597010666248874,-31.42365751178189,-1.0726299958694654,stop_loss,3
2017-05-16 09:15:00,2017-05-16 11:30:00,short,1234.96,1233.742509152653,1235.752181779592,1233.692509152653,36.901946114582785,44.92778164380071,1.5368831734227337,take_profit,9
2017-05-17 08:15:00,2017-05-17 08:30:00,long,1241.56,1243.0687386297052,1240.585788356434,1243.1187386297051,30.0991115230535,45.41169227463721,1.5486764499988817,take_profit,1
2017-05-18 08:00:00,2017-05-18 08:15:00,long,1259.98,1258.7731223818341,1258.853122381834,1261.7830041890657,26.101972225847565,-31.501886069363135,-1.0709926248514283,stop_loss,1
2017-05-18 09:15:00,2017-05-18 09:30:00,long,1257.51,1256.2721064670195,1256.3521064670194,1259.3626296527689,25.348379348493594,-31.37859486703615,-1.0690909809246434,stop_loss,1
2017-05-18 09:45:00,2017-05-18 10:00:00,long,1256.86,1255.6087040455423,1255.6887040455422,1258.734073527132,25.004754108438835,-31.28834765809772,-1.0683004151900835,stop_loss,1
2017-05-18 10:15:00,2017-05-18 10:30:00,long,1255.11,1257.051828704517,1253.8651070596768,1257.101828704517,23.47622810562579,45.58681360929509,1.559835903650569,take_profit,1
2017-05-18 14:45:00,2017-05-18 15:30:00,long,1259.79,1257.9302358049304,1258.0102358049303,1262.6376227121114,16.472162066491702,-30.634337226644966,-1.0449497749317265,stop_loss,3
2017-05-19 11:45:00,2017-05-19 12:00:00,long,1248.61,1250.3429672318073,1247.4956454801204,1250.3929672318072,26.25313135539405,45.49581637123273,1.5551309757282403,take_profit,1
2017-05-23 11:15:00,2017-05-23 11:30:00,long,1259.26,1260.6825446476996,1258.3396595951876,1260.7325446476996,31.886340169537014,45.3597425429044,1.545672275455155,take_profit,1
2017-05-24 09:00:00,2017-05-24 09:15:00,long,1249.01,1247.9351682997851,1248.015168299785,1250.601730720344,29.589936366464396,-31.80420161401681,-1.0804156119900907,stop_loss,1
2017-05-24 14:15:00,2017-05-24 15:30:00,long,1251.73,1253.214236643301,1250.7711020979368,1253.264236643301,30.632456529806678,45.46581445586632,1.5478568053048571,take_profit,5
2017-05-25 15:30:00,2017-05-25 15:45:00,long,1256.62,1255.6157923635783,1255.6957923635782,1258.0987322182746,31.880638905414113,-32.014781042816324,-1.0865606351292116,stop_loss,1
2017-05-25 16:00:00,2017-05-25 16:30:00,long,1254.9099999999999,1256.572172167798,1253.839892395126,1256.622172167798,27.474153285517097,45.666772925007706,1.553275726878176,take_profit,2
2017-05-30 07:15:00,2017-05-30 09:00:00,long,1267.6499999999999,1266.744141236875,1266.824141236875,1268.9713740209995,35.710263341591194,-32.348454981474596,-1.0968688637476276,stop_loss,7
2017-06-01 07:15:00,2017-06-01 08:00:00,long,1268.5,1267.5942057355394,1267.6742057355393,1269.8212708231372,35.63470742123083,-32.27771359788282,-1.0968764296906015,stop_loss,3
2017-06-01 08:15:00,2017-06-01 09:15:00,long,1267.1,1266.1291256250713,1266.2091256250712,1268.525398999886,32.9590595524112,-31.99910634118168,-1.0897994175736985,stop_loss,4
2017-06-01 09:30:00,2017-06-01 10:15:00,long,1266.2,1267.5614925307623,1265.3178171682737,1267.6114925307622,33.21123729757243,45.216851518016995,1.543322406419871,take_profit,3
2017-06-01 11:30:00,2017-06-01 14:15:00,long,1266.05,1264.9936164340902,1265.0736164340901,1267.6122137054556,30.09966379345943,-31.796790170819413,-1.0819350128301068,stop_loss,11
2017-06-01 15:30:00,2017-06-01 15:45:00,long,1262.44,1264.3338170197862,1261.2251143626338,1264.3838170197862,24.13825843770556,45.713444657324246,1.5588438627785468,take_profit,1
2017-06-02 15:00:00,2017-06-02 15:30:00,long,1262.46,1263.6927214583145,1261.6582990885536,1263.7427214583145,36.692798968187766,45.23200065370419,1.5376326017770747,take_profit,2
2017-06-05 08:15:00,2017-06-05 10:00:00,long,1280.04,1281.4010036126563,1279.1581227420897,1281.4510036126562,33.45943453349524,45.53841127752413,1.543302767418529,take_profit,7
2017-06-06 12:00:00,2017-06-06 13:15:00,long,1288.54,1289.8063215761226,1287.7172990149234,1289.8563215761226,35.97685153789405,45.55826334339707,1.5392245774505142,take_profit,5
2017-06-07 13:15:00,2017-06-07 13:30:00,long,1291.28,1290.369780271782,1290.449780271782,1292.608351565149,35.76078322131889,-32.550170384570016,-1.0963600325080665,stop_loss,1
2017-06-07 13:45:00,2017-06-07 14:30:00,long,1288.71,1290.3118949719908,1287.677565642506,1290.3618949719908,28.693550511046535,45.96405429220833,1.551570770928991,take_profit,3
2017-06-08 11:45:00,2017-06-08 12:00:00,long,1284.96,1283.7623975900492,1283.8423975900491,1286.7481638559216,26.589183443142165,-31.843270170131824,-1.0715818069893401,stop_loss,1
2017-06-08 12:15:00,2017-06-08 14:15:00,long,1283.82,1285.5319984267894,1282.7187509832565,1285.5819984267894,26.926197893034317,46.0976084322969,1.554597008269924,take_profit,8
2017-06-08 14:45:00,2017-06-08 15:00:00,long,1282.6499999999999,1281.4241458435997,1281.5041458435996,1284.48336665024,25.958490445809964,-31.821323406869627,-1.0698169130452455,stop_loss,1
2017-06-09 10:15:00,2017-06-09 10:45:00,long,1272.06,1274.0362116230501,1270.7936177355937,1274.08621162305,23.43763203151656,46.317720837456136,1.5605174508478248,take_profit,2
2017-06-09 16:00:00,2017-06-09 16:15:00,long,1267.5,1265.9620945920487,1266.0420945920487,1269.8326486527221,20.422200784553123,-31.407413028830653,-1.0548732445627897,stop_loss,1
2017-06-12 12:00:00,2017-06-12 13:15:00,short,1269.89,1268.4657263859203,1270.8114210088,1268.4157263859204,32.24456774510638,45.92508703676252,1.5457359887364837,take_profit,5
2017-06-13 14:45:00,2017-06-13 15:30:00,short,1263.7,1262.5042322829627,1264.4786048231483,1262.4542322829627,38.277019905396074,45.77042470726943,1.5357825709354205,take_profit,3
2017-06-14 12:00:00,2017-06-14 13:00:00,short,1268.18,1267.0363998552832,1268.926000090448,1266.9863998552833,40.07266694236807,45.827107714482516,1.5329758794400632,take_profit,4
2017-06-15 11:00:00,2017-06-15 11:15:00,short,1262.8300000000002,1261.1729717554801,1263.896892652825,1261.1229717554802,28.105796116911545,46.57209800044315,1.5531349289289513,take_profit,1
2017-06-16 09:30:00,2017-06-16 11:00:00,short,1254.39,1255.3037502003017,1255.2237502003018,1253.0559996795173,36.0767668350125,-32.96515292172652,-1.0959520009362298,stop_loss,6
2017-06-19 12:45:00,2017-06-19 14:15:00,short,1251.63,1250.4294053727433,1252.4116216420357,1250.3794053727433,38.39847779920882,46.10100614056983,1.536030430439566,take_profit,6
2017-06-19 15:15:00,2017-06-19 15:30:00,short,1252.43,1251.1331360905185,1253.271789943426,1251.0831360905186,35.76341522784367,46.38028248879314,1.5406027591675575,take_profit,1
2017-06-21 10:30:00,2017-06-21 10:45:00,short,1246.0900000000001,1245.1015358516102,1246.7390400927438,1245.0515358516102,46.52723950948411,45.9905081786795,1.5229631565770554,take_profit,1
2017-06-21 13:00:00,2017-06-21 14:15:00,short,1247.23,1245.9924881081713,1248.034694932393,1245.9424881081713,37.64162497286425,46.58195853167632,1.5378646515750296,take_profit,5
2017-06-22 08:45:00,2017-06-22 11:00:00,short,1253.3400000000001,1252.1121466224752,1254.1386583609533,1252.0621466224752,38.042785582941875,46.71096276847379,1.537395008373325,take_profit,9
2017-06-22 15:15:00,2017-06-22 15:30:00,short,1252.0800000000002,1253.0453998236287,1252.9653998236288,1250.6633602821942,34.421297465814796,-33.230314502563765,-1.0903546599682656,stop_loss,1
2017-06-22 16:00:00,2017-06-22 16:30:00,short,1253.54,1251.8528318294389,1254.6257301066007,1251.802831829439,28.00894061186657,47.25579309147765,1.5539480394841099,take_profit,2
2017-06-23 11:15:00,2017-06-23 12:30:00,short,1257.46,1256.0522267148392,1258.3711083032256,1256.0022267148393,33.48082939699368,47.13341719011504,1.5451217820943643,take_profit,5
2017-06-23 14:15:00,2017-06-23 15:30:00,short,1257.6100000000001,1258.590813376599,1258.5108133765991,1256.1686985974418,33.96811070055934,-33.31637735290141,-1.088808627933531,stop_loss,5
2017-06-27 09:15:00,2017-06-27 09:30:00,short,1247.21,1248.0584321974814,1247.9784321974814,1245.9805084840298,39.73323325366365,-33.710954402443534,-1.1041080791020146,stop_loss,1
2017-06-28 11:15:00,2017-06-28 12:15:00,short,1253.3400000000001,1251.6342314079304,1254.4373553700436,1251.5842314079305,27.76208570623857,47.35569384804937,1.5544359089454476,take_profit,4
2017-06-28 14:30:00,2017-06-28 15:15:00,short,1253.42,1254.4611176172316,1254.3811176172317,1251.8822118124297,31.795884991754157,-33.10325602038256,-1.0832364307610545,stop_loss,3
2017-07-04 08:30:00,2017-07-04 09:30:00,short,1224.97,1226.0036603633735,1225.9236603633735,1223.4441434186024,31.975092894849652,-33.05138614058942,-1.0838873073396207,stop_loss,4
2017-07-05 10:00:00,2017-07-05 10:30:00,short,1225.7,1224.4935582405071,1226.485276099683,1224.4435582405072,38.74723291464876,46.746279853030764,1.5363281271135023,take_profit,2
2017-07-07 09:30:00,2017-07-07 09:45:00,short,1221.3400000000001,1222.3710551611734,1222.2910551611735,1219.8183117421227,32.09148085456308,-33.08808696479137,-1.0841170977940193,stop_loss,1
2017-07-10 11:30:00,2017-07-10 14:15:00,short,1207.79,1208.9923734680358,1208.9123734680359,1205.9942024511427,27.134098577537724,-32.625320208700124,-1.071277522391832,stop_loss,11
2017-07-10 14:30:00,2017-07-10 14:45:00,short,1211.3600000000001,1212.533478142535,1212.453478142535,1209.6104349719444,27.791448681025997,-32.61265757656173,-1.0731610417145356,stop_loss,1
2017-07-11 15:15:00,2017-07-11 15:45:00,short,1211.57,1212.5048581052358,1212.424858105236,1210.2022270316224,35.47268977295166,-33.161931548762105,-1.0935827823470718,stop_loss,2
2017-07-14 12:15:00,2017-07-14 13:30:00,short,1219.1100000000001,1219.9556669252006,1219.8756669252007,1217.8849329196794,39.51821805010802,-33.41924994783679,-1.104484074428281,stop_loss,5
2017-07-14 14:15:00,2017-07-14 14:30:00,short,1221.28,1222.1218648774418,1222.0418648774419,1220.0610161960929,39.627701575254655,-33.36117012995284,-1.1050054968651952,stop_loss,1
2017-07-18 09:45:00,2017-07-18 10:00:00,long,1236.82,1235.9789906788808,1236.0589906788807,1238.0376149137905,39.584576466647846,-33.29099778100439,-1.1051235481350885,stop_loss,1
2017-07-19 10:45:00,2017-07-19 11:00:00,long,1239.6399999999999,1238.7750372245794,1238.8550372245793,1240.8959404406728,38.2918153692175,-33.12099489764805,-1.1019156608503677,stop_loss,1
2017-07-19 11:15:00,2017-07-19 12:30:00,long,1237.72,1239.2974180330293,1236.7028637293567,1239.3474180330293,29.486125452345124,46.51194601269311,1.5508423783095135,take_profit,5
2017-07-20 10:45:00,2017-07-20 13:45:00,long,1237.69,1236.7566372462568,1236.8366372462567,1239.0553804059891,35.253977793588824,-32.90474979382807,-1.0937467678885693,stop_loss,12
2017-07-20 14:30:00,2017-07-20 14:45:00,long,1235.46,1236.7059757974018,1234.6500151266239,1236.7559757974018,37.060719351008686,46.176759345657274,1.5382704521485233,take_profit,1
2017-07-24 09:15:00,2017-07-24 09:45:00,long,1252.8899999999999,1252.0399050157841,1252.119905015784,1254.122151974745,39.100339836792436,-33.239002776387736,-1.1038832892560548,stop_loss,2
2017-07-25 10:30:00,2017-07-25 10:45:00,long,1254.8899999999999,1253.9482469542907,1254.0282469542906,1256.2688048731347,34.86439384634301,-32.83364909159931,-1.092834020602829,stop_loss,1
2017-07-25 11:00:00,2017-07-25 11:15:00,long,1254.01,1252.9808864044649,1253.0608864044648,1255.528581752856,31.586135133599072,-32.50572109639684,-1.0842891729464847,stop_loss,1
2017-07-25 11:30:00,2017-07-25 13:00:00,long,1252.43,1251.2545398079317,1251.3345398079316,1254.1827363073098,27.30707976438182,-32.09838522466698,-1.0730286692105813,stop_loss,6
2017-07-26 08:45:00,2017-07-26 09:30:00,long,1245.11,1244.1923312107704,1244.2723312107703,1246.4502700627672,35.63415810265686,-32.70035472127904,-1.0955031404160371,stop_loss,3
2017-07-26 09:45:00,2017-07-26 11:00:00,long,1244.43,1245.855974522665,1243.5075159233345,1245.905974522665,32.28697613002191,46.04040537530428,1.5457985224193354,take_profit,5
2017-07-26 15:15:00,2017-07-26 16:00:00,long,1246.1599999999999,1247.6358662933085,1245.206333566682,1247.6858662933084,31.327832385200967,46.23569185974051,1.5475707666189598,take_profit,3
2017-07-27 08:15:00,2017-07-27 08:45:00,long,1262.6699999999998,1264.2022536900083,1261.6810914437447,1264.2522536900083,30.304898636515922,46.434792761134304,1.549439207818002,take_profit,2
2017-07-27 10:30:00,2017-07-27 13:30:00,long,1261.57,1262.27,1260.5106085817672,1263.2650262691723,28.376332511516257,19.86343275806267,0.6607567212199789,time_stop,12
2017-07-27 15:00:00,2017-07-27 15:15:00,long,1261.51,1263.087500742761,1260.4928120357745,1263.137500742761,29.592731203867693,46.68255545442801,1.5508448765043263,take_profit,1
2017-07-31 10:15:00,2017-07-31 13:15:00,long,1266.6399999999999,1267.48,1265.6921344711463,1268.1565848461655,31.85550502777051,26.758624223331864,0.8862016545913979,time_stop,12
2017-08-01 12:15:00,2017-08-01 13:15:00,long,1267.52,1266.509714199058,1266.5897141990579,1269.0084572815074,32.51501026658484,-32.84945318981495,-1.085995077984541,stop_loss,4
2017-08-01 13:30:00,2017-08-01 14:30:00,long,1265.44,1266.965092270748,1264.4555673307825,1267.015092270748,30.659845417463647,46.759093268502866,1.5492093247577947,take_profit,4
2017-08-02 07:15:00,2017-08-02 07:45:00,long,1265.55,1264.6195798480283,1264.6995798480282,1266.9106722431547,35.60131022113025,-33.12417646633573,-1.0940711480254084,stop_loss,2
2017-08-02 15:45:00,2017-08-02 16:15:00,long,1265.35,1267.1636908555513,1264.1851932152802,1267.2136908555512,25.93548019466889,47.03894326340504,1.5570744258565967,take_profit,2
2017-08-03 14:00:00,2017-08-03 14:15:00,long,1262.07,1263.4891993825327,1261.151750385917,1263.5391993825326,33.001812053585454,46.8361512889095,1.5455485749918982,take_profit,1
2017-08-04 15:00:00,2017-08-04 15:15:00,long,1267.8799999999999,1268.9811520833596,1267.1605299479002,1269.0311520833595,42.24994966240315,46.5236200925974,1.5305044041041849,take_profit,1
2017-08-04 15:30:00,2017-08-04 15:45:00,long,1267.82,1266.9238242918118,1267.0038242918117,1269.1258811331008,37.357912541515965,-33.47925372832362,-1.0980181095777959,stop_loss,1
2017-08-07 12:45:00,2017-08-07 13:15:00,long,1256.6399999999999,1255.8738650194366,1255.9538650194365,1257.7378159689013,44.340637162340336,-33.970913190532414,-1.1165951339986262,stop_loss,2
2017-08-07 14:00:00,2017-08-07 14:15:00,long,1256.1,1257.161329313198,1255.405419179251,1257.211329313198,43.70365475747254,46.383969887992144,1.5280141367189743,take_profit,1
2017-08-08 11:15:00,2017-08-08 13:15:00,short,1260.97,1261.701642449056,1261.621642449056,1259.9273720815104,46.72575946372512,-34.18654908803794,-1.1227667106644437,stop_loss,8
2017-08-08 13:30:00,2017-08-08 13:45:00,short,1262.53,1263.294608216459,1263.214608216459,1261.4346268536653,44.37591384733696,-33.93018834055099,-1.1168551560974564,stop_loss,1
2017-08-08 14:00:00,2017-08-08 14:30:00,short,1263.89,1264.7921876968448,1264.712187696845,1262.5744996850483,36.86780399708079,-33.261679175849935,-1.0973013830137939,stop_loss,2
2017-08-09 08:00:00,2017-08-09 09:45:00,long,1264.6299999999999,1266.0613529865645,1263.704154383397,1266.1113529865645,32.6682234654996,46.75975922310461,1.545995315954158,take_profit,7
2017-08-09 13:15:00,2017-08-09 14:45:00,long,1267.23,1268.7583904601747,1266.2435059623908,1268.8083904601747,30.7546217813025,47.00507053682394,1.549315456461169,take_profit,6
2017-08-11 07:30:00,2017-08-11 09:00:00,long,1285.51,1284.4731883553327,1284.5531883553326,1287.0408986314678,31.8069510617571,-32.977817242192565,-1.0836110225516107,stop_loss,6
2017-08-11 09:15:00,2017-08-11 10:00:00,long,1284.54,1286.0012023375102,1283.595498539056,1286.0512023375102,32.15167660240737,46.980105006311526,1.547062019417068,take_profit,3
2017-08-11 13:15:00,2017-08-11 15:15:00,long,1287.0,1285.9439453690493,1286.0239453690492,1288.5616874095213,31.208566372058428,-32.957951042544956,-1.0819626253112478,stop_loss,8
2017-08-14 07:15:00,2017-08-14 08:30:00,long,1286.75,1285.6841640248063,1285.7641640248062,1288.32733756031,30.8320558343608,-32.86191429744408,-1.0811494021449142,stop_loss,5
2017-08-14 10:45:00,2017-08-14 11:30:00,long,1282.84,1281.5949108544678,1281.6749108544677,1284.7041426328515,26.0320217713886,-32.41218774381177,-1.0686642737224925,stop_loss,3
2017-08-14 11:45:00,2017-08-14 14:00:00,long,1281.29,1279.9698297301763,1280.0498297301763,1283.274272431718,24.403747100724726,-32.217101394671154,-1.064507271256632,stop_loss,9
2017-08-14 14:15:00,2017-08-14 14:45:00,long,1279.31,1281.0503651722195,1278.1910217673628,1281.1003651722194,26.989235842999186,46.97112608597469,1.5553163783338058,take_profit,2
2017-08-15 15:15:00,2017-08-15 15:30:00,long,1273.05,1271.95160145107,1272.03160145107,1274.679437678288,29.747007895707043,-32.67407030765196,-1.0785547073726491,stop_loss,1
2017-08-15 15:45:00,2017-08-15 16:30:00,long,1268.31,1270.3738722838298,1266.9888298226062,1270.4238722838297,22.880444966609552,47.22231620827905,1.5621547618500387,take_profit,3
2017-08-17 09:15:00,2017-08-17 10:00:00,long,1286.77,1288.167123531585,1285.8655477927593,1288.217123531585,33.52681979771097,46.84110887859407,1.5447179192005094,take_profit,3
2017-08-17 11:30:00,2017-08-17 12:15:00,long,1286.77,1285.581930317512,1285.6619303175119,1288.5429114919812,27.450519463050167,-32.613129942598015,-1.0721976255322596,stop_loss,3
2017-08-17 12:45:00,2017-08-17 13:15:00,long,1285.6599999999999,1284.4888845112525,1284.5688845112525,1287.4057847819956,27.817277308119753,-32.577244310318356,-1.0733194614364496,stop_loss,2
2017-08-17 13:30:00,2017-08-17 14:30:00,long,1284.1499999999999,1282.9935383641478,1283.0735383641477,1285.872338617363,28.13542687294529,-32.53754178688374,-1.0743175579467772,stop_loss,4
2017-08-22 09:45:00,2017-08-22 10:00:00,long,1285.82,1284.8375770998844,1284.9175770998843,1287.263876640185,33.489434443212,-32.90078730893092,-1.088650232601228,stop_loss,1
2017-08-22 10:15:00,2017-08-22 13:15:00,long,1284.3899999999999,1285.48,1283.4013802544919,1285.9717915928125,30.502962454348836,33.24822907524467,1.10254726850519,time_stop,12
2017-08-23 10:30:00,2017-08-23 12:00:00,long,1285.3999999999999,1286.78189511146,1284.5050655553373,1286.83189511146,33.77043717252863,46.66720204058955,1.54412998594684,take_profit,6
2017-08-24 09:45:00,2017-08-24 10:00:00,long,1288.2,1287.3175000802673,1287.3975000802673,1289.4839998715727,37.77652943714286,-33.337784196058884,-1.0996884834911458,stop_loss,1
2017-08-24 10:15:00,2017-08-24 11:30:00,long,1286.54,1285.5508546610467,1285.6308546610467,1287.9946325423255,33.27189281696584,-32.910737698052934,-1.0879947315046807,stop_loss,5
2017-08-24 11:45:00,2017-08-24 13:00:00,long,1285.01,1286.5650795468657,1284.0068252832089,1286.6150795468657,30.0876450453707,46.7886814234119,1.550158233492939,take_profit,5
2017-08-24 14:30:00,2017-08-24 14:45:00,long,1285.94,1287.2685721133716,1285.078392429143,1287.3185721133716,35.13982836760516,46.68579603786422,1.5419689407440118,take_profit,1
2017-08-25 14:30:00,2017-08-25 15:00:00,long,1287.27,1286.4631253708728,1286.5431253708728,1288.4329994066036,41.78177712529419,-33.71265592224503,-1.1100602453217898,stop_loss,2
2017-08-25 15:15:00,2017-08-25 15:45:00,long,1285.6399999999999,1286.8959087814535,1284.8238070115915,1286.9459087814535,37.12686689390962,46.627958159921036,1.538739978522389,take_profit,2
2017-08-28 07:30:00,2017-08-28 08:45:00,long,1293.9199999999998,1295.0332617496701,1293.1929614064559,1295.08326174967,41.80788286428394,46.54311682750372,1.531227859918248,take_profit,5
2017-08-28 11:00:00,2017-08-28 14:00:00,long,1296.35,1297.8176175132785,1295.4014890542007,1297.8676175132784,32.14409989192719,47.17524394996855,1.5472857954654775,take_profit,12
2017-08-29 12:45:00,2017-08-29 15:15:00,long,1320.28,1322.8469936429683,1318.6443789731447,1322.8969936429683,18.698329610653587,47.9984932446742,1.5694305715204828,take_profit,10
2017-08-30 09:30:00,2017-08-30 09:45:00,long,1308.1699999999998,1306.9379843948514,1307.0179843948513,1310.0132249682376,26.63104382235152,-32.809861570530366,-1.0694435037532417,stop_loss,1
2017-08-30 15:00:00,2017-08-30 15:15:00,long,1309.76,1308.4785426503731,1308.558542650373,1311.682331759403,25.480520262420477,-32.652199962594906,-1.0665858010063929,stop_loss,1
2017-08-31 12:45:00,2017-08-31 13:30:00,long,1305.9199999999998,1307.6533630022875,1304.80539812357,1307.7033630022875,27.407502703591824,47.50715117150509,1.5551409332270671,take_profit,3
2017-08-31 15:15:00,2017-08-31 15:30:00,long,1305.57,1307.2772833607542,1304.4716978995286,1307.327283360754,27.900764489907907,47.634510965941914,1.5544751849437348,take_profit,1
2017-09-04 12:30:00,2017-09-04 13:30:00,long,1335.1599999999999,1333.5662141554178,1333.6462141554177,1337.5820573513315,20.305869139923363,-32.36320679714522,-1.0528476338223465,stop_loss,4
2017-09-05 10:30:00,2017-09-05 10:45:00,long,1334.45,1333.3536324897045,1333.4336324897045,1336.0761880164728,30.180038757277345,-33.088413952938524,-1.07871168567427,stop_loss,1
2017-09-05 11:00:00,2017-09-05 11:15:00,long,1331.73,1330.4714484222452,1330.5514484222451,1333.6156825244077,25.97072084257851,-32.685491691857045,-1.0678799311883533,stop_loss,1
2017-09-05 11:30:00,2017-09-05 13:15:00,long,1330.59,1332.550981360331,1329.333136649793,1332.600981360331,24.300543918351057,47.65291366979275,1.5602184278889437,take_profit,7
2017-09-08 09:30:00,2017-09-08 11:45:00,long,1353.49,1351.9575295505613,1352.0375295505612,1355.813952719102,21.093557449135094,-32.3252534643378,-1.0550785732204306,stop_loss,9
2017-09-08 15:15:00,2017-09-08 15:30:00,long,1352.6499999999999,1351.2239743150733,1351.3039743150732,1354.8036410958823,22.713621815579266,-32.39020810672454,-1.059434229893085,stop_loss,1
2017-09-08 15:45:00,2017-09-08 16:00:00,long,1350.22,1348.7291921390174,1348.8091921390173,1352.4772925775721,21.62472919878408,-32.238316281167556,-1.0567050994060976,stop_loss,1
2017-09-11 14:45:00,2017-09-11 15:15:00,long,1335.36,1334.2282357181991,1334.308235718199,1337.0428228508813,28.945517393476937,-32.759502704180115,-1.0760626704901504,stop_loss,2
2017-09-11 15:45:00,2017-09-11 16:15:00,long,1333.18,1331.7731674392828,1331.8531674392827,1335.3029320971477,22.895384999349407,-32.209973107242,-1.0602939680321661,stop_loss,2
2017-09-12 14:00:00,2017-09-12 14:45:00,long,1323.69,1325.4405628604266,1322.5646482122336,1325.4905628604265,26.937285469858534,47.15541150424071,1.555569448999499,take_profit,3
2017-09-13 15:30:00,2017-09-13 15:45:00,long,1332.57,1331.5028783486368,1331.5828783486368,1334.149394642181,30.804950070842214,-32.87262918975484,-1.0810437091410678,stop_loss,1
2017-09-14 10:45:00,2017-09-14 12:00:00,short,1323.8400000000001,1322.3590653480032,1324.796834157498,1322.3090653480033,31.711334391587254,46.962413961562724,1.547744340429313,take_profit,5
2017-09-14 13:30:00,2017-09-14 14:00:00,short,1326.0,1324.400267833753,1327.0310826039042,1324.3502678337532,29.51888882460529,47.222315964587075,1.5515072800078895,take_profit,2
2017-09-15 09:00:00,2017-09-15 10:00:00,short,1330.66,1329.15856483017,1331.6296469811439,1329.10856483017,31.486569833433887,47.2750433252283,1.5484348417802323,take_profit,4
2017-09-19 09:15:00,2017-09-19 10:15:00,short,1308.39,1306.8272251906676,1309.3979842558329,1306.7772251906677,30.382823238555023,47.48151079361573,1.5503960506222378,take_profit,4
2017-09-19 11:00:00,2017-09-19 11:30:00,short,1309.28,1307.6473072140304,1310.331682991231,1307.5973072140305,29.21067541259871,47.6920590194477,1.5524571563703196,take_profit,2
2017-09-20 12:00:00,2017-09-20 12:15:00,short,1314.1100000000001,1315.034621923668,1314.9546219236681,1312.7586049221313,36.484672903129564,-33.734528444086784,-1.0947169351850414,stop_loss,1
2017-09-20 12:30:00,2017-09-20 12:45:00,short,1315.01,1315.9451586994892,1315.8651586994893,1313.6417460808173,35.95623312177609,-33.62478420469038,-1.093549887345713,stop_loss,1
2017-09-25 07:15:00,2017-09-25 09:15:00,short,1294.02,1292.4274326545599,1295.0466045909,1292.37743265456,29.885932966308697,47.59536093015508,1.5512957564742325,take_profit,8
2017-09-25 12:00:00,2017-09-25 12:15:00,short,1293.03,1294.1090536608383,1294.0290536608384,1291.4315141426587,30.80537904498006,-33.240657031998,-1.0800757788453441,stop_loss,1
2017-09-25 12:45:00,2017-09-25 14:45:00,short,1295.68,1293.8968332986228,1296.8257291883608,1293.8468332986229,26.80366853381456,47.79540920425104,1.5563596698871816,take_profit,8
2017-09-27 13:30:00,2017-09-27 14:45:00,short,1290.81,1288.6179414928918,1292.2112865669424,1288.5679414928918,21.983609162801756,48.18935748226105,1.5643185047375563,take_profit,5
2017-09-28 12:45:00,2017-09-28 15:00:00,short,1284.3400000000001,1285.8572338355077,1285.7772338355078,1282.040425863188,21.50082621509962,-32.62178102491727,-1.055662480261377,stop_loss,9
2017-09-29 09:45:00,2017-09-29 10:30:00,short,1286.92,1287.9699357844186,1287.8899357844186,1285.3681027449304,31.79228136648872,-33.37985387497781,-1.0824796870938045,stop_loss,3
2017-09-29 10:45:00,2017-09-29 11:30:00,short,1288.72,1287.1120047505715,1289.7562470308928,1287.0620047505715,29.693413578614074,47.74686797372836,1.5517489570446579,take_profit,3
2017-09-29 14:00:00,2017-09-29 14:30:00,short,1289.1100000000001,1287.5365613628855,1290.1246491481968,1287.4865613628856,30.41958439398993,47.863349410471386,1.550721882446799,take_profit,2
2017-10-02 15:45:00,2017-10-02 16:00:00,short,1274.31,1275.5605332199007,1275.4805332199007,1272.4371468481588,26.450280578370602,-33.07695453894719,-1.0683449206223363,stop_loss,1
2017-10-03 09:45:00,2017-10-03 10:00:00,short,1271.3500000000001,1269.888256632865,1272.2948396044594,1269.838256632865,32.6984368963687,47.796723248953015,1.5470809651037631,take_profit,1
2017-10-03 11:45:00,2017-10-03 14:45:00,short,1270.92,1270.4199999999998,1271.945062908967,1269.279899345653,30.23265339034926,15.116326695181504,0.4877749410561999,time_stop,12
2017-10-04 09:15:00,2017-10-04 09:45:00,short,1277.1000000000001,1275.9785337072783,1277.8321664329512,1275.9285337072783,42.368241546471026,47.51455477626405,1.531709516102264,take_profit,2
2017-10-04 13:00:00,2017-10-04 13:15:00,short,1276.44,1277.3104483183927,1277.2304483183927,1275.1752826905717,39.36453866625124,-34.264796486339606,-1.1012083878710759,stop_loss,1
2017-10-04 13:45:00,2017-10-04 14:00:00,short,1278.4,1279.4004573453021,1279.3204573453022,1276.9272682475168,33.73008424402269,-33.745510539589056,-1.086913315873067,stop_loss,1
2017-10-05 10:30:00,2017-10-05 11:15:00,short,1275.63,1276.5202309804504,1276.4402309804505,1274.3336304312795,38.23553224510305,-34.038455358595975,-1.0987372760733756,stop_loss,3
2017-10-05 11:30:00,2017-10-05 11:45:00,short,1276.63,1277.595792300933,1277.515792300933,1275.2127323185073,34.89704735039545,-33.70329965630242,-1.090314625579458,stop_loss,1
2017-10-05 12:00:00,2017-10-05 14:45:00,short,1278.3300000000002,1276.8774783766721,1279.2690760145802,1276.8274783766722,32.84518909020995,47.70834737582815,1.5467561739159987,take_profit,11
2017-10-06 13:30:00,2017-10-06 13:45:00,short,1269.27,1270.1403693061623,1270.0603693061623,1268.0054091101401,39.145682559384696,-34.071200568460306,-1.1012185055469432,stop_loss,1
2017-10-09 08:45:00,2017-10-09 09:00:00,short,1283.8600000000001,1284.9544269115584,1284.8744269115584,1282.2369169415067,30.432358616307432,-33.30599225187784,-1.0788622611332699,stop_loss,1
2017-10-09 11:45:00,2017-10-09 14:45:00,short,1283.1000000000001,1282.9399999999998,1284.2901751460045,1281.1957197663935,25.882570041468373,4.141211206642943,0.1344339953136009,time_stop,12
2017-10-10 07:30:00,2017-10-10 08:45:00,short,1287.31,1285.8595450394491,1288.247784350344,1285.8095450394492,32.85731307968329,47.658052746797786,1.5466828381370734,take_profit,5
2017-10-10 13:00:00,2017-10-10 13:15:00,short,1289.88,1290.9180861908726,1290.8380861908727,1288.3470620946039,32.26055275656274,-33.489234326501254,-1.0834997944465397,stop_loss,1
2017-10-10 15:45:00,2017-10-10 16:00:00,long,1289.46,1288.260986737265,1288.340986737265,1291.2504212203762,27.561256568080434,-33.04631216277,-1.0714915565919156,stop_loss,1
2017-10-11 10:15:00,2017-10-11 10:45:00,long,1287.62,1288.9610980226084,1286.7505637358695,1289.0110980226084,35.396866087453986,47.47066711642413,1.5424914717008031,take_profit,2
2017-10-12 12:15:00,2017-10-12 12:30:00,long,1295.4199999999998,1294.4768625815602,1294.5568625815602,1296.8010198695035,35.76517445279754,-33.731474303454085,-1.092685125555725,stop_loss,1
2017-10-12 15:30:00,2017-10-12 15:45:00,long,1294.06,1293.097963868741,1293.177963868741,1295.471257810014,34.92237597416922,-33.59658747655697,-1.0906992323384115,stop_loss,1
2017-10-12 16:00:00,2017-10-12 16:45:00,long,1292.1299999999999,1290.9503872133532,1291.0303872133532,1293.8893804586346,27.951297581215922,-32.971708030168095,-1.072752882625062,stop_loss,3
2017-10-13 12:15:00,2017-10-13 14:15:00,long,1293.4099999999999,1292.3212590601588,1292.4012590601587,1295.0239855037455,30.403902128174895,-33.1019729778643,-1.0793067841705004,stop_loss,8
2017-10-13 14:30:00,2017-10-13 15:15:00,long,1292.35,1291.3806697221264,1291.4606697221263,1293.7729284445977,34.411801355544895,-33.35640097009788,-1.0899553315459034,stop_loss,3
2017-10-16 12:00:00,2017-10-16 13:45:00,long,1303.61,1305.064915749026,1302.6694276568587,1305.114915749026,32.466130098759336,47.235483990618924,1.5468408779353442,take_profit,7
2017-10-17 09:30:00,2017-10-17 11:30:00,long,1289.51,1288.5650525493993,1288.6450525493992,1290.8939159209615,35.41396070526864,-33.464331884116746,-1.0924911680407425,stop_loss,8
2017-10-17 14:30:00,2017-10-17 14:45:00,long,1287.62,1289.273651416415,1286.5552178647404,1289.323651416415,28.704732500494234,47.46762155726134,1.5530420371038072,take_profit,1
2017-10-17 15:45:00,2017-10-17 16:00:00,long,1286.45,1285.1188974397817,1285.1988974397816,1288.4517640963495,24.505762022971993,-32.6196825688801,-1.063943598665452,stop_loss,1
2017-10-18 08:15:00,2017-10-18 08:30:00,long,1285.37,1284.3889398868034,1284.4689398868034,1286.8116961811143,33.95331986605572,-33.31024783118835,-1.0887843095352707,stop_loss,1
2017-10-18 08:45:00,2017-10-18 09:45:00,long,1284.37,1283.330361433009,1283.410361433009,1285.9054217071853,31.811311879605498,-33.07226669661011,-1.0833647195430913,stop_loss,4
2017-10-18 10:00:00,2017-10-18 11:30:00,long,1282.98,1281.9218632443817,1282.0018632443816,1284.5450188089894,31.14208421049788,-32.952583949688325,-1.0817881544072547,stop_loss,6
2017-10-18 11:45:00,2017-10-18 12:00:00,long,1281.03,1279.8498777024029,1279.9298777024028,1282.7901956761555,27.62903007360085,-32.60563445083744,-1.0727191878345328,stop_loss,1
2017-10-19 07:15:00,2017-10-19 08:15:00,short,1278.64,1277.316516373748,1279.4984272664076,1277.2665163737481,35.33217310650084,46.761552586356096,1.5417539470650738,take_profit,4
2017-10-19 09:15:00,2017-10-19 09:45:00,short,1278.97,1279.999982019695,1279.919982019695,1277.450028768488,32.02547337789731,-32.98566175145188,-1.0842121201679316,stop_loss,2
2017-10-19 10:00:00,2017-10-19 10:15:00,short,1281.1200000000001,1282.329438956731,1282.2494389567312,1279.3128976692306,26.878524400808416,-32.50793450978224,-1.0708316279717067,stop_loss,1
2017-10-19 10:30:00,2017-10-19 10:45:00,short,1282.39,1283.6778835902426,1283.5978835902426,1280.457386255612,25.079102765703716,-32.29896490995443,-1.0662315480118933,stop_loss,1
2017-10-19 11:00:00,2017-10-19 11:15:00,short,1284.92,1282.8291646795838,1286.2580220752602,1282.7791646795838,22.591584487126664,47.23528278985379,1.5626314087604363,take_profit,1
2017-10-19 13:15:00,2017-10-19 14:45:00,short,1285.6100000000001,1287.086105898441,1287.006105898441,1283.3762305624946,21.71934762135235,-32.060057134166364,-1.0573022433966246,stop_loss,6
2017-10-20 14:00:00,2017-10-20 14:30:00,short,1281.88,1283.0760000279538,1282.9960000279539,1280.0943999552742,27.113251301320883,-32.42744931429512,-1.0716845860179869,stop_loss,2
2017-10-20 14:45:00,2017-10-20 16:15:00,short,1283.8500000000001,1282.0135731420326,1285.02901678623,1281.9635731420326,25.60907924654263,47.029200936171065,1.5575917827599564,take_profit,6
2017-10-24 13:00:00,2017-10-24 14:45:00,short,1279.22,1277.7036201689216,1280.198987394424,1277.6536201689216,30.93767385151794,46.9132646489246,1.5489268194006882,take_profit,7
2017-10-25 14:00:00,2017-10-25 14:30:00,short,1273.03,1274.0345988395607,1273.9545988395607,1271.5506418567027,32.85902809175715,-33.010141490071206,-1.0865240108217442,stop_loss,2
2017-10-26 08:30:00,2017-10-26 09:00:00,short,1281.64,1280.4009664571224,1282.4456459642986,1280.3509664571225,37.628685928005254,46.62320403920778,1.5379379997969134,take_profit,2
2017-10-26 13:15:00,2017-10-26 14:15:00,short,1278.55,1277.1262920041725,1279.4710674973921,1277.0762920041725,33.014567829097345,47.0031041970752,1.5457151618729736,take_profit,4
2017-10-26 16:00:00,2017-10-26 16:15:00,short,1277.77,1275.5516814162677,1279.1876991148326,1275.5016814162677,21.51560317495572,47.728462363213914,1.5647315855128707,take_profit,1
2017-10-27 11:00:00,2017-10-27 11:30:00,short,1267.26,1268.328714095398,1268.248714095398,1265.678057447363,30.947377652820304,-33.07389871317525,-1.0809131784125268,stop_loss,2
2017-10-30 15:30:00,2017-10-30 17:30:00,short,1273.05,1274.3088395694233,1274.2288395694234,1271.1638566889226,25.900013450056683,-32.60396177952818,-1.0678633480542703,stop_loss,8
2017-11-01 08:00:00,2017-11-01 08:15:00,short,1272.13,1272.9502347510347,1272.8702347510348,1270.9456243983448,41.158230868492716,-33.75941124944289,-1.1080738237270078,stop_loss,1
2017-11-01 08:45:00,2017-11-01 11:15:00,short,1275.42,1276.5234022405332,1276.4434022405333,1273.782556415147,29.704091659629107,-32.77556129023575,-1.0781706320656945,stop_loss,10
2017-11-02 15:00:00,2017-11-02 15:30:00,short,1276.24,1277.4312287703217,1277.3512287703218,1274.4620339674852,27.297423937380525,-32.51747674987556,-1.071992376490363,stop_loss,2
2017-11-02 15:45:00,2017-11-02 16:00:00,short,1277.22,1278.4349379039347,1278.3549379039348,1275.4040993537044,26.66987134401588,-32.40223758890669,-1.0704884379335393,stop_loss,1
2017-11-03 14:30:00,2017-11-03 14:45:00,short,1275.66,1276.5640580346362,1276.4840580346363,1274.341507144582,36.65256831036591,-33.136048871036145,-1.0970805412209155,stop_loss,1
2017-11-06 10:15:00,2017-11-06 10:45:00,short,1269.6200000000001,1270.6232473894715,1270.5432473894716,1268.1428041768456,32.64300733709017,-32.74901189543231,-1.0866506647213183,stop_loss,2
2017-11-06 11:00:00,2017-11-06 12:30:00,short,1270.78,1271.808376280856,1271.728376280856,1269.2625979506302,31.709010328189798,-32.60879411092949,-1.0843547035230683,stop_loss,6
2017-11-06 12:45:00,2017-11-06 14:00:00,short,1271.39,1272.368637829568,1272.288637829568,1269.9521794726916,33.391489551340754,-32.67817486055958,-1.089023628171093,stop_loss,5
2017-11-07 10:30:00,2017-11-07 10:45:00,long,1277.83,1276.9857462761108,1277.0657462761108,1279.0528059582225,39.177433371689666,-33.07569401646596,-1.1046772786304786,stop_loss,1
2017-11-07 14:15:00,2017-11-07 14:30:00,long,1275.84,1277.0755153072828,1275.036552932948,1277.1255153072827,37.183965420803275,45.941358462879265,1.5377681467137392,take_profit,1
2017-11-08 08:15:00,2017-11-08 09:15:00,long,1276.68,1277.8053424879545,1275.9454109450287,1277.8553424879544,40.79455101164634,45.907841530429295,1.5319347332207098,take_profit,4
2017-11-10 10:15:00,2017-11-10 11:45:00,long,1283.4099999999999,1284.7376718655673,1282.5489550840202,1284.7876718655673,34.90996323285743,46.34897601226,1.5419310200060543,take_profit,6
2017-11-10 13:30:00,2017-11-10 14:00:00,long,1283.45,1284.7754883648731,1282.5903197719545,1284.825488364873,35.073208999187116,46.489130447184365,1.5418388391768247,take_profit,2
2017-11-13 15:00:00,2017-11-13 15:15:00,long,1277.8799999999999,1277.0682166374959,1277.1482166374958,1279.0508533800062,41.33015878922471,-33.55113527474117,-1.1093219716367653,stop_loss,1
2017-11-14 12:15:00,2017-11-14 12:45:00,short,1273.52,1272.1494739744285,1274.4078287659822,1272.0994739744285,33.990361044080075,46.58467442948366,1.543682833992461,take_profit,2
2017-11-16 15:00:00,2017-11-16 15:15:00,long,1277.07,1278.3643051334639,1276.229809291585,1278.4143051334638,36.028474662646104,46.63183970673771,1.5404897013272199,take_profit,1
2017-11-17 08:00:00,2017-11-17 09:15:00,long,1281.83,1280.965612271295,1281.0456122712949,1283.0850203659281,38.71051549908571,-33.4608945692532,-1.1019903767898058,stop_loss,5
2017-11-17 09:30:00,2017-11-17 10:00:00,long,1281.35,1282.607801124192,1280.53262429738,1282.657801124192,37.0663471437644,46.62209310712357,1.5388286196426562,take_profit,2
2017-11-17 14:45:00,2017-11-17 15:45:00,long,1282.07,1283.3962997024385,1281.209812685976,1283.4462997024384,35.329951082675905,46.85810360812047,1.5418731255569,take_profit,4
2017-11-20 16:00:00,2017-11-20 16:15:00,long,1289.3799999999999,1288.2319275666944,1288.3119275666943,1291.0889158932887,28.541221534269575,-32.767389656360635,-1.074901287127442,stop_loss,1
2017-11-21 13:30:00,2017-11-21 14:45:00,long,1278.1499999999999,1277.2271977681414,1277.3071977681414,1279.4984835709733,36.092164928456164,-33.30593034858229,-1.0949214382400416,stop_loss,5
2017-11-21 16:00:00,2017-11-21 16:15:00,long,1276.56,1278.201784045218,1275.5026349717389,1278.2517840452178,28.70526684954541,47.12784912730727,1.552712640702708,take_profit,1
2017-11-22 11:45:00,2017-11-22 14:45:00,long,1283.3,1284.3300000000002,1282.2893343300652,1284.9170650718954,30.12489876482329,31.028645727774016,1.0191302926780177,time_stop,12
2017-11-23 10:15:00,2017-11-23 11:30:00,long,1289.1499999999999,1288.2815980280775,1288.3615980280774,1290.4114431550756,38.6963241719577,-33.60396421707522,-1.1014710805515304,stop_loss,5
2017-11-23 11:45:00,2017-11-23 12:30:00,long,1288.1499999999999,1289.5684072673148,1287.2322454579282,1289.6184072673148,33.16905442513325,47.047227846573534,1.54551920180442,take_profit,3
2017-11-24 09:30:00,2017-11-24 09:45:00,long,1289.82,1290.8085079204695,1289.1709325497063,1290.8585079204695,47.044640424916444,46.503999675674294,1.5229664036032562,take_profit,1
2017-11-24 11:30:00,2017-11-24 11:45:00,long,1290.04,1289.2608869846536,1289.3408869846535,1291.1585808245545,43.81001660332745,-34.132954138194776,-1.114430711836024,stop_loss,1
2017-11-24 13:15:00,2017-11-24 13:30:00,long,1287.3,1286.310200678194,1286.3902006781939,1288.7556789148896,33.58970068365166,-33.24706295634507,-1.0879314790443195,stop_loss,1
2017-11-29 15:15:00,2017-11-29 15:30:00,long,1290.94,1289.853148626691,1289.933148626691,1292.5509621972947,30.285892818049312,-32.91626420118443,-1.0794556198865848,stop_loss,1
2017-11-29 15:45:00,2017-11-29 16:00:00,long,1287.78,1286.3070516219937,1286.3870516219936,1290.00871740481,21.84399704093028,-32.17508001061315,-1.0574321355070058,stop_loss,1
2017-11-30 08:15:00,2017-11-30 08:30:00,long,1282.51,1283.6223730929435,1281.7835168169104,1283.6723730929434,41.79478726291968,46.491396776568365,1.5311752822862776,take_profit,1
2017-11-30 10:15:00,2017-11-30 10:30:00,long,1281.97,1281.1514494320345,1281.2314494320344,1283.1516809087448,41.23778953249775,-33.75521604346905,-1.108320274155761,stop_loss,1
2017-11-30 10:45:00,2017-11-30 11:00:00,long,1281.3799999999999,1280.5683416021113,1280.6483416021113,1282.5506534366218,41.53397615127384,-33.71140054088417,-1.109340643435224,stop_loss,1
2017-11-30 11:15:00,2017-11-30 11:45:00,long,1280.1599999999999,1281.3674715856584,1279.3740802589632,1281.4174715856584,38.58060570880802,46.584985150883476,1.5363802721966313,take_profit,2
2017-12-01 10:45:00,2017-12-01 11:15:00,short,1277.1100000000001,1277.9509635258808,1277.8709635258808,1275.892458358591,39.968314621657186,-33.611894787734954,-1.1051298745328688,stop_loss,2
2017-12-01 11:30:00,2017-12-01 12:00:00,short,1277.6200000000001,1276.433908532735,1278.3925571670409,1276.383908532735,39.281501904478155,46.59145423026381,1.535279870366717,take_profit,2
2017-12-04 11:00:00,2017-12-04 11:15:00,short,1275.0,1273.4196477509888,1276.018970155632,1273.3696477509889,29.87368037095553,47.21093796048085,1.5509308494233016,take_profit,1
2017-12-04 15:15:00,2017-12-04 15:45:00,short,1274.71,1273.0647136745633,1275.769553953398,1273.0147136745634,28.818551915066998,47.41476938474736,1.5528103313289858,take_profit,2
2017-12-05 13:15:00,2017-12-05 13:45:00,short,1276.3400000000001,1275.3169110451356,1277.0106805967905,1275.2669110451357,45.669489020799666,46.72394979148723,1.5254488645723052,take_profit,2
2017-12-06 08:00:00,2017-12-06 08:15:00,short,1267.44,1268.2904234623359,1268.210423462336,1266.2073224602627,39.87818330196351,-33.91334271531795,-1.1038389975265956,stop_loss,1
2017-12-06 08:30:00,2017-12-06 09:15:00,short,1267.88,1268.7142936996672,1268.6342936996673,1266.6731300805327,40.64101473903203,-33.90654254485275,-1.1060594832427013,stop_loss,3
2017-12-06 09:30:00,2017-12-06 10:45:00,short,1268.3400000000001,1267.1334705391007,1269.1253309130623,1267.0834705391007,38.948483718001484,46.99249306313119,1.5363325711896443,take_profit,5
2017-12-06 12:15:00,2017-12-06 12:30:00,short,1268.2,1269.0210121874525,1268.9410121874525,1267.014380500076,41.40476200836646,-33.993814227436,-1.1079604375671022,stop_loss,1
2017-12-08 14:15:00,2017-12-08 14:30:00,short,1247.1100000000001,1247.8871359513141,1247.8071359513142,1245.9945824778974,43.913164398723076,-34.126498790209475,-1.114755235114659,stop_loss,1
2017-12-11 11:45:00,2017-12-11 14:00:00,short,1250.81,1249.7279671531728,1251.517520529267,1249.6779671531729,43.17216444925127,46.713700002712486,1.529330672493979,take_profit,9
2017-12-13 15:45:00,2017-12-13 16:15:00,short,1245.49,1243.7354467461182,1246.617845783676,1243.6854467461183,27.165611189214633,47.66351150572424,1.555667697903711,take_profit,2
2017-12-15 13:00:00,2017-12-15 15:00:00,short,1258.14,1258.930495916211,1258.850495916211,1257.0032065340629,43.25703549100803,-34.19450990302878,-1.1125974100267457,stop_loss,8
2017-12-15 15:15:00,2017-12-15 15:30:00,short,1259.71,1260.6422058510464,1260.5622058510464,1258.3464706383259,35.98374501453154,-33.54425764510513,-1.0938740327840957,stop_loss,1
2017-12-15 15:45:00,2017-12-15 16:00:00,short,1260.94,1259.4842629483524,1261.8810856572798,1259.4342629483524,32.51401112317753,47.33185068969505,1.5468698735199642,take_profit,1
2017-12-19 11:30:00,2017-12-19 14:00:00,long,1262.93,1263.8480372284478,1262.3249767322202,1263.8980372284477,50.73050056845366,46.572488139627744,1.5173585502197862,take_profit,10
2017-12-19 15:15:00,2017-12-19 15:30:00,long,1261.9199999999998,1261.0647185305368,1261.1447185305367,1263.160450351141,39.709807881299895,-33.96306283681476,-1.1031883298530578,stop_loss,1
2017-12-20 16:00:00,2017-12-20 16:30:00,long,1263.75,1262.8601326022322,1262.940132602232,1265.0457878364284,37.93010086009599,-33.752760149444946,-1.0987816032852011,stop_loss,2
2017-12-21 08:45:00,2017-12-21 09:30:00,long,1265.31,1264.6780236360682,1264.7580236360682,1266.193162182291,55.52927364862639,-35.09318845222721,-1.1449337421444659,stop_loss,3
2017-12-21 10:15:00,2017-12-21 13:15:00,long,1264.93,1264.75,1264.3347286856438,1265.8824341029701,51.37264209767181,-9.247075577584196,-0.30238312456683536,time_stop,12
2017-12-21 14:45:00,2017-12-21 15:15:00,long,1264.1499999999999,1263.468162978354,1263.548162978354,1265.1129392346331,50.78146563450016,-34.624683283037825,-1.1329263523555644,stop_loss,2
2017-12-22 15:45:00,2017-12-22 16:00:00,long,1267.8,1268.680950659972,1267.2181558375173,1268.730950659972,52.4073603069366,46.168298649790714,1.514066337304487,take_profit,1
2017-12-27 14:00:00,2017-12-27 14:30:00,long,1284.52,1285.5367044827142,1283.8533096983037,1285.5867044827141,45.876253464611835,46.64259254760386,1.5250026588469046,take_profit,2
2017-12-28 08:45:00,2017-12-28 09:15:00,long,1290.62,1291.6097431598407,1289.9701605250993,1291.6597431598407,47.209410374470416,46.725190998250696,1.52305792133096,take_profit,2
2017-12-28 11:45:00,2017-12-28 13:45:00,long,1291.75,1292.787741493996,1291.0701615662524,1292.837741493996,45.26367928402778,46.97199816396319,1.5264531136839192,take_profit,8
2017-12-28 15:15:00,2017-12-28 15:30:00,long,1289.47,1290.7884250361546,1288.6147343524033,1290.8384250361546,36.08929332443804,47.581027856066974,1.5415386317214084,take_profit,1
2018-01-02 14:00:00,2018-01-02 14:45:00,long,1310.12,1311.8424155150872,1309.0122403030703,1311.8924155150871,27.94928807029299,48.140287407916404,1.55486385708135,take_profit,3
2018-01-03 09:00:00,2018-01-03 10:15:00,long,1313.1599999999999,1314.86602937505,1312.0624816405937,1314.91602937505,28.297818611222155,48.27690980058423,1.5544426755404162,take_profit,5
2018-01-04 09:15:00,2018-01-04 09:30:00,long,1308.7,1310.2548959929188,1307.6969400044259,1310.3048959929188,31.058889213033073,48.29334238185323,1.5501525330284078,take_profit,1
2018-01-08 07:45:00,2018-01-08 09:45:00,long,1317.6599999999999,1316.7624262649097,1316.8424262649096,1318.9681179761444,38.223483240783544,-34.3083946205874,-1.0978505015099278,stop_loss,8
2018-01-08 10:00:00,2018-01-08 12:00:00,long,1315.81,1317.287024003003,1314.855609998123,1317.3370240030029,32.672072329724635,48.25743505885189,1.5476105157203315,take_profit,8
2018-01-08 15:00:00,2018-01-08 15:15:00,long,1318.4099999999999,1320.002273858655,1317.3835788383406,1320.0522738586549,30.47327472442181,48.521798731310895,1.5512870526568368,take_profit,1
2018-01-09 10:00:00,2018-01-09 10:15:00,long,1317.32,1316.4427200893367,1316.5227200893366,1318.595647857061,39.35312707624106,-34.52370780576307,-1.1003411711871327,stop_loss,1
2018-01-09 10:30:00,2018-01-09 10:45:00,long,1316.28,1315.3572433423362,1315.4372433423362,1317.628410652262,37.147627300671736,-34.27822040810615,-1.0949265713565448,stop_loss,1
2018-01-09 11:00:00,2018-01-09 14:00:00,long,1314.4199999999998,1314.75,1313.4097149227287,1316.0364561236338,30.919840831078314,10.203547474260624,0.3266404774496856,time_stop,12
2018-01-09 15:45:00,2018-01-09 16:15:00,long,1311.6399999999999,1310.4023097833046,1310.4823097833046,1313.4923043467122,27.000539891764912,-33.418304069526656,-1.0691031148456038,stop_loss,2
2018-01-11 09:45:00,2018-01-11 10:00:00,long,1315.81,1317.5413150455247,1314.696678096547,1317.5913150455247,28.016536972198345,48.50545198346749,1.5550893592904937,take_profit,1
2018-01-12 10:00:00,2018-01-12 10:45:00,long,1327.6699999999998,1329.210895972514,1326.6756900171786,1329.260895972514,31.467485708266533,48.488121993014026,1.5497138710625855,take_profit,3
2018-01-15 09:00:00,2018-01-15 09:45:00,long,1340.83,1342.915888712693,1339.4950695545667,1342.965888712693,23.510896410648858,49.041113448268625,1.5625448650369047,take_profit,3
2018-01-15 11:00:00,2018-01-15 11:45:00,long,1340.76,1342.8203026544932,1339.4410608409416,1342.8703026544931,23.87031534295749,49.180074064684376,1.5620907456899835,take_profit,3
2018-01-16 09:15:00,2018-01-16 10:30:00,long,1338.87,1337.8007933579784,1337.8807933579783,1340.4527306272346,31.92644736845352,-34.135969582501204,-1.0808728900530173,stop_loss,5
2018-01-16 10:45:00,2018-01-16 11:00:00,long,1337.8999999999999,1336.8301667097985,1336.9101667097984,1339.4837332643222,31.837262057986763,-34.060562818498866,-1.080821690674444,stop_loss,1
2018-01-16 15:30:00,2018-01-16 16:00:00,long,1333.83,1332.4157428256922,1332.495742825692,1335.9648114788924,23.567765895310494,-33.33088199984837,-1.0599584559411712,stop_loss,2
2018-01-17 14:15:00,2018-01-17 14:30:00,long,1336.09,1334.8160907986753,1334.8960907986752,1338.0002547221193,26.282399808469194,-33.481390948901165,-1.0670067706247377,stop_loss,1
2018-01-18 09:15:00,2018-01-18 10:00:00,long,1326.48,1328.4592252484674,1325.211734219708,1328.5092252484674,24.688702217541223,48.8645027808507,1.560576086829095,take_profit,3
2018-01-22 14:45:00,2018-01-22 15:00:00,long,1332.27,1331.2341272899198,1331.3141272899197,1333.7993963361282,32.85956891190275,-34.038330700839275,-1.083693151981722,stop_loss,1
2018-01-22 15:15:00,2018-01-22 15:30:00,long,1331.18,1332.7035713306414,1330.1965179183492,1332.7535713306413,31.867879559002617,48.55298766442595,1.5491602328776488,take_profit,1
2018-01-23 10:15:00,2018-01-23 13:00:00,long,1336.22,1337.6329208531643,1335.3056744667724,1337.6829208531642,34.38446522524306,48.582527941646,1.5453148816445579,take_profit,11
2018-01-25 07:15:00,2018-01-25 07:45:00,long,1362.8799999999999,1364.6513466013466,1361.741658374158,1364.7013466013466,27.70324728692866,49.072052927969644,1.5560764546731203,take_profit,2
2018-01-25 09:15:00,2018-01-25 10:00:00,long,1360.18,1358.5754695558185,1358.6554695558184,1362.6192487106907,20.749932403308787,-33.293898255819045,-1.052475173785637,stop_loss,3
2018-01-25 14:15:00,2018-01-25 16:00:00,long,1358.68,1357.3102503438174,1357.3902503438173,1360.7435994498924,24.47553733836547,-33.52535885411167,-1.0620275412491318,stop_loss,7
2018-01-26 11:15:00,2018-01-26 13:45:00,long,1353.6299999999999,1352.1873531450144,1352.2673531450143,1355.8102349679768,23.1169690327948,-33.349622671957896,-1.0587092684412178,stop_loss,10
2018-01-26 14:00:00,2018-01-26 15:30:00,long,1350.3799999999999,1352.6077350178475,1348.9564156138451,1352.6577350178475,22.080577877717214,49.18967655250246,1.5648773894359644,take_profit,6
2018-01-29 10:45:00,2018-01-29 12:00:00,long,1345.93,1347.9378038999,1344.6438725625626,1347.9878038999,24.51696802295308,49.225264010207674,1.561123603661219,take_profit,5
2018-01-29 14:15:00,2018-01-29 14:30:00,long,1343.69,1342.2525548880578,1342.3325548880578,1345.8619121791075,23.30141786717196,-33.494509214489554,-1.0589342429363198,stop_loss,1
2018-01-29 14:45:00,2018-01-29 15:00:00,long,1341.83,1344.1230059095365,1340.3656213065397,1344.1730059095364,21.554128660603006,49.42374439367343,1.5658558266224423,take_profit,1
2018-01-30 14:30:00,2018-01-30 16:00:00,long,1343.6299999999999,1346.0599189625216,1342.0800506484238,1346.1099189625215,20.42792832119334,49.6382103927017,1.567740881371925,take_profit,6
2018-01-31 11:00:00,2018-01-31 14:00:00,long,1341.96,1342.8500000000001,1340.7000030432005,1343.9759951308795,25.207624911203386,22.434786170973535,0.7063509123551597,time_stop,12
2018-02-01 08:45:00,2018-02-01 09:00:00,long,1342.24,1340.9622840441104,1341.0422840441104,1344.1563455294233,26.555879206750802,-33.93087058514134,-1.0667937999878319,stop_loss,1
2018-02-01 09:15:00,2018-02-01 09:30:00,long,1340.6599999999999,1339.330183691095,1339.410183691095,1342.6597060942474,25.394562609959014,-33.7701035162278,-1.0640094063663044,stop_loss,1
2018-02-01 09:45:00,2018-02-01 12:45:00,long,1339.46,1339.19,1338.1666889989547,1341.5292976016729,24.488308129136144,-6.611843194866314,-0.20876649141756634,time_stop,12
2018-02-01 14:00:00,2018-02-01 14:45:00,long,1337.72,1339.5468153461736,1336.5469904086417,1339.5968153461736,26.988504482177028,49.30301415831569,1.5573746025880078,take_profit,3
2018-02-02 15:45:00,2018-02-02 16:00:00,long,1340.58,1338.9690591725307,1339.0490591725306,1343.0295053239506,20.743049027454525,-33.41582456452222,-1.0522554487831972,stop_loss,1
2018-02-05 07:30:00,2018-02-05 07:45:00,short,1330.88,1332.1361115346926,1332.0561115346927,1328.998221544492,26.944339935821453,-33.84509618806208,-1.0680207596304514,stop_loss,1
2018-02-05 08:00:00,2018-02-05 10:00:00,short,1332.3700000000001,1333.63353494573,1333.55353494573,1330.4763440868323,26.718145429428716,-33.75931043517455,-1.0675941173419186,stop_loss,8
2018-02-05 10:45:00,2018-02-05 12:15:00,short,1335.05,1336.3336007860041,1336.2536007860042,1333.1242387423931,26.216616461930897,-33.65166949690441,-1.066467221465943,stop_loss,6
2018-02-05 12:45:00,2018-02-05 13:15:00,short,1337.53,1335.7913540013853,1338.647903749134,1335.7413540013854,28.166142984446633,48.97095179631565,1.555273430258598,take_profit,2
2018-02-06 08:15:00,2018-02-06 10:15:00,short,1343.73,1341.112000286002,1345.3974998212486,1341.062000286002,18.94151851896456,49.588890065336294,1.570014989289547,take_profit,8
2018-02-06 12:00:00,2018-02-06 12:30:00,short,1343.13,1344.7015736443927,1344.6215736443928,1340.743482168972,21.242100008800865,-33.38352452538387,-1.0536346296414345,stop_loss,2
2018-02-08 15:30:00,2018-02-08 16:15:00,short,1313.8300000000002,1315.7937281688241,1315.7137281688242,1310.8160349298817,16.7844755941448,-32.96014752316094,-1.0424689726065242,stop_loss,3
2018-02-09 14:45:00,2018-02-09 15:00:00,short,1316.81,1318.1289297140047,1318.0489297140048,1314.8277124575925,25.466714393825058,-33.58880633208841,-1.0645718631941825,stop_loss,1
2018-02-13 09:45:00,2018-02-13 10:15:00,short,1327.63,1328.8912869373462,1328.8112869373463,1325.7399409002462,26.652535106035874,-33.61649437640101,-1.0677227500539814,stop_loss,2
2018-02-13 10:30:00,2018-02-13 12:30:00,short,1329.13,1330.5066754378097,1330.4266754378098,1327.0553192995046,24.22893012629052,-33.35537298926875,-1.0616962407609596,stop_loss,8
2018-02-15 09:00:00,2018-02-15 09:30:00,long,1352.5,1354.3347029650065,1351.3220606468708,1354.3847029650065,26.61456869566868,48.8298280983125,1.5575529929725143,take_profit,2
2018-02-15 13:00:00,2018-02-15 13:15:00,long,1353.71,1352.3310245235623,1352.4110245235622,1355.7883607623003,24.209854658399927,-33.3847958620556,-1.061586997946498,stop_loss,1
2018-02-15 13:30:00,2018-02-15 13:45:00,long,1351.81,1350.3377711453165,1350.4177711453165,1354.0375661674937,22.540286959356038,-33.184460854408094,-1.0574618172370194,stop_loss,1
2018-02-15 14:00:00,2018-02-15 14:15:00,long,1351.1299999999999,1349.6861904263187,1349.7661904263186,1353.3120953178898,22.961320686015103,-33.15177463083197,-1.0586592157319945,stop_loss,1
2018-02-15 14:30:00,2018-02-15 15:00:00,long,1350.08,1352.2703576975682,1348.6797764390196,1352.3203576975682,22.316840180016477,48.881862673700354,1.5642914164612565,take_profit,2
2018-02-16 14:30:00,2018-02-16 16:00:00,long,1354.87,1353.4210039519367,1353.5010039519366,1357.060393676901,22.897311644093634,-33.178114083564,-1.058436983885455,stop_loss,6
2018-02-20 08:00:00,2018-02-20 08:15:00,long,1340.73,1339.6574023984022,1339.737402398402,1342.3181561625568,31.513246529625796,-33.80103264623881,-1.080596608203706,stop_loss,1
2018-02-20 09:15:00,2018-02-20 09:30:00,long,1339.5,1338.4622725626039,1338.5422725626038,1341.0323638998339,32.59003516014535,-33.81957367138782,-1.0835310724911715,stop_loss,1
2018-02-20 09:45:00,2018-02-20 10:00:00,long,1338.47,1337.3844084851023,1337.4644084851022,1340.0789464238362,30.9715538067179,-33.622456015770965,-1.0795551661034637,stop_loss,1
2018-02-20 10:15:00,2018-02-20 13:15:00,long,1337.27,1338.9313058450425,1336.2004338468485,1338.9813058450425,29.056161423613645,48.27117080754875,1.5532520734200668,take_profit,12
2018-02-21 11:30:00,2018-02-21 14:30:00,short,1329.1200000000001,1328.56,1330.2849647924068,1327.2560563321497,26.75963200262787,14.985393921476232,0.4807012226037321,time_stop,12
2018-02-21 16:00:00,2018-02-21 16:15:00,short,1329.76,1330.9084110467588,1330.828411046759,1328.0505423251857,29.20598773601369,-33.54047894754127,-1.074877548526489,stop_loss,1
2018-02-22 15:30:00,2018-02-22 15:45:00,short,1324.0,1325.202589693957,1325.122589693957,1322.2038564896689,27.736687000049372,-33.35585393076914,-1.0712637933793376,stop_loss,1
2018-02-22 16:00:00,2018-02-22 16:30:00,short,1326.93,1328.32866152183,1328.2486615218302,1324.8201415650717,23.56192756711729,-32.955161468273346,-1.0606675774454228,stop_loss,2
2018-02-23 10:15:00,2018-02-23 10:30:00,short,1328.23,1329.28360092654,1329.20360092654,1326.6722385175358,31.844974768205894,-33.55189492142328,-1.0821691904959767,stop_loss,1
2018-02-23 10:45:00,2018-02-23 13:30:00,short,1328.73,1329.8254518193125,1329.7454518193126,1327.1052770890997,30.46643135768749,-33.37450765873906,-1.0787826645030605,stop_loss,11
2018-02-23 13:45:00,2018-02-23 14:00:00,short,1329.74,1330.7646432880952,1330.6846432880952,1328.2285707390479,32.679472266251906,-33.484801916106576,-1.0846880521019096,stop_loss,1
2018-02-23 14:15:00,2018-02-23 15:15:00,short,1330.94,1329.4506145658115,1331.9021158963678,1329.4006145658116,32.01638664039046,47.68473991754593,1.5480312089336936,take_profit,4
2018-02-26 07:45:00,2018-02-26 09:15:00,short,1339.31,1340.540728221145,1340.460728221145,1337.4688348461677,26.851556643031394,-33.04696854225224,-1.0695211940837952,stop_loss,6
2018-02-26 09:45:00,2018-02-26 10:30:00,short,1340.27,1338.4862139495797,1341.4161162815126,1338.4362139495797,26.90193880941573,47.987303177496365,1.5563744091185274,take_profit,3
2018-02-28 11:30:00,2018-02-28 11:45:00,short,1319.16,1320.1455616267099,1320.06556162671,1317.7111013972642,34.154190910732325,-33.661059952938274,-1.0883429660006545,stop_loss,1
2018-02-28 12:00:00,2018-02-28 13:00:00,short,1321.04,1319.466408857845,1322.0547444638466,1319.416408857845,30.41297948370886,47.85759512210631,1.5507265111749,take_profit,4
2018-03-02 07:45:00,2018-03-02 08:30:00,short,1317.55,1318.6448781926665,1318.5648781926666,1315.9261948917335,30.503284013896852,-33.397380471530035,-1.0788271938228609,stop_loss,3
2018-03-02 13:00:00,2018-03-02 13:15:00,short,1318.8500000000001,1320.0773836262467,1319.9973836262468,1317.0141861980055,26.92240178686029,-33.04411513242432,-1.069723846645454,stop_loss,1
2018-03-02 13:30:00,2018-03-02 15:15:00,short,1323.03,1320.7672829972596,1324.4754481267128,1320.7172829972596,21.32503698303755,48.25252376558634,1.5654086514236936,take_profit,7
2018-03-02 16:00:00,2018-03-02 16:30:00,short,1324.94,1322.2305613948001,1326.66464912825,1322.1805613948002,17.928713325081333,48.5767480245376,1.571008595788613,take_profit,2
2018-03-06 11:15:00,2018-03-06 11:45:00,short,1322.96,1323.9128322480487,1323.8328322480488,1321.563468403122,35.53706152829877,-33.860858225054166,-1.0916556419389494,stop_loss,2
2018-03-06 12:00:00,2018-03-06 12:15:00,short,1324.15,1325.1134994347533,1325.0334994347534,1322.7364009043947,35.0313428270453,-33.75267901250381,-1.0905490109592066,stop_loss,1
2018-03-06 12:30:00,2018-03-06 13:30:00,short,1324.8600000000001,1325.856486757517,1325.776486757517,1323.3936211879732,33.696794825483266,-33.57840981435394,-1.087289859175577,stop_loss,4
2018-03-06 14:00:00,2018-03-06 15:00:00,short,1327.52,1328.7163484336302,1328.6363484336302,1325.7338425061914,27.603845251504286,-33.02381702880736,-1.071662213686971,stop_loss,4
2018-03-07 07:15:00,2018-03-07 07:30:00,long,1332.86,1334.5818764449107,1331.7525772219308,1334.6318764449106,27.766687107741728,47.81080448402822,1.5548501250019464,take_profit,1
2018-03-07 10:00:00,2018-03-07 13:00:00,long,1332.4099999999999,1332.77,1331.2543491571441,1334.2590413485689,26.690659704256692,9.608637493535808,0.3115127741442509,time_stop,12
2018-03-07 14:15:00,2018-03-07 14:45:00,long,1329.7,1331.3755280768842,1328.6215449519475,1331.4255280768841,28.618995955668897,47.951931255956325,1.5536373814650473,take_profit,2
2018-03-08 11:00:00,2018-03-08 11:15:00,long,1326.34,1325.4149802836057,1325.4949802836056,1327.6920315462307,36.63844040610796,-33.89127975358443,-1.0946723472220132,stop_loss,1
2018-03-08 13:45:00,2018-03-08 14:45:00,long,1324.37,1325.812618474987,1323.437113453133,1325.862618474987,33.11487561412714,47.77213135783819,1.5464029145152018,take_profit,4
2018-03-09 11:15:00,2018-03-09 12:45:00,short,1319.92,1320.800967415148,1320.7209674151482,1318.6384521357631,38.68817337416659,-34.083020094237476,-1.0998792191629134,stop_loss,6
2018-03-12 15:15:00,2018-03-12 16:45:00,short,1318.3300000000002,1316.4719647147897,1319.5225220532566,1316.4219647147897,25.928074117946622,48.17527658869696,1.5580720542120936,take_profit,6
2018-03-13 08:15:00,2018-03-13 08:45:00,short,1320.44,1318.9964275026891,1321.3734828108193,1318.9464275026892,33.226268740906384,47.96452774263414,1.5464371497575424,take_profit,2
2018-03-14 13:00:00,2018-03-14 14:00:00,short,1325.66,1326.709088830311,1326.629088830311,1324.1094578715026,32.10446640149361,-33.6804371048983,-1.0825517718270021,stop_loss,4
2018-03-14 14:15:00,2018-03-14 14:30:00,short,1327.2,1328.2979244865842,1328.2179244865843,1325.5713208214654,30.49805690670279,-33.48456347110535,-1.0785912914506839,stop_loss,1
2018-03-15 10:15:00,2018-03-15 10:30:00,long,1323.8899999999999,1322.881755713296,1322.9617557132958,1325.3751908587262,33.37241094326871,-33.64754266708821,-1.0861842094218381,stop_loss,1
2018-03-15 11:30:00,2018-03-15 14:15:00,long,1322.57,1321.5589106548923,1321.6389106548922,1324.0597429521722,33.19816177546284,-33.56630764832958,-1.0859208629335932,stop_loss,11
2018-03-15 14:45:00,2018-03-15 15:00:00,long,1319.84,1318.666106496523,1318.746106496523,1321.590229605563,28.19590937597068,-33.09899484107391,-1.0731332618263558,stop_loss,1
2018-03-15 15:15:00,2018-03-15 15:30:00,long,1319.04,1317.7801122342469,1317.8601122342468,1320.927820425205,26.084789583075317,-32.863907267960286,-1.0678030591739038,stop_loss,1
2018-03-15 15:45:00,2018-03-15 17:45:00,long,1317.47,1316.1055559570802,1316.1855559570802,1319.5251104686718,23.910264099139464,-32.62421741470966,-1.062283756494419,stop_loss,8
2018-03-16 10:30:00,2018-03-16 11:00:00,short,1318.68,1319.5473011674737,1319.4673011674738,1317.4203181320422,38.92557145607548,-33.760193568434026,-1.1016129574107296,stop_loss,2
2018-03-16 11:30:00,2018-03-16 12:30:00,short,1319.95,1320.8587825032334,1320.7787825032335,1318.6239479948265,36.89584100232857,-33.530294744997555,-1.0965271343058158,stop_loss,4
2018-03-16 12:45:00,2018-03-16 13:00:00,short,1320.71,1321.5970580003366,1321.5170580003366,1319.4187071994613,37.80591588534912,-33.53604014614913,-1.0991254655384872,stop_loss,1
2018-03-19 11:00:00,2018-03-19 11:30:00,short,1310.77,1311.789880677432,1311.709880677432,1309.2661909161088,32.3918722089415,-33.03584457174462,-1.0851171876609973,stop_loss,2
2018-03-19 12:15:00,2018-03-19 13:00:00,short,1312.77,1311.3040548689064,1313.7174657069334,1311.2540548689065,32.0628207264756,47.00233593310311,1.5472276414503152,take_profit,3
2018-03-19 14:15:00,2018-03-19 15:30:00,short,1312.56,1313.7177508810646,1313.6377508810647,1310.8355985902965,28.27409219805052,-32.734355153596354,-1.0742286565527033,stop_loss,5
2018-03-20 11:15:00,2018-03-20 11:30:00,short,1315.95,1314.651208800267,1316.7929944998332,1314.6012088002672,36.07017492221583,46.84762576180141,1.5406876319952407,take_profit,1
2018-03-21 09:00:00,2018-03-21 09:15:00,short,1314.68,1315.484527466199,1315.4045274661992,1313.5207560540816,42.09730581916815,-33.86843878450117,-1.110416794023848,stop_loss,1
2018-03-21 09:45:00,2018-03-21 10:00:00,short,1315.8400000000001,1316.6892809195479,1316.609280919548,1314.6091505287236,39.56021352939784,-33.59773452375073,-1.1039932201190623,stop_loss,1
2018-03-21 10:15:00,2018-03-21 10:30:00,short,1316.71,1317.6012167112428,1317.521216711243,1315.4120532620116,37.43231808653261,-33.360307419274164,-1.0986172978085695,stop_loss,1
2018-03-21 10:45:00,2018-03-21 12:30:00,short,1317.45,1316.2256683738772,1318.2464572663268,1316.1756683738772,38.04221850753213,46.576291246648566,1.5372219927999449,take_profit,7
2018-03-21 15:00:00,2018-03-21 15:15:00,short,1318.6200000000001,1319.8506571777175,1319.7706571777176,1316.7789485156522,26.41286608084065,-32.50518322647436,-1.0695254864343025,stop_loss,1
2018-03-21 15:30:00,2018-03-21 15:45:00,short,1322.07,1323.5453625665011,1323.4653625665012,1319.837419893598,21.734239044120613,-32.06588269708415,-1.0573327692174799,stop_loss,1
2018-03-22 07:15:00,2018-03-22 07:30:00,long,1329.47,1328.270162094037,1328.350162094037,1331.261740649541,27.024457421036118,-32.42496840184284,-1.0714389105547601,stop_loss,1
2018-03-22 07:45:00,2018-03-22 08:15:00,long,1327.56,1329.3241437233287,1326.4261601729195,1329.3741437233286,26.63353425246648,46.98538228154983,1.5559020605858012,take_profit,2
2018-03-22 11:30:00,2018-03-22 11:45:00,long,1331.05,1329.8628035613049,1329.9428035613048,1332.8215143019124,27.35931184137567,-32.480877583229386,-1.0722545676666086,stop_loss,1
2018-03-22 12:00:00,2018-03-22 14:15:00,long,1329.0,1330.8940505970572,1327.7849683768393,1330.9440505970572,24.877682444283774,47.11958928699586,1.5588488076797196,take_profit,9
2018-03-23 10:00:00,2018-03-23 11:00:00,long,1339.5,1341.5161835663248,1338.2086352710471,1341.5661835663248,23.480128719262176,47.34024965896734,1.5612812717594038,take_profit,4
2018-03-27 11:15:00,2018-03-27 11:30:00,long,1352.69,1351.450506548963,1351.5305065489629,1354.5451895216595,26.232222813711704,-32.51466838374182,-1.068995646269814,stop_loss,1
2018-03-27 12:00:00,2018-03-27 12:15:00,long,1351.33,1350.018255425682,1350.0982554256818,1353.3007913189088,24.640710302037917,-32.32231804604055,-1.064948530456662,stop_loss,1
2018-03-27 12:45:00,2018-03-27 14:00:00,long,1349.09,1347.672061650956,1347.752061650956,1351.2307013584702,22.63663090861319,-32.09734705847464,-1.0597934875378172,stop_loss,5
2018-03-28 09:30:00,2018-03-28 10:15:00,long,1341.52,1340.483877495488,1340.563877495488,1343.0497960072194,31.609152330428298,-32.75095407810225,-1.0836712864956142,stop_loss,3
2018-03-28 10:30:00,2018-03-28 10:45:00,long,1339.95,1341.6125187360005,1338.8796757899997,1341.6625187360005,28.175313331934625,46.84198630702579,1.5532851826270606,take_profit,1
2018-03-28 13:00:00,2018-03-28 13:30:00,long,1339.8899999999999,1338.7301792316835,1338.8101792316834,1341.6177132293062,28.01428241030252,-32.49154654895029,-1.074086369096838,stop_loss,2
2018-03-28 13:45:00,2018-03-28 14:00:00,long,1338.5,1337.3061456895077,1337.3861456895077,1340.2821668967879,27.09997221242314,-32.353418640022106,-1.071822678465522,stop_loss,1
2018-03-28 15:15:00,2018-03-28 15:30:00,long,1335.3799999999999,1333.99761742283,1334.07761742283,1337.4638121234718,23.127393251222323,-31.970905485846284,-1.0614258831485328,stop_loss,1
2018-03-29 09:15:00,2018-03-29 09:30:00,long,1325.57,1324.521346298426,1324.6013462984258,1327.1198459225184,31.029429987140585,-32.53912661374748,-1.082588854892025,stop_loss,1
2018-03-29 09:45:00,2018-03-29 10:30:00,long,1323.72,1325.4178569433961,1322.6275894103774,1325.467856943396,27.454598341005404,46.61398042142758,1.5542296637591113,take_profit,3
2018-03-29 15:30:00,2018-03-29 15:45:00,long,1323.6299999999999,1322.4828432584145,1322.5628432584144,1325.3374507865367,28.191661777535497,-32.340254864594634,-1.0749655574316785,stop_loss,1
2018-03-29 16:00:00,2018-03-29 16:15:00,long,1322.87,1321.6178087279186,1321.6978087279185,1324.7455060353302,25.610360806867458,-32.06907027721219,-1.0682482474535728,stop_loss,1
2018-04-02 15:15:00,2018-04-02 15:30:00,short,1333.57,1334.4326678095063,1334.3526678095063,1332.3177315047897,38.274352040877645,-33.01805143537766,-1.102214501514226,stop_loss,1
2018-04-02 15:45:00,2018-04-02 16:15:00,short,1334.49,1335.453983978605,1335.373983978605,1333.075625634232,33.812905994523845,-32.59509964879893,-1.0904993777445657,stop_loss,2
2018-04-03 07:15:00,2018-04-03 08:30:00,long,1337.6699999999998,1339.2327695265817,1336.6620190458862,1339.2827695265817,29.588730668196643,46.240366618495834,1.550395888140555,take_profit,5
2018-04-03 10:45:00,2018-04-03 11:00:00,long,1338.3799999999999,1337.2275483171431,1337.307548317143,1340.0959226925709,27.896228969014896,-32.14905602069804,-1.07459543518718,stop_loss,1
2018-04-03 11:15:00,2018-04-03 13:15:00,long,1336.75,1338.4855864032884,1335.6340084979447,1338.5355864032883,26.750257090809225,46.427382491277065,1.5551967914558424,take_profit,8
2018-04-05 07:15:00,2018-04-05 09:15:00,long,1328.69,1327.675646038566,1327.7556460385658,1330.1849663382948,32.04986075100841,-32.509903216198374,-1.0856206569479598,stop_loss,8
2018-04-05 09:30:00,2018-04-05 09:45:00,long,1327.1499999999999,1326.1681646413965,1326.2481646413964,1328.5929365737652,33.13342536930587,-32.5315685792297,-1.0887079878125592,stop_loss,1
2018-04-05 10:15:00,2018-04-05 10:30:00,long,1325.48,1327.012718532275,1324.4908009173282,1327.0627185322749,30.141386031209546,46.1982609584862,1.549454057453277,take_profit,1
2018-04-05 13:30:00,2018-04-05 13:45:00,short,1328.25,1329.2787756367832,1329.1987756367832,1326.7319589811468,31.522972107344597,-32.430065703031424,-1.084319197182552,stop_loss,1
2018-04-05 14:00:00,2018-04-05 15:15:00,short,1329.76,1328.194219733744,1330.76986266641,1328.144219733744,29.55190720053976,46.27179312483581,1.5504883172107067,take_profit,5
2018-04-06 12:45:00,2018-04-06 13:30:00,short,1326.0800000000002,1324.0437350415364,1327.38391559904,1323.9937350415364,22.958473241162906,46.749534560808605,1.5616539597833756,take_profit,3
2018-04-09 15:00:00,2018-04-09 15:15:00,short,1329.57,1330.6759556275051,1330.5959556275052,1327.9284709959913,29.26969710320886,-32.370986226665956,-1.077976081864727,stop_loss,1
2018-04-09 15:30:00,2018-04-09 15:45:00,short,1332.42,1333.6897780665734,1333.6097780665734,1330.5163550934826,25.18509067179096,-31.97947573969949,-1.0672394308211892,stop_loss,1
2018-04-09 16:00:00,2018-04-09 16:30:00,short,1333.54,1331.6744694428496,1334.737206598219,1331.6244694428497,24.975396543051527,46.59236542800985,1.5582361139050556,take_profit,2
2018-04-10 08:15:00,2018-04-10 10:00:00,long,1332.18,1333.6280229691617,1331.243735644274,1333.6780229691617,32.035710941996776,46.38844527743562,1.546596279465081,take_profit,7
2018-04-11 11:15:00,2018-04-11 11:45:00,long,1343.71,1342.6900624079033,1342.7700624079032,1345.213900147355,32.009222110982215,-32.647408924765784,-1.0851120336845566,stop_loss,2
2018-04-12 07:45:00,2018-04-12 10:00:00,long,1349.49,1351.4937711542152,1348.2063930286154,1351.5437711542152,23.38829330730074,46.864787475493664,1.5610472667141315,take_profit,9
2018-04-12 11:00:00,2018-04-12 11:45:00,long,1348.84,1347.5088598619423,1347.5888598619422,1350.8418242208922,24.070130113275365,-32.040716322051274,-1.0639416781273752,stop_loss,3
2018-04-12 12:00:00,2018-04-12 12:30:00,long,1346.87,1345.4712394970047,1345.5512394970046,1348.9800168047923,22.78732522857125,-31.874010498630938,-1.0606630239669952,stop_loss,2
2018-04-13 14:00:00,2018-04-13 14:15:00,long,1338.98,1337.908965789439,1337.988965789439,1340.5656547368976,30.258568412457954,-32.407961932344065,-1.0807237521645516,stop_loss,1
2018-04-16 07:45:00,2018-04-16 08:45:00,long,1346.25,1344.9980888777116,1345.0780888777115,1348.1250577956616,25.533045950662235,-31.96510421153606,-1.0682645624556428,stop_loss,4
2018-04-16 09:00:00,2018-04-16 09:15:00,long,1344.34,1343.0939335241121,1343.173933524112,1346.2057063614204,25.606199084256147,-31.907026253800495,-1.068606723247929,stop_loss,1
2018-04-16 09:45:00,2018-04-16 10:00:00,long,1343.25,1341.9870269506102,1342.0670269506102,1345.1427568790236,25.186301826505858,-31.809620420672907,-1.06762622364152,stop_loss,1
2018-04-16 10:15:00,2018-04-16 10:45:00,long,1342.18,1344.0249587375256,1340.9956507890467,1344.0749587375255,25.103319830627967,46.31458926241499,1.5577827219055382,take_profit,2
2018-04-17 11:00:00,2018-04-17 11:30:00,long,1342.8899999999999,1341.429911437456,1341.509911437456,1345.09814170007,21.610008967296086,-31.552526929619866,-1.057967294397731,stop_loss,2
2018-04-17 15:45:00,2018-04-17 16:30:00,long,1339.31,1341.5654128449814,1337.8691169718866,1341.6154128449814,20.654432440186113,46.584272231398195,1.5652990568808514,take_profit,3
2018-04-18 12:00:00,2018-04-18 12:30:00,long,1344.31,1346.0636324450727,1343.1827297218294,1346.1136324450727,26.483258080122937,46.44190062053874,1.5556450649251634,take_profit,2
2018-04-19 08:15:00,2018-04-19 09:30:00,long,1350.97,1352.3731866929684,1350.0617583168948,1352.4231866929683,32.97214173401254,46.26607051983269,1.544948573788191,take_profit,5
2018-04-19 11:15:00,2018-04-19 12:15:00,long,1351.94,1350.7196367444208,1350.7996367444207,1353.7645812089272,26.341786705378095,-32.14654858155038,-1.070153084649578,stop_loss,4
2018-04-19 12:30:00,2018-04-19 13:00:00,long,1348.5,1346.833566883862,1346.913566883862,1351.0382929858208,18.894532800051365,-31.486475171961686,-1.050427590792276,stop_loss,2
2018-04-19 13:15:00,2018-04-19 14:30:00,long,1347.1499999999999,1349.6862178170002,1345.5336138643747,1349.7362178170001,18.505441823804457,46.933831264995504,1.5690667972844423,take_profit,5
2018-04-20 12:30:00,2018-04-20 14:00:00,long,1340.11,1341.847682535479,1338.9926984153255,1341.897682535479,26.855602526412344,46.66651148991385,1.555249325083091,take_profit,6
2018-04-20 16:00:00,2018-04-20 16:15:00,long,1339.37,1337.852066419085,1337.932066419085,1341.670693729464,20.93221876352191,-31.773717784205076,-1.0556353930819442,stop_loss,1
2018-04-24 08:15:00,2018-04-24 09:15:00,short,1327.0800000000002,1328.0634098223145,1327.9834098223146,1325.6345442842971,33.24691862504799,-32.69534633755786,-1.088553387426072,stop_loss,4
2018-04-24 12:00:00,2018-04-24 13:45:00,short,1327.5900000000001,1325.8198450865013,1328.727596820937,1325.7698450865014,26.345188034370313,46.6350640460904,1.5560476971455741,take_profit,7
2018-04-25 11:45:00,2018-04-25 14:15:00,short,1324.98,1323.3786043264276,1326.0121222959826,1323.3286043264277,29.127819832970474,46.64516466111438,1.5515561283828132,take_profit,10
2018-04-26 10:15:00,2018-04-26 10:45:00,short,1325.57,1324.2045745176129,1326.4546409264917,1324.154574517613,34.089269113840636,46.546356723988886,1.5434798927989264,take_profit,2
2018-04-26 14:00:00,2018-04-26 14:45:00,short,1324.6200000000001,1325.7364496832884,1325.6564496832884,1322.961680506739,29.18603364301388,-32.5847380171827,-1.0771865738297242,stop_loss,3
2018-04-27 11:00:00,2018-04-27 13:00:00,short,1317.44,1318.3490400189216,1318.2690400189217,1316.1135359697253,36.409202403728166,-33.09742204200494,-1.0964971511314785,stop_loss,8
2018-04-27 13:45:00,2018-04-27 15:30:00,short,1319.52,1317.8601687946616,1320.5886445033364,1317.8101687946616,28.1838262505385,46.78039429647874,1.553211755786218,take_profit,7
2018-05-02 10:30:00,2018-05-02 11:15:00,short,1311.31,1309.623663952885,1312.3952100294468,1309.573663952885,27.839819919114223,46.94729187479229,1.5539259694959426,take_profit,3
2018-05-03 12:30:00,2018-05-03 14:45:00,short,1312.66,1314.0351127470883,1313.9551127470884,1310.5878196046588,23.400237891336044,-32.17796540927306,-1.061770683810954,stop_loss,9
2018-05-03 15:00:00,2018-05-03 15:30:00,short,1317.66,1315.3084744575644,1319.1609534640224,1315.2584744575645,20.148253208401155,47.379132055016115,1.5666878412964629,take_profit,2
2018-05-04 13:30:00,2018-05-04 13:45:00,short,1309.91,1310.839583189413,1310.759583189413,1308.5506668969397,35.70733165309361,-33.19293524350425,-1.0941638217385294,stop_loss,1
2018-05-04 14:00:00,2018-05-04 14:30:00,short,1310.73,1311.6496406071979,1311.569640607198,1309.3865750284835,36.05109445789058,-33.15405039740098,-1.0952788601624541,stop_loss,2
2018-05-07 13:15:00,2018-05-07 13:45:00,short,1314.64,1313.1344291266596,1315.612231795838,1313.0844291266596,31.06631038943637,46.772532064490846,1.5485719349911233,take_profit,2
2018-05-08 09:00:00,2018-05-08 09:15:00,short,1312.13,1313.079637116302,1312.999637116302,1310.738580613917,34.83889916399288,-33.08431173722343,-1.0919923937240936,stop_loss,1
2018-05-08 09:30:00,2018-05-08 09:45:00,short,1313.17,1314.172238125791,1314.092238125791,1311.6944189987346,32.780070933095,-32.853436855277295,-1.0867454920401554,stop_loss,1
2018-05-08 14:45:00,2018-05-08 16:00:00,short,1310.82,1309.0358760453566,1311.966327471652,1308.9858760453567,26.314753029034584,46.94878123962272,1.5563824463458584,take_profit,5
2018-05-09 14:00:00,2018-05-09 14:15:00,short,1308.73,1309.9883567798156,1309.9083567798157,1306.8446291522948,25.679168132876118,-32.31355532002899,-1.0678911526375248,stop_loss,1
2018-05-09 14:30:00,2018-05-09 14:45:00,short,1309.8700000000001,1311.1888382438208,1311.1088382438209,1307.887858809887,24.373315006515043,-32.14445995928015,-1.0645766308870133,stop_loss,1
2018-05-09 15:00:00,2018-05-09 15:15:00,short,1311.25,1312.7193044041107,1312.6393044041108,1309.0271129534228,21.687331984041442,-31.865292397563895,-1.05758277290651,stop_loss,1
2018-05-10 12:00:00,2018-05-10 13:15:00,short,1314.93,1316.2026378206565,1316.1226378206566,1313.0217794869495,25.21014740040405,-32.08338704607752,-1.0670782014575813,stop_loss,5
2018-05-10 13:45:00,2018-05-10 14:00:00,short,1316.38,1317.5725179134954,1317.4925179134955,1314.5999713384076,26.968022821036417,-32.15985030563582,-1.0719089544801836,stop_loss,1
2018-05-10 14:45:00,2018-05-10 15:30:00,short,1318.02,1319.353222983323,1319.273222983323,1316.014843226683,23.888876263632852,-31.849198880432493,-1.063835407636559,stop_loss,3
2018-05-10 15:45:00,2018-05-10 16:00:00,short,1320.48,1321.9780107670422,1321.8980107670423,1318.2111827727326,21.06781632123741,-31.559815687280196,-1.0564170610402317,stop_loss,1
2018-05-14 13:00:00,2018-05-14 13:15:00,long,1320.45,1319.5480700014455,1319.6280700014454,1321.7650879976877,36.26984147388554,-32.71285806811638,-1.097331889748039,stop_loss,1
2018-05-14 13:45:00,2018-05-14 14:30:00,long,1319.27,1318.3356376797287,1318.4156376797287,1320.6369797124344,34.81642896496832,-32.53115935126688,-1.093637088272481,stop_loss,3
2018-05-14 15:00:00,2018-05-14 15:30:00,long,1318.95,1318.0435851524282,1318.1235851524282,1320.272263756115,35.91511309674073,-32.553991763106055,-1.096803681873552,stop_loss,2
2018-05-15 11:45:00,2018-05-15 13:45:00,long,1309.71,1308.768936936089,1308.8489369360889,1311.0877009022581,34.39431555375457,-32.36721997614106,-1.092908409793526,stop_loss,8
2018-05-16 10:30:00,2018-05-16 11:30:00,short,1296.39,1294.9376922288586,1297.3289423569636,1294.8876922288587,31.47258196707414,45.707875368668894,1.5467485947041628,take_profit,4
2018-05-18 15:00:00,2018-05-18 15:30:00,short,1288.6200000000001,1287.1956598824763,1289.5414625734525,1287.1456598824764,32.168811731083565,45.81932908165249,1.5457384364373858,take_profit,2
2018-05-21 12:00:00,2018-05-21 12:30:00,short,1284.28,1285.3829883201759,1285.302988320176,1282.6432186877187,29.065820317163823,-32.05926032616255,-1.078202261376911,stop_loss,2
2018-05-21 12:45:00,2018-05-21 15:15:00,short,1284.91,1285.954528184922,1285.8745281849222,1283.3667549041247,30.76102559152932,-32.130758227459346,-1.0829421070846061,stop_loss,10
2018-05-21 16:00:00,2018-05-21 16:15:00,short,1287.0,1288.1938555483355,1288.1138555483356,1285.217831122663,26.57940224648016,-31.731966843400798,-1.0718225986479777,stop_loss,1
2018-05-22 09:15:00,2018-05-22 09:30:00,short,1290.64,1289.520256231493,1291.371089855317,1289.470256231493,40.40837185080661,45.24702257545753,1.5316089538976276,take_profit,1
2018-05-22 10:45:00,2018-05-22 11:00:00,short,1291.63,1292.7237941226992,1292.6437941226993,1290.0079294036814,29.229450153303326,-31.971000787410567,-1.0789114852894675,stop_loss,1
2018-05-22 11:15:00,2018-05-22 14:15:00,short,1294.14,1294.1499999999999,1295.3331184017152,1292.2310105572558,24.7827061681969,-0.24782706167610866,-0.008381397843993305,time_stop,12
2018-05-23 10:30:00,2018-05-23 12:00:00,short,1292.81,1293.96280723606,1293.88280723606,1291.0935084223038,27.561528414034075,-31.773129392570972,-1.0745707125296176,stop_loss,6
2018-05-23 12:15:00,2018-05-23 12:30:00,short,1293.8500000000001,1295.0568554498448,1294.9768554498448,1292.0470312802483,26.183181582634603,-31.599315387273975,-1.0709940214700588,stop_loss,1
2018-05-23 12:45:00,2018-05-23 13:00:00,short,1294.57,1295.7614723011416,1295.6814723011416,1292.7916443181732,26.488705296252853,-31.560558653588867,-1.0719766024918043,stop_loss,1
2018-05-24 10:00:00,2018-05-24 10:15:00,short,1295.93,1296.9873256829092,1296.9073256829092,1294.3662789073453,30.05992948546487,-31.783135471418387,-1.0818560295701984,stop_loss,1
2018-05-24 10:30:00,2018-05-24 12:00:00,short,1296.75,1297.819938981692,1297.7399389816921,1295.1660976292926,29.61270884750033,-31.68379154943842,-1.0808130616931355,stop_loss,6
2018-05-24 15:45:00,2018-05-24 16:00:00,short,1298.07,1299.1676618562171,1299.0876618562172,1296.4417410300523,28.743739464964698,-31.55090641573676,-1.0786115736884287,stop_loss,1
2018-05-28 09:00:00,2018-05-28 09:15:00,long,1297.25,1296.3067558535986,1296.3867558535985,1298.6311906342423,33.81234100153987,-31.893292725830936,-1.0926736663473653,stop_loss,1
2018-05-29 15:15:00,2018-05-29 15:30:00,long,1302.03,1300.4051693896345,1300.4851693896344,1304.5017289765851,18.85288824861278,-30.632749920146193,-1.0517856129100107,stop_loss,1
2018-05-30 07:15:00,2018-05-30 08:30:00,long,1297.75,1299.5544359176345,1296.5909775514783,1299.6044359176344,25.075660439095067,45.24742235470874,1.556860197087639,take_profit,5
2018-05-30 09:30:00,2018-05-30 10:00:00,long,1297.6,1296.3819804161772,1296.461980416177,1299.4208313341164,25.61796705395409,-31.20318556944213,-1.070297560021939,stop_loss,2
2018-05-30 13:30:00,2018-05-30 15:00:00,long,1296.6499999999999,1298.553827797272,1295.4288576267047,1298.603827797272,23.823054928057406,45.35499418797917,1.5590547334254898,take_profit,6
2018-05-31 12:00:00,2018-05-31 12:15:00,long,1304.76,1303.7525888789905,1303.8325888789905,1306.243857793615,31.466143936896955,-31.699343337314204,-1.0862616354145547,stop_loss,1
2018-05-31 12:30:00,2018-05-31 15:15:00,long,1303.9099999999999,1302.8364159211703,1302.9164159211703,1305.4997345261272,29.306682500378507,-31.463187735718257,-1.0805165880819707,stop_loss,11
2018-05-31 15:30:00,2018-05-31 15:45:00,long,1303.47,1302.2925419060555,1302.3725419060554,1305.2259329503113,26.475477214608592,-31.17376493738543,-1.0728957218880049,stop_loss,1
2018-06-01 14:00:00,2018-06-01 14:15:00,long,1298.04,1297.0263749866208,1297.1063749866207,1299.5338000214067,31.0546298726539,-31.477749620153954,-1.0856875071399046,stop_loss,1
2018-06-01 14:30:00,2018-06-01 14:45:00,long,1295.95,1294.8193233303007,1294.8993233303006,1297.6310826715192,27.535039622969332,-31.133226900939135,-1.0761414070637088,stop_loss,1
2018-06-01 15:00:00,2018-06-01 15:15:00,long,1295.0,1293.825334912351,1293.905334912351,1296.7514641402383,26.371679889144694,-30.977891668431372,-1.0730817132130732,stop_loss,1
2018-06-01 15:30:00,2018-06-01 15:45:00,long,1294.0,1292.805926531568,1292.885926531568,1295.7825175494913,25.856644386754336,-30.87473304490332,-1.071808549675383,stop_loss,1
2018-06-01 16:00:00,2018-06-01 16:15:00,long,1292.43,1294.7944360503268,1290.920977468546,1294.8444360503267,19.04839154401287,45.038703667402885,1.5668659685606958,take_profit,1
2018-06-04 10:15:00,2018-06-04 12:30:00,short,1293.28,1294.3536239798284,1294.2736239798285,1291.6902016322742,29.01955872702141,-31.156094133369454,-1.0805133547740418,stop_loss,9
2018-06-04 14:00:00,2018-06-04 14:45:00,short,1294.95,1295.9707546758245,1295.8907546758246,1293.4447925186807,30.584187340577902,-31.218952234187118,-1.0850381104189653,stop_loss,3
2018-06-04 15:00:00,2018-06-04 16:00:00,short,1296.6100000000001,1297.720384587053,1297.6403845870532,1294.9613846607153,27.863168474390825,-30.938832820423976,-1.0776409129223596,stop_loss,4
2018-06-05 10:00:00,2018-06-05 10:30:00,short,1293.0800000000002,1291.751898644638,1293.9413133471014,1291.701898644638,33.260719543297576,44.17360670577388,1.5419491173936428,take_profit,2
2018-06-05 12:00:00,2018-06-05 13:30:00,short,1292.57,1291.1994171514139,1293.4578642803663,1291.149417151414,32.365587315202,44.35971885863112,1.5436850866672824,take_profit,6
2018-06-05 15:15:00,2018-06-05 16:00:00,short,1292.69,1293.732651582014,1293.652651582014,1291.1497574687778,29.94330333687266,-31.220432594910335,-1.083103795282364,stop_loss,3
2018-06-06 14:45:00,2018-06-06 15:00:00,short,1295.25,1296.2251530369429,1296.145153036943,1293.8177551408914,32.131408011529366,-31.33304010369289,-1.0893701933617275,stop_loss,1
2018-06-06 15:45:00,2018-06-06 16:00:00,short,1297.8600000000001,1298.9336853365298,1298.85368533653,1296.2701034615527,28.8822430275496,-31.01044082476736,-1.080508383347297,stop_loss,1
2018-06-07 08:45:00,2018-06-07 09:00:00,short,1298.05,1296.9508755318914,1298.7682027925678,1296.9008755318914,39.87430959231775,43.82682932185328,1.5303817800246327,take_profit,1
2018-06-07 10:15:00,2018-06-07 10:45:00,short,1298.22,1299.099099897124,1299.019099897124,1296.9414401646015,35.947313049272424,-31.601279203498844,-1.1001126395934302,stop_loss,2
2018-06-07 15:30:00,2018-06-07 16:00:00,short,1302.45,1300.7843435295854,1303.5222852940092,1300.7343435295854,26.730098567320752,44.523161633479454,1.5533706185477831,take_profit,2
2018-06-08 11:00:00,2018-06-08 11:15:00,short,1298.3500000000001,1299.6429690336113,1299.5629690336114,1296.409249546222,23.70327446762757,-30.64759988182811,-1.0659538683866923,stop_loss,1
2018-06-08 12:15:00,2018-06-08 13:30:00,short,1299.04,1300.3506636769587,1300.2706636769587,1297.070938116866,23.312659065029695,-30.555055449856653,-1.0650055750386842,stop_loss,5
2018-06-11 08:15:00,2018-06-11 09:15:00,long,1298.24,1297.4885937643812,1297.5685937643811,1299.3142499769901,42.64025428266672,-32.04015295636649,-1.119152899922337,stop_loss,4
2018-06-11 09:30:00,2018-06-11 09:45:00,long,1297.94,1297.1394303425627,1297.2194303425626,1299.0929114519,39.642041561158536,-31.736215632733323,-1.1110232705113263,stop_loss,1
2018-06-11 10:00:00,2018-06-11 10:30:00,long,1297.29,1296.4789475912912,1296.5589475912911,1298.459683853934,38.986780615246204,-31.620322325794916,-1.109431278861693,stop_loss,2
2018-06-11 11:00:00,2018-06-11 11:15:00,long,1296.69,1295.841350274752,1295.9213502747518,1297.9198395603971,36.997527349330404,-31.39794141987021,-1.1040786165299057,stop_loss,1
2018-06-11 11:30:00,2018-06-11 12:30:00,long,1295.9099999999999,1295.05131732874,1295.13131732874,1297.1558922740157,36.440188534276274,-31.290558431826184,-1.1027376143743923,stop_loss,4
2018-06-11 12:45:00,2018-06-11 13:30:00,long,1295.32,1294.4491508280403,1294.5291508280402,1296.5853586751355,35.80045757911546,-31.176798838549715,-1.1011570889069608,stop_loss,3
2018-06-12 07:45:00,2018-06-12 08:45:00,long,1296.82,1298.1242642702691,1295.9735848310818,1298.174264270269,33.37653869159053,43.531826880698596,1.540927334674577,take_profit,4
2018-06-12 11:30:00,2018-06-12 14:30:00,long,1297.44,1297.27,1296.6093799137166,1298.7689921380536,34.11604505629048,-5.7997276595718645,-0.20466637251781103,time_stop,12
2018-06-13 14:00:00,2018-06-13 14:45:00,short,1294.82,1293.7914754310484,1295.4940778555947,1293.7414754310485,42.02166351837123,43.22031335685879,1.525824591944243,take_profit,3
2018-06-13 16:00:00,2018-06-13 16:15:00,short,1296.53,1297.4211607755642,1297.3411607755643,1295.232142759097,35.02673491569688,-31.21445225295515,-1.098624098218104,stop_loss,1
2018-06-14 15:00:00,2018-06-14 15:15:00,long,1303.29,1304.8425292376141,1302.2884192264912,1304.892529237614,28.305140538870774,43.94455826137528,1.5500789139305684,take_profit,1
2018-06-15 09:15:00,2018-06-15 10:00:00,long,1299.1,1298.1131795568638,1298.1931795568637,1300.5509127090177,31.359872714566936,-30.946563488881864,-1.0882203313847332,stop_loss,3
2018-06-15 10:15:00,2018-06-15 10:45:00,long,1298.09,1299.5808716649901,1297.126955209381,1299.63087166499,29.464756801713797,43.928171031502636,1.5480813348590148,take_profit,2
2018-06-15 13:00:00,2018-06-15 13:15:00,long,1298.9199999999998,1297.8379504193758,1297.9179504193758,1300.5232793289983,28.4055174885423,-30.73617828588535,-1.079836368925081,stop_loss,1
2018-06-15 15:30:00,2018-06-15 15:45:00,long,1294.53,1293.1344537636357,1293.2144537636357,1296.634873978183,21.58971212499989,-30.12944150023068,-1.0608112415881472,stop_loss,1
2018-06-15 16:00:00,2018-06-15 16:15:00,long,1292.32,1290.8739932961962,1290.9539932961961,1294.5056107260862,20.74807214950716,-30.001851419190867,-1.0585648663195855,stop_loss,1
2018-06-18 11:45:00,2018-06-18 12:45:00,short,1281.81,1280.4471044116062,1282.6930597427458,1280.3971044116063,32.027280347363266,43.64983909367004,1.5433786893690218,take_profit,4
2018-06-19 11:00:00,2018-06-19 11:30:00,short,1281.89,1280.3862405473985,1282.861099657876,1280.3362405473986,29.21358420065344,43.930203386104516,1.5485119785655188,take_profit,2
2018-06-20 14:15:00,2018-06-20 14:45:00,short,1273.3400000000001,1274.396858676986,1274.3168586769862,1271.7770261168223,29.131298825285914,-30.78766593537372,-1.081895162406458,stop_loss,2
2018-06-21 11:00:00,2018-06-21 11:45:00,short,1264.9,1263.200534785069,1265.9934157593318,1263.150534785069,25.969615359154147,44.13445794802093,1.5542717401198913,take_profit,3
2018-06-21 15:00:00,2018-06-21 15:30:00,short,1264.06,1265.2242036059874,1265.1442036059875,1262.3252742304198,26.271685000930415,-30.585590413450785,-1.073786878735805,stop_loss,2
2018-06-22 10:00:00,2018-06-22 10:30:00,short,1270.24,1268.876211233275,1271.1236179792031,1268.826211233275,32.16625861119798,43.867982161525205,1.543414460573786,take_profit,2
2018-06-22 12:15:00,2018-06-22 13:00:00,short,1270.24,1268.6757134169627,1271.2489291143982,1268.6257134169628,28.258100584084897,44.203767605802526,1.550442504546463,take_profit,3
2018-06-25 10:15:00,2018-06-25 10:45:00,short,1266.54,1267.4849109340764,1267.4049109340765,1265.1561425054774,33.06563347198405,-31.244078609842337,-1.09249507301621,stop_loss,2
2018-06-25 11:15:00,2018-06-25 11:30:00,short,1268.43,1269.4580675028155,1269.3780675028156,1266.913091995495,30.099480986448555,-30.944298253780026,-1.0843821771786768,stop_loss,1
2018-06-25 14:45:00,2018-06-25 15:45:00,short,1269.5800000000002,1267.9780128908442,1270.6124919432227,1267.9280128908442,27.578376146438107,44.180203078048365,1.5515734719981653,take_profit,4
2018-06-26 13:45:00,2018-06-26 14:45:00,short,1257.7,1256.1345904742145,1258.709630953616,1256.0845904742146,28.29034854985367,44.28598110773368,1.550476954157518,take_profit,4
2018-06-27 09:00:00,2018-06-27 09:45:00,short,1256.2,1257.1779200259073,1257.0979200259073,1254.7633279585484,31.90861404141171,-31.20407267004095,-1.0890947942931686,stop_loss,3
2018-06-27 10:00:00,2018-06-27 10:15:00,short,1257.03,1258.0603101275492,1257.9803101275493,1255.509503795921,30.08383744695712,-30.995682397144634,-1.0841830447563834,stop_loss,1
2018-06-27 10:30:00,2018-06-27 11:00:00,short,1257.76,1258.8044000589582,1258.7244000589583,1256.2169599056665,29.580031410833566,-30.893386549460498,-1.0829531264093246,stop_loss,2
2018-06-27 11:15:00,2018-06-27 11:30:00,short,1258.41,1256.9206548515851,1259.3720907177594,1256.8706548515852,29.586812072972794,44.06497501794663,1.5480298488728301,take_profit,1
2018-06-27 13:00:00,2018-06-27 14:30:00,short,1258.15,1256.4840152404176,1259.222490474739,1256.4340152404177,26.623385368977228,44.35415427320626,1.553379539326838,take_profit,6
2018-06-28 11:15:00,2018-06-28 11:30:00,short,1250.56,1249.0636960990057,1251.5264399381213,1249.0136960990058,29.636643098336116,44.3454246804142,1.5482637274934437,take_profit,1
2018-06-28 13:00:00,2018-06-28 13:30:00,short,1251.94,1253.0929285583438,1253.012928558344,1250.2233143066499,26.777855942047445,-30.872954846802024,-1.0745622803846453,stop_loss,2
2018-06-28 13:45:00,2018-06-28 15:15:00,short,1252.82,1251.169397059661,1253.8828768377118,1251.119397059661,26.97300331002034,44.5217185732935,1.5529578609431003,take_profit,6
2018-06-29 07:15:00,2018-06-29 07:30:00,short,1250.4,1251.4041008867605,1251.3241008867606,1248.9214385811833,31.1200046563177,-31.24762427139631,-1.086570634382113,stop_loss,1
2018-06-29 07:45:00,2018-06-29 09:00:00,short,1251.1100000000001,1252.1134339278701,1252.0334339278702,1249.6325057154081,31.074804362600904,-31.18151299935618,-1.0866331608417836,stop_loss,5
2018-06-29 09:15:00,2018-06-29 10:00:00,short,1252.16,1250.8091298196439,1253.0355438627225,1250.759129819644,32.70329088404379,44.17790045476938,1.5428926383605097,take_profit,3
2018-06-29 12:00:00,2018-06-29 15:00:00,short,1250.72,1251.27,1251.6686727130077,1249.202123659188,30.275479658524375,-16.65151381218703,-0.5797573730736167,time_stop,12
2018-07-03 09:00:00,2018-07-03 09:15:00,short,1239.63,1240.6611812114043,1240.5811812114043,1238.1081100617532,30.160623500210555,-31.10106827765147,-1.0841059506230408,stop_loss,1
2018-07-03 09:45:00,2018-07-03 10:00:00,short,1240.31,1241.38346032123,1241.30346032123,1238.7204634860318,28.814453531107137,-30.931172543567993,-1.0805266182154885,stop_loss,1
2018-07-03 10:15:00,2018-07-03 10:30:00,short,1242.98,1244.2232897667748,1244.1432897667748,1241.1187363731601,24.554633533128552,-30.528524598642882,-1.0687704837477632,stop_loss,1
2018-07-03 10:45:00,2018-07-03 11:00:00,short,1243.75,1245.0183467886986,1244.9383467886987,1241.848645138082,23.985504179305448,-30.421937201139787,-1.0673204158590193,stop_loss,1
2018-07-03 12:45:00,2018-07-03 14:45:00,short,1246.5900000000001,1247.8056971156882,1247.7256971156883,1244.772884614899,25.04387182066734,-30.445762738046383,-1.0704413165225444,stop_loss,8
2018-07-03 15:00:00,2018-07-03 15:30:00,short,1247.72,1248.920271658768,1248.840271658768,1245.9275653459713,25.33435639899374,-30.40810997883638,-1.0714112504532256,stop_loss,2
2018-07-04 08:30:00,2018-07-04 09:00:00,short,1258.04,1259.1182736427177,1259.0382736427177,1256.4427621716513,28.36952117643717,-30.59010694107396,-1.0801383474195803,stop_loss,2
2018-07-04 09:15:00,2018-07-04 09:45:00,short,1258.77,1259.9568247788086,1259.8768247788087,1256.999080353906,25.531923005460204,-30.301918873513863,-1.0722788299752686,stop_loss,2
2018-07-04 10:00:00,2018-07-04 10:30:00,short,1260.55,1258.744773155077,1261.7095167780767,1258.694773155077,24.319407643332408,43.902047530369906,1.5568785886111058,take_profit,2
2018-07-05 09:30:00,2018-07-05 09:45:00,short,1255.54,1256.4966773393794,1256.4166773393795,1254.1373162569928,32.265651249082204,-30.86781739031684,-1.0912536419117997,stop_loss,1
2018-07-05 15:30:00,2018-07-05 16:00:00,short,1255.41,1256.4089654107624,1256.3289654107625,1253.9396553427803,30.71370187066633,-30.681925805263052,-1.0870544190923939,stop_loss,2
2018-07-06 07:15:00,2018-07-06 07:30:00,short,1254.53,1255.5026797873252,1255.4226797873253,1253.1017123402794,31.549348606163903,-30.687413692492267,-1.0896178015183138,stop_loss,1
2018-07-06 07:45:00,2018-07-06 08:30:00,short,1255.42,1254.015935640343,1256.3287902247857,1253.965935640343,30.922527784939966,43.41721917333794,1.5449818025806363,take_profit,3
2018-07-06 09:30:00,2018-07-06 10:30:00,short,1256.3600000000001,1254.7272240594998,1257.411734962813,1254.6772240594998,26.802308957737015,43.7621652160493,1.5524595057043085,take_profit,4
2018-07-09 09:15:00,2018-07-09 10:15:00,short,1261.18,1259.914062808365,1262.002460744772,1259.8640628083651,34.38030316357262,43.523304434452186,1.5392068249848043,take_profit,4
2018-07-09 12:45:00,2018-07-09 13:15:00,short,1263.1000000000001,1264.1184681477262,1264.0384681477262,1261.5984509636382,30.223184902959886,-30.781351146498736,-1.0852453012856822,stop_loss,2
2018-07-09 13:30:00,2018-07-09 13:45:00,short,1263.9,1264.9211714725052,1264.8411714725053,1262.3941256439916,30.070964195969637,-30.707610787646527,-1.0850004513916962,stop_loss,1
2018-07-09 14:00:00,2018-07-09 15:30:00,short,1264.98,1263.5210369073193,1265.9231019329254,1263.4710369073193,29.944290690611545,43.687614954105506,1.5469834614326212,take_profit,6
2018-07-09 15:45:00,2018-07-09 16:00:00,long,1263.52,1262.4823196062157,1262.5623196062156,1265.0522886300548,29.579694691632884,-30.69426923563254,-1.0835351757425045,stop_loss,1
2018-07-10 08:45:00,2018-07-10 09:15:00,long,1257.54,1256.676094580072,1256.756094580072,1258.7942486718846,36.05856574435706,-31.151190381378736,-1.1020531277960444,stop_loss,2
2018-07-10 09:30:00,2018-07-10 10:30:00,long,1256.3799999999999,1255.4398322858667,1255.5198322858666,1257.756268342613,32.789190151702435,-30.827337953203845,-1.0930051182873566,stop_loss,4
2018-07-11 08:45:00,2018-07-11 09:15:00,short,1251.64,1252.6919595433528,1252.611959543353,1250.0848647306354,28.954443893914856,-30.458903576674707,-1.0823079525758506,stop_loss,2
2018-07-11 11:15:00,2018-07-11 11:30:00,short,1253.07,1251.562971809035,1254.043142619353,1251.512971809035,28.85664413370466,43.487776206137774,1.5486200696532886,take_profit,1
2018-07-11 14:00:00,2018-07-11 14:45:00,short,1250.4,1248.9354264414135,1251.3466084741167,1248.8854264414135,29.757398735216473,43.58189935991661,1.5471798516840707,take_profit,3
2018-07-12 10:45:00,2018-07-12 12:15:00,short,1245.68,1244.1774550600426,1246.6503405874735,1244.1274550600426,29.11943494264782,43.75325962749675,1.5484717009208635,take_profit,6
2018-07-12 15:00:00,2018-07-12 15:30:00,short,1244.41,1245.4115639895963,1245.3315639895964,1242.935497616646,30.75562462115523,-30.80372609808756,-1.086808947509954,stop_loss,2
2018-07-12 15:45:00,2018-07-12 16:00:00,short,1245.54,1246.6762230630986,1246.5962230630987,1243.8500430990418,26.776227166663638,-30.423766849532345,-1.0757415765617007,stop_loss,1
2018-07-13 13:00:00,2018-07-13 14:15:00,short,1241.88,1240.3516566891149,1242.8664645693034,1240.301656689115,28.608043330369117,43.722911661484964,1.5493139423797917,take_profit,5
2018-07-16 08:15:00,2018-07-16 08:45:00,short,1244.66,1245.5113975224056,1245.4313975224056,1243.4257639641512,36.697378645380816,-31.244057257452905,-1.10370787781435,stop_loss,2
2018-07-16 09:15:00,2018-07-16 09:30:00,short,1245.0800000000002,1243.873007303731,1245.8656204351685,1243.823007303731,35.9534675867473,43.395572782757334,1.5363560343369462,take_profit,1
2018-07-17 09:30:00,2018-07-17 09:45:00,short,1242.24,1243.0512224827005,1242.9712224827006,1241.0700440276792,38.74685293077634,-31.43231823133501,-1.1094058263970088,stop_loss,1
2018-07-17 10:00:00,2018-07-17 10:15:00,short,1242.8500000000001,1243.6655438753899,1243.58554387539,1241.6731297993765,38.43374447979979,-31.34440491879424,-1.1087630563948778,stop_loss,1
2018-07-17 10:45:00,2018-07-17 12:00:00,short,1244.1100000000001,1245.0162536057694,1244.9362536057695,1242.787994230769,34.13844896242355,-30.938092467566868,-1.096822572925944,stop_loss,5
2018-07-18 15:45:00,2018-07-18 17:00:00,short,1224.95,1223.2423977481872,1226.0485014073831,1223.1923977481872,25.62139672873921,43.7511547485864,1.554483444751192,take_profit,5
2018-07-19 10:00:00,2018-07-19 10:15:00,short,1223.92,1222.5958674976744,1224.7788328139536,1222.5458674976744,32.87326964740867,43.52856479785107,1.541781451305074,take_profit,1
2018-07-20 07:15:00,2018-07-20 07:45:00,short,1219.5,1220.934751895514,1220.854751895514,1217.3323969671776,20.90397503668964,-29.992017807666855,-1.05905140289143,stop_loss,2
2018-07-20 08:00:00,2018-07-20 09:00:00,short,1221.82,1223.2431377239227,1223.1631377239228,1219.6709796417233,21.040073006497874,-29.942921609636173,-1.0595620229966256,stop_loss,4
2018-07-20 09:15:00,2018-07-20 10:00:00,short,1222.54,1223.9974766186122,1223.9174766186122,1220.3360374102203,20.472093351615996,-29.83759739402639,-1.0580772108353629,stop_loss,3
2018-07-20 10:15:00,2018-07-20 12:30:00,short,1223.64,1225.114212820288,1225.034212820288,1221.4092594875392,20.183543230722965,-29.754838189566915,-1.0573800490397176,stop_loss,9
2018-07-20 13:00:00,2018-07-20 13:15:00,short,1225.45,1223.5131949310776,1226.6917531680765,1223.4631949310776,22.613709211009997,43.79834662702285,1.5597343487536124,take_profit,1
2018-07-20 16:00:00,2018-07-20 16:45:00,short,1229.92,1227.5648340753862,1231.4232287028838,1227.5148340753863,18.738493812651043,44.13226210614333,1.5667382615139471,take_profit,3
2018-07-24 10:30:00,2018-07-24 10:45:00,short,1223.17,1224.5436927158996,1224.4636927158997,1221.1000916545609,21.841744894225823,-30.003845863734227,-1.0618384868498667,stop_loss,1
2018-07-24 13:15:00,2018-07-24 14:45:00,short,1226.44,1227.7185861020396,1227.6385861020397,1224.5222622367367,23.52480020625062,-30.078482596968616,-1.0667453092137424,stop_loss,6
2018-07-24 15:00:00,2018-07-24 15:30:00,short,1227.73,1225.922222838094,1228.891110726191,1225.872222838094,24.2322639698418,43.80653338595667,1.556937784767738,take_profit,2
2018-07-25 08:45:00,2018-07-25 09:30:00,short,1226.43,1227.376716947071,1227.296716947071,1225.0432528846866,32.564212315717626,-30.8290916673033,-1.0923023373089538,stop_loss,3
2018-07-25 09:45:00,2018-07-25 11:00:00,short,1227.0,1225.5777366628367,1227.920164585727,1225.5277366628368,30.60571655935217,43.529388569977016,1.545661894865899,take_profit,5
2018-07-25 11:45:00,2018-07-25 12:15:00,short,1228.8400000000001,1229.966925262877,1229.8869252628772,1227.164919579397,26.983163247223576,-30.408008335629525,-1.0764142416241638,stop_loss,2
2018-07-25 12:30:00,2018-07-25 12:45:00,short,1230.02,1231.1563209921794,1231.0763209921795,1228.3298864125127,26.68558086782022,-30.323385728606024,-1.07573455473498,stop_loss,1
2018-07-25 14:45:00,2018-07-25 15:30:00,short,1232.81,1231.1271931210158,1233.893004299365,1231.0771931210159,25.97209679058213,43.706023140833466,1.5538321315721237,take_profit,3
2018-07-26 15:45:00,2018-07-26 16:00:00,short,1229.1100000000001,1227.5375947604416,1230.1240032747241,1227.4875947604417,27.82565425312474,43.75320454175717,1.5506904945513933,take_profit,1
2018-07-27 10:30:00,2018-07-27 11:00:00,short,1224.97,1223.5705013360982,1225.8759366649388,1223.5205013360983,31.241489652043505,43.72242302633665,1.5448085038002486,take_profit,2
2018-07-27 14:15:00,2018-07-27 14:30:00,short,1219.24,1220.310659707152,1220.230659707152,1217.6549444685568,28.65792924066917,-30.682890128394437,-1.0807542685166014,stop_loss,1
2018-07-27 14:45:00,2018-07-27 15:00:00,short,1220.4,1218.8908857917659,1221.3744463801465,1218.840885791766,29.071779203108893,43.87263505405983,1.5486888134444332,take_profit,1
2018-07-27 15:45:00,2018-07-27 16:00:00,short,1221.9,1223.2189062646648,1223.138906264665,1219.9177499765365,22.936872699309742,-30.25158509493743,-1.0645730853750837,stop_loss,1
2018-07-30 12:45:00,2018-07-30 14:15:00,short,1222.28,1223.2137360593683,1223.1337360593684,1220.9140223050106,33.21416706913085,-31.013265474332492,-1.093705776067499,stop_loss,6
2018-07-30 16:00:00,2018-07-30 16:45:00,short,1222.99,1223.9820953945862,1223.9020953945862,1221.530647368662,31.02099379713599,-30.775785081624402,-1.0877101238256104,stop_loss,3
2018-07-31 08:00:00,2018-07-31 09:30:00,short,1222.5900000000001,1221.1896908426168,1223.4964432233646,1221.1396908426168,31.146522231034815,43.614760300763386,1.544839347119629,take_profit,6
2018-07-31 14:15:00,2018-07-31 15:30:00,short,1220.24,1221.2315724444404,1221.1515724444405,1218.7814840888955,31.066958749149798,-30.805140228223777,-1.0877604412988053,stop_loss,5
2018-08-01 11:30:00,2018-08-01 12:30:00,short,1223.3,1221.8821609156184,1224.2173994277384,1221.8321609156185,30.80247533781247,43.672953429648146,1.5454981129394172,take_profit,4
2018-08-03 13:45:00,2018-08-03 14:00:00,short,1208.24,1209.170785314474,1209.090785314474,1206.8787434968417,33.31688814142355,-31.010870206008367,-1.094030772086593,stop_loss,1
2018-08-03 14:15:00,2018-08-03 14:30:00,short,1210.13,1211.121136317072,1211.041136317072,1208.672181892685,31.04200423618336,-30.766857753177298,-1.0878024489870253,stop_loss,1
2018-08-03 14:45:00,2018-08-03 15:00:00,short,1212.01,1210.4837384686925,1212.995163457067,1210.4337384686926,28.64698593550965,43.72279262127408,1.5492470009507677,take_profit,1
2018-08-07 09:30:00,2018-08-07 09:45:00,short,1212.23,1213.1394491938688,1213.0594491938689,1210.9028812898098,34.130371689163,-31.03983901915164,-1.0964495481956846,stop_loss,1
2018-08-07 10:00:00,2018-08-07 10:15:00,short,1212.88,1211.6314945815197,1213.6915658865503,1211.5814945815198,34.805959779873724,43.455429380581926,1.5383907076079175,take_profit,1
2018-08-07 11:45:00,2018-08-07 12:00:00,short,1213.24,1214.3215392553388,1214.241539255339,1211.637537191458,28.29069386317353,-30.59749597379577,-1.0798770488260654,stop_loss,1
2018-08-07 12:15:00,2018-08-07 12:30:00,short,1213.92,1214.9954598681238,1214.915459868124,1212.327264211002,28.401994272339376,-30.545205014581438,-1.0803648670947494,stop_loss,1
2018-08-07 12:45:00,2018-08-07 15:15:00,short,1215.16,1213.6162635288742,1216.1560852944538,1213.5662635288743,28.322830604823423,43.72298657018504,1.5498034954652464,take_profit,10
2018-08-08 08:15:00,2018-08-08 09:00:00,short,1214.18,1213.0493908399505,1214.917880725031,1212.9993908399506,38.3522703275964,43.36142814107576,1.5322383709131095,take_profit,3
2018-08-08 10:15:00,2018-08-08 11:00:00,short,1214.95,1213.643783648558,1215.7976352196513,1213.593783648558,33.488608347195935,43.74336781014831,1.541012361401835,take_profit,3
2018-08-09 09:15:00,2018-08-09 09:30:00,short,1215.94,1214.562400415241,1216.8322497404745,1214.512400415241,31.91215344335101,43.962169332328465,1.5439618777883712,take_profit,1
2018-08-09 12:30:00,2018-08-09 13:15:00,short,1214.52,1215.699513839216,1215.619513839216,1212.7607778572542,25.976512480131447,-30.639655964883286,-1.0727594298012313,stop_loss,3
2018-08-09 15:30:00,2018-08-09 15:45:00,short,1215.8400000000001,1214.2584365342552,1216.8597271660908,1214.2084365342553,27.948903002953855,44.20296389712033,1.550967276676739,take_profit,1
2018-08-13 09:15:00,2018-08-13 09:45:00,short,1209.39,1207.9159190138987,1210.3425506163135,1207.8659190138987,30.01274797656938,44.24122113291415,1.5475093510584106,take_profit,2
2018-08-16 08:15:00,2018-08-16 08:30:00,short,1174.5,1176.4632466286391,1176.3832466286392,1171.4868053941773,15.227503179085238,-29.895344278930672,-1.0424798317880084,stop_loss,1
2018-08-16 08:45:00,2018-08-16 09:15:00,short,1178.45,1175.3765822021223,1180.4021361236737,1175.3265822021224,14.659507085086437,45.05478998341904,1.5743870320344038,take_profit,2
2018-08-16 11:30:00,2018-08-16 11:45:00,short,1179.71,1181.729476805555,1181.649476805555,1176.606837111112,14.801653123044195,-29.891595165856398,-1.0412482375508674,stop_loss,1
2018-08-16 14:30:00,2018-08-16 15:15:00,short,1180.94,1178.6043430091977,1182.4310356192514,1178.5543430091977,19.21327656817956,44.87562373268782,1.566466260527811,take_profit,3
2018-08-17 10:45:00,2018-08-17 11:00:00,short,1176.1200000000001,1177.3799330348243,1177.2999330348243,1174.2321071442814,24.355137219654868,-30.685841950718217,-1.0678004578555134,stop_loss,1
2018-08-17 11:15:00,2018-08-17 12:15:00,short,1178.48,1176.3696842213444,1179.8301973616597,1176.3196842213445,21.238420473580288,44.8197738391187,1.5629683767576326,take_profit,4
2018-08-17 15:45:00,2018-08-17 16:15:00,short,1178.04,1179.4267035928287,1179.3467035928288,1175.9492742514738,22.01394332638987,-30.52681430303399,-1.0612227596518176,stop_loss,2
2018-08-20 11:00:00,2018-08-20 11:30:00,short,1187.8600000000001,1188.9259188537271,1188.8459188537272,1186.2825298340367,29.1146123231198,-31.0338141941658,-1.0811425805455521,stop_loss,2
2018-08-20 11:45:00,2018-08-20 13:15:00,short,1188.69,1187.0882252351962,1189.7223592280025,1187.0382252351963,27.744777983292504,44.44088522872337,1.551567246512874,take_profit,6
2018-08-21 12:00:00,2018-08-21 12:30:00,short,1195.26,1193.6607436281727,1196.290785232392,1193.6107436281727,27.87337114222656,44.576666403513656,1.551493290329944,take_profit,2
2018-08-22 12:00:00,2018-08-22 12:15:00,short,1196.4,1197.5505990671134,1197.4705990671134,1194.6870414926186,26.920080138780364,-30.974219094294945,-1.0747245186899255,stop_loss,1
2018-08-22 14:15:00,2018-08-22 15:15:00,short,1199.18,1200.3846508761615,1200.3046508761615,1197.3805585981418,25.57119267373154,-30.804359658902545,-1.0711331860363407,stop_loss,4
2018-08-22 15:30:00,2018-08-22 15:45:00,short,1200.88,1198.9983963593663,1202.0872522753962,1198.9483963593664,23.770554100859783,44.7267611360601,1.5585836357330485,take_profit,1
2018-08-23 10:00:00,2018-08-23 10:15:00,long,1190.21,1189.054531275826,1189.134531275826,1191.9307499586782,26.766477165636676,-30.92782722120919,-1.0743861706079543,stop_loss,1
2018-08-23 14:00:00,2018-08-23 15:30:00,short,1190.48,1191.7522390127901,1191.6722390127902,1188.5724175795358,24.093032592763002,-30.65209600093707,-1.0671006393363218,stop_loss,6
2018-08-23 15:45:00,2018-08-23 16:00:00,short,1192.18,1190.1997973517757,1193.44887665514,1190.1497973517758,22.589547286101105,44.731881358126564,1.5605950666700472,take_profit,1
2018-08-24 08:15:00,2018-08-24 10:00:00,short,1188.52,1189.600273785029,1189.520273785029,1186.9195619439533,28.744943029168613,-31.05240840656356,-1.0799781031926179,stop_loss,7
2018-08-24 11:15:00,2018-08-24 12:45:00,short,1189.94,1191.0614165427621,1190.9814165427622,1188.2737335315808,27.54969502531911,-30.894683749442557,-1.0768184455642928,stop_loss,6
2018-08-24 14:30:00,2018-08-24 15:15:00,short,1192.38,1193.4485530997936,1193.3685530997936,1190.7983150403304,28.960425884962046,-30.94575285071501,-1.080926355920219,stop_loss,3
2018-08-24 16:00:00,2018-08-24 16:15:00,short,1193.75,1194.8922979303188,1194.812297930319,1192.0503233114898,26.891728260868568,-30.718365535086246,-1.0753084400493107,stop_loss,1
2018-08-27 12:15:00,2018-08-27 12:30:00,long,1203.6499999999999,1205.195794291343,1202.6526285679104,1205.245794291343,28.580716898447058,44.179909024112725,1.5498682252254399,take_profit,1
2018-08-27 13:45:00,2018-08-27 14:30:00,long,1203.29,1204.826733876776,1202.298291327015,1204.876733876776,28.833014311684813,44.308669862333225,1.5495819676060572,take_profit,3
2018-08-28 14:00:00,2018-08-28 14:15:00,long,1212.46,1211.5048797669172,1211.584879766917,1213.8601923729327,32.77557370588484,-31.304613597389842,-1.0914160100242407,stop_loss,1
2018-08-28 14:30:00,2018-08-28 15:00:00,long,1211.71,1213.2181658725797,1210.7361463296377,1213.2681658725796,29.388356120357912,44.322515751940756,1.5486575842738959,take_profit,2
2018-08-29 14:00:00,2018-08-29 16:00:00,long,1202.94,1204.777840194527,1201.7600998784208,1204.827840194527,24.331384479225353,44.71719638440982,1.5576235317842122,take_profit,8
2018-08-30 08:30:00,2018-08-30 08:45:00,long,1202.96,1202.0868068044463,1202.1668068044462,1204.2291091128861,36.30646109853651,-31.70255478587964,-1.1008581521479996,stop_loss,1
2018-08-30 09:00:00,2018-08-30 09:45:00,long,1200.96,1202.3592216330499,1200.054236479344,1202.4092216330498,31.724210716294,44.389201925669475,1.5447979534837308,take_profit,3
2018-08-30 11:30:00,2018-08-30 12:45:00,long,1201.49,1203.2603905801127,1200.3522558874297,1203.3103905801127,25.333825834671188,44.85076661591736,1.5560533871831148,take_profit,5
2018-08-31 12:00:00,2018-08-31 14:15:00,long,1206.28,1204.971457851403,1205.051457851403,1208.2456674377552,23.534489849233903,-30.79587191344778,-1.0651178309928488,stop_loss,9
2018-08-31 14:30:00,2018-08-31 15:30:00,long,1203.6299999999999,1202.2412902376245,1202.3212902376245,1205.7239356198006,22.04577501532174,-30.615182982908017,-1.0611289090215998,stop_loss,4
2018-08-31 15:45:00,2018-08-31 16:15:00,long,1202.6499999999999,1201.2529258199677,1201.3329258199676,1204.7573186880516,21.859277975529896,-30.539032853758865,-1.060740694193829,stop_loss,2
2018-09-03 12:30:00,2018-09-03 12:45:00,long,1202.6299999999999,1201.455779035128,1201.535779035128,1204.3807535437952,26.255403133655136,-30.829644800701047,-1.0731113756436643,stop_loss,1
2018-09-03 13:00:00,2018-09-03 14:45:00,long,1200.9099999999999,1199.7034013109012,1199.7834013109011,1202.712557902558,25.446109193809747,-30.703241995912077,-1.0710102015686942,stop_loss,7
2018-09-04 09:15:00,2018-09-04 09:30:00,long,1198.06,1197.0859245738284,1197.1659245738283,1199.4905206818746,31.99522762739,-31.165764986606195,-1.089477909422565,stop_loss,1
2018-09-04 09:45:00,2018-09-04 10:00:00,long,1196.37,1195.3209757804948,1195.4009757804947,1197.9204387512082,29.456245439375987,-30.900314881592045,-1.082557276061458,stop_loss,1
2018-09-04 10:15:00,2018-09-04 11:00:00,long,1195.02,1193.7825250352225,1193.8625250352225,1196.871959943644,24.607024327438026,-30.450576562874176,-1.0691159657308908,stop_loss,3
2018-09-05 12:00:00,2018-09-05 15:00:00,short,1194.65,1194.4099999999999,1195.7602549451726,1192.873592087724,25.59872719966915,6.143694527926649,0.21616656700677125,time_stop,12
2018-09-05 16:00:00,2018-09-05 16:15:00,short,1195.93,1197.088207091339,1197.008207091339,1194.2048686538578,26.371001527453082,-30.543080974805356,-1.0741972489724385,stop_loss,1
2018-09-06 10:30:00,2018-09-06 10:45:00,short,1198.05,1199.0590395379577,1198.9790395379578,1196.5635367392674,30.53940497842408,-30.815467088933126,-1.0861104363499765,stop_loss,1
2018-09-06 11:00:00,2018-09-06 11:15:00,short,1198.9,1199.9395289893616,1199.8595289893617,1197.3647536170215,29.504771685240012,-30.67106549130061,-1.083374239743556,stop_loss,1
2018-09-07 10:15:00,2018-09-07 11:15:00,long,1198.81,1200.7572820949983,1197.561698690626,1200.8072820949983,22.630226703572742,44.06743526562186,1.559945567929334,take_profit,4
2018-09-07 12:45:00,2018-09-07 13:45:00,long,1199.81,1201.6473687057064,1198.6303945589334,1201.6973687057064,24.022843155429012,44.13882023588007,1.5576129456008676,take_profit,4
2018-09-10 10:45:00,2018-09-10 11:00:00,short,1194.82,1195.9718355600878,1195.8918355600879,1193.1050631038593,26.520629838192278,-30.54740452355741,-1.0746383148487468,stop_loss,1
2018-09-10 12:30:00,2018-09-10 12:45:00,short,1195.65,1194.0047358586105,1196.7095400883684,1193.9547358586105,26.770727826956314,44.04491853259166,1.552809713810185,take_profit,1
2018-09-10 16:00:00,2018-09-10 16:15:00,short,1195.69,1197.0215236576466,1196.9415236576467,1193.6875621477654,22.734487670831616,-30.271508178186902,-1.0639220837026426,stop_loss,1
2018-09-11 09:30:00,2018-09-11 10:15:00,short,1196.31,1197.1214456266869,1197.041445626687,1195.1396869973007,38.81656422879344,-31.49753128646631,-1.1093724496819801,stop_loss,3
2018-09-11 14:15:00,2018-09-11 15:00:00,short,1194.54,1193.2145154299683,1195.3996778562698,1193.1645154299683,32.95328695392164,43.679073389249275,1.5418386787150231,take_profit,3
2018-09-12 09:00:00,2018-09-12 09:15:00,short,1194.38,1195.2614078837257,1195.1814078837258,1193.0977473860391,35.458310068357,-31.253234037837203,-1.0998243236989547,stop_loss,1
2018-09-12 11:00:00,2018-09-12 11:45:00,short,1196.25,1194.6395581892195,1197.2877761317377,1194.5895581892196,27.321945357153457,44.00040315501893,1.5518200520606102,take_profit,3
2018-09-12 12:45:00,2018-09-12 14:00:00,short,1197.13,1195.2710640049377,1198.323084996914,1195.2210640049377,23.839092473858784,44.31534708927817,1.5580918374388757,take_profit,5
2018-09-13 13:15:00,2018-09-13 13:45:00,long,1205.34,1204.3603537334668,1204.4403537334667,1206.7794340264531,31.71323588628691,-31.06775313568479,-1.0889238392643035,stop_loss,2
2018-09-14 12:45:00,2018-09-14 13:00:00,long,1206.3,1205.2983738388673,1205.3783738388672,1207.7746018578125,30.889486387325594,-30.939717669496574,-1.086803091506867,stop_loss,1
2018-09-14 13:15:00,2018-09-14 14:15:00,long,1205.72,1207.1038352753587,1204.8238529529008,1207.1538352753587,31.698680942066137,43.86575286997186,1.5442055852753889,take_profit,4
2018-09-14 14:45:00,2018-09-14 15:30:00,long,1205.04,1204.1112515389711,1204.191251538971,1206.3979975376462,33.5722680361288,-31.18019227180158,-1.0942564301123416,stop_loss,3
2018-09-14 15:45:00,2018-09-14 16:00:00,long,1203.1599999999999,1201.9537420659244,1202.0337420659243,1204.9620126945208,25.2447060163963,-30.45162692567999,-1.0710316860636329,stop_loss,1
2018-09-17 07:45:00,2018-09-17 08:45:00,long,1194.7,1195.9334601865323,1193.8978373834175,1195.9834601865323,35.36832383362335,43.62541931315528,1.537668498922535,take_profit,4
2018-09-17 13:45:00,2018-09-17 14:00:00,short,1197.8400000000001,1196.4594106239872,1198.734118360008,1196.4094106239872,31.828446100684026,43.94201454160515,1.5440789919588185,take_profit,1
2018-09-17 15:15:00,2018-09-17 15:45:00,short,1198.52,1199.5535564657837,1199.4735564657838,1196.9943096547458,29.93664568648762,-30.94121371314511,-1.083896447531475,stop_loss,2
2018-09-17 16:00:00,2018-09-17 16:15:00,short,1199.3,1200.4252308875098,1200.3452308875098,1197.6276305799843,27.251777546166824,-30.66454183449335,-1.0765381132110587,stop_loss,1
2018-09-18 10:15:00,2018-09-18 11:00:00,long,1196.3999999999999,1198.1078151279964,1195.301365545002,1198.1578151279964,25.871271757254565,44.18334928755007,1.5544889569296303,take_profit,3
2018-09-18 13:30:00,2018-09-18 13:45:00,long,1198.53,1200.0309046257084,1197.5606846089322,1200.0809046257084,29.41399415344145,44.14759988546222,1.5484172020162847,take_profit,1
2018-09-19 10:00:00,2018-09-19 10:15:00,long,1202.3799999999999,1203.4832087893878,1201.6592445066324,1203.5332087893878,39.68021431492069,43.77556119701859,1.5306283469773694,take_profit,1
2018-09-20 10:00:00,2018-09-20 11:30:00,long,1202.85,1201.8700213134834,1201.9500213134834,1204.2899658984263,31.875514384579873,-31.23732471863713,-1.088890993974064,stop_loss,6
2018-09-20 12:00:00,2018-09-20 12:15:00,long,1201.49,1202.9241265179696,1200.5624209262692,1202.9741265179696,30.85969674078912,44.256709432466224,1.5460962397538565,take_profit,1
2018-09-21 11:15:00,2018-09-21 13:00:00,long,1207.8,1206.7930501346457,1206.8730501346456,1209.283119784567,30.97613302562429,-31.191412979348407,-1.0863045597070622,stop_loss,7
2018-09-21 13:15:00,2018-09-21 13:30:00,long,1206.37,1205.280201064151,1205.360201064151,1207.9856782973582,28.372915136075953,-30.920772722226033,-1.0792236921230962,stop_loss,1
2018-09-21 13:45:00,2018-09-21 14:45:00,long,1205.2,1204.107520305314,1204.187520305314,1206.8199675114977,28.23671241600562,-30.84803495917597,-1.0790139302741544,stop_loss,4
2018-09-24 09:00:00,2018-09-24 09:15:00,long,1195.3999999999999,1194.5788380453107,1194.6588380453106,1196.5858591275025,38.49010559094428,-31.606610343251962,-1.107938621908178,stop_loss,1
2018-09-24 09:30:00,2018-09-24 09:45:00,long,1194.93,1196.0916438395307,1194.1727226002936,1196.1416438395306,37.587532238946196,43.66332526852958,1.5339739968218349,take_profit,1
2018-09-24 11:15:00,2018-09-24 13:30:00,short,1198.44,1199.4760628963552,1199.3960628963553,1196.9102993658316,29.863637041743356,-30.94060628916707,-1.0836765031933682,stop_loss,9
2018-09-24 13:45:00,2018-09-24 14:15:00,short,1199.14,1200.1133410028065,1200.0333410028065,1197.71065439551,31.891107677528574,-31.040922727451413,-1.0895514699858249,stop_loss,2
2018-09-24 15:15:00,2018-09-24 15:30:00,short,1200.54,1199.1093704000002,1201.4653935,1199.0593704000003,30.71942073053114,43.94811259194371,1.5459689310545834,take_profit,1
2018-09-25 09:45:00,2018-09-25 10:30:00,short,1199.64,1200.400481604708,1200.320481604708,1198.5512294324674,41.90480432637281,-31.867832839087203,-1.1175637951804274,stop_loss,3
2018-09-25 14:30:00,2018-09-25 16:15:00,short,1201.3500000000001,1202.2994067653153,1202.2194067653154,1199.9589491754957,32.72543297611123,-31.069747465388772,-1.0920167672848946,stop_loss,7
2018-09-27 10:45:00,2018-09-27 13:45:00,short,1196.4,1195.55,1197.4207434062687,1194.7668105499704,27.812644351190823,23.640747698515995,0.832726417609081,time_stop,12
2018-09-28 11:15:00,2018-09-28 12:45:00,short,1183.39,1184.2804720220413,1184.2004720220414,1182.093244764734,35.08678159691066,-31.24379735551881,-1.0987079107289084,stop_loss,6
2018-09-28 13:00:00,2018-09-28 13:45:00,short,1184.4,1183.0708595253514,1185.2619627966556,1183.0208595253514,32.91832007501258,43.753071569141326,1.5419928560791638,take_profit,3
2018-09-28 15:45:00,2018-09-28 16:00:00,short,1184.57,1185.719225155527,1185.6392251555271,1182.8592397511566,26.619158022112128,-30.591406017962782,-1.0748205367095787,stop_loss,1
2018-10-01 15:15:00,2018-10-01 15:30:00,short,1187.92,1189.0982624125177,1189.0182624125177,1186.1627801399718,25.85965816589657,-30.469463217429674,-1.072842336301517,stop_loss,1
2018-10-01 15:45:00,2018-10-01 16:00:00,short,1191.3700000000001,1189.3538257329349,1192.6613589169158,1189.303825732935,21.945681612214134,44.24631853975323,1.5612810974974798,take_profit,1
2018-10-02 09:30:00,2018-10-02 10:00:00,short,1193.66,1192.4524358249591,1194.4459776094006,1192.4024358249592,36.16928005937186,43.67672683672021,1.5363849562609198,take_profit,2
2018-10-02 11:45:00,2018-10-02 12:00:00,short,1194.25,1192.6324864450785,1195.2921959718258,1192.5824864450785,27.36107075766442,44.256902827688904,1.5520243779947311,take_profit,1
2018-10-02 15:45:00,2018-10-02 16:00:00,short,1196.6200000000001,1198.173838408579,1198.0938384085791,1194.2618585462737,19.40790209268034,-30.156743701546308,-1.0542800347271846,stop_loss,1
2018-10-03 09:30:00,2018-10-03 10:00:00,long,1203.82,1202.8457281941287,1202.9257281941286,1205.250834889394,31.918481449741364,-31.09727656270719,-1.089458260312681,stop_loss,2
2018-10-03 11:15:00,2018-10-03 12:45:00,long,1203.03,1204.542070453415,1202.0537059666158,1204.5920704534149,29.173181971497996,44.11190649119939,1.5487859207472012,take_profit,6
2018-10-03 14:00:00,2018-10-03 15:00:00,long,1202.87,1201.7469618792575,1201.8269618792574,1204.5388609931879,27.390971373366053,-30.76110501645448,-1.076699018385808,stop_loss,4
2018-10-05 15:30:00,2018-10-05 15:45:00,long,1201.96,1203.541432002946,1200.9403549981587,1203.591432002946,27.959049517304322,44.21533567861782,1.5509633255595403,take_profit,1
2018-10-08 10:45:00,2018-10-08 11:00:00,long,1195.3799999999999,1194.4524605935676,1194.5324605935675,1196.7360630502917,33.740892223863476,-31.296007145818134,-1.0943908913175846,stop_loss,1
2018-10-08 11:15:00,2018-10-08 11:30:00,long,1193.8999999999999,1192.942580817923,1193.022580817923,1195.303870691323,32.52053788712282,-31.135786784587342,-1.0911764885405897,stop_loss,1
2018-10-08 15:15:00,2018-10-08 15:30:00,long,1189.87,1188.7150688813456,1188.7950688813455,1191.5898897898467,26.48715967558224,-30.59084495409536,-1.074423373378634,stop_loss,1
2018-10-08 15:45:00,2018-10-08 16:00:00,long,1185.2,1187.3416192575721,1183.8302379640174,1187.391619257572,20.741332978879075,44.420038135282184,1.563497309250345,take_profit,1
2018-10-10 13:30:00,2018-10-10 13:45:00,short,1187.15,1188.0317018924388,1187.951701892439,1185.867276972098,35.54878794125856,-31.343433601711176,-1.0997877150527406,stop_loss,1
2018-10-10 14:00:00,2018-10-10 14:45:00,short,1188.8700000000001,1187.4221418790028,1189.8061613256234,1187.3721418790028,30.376007767973793,43.980149530339524,1.5465904020691952,take_profit,3
2018-10-11 08:30:00,2018-10-11 09:00:00,short,1193.6200000000001,1192.2825847066647,1194.4871345583347,1192.2325847066647,32.89547593750147,43.99491260036196,1.5423388221363301,take_profit,2
2018-10-11 10:15:00,2018-10-11 10:30:00,short,1196.14,1197.351878990712,1197.2718789907121,1194.3289936148608,25.27902192571965,-30.635115577526797,-1.0706789335754003,stop_loss,1
2018-10-11 10:45:00,2018-10-11 11:00:00,short,1197.03,1198.3186609664813,1198.2386609664813,1195.0961424536297,23.62244201153821,-30.44131895323735,-1.0661889497704402,stop_loss,1
2018-10-11 11:15:00,2018-10-11 12:00:00,short,1197.96,1199.2275699149764,1199.1475699149764,1196.059888136038,23.9907062271579,-30.40989745258042,-1.0673644549184436,stop_loss,3
2018-10-11 12:15:00,2018-10-11 12:30:00,short,1199.28,1200.6118717290096,1200.5318717290097,1197.2770052335845,22.70985157720043,-30.246609285678755,-1.0639043107581074,stop_loss,1
2018-10-12 07:15:00,2018-10-12 09:00:00,long,1219.84,1218.5094054690442,1218.589405469044,1221.840951249529,22.68467296050822,-30.18410177777202,-1.0639695744861315,stop_loss,7
2018-10-12 09:30:00,2018-10-12 09:45:00,long,1217.93,1216.649121901313,1216.729121901313,1219.8514049578996,23.57354986182795,-30.19484372632199,-1.066617919077207,stop_loss,1
2018-10-12 11:30:00,2018-10-12 12:00:00,long,1216.33,1218.3553653013837,1215.032896686635,1218.4053653013837,21.77819589146146,44.10880228530467,1.5614525693636676,take_profit,2
2018-10-15 14:45:00,2018-10-15 15:30:00,long,1228.8999999999999,1230.936530875924,1227.5959182025472,1230.986530875924,21.729302341192774,44.252395130131084,1.5616588467857169,take_profit,3
2018-10-16 12:15:00,2018-10-16 13:30:00,long,1227.9099999999999,1229.7238798244573,1226.745075109714,1229.7738798244573,24.40096583203754,44.260419620008356,1.5570787778534938,take_profit,5
2018-10-17 08:15:00,2018-10-17 08:45:00,long,1221.12,1222.4075665372688,1220.2840209142068,1222.4575665372688,34.10828544466087,43.916686982163206,1.5401898912907883,take_profit,2
2018-10-17 11:00:00,2018-10-17 11:15:00,long,1221.83,1223.2368559659617,1220.9194650212737,1223.2868559659616,31.411914233072036,44.19203894107676,1.5450872276536496,take_profit,1
2018-10-17 14:00:00,2018-10-17 14:30:00,long,1225.27,1227.0562039822605,1224.1223725110872,1227.1062039822605,24.999427961612778,44.654077779268015,1.5564318557345451,take_profit,2
2018-10-18 09:15:00,2018-10-18 09:30:00,long,1220.22,1219.2565517494031,1219.336551749403,1221.6335172009553,32.57614565646973,-31.385430543915945,-1.0905542570782927,stop_loss,1
2018-10-18 09:45:00,2018-10-18 10:00:00,long,1219.0,1220.4839816681706,1218.0412614573934,1220.5339816681706,29.952449759908585,44.44888636050522,1.5478481381753364,take_profit,1
2018-10-19 10:15:00,2018-10-19 10:30:00,long,1223.6299999999999,1225.3857049963146,1222.5014343773032,1225.4357049963146,25.523961765027213,44.81254719660523,1.5556959746120604,take_profit,1
2018-10-19 14:15:00,2018-10-19 15:00:00,long,1226.9099999999999,1228.5189005030572,1225.873187185589,1228.5689005030572,27.869149084392284,44.83868798165999,1.5517752873950124,take_profit,3
2018-10-22 10:00:00,2018-10-22 10:15:00,long,1226.18,1227.4333218842335,1225.3654238223542,1227.4833218842334,35.58263679789334,44.59649739752843,1.5386183866258603,take_profit,1
2018-10-22 11:15:00,2018-10-22 11:30:00,long,1225.01,1224.018449190206,1224.0984491902059,1226.4684812956705,31.895052865733792,-31.625565497441887,-1.087762524195439,stop_loss,1
2018-10-22 11:45:00,2018-10-22 12:15:00,long,1223.8999999999999,1222.7996322099225,1222.8796322099224,1225.5325884641238,28.431620852113305,-31.285239805357616,-1.0784031020754343,stop_loss,2
2018-10-22 12:45:00,2018-10-22 15:00:00,long,1222.84,1221.7567278099646,1221.8367278099645,1224.4452355040567,28.85372478684729,-31.256437640525586,-1.0797390785815582,stop_loss,9
2018-10-22 15:15:00,2018-10-22 15:30:00,long,1222.6599999999999,1224.1084049233104,1221.7234969229307,1224.1584049233104,30.84413440765121,44.6747961312956,1.5466098924560074,take_profit,1
2018-10-23 13:15:00,2018-10-23 14:30:00,long,1234.3899999999999,1236.1498503877385,1233.2588435076632,1236.1998503877385,25.61535611638174,45.079194393478055,1.5557974512467696,take_profit,5
2018-10-24 09:30:00,2018-10-24 09:45:00,long,1230.45,1231.8870807521414,1229.5205745299118,1231.9370807521414,31.272152204509066,44.940608011134834,1.5462033249474438,take_profit,1
2018-10-24 11:45:00,2018-10-24 14:30:00,long,1230.21,1229.0062626708313,1229.0862626708313,1232.0079797266699,25.944689406141634,-31.230591131860113,-1.0711910140594012,stop_loss,11
2018-10-24 14:45:00,2018-10-24 15:00:00,long,1229.1,1227.9517069696128,1228.0317069696127,1230.8092688486192,27.232747916143687,-31.271174630396466,-1.0748858203923075,stop_loss,1
2018-10-24 15:15:00,2018-10-24 15:30:00,long,1226.62,1228.481767527636,1225.4251452952274,1228.531767527636,24.295851480429896,45.23322734253567,1.558153907918551,take_profit,1
2018-10-25 10:15:00,2018-10-25 10:30:00,long,1234.85,1233.652638308658,1233.732638308658,1236.637778706147,26.061819666965636,-31.205424475886588,-1.0715972282026627,stop_loss,1
2018-10-25 10:45:00,2018-10-25 11:15:00,long,1231.31,1233.4801969456064,1229.9223769089958,1233.5301969456063,20.94089399489048,45.44586418597975,1.563967160589728,take_profit,2
2018-10-26 13:45:00,2018-10-26 14:15:00,long,1236.03,1234.6278008740226,1234.7078008740225,1238.1455186015637,22.045816858638553,-30.912625130640897,-1.0605052585712342,stop_loss,2
2018-10-26 14:30:00,2018-10-26 15:00:00,long,1234.81,1233.439372638567,1233.519372638567,1236.875003778293,22.537205858856986,-30.890111000397052,-1.0619853587414254,stop_loss,2
2018-10-26 15:15:00,2018-10-26 15:30:00,long,1233.9199999999998,1232.528582976287,1232.608582976287,1236.0182672379406,22.132818001334126,-30.795979749794462,-1.0610027158054034,stop_loss,1
2018-10-26 15:45:00,2018-10-26 16:15:00,long,1232.74,1234.8966896082245,1231.3608189948598,1234.9466896082245,21.000696965982595,45.29198491200638,1.5637466004726301,take_profit,2
2018-10-29 09:00:00,2018-10-29 10:30:00,long,1230.73,1229.6655856533262,1229.745585653326,1232.3050629546783,29.51434669575932,-31.41549405567236,-1.081266592944552,stop_loss,6
2018-10-29 10:45:00,2018-10-29 12:15:00,long,1228.71,1230.458832604784,1227.5857296220101,1230.508832604784,25.786960058253165,45.09707652813473,1.5555267122760454,take_profit,6
2018-10-29 15:45:00,2018-10-29 16:45:00,long,1229.62,1231.680441724433,1228.3009739222293,1231.730441724433,22.04786544790161,45.42834190354283,1.5620932437633614,take_profit,4
2018-10-30 09:30:00,2018-10-30 09:45:00,long,1225.1,1223.9204667999306,1224.0004667999306,1226.8592531201107,26.53177381722164,-31.295108074141577,-1.0727581486351498,stop_loss,1
2018-10-30 10:00:00,2018-10-30 10:15:00,long,1224.1299999999999,1222.9371371897362,1223.017137189736,1225.910580496422,26.157739915594505,-31.202595145863146,-1.0718866685651622,stop_loss,1
2018-10-30 10:30:00,2018-10-30 12:15:00,long,1223.34,1222.135898903395,1222.2158989033949,1225.138561754568,25.84071027957699,-31.11482758469004,-1.0711679761202433,stop_loss,7
2018-10-30 12:30:00,2018-10-30 14:00:00,long,1220.55,1222.4347408041065,1219.3407869974335,1222.4847408041064,23.970417987267197,45.178024872091214,1.5586507919665955,take_profit,6
2018-10-31 12:45:00,2018-10-31 13:15:00,short,1217.49,1218.6746174130105,1218.5946174130106,1215.722612139183,26.321961626202906,-31.181454086994883,-1.0724232653384393,stop_loss,2
2018-10-31 13:30:00,2018-10-31 14:00:00,short,1218.6000000000001,1216.8505163519626,1219.7246772800236,1216.8005163519626,25.79703063631022,45.13148326614818,1.5555428024660436,take_profit,2
2018-11-01 09:30:00,2018-11-01 09:45:00,short,1223.56,1224.6231195118235,1224.5431195118235,1221.987008781082,29.60331563481495,-31.471862466041916,-1.081373626540618,stop_loss,1
2018-11-01 10:45:00,2018-11-01 11:15:00,short,1225.82,1224.0236973496055,1226.9739391564963,1223.9736973496056,25.166537877527183,45.20671869065337,1.5566701591515963,take_profit,2
2018-11-01 14:00:00,2018-11-01 14:15:00,short,1224.93,1226.171460496805,1226.091460496805,1223.0716632051121,25.081410007352975,-31.137579728294508,-1.0688787954648482,stop_loss,1
2018-11-01 14:30:00,2018-11-01 15:30:00,short,1229.52,1231.0747286936735,1230.9947286936736,1227.1604340901222,19.71128106000349,-30.645694253050355,-1.054247266187414,stop_loss,4
2018-11-05 15:00:00,2018-11-05 15:15:00,long,1228.74,1227.63928091419,1227.71928091419,1230.3731505372962,28.418691080637377,-31.28099566619433,-1.0783761184757719,stop_loss,1
2018-11-05 15:30:00,2018-11-05 16:00:00,long,1227.0,1228.7750736775668,1225.8593289515209,1228.8250736775667,25.37535990503618,45.04313342621248,1.556166153189801,take_profit,2
2018-11-07 07:45:00,2018-11-07 09:15:00,long,1228.33,1230.5685951764362,1226.8996280147273,1230.6185951764362,20.298932693184863,45.44109281376915,1.5650440581089196,take_profit,6
2018-11-07 14:15:00,2018-11-07 15:30:00,long,1232.04,1230.5425884110844,1230.6225884110843,1234.3078585422652,20.54865860323198,-30.769799529150042,-1.0564409100543104,stop_loss,5
2018-11-07 15:45:00,2018-11-07 16:00:00,long,1230.47,1229.0549473375142,1229.1349473375142,1232.6060842599773,21.77020282309854,-30.805983467680978,-1.059922729827727,stop_loss,1
2018-11-08 14:30:00,2018-11-08 15:30:00,short,1225.1000000000001,1223.3461035005553,1226.2274353121531,1223.2961035005553,25.724540434620675,45.118181418109046,1.5556515576007002,take_profit,4
2018-11-09 10:15:00,2018-11-09 12:15:00,short,1221.2,1219.6449102868612,1222.2031810707117,1219.5949102868612,29.000738238707807,45.09874970844674,1.5501585491796133,take_profit,8
2018-11-12 11:00:00,2018-11-12 14:00:00,short,1207.02,1207.25,1208.2122139133169,1205.112457738693,24.478148435594978,-5.62997414018729,-0.192918399484308,time_stop,12
2018-11-12 14:15:00,2018-11-12 15:00:00,short,1207.1200000000001,1205.633696379363,1208.0801897628983,1205.5836963793631,30.381420752520878,45.156015664569246,1.5479269599281247,take_profit,3
2018-11-13 14:15:00,2018-11-13 14:30:00,short,1198.6200000000001,1199.83682396916,1199.75682396916,1196.8010816493445,25.74034504376807,-31.321468823700766,-1.070371493010521,stop_loss,1
2018-11-13 14:45:00,2018-11-13 15:15:00,short,1200.57,1201.834047197898,1201.754047197898,1198.6755244833632,24.660839816512016,-31.172465467872957,-1.067564874222873,stop_loss,2
2018-11-14 08:45:00,2018-11-14 09:00:00,short,1203.3400000000001,1202.0696654361232,1204.1652091024232,1202.0196654361232,35.30893353704219,44.85415868573998,1.5394092965612058,take_profit,1
2018-11-14 14:30:00,2018-11-14 15:15:00,short,1200.8300000000002,1201.9186929199673,1201.8386929199673,1199.2160913280527,28.975083586330953,-31.544968355893896,-1.0793105596523167,stop_loss,3
2018-11-15 08:15:00,2018-11-15 08:30:00,short,1212.31,1213.293626144014,1213.2136261440141,1210.8641981695773,32.27426732334511,-31.745813118143,-1.0885321883722197,stop_loss,1
2018-11-15 16:00:00,2018-11-15 16:15:00,short,1213.06,1214.8864435340392,1214.8064435340393,1210.2656903455368,16.662651576678694,-30.433392232174537,-1.0458073785041846,stop_loss,1
2018-11-16 10:15:00,2018-11-16 10:45:00,short,1217.44,1216.0011179557666,1218.370551277646,1215.9511179557667,31.20678464387307,44.9028820823283,1.5462684097038328,take_profit,2
2018-11-16 15:45:00,2018-11-16 16:00:00,short,1221.75,1223.1589892295335,1223.0789892295336,1219.6236172327465,21.91840117166692,-30.88279117947352,-1.060196123657077,stop_loss,1
2018-11-19 07:45:00,2018-11-19 09:00:00,long,1218.71,1219.8566561938028,1217.9620898788733,1219.9066561938027,38.86503562699554,44.56483382405919,1.5331470472350845,take_profit,5
2018-11-19 11:15:00,2018-11-19 11:30:00,long,1219.6399999999999,1218.6405911347697,1218.7205911347696,1221.1110541843682,31.712423355553636,-31.69367703947291,-1.087012430514135,stop_loss,1
2018-11-19 11:45:00,2018-11-19 12:00:00,long,1219.19,1220.59738855693,1218.279132151919,1220.6473885569299,31.940194044878435,44.952263604880706,1.5451072950864533,take_profit,1
2018-11-19 14:15:00,2018-11-19 14:30:00,long,1220.22,1219.1435521393282,1219.2235521393281,1221.814316577075,29.28723267515902,-31.526178958172334,-1.0802851841600476,stop_loss,1
2018-11-19 14:45:00,2018-11-19 15:15:00,long,1219.73,1221.2599974567636,1218.7425015895228,1221.3099974567635,29.48880492088418,45.117796531949764,1.549367007106581,take_profit,2
2018-11-20 12:00:00,2018-11-20 12:30:00,long,1222.1299999999999,1223.731976013156,1221.0975149917772,1223.781976013156,28.291339192993888,45.322046767242604,1.5515731467266916,take_profit,2
2018-11-21 12:45:00,2018-11-21 13:15:00,long,1222.6399999999999,1224.034964524044,1221.7368971724723,1224.084964524044,32.444841029963115,45.25940222504894,1.5446353189514712,take_profit,2
2018-11-23 09:00:00,2018-11-23 09:15:00,long,1226.06,1225.3787063205318,1225.4587063205317,1227.0220698871492,48.88051792476611,-33.30198791127161,-1.1330464675276173,stop_loss,1
2018-11-26 12:15:00,2018-11-26 14:00:00,long,1225.68,1224.767952551174,1224.8479525511739,1227.0112759181218,35.24431514433646,-32.144487713015685,-1.0961483628280904,stop_loss,7
2018-11-27 08:45:00,2018-11-27 09:15:00,long,1220.3,1221.3118647233398,1219.6363345479126,1221.3618647233397,44.0894631986876,44.61257248174211,1.5246608365063297,take_profit,2
2018-11-27 16:00:00,2018-11-27 16:15:00,long,1222.11,1220.94304769734,1221.02304769734,1223.8491236842556,27.001993186991882,-31.510038125966172,-1.0736002856833322,stop_loss,1
2018-11-28 13:15:00,2018-11-28 13:30:00,short,1213.74,1214.5864570050287,1214.5064570050288,1212.513668791954,38.210699886104585,-32.343714585642445,-1.1043763700703921,stop_loss,1
2018-11-28 13:45:00,2018-11-28 14:00:00,short,1214.4,1215.2347511931116,1215.1547511931117,1213.1923980910217,38.717621690814816,-32.31958090084794,-1.1059951951451894,stop_loss,1
2018-11-29 09:45:00,2018-11-29 10:45:00,short,1226.4,1225.09155564467,1227.2490277220813,1225.04155564467,34.34226144266431,44.93493813392255,1.5411091078658914,take_profit,4
2018-11-29 12:15:00,2018-11-29 13:00:00,short,1226.42,1225.0983880573672,1227.2772574641456,1225.0483880573672,34.11740708400233,45.08997265388574,1.5416744652672718,take_profit,3
2018-11-30 12:00:00,2018-11-30 12:15:00,long,1222.79,1222.0320645997163,1222.1120645997162,1223.8746966404542,43.27489287781502,-32.79957325558155,-1.1180053438224924,stop_loss,1
2018-11-30 12:30:00,2018-11-30 13:30:00,long,1221.3799999999999,1222.5150700624324,1220.6393312109797,1222.5650700624324,39.5210154832773,44.85912151200066,1.532493442762777,take_profit,4
2018-11-30 15:15:00,2018-11-30 15:30:00,long,1220.3899999999999,1221.6657962966146,1219.5613773146158,1221.7157962966146,35.43434356767986,45.20700429662142,1.539658905215041,take_profit,1
2018-12-03 13:00:00,2018-12-03 13:15:00,long,1230.12,1229.0083805741554,1229.0883805741553,1231.7705910813513,28.549399315888667,-31.736066875734593,-1.0775479774767032,stop_loss,1
2018-12-03 13:30:00,2018-12-03 14:15:00,long,1228.29,1229.984193330349,1227.1998791685319,1230.034193330349,26.959069075981166,45.67387502094474,1.5541335248748356,take_profit,3
2018-12-04 10:00:00,2018-12-04 10:15:00,long,1236.6599999999999,1237.988255747751,1235.7985901576553,1238.038255747751,34.2229553199895,45.456837108808564,1.5419556202608982,take_profit,1
2018-12-06 08:30:00,2018-12-06 08:45:00,long,1238.11,1237.2754508573594,1237.3554508573593,1239.3172786282248,39.19016343652332,-32.70611729589263,-1.106023578159484,stop_loss,1
2018-12-06 09:00:00,2018-12-06 09:30:00,long,1236.12,1235.2258224229272,1235.3058224229271,1237.4226841233162,36.23962734574881,-32.404662174039096,-1.0982586627938746,stop_loss,2
2018-12-06 10:00:00,2018-12-06 10:30:00,long,1235.0,1236.3675608404321,1234.1140244747298,1236.417560840432,33.22967940119579,45.443608289189676,1.5435650324709709,take_profit,2
2018-12-07 11:15:00,2018-12-07 12:30:00,long,1239.6499999999999,1240.9066735887707,1238.8333290070182,1240.9566735887706,36.16091441033208,45.442466085266084,1.538775834540961,take_profit,5
2018-12-07 15:15:00,2018-12-07 15:30:00,long,1239.97,1241.2783282512007,1239.1210448429995,1241.3283282512007,34.89283805689116,45.65128579440135,1.5411040741223159,take_profit,1
2018-12-10 09:15:00,2018-12-10 09:30:00,long,1248.1699999999998,1247.2946892534403,1247.3746892534402,1249.4424971944954,37.3611918497375,-32.702652730347744,-1.100589612734387,stop_loss,1
2018-12-10 11:00:00,2018-12-10 14:00:00,long,1246.3,1246.76,1245.3774447140968,1247.7760884574452,32.137209043125615,14.783116159838952,0.4986151041882558,time_stop,12
2018-12-10 15:30:00,2018-12-10 16:30:00,long,1244.23,1245.7621089059096,1243.2411819338067,1245.8121089059096,30.013527588025635,45.98399291537699,1.5494345808302536,take_profit,4
2018-12-12 13:30:00,2018-12-12 14:30:00,long,1243.72,1242.9178657873028,1242.9978657873028,1244.8754147403158,41.22486619747205,-33.06787559085596,-1.1107827306798246,stop_loss,4
2018-12-13 10:30:00,2018-12-13 10:45:00,long,1245.09,1246.014823958626,1244.4807350258586,1246.064823958626,48.753418963143574,45.08832992205222,1.5179339004832422,take_profit,1
2018-12-13 11:30:00,2018-12-13 12:30:00,long,1244.6599999999999,1243.9291696968332,1244.0091696968332,1245.7013284850666,45.77833431964984,-33.45619394929224,-1.1229199064805042,stop_loss,4
2018-12-13 12:45:00,2018-12-13 13:00:00,long,1243.6299999999999,1242.8909918007496,1242.9709918007495,1244.6844131188006,45.10871769067525,-33.335712231075746,-1.1213945442422855,stop_loss,1
2018-12-14 08:45:00,2018-12-14 09:15:00,long,1239.56,1240.4058396868609,1239.0001001957119,1240.4558396868608,52.97437713713153,44.80783056932399,1.510698307773878,take_profit,2
2018-12-14 09:45:00,2018-12-14 10:15:00,long,1237.74,1238.8449724410775,1237.0181422243265,1238.8949724410775,41.213047853845914,45.53928209130823,1.5307342780184128,take_profit,2
2018-12-14 13:45:00,2018-12-14 15:30:00,long,1237.82,1236.9763950389367,1237.0563950389367,1239.041767937701,39.07915628931038,-32.96737011982611,-1.1047662130017242,stop_loss,7
2018-12-14 15:45:00,2018-12-14 16:15:00,long,1234.81,1233.770286641103,1233.850286641103,1236.3455413742352,31.024995745254593,-32.257102536062575,-1.0833582228050556,stop_loss,2
2018-12-18 07:15:00,2018-12-18 07:30:00,long,1248.1399999999999,1247.462995650935,1247.542995650935,1249.0952069585037,49.76611764705961,-33.69187808313349,-1.1340023738943055,stop_loss,1
2018-12-18 07:45:00,2018-12-18 08:00:00,long,1247.6399999999999,1246.960746250041,1247.040746250041,1248.5988059999343,49.46686594324376,-33.600554190661974,-1.1334993731877452,stop_loss,1
2018-12-18 08:15:00,2018-12-18 08:30:00,long,1246.56,1245.8771230421273,1245.9571230421273,1247.5246031325964,49.05810948752512,-33.50065256582319,-1.1326970602462803,stop_loss,1
2018-12-18 08:45:00,2018-12-18 09:00:00,long,1246.07,1245.397366296528,1245.4773662965279,1247.018213925555,49.79298735257232,-33.49244148989526,-1.1349906350773329,stop_loss,1
2018-12-18 14:15:00,2018-12-18 14:45:00,long,1248.43,1247.4803859910419,1247.5603859910418,1249.8213824143334,33.856420567537995,-32.15053126411389,-1.0919948381417668,stop_loss,2
2018-12-18 15:00:00,2018-12-18 16:00:00,long,1247.24,1246.2538914075506,1246.3338914075505,1248.6897737479192,32.42184965575359,-31.971464528643008,-1.0882896384236456,stop_loss,4
2018-12-19 12:00:00,2018-12-19 14:45:00,long,1248.1,1247.2355335185066,1247.3155335185065,1249.355146370389,37.36778347919138,-32.30319630546039,-1.1019801379501033,stop_loss,11
2018-12-19 15:00:00,2018-12-19 16:00:00,long,1247.84,1248.967017096277,1247.1043643148266,1249.017017096277,39.76039746851962,44.81064770179379,1.5320315734976837,take_profit,4
2018-12-21 11:00:00,2018-12-21 11:15:00,long,1259.21,1258.154616891291,1258.234616891291,1260.770612973935,30.07924606029789,-31.745128214742106,-1.0820190541394574,stop_loss,1
2018-12-21 11:30:00,2018-12-21 11:45:00,long,1258.6699999999998,1257.4564808909597,1257.5364808909596,1260.483630574464,25.82691199469893,-31.34145123306502,-1.0705766663851537,stop_loss,1
2018-12-21 12:00:00,2018-12-21 12:15:00,long,1257.5,1256.3180881151645,1256.3980881151645,1259.2630590157369,26.51084517105894,-31.33348298470764,-1.0726010864397446,stop_loss,1
2018-12-24 11:45:00,2018-12-24 12:30:00,long,1262.29,1261.2035077994772,1261.283507799477,1263.9003875208364,28.961921801194375,-31.46690214914888,-1.0794839741017044,stop_loss,3
2018-12-24 13:00:00,2018-12-24 14:00:00,long,1260.08,1261.7692598578233,1258.9929625888603,1261.8192598578232,26.75806214458057,45.201320253982395,1.5540034229846948,take_profit,4
2018-12-26 09:45:00,2018-12-26 10:30:00,long,1272.97,1271.741485337976,1271.821485337976,1274.8076234592386,25.404479547386202,-31.20977560505415,-1.0696551839041708,stop_loss,3
2018-12-26 10:45:00,2018-12-26 13:00:00,long,1271.97,1273.7820215436097,1270.806236535244,1273.8320215436097,25.017968489117443,45.33309787962985,1.5570359428575389,take_profit,9
2018-12-26 14:15:00,2018-12-26 15:00:00,long,1271.93,1273.4666232014185,1270.9383604991135,1273.5166232014185,29.451896439889392,45.256467395308334,1.5495784506816248,take_profit,3
2018-12-27 14:00:00,2018-12-27 14:15:00,long,1271.0,1272.7509127335397,1269.8744295415377,1272.8009127335397,26.02784801284408,45.57249051232559,1.5555780807642143,take_profit,1
2018-12-28 10:15:00,2018-12-28 10:30:00,long,1279.26,1278.2224129625838,1278.3024129625837,1280.7921392598662,30.688930252148904,-31.8424362217992,-1.0835433196921518,stop_loss,1
2018-12-28 11:15:00,2018-12-28 12:30:00,long,1276.29,1278.0141134267242,1275.1811791082973,1278.0641134267241,26.445783217665035,45.595529925814226,1.5549070545349997,take_profit,5
