entry_time,exit_time,direction,entry_price,exit_price,stop_price,take_profit,size_oz,pnl,r_multiple,exit_reason,bars_held
2012-05-17 14:15:00,2012-05-17 14:30:00,short,1548.41,1549.689815698299,1549.6098156982991,1538.811474413608,25.003840208567013,-32.00030721668354,-1.0666769072227846,stop_loss,1
2012-05-17 15:00:00,2012-05-17 17:00:00,short,1557.05,1558.6418640995491,1558.5618640995492,1544.9550872036066,19.779554979356575,-31.486363476697036,-1.0529148089592035,stop_loss,8
2012-05-18 15:30:00,2012-05-18 15:45:00,long,1588.28,1586.708157297166,1586.788157297166,1600.2147416226726,19.98169105314649,-31.408075272170123,-1.0536249564702462,stop_loss,1
2012-05-21 15:15:00,2012-05-21 15:30:00,long,1589.1699999999998,1587.9507116497427,1588.0307116497427,1598.2843068020575,26.08234847253167,-31.801903639903987,-1.0702192732699045,stop_loss,1
2012-05-22 15:45:00,2012-05-22 17:15:00,long,1576.9099999999999,1586.78246861886,1575.6696914226422,1586.83246861886,23.88108136306433,235.7652263413007,7.9596874512412406,take_profit,6
2012-05-23 15:30:00,2012-05-23 16:45:00,long,1559.34,1557.8348259178024,1557.9148259178023,1570.7413926575812,21.279650050500063,-32.029577734246,-1.0561334934442312,stop_loss,5
2012-05-24 15:45:00,2012-05-24 16:00:00,short,1571.97,1573.8353025730507,1573.7553025730508,1557.687579415594,16.933329651424213,-31.585783369117507,-1.044810331429266,stop_loss,1
2012-05-28 15:30:00,2012-05-28 15:45:00,long,1577.4099999999999,1576.3126713094684,1576.3926713094684,1585.5486295242522,29.623031304811867,-32.50620215128025,-1.0786373182477855,stop_loss,1
2012-05-30 14:30:00,2012-05-30 14:45:00,short,1553.32,1554.720395538819,1554.6403955388191,1542.7568356894471,22.74988074202903,-31.858831499804275,-1.060587905402551,stop_loss,1
2012-06-01 15:45:00,2012-06-01 16:00:00,short,1582.52,1584.9836886498451,1584.9036886498452,1563.450490801238,12.561734750001191,-30.94820332594338,-1.033561430099154,stop_loss,1
2012-06-04 15:15:00,2012-06-04 15:30:00,long,1619.44,1617.8072287086466,1617.8872287086465,1631.862170330829,19.223964341809463,-31.38833708330973,-1.0515207876687305,stop_loss,1
2012-06-04 15:45:00,2012-06-04 17:30:00,long,1617.02,1615.2978400600064,1615.3778400600063,1630.1572795199495,18.120192923979612,-31.205870358633486,-1.0487163266205572,stop_loss,7
2012-06-08 16:00:00,2012-06-08 19:00:00,long,1575.11,1585.24,1573.089756707804,1591.2719463375656,14.682705507909517,148.735806795125,5.014247560742954,time_stop,12
2012-06-12 16:00:00,2012-06-12 16:15:00,short,1599.94,1601.5454522341313,1601.4654522341314,1587.73638212695,19.737651602819184,-31.68785686225001,-1.0524434644428473,stop_loss,1
2012-06-13 14:15:00,2012-06-13 14:30:00,long,1608.8899999999999,1607.840452666495,1607.9204526664948,1616.6463786680406,30.95648879249208,-32.49030026683627,-1.0825127327313844,stop_loss,1
2012-06-15 15:15:00,2012-06-15 15:30:00,long,1622.11,1628.7611688136155,1621.272353898298,1628.8111688136155,35.7147370492801,237.54474524865492,7.940308920559485,take_profit,1
2012-06-18 14:15:00,2012-06-18 15:15:00,long,1619.87,1618.601721516267,1618.6817215162669,1629.3762278698634,25.775897584346087,-32.691016305130425,-1.0673242855905323,stop_loss,4
2012-06-19 15:30:00,2012-06-19 15:45:00,long,1629.61,1628.6576992432697,1628.7376992432696,1636.5884060538426,35.00039546441598,-33.330903086619955,-1.0917114875605494,stop_loss,1
2012-06-20 14:15:00,2012-06-20 14:45:00,long,1611.78,1610.6824332205,1610.7624332204998,1619.9205342360012,29.905534804465045,-32.82332152456439,-1.0786189187890198,stop_loss,2
2012-06-20 15:15:00,2012-06-20 15:30:00,long,1607.94,1606.717600614606,1606.797600614606,1617.0791950831538,26.551492554568362,-32.45652817999921,-1.0700280488791818,stop_loss,1
2012-06-22 14:45:00,2012-06-22 17:30:00,short,1570.14,1562.7142540543778,1571.074468243203,1562.6642540543778,32.35534156566385,240.26254645045427,7.9464936338237795,take_profit,11
2012-06-25 15:45:00,2012-06-25 16:00:00,short,1571.51,1572.5669242826907,1572.4869242826908,1563.6946057384728,31.6870277245888,-33.490789048411834,-1.081889662707103,stop_loss,1
2012-06-27 15:00:00,2012-06-27 15:45:00,short,1571.31,1563.3648876994325,1572.3093890375708,1563.3148876994326,30.874217450193708,245.2991248339272,7.949969433204106,take_profit,3
2012-06-29 14:15:00,2012-06-29 14:30:00,short,1579.57,1581.0245686171263,1580.9445686171264,1568.5734510629884,22.982666302862057,-33.42986514203088,-1.058200077466608,stop_loss,1
2012-06-29 15:30:00,2012-06-29 15:45:00,short,1586.6100000000001,1588.4431452957822,1588.3631452957823,1572.584837633743,17.962551260378216,-32.92796634320644,-1.0456322702929404,stop_loss,1
2012-07-06 16:00:00,2012-07-06 16:30:00,long,1588.27,1586.1874762845302,1586.2674762845302,1604.2901897237575,15.676307901293969,-32.646282975450255,-1.0399495893016972,stop_loss,2
2012-07-10 14:15:00,2012-07-10 15:30:00,short,1596.1000000000001,1597.0849852692145,1597.0049852692146,1588.8601178462852,34.57983301936694,-34.06062613596836,-1.0883992289392421,stop_loss,5
2012-07-17 14:30:00,2012-07-17 14:45:00,long,1592.93,1592.0552667861068,1592.1352667861067,1599.2878657111476,39.24846359850327,-34.33193470389102,-1.100662711210992,stop_loss,1
2012-07-17 15:00:00,2012-07-17 15:15:00,long,1592.59,1591.713265749245,1591.793265749245,1598.9638740060402,39.020616701795056,-34.21071114804271,-1.100409891910784,stop_loss,1
2012-07-17 15:30:00,2012-07-17 15:45:00,long,1587.26,1586.2038107735837,1586.2838107735836,1595.0695138113308,31.742236894181897,-33.52580862999006,-1.081951324430825,stop_loss,1
2012-07-19 14:15:00,2012-07-19 14:30:00,short,1587.6200000000001,1588.6754603067561,1588.5954603067562,1579.8163175459522,31.662848850590045,-33.41888016061275,-1.0820125631415694,stop_loss,1
2012-07-19 14:45:00,2012-07-19 15:30:00,short,1589.3400000000001,1590.4383815910294,1590.3583815910295,1581.192947271765,30.229921557173903,-33.20398933665773,-1.0785560154510145,stop_loss,3
2012-07-24 15:45:00,2012-07-24 16:00:00,short,1576.31,1577.2462318769365,1577.1662318769365,1569.4601449845068,35.83840367385498,-33.553055937981824,-1.0934326344939989,stop_loss,1
2012-07-25 14:15:00,2012-07-25 14:30:00,short,1593.0800000000002,1594.117038074892,1594.037038074892,1585.4236954008652,31.958315221384325,-33.14198969397051,-1.0835912406190982,stop_loss,1
2012-07-27 15:45:00,2012-07-27 16:30:00,long,1619.1299999999999,1617.6637633261137,1617.7437633261136,1630.2198933910902,21.99184243316371,-32.24524590183168,-1.0577102031038097,stop_loss,3
2012-07-31 14:15:00,2012-07-31 14:45:00,long,1623.46,1622.6291677540166,1622.7091677540166,1629.4666579678671,40.47397129257491,-33.627080472877736,-1.1065484339915896,stop_loss,2
2012-08-01 14:45:00,2012-08-01 15:15:00,long,1612.93,1612.166324908962,1612.246324908962,1618.3994007283047,44.30215745035296,-33.832454124081075,-1.1170146478182346,stop_loss,2
2012-08-01 15:30:00,2012-08-01 15:45:00,long,1608.44,1607.3896212919058,1607.4696212919057,1616.203029664754,31.108250741573862,-32.67544422500746,-1.082442039723885,stop_loss,1
2012-08-01 16:00:00,2012-08-01 16:15:00,long,1605.6,1604.4553877465921,1604.535387746592,1614.1168980272623,28.26264467339512,-32.349769406878345,-1.075144729683361,stop_loss,1
2012-08-02 14:15:00,2012-08-02 14:30:00,long,1601.1399999999999,1600.208697133118,1600.288697133118,1607.950422935056,35.23036241454011,-32.810137517948796,-1.093973605766114,stop_loss,1
2012-08-02 14:45:00,2012-08-02 15:00:00,long,1599.1,1606.5130687552269,1598.1671164055965,1606.5630687552268,32.043953062924174,237.54402724472243,7.9464027448867744,take_profit,1
2012-08-08 15:15:00,2012-08-08 16:00:00,long,1603.93,1609.656534831419,1603.2079331460727,1609.706534831419,42.38653253158201,242.72795492518026,7.930754334272823,take_profit,3
2012-08-09 14:45:00,2012-08-09 15:00:00,long,1610.97,1610.1861517303737,1610.2661517303736,1616.6007861570113,44.51825117844758,-34.89555415301658,-1.1136608605181204,stop_loss,1
2012-08-09 15:15:00,2012-08-09 17:45:00,long,1610.7,1616.374096227219,1609.9844879715977,1616.424096227219,43.64623676001003,247.6529473322812,7.930119972809406,take_profit,10
2012-08-13 15:00:00,2012-08-13 15:15:00,long,1621.9199999999998,1621.0654634471975,1621.1454634471975,1628.1162924224197,41.27935101655516,-35.27471431960321,-1.1032875720461182,stop_loss,1
2012-08-13 15:45:00,2012-08-13 16:00:00,long,1621.3999999999999,1620.565624341652,1620.645624341652,1627.4350052667844,42.24227245760977,-35.245923891928705,-1.1060479604751874,stop_loss,1
2012-08-15 15:45:00,2012-08-15 16:00:00,short,1598.16,1599.3150326243115,1599.2350326243115,1589.5597390055088,29.5440376462895,-34.12432733534822,-1.0744163462491807,stop_loss,1
2012-08-16 14:30:00,2012-08-16 14:45:00,short,1604.06,1604.6764070349684,1604.5964070349685,1599.768743720252,59.01941860903875,-36.37998483035997,-1.1491404750212126,stop_loss,1
2012-08-17 14:30:00,2012-08-17 15:00:00,long,1613.6699999999998,1612.9029851848793,1612.9829851848792,1619.166118520964,45.922286816494584,-35.22307433246631,-1.116445814907036,stop_loss,2
2012-08-20 15:30:00,2012-08-20 15:45:00,long,1612.51,1611.786866130567,1611.866866130567,1617.6550709554645,48.89125524032782,-35.35492258337535,-1.1243908986949267,stop_loss,1
2012-08-21 14:15:00,2012-08-21 15:15:00,long,1624.54,1629.1447229524697,1623.9581596309413,1629.1947229524696,53.85937288452734,248.00749052700877,7.914065777043592,take_profit,4
2012-08-22 14:15:00,2012-08-22 14:30:00,long,1637.78,1636.9861237635437,1637.0661237635436,1643.4910098916512,44.939974507673966,-35.676777828594226,-1.1120642429520293,stop_loss,1
2012-08-23 14:15:00,2012-08-23 14:30:00,long,1659.86,1658.9667686287748,1659.0467686287748,1666.3658509698012,39.31789975874677,-35.11998151519468,-1.098372988094898,stop_loss,1
2012-08-24 14:45:00,2012-08-24 17:45:00,long,1663.35,1669.8903568439769,1662.5262053945028,1669.9403568439768,38.68584399228965,253.01922451999624,7.939305259264223,take_profit,12
2012-08-29 14:45:00,2012-08-29 15:30:00,long,1662.04,1667.6802693454601,1661.3287163318175,1667.73026934546,45.87234140619074,258.73236103782153,7.929704557779264,take_profit,3
2012-09-04 14:15:00,2012-09-04 15:15:00,long,1689.86,1695.3427035159782,1689.1684120605025,1695.3927035159782,48.301079933382546,264.82050077630544,7.927702614309648,take_profit,4
2012-09-05 15:00:00,2012-09-05 17:45:00,long,1688.75,1694.851824960339,1687.9810218799576,1694.901824960339,44.47318455181378,271.3675875640177,7.934978644128552,take_profit,11
2012-09-06 14:45:00,2012-09-06 15:00:00,long,1702.8,1710.754559949133,1701.7994300063583,1710.804559949133,34.9930627883555,278.354415753749,7.950028483446517,take_profit,1
2012-09-07 15:30:00,2012-09-07 15:45:00,long,1690.27,1698.5458019798346,1689.2292747525207,1698.5958019798345,34.445279333556606,285.0623109046025,7.951956580163108,take_profit,1
2012-09-10 14:15:00,2012-09-10 14:30:00,long,1732.1699999999998,1731.4025829710956,1731.4825829710956,1737.669336231234,53.393001989090706,-40.97469895074507,-1.1163776814307949,stop_loss,1
2012-09-10 14:45:00,2012-09-10 15:15:00,long,1729.54,1728.7331710311998,1728.8131710311998,1735.3546317504008,50.328669143655944,-40.60662822625828,-1.11006715944741,stop_loss,2
2012-09-12 14:15:00,2012-09-12 14:45:00,long,1742.21,1740.985355247936,1741.065355247936,1751.367158016513,31.851379866413907,-39.006625199401476,-1.0698906799298789,stop_loss,2
2012-09-12 15:00:00,2012-09-12 15:30:00,long,1741.9099999999999,1740.7625931048524,1740.8425931048523,1750.4492551611802,34.04652443196855,-39.065216889047484,-1.0749479887787956,stop_loss,2
2012-09-14 14:45:00,2012-09-14 15:00:00,long,1772.01,1770.7266608285288,1770.8066608285287,1781.6367133717697,30.103149754142432,-38.63255126415454,-1.0664816719147558,stop_loss,1
2012-09-14 15:15:00,2012-09-14 15:30:00,long,1769.81,1768.443830000109,1768.523830000109,1780.099359999128,28.074361579802467,-38.35435055641503,-1.0622001757207138,stop_loss,1
2012-09-14 15:45:00,2012-09-14 18:45:00,long,1767.5,1774.02,1766.0219248470328,1779.324601223738,24.351494243108917,158.7717424650697,4.411142415127638,time_stop,12
2012-09-17 14:45:00,2012-09-17 17:00:00,long,1768.26,1767.4477457732942,1767.527745773294,1774.1180338136473,49.80463406789844,-40.45402453118708,-1.1092516739163312,stop_loss,9
2012-09-19 15:00:00,2012-09-19 15:15:00,long,1771.6599999999999,1770.4660522930135,1770.5460522930134,1780.5715816558923,32.63015983981718,-38.958704519348274,-1.071816656651102,stop_loss,1
2012-09-19 15:45:00,2012-09-19 16:45:00,long,1768.12,1766.5721198570518,1766.6521198570517,1779.8630411435843,24.68281609548741,-38.206040906244425,-1.0545003625699652,stop_loss,4
2012-09-26 14:45:00,2012-09-26 15:00:00,long,1758.82,1757.977203307926,1758.0572033079259,1764.9223735365922,47.347868535829754,-39.90462697875142,-1.1048772246014928,stop_loss,1
2012-09-26 15:15:00,2012-09-26 15:30:00,long,1755.32,1754.289807954283,1754.369807954283,1762.9215363657352,37.8840085824893,-39.02780430154863,-1.0841935063133143,stop_loss,1
2012-09-27 15:15:00,2012-09-27 15:30:00,short,1761.9,1762.874480450464,1762.794480450464,1754.7441563962873,40.11267119749199,-39.08901389784404,-1.0894373934706196,stop_loss,1
2012-09-27 15:45:00,2012-09-27 16:00:00,short,1763.32,1764.4821030414714,1764.4021030414715,1754.6631756682273,33.04928624146571,-38.40667605966892,-1.0739301128764367,stop_loss,1
2012-09-28 14:15:00,2012-09-28 15:00:00,long,1777.43,1776.5602275754115,1776.6402275754115,1783.7481793967097,45.136436804240894,-39.25842807651104,-1.1012950028504742,stop_loss,3
2012-10-02 14:15:00,2012-10-02 14:30:00,long,1778.3899999999999,1777.5882054950434,1777.6682054950434,1784.1643560396512,49.22417336785693,-39.46767171737049,-1.1108348698287027,stop_loss,1
2012-10-03 14:15:00,2012-10-03 15:15:00,long,1776.72,1775.8547539279893,1775.9347539279893,1783.001968576087,45.09584459571626,-39.01900240044743,-1.1018788923006952,stop_loss,4
2012-10-05 15:30:00,2012-10-05 15:45:00,long,1784.46,1783.458767820758,1783.538767820758,1791.8298574339353,38.312033188672046,-38.35924048068304,-1.0868402144459959,stop_loss,1
2012-10-10 15:00:00,2012-10-10 15:30:00,short,1767.07,1760.745112543589,1767.8668609320514,1760.695112543589,44.14722656007718,279.22623950516817,7.937253794244981,take_profit,2
2012-10-12 14:30:00,2012-10-12 15:30:00,short,1768.8300000000002,1769.5582551862597,1769.4782551862597,1763.6439585099242,55.55972337141253,-40.46165669237448,-1.1234081912425973,stop_loss,4
2012-10-12 15:45:00,2012-10-12 16:00:00,short,1771.8600000000001,1765.4770207670636,1772.6641224041173,1765.4270207670636,44.63934056407515,284.931983792475,7.9378204117375235,take_profit,1
2012-10-15 14:30:00,2012-10-15 14:45:00,short,1747.88,1748.6978775011385,1748.6178775011385,1741.976979990892,49.805407736739454,-40.734722422901356,-1.1084190802355403,stop_loss,1
2012-10-16 14:45:00,2012-10-16 15:15:00,short,1743.5900000000001,1744.3898332115725,1744.3098332115726,1737.8313343074196,50.88412850066252,-40.69881591674642,-1.1111368560297046,stop_loss,2
2012-10-17 14:15:00,2012-10-17 14:30:00,short,1750.77,1751.4908204030082,1751.4108204030083,1745.6434367759337,56.96758252011044,-41.063395790551574,-1.1248399701763063,stop_loss,1
2012-10-19 16:00:00,2012-10-19 16:15:00,short,1736.95,1737.8645344182723,1737.7845344182724,1730.273724653821,43.596523049215776,-39.87052084550932,-1.0958618341536364,stop_loss,1
2012-10-26 15:30:00,2012-10-26 15:45:00,short,1706.04,1706.8851359584407,1706.8051359584408,1699.9189123324734,47.39443629460794,-40.05474234260389,-1.1045565812420404,stop_loss,1
2012-10-29 15:30:00,2012-10-29 18:00:00,short,1712.52,1706.0631418644007,1713.3333572669499,1706.0131418644007,44.43683566945755,286.9223439126264,7.938526399121965,take_profit,10
2012-11-05 14:15:00,2012-11-05 14:45:00,short,1681.4,1682.4977305536736,1682.4177305536737,1673.2581555706117,36.35912286427963,-39.9125200728885,-1.0786062673574663,stop_loss,2
2012-11-06 14:15:00,2012-11-06 15:45:00,short,1692.92,1693.748449686233,1693.668449686233,1686.9324025101362,49.280604110036236,-40.826501012329416,-1.1068876124493698,stop_loss,6
2012-11-07 15:45:00,2012-11-07 16:00:00,short,1723.5900000000001,1725.1443162271219,1725.064316227122,1711.7954701830254,24.934659541976497,-38.75634594384943,-1.054262442838404,stop_loss,1
2012-11-08 15:45:00,2012-11-08 16:00:00,long,1715.79,1714.6715732447458,1714.7515732447457,1724.0974140420349,35.28925266730949,-39.46844435604376,-1.077039617474359,stop_loss,1
2012-11-09 15:15:00,2012-11-09 16:15:00,long,1728.4099999999999,1737.170180540025,1727.3087274324967,1737.220180540025,33.16790037947372,290.55679545776024,7.954597979214383,take_profit,4
2012-11-12 15:30:00,2012-11-12 15:45:00,long,1734.9199999999998,1734.0363580267801,1734.11635802678,1741.349135785758,46.53635629076187,-41.121477699224286,-1.0995468164503754,stop_loss,1
2012-11-12 16:00:00,2012-11-12 18:00:00,long,1733.75,1732.8351250332953,1732.9151250332952,1740.4289997336384,44.647649348013324,-40.847016710706875,-1.0958227317746572,stop_loss,8
2012-11-13 15:15:00,2012-11-13 15:30:00,long,1726.8799999999999,1725.9046947594675,1725.9846947594674,1734.0424419242593,41.49720344610125,-40.47243998842201,-1.0893550002592942,stop_loss,1
2012-11-14 14:30:00,2012-11-14 15:15:00,long,1721.98,1728.1500682077249,1721.2024914740343,1728.2000682077248,47.62809044026607,293.8685666201297,7.935692023520211,take_profit,3
2012-11-15 15:00:00,2012-11-15 15:30:00,long,1717.05,1724.463660311407,1716.117042461074,1724.513660311407,40.637275021414865,301.2709529899967,7.946406992908493,take_profit,2
2012-11-16 15:00:00,2012-11-16 15:15:00,short,1710.96,1711.8835649118842,1711.8035649118842,1704.2114807049263,46.01503026589992,-42.49786737287069,-1.0948356183061707,stop_loss,1
2012-11-16 15:30:00,2012-11-16 16:45:00,short,1713.5900000000001,1714.6045534189207,1714.5245534189207,1706.1135726486357,41.39856595267674,-42.00105662569456,-1.0856023833205037,stop_loss,5
2012-11-19 15:30:00,2012-11-19 15:45:00,short,1728.43,1729.2220683612748,1729.1420683612748,1722.7334531098018,54.15655332666339,-42.89569244573548,-1.1123487636168943,stop_loss,1
2012-11-19 16:00:00,2012-11-19 17:30:00,short,1731.16,1732.0324466992624,1731.9524466992625,1724.8204264059004,48.50102995954449,-42.31456349902917,-1.1009531619910684,stop_loss,6
2012-11-20 14:45:00,2012-11-20 15:00:00,long,1731.1499999999999,1730.3484529056304,1730.4284529056304,1736.922376754955,53.09083455633055,-42.55480417627464,-1.11087287389028,stop_loss,1
2012-11-28 14:15:00,2012-11-28 15:15:00,long,1734.26,1733.383178814494,1733.4631788144939,1740.63456948405,47.915233296654584,-42.01309166297211,-1.1003989369950198,stop_loss,4
2012-11-29 14:45:00,2012-11-29 15:00:00,short,1726.23,1726.99980751636,1726.9198075163602,1720.7115398691196,55.16587282935206,-42.46710355059846,-1.1159743814072345,stop_loss,1
2012-11-29 15:15:00,2012-11-29 15:30:00,short,1727.14,1721.4088787647001,1727.8626401544125,1721.3588787647002,52.48315109813259,300.7873017539637,7.930809269739926,take_profit,1
2012-12-03 15:00:00,2012-12-03 17:00:00,short,1718.29,1719.1771484169753,1719.0971484169754,1711.8328126641964,48.106139468579734,-42.677285476347286,-1.0991143615194134,stop_loss,8
2012-12-05 14:30:00,2012-12-05 14:45:00,short,1704.41,1705.0724469429974,1704.9924469429975,1699.7504244560214,66.44512934220465,-44.01637280980691,-1.137351566458958,stop_loss,1
2012-12-10 15:15:00,2012-12-10 15:30:00,short,1714.82,1715.6089618675921,1715.5289618675922,1709.1483050592612,54.401675332680426,-42.92084737061642,-1.1128410478149084,stop_loss,1
2012-12-11 14:15:00,2012-12-11 14:30:00,short,1712.2,1712.7712624590436,1712.6912624590436,1708.269900327652,78.24727921757173,-44.699733139294146,-1.1628457426925636,stop_loss,1
2012-12-11 14:45:00,2012-12-11 16:15:00,short,1713.53,1709.376393649863,1714.055450793767,1709.3263936498631,72.90093012868968,302.8017663134117,7.904843611252271,take_profit,6
2012-12-12 14:30:00,2012-12-12 15:30:00,short,1715.31,1715.9315383608669,1715.851538360867,1710.9776931130643,72.41270376236338,-45.007273202400256,-1.147727300189502,stop_loss,4
2012-12-17 15:45:00,2012-12-17 17:15:00,short,1696.5800000000002,1697.432527399931,1697.352527399931,1690.3997808005533,50.58621232762574,-43.12613206801563,-1.1035561974980965,stop_loss,6
2012-12-18 15:00:00,2012-12-18 17:00:00,short,1698.68,1694.7808029838232,1699.173649627022,1694.7308029838232,78.9018254112193,307.6537622143381,7.8987135870011675,take_profit,8
2012-12-20 14:30:00,2012-12-20 15:15:00,short,1670.24,1665.590530978124,1670.8274336277345,1665.540530978124,67.87629459692351,315.5887290481272,7.914884001120245,take_profit,3
2012-12-26 15:30:00,2012-12-26 15:45:00,short,1659.66,1660.4285891055188,1660.3485891055188,1654.1512871558505,59.28003192650076,-45.561986713508354,-1.116179590061417,stop_loss,1
2012-12-26 16:00:00,2012-12-26 16:15:00,short,1662.1100000000001,1662.924727340983,1662.8447273409831,1656.2321812721366,55.371422744146145,-45.11261201877974,-1.1088839295035549,stop_loss,1
2012-12-31 15:15:00,2012-12-31 15:30:00,short,1662.91,1663.8336400870467,1663.7536400870467,1656.1608793036273,48.06262882213367,-44.39257066896294,-1.0948271676847232,stop_loss,1
2013-01-02 14:30:00,2013-01-02 14:45:00,short,1686.64,1687.6112778339475,1687.5312778339476,1679.50977732842,45.34431477129139,-44.04192783288886,-1.089758767639948,stop_loss,1
2013-01-07 14:30:00,2013-01-07 15:15:00,short,1657.72,1651.0483741798062,1658.5602032275242,1650.9983741798062,47.94346837537155,319.86088152277694,7.940490588036854,take_profit,3
2013-01-08 14:15:00,2013-01-08 15:00:00,short,1656.76,1650.789948295882,1657.5125064630147,1650.739948295882,54.80596053226593,327.1944180714823,7.933555387950836,take_profit,3
2013-01-10 15:45:00,2013-01-10 16:00:00,short,1667.4,1668.5623903697747,1668.4823903697747,1658.7408770418035,39.009422058386804,-45.34417653114107,-1.0739104875966168,stop_loss,1
2013-01-15 14:15:00,2013-01-15 14:30:00,long,1678.4199999999998,1677.2862390231567,1677.3662390231566,1686.8500878147458,39.94016780063412,-45.28260366092737,-1.075918544867341,stop_loss,1
2013-01-15 14:45:00,2013-01-15 17:45:00,long,1676.76,1682.0800000000002,1675.7059152801708,1685.192677758633,39.799023396044554,211.73080446696355,5.047032652993988,time_stop,12
2013-01-16 14:30:00,2013-01-16 14:45:00,long,1675.72,1674.8974052972385,1674.9774052972384,1681.6607576220933,57.348557269427644,-47.17461942084769,-1.1077303671874015,stop_loss,1
2013-01-17 15:45:00,2013-01-17 16:00:00,long,1674.03,1672.9842638838218,1673.0642638838217,1681.7558889294264,43.95114801029105,-45.961302821855185,-1.0828383640828432,stop_loss,1
2013-01-21 16:00:00,2013-01-21 19:00:00,long,1686.08,1688.74,1685.4522784807982,1691.1017721536134,67.39824233901146,179.279324621776,4.237547891273279,time_stop,12
2013-01-22 14:15:00,2013-01-22 14:30:00,long,1691.57,1690.9859435404849,1691.0659435404848,1695.6024516761206,85.00072608462996,-49.645223133199075,-1.1587123793173495,stop_loss,1
2013-01-22 14:45:00,2013-01-22 15:00:00,long,1690.9099999999999,1690.3433390731732,1690.423339073173,1694.8032874146143,87.73301291195614,-49.71487040998537,-1.164385500437778,stop_loss,1
2013-01-24 14:45:00,2013-01-24 15:15:00,long,1676.31,1675.5213149355309,1675.6013149355308,1681.9794805157528,60.03666071003849,-47.35001762260403,-1.112885122053269,stop_loss,2
2013-02-04 15:15:00,2013-02-04 16:30:00,short,1665.3400000000001,1666.0750327408803,1665.9950327408803,1660.0997380729582,64.73727504972736,-47.58401671691098,-1.1221312997155362,stop_loss,5
2013-02-05 14:45:00,2013-02-05 15:00:00,long,1677.1299999999999,1676.2346410815169,1676.3146410815168,1683.6528713478642,51.83273489105063,-46.40890145406704,-1.0981162996889304,stop_loss,1
2013-02-08 15:30:00,2013-02-08 15:45:00,long,1668.35,1667.5940274034576,1667.6740274034576,1673.757780772339,62.314739049906805,-47.10823508241257,-1.1183479928167694,stop_loss,1
2013-02-08 16:00:00,2013-02-08 16:30:00,long,1666.82,1665.9389317917569,1666.0189317917568,1673.2285456659454,52.407186830257935,-46.17430619959414,-1.0998666520237779,stop_loss,2
2013-02-12 14:15:00,2013-02-12 14:30:00,short,1649.0,1650.098467675939,1650.018467675939,1640.8522585924875,41.08447359018791,-45.12996622179058,-1.078549375586382,stop_loss,1
2013-02-12 14:45:00,2013-02-12 16:30:00,short,1650.17,1642.1836311333184,1651.1745461083353,1642.1336311333184,41.519068253652925,331.5865940746057,7.950226276737791,take_profit,7
2013-02-13 15:45:00,2013-02-13 16:00:00,short,1651.63,1652.570117099714,1652.490117099714,1644.7490632022875,49.64740060665774,-46.674370266665996,-1.0930105912631307,stop_loss,1
2013-02-28 14:15:00,2013-02-28 15:15:00,short,1591.94,1593.176626090604,1593.096626090604,1582.686991275167,36.79888898676722,-45.50646622627569,-1.0691666915088758,stop_loss,4
2013-03-01 14:45:00,2013-03-01 15:00:00,short,1569.8300000000002,1571.0342653296627,1570.9542653296628,1560.8358773626987,37.73667531079045,-45.444969733518654,-1.0711575798783481,stop_loss,1
2013-03-01 15:15:00,2013-03-01 15:30:00,short,1573.4,1574.652198166903,1574.572198166903,1564.0224146647759,36.07726235504265,-45.175881787858394,-1.068247846020178,stop_loss,1
2013-03-01 15:45:00,2013-03-01 16:00:00,short,1582.79,1584.4584004602377,1584.3784004602378,1570.0827963180975,26.538756572622862,-44.27727367990193,-1.0503651327247467,stop_loss,1
2013-03-05 15:45:00,2013-03-05 17:15:00,short,1584.8400000000001,1578.4971622425305,1585.639104719684,1578.4471622425306,52.585525148296945,333.5414544069863,7.937429977862698,take_profit,6
2013-03-06 14:45:00,2013-03-06 15:00:00,short,1576.29,1576.918827572991,1576.838827572991,1571.8993794160715,78.38885619723814,-49.293074192048635,-1.1457652711651034,stop_loss,1
2013-03-06 15:30:00,2013-03-06 16:15:00,short,1578.43,1572.2625388400543,1579.2071826449933,1572.2125388400543,55.166036902526685,340.23438994446934,7.935665058500643,take_profit,3
2013-03-13 14:45:00,2013-03-13 15:00:00,long,1590.57,1597.288414697953,1589.7239481627557,1597.3384146979529,51.88191516315186,348.56422139006975,7.940901966286725,take_profit,1
2013-03-19 14:45:00,2013-03-19 16:00:00,long,1601.1299999999999,1606.4594035583057,1600.4575745552117,1606.5094035583056,66.83340533293264,356.182188195024,7.925642314122977,take_profit,5
2013-03-20 14:15:00,2013-03-20 14:30:00,long,1607.85,1607.086193097032,1607.166193097032,1613.3204552237426,67.28365664721088,-51.3917214040598,-1.116992091850347,stop_loss,1
2013-03-22 14:30:00,2013-03-22 14:45:00,long,1605.53,1604.7903790037174,1604.8703790037173,1610.8069679702608,69.51697105836874,-51.416211392740095,-1.1212817670310224,stop_loss,1
2013-03-25 14:15:00,2013-03-25 14:30:00,long,1596.76,1595.8695359616345,1595.9495359616344,1603.2437123069255,56.38819603403921,-50.21166075661647,-1.0987088830755019,stop_loss,1
2013-03-26 15:00:00,2013-03-26 15:15:00,long,1597.46,1596.6675545495482,1596.747554549548,1603.1595636036154,63.93467747282827,-50.664744289449196,-1.1122892987093693,stop_loss,1
2013-03-27 14:15:00,2013-03-27 14:30:00,short,1596.26,1597.0370536219136,1596.9570536219137,1590.6835710246903,65.12838385965541,-50.608246567526926,-1.114768788920848,stop_loss,1
2013-03-27 14:45:00,2013-03-27 15:00:00,short,1598.7,1599.5255717454256,1599.4455717454257,1592.7354260365953,60.68651527724597,-50.10107234123192,-1.1073002034891424,stop_loss,1
2013-03-28 14:15:00,2013-03-28 14:30:00,long,1600.5,1599.8048352910296,1599.8848352910295,1605.4213176717642,73.30694892673982,-50.96040381616681,-1.1300464718364787,stop_loss,1
2013-03-28 15:15:00,2013-03-28 18:15:00,long,1595.98,1596.13,1595.1307061054533,1602.7743511563738,52.918038124567836,7.937705718689989,0.17661730640387246,time_stop,12
2013-04-03 14:15:00,2013-04-03 14:30:00,short,1571.24,1572.1529198494923,1572.0729198494923,1564.576641204061,53.98692303364868,-49.2857336504285,-1.0960476569848683,stop_loss,1
2013-04-03 14:45:00,2013-04-03 15:15:00,short,1571.97,1572.8342523192052,1572.7542523192053,1565.6959814463587,57.14860065980602,-49.39081065956956,-1.1020079865125487,stop_loss,2
2013-04-05 14:45:00,2013-04-05 15:15:00,short,1557.3600000000001,1551.473460434819,1558.1020674456477,1551.423460434819,60.1976955555979,354.35611662076184,7.932620679842094,take_profit,2
2013-04-08 14:30:00,2013-04-08 15:15:00,short,1578.69,1573.388921529794,1579.3588848087759,1573.338921529794,68.37323545794582,362.4518864244417,7.925248713463616,take_profit,3
2013-04-09 15:15:00,2013-04-09 15:30:00,short,1574.45,1575.2075326313904,1575.1275326313905,1569.0297389488767,69.10541576109279,-52.349607444828536,-1.1180754937747366,stop_loss,1
2013-04-10 14:15:00,2013-04-10 14:45:00,long,1579.93,1579.0158148907021,1579.095814890702,1586.6034808743848,55.939772649359675,-51.13930717355636,-1.0959019756025734,stop_loss,2
2013-04-10 15:00:00,2013-04-10 15:15:00,long,1578.3,1577.3452351730584,1577.4252351730584,1585.2981186155332,53.16938451069667,-50.76425820094285,-1.091453151219657,stop_loss,1
2013-04-11 14:15:00,2013-04-11 15:15:00,short,1560.91,1561.9006827786288,1561.820682778629,1553.6245377709704,50.905118394012,-50.43082413700541,-1.0878461763824936,stop_loss,4
2013-04-18 14:15:00,2013-04-18 15:15:00,short,1398.64,1400.8090071132876,1400.7290071132877,1381.9279430936997,22.119178962659426,-47.97665651008828,-1.0382957049265504,stop_loss,4
2013-04-22 14:30:00,2013-04-22 16:45:00,short,1436.53,1423.0466402426641,1438.221669969667,1422.9966402426642,27.229420069812132,367.144066784898,7.9704434074636055,take_profit,9
2013-04-24 15:30:00,2013-04-24 15:45:00,short,1426.32,1427.793921539037,1427.713921539037,1415.1686276877035,33.8359248372623,-49.871498410880086,-1.0573920394796308,stop_loss,1
2013-04-24 16:00:00,2013-04-24 16:45:00,short,1429.92,1431.5496313270269,1431.469631327027,1417.522949383785,30.339480822752897,-49.442168394486956,-1.051625182457698,stop_loss,3
2013-04-25 15:15:00,2013-04-25 15:30:00,short,1448.54,1449.7214708042143,1449.6414708042144,1439.7282335662842,42.54918355000129,-50.27061810748248,-1.0726301593231846,stop_loss,1
2013-04-29 15:45:00,2013-04-29 16:00:00,long,1468.85,1467.274573607675,1467.3545736076749,1480.8134111386007,31.23916483547585,-49.21500475599881,-1.0534964478429096,stop_loss,1
2013-04-30 15:15:00,2013-04-30 16:45:00,long,1467.6699999999998,1466.0969646593182,1466.1769646593182,1479.614282725453,31.1903042654258,-49.06345089612682,-1.0535821208112877,stop_loss,6
2013-05-01 16:00:00,2013-05-01 16:15:00,long,1459.8,1458.1947729295007,1458.2747729295006,1472.0018165639951,30.435491934331434,-48.85587555695095,-1.0524512064775617,stop_loss,1
2013-05-03 15:15:00,2013-05-03 15:30:00,long,1474.3799999999999,1472.8850636381137,1472.9650636381136,1485.6994908950892,32.70427548688297,-48.89081061448405,-1.056539645283608,stop_loss,1
2013-05-06 16:00:00,2013-05-06 16:45:00,long,1470.59,1469.5428977405404,1469.6228977405403,1478.3268180756772,47.69691694182239,-49.94354949903466,-1.082721345356624,stop_loss,3
2013-05-08 14:15:00,2013-05-08 14:30:00,short,1455.44,1456.4095895281014,1456.3295895281015,1448.3232837751896,51.684472492975004,-50.112723294629475,-1.089929116151656,stop_loss,1
2013-05-08 14:45:00,2013-05-08 15:00:00,short,1459.57,1460.7025287257607,1460.6225287257607,1451.1497701939134,43.540500324289,-49.310867351251304,-1.076007426725671,stop_loss,1
2013-05-08 15:15:00,2013-05-08 15:30:00,short,1465.3500000000001,1466.6093487482326,1466.5293487482327,1455.9152100141398,38.732982751469,-48.7783333433723,-1.0678340483422069,stop_loss,1
2013-05-09 14:45:00,2013-05-09 15:00:00,long,1469.45,1468.5131230107427,1468.5931230107426,1476.3050159140605,53.13873554089249,-49.78445856649501,-1.0933622923743747,stop_loss,1
2013-05-09 15:15:00,2013-05-09 15:30:00,long,1465.51,1464.4540703510995,1464.5340703510994,1473.3174371912053,46.50335851427024,-49.10427502866623,-1.0819731218229234,stop_loss,1
2013-05-09 15:45:00,2013-05-09 16:15:00,long,1464.02,1462.8733310680398,1462.9533310680397,1472.553351455682,42.40931011209569,-48.62943833140656,-1.0749998407218118,stop_loss,2
2013-05-16 15:45:00,2013-05-16 16:00:00,short,1379.19,1380.9229298008445,1380.8429298008446,1365.9665615932438,27.27932256071025,-47.273151012302606,-1.0483989095961934,stop_loss,1
2013-05-20 14:30:00,2013-05-20 14:45:00,short,1356.96,1358.57384419491,1358.49384419491,1344.6892464407208,29.304792431703678,-47.293369148945025,-1.0521565360193719,stop_loss,1
2013-05-20 15:30:00,2013-05-20 18:30:00,short,1364.63,1366.4712348774162,1366.3912348774163,1350.5401209806703,25.44073264816206,-46.842364258815145,-1.0454226753204494,stop_loss,12
2013-05-22 14:45:00,2013-05-22 15:45:00,short,1395.3,1397.0689175955765,1396.9889175955766,1381.788659235386,26.44686672172259,-46.782327891923465,-1.047367615927178,stop_loss,4
2013-05-23 15:15:00,2013-05-23 18:15:00,short,1393.79,1378.8193834962756,1395.6675770629656,1378.7693834962756,23.71472918410181,355.0241161048689,7.973369934589055,take_profit,12
2013-05-24 15:00:00,2013-05-24 15:15:00,short,1392.03,1393.401350466196,1393.321350466196,1381.6991962704312,35.30513606668365,-48.41571480415854,-1.0619506494124598,stop_loss,1
2013-05-29 14:15:00,2013-05-29 14:45:00,short,1390.88,1392.3456227508868,1392.265622750887,1379.7950179929064,32.798289971298864,-48.069919972115464,-1.0577357725605525,stop_loss,2
2013-05-29 15:15:00,2013-05-29 18:15:00,short,1392.82,1389.05,1394.1707792687441,1382.0137658500466,33.5375646212089,126.43661862195695,2.7909815372758295,time_stop,12
2013-05-31 15:00:00,2013-05-31 15:15:00,long,1406.8799999999999,1405.54787957672,1405.62787957672,1416.896963386238,36.48303790996768,-48.599799903158235,-1.0638916181802804,stop_loss,1
2013-06-04 15:00:00,2013-06-04 15:15:00,long,1397.48,1396.3878080153581,1396.467808015358,1405.5775358771361,44.986878143241924,-49.13430772211008,-1.0790363895523492,stop_loss,1
2013-06-04 16:00:00,2013-06-04 17:45:00,long,1395.75,1394.5410257373658,1394.6210257373657,1404.7817941010746,40.20282485588406,-48.60418053595547,-1.0708607827899095,stop_loss,7
2013-06-06 15:45:00,2013-06-06 16:00:00,long,1401.23,1399.7681287875141,1399.848128787514,1412.2849696998878,32.73976735103232,-47.86132339396,-1.057892515074547,stop_loss,1
2013-06-07 15:45:00,2013-06-07 16:00:00,long,1406.1399999999999,1404.7798747258832,1404.8598747258832,1416.381002192933,35.22980051059178,-47.9169420765427,-1.0624938836983187,stop_loss,1
2013-06-10 14:15:00,2013-06-10 14:45:00,short,1381.81,1382.7475502331424,1382.6675502331425,1374.949598134859,52.42236019775608,-49.14859602528497,-1.0932889956857248,stop_loss,2
2013-06-10 15:45:00,2013-06-10 16:30:00,short,1385.41,1377.5935270451887,1386.3933091193514,1377.5435270451887,45.567930307561454,356.1804948557843,7.94915129025501,take_profit,3
2013-06-11 14:15:00,2013-06-11 14:30:00,short,1373.71,1375.1277250258458,1375.047725025846,1363.0081997932336,34.29397074854831,-48.61942056584116,-1.0598030226348953,stop_loss,1
2013-06-12 15:00:00,2013-06-12 15:15:00,short,1378.17,1378.9038025685047,1378.8238025685048,1372.9395794519617,69.94473079059556,-51.325623107504825,-1.1223610977590557,stop_loss,1
2013-06-14 15:45:00,2013-06-14 17:00:00,short,1388.79,1390.0068214557366,1389.9268214557367,1379.695428354107,40.09078782332142,-48.78333080080255,-1.0703716485963788,stop_loss,5
2013-06-19 14:30:00,2013-06-19 14:45:00,short,1370.27,1371.0191317983674,1370.9391317983675,1364.9169456130594,67.89352694547236,-50.86119993817019,-1.1195579110051315,stop_loss,1
2013-06-19 15:00:00,2013-06-19 16:30:00,short,1372.52,1373.362389152674,1373.282389152674,1366.4208867786074,59.388481622423676,-50.028212712512406,-1.1049332873104527,stop_loss,6
2013-06-24 16:00:00,2013-06-24 19:00:00,short,1289.6000000000001,1281.8,1291.269200428362,1276.2463965731063,27.03512938160083,210.87400917649137,4.672895997070425,time_stop,12
2013-06-25 14:15:00,2013-06-25 14:45:00,short,1285.8300000000002,1287.0984216056972,1287.0184216056973,1276.3226271544238,38.504577292055366,-48.8400377554764,-1.0673161777069824,stop_loss,2
2013-06-27 14:45:00,2013-06-27 15:15:00,short,1235.0,1236.7649449231844,1236.6849449231845,1221.520440614524,27.07100441754538,-47.778831812250004,-1.0474792967408866,stop_loss,2
2013-07-03 14:15:00,2013-07-03 14:30:00,short,1248.52,1249.8862118860172,1249.8062118860173,1238.2303049118605,35.35172972487914,-48.29795334139936,-1.0621981501412199,stop_loss,1
2013-07-03 14:45:00,2013-07-03 15:00:00,short,1255.02,1256.6183408609027,1256.5383408609027,1242.8732731127777,29.851611235990013,-47.713050002264424,-1.0526890911388382,stop_loss,1
2013-07-10 14:15:00,2013-07-10 14:30:00,short,1256.42,1257.562909977094,1257.482909977094,1247.9167201832481,42.507628046644925,-48.5823921971091,-1.0752650758050515,stop_loss,1
2013-07-12 14:15:00,2013-07-12 16:30:00,long,1270.55,1279.2839142575658,1269.4520107178041,1279.3339142575658,41.01682548915494,358.237436939821,7.954462214876205,take_profit,9
2013-07-15 15:00:00,2013-07-15 15:15:00,long,1278.54,1277.354992996836,1277.434992996836,1287.3800560253128,41.728918419139106,-49.449060561136825,-1.0723977312097204,stop_loss,1
2013-07-15 15:30:00,2013-07-15 15:45:00,long,1274.21,1283.559027899377,1273.035121512578,1283.609027899377,39.12098178491166,365.7431501581588,7.957442407418948,take_profit,1
2013-07-16 15:45:00,2013-07-16 18:45:00,long,1289.6699999999998,1288.4454191069758,1288.5254191069757,1298.826647144192,41.11516245222556,-50.348842352574856,-1.0698945793062806,stop_loss,12
2013-07-17 15:30:00,2013-07-17 15:45:00,long,1284.34,1290.9714412702433,1283.5048198412196,1291.0214412702433,56.16582522488001,372.46037137354625,7.94013267739494,take_profit,1
2013-07-24 15:30:00,2013-07-24 15:45:00,long,1335.1399999999999,1333.9826254419554,1334.0626254419553,1343.7589964643564,44.5768498846223,-51.59211193422926,-1.0742545843528448,stop_loss,1
2013-07-26 14:30:00,2013-07-26 15:00:00,long,1327.1499999999999,1326.063124859132,1326.1431248591318,1335.2050011269441,47.544313753133295,-51.67473270790724,-1.0794537443152672,stop_loss,2
2013-07-26 15:15:00,2013-07-26 15:30:00,long,1323.78,1322.628218045012,1322.708218045012,1332.3542556399038,44.520401922677046,-51.27779556334724,-1.074642047878877,stop_loss,1
2013-07-26 15:45:00,2013-07-26 17:00:00,long,1322.05,1331.219434709917,1320.8975706612603,1331.269434709917,41.27136339210248,378.4350720131481,7.956613391971528,take_profit,5
2013-07-29 16:00:00,2013-07-29 19:00:00,long,1329.09,1331.66,1327.761303514436,1339.7195718845123,36.65068416148769,94.19225829502936,1.9342265354974686,time_stop,12
2013-07-30 15:30:00,2013-07-30 16:30:00,long,1322.3899999999999,1321.3428072988588,1321.4228072988587,1330.1275416091282,50.64162700564441,-53.03154217421867,-1.0827136101270618,stop_loss,4
2013-07-31 14:15:00,2013-07-31 14:30:00,long,1331.28,1330.3479515857246,1330.4279515857245,1338.0963873142039,57.29852502426367,-53.40499938918508,-1.0938913783061879,stop_loss,1
2013-07-31 14:45:00,2013-07-31 15:00:00,long,1329.1299999999999,1328.1081317244257,1328.1881317244256,1336.6649462045941,51.6642333657654,-52.794041058338074,-1.0849375672528618,stop_loss,1
2013-07-31 15:15:00,2013-07-31 15:30:00,long,1327.3999999999999,1326.3263227623875,1326.4063227623874,1335.3494179008999,48.81114151557247,-52.40741158714783,-1.080509039526904,stop_loss,1
2013-07-31 15:45:00,2013-07-31 16:30:00,long,1323.1399999999999,1321.8357068716505,1321.9157068716504,1332.9343450267963,39.48833568666739,-51.50436488607466,-1.0653438283262924,stop_loss,3
2013-08-07 16:00:00,2013-08-07 16:15:00,short,1280.07,1281.4093550340986,1281.3293550340986,1269.9951597272102,38.26624234759635,-51.252084324290834,-1.0635245803080324,stop_loss,1
2013-08-08 15:45:00,2013-08-08 16:00:00,short,1292.92,1294.2403000422457,1294.1603000422458,1282.9975996620335,38.73016773952158,-51.135442102671945,-1.0645005218697534,stop_loss,1
2013-08-15 15:15:00,2013-08-15 15:30:00,long,1335.76,1334.6548495853172,1334.734849585317,1343.9612033174637,46.70887478694124,-51.62033234015692,-1.0780373288193732,stop_loss,1
2013-08-20 14:15:00,2013-08-20 17:00:00,long,1363.46,1373.7591502693776,1362.1663562163278,1373.8091502693776,36.894825269981595,379.98534961797066,7.9613494838136605,take_profit,11
2013-08-23 15:00:00,2013-08-23 15:15:00,long,1372.58,1371.6868189435693,1371.7668189435692,1379.0854484514452,60.09574008467056,-53.67637661580774,-1.098379074828759,stop_loss,1
2013-08-30 15:45:00,2013-08-30 16:30:00,long,1393.79,1392.610765350935,1392.690765350935,1402.58387719252,44.31054672505177,-52.25253201719196,-1.0727779096737662,stop_loss,3
2013-09-04 15:30:00,2013-09-04 15:45:00,long,1400.61,1399.4376985677957,1399.5176985677956,1409.3484114576345,44.448289869182304,-52.10679387267081,-1.0732398563631698,stop_loss,1
2013-09-04 16:00:00,2013-09-04 16:30:00,long,1393.99,1392.675234989579,1392.7552349895789,1403.8681200833687,39.19337679079152,-51.53008044478192,-1.0647896557844974,stop_loss,2
2013-09-09 16:00:00,2013-09-09 16:15:00,short,1387.89,1388.8715738874243,1388.7915738874244,1380.6774089006055,53.50645214226714,-52.52053623156459,-1.0887337145804843,stop_loss,1
2013-09-13 15:15:00,2013-09-13 15:30:00,short,1316.6200000000001,1318.2635376017872,1318.1835376017873,1304.111699185702,30.75235184400592,-50.54264659901066,-1.0511660224279127,stop_loss,1
2013-09-18 15:30:00,2013-09-18 18:30:00,short,1303.8,1297.36,1305.0661261551654,1293.6709907586765,37.85628336967058,243.7944649006806,5.086380984806708,time_stop,12
2013-09-19 14:15:00,2013-09-19 15:00:00,short,1368.03,1369.548776041816,1369.468776041816,1356.5197916654718,33.821951778524095,-51.367970048676895,-1.0556028163347446,stop_loss,3
2013-09-20 15:00:00,2013-09-20 15:15:00,long,1353.49,1352.3128115000418,1352.3928115000417,1362.2675079996666,44.21128183360957,-52.045012542936945,-1.0729136333482974,stop_loss,1
2013-09-20 15:30:00,2013-09-20 16:45:00,long,1350.12,1348.7580364464645,1348.8380364464645,1360.3757084282838,37.71712138404887,-51.369344669343754,-1.06240427021447,stop_loss,5
2013-09-27 14:15:00,2013-09-27 14:30:00,short,1333.8,1334.9317292957753,1334.8517292957754,1325.3861656337967,45.827255281577656,-51.864047347137436,-1.0760652007329927,stop_loss,1
2013-09-27 15:00:00,2013-09-27 15:15:00,short,1337.3300000000002,1338.7520496584616,1338.6720496584617,1326.5936027323075,35.79768787218142,-50.90608981234506,-1.0596103128491063,stop_loss,1
2013-09-30 15:15:00,2013-09-30 15:30:00,long,1332.8,1331.861355319205,1331.9413553192048,1339.66915744636,55.77342710466611,-52.35143068150535,-1.0931700874520593,stop_loss,1
2013-09-30 15:45:00,2013-09-30 16:00:00,long,1331.04,1330.033158412988,1330.113158412988,1338.4547326960962,51.50017315793598,-51.85251607372273,-1.0863146422441399,stop_loss,1
2013-10-02 15:30:00,2013-10-02 15:45:00,short,1298.65,1300.1398007959588,1300.0598007959588,1287.3715936323297,33.74728175019606,-50.27672721288366,-1.0567456056410598,stop_loss,1
2013-10-02 16:00:00,2013-10-02 16:30:00,short,1301.81,1303.3820221148828,1303.302022114883,1289.873823080937,31.786468858708684,-49.96903199992616,-1.0536185081989906,stop_loss,2
2013-10-04 14:30:00,2013-10-04 15:00:00,short,1316.47,1310.876202653201,1317.1754746683498,1310.826202653201,67.01333090501855,374.85899261665384,7.929125733010045,take_profit,2
2013-10-07 14:15:00,2013-10-07 14:30:00,short,1314.93,1315.7331046743561,1315.6531046743562,1309.1451626051507,66.93468606903801,-53.75555925860012,-1.1106340518005369,stop_loss,1
2013-10-07 14:45:00,2013-10-07 15:00:00,short,1316.99,1317.8189014794193,1317.7389014794194,1310.9987881646452,64.41370329873892,-53.39261395920059,-1.1068231298754432,stop_loss,1
2013-10-07 15:30:00,2013-10-07 16:30:00,short,1320.19,1321.1827975766341,1321.1027975766342,1312.8876193869264,52.67251040555612,-52.29314068586922,-1.0876426516105788,stop_loss,4
2013-10-10 15:45:00,2013-10-10 16:15:00,short,1306.0900000000001,1296.2071935718059,1307.3316008035245,1296.157193571806,38.59731750764188,381.4498175755785,7.959729407505008,take_profit,2
2013-10-11 15:00:00,2013-10-11 15:30:00,short,1289.92,1279.4198215088334,1291.238772311396,1279.3698215088334,37.206430147266076,390.6741575654198,7.9620859495093335,take_profit,2
2013-10-14 15:15:00,2013-10-14 18:15:00,short,1286.39,1280.97,1287.476975585452,1277.6941953163853,46.21891515245686,250.50652012631954,4.986312546980261,time_stop,12
2013-10-16 14:15:00,2013-10-16 16:30:00,short,1283.5900000000001,1274.7025142744242,1284.707185715697,1274.6525142744242,45.64178650043417,405.64072601239474,7.955244683764971,take_profit,9
2013-10-17 14:15:00,2013-10-17 14:30:00,short,1313.04,1315.2727338879508,1315.192733887951,1295.818128896393,24.251615300627332,-54.14740331925851,-1.037162047965006,stop_loss,1
2013-10-18 14:15:00,2013-10-18 15:00:00,long,1317.53,1316.409238239886,1316.489238239886,1325.8560940809116,50.006479753396896,-56.04535026552044,-1.076866774958336,stop_loss,3
2013-10-22 15:15:00,2013-10-22 15:30:00,long,1312.55,1318.3300575982419,1311.8212428002198,1318.3800575982418,71.18515721025598,411.454308815185,7.931390043193596,take_profit,1
2013-10-25 14:15:00,2013-10-25 15:30:00,long,1336.8999999999999,1343.5752442616401,1336.0593444672947,1343.62524426164,63.178146927787694,421.72956274078086,7.940522606400099,take_profit,5
2013-10-28 15:45:00,2013-10-28 16:00:00,long,1349.06,1355.9893110828143,1348.1875861146482,1356.0393110828143,62.32849839064503,431.89355467347394,7.942687753096036,take_profit,1
2013-10-31 14:15:00,2013-10-31 14:30:00,long,1327.53,1326.411739172235,1326.491739172235,1335.8360866221199,53.62036843187398,-59.961557587690095,-1.0770519294001826,stop_loss,1
2013-10-31 16:00:00,2013-10-31 16:15:00,long,1325.3999999999999,1323.8801078427157,1323.9601078427156,1336.9191372582734,38.53902749567262,-58.57516564003201,-1.0555597164657202,stop_loss,1
2013-11-04 14:45:00,2013-11-04 15:00:00,short,1318.3700000000001,1319.2175688818652,1319.1375688818653,1312.229448945078,72.06691054103922,-61.08167078673881,-1.1042251736489528,stop_loss,1
2013-11-05 14:45:00,2013-11-05 15:00:00,short,1313.69,1314.529142434878,1314.449142434878,1307.616860520977,72.62546578622499,-60.94311019399341,-1.1053820684029976,stop_loss,1
2013-11-13 15:00:00,2013-11-13 15:45:00,short,1278.17,1279.2016668731258,1279.1216668731258,1270.5566650149942,57.7410490501094,-59.56952752452328,-1.0840630290483544,stop_loss,3
2013-11-14 15:45:00,2013-11-14 16:30:00,short,1285.49,1286.682767984256,1286.6027679842562,1276.5878561259499,49.22098388242009,-58.709213728535175,-1.0718927944834828,stop_loss,3
2013-11-15 15:15:00,2013-11-15 15:30:00,short,1284.47,1285.2491073123635,1285.1691073123636,1278.8771415010908,78.09302865418374,-60.842849669088565,-1.1144316453070091,stop_loss,1
2013-11-19 14:15:00,2013-11-19 16:45:00,short,1277.0,1277.9201828512566,1277.8401828512567,1270.278537189946,64.763139055223,-59.593929952165404,-1.0952173683148452,stop_loss,10
2013-11-22 14:15:00,2013-11-22 14:30:00,short,1246.55,1247.4136874203807,1247.3336874203808,1240.2805006369526,69.2037356061438,-59.770395886382246,-1.1020815160731452,stop_loss,1
2013-11-25 16:00:00,2013-11-25 16:15:00,short,1234.8400000000001,1235.9410523861188,1235.861052386119,1226.6715809110497,52.94026691001706,-58.29000720303414,-1.0783505342992488,stop_loss,1
2013-11-29 14:15:00,2013-11-29 14:30:00,short,1247.75,1248.5063738062163,1248.4263738062164,1242.339009550269,79.65996810259709,-60.25271327682948,-1.1182777914589088,stop_loss,1
2013-12-04 14:15:00,2013-12-04 14:30:00,short,1213.93,1214.7380236383779,1214.658023638378,1208.1058108929776,73.76018422759756,-59.59997242699947,-1.1098865418411115,stop_loss,1
2013-12-04 14:45:00,2013-12-04 15:00:00,short,1214.82,1215.6229642596215,1215.5429642596216,1209.0362859230265,74.02905061935284,-59.44268182105887,-1.1106555392403363,stop_loss,1
2013-12-06 15:15:00,2013-12-06 15:30:00,short,1231.8500000000001,1232.8899441918356,1232.8099441918357,1224.1704464653158,55.567844651524894,-57.7874572981708,-1.0833381780736167,stop_loss,1
2013-12-09 15:15:00,2013-12-09 16:15:00,short,1232.64,1233.3828683102556,1233.3028683102557,1227.337053517956,80.21000028445694,-59.58546737690906,-1.120687621903483,stop_loss,4
2013-12-10 14:15:00,2013-12-10 14:30:00,short,1248.01,1248.9092332089429,1248.829233208943,1241.4561343284572,64.68232778356382,-58.16449717470801,-1.0976522913458944,stop_loss,1
2013-12-11 15:00:00,2013-12-11 15:45:00,long,1255.02,1261.1136884204764,1254.2520389474405,1261.1636884204763,68.77356251919099,419.0846615581027,7.934892531551101,take_profit,3
2013-12-13 14:30:00,2013-12-13 15:45:00,short,1232.6200000000001,1233.8334544290656,1233.7534544290656,1223.5523645674764,47.70608333125313,-57.88915811167457,-1.0705806938051168,stop_loss,5
2013-12-13 16:00:00,2013-12-13 17:15:00,short,1234.04,1235.4366891976215,1235.3566891976216,1223.506486419027,40.935251894071286,-57.173824122365495,-1.0607584539650172,stop_loss,5
2013-12-16 14:45:00,2013-12-16 15:00:00,short,1232.96,1233.8331153232516,1233.7531153232517,1226.6150774139867,67.74233320597305,-59.1468691549486,-1.1008680549405356,stop_loss,1
2013-12-16 15:15:00,2013-12-16 15:30:00,short,1235.3700000000001,1236.3578392328038,1236.277839232804,1228.10728613757,58.986260954625514,-58.268942767376586,-1.0881213293160445,stop_loss,1
2013-12-18 16:00:00,2013-12-18 16:15:00,short,1232.92,1233.8064065643305,1233.7264065643305,1226.4687474853554,66.18898880991131,-58.67035416749679,-1.0992055416443045,stop_loss,1
2013-12-20 14:30:00,2013-12-20 16:00:00,short,1197.39,1198.2420475515785,1198.1620475515786,1191.2136195873722,68.90666758989168,-58.711757407392525,-1.1036205604646592,stop_loss,6
2013-12-23 14:30:00,2013-12-23 14:45:00,short,1197.75,1198.744579030084,1198.664579030084,1190.4333677593283,57.975403966031976,-57.66112104526237,-1.087471937764171,stop_loss,1
2013-12-23 15:00:00,2013-12-23 15:15:00,short,1199.99,1201.024101306552,1200.944101306552,1192.3571895475843,55.39255108646601,-57.2815094517615,-1.0838485383580838,stop_loss,1
2013-12-23 15:30:00,2013-12-23 17:30:00,short,1202.68,1203.7657812286086,1203.6857812286087,1194.6337501711314,52.37546629237411,-56.86829813987908,-1.0795401601505312,stop_loss,8
2013-12-26 15:30:00,2013-12-26 15:45:00,short,1208.8,1209.5109693847646,1209.4309693847647,1203.7522449218823,83.2174384525029,-59.16505101826751,-1.1267890359367525,stop_loss,1
2013-12-27 15:30:00,2013-12-27 15:45:00,short,1212.74,1213.5312266167762,1213.4512266167762,1207.0501870657895,73.57733745429123,-58.21634778535648,-1.1124817296103773,stop_loss,1
2013-12-30 16:00:00,2013-12-30 16:15:00,short,1206.54,1207.5204006619804,1207.4404006619804,1199.3367947041554,57.924781653251294,-56.78949427791835,-1.0888493349438044,stop_loss,1
2014-01-02 15:30:00,2014-01-02 15:45:00,short,1221.3500000000001,1222.9799018183812,1222.8999018183813,1208.9507854529506,33.54092668729569,-54.66841739780993,-1.0516161727479523,stop_loss,1
2014-01-02 16:00:00,2014-01-02 16:15:00,short,1223.27,1224.8686653434,1224.7886653434,1211.1206772527992,34.122815955368516,-54.55096328706228,-1.052677833432889,stop_loss,1
2014-01-03 15:30:00,2014-01-03 17:45:00,long,1228.19,1235.7104796250994,1227.2436900468626,1235.7604796250994,54.588335406922226,410.5304641958491,7.947163189149408,take_profit,9
2014-01-07 14:45:00,2014-01-07 15:30:00,long,1236.25,1235.3906028360307,1235.4706028360306,1242.4851773117555,67.85895427692074,-58.31779285551037,-1.1026434322553778,stop_loss,3
2014-01-08 15:45:00,2014-01-08 16:30:00,long,1221.58,1220.383829542773,1220.4638295427728,1230.5093636578167,47.22766383349076,-56.49233624147094,-1.0716736404210796,stop_loss,3
2014-01-14 14:30:00,2014-01-14 16:45:00,long,1247.52,1251.5708709345658,1247.0073911331792,1251.6208709345658,102.5043644913072,415.23195078398163,7.902459744189978,take_profit,9
2014-01-15 14:45:00,2014-01-15 15:00:00,long,1238.1499999999999,1237.4810252103475,1237.5610252103475,1242.86179831722,91.32876809577452,-61.096643426077975,-1.135829243297731,stop_loss,1
2014-01-17 14:15:00,2014-01-17 15:00:00,long,1238.58,1243.315446318416,1237.981819210198,1243.365446318416,89.6168064271857,424.3755760638205,7.916413230160267,take_profit,3
2014-01-24 15:30:00,2014-01-24 16:15:00,long,1266.56,1265.480115730548,1265.560115730548,1274.5590741556157,54.88653082462779,-59.271101242302116,-1.0800092595153787,stop_loss,3
2014-01-27 14:15:00,2014-01-27 15:15:00,long,1263.05,1262.041516968696,1262.121516968696,1270.4778642504327,58.91584835511785,-59.415633341014114,-1.0861620485272288,stop_loss,4
2014-01-27 15:30:00,2014-01-27 16:30:00,long,1260.37,1259.242037729551,1259.3220377295509,1268.7536981635924,52.028703809368324,-58.68641487733161,-1.0763386261660437,stop_loss,4
2014-01-30 15:15:00,2014-01-30 15:30:00,long,1252.23,1251.3242934357158,1251.4042934357158,1258.8356525142733,65.82006451052607,-59.61366448879122,-1.096886719157034,stop_loss,1
2014-01-30 15:45:00,2014-01-30 16:00:00,long,1242.78,1241.4982683195713,1241.5782683195712,1252.3938534434294,45.075967636269105,-57.775295745385804,-1.066570600827784,stop_loss,1
2014-01-31 14:30:00,2014-01-31 15:00:00,short,1248.5800000000002,1249.4404322879182,1249.3604322879182,1242.3365416966562,69.18715855707856,-59.53086513181266,-1.1025072914568153,stop_loss,2
2014-01-31 15:15:00,2014-01-31 15:30:00,short,1249.5800000000002,1250.4279317553046,1250.3479317553047,1243.4365459575633,70.08083658490615,-59.42376677864336,-1.1041759237683872,stop_loss,1
2014-01-31 15:45:00,2014-01-31 17:15:00,short,1252.77,1245.8110013613682,1253.646124829829,1245.7610013613682,61.22304348113207,426.05107623809255,7.942930506820653,take_profit,6
2014-02-03 14:30:00,2014-02-03 16:00:00,short,1248.1100000000001,1248.9010305981187,1248.8210305981188,1242.4217552150506,77.23603164975023,-61.09606431220871,-1.1125127388492155,stop_loss,6
2014-02-04 15:30:00,2014-02-04 15:45:00,long,1249.5,1248.5257288067737,1248.6057288067736,1256.6541695458109,61.20502818594467,-59.630295842168806,-1.0894583215985103,stop_loss,1
2014-02-06 15:15:00,2014-02-06 15:30:00,long,1260.73,1259.9336713441246,1260.0136713441245,1266.4606292470048,76.15917952227511,-60.64773706154765,-1.1116805803366228,stop_loss,1
2014-02-07 15:30:00,2014-02-07 15:45:00,long,1258.33,1264.3737247575261,1257.5682844053092,1264.423724757526,71.3823635324995,431.415357732103,7.934358702450091,take_profit,1
2014-02-13 14:45:00,2014-02-13 16:30:00,long,1290.62,1295.899730660693,1289.9537836674133,1295.949730660693,83.55740146095373,441.1605744212378,7.924949303170637,take_profit,7
2014-02-19 14:15:00,2014-02-19 14:30:00,long,1317.1399999999999,1316.382135210368,1316.462135210368,1322.562918317055,84.07397486450186,-63.716705274200585,-1.1180176359998943,stop_loss,1
2014-02-20 14:45:00,2014-02-20 15:00:00,long,1310.8899999999999,1310.1593771675934,1310.2393771675934,1316.0949826592512,87.30040561155182,-63.78366961814175,-1.1229591032088844,stop_loss,1
2014-02-26 14:15:00,2014-02-26 14:30:00,long,1337.54,1336.813918661048,1336.893918661048,1342.7086507116155,87.61789382773067,-63.61771766658161,-1.1238234184718925,stop_loss,1
2014-02-26 14:45:00,2014-02-26 15:00:00,long,1335.3899999999999,1334.6402155801893,1334.7202155801892,1340.7482753584845,84.23222657720233,-63.15601113353985,-1.1194414167211364,stop_loss,1
2014-02-26 15:15:00,2014-02-26 17:00:00,long,1331.61,1330.7434001686327,1330.8234001686326,1337.9027986509384,71.48229980704495,-61.94654895852757,-1.1017035560011077,stop_loss,7
2014-02-27 14:45:00,2014-02-27 17:45:00,long,1330.28,1332.8400000000001,1329.4179231314808,1337.1766149481523,65.0082694172768,166.42116970823983,2.969572776494674,time_stop,12
2014-02-28 14:30:00,2014-02-28 16:45:00,long,1328.12,1327.3118915314697,1327.3918915314696,1333.9448677482417,77.6551726562767,-62.75380264871481,-1.10987373922653,stop_loss,9
2014-03-04 14:15:00,2014-03-04 15:15:00,long,1332.97,1331.9154379664283,1331.9954379664282,1340.7664962685753,57.82405376673105,-60.97905172960644,-1.0820881557500475,stop_loss,4
2014-03-04 15:30:00,2014-03-04 16:30:00,long,1332.6,1331.5609541111385,1331.6409541111384,1340.2723671108915,58.56882441752954,-60.85569622648145,-1.0834162378766836,stop_loss,4
2014-03-06 14:15:00,2014-03-06 16:00:00,long,1333.7,1338.7325798325448,1333.064677520932,1338.7825798325448,88.12473197317901,443.4947488766364,7.92129980970826,take_profit,7
2014-03-10 15:30:00,2014-03-10 16:30:00,long,1337.01,1343.543273855927,1336.187090768009,1343.593273855927,69.65301299677883,455.0622087984031,7.93923995738942,take_profit,4
2014-03-13 14:15:00,2014-03-13 14:30:00,long,1367.33,1366.3916538250728,1366.4716538250727,1374.1967693994166,68.36786342341045,-64.1527231312969,-1.0932024890851446,stop_loss,1
2014-03-17 15:45:00,2014-03-17 18:00:00,long,1376.26,1375.2181187576484,1375.2981187576484,1383.9550499388124,60.80879147308758,-63.35553920587772,-1.083170350431557,stop_loss,9
2014-03-18 14:15:00,2014-03-18 14:30:00,long,1357.45,1356.4569755175664,1356.5369755175664,1364.7541958594697,63.85455197763776,-63.409133428623875,-1.087620870567113,stop_loss,1
2014-03-18 14:45:00,2014-03-18 15:00:00,long,1352.28,1351.1487952166772,1351.228795216677,1360.6896382665834,55.27994430014233,-62.532937414139,-1.0761031544653423,stop_loss,1
2014-03-19 15:00:00,2014-03-19 16:00:00,long,1343.53,1342.489955900616,1342.569955900616,1351.2103527950721,60.33362748133315,-62.749633256391476,-1.083329505437567,stop_loss,4
2014-03-25 16:00:00,2014-03-25 19:00:00,short,1314.97,1311.27,1316.0375935380946,1306.4292516952426,54.07928401399311,200.09335085177696,3.4657384744045627,time_stop,12
2014-04-02 15:00:00,2014-04-02 15:30:00,short,1291.17,1291.920886759839,1291.8408867598391,1285.8029059212872,86.95204273321822,-65.2911376293265,-1.1192451614623007,stop_loss,2
2014-04-03 16:00:00,2014-04-03 16:30:00,short,1284.88,1285.8129210083569,1285.732921008357,1278.056631933146,68.16469547372802,-63.59227643568067,-1.0937953212737135,stop_loss,2
2014-04-04 14:45:00,2014-04-04 15:00:00,short,1293.22,1293.9464381299554,1293.8664381299554,1288.0484949603567,89.64249056978926,-65.11972321405696,-1.1237550761515955,stop_loss,1
2014-04-09 14:15:00,2014-04-09 14:30:00,long,1305.6699999999998,1304.9773532112217,1305.0573532112217,1310.5711743102258,94.26796297098929,-65.29440183651046,-1.130580950500813,stop_loss,1
2014-04-11 16:00:00,2014-04-11 17:30:00,long,1317.6299999999999,1316.6569496679258,1316.7369496679257,1324.7744026565922,64.44998621706962,-62.71308049068953,-1.0895806172694917,stop_loss,6
2014-04-14 14:15:00,2014-04-14 14:30:00,long,1322.55,1321.852864612816,1321.9328646128158,1327.4870830974737,92.96005956427095,-64.8057471169915,-1.1296311986984757,stop_loss,1
2014-04-17 14:30:00,2014-04-17 14:45:00,short,1301.29,1302.0243770628617,1301.9443770628618,1296.0549834971048,87.37244679766067,-64.1643208543121,-1.122253673822332,stop_loss,1
2014-04-17 15:00:00,2014-04-17 18:00:00,short,1303.14,1298.76,1303.8374730797127,1297.5602153622997,81.69782290582731,357.83646432753255,6.279812264302551,time_stop,12
2014-04-21 15:45:00,2014-04-21 16:00:00,short,1287.64,1288.6453580675777,1288.5653580675778,1280.2371354593788,62.73846154807646,-63.07461846476681,-1.0864530205149054,stop_loss,1
2014-04-23 15:00:00,2014-04-23 17:15:00,short,1288.2,1283.2944682265095,1288.8194414716863,1283.2444682265095,93.4169252956268,458.2596952194918,7.919282123840346,take_profit,9
2014-04-25 14:15:00,2014-04-25 14:30:00,short,1300.51,1301.3480676608933,1301.2680676608934,1294.445458712853,78.14750559517634,-65.49289721879785,-1.1055314771054143,stop_loss,1
2014-04-25 14:45:00,2014-04-25 15:15:00,short,1300.98,1301.8109358912805,1301.7309358912805,1294.9725128697557,78.62804104202476,-65.3348613628893,-1.106533728017062,stop_loss,2
2014-04-28 14:15:00,2014-04-28 16:30:00,long,1299.69,1299.1120141172007,1299.1920141172006,1303.673887062396,118.17325656829611,-68.30247402089945,-1.160647124272298,stop_loss,9
2014-05-02 14:15:00,2014-05-02 14:30:00,short,1286.79,1287.3835567642416,1287.3035567642416,1282.6815458860658,114.1912835282672,-67.77900875563473,-1.1557763534047785,stop_loss,1
2014-05-07 14:30:00,2014-05-07 14:45:00,long,1310.3,1309.7185588395012,1309.798558839501,1314.3115292839914,116.54481851664102,-67.76395452843757,-1.1595401540638135,stop_loss,1
2014-05-07 15:00:00,2014-05-07 15:15:00,long,1308.56,1307.9543441014066,1308.0343441014065,1312.7652471887477,110.78935352835244,-67.10022546578959,-1.1521908157294474,stop_loss,1
2014-05-07 15:30:00,2014-05-07 16:30:00,long,1302.55,1301.7120109853965,1301.7920109853965,1308.6139121168283,76.56545858714287,-64.16101319409795,-1.1055424266824987,stop_loss,4
2014-05-08 14:30:00,2014-05-08 14:45:00,short,1293.3600000000001,1294.0202276918656,1293.9402276918656,1288.7181784650757,99.69068053538875,-65.81854791037364,-1.1378769078440871,stop_loss,1
2014-05-09 14:15:00,2014-05-09 14:30:00,short,1291.3600000000001,1292.025963982255,1291.945963982255,1286.6722881419612,98.37778356611858,-65.516060509101,-1.136527162799435,stop_loss,1
2014-05-09 14:45:00,2014-05-09 17:45:00,short,1293.49,1288.5988606938338,1294.1076424132707,1288.5488606938338,93.01383520291657,454.9436253782528,7.9190470101713055,take_profit,12
2014-05-12 15:00:00,2014-05-12 15:15:00,short,1296.39,1297.2057767430965,1297.1257767430966,1290.503786055229,79.93473709281525,-65.20889948584554,-1.1087286337201279,stop_loss,1
2014-05-15 15:15:00,2014-05-15 15:30:00,long,1303.3999999999999,1302.7053210014235,1302.7853210014234,1308.3174319886107,95.36439988307035,-66.24764581060727,-1.1301492326648588,stop_loss,1
2014-05-16 14:30:00,2014-05-16 15:30:00,long,1293.31,1292.707675848961,1292.7876758489608,1297.4885932083123,111.84577769631095,-67.3674130982335,-1.1531615948463663,stop_loss,4
2014-05-16 15:45:00,2014-05-16 17:30:00,long,1288.1299999999999,1294.2934768401817,1287.3533153949772,1294.3434768401817,74.95661464996492,461.9933584134928,7.935623804468462,take_profit,7
2014-05-19 14:15:00,2014-05-19 15:15:00,short,1302.23,1302.8915369714541,1302.8115369714542,1297.5777042283673,102.4932749665767,-67.80309071580122,-1.1375664900545912,stop_loss,4
2014-05-22 14:30:00,2014-05-22 15:15:00,short,1298.22,1298.8136936201442,1298.7336936201443,1294.1104510388461,115.63355493815514,-68.65090384137913,-1.1557348521818422,stop_loss,3
2014-05-22 15:30:00,2014-05-22 18:00:00,short,1301.44,1295.891854751158,1302.1397681561052,1295.841854751158,84.59125528700817,469.3245711141991,7.928547763194074,take_profit,10
2014-05-28 14:15:00,2014-05-28 14:30:00,short,1266.17,1266.802483051384,1266.722483051384,1261.7501355889294,109.69067792460602,-69.3774946821141,-1.1448008220334347,stop_loss,1
2014-05-30 15:00:00,2014-05-30 15:30:00,short,1254.29,1254.930438938332,1254.850438938332,1249.8064884933442,107.76215539885871,-69.01508039600812,-1.1427452564913183,stop_loss,2
2014-06-04 14:45:00,2014-06-04 15:00:00,short,1245.56,1246.0060642383114,1245.9260642383115,1242.631486093507,164.41666905385415,-73.3403962472156,-1.2185408778768594,stop_loss,1
2014-06-04 15:30:00,2014-06-04 17:30:00,short,1248.75,1245.0704427651,1249.2161946543624,1245.0204427651001,128.6309076542059,473.30478689077466,7.892748662963799,take_profit,8
2014-06-05 14:30:00,2014-06-05 14:45:00,short,1246.01,1246.5301156620485,1246.4501156620486,1242.489074703612,139.47914420749134,-72.54528743143906,-1.1817704001433518,stop_loss,1
2014-06-06 15:30:00,2014-06-06 15:45:00,short,1255.82,1256.4448398363104,1256.3648398363105,1251.4612813095157,112.27027826521173,-70.15094229376436,-1.146832141610019,stop_loss,1
2014-06-10 14:15:00,2014-06-10 14:30:00,short,1253.98,1254.4292285057202,1254.3492285057202,1251.0261719542386,165.09794412207108,-74.16670273542798,-1.2166679949151717,stop_loss,1
2014-06-10 14:45:00,2014-06-10 15:00:00,short,1255.01,1255.4700235585035,1255.3900235585036,1251.9698115319711,159.82263661923932,-73.52217802699553,-1.2105132647958545,stop_loss,1
2014-06-13 14:30:00,2014-06-13 14:45:00,long,1272.54,1271.8963683047443,1271.9763683047443,1277.0490535620463,107.36763221935604,-69.10521114092771,-1.141936659476953,stop_loss,1
2014-06-17 14:30:00,2014-06-17 15:30:00,long,1264.22,1263.5980468779999,1263.6780468779998,1268.555624976001,111.27989208251017,-69.21087629655698,-1.1476142432848544,stop_loss,4
2014-06-17 15:45:00,2014-06-17 16:30:00,long,1261.9099999999999,1267.766615331808,1261.171673083524,1267.816615331808,81.40141035077173,476.7367478911358,7.932279321147197,take_profit,3
2014-06-20 14:15:00,2014-06-20 17:15:00,long,1309.45,1315.6594254796764,1308.6675718150404,1315.7094254796764,78.64116314767618,488.3164422005679,7.936096371575635,take_profit,12
2014-06-26 15:00:00,2014-06-26 15:15:00,long,1307.1299999999999,1312.7175944615017,1306.4253006923122,1312.7675944615016,89.39417306661161,499.4983863175319,7.929047752064153,take_profit,1
2014-07-02 15:30:00,2014-07-02 16:30:00,long,1322.35,1328.1588436156076,1321.617644548049,1328.2088436156075,88.06448679871264,511.55283190246666,7.931727141694675,take_profit,4
2014-07-03 14:15:00,2014-07-03 14:30:00,long,1318.9199999999998,1318.1724824880455,1318.2524824880454,1324.260140095636,98.917503051991,-73.94256577016178,-1.1198470430621283,stop_loss,1
2014-07-03 14:45:00,2014-07-03 15:00:00,long,1318.45,1317.726018063672,1317.806018063672,1323.6018554906252,102.18817348188254,-73.98239170724237,-1.1242270869522693,stop_loss,1
2014-07-14 14:15:00,2014-07-14 14:30:00,long,1318.78,1317.914989983492,1317.994989983492,1325.0600801320652,83.54720229598936,-72.26916683725054,-1.1019095276717465,stop_loss,1
2014-07-15 15:00:00,2014-07-15 17:00:00,short,1311.25,1311.9609978701128,1311.8809978701129,1306.2020170390974,103.59556862113024,-73.6562286427486,-1.126783312256848,stop_loss,8
2014-07-16 15:45:00,2014-07-16 16:30:00,short,1299.51,1300.210708316563,1300.130708316563,1294.544333467496,104.95688994128135,-73.54416566243236,-1.1288850138868916,stop_loss,3
2014-07-21 14:45:00,2014-07-21 15:00:00,short,1316.3700000000001,1316.9931234750763,1316.9131234750764,1312.0250121993902,119.54368564354368,-74.490476821625,-1.147296155793466,stop_loss,1
2014-07-30 14:30:00,2014-07-30 15:30:00,short,1299.21,1295.9917746871356,1299.618528164108,1295.9417746871356,158.38200698098473,509.70898396847645,7.877609417434176,take_profit,4
2014-08-06 15:15:00,2014-08-06 15:30:00,short,1293.5,1294.2523670603814,1294.1723670603815,1288.1210635169473,98.5066660672117,-74.11317077696052,-1.11898262826043,stop_loss,1
2014-08-08 14:30:00,2014-08-08 14:45:00,long,1315.1,1314.281697064207,1314.361697064207,1321.0064234863428,89.40814776574629,-73.16294980051308,-1.1083566055632794,stop_loss,1
2014-08-08 15:15:00,2014-08-08 15:30:00,long,1313.0,1312.1402982689735,1312.2202982689735,1319.2376138482125,84.3794575692937,-72.5411657353957,-1.1026033376822204,stop_loss,1
2014-08-11 16:00:00,2014-08-11 16:15:00,long,1308.5,1307.8725412660833,1307.9525412660832,1312.879669871334,119.7774034282243,-75.15537790690136,-1.146129735528325,stop_loss,1
2014-08-13 15:15:00,2014-08-13 15:30:00,long,1305.09,1309.908786207462,1304.4814017240672,1309.958786207462,107.37414495428328,517.4130487437423,7.917843999930295,take_profit,1
2014-08-14 14:15:00,2014-08-14 14:30:00,long,1310.74,1309.887764353834,1309.967764353834,1316.9178851693293,86.63153401076278,-73.83048136601738,-1.1035953214502598,stop_loss,1
2014-08-14 14:45:00,2014-08-14 15:30:00,long,1309.58,1315.4872581306972,1308.8353427336629,1315.5372581306972,89.5424918487029,528.9506130161469,7.932855016314794,take_profit,3
2014-08-15 14:45:00,2014-08-15 15:00:00,long,1311.1499999999999,1310.596179151501,1310.676179151501,1314.9405667879912,144.07411420662518,-79.79124817663258,-1.1688401855962443,stop_loss,1
2014-08-15 15:15:00,2014-08-15 15:30:00,long,1306.22,1305.4971391663455,1305.5771391663454,1311.3628866692375,105.81752960257816,-76.49134766378172,-1.124443729982951,stop_loss,1
2014-08-19 14:30:00,2014-08-19 15:30:00,short,1301.88,1298.721919772677,1302.2810100284155,1298.671919772677,169.06427881739916,533.9185560798722,7.87531483888936,take_profit,4
2014-08-20 14:15:00,2014-08-20 14:30:00,short,1295.48,1296.1816327362658,1296.1016327362659,1290.5069381098733,111.63862980850753,-78.32931730550392,-1.128693351126405,stop_loss,1
2014-08-27 15:00:00,2014-08-27 15:15:00,short,1286.22,1286.7446679503732,1286.6646679503733,1282.6626563970133,155.5390688959127,-81.60636448057662,-1.1799095255971772,stop_loss,1
2014-08-29 14:45:00,2014-08-29 15:15:00,short,1285.93,1286.5224301885644,1286.4424301885645,1281.8305584914842,134.49328594115914,-79.67788275075615,-1.1561188270816993,stop_loss,2
2014-09-05 15:45:00,2014-09-05 18:45:00,short,1268.74,1266.6299999999999,1269.6905912331497,1261.1352701348026,72.24912647222644,152.44565685640697,2.219671217678784,time_stop,12
2014-09-11 15:00:00,2014-09-11 15:15:00,short,1242.8300000000002,1243.6952770311832,1243.6152770311833,1236.5477837505357,88.04118859000296,-76.18001828498397,-1.1018748757739643,stop_loss,1
2014-09-15 14:45:00,2014-09-15 15:30:00,short,1237.91,1233.977451038373,1238.4078186202034,1233.927451038373,138.42026060573204,544.3444521132327,7.899561812333772,take_profit,3
2014-09-19 14:30:00,2014-09-19 14:45:00,short,1222.27,1223.063778234153,1222.983778234153,1216.5597741267754,98.82791758559661,-78.44744990611544,-1.1120796294592086,stop_loss,1
2014-09-19 16:00:00,2014-09-19 17:00:00,short,1224.44,1218.21054347613,1225.2249320654837,1218.16054347613,89.56937452445239,557.9685244703154,7.936300219856305,take_profit,4
2014-09-22 15:30:00,2014-09-22 18:30:00,short,1215.8400000000001,1215.53,1216.5561809435972,1210.110552451224,100.50501952963164,31.156556054203175,0.43285150599400435,time_stop,12
2014-09-25 15:45:00,2014-09-25 16:45:00,short,1212.4,1213.2730638589537,1213.1930638589538,1206.055489128371,90.87950305315543,-79.34360963537593,-1.1008746005718533,stop_loss,4
2014-09-29 14:30:00,2014-09-29 15:30:00,short,1222.56,1218.0633813306767,1223.1283273336653,1218.0133813306768,126.3976133242273,568.361867831615,7.912022531668048,take_profit,4
2014-10-01 14:30:00,2014-10-01 14:45:00,short,1209.55,1210.2913108766181,1210.2113108766182,1204.2595129870547,111.20383282032644,-82.43661079133686,-1.120971849743383,stop_loss,1
2014-10-01 15:30:00,2014-10-01 15:45:00,short,1211.67,1212.5904925017464,1212.5104925017465,1204.9460599860286,87.20243688200794,-80.26918928389911,-1.095182288757719,stop_loss,1
2014-10-01 16:00:00,2014-10-01 16:30:00,short,1213.52,1214.5400420040569,1214.460042004057,1205.999663967545,77.71161974701009,-79.26911634524826,-1.0851025801556398,stop_loss,2
2014-10-03 14:30:00,2014-10-03 15:15:00,short,1207.68,1208.3683463280013,1208.2883463280014,1202.81322937599,119.69231351438857,-82.38976449759976,-1.1315040402442564,stop_loss,3
2014-10-06 15:15:00,2014-10-06 16:00:00,short,1197.3400000000001,1198.1670396923573,1198.0870396923574,1191.3636824611424,97.13969801789544,-80.33838596438915,-1.107089356587588,stop_loss,3
2014-10-07 15:30:00,2014-10-07 16:00:00,short,1206.29,1207.252907651059,1207.1729076510592,1199.2267387915258,81.91818802147948,-78.87965000678382,-1.0906097029558555,stop_loss,2
2014-10-10 16:00:00,2014-10-10 16:30:00,long,1221.3,1220.4556471297929,1220.5356471297928,1227.4148229616578,94.31449638635011,-79.6347157259522,-1.1046637006520867,stop_loss,2
2014-10-16 15:15:00,2014-10-16 15:30:00,long,1238.57,1237.5471586332603,1237.6271586332603,1246.1127309339179,76.20651193565087,-77.94717282271974,-1.0848499045778661,stop_loss,1
2014-10-17 14:15:00,2014-10-17 14:45:00,long,1235.7,1240.0729858416205,1235.1471267697975,1240.1229858416204,129.53568094293738,566.4576987481288,7.90956335509062,take_profit,2
2014-10-22 16:00:00,2014-10-22 19:00:00,long,1242.26,1243.25,1241.441776561906,1248.8057875047516,89.6041106038609,88.7080694978231,1.2099384519051504,time_stop,12
2014-10-23 14:30:00,2014-10-23 14:45:00,long,1237.04,1236.3564781625817,1236.4364781625816,1241.868174699348,121.92153306150028,-83.33603029905407,-1.132555269817798,stop_loss,1
2014-11-11 14:15:00,2014-11-11 15:15:00,short,1156.15,1157.1538490390653,1157.0738490390654,1148.7592076874776,79.3769289812089,-79.68245388173669,-1.0865942341411812,stop_loss,4
2014-11-12 15:15:00,2014-11-12 15:30:00,short,1166.47,1167.3187708062171,1167.2387708062172,1160.3198335502623,95.07807998233632,-80.69949860018052,-1.1040622242064286,stop_loss,1
2014-11-13 15:45:00,2014-11-13 16:00:00,short,1163.49,1164.5743303933446,1164.4943303933446,1155.4553568532428,72.53703979144889,-78.65411688911063,-1.0796550622485013,stop_loss,1
2014-11-17 15:00:00,2014-11-17 15:15:00,long,1187.84,1186.7845802207685,1186.8645802207684,1195.6433582338525,74.44506755065245,-78.57079675917944,-1.0820159706654249,stop_loss,1
2014-11-17 15:30:00,2014-11-17 15:45:00,long,1187.07,1185.9887196801524,1186.0687196801523,1195.080242558781,72.28692857547517,-78.16243325088787,-1.0798977053819458,stop_loss,1
2014-11-17 16:00:00,2014-11-17 16:30:00,long,1185.9099999999999,1184.7961154384986,1184.8761154384986,1194.18107649201,69.78050969282516,-77.7274324405234,-1.0773780777650466,stop_loss,2
2014-11-18 14:15:00,2014-11-18 14:30:00,long,1200.05,1199.0022833178753,1199.0822833178752,1207.7917334569988,74.3108088308318,-77.85667407424204,-1.082668823920938,stop_loss,1
2014-11-18 15:15:00,2014-11-18 15:30:00,long,1196.85,1195.8060915723092,1195.8860915723092,1204.561267421526,74.36208387271763,-77.62720605537017,-1.0829954357714096,stop_loss,1
2014-11-19 14:15:00,2014-11-19 14:30:00,long,1198.53,1197.6138083854864,1197.6938083854864,1205.2195329161082,85.44137071854033,-78.28066738486906,-1.0956718515366375,stop_loss,1
2014-11-20 15:15:00,2014-11-20 18:15:00,long,1188.19,1189.46,1186.8660062149934,1198.7819502800542,53.78462990661114,68.30647998139517,0.9592190041840537,time_stop,12
2014-11-25 14:45:00,2014-11-25 15:00:00,long,1199.06,1198.2653168086565,1198.3453168086564,1204.7774655307483,99.92600361977168,-79.40951545475609,-1.1119377102594754,stop_loss,1
2014-11-25 15:15:00,2014-11-25 15:30:00,long,1197.25,1196.3238956156274,1196.4038956156273,1204.0188350749818,84.12343433439467,-77.90708136556282,-1.0945509815071368,stop_loss,1
2014-11-27 15:30:00,2014-11-27 16:45:00,long,1194.97,1194.2340658001497,1194.3140658001496,1200.2174735988026,108.15640561339394,-79.59599782378432,-1.1219634530691778,stop_loss,5
2014-12-01 15:15:00,2014-12-01 15:30:00,short,1177.95,1179.8708011955139,1179.790801195514,1163.2235904358888,38.409741124440316,-73.77747667120175,-1.043459337268408,stop_loss,1
2014-12-02 14:45:00,2014-12-02 15:30:00,long,1193.23,1202.4397490899048,1192.072531363762,1202.4897490899048,60.89440589968663,560.8221993149318,7.956802285233397,take_profit,3
2014-12-05 14:15:00,2014-12-05 15:00:00,long,1199.5,1205.1273964629122,1198.790325442136,1205.1773964629122,101.68862720172511,572.2422210333854,7.929545170464867,take_profit,3
2014-12-10 14:15:00,2014-12-10 15:00:00,long,1225.8899999999999,1233.7717493998512,1224.8985313250184,1233.8217493998511,74.5182980326274,587.3345507966004,7.949569763259422,take_profit,3
2014-12-11 16:00:00,2014-12-11 16:15:00,long,1216.99,1215.8097887037293,1215.8897887037292,1225.791690370167,68.75457661730074,-81.14492799404952,-1.072713305408779,stop_loss,1
2014-12-12 14:30:00,2014-12-12 16:00:00,long,1221.6599999999999,1220.5934895613748,1220.6734895613747,1229.5520835090017,76.43216344043088,-81.51570015591723,-1.0810939214301876,stop_loss,6
2014-12-15 15:00:00,2014-12-15 15:15:00,long,1207.9099999999999,1207.0068479562271,1207.086847956227,1214.4952163501828,91.30339959523513,-82.46085194783274,-1.0971873915701655,stop_loss,1
2014-12-19 15:30:00,2014-12-19 15:45:00,short,1197.27,1198.2188342102552,1198.1388342102553,1190.3193263179573,86.21805695515602,-81.80664198078328,-1.0920774056265838,stop_loss,1
2014-12-19 16:00:00,2014-12-19 17:30:00,short,1197.95,1198.9275152119037,1198.8475152119038,1190.7698783047695,83.18942844440917,-81.31893177398139,-1.089134979484345,stop_loss,6
2014-12-24 15:15:00,2014-12-24 15:30:00,short,1178.77,1175.0991260190688,1179.2351092476163,1175.0491260190688,160.00503340778428,587.3583139546658,7.892498374832798,take_profit,1
2014-12-29 15:30:00,2014-12-29 16:45:00,short,1194.49,1189.1473275128972,1195.164084060888,1189.0973275128972,113.0154235432097,603.8043939825817,7.925825274766512,take_profit,5
2015-01-05 15:30:00,2015-01-05 15:45:00,short,1194.73,1196.0847373778597,1196.0047373778598,1184.5321009771224,61.183825140416204,-82.88801483815335,-1.062758024820959,stop_loss,1
2015-01-07 15:30:00,2015-01-07 18:30:00,long,1210.31,1212.8600000000001,1209.4033882063407,1217.5628943492736,85.75295989545283,218.67004773342032,2.812670227581965,time_stop,12
2015-01-22 14:30:00,2015-01-22 15:00:00,long,1282.79,1291.0530151256967,1281.7508731092878,1291.1030151256966,75.44858633374236,623.4328100881472,7.95188268107818,take_profit,2
2015-01-28 16:00:00,2015-01-28 16:15:00,long,1286.69,1285.6773719442456,1285.7573719442455,1294.1510244460364,86.06963179006127,-87.15652389907338,-1.0857791050851486,stop_loss,1
2015-02-03 14:15:00,2015-02-03 14:30:00,long,1279.1599999999999,1278.2178331055932,1278.297833105593,1286.0573351552543,92.80045928837353,-87.43352052724065,-1.092789459348209,stop_loss,1
2015-02-03 14:45:00,2015-02-03 15:00:00,long,1275.3899999999999,1274.3448152798226,1274.4248152798225,1283.1114777614182,82.62375227815492,-86.3570834048422,-1.0828856884361218,stop_loss,1
2015-02-03 15:15:00,2015-02-03 15:30:00,long,1271.53,1270.1992539912758,1270.2792539912757,1281.5359680697943,63.552560965961106,-84.57231684965353,-1.0639618271350917,stop_loss,1
2015-02-05 15:15:00,2015-02-05 18:15:00,short,1264.8300000000002,1258.61,1265.928250134671,1256.0439989226334,72.14603715534541,448.74835110626685,5.663554962243586,time_stop,12
2015-02-11 14:15:00,2015-02-11 14:30:00,short,1235.67,1236.4000302754416,1236.3200302754417,1230.469757796467,123.96444153375108,-90.4977953978422,-1.1230711907158113,stop_loss,1
2015-02-12 15:15:00,2015-02-12 15:30:00,short,1224.23,1225.1896509830556,1225.1096509830556,1217.1927921355548,91.29660312546838,-87.61287493898843,-1.0909451606841079,stop_loss,1
2015-02-13 15:15:00,2015-02-13 15:30:00,short,1226.94,1227.6238710015368,1227.543871001537,1222.1090319877057,132.5553104229606,-90.65073289796781,-1.1324786250645056,stop_loss,1
2015-02-13 15:45:00,2015-02-13 16:00:00,short,1228.32,1229.1569857105087,1229.0769857105088,1222.2641143159299,105.38422952769172,-88.20509422765439,-1.105682311950316,stop_loss,1
2015-02-18 14:45:00,2015-02-18 15:45:00,short,1207.64,1208.4358739677716,1208.3558739677717,1201.9130082578279,111.06667397093139,-88.39507450043018,-1.1117515143747383,stop_loss,4
2015-02-19 14:15:00,2015-02-19 14:30:00,short,1219.0,1219.8734631153004,1219.7934631153005,1212.6522950775968,99.87175689855816,-87.23429591113984,-1.1008238422899232,stop_loss,1
2015-02-20 14:15:00,2015-02-20 14:30:00,short,1206.75,1207.5694097405449,1207.489409740545,1200.83472207564,106.81878820438435,-87.52835552787201,-1.1081944091525862,stop_loss,1
2015-02-20 14:45:00,2015-02-20 15:00:00,short,1210.81,1211.9251032966943,1211.8451032966943,1202.5291736264446,76.05063925150212,-84.80431854506007,-1.0772869724745424,stop_loss,1
2015-02-23 14:15:00,2015-02-23 14:30:00,short,1195.5,1196.3053183656057,1196.2253183656057,1189.697453075154,108.1812596648922,-87.12035522249376,-1.1102963936851589,stop_loss,1
2015-02-23 15:00:00,2015-02-23 15:15:00,short,1196.5900000000001,1197.4466032978266,1197.3666032978267,1190.3771736173885,100.70069700001126,-86.26054914363635,-1.1030126967318041,stop_loss,1
2015-02-23 15:30:00,2015-02-23 16:45:00,short,1201.41,1202.4438314149627,1202.3638314149628,1193.779348680299,81.7185411525387,-84.48319502840901,-1.083872263740713,stop_loss,5
2015-02-24 14:45:00,2015-02-24 15:00:00,short,1200.38,1201.1126214696747,1201.0326214696747,1195.1590282426037,119.04643926265972,-87.21597729213075,-1.1225825439665875,stop_loss,1
2015-02-25 15:15:00,2015-02-25 16:00:00,short,1210.82,1205.2405474962038,1211.5236815629744,1205.1905474962039,110.03644019313522,613.9430917444002,7.9289451328124185,take_profit,3
2015-02-27 14:30:00,2015-02-27 14:45:00,short,1208.95,1209.6292928540213,1209.5492928540214,1204.155657167829,132.27663731105338,-89.85457447935809,-1.1334906623082845,stop_loss,1
2015-02-27 15:30:00,2015-02-27 16:00:00,short,1209.99,1210.7046144367894,1210.6246144367894,1204.913084505684,124.48957223653365,-88.96204554995899,-1.1260607943378245,stop_loss,2
2015-03-02 14:15:00,2015-03-02 15:30:00,long,1214.8799999999999,1214.124346432142,1214.2043464321418,1220.2852285428635,116.53308349130056,-88.05864031369106,-1.118403874123753,stop_loss,5
2015-03-04 14:30:00,2015-03-04 14:45:00,short,1205.55,1206.2124368731213,1206.1324368731214,1200.8905050150288,134.73016791142445,-89.25023114635856,-1.1373539411596443,stop_loss,1
2015-03-05 14:30:00,2015-03-05 15:00:00,short,1201.8,1202.4302852849546,1202.3502852849547,1197.397717720362,142.1154974668268,-89.57330681735114,-1.145379137307859,stop_loss,2
2015-03-05 15:15:00,2015-03-05 15:30:00,short,1203.17,1203.858559318894,1203.7785593188942,1198.3015254488466,128.06532523598753,-88.18057311843297,-1.1314580148822753,stop_loss,1
2015-03-13 15:00:00,2015-03-13 16:15:00,short,1158.76,1152.7179209295334,1159.5215098838082,1152.6679209295335,101.99579418691783,616.2666533323921,7.934340970403131,take_profit,5
2015-03-18 15:30:00,2015-03-18 17:15:00,short,1149.57,1150.279858242255,1150.199858242255,1144.5311340619598,126.25000358096896,-89.61960562667349,-1.1270127064043887,stop_loss,7
2015-03-27 15:45:00,2015-03-27 16:00:00,long,1195.73,1194.6818229335036,1194.7618229335035,1203.4754165319716,81.8556328855251,-85.7991971541612,-1.0826295135139037,stop_loss,1
2015-03-30 14:15:00,2015-03-30 14:30:00,long,1184.3799999999999,1183.5562235627422,1183.636223562742,1190.3302114980615,106.205769603432,-87.48981050012951,-1.1075592019221216,stop_loss,1
2015-03-30 14:45:00,2015-03-30 17:45:00,long,1182.72,1184.8000000000002,1181.9843713372625,1188.6050293019002,107.02530160716515,222.61262734292006,2.8275135341514344,time_stop,12
2015-04-02 15:45:00,2015-04-02 16:00:00,long,1201.97,1201.0937890449743,1201.1737890449742,1208.339687640206,99.72070452084941,-87.37637374405173,-1.1004758845566687,stop_loss,1
2015-04-06 15:00:00,2015-04-06 15:45:00,long,1217.1499999999999,1221.889016620199,1216.551372922475,1221.939016620199,132.19680704780728,626.4828657368266,7.9164755456650315,take_profit,3
2015-04-08 14:30:00,2015-04-08 14:45:00,long,1209.31,1208.7374847587334,1208.8174847587334,1213.2501219301332,164.4944766582755,-94.17559499101942,-1.1624315214980874,stop_loss,1
2015-04-08 15:00:00,2015-04-08 15:15:00,long,1206.31,1205.6267343072752,1205.7067343072752,1211.1361255417985,133.82745123254833,-91.43970617199044,-1.132611552363584,stop_loss,1
2015-04-10 14:30:00,2015-04-10 15:30:00,short,1204.42,1205.3208293475354,1205.2408293475355,1197.8533652197166,98.02182536048612,-88.3009369837121,-1.0974624021913075,stop_loss,4
2015-04-16 15:15:00,2015-04-16 15:45:00,long,1205.8899999999999,1205.0270443455815,1205.1070443455815,1212.1536452353464,102.42507055332459,-88.38829378818771,-1.1021769234930083,stop_loss,2
2015-04-20 14:15:00,2015-04-20 14:30:00,long,1199.1399999999999,1198.3329705530623,1198.4129705530622,1204.9562355755013,109.93932033872545,-88.72426888965468,-1.1100368084633965,stop_loss,1
2015-04-20 14:45:00,2015-04-20 15:00:00,long,1198.54,1197.6796276707528,1197.7596276707527,1204.7829786339782,102.08325881151903,-87.82961116080976,-1.1025151674420528,stop_loss,1
2015-04-20 15:30:00,2015-04-20 16:00:00,long,1197.28,1196.4349788602929,1196.5149788602928,1203.4001691176568,103.78727789509647,-87.70244385401341,-1.1045722736897798,stop_loss,2
2015-04-21 14:45:00,2015-04-21 15:00:00,short,1199.65,1200.2413806251573,1200.1613806251573,1195.5589549987417,154.75039608025355,-91.51638597726023,-1.1564392471367646,stop_loss,1
2015-04-22 15:00:00,2015-04-22 15:15:00,long,1200.52,1199.7773877008203,1199.8573877008203,1205.820898393438,119.01651271874276,-88.38312615041018,-1.1207342515358714,stop_loss,1
2015-04-23 14:45:00,2015-04-23 17:45:00,short,1191.17,1191.897769277654,1191.8177692776542,1185.9878457787672,121.33433687856525,-88.30340270474458,-1.1235007629408529,stop_loss,12
2015-04-27 14:15:00,2015-04-27 14:30:00,short,1184.97,1185.5800612401767,1185.5000612401768,1180.7295100785852,147.7786708574048,-90.15403921493558,-1.1509259571087382,stop_loss,1
2015-04-27 14:45:00,2015-04-27 15:30:00,short,1186.95,1187.6058181101525,1187.5258181101526,1182.34345511878,135.56587063235324,-88.90655307928755,-1.1389327612129647,stop_loss,3
2015-04-30 14:15:00,2015-04-30 15:30:00,long,1202.03,1201.24358817755,1201.32358817755,1207.681294579601,110.12636156011335,-86.60467269427234,-1.113248387778201,stop_loss,5
2015-04-30 15:45:00,2015-04-30 16:00:00,long,1198.24,1197.1233207242374,1197.2033207242373,1206.533434206101,74.79145340717304,-83.51806602395688,-1.0771694793850968,stop_loss,1
2015-05-04 16:00:00,2015-05-04 16:15:00,short,1186.8300000000002,1187.6859402951904,1187.6059402951905,1180.6224776384772,99.60069870370108,-85.25225144960542,-1.1031007159903974,stop_loss,1
2015-05-05 14:15:00,2015-05-05 14:30:00,short,1189.91,1190.5574967916168,1190.4774967916169,1185.3700256670654,135.73369918006577,-87.88713473336317,-1.1409699599745866,stop_loss,1
2015-05-05 15:30:00,2015-05-05 15:45:00,short,1195.47,1196.3581721367023,1196.2781721367023,1189.0046229063814,94.98567682375476,-84.36363154066116,-1.098988812366587,stop_loss,1
2015-05-05 16:00:00,2015-05-05 16:45:00,short,1197.54,1198.5232453627686,1198.4432453627687,1190.3140370978492,84.70753313984487,-83.28828915132713,-1.088569510896463,stop_loss,3
2015-05-06 15:30:00,2015-05-06 16:00:00,short,1195.49,1196.4831273024442,1196.4031273024443,1188.1849815804453,83.51718476553043,-82.94319641392809,-1.0876110042770366,stop_loss,2
2015-05-08 15:15:00,2015-05-08 15:30:00,short,1186.76,1187.4410520229571,1187.3610520229572,1181.9515838163431,126.46657716824664,-86.13031821690046,-1.1330999596446267,stop_loss,1
2015-05-11 14:45:00,2015-05-11 15:00:00,short,1187.96,1188.6131436334178,1188.533143633418,1183.3748509326574,132.17385079730224,-86.32850915257382,-1.139581067180063,stop_loss,1
2015-05-11 15:15:00,2015-05-11 18:00:00,short,1191.28,1186.1046418756075,1191.933169765549,1186.0546418756076,115.5834509545468,598.1857519429312,7.923450222839692,take_profit,11
2015-05-12 16:00:00,2015-05-12 16:15:00,short,1195.05,1188.2129304947728,1195.9108836881533,1188.1629304947728,89.7800409982984,613.832380487513,7.941920144745072,take_profit,1
2015-05-18 14:30:00,2015-05-18 14:45:00,long,1227.02,1226.3351175620685,1226.4151175620684,1231.859059503452,130.82156960818506,-89.59739552727815,-1.1322571048243564,stop_loss,1
2015-05-18 15:00:00,2015-05-18 15:15:00,long,1226.04,1225.327371775457,1225.407371775457,1231.1010257963437,124.6591200211271,-88.83560737373213,-1.1264565773329593,stop_loss,1
2015-05-18 15:30:00,2015-05-18 16:30:00,long,1224.8799999999999,1224.141764439042,1224.2217644390419,1230.1458844876636,119.40462596025341,-88.14874102674143,-1.1215370374148312,stop_loss,4
2015-05-19 15:15:00,2015-05-19 15:30:00,long,1218.59,1217.805186154624,1217.8851861546239,1224.228510763009,111.13845909916009,-87.22300145477435,-1.113505148238457,stop_loss,1
2015-05-21 15:00:00,2015-05-21 15:15:00,long,1208.35,1207.7231112599627,1207.8031112599626,1212.7251099202986,142.75345240635994,-89.4905319149837,-1.146282039002073,stop_loss,1
2015-05-21 16:00:00,2015-05-21 19:00:00,long,1202.74,1205.19,1201.9282094881246,1209.2343240950033,95.83973080321061,234.80734046787038,3.0180199991990606,time_stop,12
2015-05-25 15:45:00,2015-05-25 16:00:00,short,1204.56,1204.980987633,1204.900987633,1201.832098935999,230.2318282261729,-96.92475240622105,-1.2346126142348623,stop_loss,1
2015-05-26 14:15:00,2015-05-26 15:15:00,short,1195.88,1190.988684488396,1196.4976644389506,1190.9386844883961,126.63094547555927,619.3919078536878,7.919049896923868,take_profit,4
2015-06-02 14:30:00,2015-06-02 15:00:00,short,1191.64,1192.5079750694035,1192.4279750694036,1185.3361994447723,101.61946833559375,-88.20316508132647,-1.1015260547018162,stop_loss,2
2015-06-03 14:45:00,2015-06-03 15:00:00,short,1192.3,1192.992121996444,1192.912121996444,1187.4030240284476,130.38086947187554,-90.23946767698294,-1.1306929018474385,stop_loss,1
2015-06-12 14:30:00,2015-06-12 14:45:00,short,1180.51,1181.0548905195215,1180.9748905195215,1176.7908758438286,171.09034574005227,-93.22550737540317,-1.1720835264230893,stop_loss,1
2015-06-12 15:00:00,2015-06-12 15:45:00,short,1181.3700000000001,1177.6887143755462,1181.8364107030568,1177.6387143755462,169.93307116379196,625.5721719945773,7.892798343451773,take_profit,3
2015-06-17 14:30:00,2015-06-17 17:30:00,short,1179.5900000000001,1176.1359973925553,1180.0280003259309,1176.0859973925553,185.24031811543256,639.82054177462,7.885844833803222,take_profit,12
2015-06-23 14:15:00,2015-06-23 14:30:00,long,1182.61,1182.0210205496246,1182.1010205496245,1186.6818356030037,163.1790463723856,-96.1091050451718,-1.1571772690251614,stop_loss,1
2015-06-23 14:45:00,2015-06-23 15:00:00,long,1181.83,1181.1932524126864,1181.2732524126864,1186.2839806985082,148.6606424638933,-94.65930541735796,-1.1436916869023994,stop_loss,1
2015-06-29 14:15:00,2015-06-29 15:15:00,short,1178.46,1179.2648285041203,1179.1848285041203,1172.6613719670377,113.79585051516686,-91.5861441452103,-1.1103709353939122,stop_loss,4
2015-06-29 15:30:00,2015-06-29 16:15:00,short,1182.66,1176.106791667455,1183.4854010415681,1176.056791667455,99.59730304603852,652.6818762203272,7.939423386352547,take_profit,3
2015-07-03 15:00:00,2015-07-03 15:15:00,short,1168.68,1169.18116036071,1169.10116036071,1165.3107171143201,199.84255678368834,-100.1531678429111,-1.189951399664152,stop_loss,1
2015-07-03 15:30:00,2015-07-03 15:45:00,short,1169.15,1169.6528372497958,1169.5728372497958,1165.7673020016332,198.3394410904268,-99.73245908392155,-1.189198089900006,stop_loss,1
2015-07-08 14:45:00,2015-07-08 16:00:00,short,1157.0800000000002,1157.994495344127,1157.914495344127,1150.4040372469842,100.13969162030317,-91.57728174906704,-1.0958663227577676,stop_loss,5
2015-07-09 15:45:00,2015-07-09 16:00:00,short,1164.77,1165.6928642576074,1165.6128642576075,1158.0270859391403,98.81944076099131,-91.196929835075,-1.0949144530425439,stop_loss,1
2015-07-13 14:15:00,2015-07-13 16:15:00,short,1157.0800000000002,1151.7117547122991,1157.7572806609628,1151.6617547122992,122.57515764099998,658.0135123955089,7.926175361438617,take_profit,8
2015-07-14 15:30:00,2015-07-14 15:45:00,short,1154.42,1155.0517771085417,1154.9717771085418,1150.0057831316658,154.0328930036732,-97.31445576216682,-1.1449860799976939,stop_loss,1
2015-07-17 14:15:00,2015-07-17 15:00:00,short,1144.1200000000001,1144.5542656062005,1144.4742656062006,1141.285875150396,239.08581434991095,-103.82674610257315,-1.2258192683674278,stop_loss,3
2015-07-24 15:30:00,2015-07-24 15:45:00,short,1081.91,1082.8981420048726,1082.8181420048727,1074.644863961019,92.92423460593811,-91.82233948475823,-1.0880919499050687,stop_loss,1
2015-07-24 16:00:00,2015-07-24 17:00:00,short,1083.53,1084.514698973589,1084.434698973589,1076.2924082112866,92.97339353016284,-91.55080518024194,-1.0884272032304307,stop_loss,4
2015-07-28 15:00:00,2015-07-28 15:15:00,short,1093.98,1094.7018551386789,1094.621855138679,1088.8451588905687,130.61869607346705,-94.28777696816282,-1.1246387154655877,stop_loss,1
2015-07-31 15:15:00,2015-07-31 15:30:00,short,1083.02,1083.7466612346375,1083.6666612346376,1077.8467101228994,129.210494577148,-93.8922575175529,-1.123712379395625,stop_loss,1
2015-07-31 15:45:00,2015-07-31 16:00:00,short,1090.7,1091.685641574764,1091.6056415747641,1083.454867401888,91.94999821041613,-90.62974103566441,-1.0883351672771484,stop_loss,1
2015-08-05 14:15:00,2015-08-05 14:45:00,short,1087.8,1088.359009680829,1088.2790096808292,1083.967922553366,173.27802605585106,-96.86409404018629,-1.1670112383980171,stop_loss,2
2015-08-05 15:30:00,2015-08-05 17:00:00,short,1090.6000000000001,1085.72313066841,1091.2158586664489,1085.67313066841,134.30233944835769,654.9749604165008,7.918812541377317,take_profit,6
2015-08-07 15:15:00,2015-08-07 15:30:00,short,1092.6100000000001,1088.1703381102714,1093.1712077362163,1088.1203381102714,150.88206931318393,669.8653729731572,7.910906431302023,take_profit,1
2015-08-10 14:30:00,2015-08-10 16:45:00,short,1096.49,1097.1092687016364,1097.0292687016365,1092.175850386908,160.74691598217484,-99.54553395234153,-1.1483490507740461,stop_loss,9
2015-08-11 14:30:00,2015-08-11 15:15:00,long,1109.06,1107.7494046937115,1107.8294046937115,1118.9047624503073,70.1994747017759,-92.00310204805916,-1.0650091866847846,stop_loss,3
2015-08-11 15:45:00,2015-08-11 16:00:00,long,1106.76,1105.5001021188016,1105.5801021188015,1116.1991830495886,72.98185388578742,-91.9496830766357,-1.0678024778878887,stop_loss,1
2015-08-13 14:45:00,2015-08-13 15:30:00,long,1115.3799999999999,1114.6739803462708,1114.7539803462707,1120.3881572298337,137.11276507891523,-96.80430692285135,-1.1277915150480886,stop_loss,3
2015-08-14 15:30:00,2015-08-14 15:45:00,long,1117.9099999999999,1117.2885149036751,1117.368514903675,1122.2418807705978,157.9819525530775,-98.18342900001426,-1.1477418317566104,stop_loss,1
2015-08-18 14:45:00,2015-08-18 15:00:00,long,1119.11,1118.562542351041,1118.642542351041,1122.8496611916726,182.37015203115658,-99.83993467125876,-1.171138498167872,stop_loss,1
2015-08-18 15:15:00,2015-08-18 15:30:00,long,1117.95,1117.3794370271733,1117.4594370271732,1121.8745037826159,173.17002588931132,-98.80440477589805,-1.1630779419386832,stop_loss,1
2015-08-19 14:15:00,2015-08-19 15:30:00,long,1121.1699999999998,1120.650761621253,1120.730761621253,1124.6839070299757,192.72994707779938,-100.07278525664796,-1.1821334470547624,stop_loss,5
2015-08-20 14:30:00,2015-08-20 14:45:00,long,1138.22,1137.5512057447004,1137.6312057447003,1142.9303540423982,143.2659547463295,-95.81544751436402,-1.1358708908584787,stop_loss,1
2015-08-26 15:45:00,2015-08-26 16:00:00,long,1126.1299999999999,1124.8200634294385,1124.9000634294384,1135.9694925644917,68.3504554659674,-89.53476122939742,-1.0650440046379044,stop_loss,1
2015-08-28 14:15:00,2015-08-28 15:45:00,short,1127.88,1128.6949489076878,1128.614948907688,1122.0004087384973,114.01897415164834,-92.91963844056038,-1.108851104019752,stop_loss,6
2015-08-28 16:00:00,2015-08-28 16:15:00,short,1128.92,1129.8446270965262,1129.7646270965263,1122.16298322779,98.88311887768495,-91.43001110332273,-1.0947163550979504,stop_loss,1
2015-09-01 14:45:00,2015-09-01 15:00:00,long,1142.0,1141.2449556721072,1141.324955672107,1147.4003546231443,123.31793353429981,-93.11050624254017,-1.118510735805512,stop_loss,1
2015-09-01 15:15:00,2015-09-01 15:30:00,long,1140.25,1139.4777679009494,1139.5577679009493,1145.787856792405,119.85248900600975,-92.5539391615496,-1.1155681744744854,stop_loss,1
2015-09-03 14:15:00,2015-09-03 15:15:00,long,1126.85,1126.1319309502849,1126.2119309502848,1131.95455239772,129.5911128435263,-93.05536725106555,-1.125378280039826,stop_loss,4
2015-09-03 15:30:00,2015-09-03 15:45:00,long,1125.84,1125.0132298732005,1125.0932298732005,1131.8141610143962,110.35378781825784,-91.23721514729229,-1.1071280131983803,stop_loss,1
2015-09-03 16:00:00,2015-09-03 17:15:00,long,1123.1,1130.0456796501683,1122.2255400437289,1130.0956796501682,93.92677147464484,652.3852652374545,7.942821852914603,take_profit,5
2015-09-08 14:45:00,2015-09-08 15:00:00,short,1121.15,1121.6745756417245,1121.5945756417245,1117.5933948662039,189.15196510975895,-99.22451348087712,-1.1799468807819056,stop_loss,1
2015-09-08 15:15:00,2015-09-08 15:30:00,short,1122.99,1123.5627208339358,1123.482720833936,1119.0482333285124,170.0652315882592,-97.39990125871591,-1.1623637453299491,stop_loss,1
2015-09-08 15:45:00,2015-09-08 18:15:00,short,1123.71,1124.2986725557917,1124.2186725557917,1119.6406195536663,164.1576335840044,-96.6350937145998,-1.1572720979126077,stop_loss,10
2015-09-10 15:30:00,2015-09-10 15:45:00,short,1109.29,1109.91686212701,1109.8368621270101,1104.9151029839184,152.16372397498242,-95.38567566473513,-1.1462891578126038,stop_loss,1
2015-09-10 16:00:00,2015-09-10 16:15:00,short,1110.54,1111.2111974462484,1111.1311974462485,1105.8104204300112,140.26857058663717,-94.14790636667418,-1.135318581816564,stop_loss,1
2015-09-15 15:30:00,2015-09-15 16:15:00,short,1108.97,1104.0897079160577,1109.5862865104928,1104.0397079160578,134.09992851308496,654.4468195796399,7.918868904075923,take_profit,3
2015-09-16 15:30:00,2015-09-16 15:45:00,short,1110.02,1110.5947306601656,1110.5147306601657,1106.062154718675,171.01692753598957,-98.28867166225902,-1.1617041482190136,stop_loss,1
2015-09-16 16:00:00,2015-09-16 16:45:00,short,1113.89,1114.6129820488163,1114.5329820488164,1108.74614360947,131.1272244685862,-94.80262940188288,-1.1244202698150039,stop_loss,3
2015-09-18 15:00:00,2015-09-18 15:15:00,long,1135.8799999999999,1135.030975688067,1135.110975688067,1142.0321944954637,109.26578295683686,-92.76930619273887,-1.10402792052028,stop_loss,1
2015-09-21 14:30:00,2015-09-21 14:45:00,long,1134.5,1133.9573087691779,1134.0373087691778,1138.201529846578,181.00566870221093,-98.23018913378536,-1.1729014830425193,stop_loss,1
2015-09-21 15:00:00,2015-09-21 18:00:00,long,1130.81,1132.0800000000002,1130.2192611326072,1135.5359109391413,141.27231112887387,179.41583513369937,2.149850077760263,time_stop,12
2015-10-01 14:45:00,2015-10-01 15:00:00,short,1114.5900000000001,1115.1020860647536,1115.0220860647537,1111.133311481971,194.3901908142518,-99.54450784074741,-1.1851482992064495,stop_loss,1
2015-10-02 15:15:00,2015-10-02 15:30:00,short,1108.9,1109.5298964291133,1109.4498964291133,1104.5008285670951,152.20076840118034,-95.87072052418253,-1.145481941261077,stop_loss,1
2015-10-05 14:30:00,2015-10-05 15:15:00,long,1130.75,1135.2459681238117,1130.1817539845235,1135.2959681238117,146.7798182809812,659.9173842101706,7.912009941753783,take_profit,3
2015-10-08 15:15:00,2015-10-08 15:30:00,long,1141.34,1140.705139222735,1140.7851392227349,1145.77888621812,153.88869161744543,-97.69789437254155,-1.1441803120311609,stop_loss,1
2015-10-08 15:45:00,2015-10-08 17:00:00,long,1138.07,1143.8780192390934,1137.3377475951133,1143.9280192390934,116.20816100046564,674.9392348303774,7.931717533919174,take_profit,5
2015-10-09 15:15:00,2015-10-09 17:45:00,long,1151.3799999999999,1158.1058007875222,1150.5330249015597,1158.1558007875221,102.85842314014498,691.8052633592894,7.940966387215422,take_profit,10
2015-10-12 15:30:00,2015-10-12 16:45:00,long,1164.02,1163.1869113556966,1163.2669113556965,1170.0447091544274,118.43750337930213,-98.66893912494406,-1.1062291944050187,stop_loss,5
2015-10-13 14:15:00,2015-10-13 15:00:00,long,1152.37,1157.2964325730616,1151.7479459283672,1157.3464325730615,142.91029685556376,704.0379414551627,7.919621135397009,take_profit,3
2015-10-20 15:15:00,2015-10-20 15:30:00,long,1173.27,1172.5595947857835,1172.6395947857834,1178.313241713732,144.36753346765946,-102.55944853900141,-1.1269025036529006,stop_loss,1
2015-10-22 15:30:00,2015-10-22 15:45:00,long,1166.07,1165.4152925557198,1165.4952925557197,1170.6676595542417,157.82354729993907,-103.3282512999658,-1.1392012593470495,stop_loss,1
2015-10-27 14:30:00,2015-10-27 14:45:00,short,1167.69,1163.4876738013802,1168.2215407748274,1163.4376738013802,170.05728825119854,714.6361976842605,7.9059338391955265,take_profit,1
2015-11-03 14:15:00,2015-11-03 15:30:00,short,1132.48,1128.651364897866,1132.9648293877667,1128.601364897866,190.86361860486997,730.7471499109322,7.896870937981258,take_profit,5
2015-11-05 14:30:00,2015-11-05 14:45:00,short,1110.22,1105.9633890175132,1110.7583263728109,1105.9133890175133,175.96859003999327,749.029832936951,7.907119542111819,take_profit,1
2015-11-06 14:30:00,2015-11-06 15:15:00,short,1108.8400000000001,1105.7307389795735,1109.2349076275534,1105.6807389795736,245.5653310737797,763.5267118758634,7.873388112786564,take_profit,3
2015-11-09 14:15:00,2015-11-09 16:15:00,short,1094.64,1089.764599589773,1095.2556750512786,1089.7145995897731,161.23148442214534,786.0680452932404,7.918788328523609,take_profit,8
2015-11-11 15:00:00,2015-11-11 18:00:00,short,1089.43,1087.6899999999998,1089.9487735997131,1085.2798112022945,195.89355863789262,340.8547920299795,3.3540642796059115,time_stop,12
2015-11-16 15:00:00,2015-11-16 15:30:00,short,1092.77,1087.49452120701,1093.4356848491238,1087.44452120701,154.1975472122793,813.4658902494604,7.924889382616006,take_profit,2
2015-11-17 15:15:00,2015-11-17 17:00:00,short,1081.45,1076.283814764412,1082.1020231544485,1076.233814764412,161.17122207250358,832.6403878726501,7.923315606725966,take_profit,7
2015-11-24 15:15:00,2015-11-24 15:30:00,short,1078.49,1079.3502127927443,1079.2702127927444,1072.248297658045,137.89224015055896,-118.61666899767698,-1.1025361295583636,stop_loss,1
2015-11-25 15:00:00,2015-11-25 15:30:00,short,1074.45,1070.2850236196555,1074.976872047543,1070.2350236196555,203.5208363751439,847.6594764104461,7.905100298577013,take_profit,2
2015-11-30 15:15:00,2015-11-30 15:30:00,short,1058.8700000000001,1059.492895445276,1059.412895445276,1054.5268364377935,202.1980828225418,-125.94826483366924,-1.1473580238995533,stop_loss,1
2015-12-01 15:30:00,2015-12-01 16:45:00,short,1070.72,1065.1277030309923,1071.425287121126,1065.0777030309923,155.1064384086899,867.4012653865035,7.929106886397121,take_profit,5
2015-12-03 14:45:00,2015-12-03 15:00:00,short,1053.39,1054.065761188118,1053.985761188118,1048.6239104950578,187.98938138846935,-127.03592772060297,-1.1342819935159967,stop_loss,1
2015-12-04 15:15:00,2015-12-04 15:30:00,short,1064.32,1065.049826328108,1064.9698263281082,1059.1213893751349,171.76230724801368,-125.35665400620591,-1.123109816484076,stop_loss,1
2015-12-07 15:30:00,2015-12-07 16:30:00,long,1079.75,1079.0195947752036,1079.0995947752035,1084.9532417983726,171.0312205735522,-124.9220971102304,-1.1230002419260383,stop_loss,4
2015-12-10 15:00:00,2015-12-10 15:15:00,long,1073.02,1072.2534782585342,1072.3334782585341,1078.5121739317276,161.48772351522095,-123.7838510542339,-1.1165294486218464,stop_loss,1
2015-12-15 15:15:00,2015-12-15 15:30:00,short,1065.03,1065.9017757562103,1065.8217757562104,1058.6957939503159,139.55148380484115,-121.65760032424241,-1.1010387087157363,stop_loss,1
2015-12-16 15:15:00,2015-12-16 15:30:00,short,1069.7,1070.4809134006696,1070.4009134006697,1064.0926927946437,157.12142001234835,-122.69822241986898,-1.1141367819811985,stop_loss,1
2015-12-16 15:45:00,2015-12-16 16:00:00,short,1072.6000000000001,1073.5599967587407,1073.4799967587408,1065.5600259300754,124.72820275919368,-119.73867037235937,-1.090909425751087,stop_loss,1
2015-12-18 16:00:00,2015-12-18 16:45:00,short,1060.48,1061.2969926629492,1061.2169926629492,1054.5840586964066,148.44272357166724,-121.27661602623844,-1.1085492488891182,stop_loss,3
2015-12-21 15:45:00,2015-12-21 16:00:00,short,1074.15,1075.1238106944302,1075.0438106944302,1066.9995144445595,121.99156820556175,-118.7966937488732,-1.0895044112790915,stop_loss,1
2015-12-23 15:30:00,2015-12-23 15:45:00,long,1071.3899999999999,1070.7687995777676,1070.8487995777675,1075.719603377859,200.81465894446617,-124.74615092673321,-1.1478195446890862,stop_loss,1
2015-12-30 14:15:00,2015-12-30 15:00:00,short,1067.91,1068.5381657782586,1068.4581657782587,1063.524673773931,197.58026504768253,-124.11316096221057,-1.145941252031574,stop_loss,3
2015-12-30 15:15:00,2015-12-30 15:30:00,short,1068.65,1064.457722242223,1069.1802847197223,1064.4077222422231,203.54046847147794,853.2981787804861,7.905711030054138,take_profit,1
2015-12-31 15:45:00,2015-12-31 16:30:00,short,1061.93,1062.562440842925,1062.4824408429251,1057.5104732565987,200.0110893807503,-126.49518196231064,-1.1448118853348006,stop_loss,3
2016-01-05 16:00:00,2016-01-05 19:00:00,long,1075.24,1079.1100000000001,1074.4233870131125,1081.7729038951,134.84332362343577,521.8436624227123,4.739087012013237,time_stop,12
2016-01-08 15:45:00,2016-01-08 18:45:00,long,1097.7,1102.98,1096.6946871113616,1105.7425031091068,111.0901307596948,586.5558904111855,5.252096197782986,time_stop,12
2016-01-11 15:45:00,2016-01-11 17:00:00,long,1100.48,1099.5297102116008,1099.6097102116007,1107.442318307195,130.34739627719452,-123.867799626646,-1.0919234042112211,stop_loss,5
2016-01-12 14:45:00,2016-01-12 15:00:00,long,1086.46,1085.5399931888414,1085.6199931888414,1093.1800544892687,134.604152042098,-123.83673668895803,-1.095237323004058,stop_loss,1
2016-01-13 14:30:00,2016-01-13 14:45:00,long,1081.26,1080.607048515009,1080.6870485150089,1085.8436118799286,196.6953525171194,-128.43252251688835,-1.139627877919138,stop_loss,1
2016-01-14 14:30:00,2016-01-14 14:45:00,long,1089.82,1089.0875659144745,1089.1675659144744,1095.0394726842048,172.1424420330706,-126.08299211061556,-1.122617750627613,stop_loss,1
2016-01-14 15:00:00,2016-01-14 15:45:00,long,1085.53,1084.6736155078886,1084.7536155078885,1091.7410759368909,144.17257030371366,-123.4671533959372,-1.1030417284383929,stop_loss,3
2016-01-14 16:00:00,2016-01-14 16:15:00,long,1084.1699999999998,1083.2398017107664,1083.3198017107663,1090.9715863138674,131.21991390037067,-122.0605394234829,-1.0940956962781603,stop_loss,1
2016-01-15 14:15:00,2016-01-15 14:30:00,short,1082.8700000000001,1083.5347138271084,1083.4547138271084,1078.1922893831338,190.1729693021154,-126.41060223734773,-1.136819066509107,stop_loss,1
2016-01-15 14:45:00,2016-01-15 15:00:00,short,1083.98,1084.6443450856189,1084.564345085619,1079.3052393150488,189.6439888240155,-125.98905199238774,-1.1369054039621052,stop_loss,1
2016-01-15 15:15:00,2016-01-15 15:30:00,short,1087.88,1088.6817567319877,1088.6017567319877,1082.1059461440984,153.01494372815446,-122.68076122874436,-1.1108406703455576,stop_loss,1
2016-01-15 15:45:00,2016-01-15 16:00:00,short,1092.96,1093.9368463658466,1093.8568463658466,1085.7852290732276,122.73174942612444,-119.89006340089792,-1.0892014541692523,stop_loss,1
2016-01-21 15:45:00,2016-01-21 17:00:00,long,1095.86,1094.8276975569488,1094.9076975569487,1103.4784195444086,115.20694298031894,-118.92840869503134,-1.0840069250936795,stop_loss,5
2016-01-22 14:30:00,2016-01-22 15:15:00,long,1096.8999999999999,1096.27078861539,1096.35078861539,1101.293691076879,199.11289367792452,-125.28409952474861,-1.1456634043679852,stop_loss,3
2016-01-22 15:30:00,2016-01-22 15:45:00,long,1095.6499999999999,1094.9591736163097,1095.0391736163097,1100.5366110695215,178.41275138374743,-123.25223584264171,-1.1309701121890317,stop_loss,1
2016-01-22 16:00:00,2016-01-22 16:15:00,long,1095.01,1094.2762007201854,1094.3562007201854,1100.2403942385163,166.12049351786112,-121.89909850584375,-1.1223617132502968,stop_loss,1
2016-02-01 15:45:00,2016-02-01 16:15:00,long,1121.62,1126.047640805759,1121.06029489928,1126.097640805759,193.39427421636273,856.280380120554,7.910667242561851,take_profit,2
2016-02-03 14:15:00,2016-02-03 15:15:00,long,1127.31,1131.674960904113,1126.758129886986,1131.724960904113,200.7947164670077,876.4610871309644,7.909398971206836,take_profit,4
2016-02-04 14:15:00,2016-02-04 15:15:00,long,1144.9199999999998,1150.063557724485,1144.2708052844391,1150.113557724485,174.74262099111732,898.7987579956447,7.92298150492884,take_profit,4
2016-02-05 15:45:00,2016-02-05 16:00:00,long,1153.26,1152.1938518873615,1152.2738518873614,1161.1491849011084,117.76971523466537,-125.55995962341558,-1.081123716584392,stop_loss,1
2016-02-16 15:15:00,2016-02-16 16:30:00,long,1211.54,1210.0532877097496,1210.1332877097495,1222.793698322004,82.29238013209694,-122.34509293634244,-1.0568701933966083,stop_loss,5
2016-02-19 15:45:00,2016-02-19 16:00:00,long,1226.5,1224.9808678973482,1225.060867897348,1238.0130568212146,80.18351271181577,-121.80934826391108,-1.0555890594425001,stop_loss,1
2016-02-23 14:15:00,2016-02-23 15:15:00,long,1215.95,1223.4707019333516,1215.0036622583311,1223.5207019333516,121.5519936881311,914.156313933066,7.94716474066484,take_profit,4
2016-02-24 15:15:00,2016-02-24 15:30:00,long,1234.1299999999999,1242.836196685986,1233.0354754142516,1242.8861966859859,107.60078821204192,936.7936257411624,7.954318065896664,take_profit,1
2016-02-26 15:45:00,2016-02-26 16:00:00,long,1229.52,1228.2618821690362,1228.3418821690361,1238.9449426477104,102.35146761385533,-128.7702064303036,-1.0679049224935988,stop_loss,1
2016-02-29 15:15:00,2016-02-29 15:30:00,long,1227.35,1226.093124198653,1226.1731241986529,1236.7650064107768,102.13123446360149,-128.3662771589924,-1.067976586746334,stop_loss,1
2016-03-03 15:30:00,2016-03-03 16:30:00,long,1240.57,1246.8593962275766,1239.7775754715528,1246.9093962275765,151.1950668730883,950.9256832197959,7.936902508434253,take_profit,4
2016-03-04 14:15:00,2016-03-04 14:30:00,long,1265.58,1264.4325658951295,1264.5125658951295,1274.1194728389637,114.91431279964466,-131.85660164405732,-1.0749460782964535,stop_loss,1
2016-03-04 15:30:00,2016-03-04 15:45:00,long,1260.47,1259.2099808002254,1259.2899808002253,1269.9101535981983,103.61516731126322,-130.55710020005546,-1.067795507069037,stop_loss,1
2016-03-07 15:45:00,2016-03-07 16:00:00,long,1268.37,1267.0752862530524,1267.1552862530523,1278.0877099755817,100.33328084153007,-129.90287798187688,-1.0658591377606084,stop_loss,1
2016-03-08 15:45:00,2016-03-08 16:30:00,long,1271.8799999999999,1270.702201748011,1270.782201748011,1280.662386015912,110.6637824031084,-130.33960947285675,-1.0728731347995748,stop_loss,3
2016-03-10 15:00:00,2016-03-10 15:15:00,long,1239.6699999999998,1248.6287334737215,1238.5439083157846,1248.6787334737214,107.53608231872268,963.3871003016247,7.955598642010195,take_profit,1
2016-03-14 16:00:00,2016-03-14 16:45:00,long,1246.62,1245.3254428799355,1245.4054428799354,1256.3364569605149,102.08301223949239,-132.15229033225438,-1.0658676308247088,stop_loss,3
2016-03-18 14:30:00,2016-03-18 17:30:00,long,1249.0,1252.76,1248.1344962595692,1255.9240299234461,142.79452151251755,536.9074008870647,4.3442908728835885,time_stop,12
2016-03-21 14:15:00,2016-03-21 14:30:00,long,1244.47,1243.5301534044575,1243.6101534044574,1251.3487727643408,145.60726917311712,-136.84849621860565,-1.0930398520092288,stop_loss,1
2016-03-21 14:45:00,2016-03-21 15:00:00,long,1243.09,1242.1087292109862,1242.1887292109861,1250.30016631211,138.4593517478388,-135.86611733592807,-1.0887635558315027,stop_loss,1
2016-03-22 14:45:00,2016-03-22 15:45:00,short,1255.0,1256.241032604099,1256.161032604099,1245.7117391672068,107.13029970473386,-132.95219482047418,-1.0689041803972452,stop_loss,4
2016-03-24 14:15:00,2016-03-24 14:30:00,short,1221.77,1222.705907806222,1222.6259078062221,1214.922737550223,144.8554544757387,-135.5713506176904,-1.0934680107113819,stop_loss,1
2016-03-24 14:45:00,2016-03-24 17:45:00,short,1223.29,1220.49,1224.1695072410791,1216.2539420713656,140.5061771363668,393.41729598182064,3.1836008496806354,time_stop,12
2016-03-28 15:30:00,2016-03-28 16:15:00,short,1219.74,1220.5132002258083,1220.4332002258084,1214.1943981935333,179.97174185892794,-139.15419144443538,-1.1154067714081253,stop_loss,3
2016-03-29 14:45:00,2016-03-29 16:00:00,short,1220.28,1221.1137587606815,1221.0337587606816,1214.2499299145475,164.95859949801064,-137.53567748122978,-1.1061347531504386,stop_loss,5
2016-03-31 14:15:00,2016-03-31 15:45:00,short,1236.26,1237.0750949279127,1236.9950949279128,1230.3792405766976,168.58554967973217,-137.41322646332355,-1.1088294816930373,stop_loss,6
2016-04-01 15:30:00,2016-04-01 15:45:00,short,1232.5800000000002,1226.48180124168,1233.3485248447903,1226.43180124168,160.71587489575015,980.0773487316118,7.934940294591884,take_profit,1
2016-04-04 14:30:00,2016-04-04 14:45:00,short,1217.78,1218.5406487550083,1218.4606487550084,1212.334809959932,185.78506744525,-141.3171802513686,-1.1175349244544484,stop_loss,1
2016-04-04 15:00:00,2016-04-04 15:15:00,short,1219.3300000000002,1220.102421630594,1220.0224216305942,1213.7906269552477,182.0139893765117,-140.59154246511568,-1.1155365408375464,stop_loss,1
2016-04-04 15:30:00,2016-04-04 15:45:00,short,1219.8700000000001,1220.6350982427061,1220.5550982427062,1214.3892140583514,183.3439948575365,-140.2761682762022,-1.1167715737876263,stop_loss,1
2016-04-04 16:00:00,2016-04-04 19:00:00,short,1221.97,1219.08,1222.689395933762,1216.214832529905,174.01797022696948,502.9119339559592,4.017259292650581,time_stop,12
2016-04-07 16:00:00,2016-04-07 16:15:00,short,1239.25,1240.369321616962,1240.289321616962,1230.9354270643032,121.90312788353725,-136.44880621532604,-1.0769732859341141,stop_loss,1
2016-04-11 14:30:00,2016-04-11 14:45:00,long,1247.73,1246.7751288606755,1246.8551288606754,1254.7289691145966,144.34949775975483,-137.83516938677585,-1.0914420380373846,stop_loss,1
2016-04-14 15:15:00,2016-04-14 15:30:00,long,1237.44,1236.3211680812722,1236.401168081272,1245.750655349824,121.16849876154771,-135.56718395876064,-1.0770095706126224,stop_loss,1
2016-04-18 15:30:00,2016-04-18 16:15:00,short,1240.13,1240.9853058570445,1240.9053058570446,1233.9275531436447,161.8290399407755,-138.41332570121963,-1.1031850840194761,stop_loss,3
2016-04-19 15:00:00,2016-04-19 15:15:00,short,1243.27,1244.1116710358697,1244.0316710358697,1237.1766317130425,164.18080331237303,-138.1862267938436,-1.1050322202531617,stop_loss,1
2016-04-19 15:30:00,2016-04-19 15:45:00,short,1248.93,1249.9159306380714,1249.8359306380714,1241.6825548954296,137.5791905148763,-135.64353908966427,-1.088306981393453,stop_loss,1
2016-04-25 15:15:00,2016-04-25 15:30:00,short,1234.91,1235.692459545582,1235.6124595455822,1229.290323635343,176.85043076505252,-138.3783076924065,-1.1138855618135788,stop_loss,1
2016-04-25 15:45:00,2016-04-25 16:30:00,short,1236.1200000000001,1236.910130934711,1236.8301309347112,1230.438952522311,174.35536498422812,-137.7635675068635,-1.1126552810045907,stop_loss,3
2016-04-28 14:15:00,2016-04-28 15:00:00,long,1255.1399999999999,1254.1570338896854,1254.2370338896853,1262.3637288825162,136.66276751253912,-134.33486900661055,-1.0885969020166884,stop_loss,3
2016-05-03 14:15:00,2016-05-03 16:30:00,long,1293.1599999999999,1292.053998011041,1292.1339980110408,1301.3680159116718,119.8816808565756,-132.58937746711484,-1.077972558397372,stop_loss,9
2016-05-11 14:15:00,2016-05-11 14:30:00,short,1275.94,1276.707888160793,1276.627888160793,1270.436894713657,178.22820896477918,-136.85933158336553,-1.1162979748157222,stop_loss,1
2016-05-20 15:00:00,2016-05-20 15:45:00,short,1257.07,1257.7444608420114,1257.6644608420115,1252.3143132639075,205.54843689614242,-138.6343718231225,-1.1345757270221812,stop_loss,3
2016-05-25 15:30:00,2016-05-25 16:30:00,short,1224.72,1219.7266390321063,1225.3504201209867,1219.6766390321063,193.16419273768665,964.5385404110699,7.920687810660262,take_profit,4
2016-05-30 14:15:00,2016-05-30 17:15:00,short,1209.93,1207.3,1210.6839185599713,1203.898651520231,165.36031342956738,434.8976243197803,3.4884404491918697,time_stop,12
2016-06-01 14:30:00,2016-06-01 14:45:00,short,1217.49,1218.1395161440669,1218.059516144067,1212.9338708474645,221.19285565917698,-143.66833070288735,-1.1404701180701287,stop_loss,1
2016-06-01 15:00:00,2016-06-01 15:15:00,short,1218.43,1219.088485858915,1219.008485858915,1213.8021131286812,217.01809183984375,-142.90334460523232,-1.1382920580806897,stop_loss,1
2016-06-03 15:30:00,2016-06-03 15:45:00,short,1213.26,1213.8450794378318,1213.765079437832,1209.2193644973445,247.70992016880035,-144.9299808377309,-1.158390926273564,stop_loss,1
2016-06-07 14:45:00,2016-06-07 15:00:00,long,1238.1299999999999,1237.4251679256529,1237.5051679256528,1243.1286565947767,199.53904801064675,-140.64152112256895,-1.1280344004163438,stop_loss,1
2016-06-07 15:15:00,2016-06-07 15:30:00,long,1237.55,1236.8050937726293,1236.8850937726293,1242.8692498189657,186.87819064309883,-139.20672796979832,-1.1203177180581982,stop_loss,1
2016-06-10 14:30:00,2016-06-10 16:30:00,long,1267.54,1273.0650244709063,1266.8431219411366,1273.1150244709063,177.70519671180145,981.8255604399338,7.928251436008492,take_profit,8
2016-06-15 15:00:00,2016-06-15 16:45:00,long,1278.93,1284.2572907377807,1278.2578386577775,1284.3072907377807,188.62186985723875,1004.843540233342,7.925613097839539,take_profit,7
2016-06-20 14:15:00,2016-06-20 17:15:00,long,1278.23,1279.27,1277.212561736555,1286.3695061075598,127.57418754527788,132.67715504708434,1.022175042324995,time_stop,12
2016-06-21 14:15:00,2016-06-21 14:30:00,long,1272.48,1271.4356287117348,1271.5156287117347,1280.1949703061218,135.00701740697258,-140.99745269416368,-1.082955601201931,stop_loss,1
2016-06-22 14:30:00,2016-06-22 14:45:00,short,1266.29,1267.114320374766,1267.0343203747661,1260.33543700187,174.35220550599735,-143.7220753840003,-1.1074805993656414,stop_loss,1
2016-06-22 15:00:00,2016-06-22 15:15:00,short,1267.6000000000001,1268.4139803231403,1268.3339803231404,1261.728157414878,176.22098118925285,-143.44041121250862,-1.108994747512652,stop_loss,1
2016-07-06 15:30:00,2016-07-06 16:15:00,long,1368.9199999999998,1367.739549319029,1367.819549319029,1377.7236054477673,117.14510583064913,-138.28401995018706,-1.0726974878413875,stop_loss,3
2016-07-07 14:15:00,2016-07-07 15:15:00,long,1361.68,1360.8248488535498,1360.9048488535498,1367.8812091716034,165.77097255461806,-141.7592372282505,-1.1032056784877073,stop_loss,4
2016-07-07 16:00:00,2016-07-07 16:15:00,long,1362.08,1361.0370762599296,1361.1170762599295,1369.7833899205636,133.00355613087282,-138.71256620266848,-1.083080307059493,stop_loss,1
2016-07-11 15:15:00,2016-07-11 15:30:00,long,1355.87,1354.8913107371432,1354.971310737143,1363.0595141028534,142.0470337075126,-139.019906710191,-1.0890185332198346,stop_loss,1
2016-07-11 16:00:00,2016-07-11 16:15:00,long,1353.26,1352.1845297702273,1352.2645297702272,1361.2237618381812,127.81807078501453,-137.46452995626163,-1.0803640305930482,stop_loss,1
2016-07-12 14:15:00,2016-07-12 14:30:00,long,1348.8,1347.7757930142443,1347.8557930142442,1356.3536558860458,134.3208561437311,-137.57235919508972,-1.084727185041844,stop_loss,1
2016-07-12 14:45:00,2016-07-12 15:00:00,long,1346.74,1345.7067041806495,1345.7867041806494,1354.3663665548047,132.60728837783947,-137.02255669623324,-1.0839193861716747,stop_loss,1
2016-07-18 16:00:00,2016-07-18 16:15:00,short,1329.03,1329.9460203863546,1329.8660203863546,1322.341836909162,150.71750403760032,-138.0603062789241,-1.0956914464116763,stop_loss,1
2016-07-27 15:45:00,2016-07-27 16:00:00,short,1322.22,1322.8881808512294,1322.8081808512295,1317.5145531901644,213.52059451539563,-142.6703725983064,-1.1360125883607097,stop_loss,1
2016-08-05 15:30:00,2016-08-05 15:45:00,long,1355.27,1354.5183284363998,1354.5983284363997,1360.6433725088027,186.34213610058256,-140.06808480732838,-1.1191058313844826,stop_loss,1
2016-08-08 15:30:00,2016-08-08 15:45:00,short,1335.5900000000001,1336.3237286566316,1336.2437286566317,1330.3601707469484,190.81389258293254,-140.00562107149403,-1.1223749321502037,stop_loss,1
2016-08-10 16:00:00,2016-08-10 16:45:00,short,1356.2,1350.221740838931,1356.9535323951336,1350.171740838931,164.98360734660042,986.3147620460232,7.933645852092879,take_profit,3
2016-08-11 15:15:00,2016-08-11 17:00:00,long,1343.73,1349.167847167046,1343.0440191041193,1349.2178471670459,185.54370515580197,1008.9583114446779,7.92711167278892,take_profit,7
2016-08-12 15:30:00,2016-08-12 15:45:00,short,1342.64,1343.4970002559382,1343.4170002559383,1336.4239979524948,167.70433603627006,-143.72265890502035,-1.102960069045702,stop_loss,1
2016-08-16 14:15:00,2016-08-16 15:00:00,short,1353.98,1354.8669356080034,1354.7869356080034,1347.5245151359727,160.9485846916132,-142.75103082073323,-1.0991405004395205,stop_loss,3
2016-08-19 15:00:00,2016-08-19 15:15:00,long,1343.31,1342.4976872825976,1342.5776872825975,1349.1685017392206,176.7644994779084,-143.5880509111735,-1.1092429478538754,stop_loss,1
2016-08-23 15:00:00,2016-08-23 15:15:00,short,1341.31,1341.9714573546228,1341.8914573546228,1336.6583411630168,221.88407417065517,-146.7668527338564,-1.1375853265314888,stop_loss,1
2016-08-23 15:45:00,2016-08-23 18:45:00,short,1343.43,1338.25,1344.1077302507676,1338.0081579938585,189.71534190247024,982.7254710548079,7.643158903019774,time_stop,12
2016-08-29 14:15:00,2016-08-29 15:15:00,short,1320.3500000000001,1321.1324819492474,1321.0524819492475,1314.7301444060204,187.22759039729527,-146.502209886953,-1.1138819297572506,stop_loss,4
2016-08-30 15:15:00,2016-08-30 17:00:00,short,1320.95,1316.6180347366862,1321.4977456579143,1316.5680347366863,239.31635811534034,1036.710150298421,7.908716756988359,take_profit,7
2016-09-02 15:00:00,2016-09-02 15:15:00,short,1313.96,1314.5793942802688,1314.499394280269,1309.6448457578495,248.78763343490306,-154.09763715119158,-1.1483145130127232,stop_loss,1
2016-09-07 15:15:00,2016-09-07 17:00:00,long,1347.32,1346.691663815131,1346.771663815131,1351.706689478952,243.8874859169166,-153.24333243829943,-1.145895897822329,stop_loss,7
2016-09-15 15:15:00,2016-09-15 15:30:00,short,1323.0800000000002,1323.6710752149722,1323.5910752149723,1318.9913982802223,260.7690603327552,-154.13412839425038,-1.1565327326708386,stop_loss,1
2016-09-21 14:45:00,2016-09-21 15:00:00,short,1322.48,1323.2584764181136,1323.1784764181136,1316.8921886550916,190.1427131085523,-148.02161823113653,-1.1145350049411609,stop_loss,1
2016-09-21 15:15:00,2016-09-21 15:30:00,short,1324.89,1325.6633546666387,1325.5833546666388,1319.3431626668903,190.90682257821726,-147.63868213401628,-1.1153810652025433,stop_loss,1
2016-09-21 15:45:00,2016-09-21 18:45:00,short,1328.0,1327.29,1328.8242190748058,1321.4062474015532,160.05844115225634,113.64149321810783,0.8614214614813755,time_stop,12
2016-09-27 14:30:00,2016-09-27 14:45:00,long,1335.54,1334.938927049483,1335.018927049483,1339.7085836041356,253.8303794695011,-152.57057511856667,-1.1535293665129827,stop_loss,1
2016-09-28 16:00:00,2016-09-28 16:15:00,long,1324.57,1324.0372706635214,1324.1172706635214,1328.191834691828,291.13738036260145,-155.0974234646563,-1.1767060217970085,stop_loss,1
2016-10-18 15:45:00,2016-10-18 16:30:00,short,1262.17,1257.1368761017573,1262.8053904872804,1257.0868761017573,206.70932819194863,1040.393659712615,7.921308233281917,take_profit,3
2016-10-19 15:00:00,2016-10-19 15:15:00,short,1270.3300000000002,1270.971898371919,1270.891898371919,1265.8348130246488,239.30007357952798,-153.60632763075805,-1.142374500439862,stop_loss,1
2016-10-24 14:15:00,2016-10-24 14:30:00,long,1264.21,1263.6923612083315,1263.7723612083314,1267.7111103333489,306.19201339670775,-158.4968638332353,-1.182799152001363,stop_loss,1
2016-10-26 14:30:00,2016-10-26 17:00:00,long,1270.72,1270.1136832220086,1270.1936832220085,1274.9305342239318,253.69894662977774,-153.82192790038502,-1.1519997145164538,stop_loss,10
2016-10-27 14:45:00,2016-10-27 15:00:00,long,1269.1399999999999,1268.6729888282073,1268.7529888282072,1272.2360893743405,343.8261117113368,-160.57063532320203,-1.2067123789459648,stop_loss,1
2016-10-27 15:15:00,2016-10-27 15:30:00,long,1268.37,1271.4426484911405,1267.9796689386073,1271.4926484911405,339.66765034621716,1043.6792933255858,7.871903609665735,take_profit,1
2016-11-08 14:15:00,2016-11-08 14:30:00,long,1281.18,1280.6058486404443,1280.6858486404442,1285.1332108764477,274.640289328158,-157.68509550655992,-1.161893716273145,stop_loss,1
2016-11-10 16:00:00,2016-11-10 16:15:00,long,1276.1699999999998,1274.6035099021556,1274.6835099021555,1288.0619207827554,90.97996499938228,-142.51921427375152,-1.0538180510693882,stop_loss,1
2016-11-16 16:00:00,2016-11-16 16:15:00,short,1227.43,1228.470761739278,1228.390761739278,1219.743906085776,140.31913836649133,-146.03879050029542,-1.0832672625577728,stop_loss,1
2016-11-18 15:30:00,2016-11-18 17:45:00,short,1215.41,1206.305836856821,1216.5542703928975,1206.2558368568211,117.43303321799259,1069.1294928149625,7.956304034159637,take_profit,9
2016-12-02 14:15:00,2016-12-02 15:00:00,short,1172.3500000000001,1173.0948194541884,1173.0148194541885,1167.0314443664943,206.9472105113193,-154.13830837882085,-1.1203334220981842,stop_loss,3
2016-12-07 16:00:00,2016-12-07 16:15:00,short,1176.22,1176.996075566734,1176.916075566734,1170.6513954661284,196.9902739959304,-152.87933853245397,-1.1149300504473878,stop_loss,1
2016-12-08 14:30:00,2016-12-08 14:45:00,short,1177.63,1178.2784131490669,1178.198413149067,1173.0826948074648,240.42631459450865,-155.89558376473968,-1.1407426976861186,stop_loss,1
2016-12-12 15:30:00,2016-12-12 15:45:00,short,1159.0,1159.9143751843828,1159.834375184383,1152.3249985249367,163.22847850110676,-149.25207012597897,-1.0958801286247437,stop_loss,1
2016-12-13 14:45:00,2016-12-13 15:15:00,short,1160.13,1160.7491993511399,1160.66919935114,1155.8164051908816,251.75482008383477,-155.8864212422128,-1.148368131064726,stop_loss,2
2016-12-13 15:30:00,2016-12-13 15:45:00,short,1162.22,1162.970940588358,1162.890940588358,1156.8524752931366,201.6249705549405,-151.40837401617827,-1.119235594608624,stop_loss,1
2016-12-13 16:00:00,2016-12-13 16:45:00,short,1163.14,1157.8351445129597,1163.8093569358803,1157.7851445129597,201.4234021082704,1068.5220398924057,7.925301438857702,take_profit,3
2016-12-15 16:00:00,2016-12-15 16:30:00,short,1131.79,1132.9790300728673,1132.8990300728674,1122.91775941706,124.45985077081538,-147.98650543108258,-1.0721351043196556,stop_loss,2
2016-12-21 14:15:00,2016-12-21 16:00:00,short,1135.55,1136.1679499319434,1136.0879499319435,1131.246400544451,255.7594112077492,-158.0465107497345,-1.1487127244554067,stop_loss,7
2016-12-28 15:00:00,2016-12-28 18:00:00,short,1139.52,1138.9299999999998,1139.9491799637253,1136.086560290197,319.473484108472,188.48935562404498,1.3747146881668415,time_stop,12
2016-12-30 15:00:00,2016-12-30 15:15:00,long,1157.9099999999999,1157.2268405214356,1157.3068405214356,1162.7352758285142,228.25984052421782,-155.9378736296769,-1.1326349047690538,stop_loss,1
2016-12-30 15:30:00,2016-12-30 15:45:00,long,1157.0,1156.317275755728,1156.3972757557278,1161.8217939541782,227.64850438786826,-155.42115311787992,-1.1327306819995817,stop_loss,1
2017-01-04 14:15:00,2017-01-04 15:45:00,long,1164.61,1163.8137874632528,1163.8937874632527,1170.3397002939769,190.92518252829456,-152.01702390976308,-1.1116986870451333,stop_loss,6
2017-01-09 15:00:00,2017-01-09 17:15:00,long,1178.4099999999999,1177.7035904003644,1177.7835904003643,1183.4212767970832,217.56843815146837,-153.69243328788576,-1.1277119636200934,stop_loss,9
2017-01-10 15:00:00,2017-01-10 15:15:00,long,1182.12,1181.34766443398,1181.42766443398,1187.658684528159,196.1850403219324,-151.52068416166077,-1.115550903241664,stop_loss,1
2017-01-10 15:30:00,2017-01-10 16:30:00,long,1181.97,1187.524477986015,1181.2694402517482,1187.574477986015,193.23308143414388,1073.3088969957853,7.9286285001033505,take_profit,4
2017-01-12 15:30:00,2017-01-12 15:45:00,long,1201.44,1200.4649407617317,1200.5449407617316,1208.600473906147,154.84030514285865,-150.97846998584026,-1.0893795590051578,stop_loss,1
2017-01-13 16:00:00,2017-01-13 16:15:00,long,1196.4199999999998,1195.5142185853933,1195.5942185853933,1203.0262513168525,167.28193166018053,-151.5208646972676,-1.0968779371694155,stop_loss,1
2017-01-19 15:45:00,2017-01-19 16:00:00,long,1200.75,1199.853952456892,1199.933952456892,1207.2783803448635,168.72025255537926,-151.18136777479157,-1.0980335039000817,stop_loss,1
2017-01-30 15:15:00,2017-01-30 15:30:00,short,1191.43,1192.040422416643,1191.960422416643,1187.1866206668558,258.71871014723246,-157.92770027880886,-1.1508231882548328,stop_loss,1
2017-01-30 15:45:00,2017-01-30 16:00:00,short,1192.5800000000002,1193.2112825939423,1193.1312825939424,1188.1697392484623,248.06954159075624,-156.60198369345514,-1.1451161362230677,stop_loss,1
2017-01-31 14:30:00,2017-01-31 14:45:00,short,1205.14,1205.9422051138454,1205.8622051138454,1199.362359089238,188.7090132739167,-151.3833354770319,-1.1107718547906298,stop_loss,1
2017-02-01 15:30:00,2017-02-01 15:45:00,long,1206.1499999999999,1205.4543248269624,1205.5343248269623,1211.0754013843007,220.62358587329985,-153.48235127854915,-1.1299386486631198,stop_loss,1
2017-02-01 16:00:00,2017-02-01 16:15:00,long,1205.76,1205.0430657946767,1205.1230657946767,1210.855473642586,212.53689348674467,-152.37496883378967,-1.1256016702059806,stop_loss,1
2017-02-02 14:45:00,2017-02-02 17:15:00,long,1219.58,1218.7373296170008,1218.8173296170007,1225.681363063994,176.89803544987666,-149.06673528434143,-1.104894593763202,stop_loss,10
2017-02-07 15:30:00,2017-02-07 17:30:00,long,1228.01,1233.405351367798,1227.3293310790252,1233.455351367798,197.5522726231479,1065.863924308896,7.926542848572287,take_profit,8
2017-02-13 15:30:00,2017-02-13 15:45:00,long,1226.24,1225.593960935535,1225.673960935535,1230.7683125157212,243.20809756398484,-157.12193182053895,-1.1413330015933372,stop_loss,1
2017-02-13 16:00:00,2017-02-13 16:30:00,long,1225.3899999999999,1224.7322418270683,1224.8122418270682,1230.0120653834533,237.4590696377726,-156.19064379098077,-1.1384662368235978,stop_loss,2
2017-02-15 15:15:00,2017-02-15 15:30:00,long,1225.4199999999998,1224.8788028900412,1224.9588028900412,1229.1095768796688,296.45750880974583,-160.44194699336143,-1.1734616246990264,stop_loss,1
2017-02-15 15:45:00,2017-02-15 16:30:00,long,1218.1299999999999,1223.8774412891023,1217.4053198388622,1223.9274412891023,188.00572687642887,1080.551877237301,7.931004044707427,take_profit,3
2017-02-21 15:00:00,2017-02-21 15:15:00,long,1229.99,1229.4463378355138,1229.5263378355137,1233.6992973158915,300.8347170916288,-163.55245344664354,-1.1725394179802375,stop_loss,1
2017-03-01 14:15:00,2017-03-01 15:15:00,long,1241.44,1240.6511644910277,1240.7311644910276,1247.1106840717794,196.0892434980899,-154.6821581988281,-1.1128611631151146,stop_loss,4
2017-03-01 16:00:00,2017-03-01 17:45:00,long,1237.85,1244.761985217754,1236.9797518477806,1244.811985217754,159.18559768396025,1100.2884980708902,7.942545123625802,take_profit,7
2017-03-02 14:15:00,2017-03-02 14:30:00,long,1239.8999999999999,1239.3187893452139,1239.3987893452138,1243.9096852382884,282.9784969338903,-164.47011749330198,-1.1596135262409262,stop_loss,1
2017-03-03 15:00:00,2017-03-03 15:15:00,short,1228.21,1228.903676131495,1228.8236761314952,1223.300590948038,230.31436311817973,-159.7635764355691,-1.1303619220206884,stop_loss,1
2017-03-03 15:30:00,2017-03-03 17:45:00,short,1230.41,1225.1417850521348,1231.0747768684832,1225.0917850521348,211.88934714023253,1116.2786258975962,7.924786793328051,take_profit,9
2017-03-09 14:30:00,2017-03-09 14:45:00,short,1206.14,1206.7820653859067,1206.7020653859067,1201.643476912747,256.5679654901788,-164.73340977371322,-1.1423321948048515,stop_loss,1
2017-03-09 15:00:00,2017-03-09 17:45:00,short,1207.72,1203.163099991093,1208.2958625011133,1203.1130999910931,249.56265085390484,1137.2320458990012,7.913173717853072,take_profit,11
2017-03-10 15:45:00,2017-03-10 16:00:00,short,1201.2,1201.9386050226567,1201.8586050226568,1195.9311598187464,223.38953300023113,-164.99663108289568,-1.1214688580375798,stop_loss,1
2017-03-16 14:15:00,2017-03-16 14:30:00,short,1227.8500000000001,1228.548810797347,1228.468810797347,1222.8995136212245,236.95526836039664,-165.58690001845923,-1.129280226432572,stop_loss,1
2017-03-16 14:45:00,2017-03-16 17:45:00,short,1231.46,1228.4499999999998,1232.2383368609778,1225.2333051121782,187.75124907486514,565.1312597153851,3.867220159943211,time_stop,12
2017-03-20 14:15:00,2017-03-20 17:15:00,long,1231.08,1232.9,1230.6900908217556,1234.199273425954,379.1372962656769,690.0298792035941,4.6677536758562495,time_stop,12
2017-03-24 15:45:00,2017-03-24 16:00:00,long,1244.36,1248.3195803054966,1243.8588024618127,1248.3695803054966,299.08207811341424,1184.2395062249093,7.900238935367706,take_profit,1
2017-03-30 15:45:00,2017-03-30 16:00:00,long,1246.95,1246.358315860986,1246.438315860986,1251.043473112113,299.89579133858456,-177.443583092086,-1.1563464526261784,stop_loss,1
2017-03-31 15:45:00,2017-03-31 16:15:00,long,1240.5,1243.9358004307921,1240.064274946151,1243.985800430792,350.9543178317091,1205.8089963945483,7.885248737574699,take_profit,2
2017-04-05 15:30:00,2017-04-05 16:15:00,long,1248.59,1247.9634509991345,1248.0434509991344,1252.9623920069241,286.40984756542144,-179.44980383014132,-1.1463729690718265,stop_loss,3
2017-04-07 14:15:00,2017-04-07 14:30:00,long,1263.6499999999999,1263.00908360759,1263.0890836075898,1268.1373311392808,278.1139376996516,-178.24778162938992,-1.142623751208623,stop_loss,1
2017-04-10 14:15:00,2017-04-10 14:30:00,long,1251.47,1250.9750055991146,1251.0550055991146,1254.7899552070837,374.61691757007054,-185.43327667412825,-1.1927736852093271,stop_loss,1
2017-04-10 15:30:00,2017-04-10 18:15:00,long,1248.1399999999999,1252.7322238663646,1247.5597220167042,1252.7822238663646,266.9541631731982,1225.91327934939,7.913834401028516,take_profit,11
2017-04-18 14:15:00,2017-04-18 14:30:00,long,1284.85,1284.2854937033542,1284.365493703354,1288.7260503731668,327.31331744179283,-184.77042867189525,-1.165116533167392,stop_loss,1
2017-04-21 15:30:00,2017-04-21 15:45:00,long,1282.51,1281.905556697974,1281.9855566979738,1286.7055464162095,301.3310521461825,-182.13753616223266,-1.1525427051710868,stop_loss,1
2017-04-21 16:00:00,2017-04-21 17:15:00,long,1282.3899999999999,1281.7731840916201,1281.85318409162,1286.6845272670375,293.3680558338552,-180.95408384876032,-1.1490268800739853,stop_loss,5
2017-04-24 15:15:00,2017-04-24 17:30:00,long,1267.58,1272.0705335068162,1267.012433311648,1272.1205335068162,276.51689281879766,1241.70837240354,7.911904625438406,take_profit,9
2017-04-26 14:15:00,2017-04-26 15:30:00,short,1265.49,1261.9020832775125,1265.944739590311,1261.8520832775125,353.31628402503674,1267.6694037805846,7.8900469607979575,take_profit,5
2017-04-28 15:15:00,2017-04-28 15:30:00,short,1268.1100000000001,1265.0239205841951,1268.5020099269757,1264.9739205841952,419.5554733218092,1294.7815100067544,7.872452209602803,take_profit,1
2017-05-01 15:45:00,2017-05-01 17:00:00,short,1264.71,1265.1863779912828,1265.106377991283,1261.538976069737,424.7315912879721,-202.3327822921065,-1.2018275528896307,stop_loss,5
2017-05-03 15:15:00,2017-05-03 15:30:00,short,1254.3400000000001,1251.549057816737,1254.695117772908,1251.4990578167371,472.37077228966064,1318.3595145237543,7.859201640093546,take_profit,1
2017-05-09 14:15:00,2017-05-09 15:30:00,short,1225.54,1221.6772581202367,1226.0290927349704,1221.6272581202368,351.0629435053386,1356.0655343110257,7.897769898374783,take_profit,5
2017-05-15 15:15:00,2017-05-15 15:45:00,short,1235.6100000000001,1236.2407366415366,1236.1607366415367,1231.2041068677074,319.15532494501633,-201.30295778430573,-1.145259991738931,stop_loss,2
2017-05-18 14:45:00,2017-05-18 15:00:00,long,1259.79,1258.8201179024652,1258.9001179024651,1266.9090567802782,196.84250689009653,-190.91402346656812,-1.089899549863453,stop_loss,1
2017-05-24 14:15:00,2017-05-24 17:15:00,long,1251.73,1253.3000000000002,1251.2505510489684,1255.5655916082524,364.15530885887324,571.7238349084906,3.274592626852337,time_stop,12
2017-05-25 15:30:00,2017-05-25 15:45:00,long,1256.62,1256.0778961817891,1256.157896181789,1260.3168305456868,381.53558876083434,-206.83189945053948,-1.1731212702584233,stop_loss,1
2017-05-25 16:00:00,2017-05-25 17:30:00,long,1254.9099999999999,1254.294946197563,1254.3749461975628,1259.1904304194952,328.3568042150932,-201.95710098853246,-1.1495176739900772,stop_loss,6
2017-06-01 14:15:00,2017-06-01 15:15:00,long,1265.49,1264.9721625737209,1265.0521625737208,1268.9926994102327,399.88058315676227,-207.07313200089516,-1.1827162211320703,stop_loss,4
2017-06-01 15:30:00,2017-06-01 16:00:00,long,1262.44,1261.752557181317,1261.8325571813168,1267.2995425494653,287.20640130467376,-197.43797805673358,-1.1316996391089849,stop_loss,2
2017-06-02 15:00:00,2017-06-02 15:15:00,long,1262.46,1261.9791495442769,1262.0591495442768,1265.6668036457859,433.7506657052664,-208.56920527460017,-1.1995756743137242,stop_loss,1
2017-06-08 14:45:00,2017-06-08 15:00:00,long,1282.6499999999999,1281.9970729217998,1282.0770729217998,1287.2334166256003,302.38306233778127,-197.43408938938708,-1.139633826090491,stop_loss,1
2017-06-09 16:00:00,2017-06-09 16:15:00,long,1267.5,1266.6910472960244,1266.7710472960243,1273.3316216318053,236.84820865961441,-191.59899882697033,-1.1097464891255797,stop_loss,1
2017-06-13 14:45:00,2017-06-13 15:00:00,short,1263.7,1264.169302411574,1264.0893024115742,1260.585580707407,442.01201950419653,-207.43730669804108,-1.2054957730070284,stop_loss,1
2017-06-19 15:15:00,2017-06-19 15:30:00,short,1252.43,1249.1128402262964,1252.850894971713,1249.0628402262964,407.3558601089868,1351.2644727359943,7.881205518336813,take_profit,1
2017-06-22 15:15:00,2017-06-22 15:30:00,short,1252.0800000000002,1252.6026999118144,1252.5226999118145,1248.5384007054854,396.4487499366516,-207.22372663075467,-1.180709319936531,stop_loss,1
2017-06-22 16:00:00,2017-06-22 19:00:00,short,1253.54,1250.9399999999998,1254.0828650533003,1249.1970795735974,322.1540130327605,837.6004338852212,4.789403893644119,time_stop,12
2017-06-23 14:15:00,2017-06-23 15:15:00,short,1257.6100000000001,1258.1404066882994,1258.0604066882995,1254.0067464936042,393.8639486625459,-208.9080726505898,-1.1776172558671065,stop_loss,4
2017-06-28 14:30:00,2017-06-28 15:15:00,short,1253.42,1253.9805588086158,1253.9005588086159,1249.5755295310742,367.8472423569517,-206.20001192819237,-1.1664728615221092,stop_loss,3
2017-07-10 14:30:00,2017-07-10 14:45:00,short,1211.3600000000001,1211.9867390712675,1211.9067390712676,1206.9860874298606,322.18958139487427,-201.9287990154449,-1.1463220834290715,stop_loss,1
2017-07-11 15:15:00,2017-07-11 15:45:00,short,1211.57,1212.0774290526178,1211.997429052618,1208.1505675790563,410.70639684319644,-208.40435785425788,-1.1871655646941435,stop_loss,2
2017-07-14 14:15:00,2017-07-14 14:30:00,short,1221.28,1221.7409324387208,1221.660932438721,1218.232540490232,459.19594986608433,-211.65830902252264,-1.2100109937303907,stop_loss,1
2017-07-20 14:30:00,2017-07-20 15:15:00,long,1235.46,1238.6499394935047,1235.055007563312,1238.6999394935046,430.3479332392731,1372.7838681880612,7.876540904299483,take_profit,3
2017-07-26 15:15:00,2017-07-26 18:15:00,long,1246.1599999999999,1247.8300000000002,1245.683166783341,1249.9746657332714,374.1476127876435,624.8265133554769,3.5022727898485795,time_stop,12
2017-07-27 15:00:00,2017-07-27 17:15:00,long,1261.51,1260.9214060178872,1261.0014060178871,1265.5787518569023,354.46838852061626,-208.63796033245583,-1.15729639518655,stop_loss,9
2017-08-02 15:45:00,2017-08-02 16:00:00,long,1265.35,1264.6875966076402,1264.7675966076401,1270.0092271388785,308.47103180823814,-204.33225791447157,-1.1373618372581684,stop_loss,1
2017-08-04 15:00:00,2017-08-04 15:30:00,long,1267.8799999999999,1267.44026497395,1267.52026497395,1270.7578802083992,497.7040477877144,-218.85790241907247,-1.2223859068669434,stop_loss,2
2017-08-04 15:45:00,2017-08-04 16:00:00,long,1263.98,1263.2621327069128,1263.3421327069127,1269.0829383446987,279.6584913853188,-200.7576841996395,-1.1254179370331454,stop_loss,1
2017-08-08 14:15:00,2017-08-08 14:30:00,short,1263.97,1264.4667300021065,1264.3867300021066,1260.6361599831475,426.6137089663801,-211.9118285535148,-1.1919708194647238,stop_loss,1
2017-08-14 14:15:00,2017-08-14 15:15:00,long,1279.31,1283.7359129305487,1278.7505108836813,1283.7859129305486,316.62277457006996,1401.344832075894,7.9106327566662475,take_profit,4
2017-08-15 15:15:00,2017-08-15 15:30:00,long,1273.05,1272.4608007255351,1272.540800725535,1277.1235941957198,356.14942899787405,-209.84298516660652,-1.1571094147453331,stop_loss,1
2017-08-15 15:45:00,2017-08-15 16:00:00,long,1268.31,1267.5694149113033,1267.6494149113032,1273.5946807095747,273.57793111535017,-202.60773638051086,-1.1211047620795664,stop_loss,1
2017-08-24 14:30:00,2017-08-24 16:45:00,long,1285.94,1289.336430283429,1285.5091962145714,1289.386430283429,418.08750241814994,1420.0050543362108,7.883937881486682,take_profit,9
2017-08-25 14:30:00,2017-08-25 15:00:00,long,1287.27,1286.8265626854363,1286.9065626854363,1290.177498516509,507.30534938740175,-224.95812179612503,-1.2201204906435108,stop_loss,2
2017-08-25 15:15:00,2017-08-25 16:15:00,long,1285.6399999999999,1288.8547719536336,1285.2319035057956,1288.9047719536336,450.1357450716502,1447.0837685843824,7.877479957042695,take_profit,4
2017-08-30 15:00:00,2017-08-30 15:15:00,long,1309.76,1309.0792713251867,1309.1592713251866,1314.5658293985075,313.0199683641847,-213.08166825464662,-1.133171602012811,stop_loss,1
2017-08-31 15:15:00,2017-08-31 15:30:00,long,1305.57,1309.9132084018854,1305.0208489497643,1309.9632084018854,341.2555174033695,1482.14383037609,7.908950369887719,take_profit,1
2017-09-08 15:15:00,2017-09-08 15:30:00,long,1352.6499999999999,1351.8969871575366,1351.9769871575365,1358.034102739706,285.05734982665535,-214.6518452580106,-1.1188684597861698,stop_loss,1
2017-09-08 15:45:00,2017-09-08 16:00:00,long,1350.22,1349.4345960695089,1349.5145960695088,1355.8632314439303,271.0550557933164,-212.88770619957046,-1.1134101988122136,stop_loss,1
2017-09-11 14:45:00,2017-09-11 15:00:00,long,1335.36,1334.7541178590996,1334.8341178590995,1339.5670571272035,362.37138285631687,-219.55434924600513,-1.152125340980301,stop_loss,1
2017-09-11 15:45:00,2017-09-11 16:00:00,long,1333.18,1332.4365837196415,1332.5165837196414,1338.4873302428693,286.2546205033134,-212.80634521003236,-1.1205879360643323,stop_loss,1
2017-09-13 15:30:00,2017-09-13 15:45:00,long,1332.57,1331.9964391743183,1332.0764391743182,1336.5184866054528,383.47362004013377,-219.94544613734084,-1.1620874182820986,stop_loss,1
2017-10-02 15:45:00,2017-10-02 16:00:00,short,1274.31,1274.9752666099503,1274.8952666099503,1269.627867120397,322.25949163874515,-214.38847952682218,-1.1366898412446729,stop_loss,1
2017-10-10 15:45:00,2017-10-10 16:00:00,long,1289.46,1288.8204933686325,1288.9004933686324,1293.9360530509407,335.9469650926408,-214.84031196455237,-1.1429831131838024,stop_loss,1
2017-10-12 15:30:00,2017-10-12 15:45:00,long,1294.06,1293.5389819343707,1293.6189819343706,1297.5881445250354,424.74458173036214,-221.29960035966997,-1.18139846467687,stop_loss,1
2017-10-12 16:00:00,2017-10-12 16:45:00,long,1292.1299999999999,1291.5001936066767,1291.5801936066766,1296.5284511465866,339.4942970596757,-213.81567878494224,-1.1455057652501548,stop_loss,3
2017-10-13 14:15:00,2017-10-13 14:30:00,long,1293.0,1292.4822836965297,1292.5622836965297,1296.5017304277633,424.96632295636925,-220.01199382031663,-1.1827667815104606,stop_loss,1
2017-10-13 14:45:00,2017-10-13 15:15:00,long,1292.03,1291.493168085273,1291.573168085273,1295.6846553178161,405.73927964982005,-217.81379437433318,-1.1751191136629244,stop_loss,2
2017-10-17 14:30:00,2017-10-17 15:15:00,long,1287.62,1287.0076089323702,1287.0876089323701,1291.879128541038,346.9277038053174,-212.45542692365424,-1.1502654812675437,stop_loss,3
2017-10-17 15:45:00,2017-10-17 16:00:00,long,1286.45,1285.744448719891,1285.8244487198908,1291.4544102408738,294.2426147802714,-207.60325352088344,-1.1278871973309035,stop_loss,1
2017-10-20 14:15:00,2017-10-20 14:30:00,short,1282.32,1282.9706428701213,1282.8906428701214,1277.754857039029,321.46381595704486,-209.15813985446067,-1.1401927618633023,stop_loss,1
2017-10-20 14:45:00,2017-10-20 17:45:00,short,1283.8500000000001,1282.29,1284.439508393115,1279.1339328550814,310.11188694434975,483.7745436332392,2.646272755774698,time_stop,12
2017-10-26 16:00:00,2017-10-26 18:00:00,short,1277.77,1272.149203540669,1278.4788495574164,1272.0992035406691,259.94921187628375,1461.1216097200747,7.929463171024789,take_profit,8
2017-10-30 15:30:00,2017-10-30 16:00:00,short,1273.05,1273.7194197847116,1273.6394197847117,1268.3346417223065,320.0575438957939,-214.25285213005725,-1.1357266961085402,stop_loss,2
2017-11-02 15:00:00,2017-11-02 15:15:00,short,1276.24,1276.8756143851608,1276.795614385161,1271.7950849187127,338.3740505703239,-215.07541410762815,-1.143984752980726,stop_loss,1
2017-11-02 15:45:00,2017-11-02 16:00:00,short,1277.22,1277.8674689519673,1277.7874689519674,1272.680248384261,330.16830818696934,-213.77372847463752,-1.1409768758670789,stop_loss,1
2017-11-03 14:30:00,2017-11-03 14:45:00,short,1275.66,1276.1520290173182,1276.0720290173183,1272.363767861455,453.16940017861225,-222.97249464853607,-1.1941610824417777,stop_loss,1
2017-11-07 14:15:00,2017-11-07 16:15:00,long,1275.84,1279.003788268207,1275.438276466474,1279.053788268207,463.12951476200914,1465.2437254644913,7.87553629342714,take_profit,8
2017-11-13 15:00:00,2017-11-13 15:15:00,long,1277.8799999999999,1277.434108318748,1277.514108318748,1280.8071334500157,520.497639287957,-232.0855674697266,-1.2186439432735985,stop_loss,1
2017-11-16 15:00:00,2017-11-16 15:30:00,long,1277.07,1280.38076283366,1276.6499046457925,1280.4307628336599,451.6819758273856,1495.4118982034067,7.8809794026553055,take_profit,2
2017-11-17 14:45:00,2017-11-17 15:45:00,long,1282.07,1281.559906342988,1281.6399063429878,1285.510749256096,451.6126479713864,-230.36474715660702,-1.186005998218378,stop_loss,4
2017-11-20 16:00:00,2017-11-20 16:15:00,long,1289.3799999999999,1288.7659637833472,1288.845963783347,1293.6522897332218,362.4185683333404,-222.5381265441,-1.1498025742548836,stop_loss,1
2017-11-21 16:00:00,2017-11-21 16:15:00,long,1276.56,1280.7394601130445,1276.0313174858693,1280.7894601130445,364.82581046772066,1524.7749230589966,7.905425281403802,take_profit,1
2017-11-29 15:15:00,2017-11-29 15:30:00,long,1290.94,1290.3565743133456,1290.4365743133455,1294.9674054932366,392.2154882067245,-228.8285905235133,-1.1589112397731696,stop_loss,1
2017-11-29 15:45:00,2017-11-29 16:00:00,long,1287.78,1287.003525810997,1287.083525810997,1293.3517935120253,282.5156607412513,-219.36611855471287,-1.1148642710140304,stop_loss,1
2017-12-04 15:15:00,2017-12-04 16:15:00,short,1274.71,1275.319776976699,1275.239776976699,1270.471784186408,370.1685349969672,-225.72025013949965,-1.1510069397473823,stop_loss,4
2017-12-08 14:15:00,2017-12-08 14:30:00,short,1247.1100000000001,1247.538567975657,1247.4585679756572,1244.3214561947434,560.6642613136663,-240.2827474944032,-1.229510470229318,stop_loss,1
2017-12-13 15:45:00,2017-12-13 17:45:00,short,1245.49,1246.133922891838,1246.053922891838,1240.9786168652956,345.27549983338133,-222.33079833351283,-1.141863366708125,stop_loss,8
2017-12-15 15:15:00,2017-12-15 15:30:00,short,1259.71,1260.216102925523,1260.1361029255231,1256.3011765958147,455.3870774617705,-230.47273214877544,-1.1877480655682415,stop_loss,1
2017-12-15 15:45:00,2017-12-15 16:45:00,short,1260.94,1257.225657370881,1261.41054282864,1257.175657370881,410.9091372495718,1526.2573251806248,7.8937397470382145,take_profit,4
2017-12-19 15:15:00,2017-12-19 15:30:00,long,1261.9199999999998,1261.4523592652683,1261.5323592652683,1265.0211258778527,510.5993823585633,-238.7770703196104,-1.2063766597061159,stop_loss,1
2017-12-20 16:00:00,2017-12-20 16:30:00,long,1263.75,1263.2650663011161,1263.345066301116,1266.9894695910714,487.0248859592252,-236.1747793967062,-1.1975632065704025,stop_loss,2
2017-12-21 14:45:00,2017-12-21 15:15:00,long,1264.1499999999999,1263.769081489177,1263.849081489177,1266.5573480865833,653.0148765009077,-248.7454543018386,-1.2658527047112296,stop_loss,2
2017-12-22 15:45:00,2017-12-22 16:00:00,long,1267.8,1270.07737664993,1267.5090779187587,1270.12737664993,672.8881732995833,1532.4198138866213,7.828132674611094,take_profit,1
2017-12-28 15:15:00,2017-12-28 16:00:00,long,1289.47,1292.8410625903866,1289.0423671762017,1292.8910625903866,468.52176940241844,1579.4162096142302,7.883077263442285,take_profit,3
2018-01-08 15:00:00,2018-01-08 17:00:00,long,1318.4099999999999,1317.8167894191702,1317.89678941917,1322.5156846466373,399.6284245695273,-237.06380985494366,-1.1558814314985137,stop_loss,8
2018-01-09 15:45:00,2018-01-09 16:15:00,long,1311.6399999999999,1310.9811548916523,1311.0611548916522,1316.2707608667806,353.08641554088274,-232.62925770309064,-1.1382062296912074,stop_loss,2
2018-01-16 15:30:00,2018-01-16 15:45:00,long,1333.83,1333.082871412846,1333.162871412846,1339.1670286972314,305.3151380541051,-228.10966773104266,-1.1199169118823427,stop_loss,1
2018-01-17 14:15:00,2018-01-17 14:30:00,long,1336.09,1335.4130453993378,1335.4930453993377,1340.8656368052984,340.0595748124663,-230.20489366851592,-1.1340135412495014,stop_loss,1
2018-01-22 14:45:00,2018-01-22 15:00:00,long,1332.27,1331.71206364496,1331.7920636449599,1336.0934908403208,423.29802047712286,-236.17335464067682,-1.1673863039634436,stop_loss,1
2018-01-22 15:15:00,2018-01-22 17:30:00,long,1331.18,1335.0639283266032,1330.6882589591746,1335.1139283266032,409.9739013042407,1592.3092484435465,7.898320465754743,take_profit,9
2018-01-25 14:15:00,2018-01-25 14:30:00,long,1358.68,1357.9551251719088,1358.0351251719087,1363.8389986247307,320.02787470362927,-231.98015066021344,-1.1240550824982634,stop_loss,1
2018-01-29 14:15:00,2018-01-29 14:30:00,long,1343.69,1342.931277444029,1343.011277444029,1349.1197804477688,303.04279476567655,-229.92540381319785,-1.1178684858726593,stop_loss,1
2018-01-29 14:45:00,2018-01-29 17:45:00,long,1341.83,1341.0178106532699,1341.0978106532698,1347.6875147738413,279.9715742054902,-227.38992995694502,-1.109261354808284,stop_loss,12
2018-01-30 14:30:00,2018-01-30 15:00:00,long,1343.6299999999999,1342.775025324212,1342.855025324212,1349.829797406304,263.6344652461494,-225.40079145032814,-1.1032291796097613,stop_loss,2
2018-02-02 15:45:00,2018-02-02 16:00:00,long,1340.58,1339.7345295862654,1339.8145295862653,1346.7037633098766,266.02443177757453,-224.91578639849098,-1.1045108975663944,stop_loss,1
2018-02-08 15:30:00,2018-02-08 15:45:00,short,1313.8300000000002,1314.8518640844122,1314.7718640844123,1306.2950873247037,215.48659499399392,-220.19801209661273,-1.084937945213038,stop_loss,1
2018-02-08 16:00:00,2018-02-08 16:15:00,short,1314.88,1315.8945919911512,1315.8145919911512,1307.4032640707903,216.45647766748775,-219.61500867420233,-1.0855988503618474,stop_loss,1
2018-02-09 14:45:00,2018-02-09 15:00:00,short,1316.81,1317.5094648570023,1317.4294648570024,1311.854281143981,325.5061899887746,-227.68014063387477,-1.129143726388365,stop_loss,1
2018-02-15 14:15:00,2018-02-15 14:30:00,long,1350.37,1349.6118026979336,1349.6918026979336,1355.7955784165301,296.30994461437484,-224.66140058202325,-1.1179597732933801,stop_loss,1
2018-02-16 14:30:00,2018-02-16 15:45:00,long,1354.87,1354.1055019759683,1354.1855019759682,1360.345984192253,292.59780712221124,-223.69044538090435,-1.11687396777091,stop_loss,5
2018-02-21 16:00:00,2018-02-21 16:15:00,short,1329.76,1330.3742055233795,1330.2942055233796,1325.4863558129643,373.6605870568208,-229.50439643952447,-1.149755097052946,stop_loss,1
2018-02-22 15:30:00,2018-02-22 15:45:00,short,1324.0,1324.6412948469783,1324.5612948469784,1319.5096412241724,354.40025390673674,-227.2750565982006,-1.1425275867587041,stop_loss,1
2018-02-22 16:00:00,2018-02-22 16:30:00,short,1326.93,1327.669330760915,1327.5893307609151,1321.6553539126792,300.67035070646955,-222.2948391723885,-1.1213351548908457,stop_loss,2
2018-02-23 14:15:00,2018-02-23 14:30:00,short,1330.94,1331.5010579481839,1331.421057948184,1327.0915364145292,410.70795596303327,-230.43096307538843,-1.1663001314123316,stop_loss,1
2018-03-02 14:45:00,2018-03-02 15:30:00,short,1323.2,1323.9950332927795,1323.9150332927795,1317.479733657765,275.3480651842446,-218.91087892386903,-1.1118829022477414,stop_loss,3
2018-03-02 16:00:00,2018-03-02 18:45:00,short,1324.94,1318.0914034870004,1325.802324564125,1318.0414034870005,227.55504045219985,1558.4326565564234,7.942017191577173,take_profit,11
2018-03-07 14:15:00,2018-03-07 16:30:00,long,1329.7,1329.0807724759738,1329.1607724759738,1334.0138201922102,372.57296797827854,-230.70743648028235,-1.1483603793118493,stop_loss,9
2018-03-12 15:15:00,2018-03-12 16:45:00,short,1318.3300000000002,1319.0062610266284,1318.9262610266285,1313.559911786974,335.7748834679497,-227.07146741001787,-1.1341694265216407,stop_loss,6
2018-03-14 14:15:00,2018-03-14 14:30:00,short,1327.2,1327.7889622432922,1327.7089622432923,1323.1283020536632,392.0295954366473,-230.89062996527952,-1.157182582901333,stop_loss,1
2018-03-15 14:45:00,2018-03-15 15:00:00,long,1319.84,1319.2130532482615,1319.2930532482615,1324.215574013908,363.5373824023732,-227.91858103264386,-1.1462665236527116,stop_loss,1
2018-03-15 15:15:00,2018-03-15 15:30:00,long,1319.04,1318.3700561171236,1318.4500561171235,1323.7595510630126,335.8825143354771,-225.02243584419625,-1.135606118347834,stop_loss,1
2018-03-15 15:45:00,2018-03-15 17:30:00,long,1317.47,1316.7477779785402,1316.82777797854,1322.6077761716792,307.4898723356394,-222.07595717667868,-1.1245675129888375,stop_loss,7
2018-03-19 14:15:00,2018-03-19 15:15:00,short,1312.56,1313.1788754405322,1313.0988754405323,1308.2489964757415,365.22454859677225,-226.0285034060351,-1.1484573131054066,stop_loss,4
2018-03-19 15:30:00,2018-03-19 15:45:00,short,1313.3,1313.9626782719654,1313.8826782719655,1308.6385738242761,336.6050588200288,-223.06085871367958,-1.1372970365448314,stop_loss,1
2018-03-21 15:00:00,2018-03-21 15:15:00,short,1318.6200000000001,1319.2753285888587,1319.1953285888587,1314.0173712891306,339.74197565905536,-222.64262948466046,-1.1390509728686324,stop_loss,1
2018-03-21 15:30:00,2018-03-21 15:45:00,short,1322.07,1322.8476812832505,1322.7676812832506,1316.4885497339951,279.2039119007433,-217.1316564955459,-1.1146655384349597,stop_loss,1
2018-03-28 15:15:00,2018-03-28 15:30:00,long,1335.3799999999999,1334.648808711415,1334.728808711415,1340.5895303086795,298.1365874778861,-217.9948755722293,-1.122851766297087,stop_loss,1
2018-03-29 15:30:00,2018-03-29 15:45:00,long,1323.6299999999999,1323.0164216292071,1323.096421629207,1327.898626966342,362.6270751188784,-222.5001299567873,-1.1499311148633258,stop_loss,1
2018-03-29 16:00:00,2018-03-29 16:15:00,long,1322.87,1322.2039043639593,1322.2839043639592,1327.5587650883253,328.9948801871799,-219.14205397238354,-1.1364964949071459,stop_loss,1
2018-04-02 15:15:00,2018-04-02 15:30:00,short,1333.57,1334.0413339047532,1333.9613339047532,1330.4393287619744,491.05133764643614,-231.44914440719506,-1.204429003028393,stop_loss,1
2018-04-02 15:45:00,2018-04-02 16:00:00,short,1334.49,1335.0119919893025,1334.9319919893026,1330.95406408558,433.19945744815175,-226.1266465581149,-1.1809987554891315,stop_loss,1
2018-04-09 15:00:00,2018-04-09 15:15:00,short,1329.57,1330.1629778137526,1330.0829778137527,1325.4661774899787,371.9309196373612,-220.5467835935818,-1.1559521637294197,stop_loss,1
2018-04-09 15:30:00,2018-04-09 15:45:00,short,1332.42,1333.0948890332868,1333.0148890332869,1327.6608877337062,319.60695025987985,-215.69922569260638,-1.1344788616423527,stop_loss,1
2018-04-09 16:00:00,2018-04-09 16:15:00,short,1333.54,1334.2186032991094,1334.1386032991095,1328.7511736071242,316.5428127052326,-214.80699701115697,-1.133644435503336,stop_loss,1
2018-04-13 14:15:00,2018-04-13 14:45:00,long,1336.99,1336.2238055450966,1336.3038055450966,1342.4795556392269,275.197722240848,-210.85496878297573,-1.1165850283811813,stop_loss,2
2018-04-17 15:45:00,2018-04-17 16:00:00,long,1339.31,1338.5095584859432,1338.5895584859431,1345.0735321124537,261.2378415530067,-209.10561342160054,-1.1110430179813593,stop_loss,1
2018-04-20 16:00:00,2018-04-20 16:15:00,long,1339.37,1338.5710332095425,1338.6510332095424,1345.12173432366,260.9011594788219,-208.45136201540097,-1.1112707861638882,stop_loss,1
2018-04-26 14:15:00,2018-04-26 14:45:00,short,1325.2,1325.799423067241,1325.719423067241,1321.0446154620724,359.9260929325338,-215.74800260564456,-1.154017033600121,stop_loss,2
2018-05-03 15:00:00,2018-05-03 18:00:00,short,1317.66,1313.84,1318.4104767320111,1311.6561861439109,248.2510958920762,948.3191863077717,5.090097849887553,time_stop,12
2018-05-08 14:45:00,2018-05-08 15:00:00,short,1310.82,1311.473163735826,1311.393163735826,1306.2346901133915,330.0132525823079,-215.55268892873502,-1.1395761716931259,stop_loss,1
2018-05-09 14:30:00,2018-05-09 14:45:00,short,1309.8700000000001,1310.5694191219104,1310.4894191219105,1304.9146470247172,304.32539775978256,-212.85100247614864,-1.129153261774026,stop_loss,1
2018-05-09 15:00:00,2018-05-09 15:15:00,short,1311.25,1312.0246522020552,1311.9446522020553,1305.6927823835572,270.4467316048405,-209.5021561763273,-1.1151655458130387,stop_loss,1
2018-05-10 14:45:00,2018-05-10 15:30:00,short,1318.02,1318.7266114916615,1318.6466114916616,1313.0071080667076,298.81020962913703,-211.14272794974,-1.1276708152730948,stop_loss,3
2018-05-10 15:45:00,2018-05-10 16:00:00,short,1320.48,1321.269005383521,1321.1890053835211,1314.8079569318315,263.19191268880377,-207.65983601066668,-1.112834122080463,stop_loss,1
2018-05-14 15:00:00,2018-05-14 15:30:00,long,1318.95,1318.4567925762142,1318.536792576214,1322.2556593902877,450.09235744975126,-221.98889208349692,-1.1936073637471043,stop_loss,2
2018-05-18 15:00:00,2018-05-18 16:30:00,short,1288.6200000000001,1289.160731286726,1289.0807312867262,1284.934149706191,402.2204311935164,-217.4931713067511,-1.1736370034004084,stop_loss,6
2018-05-21 16:00:00,2018-05-21 16:15:00,short,1287.0,1287.6369277741678,1287.556927774168,1282.5445778066573,331.57451623468705,-211.1890185961296,-1.1436451972959256,stop_loss,1
2018-05-24 15:45:00,2018-05-24 16:00:00,short,1298.07,1298.6588309281085,1298.5788309281086,1293.9993525751308,361.6711958245975,-212.9631859075319,-1.1572231473768573,stop_loss,1
2018-05-29 15:15:00,2018-05-29 15:30:00,long,1302.03,1301.1775846948171,1301.257584694817,1308.2093224414627,237.4248664589084,-202.38459000056324,-1.1035712258200059,stop_loss,1
2018-05-31 15:30:00,2018-05-31 15:45:00,long,1303.47,1302.8412709530278,1302.9212709530277,1307.8598323757783,333.1032827994051,-209.4317095377943,-1.1457914437760097,stop_loss,1
2018-06-01 14:15:00,2018-06-01 14:30:00,long,1298.02,1297.4711741009312,1297.5511741009311,1301.7706071925513,388.5347463675378,-213.23793149462753,-1.1706390371325814,stop_loss,1
2018-06-01 14:45:00,2018-06-01 15:15:00,long,1295.0,1294.3632572604968,1294.4432572604967,1299.4539419160265,326.03108242184965,-207.59792458449311,-1.1436929380907572,stop_loss,2
2018-06-01 15:30:00,2018-06-01 15:45:00,long,1294.0,1293.362963265784,1293.4429632657839,1298.4562938737283,324.7409607044521,-206.87192107334792,-1.1436170993507366,stop_loss,1
2018-06-01 16:00:00,2018-06-01 18:00:00,long,1292.43,1298.416090125817,1291.675488734273,1298.466090125817,238.92556233743997,1430.229949513393,7.933731937120618,take_profit,8
2018-06-04 14:15:00,2018-06-04 14:30:00,short,1295.04,1295.5974932423471,1295.5174932423472,1291.2200540612228,386.52425193510953,-215.48465845711618,-1.1675416380903476,stop_loss,1
2018-06-04 14:45:00,2018-06-04 15:00:00,short,1295.66,1296.2159763161055,1296.1359763161056,1291.8521894711564,386.39793221600746,-214.82809890421666,-1.1680755896732318,stop_loss,1
2018-06-04 15:15:00,2018-06-04 15:30:00,short,1296.79,1297.403749986846,1297.323749986846,1292.5200001052317,343.3663410714401,-210.74108731594177,-1.149882907674908,stop_loss,1
2018-06-05 15:15:00,2018-06-05 15:30:00,short,1292.69,1293.2513257910068,1293.171325791007,1288.8393936719444,379.45100840380434,-212.99563744058045,-1.1662075905647669,stop_loss,1
2018-06-06 14:45:00,2018-06-06 15:00:00,short,1295.25,1295.7775765184713,1295.6975765184714,1291.6693878522285,406.635652999816,-214.53142209593767,-1.1787403867235005,stop_loss,1
2018-06-06 15:45:00,2018-06-06 16:00:00,short,1297.8600000000001,1298.436842668265,1298.356842668265,1293.8852586538812,365.01892283736873,-210.5584894166571,-1.1610167666945939,stop_loss,1
2018-06-07 15:30:00,2018-06-07 16:15:00,short,1302.45,1298.2108588239635,1302.9861426470047,1298.1608588239635,337.0843582974035,1428.948183056392,7.90674123709389,take_profit,3
2018-06-13 14:15:00,2018-06-13 15:15:00,short,1295.02,1295.4279647186688,1295.347964718669,1292.3962822506483,564.1220964910835,-230.14191238985896,-1.2439286772205818,stop_loss,4
2018-06-13 16:00:00,2018-06-13 16:15:00,short,1296.53,1297.0155803877822,1296.9355803877822,1293.2853568977425,454.4640827958286,-220.67884555707698,-1.1972481964361528,stop_loss,1
2018-06-14 15:00:00,2018-06-14 15:15:00,long,1303.29,1307.2463230940352,1302.7892096132455,1307.2963230940352,366.7396324978007,1450.9404775490566,7.900157827859525,take_profit,1
2018-06-15 15:30:00,2018-06-15 15:45:00,long,1294.53,1293.792226881818,1293.8722268818178,1299.7921849454572,285.8318447993426,-210.8790514133463,-1.1216224831762946,stop_loss,1
2018-06-15 16:00:00,2018-06-15 16:15:00,long,1292.32,1291.556996648098,1291.636996648098,1297.7840268152156,274.3469210705443,-209.3276203608032,-1.117129732639151,stop_loss,1
2018-06-20 14:15:00,2018-06-20 14:30:00,short,1273.3400000000001,1273.908429338493,1273.8284293384932,1269.4325652920556,382.35189636703484,-217.3400355234322,-1.1637903248129162,stop_loss,1
2018-06-21 15:00:00,2018-06-21 15:15:00,short,1264.06,1264.6821018029937,1264.6021018029937,1259.7231855760497,343.2932019037406,-213.56331985980123,-1.1475737574716103,stop_loss,1
2018-06-25 14:45:00,2018-06-25 15:30:00,short,1269.5800000000002,1270.1762459716113,1270.0962459716113,1265.4500322271103,359.2457548271837,-214.1988341340961,-1.1549648896053415,stop_loss,3
2018-07-03 15:00:00,2018-07-03 15:15:00,short,1247.72,1248.3601358293838,1248.2801358293839,1243.2389133649283,329.94957214010515,-211.21254301672963,-1.1428225009064799,stop_loss,1
2018-07-05 15:30:00,2018-07-05 15:45:00,short,1255.41,1255.9494827053811,1255.8694827053812,1251.7341383569503,400.84847037654947,-216.25081724658983,-1.1741088381848308,stop_loss,1
2018-07-09 15:45:00,2018-07-09 16:00:00,long,1263.52,1262.9611598031079,1263.0411598031078,1267.3507215751374,383.2890144894872,-214.19730832388638,-1.167070351485009,stop_loss,1
2018-07-11 14:15:00,2018-07-11 15:30:00,short,1250.74,1251.289496791554,1251.209496791554,1246.9840256675668,389.54812584424633,-214.055445307295,-1.1703952006468825,stop_loss,5
2018-07-12 15:00:00,2018-07-12 15:30:00,short,1244.41,1244.9507819947983,1244.8707819947983,1240.7237440416145,395.5220276861229,-213.8911911187228,-1.1736178950198652,stop_loss,2
2018-07-12 15:45:00,2018-07-12 16:00:00,short,1245.54,1246.1481115315494,1246.0681115315494,1241.3151077476045,343.88144261434064,-209.1182707396278,-1.1514831531233687,stop_loss,1
2018-07-18 15:45:00,2018-07-18 16:00:00,short,1224.95,1225.5792507036915,1225.4992507036916,1220.555994370468,329.50417596538045,-207.34073459549313,-1.1456529767959207,stop_loss,1
2018-07-20 16:00:00,2018-07-20 16:15:00,short,1229.92,1230.7516143514417,1230.6716143514418,1223.9070851884653,239.96132853043662,-199.5552845969177,-1.106437563155191,stop_loss,1
2018-07-24 15:00:00,2018-07-24 16:45:00,short,1227.73,1228.3905553630955,1228.3105553630955,1223.0855570952356,309.6340571245932,-204.53043703065438,-1.1377990887438647,stop_loss,7
2018-07-25 14:45:00,2018-07-25 16:00:00,short,1232.81,1233.4315021496825,1233.3515021496826,1228.4779828025396,330.83178202452956,-205.6126637115558,-1.1477371789693076,stop_loss,5
2018-07-26 15:45:00,2018-07-26 16:30:00,short,1229.1100000000001,1229.697001637362,1229.6170016373621,1225.0539869011038,352.12762642620305,-206.69949327255347,-1.157790417435685,stop_loss,3
2018-07-27 14:15:00,2018-07-27 14:30:00,short,1219.24,1219.815329853576,1219.735329853576,1215.2773611713922,359.1731517780078,-206.64303682087967,-1.1615085370331655,stop_loss,1
2018-07-27 14:45:00,2018-07-27 15:15:00,short,1220.4,1220.9672231900731,1220.8872231900732,1216.5022144794148,363.87688266972617,-206.39940618175416,-1.1641957969774037,stop_loss,2
2018-07-27 15:45:00,2018-07-27 16:00:00,short,1221.9,1222.5994531323324,1222.5194531323325,1216.9443749413413,285.2032674117674,-199.4863187425779,-1.129146170750167,stop_loss,1
2018-07-30 16:00:00,2018-07-30 16:15:00,short,1222.99,1223.526047697293,1223.4460476972931,1219.3416184216549,386.08154243187204,-206.9581217879512,-1.1754202476512208,stop_loss,1
2018-07-31 14:15:00,2018-07-31 14:30:00,short,1220.24,1220.7757862222202,1220.6957862222202,1216.5937102222383,384.9408241727988,-206.2459899618616,-1.1755208825976107,stop_loss,1
2018-08-03 14:15:00,2018-08-03 14:30:00,short,1210.13,1210.665568158536,1210.585568158536,1206.4854547317125,383.7669134296908,-205.53333913252743,-1.1756048979740505,stop_loss,1
2018-08-03 14:45:00,2018-08-03 15:15:00,short,1212.01,1212.5825817285336,1212.5025817285336,1208.0693461717317,353.678132884462,-202.50963667151373,-1.1624095969578012,stop_loss,2
2018-08-09 15:30:00,2018-08-09 18:30:00,short,1215.8400000000001,1214.62,1216.3498635830454,1211.761091335638,340.49864101663394,415.4083420403801,2.392796898169643,time_stop,12
2018-08-16 14:30:00,2018-08-16 16:00:00,short,1180.94,1175.0258575229946,1181.6855178096257,1174.9758575229946,234.5404494691932,1387.105634781717,7.932932521055622,take_profit,6
2018-08-17 15:45:00,2018-08-17 16:00:00,short,1178.04,1178.7733517964143,1178.6933517964144,1172.8131856286846,273.99541876775254,-200.9350325626345,-1.122445519303635,stop_loss,1
2018-08-22 14:15:00,2018-08-22 14:45:00,short,1199.18,1199.8223254380807,1199.7423254380808,1194.6813964953544,317.2764059411649,-203.79470643881643,-1.1422663720726813,stop_loss,2
2018-08-22 15:30:00,2018-08-22 17:15:00,short,1200.88,1196.1009908984158,1201.4836261376981,1196.0509908984159,294.5551869610672,1407.6819194057991,7.917167271466022,take_profit,7
2018-08-23 15:45:00,2018-08-23 18:45:00,short,1192.18,1189.03,1192.81443832757,1187.1044933794394,286.9061462595149,903.7543607174981,4.965021599601297,time_stop,12
2018-08-24 14:30:00,2018-08-24 14:45:00,short,1192.38,1192.9542765498968,1192.8742765498969,1188.4257876008257,373.749308404744,-214.63546335695207,-1.1618527118404378,stop_loss,1
2018-08-24 16:00:00,2018-08-24 16:15:00,short,1193.75,1194.3611489651594,1194.2811489651594,1189.5008082787244,346.591303701903,-211.81891659065593,-1.1506168800986216,stop_loss,1
2018-08-28 14:30:00,2018-08-28 15:30:00,long,1211.71,1211.143073164819,1211.223073164819,1215.6054146814492,376.7632882187278,-213.59721860222777,-1.1642957303229733,stop_loss,4
2018-08-31 14:30:00,2018-08-31 15:30:00,long,1203.6299999999999,1202.8956451188121,1202.975645118812,1208.8648390495018,279.3825936731636,-205.165971382783,-1.1222578180431784,stop_loss,4
2018-08-31 15:45:00,2018-08-31 16:00:00,long,1202.6499999999999,1201.9114629099838,1201.9914629099837,1207.9182967201289,276.67365853355426,-204.3337586574661,-1.1214813883876582,stop_loss,1
2018-09-05 16:00:00,2018-09-05 16:15:00,short,1195.93,1196.5491035456694,1196.4691035456694,1191.6171716346444,336.83114525496666,-208.53335631920234,-1.1483944979449086,stop_loss,1
2018-09-10 16:00:00,2018-09-10 16:15:00,short,1195.69,1196.3957618288234,1196.3157618288235,1190.6839053694134,289.1855276153793,-204.09610683908122,-1.1278441674052622,stop_loss,1
2018-09-11 14:15:00,2018-09-11 14:45:00,short,1194.54,1195.0498389281347,1194.9698389281348,1191.1012885749208,419.57339018114817,-213.91484752381598,-1.1861162281114663,stop_loss,2
2018-09-14 14:45:00,2018-09-14 15:00:00,long,1205.04,1204.5356257694855,1204.6156257694854,1208.4349938441155,423.4640532929769,-213.58435603019055,-1.188512860224633,stop_loss,1
2018-09-14 15:45:00,2018-09-14 16:00:00,long,1203.1599999999999,1202.5168710329622,1202.596871032962,1207.665031736302,317.98484748643193,-204.50526649758405,-1.1420633721272653,stop_loss,1
2018-09-17 15:15:00,2018-09-17 15:30:00,short,1198.52,1199.076778232892,1198.996778232892,1194.7057741368649,374.28924096797505,-208.39610217661064,-1.1677928950629097,stop_loss,1
2018-09-17 16:00:00,2018-09-17 16:15:00,short,1199.3,1199.9026154437547,1199.8226154437548,1195.1190764499606,340.26505859649404,-205.04897928036482,-1.1530762264221508,stop_loss,1
2018-09-24 15:15:00,2018-09-24 16:15:00,short,1200.54,1201.0826967499997,1201.0026967499998,1196.8384260000005,382.99950811170913,-207.85258830373786,-1.1728994206247465,stop_loss,4
2018-09-25 14:30:00,2018-09-25 15:15:00,short,1201.3500000000001,1201.8647033826576,1201.7847033826577,1197.8723729387393,406.2288837283887,-209.0873805881593,-1.184033534569837,stop_loss,3
2018-09-28 15:45:00,2018-09-28 16:00:00,short,1184.57,1185.1846125777633,1185.1046125777634,1180.2930993778914,329.13892240298253,-202.29292154036798,-1.1496410734191893,stop_loss,1
2018-10-01 15:15:00,2018-10-01 15:30:00,short,1187.92,1188.5491312062588,1188.469131206259,1183.5269503499294,319.3315677289665,-200.9014544018263,-1.1456846726030336,stop_loss,1
2018-10-01 15:45:00,2018-10-01 17:00:00,short,1191.3700000000001,1186.254564332337,1192.015679458458,1186.204564332337,270.64857388790335,1384.4853682683538,7.922562194995452,take_profit,5
2018-10-02 15:45:00,2018-10-02 16:00:00,short,1196.6200000000001,1197.4369192042896,1197.3569192042896,1190.7246463656845,242.7751640664894,-198.32769385043326,-1.1085600694543691,stop_loss,1
2018-10-03 14:15:00,2018-10-03 15:00:00,long,1202.31,1201.6964465867982,1201.776446586798,1206.578427305615,334.1946527406532,-205.0462698628084,-1.1499381280682823,stop_loss,3
2018-10-05 15:30:00,2018-10-05 16:30:00,long,1201.96,1201.3701774990795,1201.4501774990795,1206.0385800073652,348.5439707214475,-205.57907649168246,-1.156917358208935,stop_loss,4
2018-10-08 15:15:00,2018-10-08 15:30:00,long,1189.87,1189.252534440673,1189.3325344406728,1194.169724474617,329.47008144340595,-203.43642811996548,-1.1488467467572991,stop_loss,1
2018-10-08 15:45:00,2018-10-08 18:15:00,long,1185.2,1184.4351189820088,1184.5151189820087,1190.67904814393,257.66302129050734,-197.08155402337894,-1.1168086103985777,stop_loss,10
2018-10-15 14:45:00,2018-10-15 16:00:00,long,1228.8999999999999,1228.1679591012737,1228.2479591012736,1234.1163271898104,269.73349064708384,-197.455946909834,-1.1226916902853925,stop_loss,5
2018-10-19 14:15:00,2018-10-19 16:30:00,long,1226.9099999999999,1226.3115935927945,1226.3915935927944,1231.0572512576434,338.12255670652166,-202.3347043538546,-1.1543190803353989,stop_loss,9
2018-10-22 15:00:00,2018-10-22 16:00:00,long,1222.6699999999998,1222.1495752661936,1222.2295752661935,1226.193397870451,396.61236596465346,-206.4068849814393,-1.181642841237657,stop_loss,4
2018-10-24 14:45:00,2018-10-24 15:00:00,long,1229.1,1228.4858534848065,1228.5658534848064,1233.3731721215486,325.86316693708443,-200.12772840429463,-1.1497716407846468,stop_loss,1
2018-10-24 15:15:00,2018-10-24 16:30:00,long,1226.62,1231.3494188190903,1226.0225726476135,1231.3994188190902,290.3420661462409,1373.1492316056126,7.916307815835824,take_profit,5
2018-10-26 14:30:00,2018-10-26 15:00:00,long,1234.81,1234.0846863192835,1234.1646863192834,1239.9725094457322,275.18049727658246,-199.5921793410621,-1.123970717482851,stop_loss,2
2018-10-26 15:15:00,2018-10-26 15:30:00,long,1233.9199999999998,1233.1842914881433,1233.2642914881433,1239.1656680948518,269.90493461772206,-198.5713577903305,-1.1220054316107857,stop_loss,1
2018-10-26 15:45:00,2018-10-26 17:45:00,long,1232.74,1238.2067240205613,1232.0504094974299,1238.2567240205613,255.77969576172396,1398.2770067924744,7.9274932009455235,take_profit,8
2018-10-29 15:45:00,2018-10-29 18:30:00,long,1229.62,1228.8804869611147,1228.9604869611146,1234.8961043110826,273.80517036199166,-202.4824935968782,-1.1213016199575745,stop_loss,11
2018-11-01 14:15:00,2018-11-01 14:30:00,short,1228.14,1228.8963923735166,1228.8163923735167,1222.7288610118674,266.0743076558853,-201.2565770995996,-1.1182745446759015,stop_loss,1
2018-11-05 15:00:00,2018-11-05 15:15:00,long,1228.74,1228.149640457095,1228.229640457095,1232.8228763432405,351.4519621498185,-207.48301972780922,-1.1567522369515435,stop_loss,1
2018-11-05 15:30:00,2018-11-05 16:30:00,long,1227.0,1231.5126841939166,1226.4296644757603,1231.5626841939165,313.40220992713296,1414.2851990767,7.912332306377865,take_profit,4
2018-11-07 14:15:00,2018-11-07 15:00:00,long,1232.04,1231.251294205542,1231.331294205542,1237.709646355663,258.1992001827098,-203.64320530849403,-1.1128818201086028,stop_loss,3
2018-11-07 15:30:00,2018-11-07 15:45:00,long,1231.44,1230.7003562586617,1230.7803562586616,1236.717149930708,276.4770257774748,-204.49450174014842,-1.1212775851364976,stop_loss,1
2018-11-07 16:00:00,2018-11-07 16:30:00,long,1228.61,1227.8272969781315,1227.9072969781314,1234.2316241749472,258.66240860817567,-202.45584886138533,-1.1138461021374373,stop_loss,2
2018-11-08 14:30:00,2018-11-08 15:15:00,short,1225.1000000000001,1225.7437176560766,1225.6637176560766,1220.590258751388,321.35855010647424,-206.8641726346605,-1.1419150156777595,stop_loss,3
2018-11-12 14:15:00,2018-11-12 17:15:00,short,1207.1200000000001,1203.329240948408,1207.6000948814492,1203.279240948408,376.0400351766949,1425.4771671071069,7.895853919855396,take_profit,12
2018-11-13 14:15:00,2018-11-13 14:30:00,short,1198.6200000000001,1199.2684119845799,1199.18841198458,1194.0727041233608,325.13622622893394,-210.82222570787434,-1.1407429860210705,stop_loss,1
2018-11-13 14:45:00,2018-11-13 15:00:00,short,1200.57,1201.242023598949,1201.162023598949,1195.833811208408,311.10053933562455,-209.06690407928699,-1.135129748445746,stop_loss,1
2018-11-14 14:30:00,2018-11-14 14:45:00,short,1200.8300000000002,1201.4143464599836,1201.3343464599836,1196.7952283201319,363.9396224298548,-212.66683001458372,-1.1586211193046692,stop_loss,1
2018-11-15 16:00:00,2018-11-15 16:15:00,short,1213.06,1214.0132217670196,1213.9332217670196,1206.074225863842,209.46988112133766,-199.67125021986982,-1.0916147570083692,stop_loss,1
2018-11-16 15:45:00,2018-11-16 16:00:00,short,1221.75,1222.4944946147666,1222.4144946147667,1216.434043081866,274.36587434727835,-204.26391592728078,-1.1203922473141743,stop_loss,1
2018-11-19 14:15:00,2018-11-19 14:30:00,long,1220.22,1219.6417760696643,1219.7217760696642,1224.2057914426875,364.69917073084247,-210.87778789017747,-1.1605703683201318,stop_loss,1
2018-11-19 14:45:00,2018-11-19 17:30:00,long,1219.73,1223.629993641909,1219.2362507947614,1223.679993641909,366.7230629375206,1430.2176137977526,7.898734014213622,take_profit,11
2018-11-27 16:00:00,2018-11-27 16:15:00,long,1222.11,1221.48652384867,1221.56652384867,1226.4578092106392,341.0634914813749,-212.6449530279445,-1.1472005713666644,stop_loss,1
2018-11-30 15:15:00,2018-11-30 16:00:00,long,1220.3899999999999,1219.8956886573078,1219.9756886573077,1223.7044907415366,445.85296084358896,-220.39017571783018,-1.1930915033126948,stop_loss,3
2018-12-07 15:15:00,2018-12-07 15:30:00,long,1239.97,1243.3158206280018,1239.5455224214998,1243.3658206280018,433.6171747245859,1450.8052878493693,7.882208148244096,take_profit,1
2018-12-10 15:30:00,2018-12-10 16:15:00,long,1244.23,1243.6555909669034,1243.7355909669034,1248.1852722647736,381.08766542285247,-218.90019742057058,-1.1618093413440713,stop_loss,3
2018-12-14 15:45:00,2018-12-14 16:00:00,long,1234.81,1234.2501433205516,1234.3301433205515,1238.648853435588,391.2761698145686,-219.05857717964543,-1.1667164456101506,stop_loss,1
2018-12-18 14:15:00,2018-12-18 14:30:00,long,1248.43,1247.915192995521,1247.995192995521,1251.908456035833,430.304263582653,-221.52364894955042,-1.1839896762835336,stop_loss,1
2018-12-18 15:00:00,2018-12-18 15:15:00,long,1247.24,1246.7069457037753,1246.7869457037752,1250.8644343697977,411.5063877986693,-219.35524793998442,-1.1765792768472914,stop_loss,1
2018-12-19 14:45:00,2018-12-19 15:00:00,long,1247.9099999999999,1247.461196169522,1247.541196169522,1250.8604306438228,503.72760752398665,-226.07487977418316,-1.2169174867198864,stop_loss,1
2018-12-19 15:15:00,2018-12-19 16:15:00,long,1247.77,1250.6466468306432,1247.4041691461696,1250.6966468306432,505.9672922470038,1455.489207651499,7.863324813977734,take_profit,4
2018-12-26 14:15:00,2018-12-26 14:30:00,long,1271.93,1271.354180249557,1271.434180249557,1275.896558003546,382.12458052869033,-220.03488059820023,-1.1613489578186906,stop_loss,1
2018-12-31 15:45:00,2018-12-31 16:00:00,long,1280.37,1279.7530741185753,1279.8330741185753,1284.6654070513962,351.6403586528247,-216.9360382063386,-1.1489963564201147,stop_loss,1
2019-01-02 14:15:00,2019-01-02 14:30:00,long,1286.07,1285.4579036882126,1285.5379036882125,1290.3267704942991,353.6089185949608,-216.44271488709035,-1.150348721138829,stop_loss,1
2019-01-04 15:30:00,2019-01-04 15:45:00,long,1290.19,1289.621984110138,1289.701984110138,1294.094127118897,384.2183772087213,-218.24214343152767,-1.163929088502723,stop_loss,1
2019-01-04 16:00:00,2019-01-04 16:15:00,long,1287.75,1287.0382158908842,1287.1182158908841,1292.8042728729265,295.74967798105047,-210.50992106302587,-1.1266255336999227,stop_loss,1
2019-01-08 15:15:00,2019-01-08 15:45:00,long,1280.73,1280.179700546413,1280.259700546413,1284.4923956286975,395.95711974790555,-217.8949866411779,-1.1701043864494005,stop_loss,2
2019-01-08 16:00:00,2019-01-08 16:45:00,long,1280.59,1284.6849938761839,1280.071875765477,1284.7349938761838,358.14717733153753,1466.610497945208,7.903498048020205,take_profit,3
2019-01-10 15:45:00,2019-01-10 16:00:00,long,1291.75,1291.1749590009447,1291.2549590009446,1295.710327992443,383.73501176218934,-220.6633645362336,-1.1616027766439119,stop_loss,1
2019-01-14 14:30:00,2019-01-14 15:30:00,long,1294.05,1293.5012168090345,1293.5812168090345,1297.8002655277242,403.8168969151689,-221.60792525486178,-1.1706545830603716,stop_loss,4
2019-01-15 15:15:00,2019-01-15 15:30:00,long,1289.82,1289.2964692104008,1289.3764692104007,1293.3682463167943,425.3092550719501,-222.66249013163812,-1.180370792458892,stop_loss,1
2019-01-17 15:15:00,2019-01-17 15:30:00,long,1292.32,1291.894339568381,1291.9743395683809,1295.0852834529535,543.7988993274814,-231.4736742016771,-1.2314410117039014,stop_loss,1
2019-01-18 15:30:00,2019-01-18 16:15:00,long,1282.33,1281.6855964502945,1281.7655964502944,1286.8452283976446,331.81106201516724,-213.8202261941024,-1.1417425528979575,stop_loss,3
2019-01-25 15:45:00,2019-01-25 16:00:00,short,1288.82,1289.394176230818,1289.314176230818,1284.8665901534546,377.666647878567,-216.84721238458872,-1.1618855683679712,stop_loss,1
2019-01-30 15:00:00,2019-01-30 15:15:00,long,1312.1,1311.601903009527,1311.6819030095269,1315.4447759237848,444.8330008469013,-221.5699789848968,-1.1913431615697971,stop_loss,1
2019-01-30 15:30:00,2019-01-30 16:00:00,long,1310.47,1309.9269980031127,1310.0069980031126,1314.1740159751005,400.25449182949023,-217.33898832655248,-1.1727854318938837,stop_loss,2
2019-02-04 14:30:00,2019-02-04 16:00:00,long,1310.1299999999999,1309.6688906057504,1309.7488906057504,1313.1788751539957,484.55014439855137,-223.43062356709157,-1.2099134820789867,stop_loss,6
2019-02-05 15:15:00,2019-02-05 18:15:00,long,1313.46,1314.0800000000002,1313.0235849390738,1316.9513204874108,421.60854795895483,261.39729973460186,1.420665910759828,time_stop,12
2019-02-11 14:45:00,2019-02-11 15:00:00,long,1306.28,1305.784226998402,1305.8642269984018,1309.6061840127854,444.426433013888,-220.33462668482395,-1.192412685990726,stop_loss,1
2019-02-11 16:00:00,2019-02-11 16:15:00,long,1304.8899999999999,1304.31617719722,1304.39617719722,1308.8405824222405,372.8452941565191,-213.94713169618515,-1.162001429560502,stop_loss,1
2019-02-13 15:00:00,2019-02-13 15:30:00,long,1309.19,1308.7239221953885,1308.8039221953884,1312.2786224368929,475.2349515485752,-221.49646289245365,-1.2072121190193674,stop_loss,2
2019-02-14 15:45:00,2019-02-14 18:45:00,short,1312.42,1311.37,1313.1492495928374,1306.586003257302,250.6867047654523,263.2210400037705,1.439836251282592,time_stop,12
2019-02-15 14:30:00,2019-02-15 14:45:00,long,1317.4199999999998,1316.8802478409957,1316.9602478409956,1321.0980172720328,399.3517744377893,-215.55098245493025,-1.1740067956900984,stop_loss,1
2019-02-20 14:15:00,2019-02-20 15:30:00,long,1343.55,1342.985903438731,1343.0659034387309,1347.4227724901532,377.93325173171456,-213.19084769108105,-1.1652562864528533,stop_loss,5
2019-02-22 15:15:00,2019-02-22 15:30:00,long,1322.25,1325.8393701946497,1321.7950787256689,1325.8893701946497,400.76519894032003,1438.4946601292606,7.890090873255406,take_profit,1
2019-02-25 14:30:00,2019-02-25 15:00:00,long,1329.4199999999998,1328.905239275645,1328.985239275645,1332.8980857948382,429.2754348195155,-220.97413377541594,-1.1840092619190394,stop_loss,2
2019-02-25 15:30:00,2019-02-25 16:00:00,long,1326.94,1331.4895202099747,1326.3650599737532,1331.5395202099746,323.4583923518903,1471.580493090824,7.91303440755973,take_profit,2
2019-02-26 15:00:00,2019-02-26 15:45:00,long,1323.9199999999998,1327.573796511759,1323.4570254360299,1327.6237965117589,411.21895862983763,1502.5103966109034,7.8920027062137255,take_profit,3
2019-02-27 15:00:00,2019-02-27 15:30:00,long,1326.3,1325.8019619372237,1325.8819619372237,1329.6443045022113,466.20503397068154,-232.18785197528544,-1.191370133783095,stop_loss,2
2019-03-05 14:15:00,2019-03-05 15:00:00,short,1286.3600000000001,1286.877826816334,1286.797826816334,1282.8573854693286,443.54269418172925,-229.6783012362451,-1.1827206489310154,stop_loss,3
2019-03-06 14:45:00,2019-03-06 15:00:00,short,1286.79,1287.3149721967627,1287.2349721967628,1283.2302224258979,434.8717789690879,-228.29559311552563,-1.1797865138135115,stop_loss,1
2019-03-07 15:00:00,2019-03-07 15:30:00,short,1287.57,1283.383813298765,1288.0995233376543,1283.333813298765,364.14063424063335,1524.3606804373717,7.905575455424372,take_profit,2
2019-03-08 15:45:00,2019-03-08 16:00:00,short,1297.44,1298.182340080363,1298.102340080363,1292.141279357096,298.02521682185005,-221.23606340572215,-1.1207838727743582,stop_loss,1
2019-03-11 15:15:00,2019-03-11 15:30:00,short,1296.17,1296.7442404800001,1296.6642404800002,1292.2160761599985,398.0457810127598,-228.57400035077046,-1.1618645239254863,stop_loss,1
2019-03-12 14:15:00,2019-03-12 14:30:00,short,1297.24,1297.7555270881562,1297.6755270881563,1293.7557832947502,450.1318544815309,-232.05516422721607,-1.1836854748543708,stop_loss,1
2019-03-13 14:45:00,2019-03-13 17:45:00,long,1306.28,1307.8100000000002,1305.8408937863094,1309.7928497095254,444.87744487645284,680.6624906610618,3.4843506019668458,time_stop,12
2019-03-15 14:30:00,2019-03-15 14:45:00,long,1302.4099999999999,1301.8039538956084,1301.8839538956083,1306.6183688351318,375.2341024867929,-227.40916604694402,-1.1520779249804782,stop_loss,1
2019-03-15 15:00:00,2019-03-15 17:45:00,long,1302.07,1301.4447612671318,1301.5247612671317,1306.4319098629453,360.77446170247936,-225.57016728605916,-1.1467247192419423,stop_loss,11
2019-03-21 16:00:00,2019-03-21 16:15:00,long,1312.93,1312.1451166911204,1312.2251166911203,1318.5690664710376,278.10489676593085,-218.2798915892831,-1.113493962748344,stop_loss,1
2019-03-27 14:15:00,2019-03-27 14:30:00,long,1317.26,1316.6437793701082,1316.723779370108,1321.5497650391344,364.3587159499126,-224.52535744922753,-1.1491923203627152,stop_loss,1
2019-03-27 14:45:00,2019-03-27 15:00:00,long,1315.52,1314.8439985385116,1314.9239985385116,1320.2880116919066,326.6822259372909,-220.83766217587285,-1.1342278587709176,stop_loss,1
2019-03-28 14:15:00,2019-03-28 14:30:00,long,1303.1,1302.4651856724756,1302.5451856724756,1307.5385146201954,349.7396543096085,-222.01974345912896,-1.1441923829849463,stop_loss,1
2019-03-28 15:00:00,2019-03-28 15:15:00,long,1300.31,1299.5165681204187,1299.5965681204186,1306.0174550366507,271.04831928381225,-215.05837742669357,-1.1121340415105578,stop_loss,1
2019-03-29 14:15:00,2019-03-29 14:30:00,short,1294.06,1294.7413452777178,1294.6613452777178,1289.249237778256,320.49696554222544,-218.36909399508295,-1.1330350515157095,stop_loss,1
2019-03-29 14:45:00,2019-03-29 15:00:00,short,1297.26,1298.0060579180322,1297.9260579180323,1291.9315366557412,288.3746657305535,-215.1442027281663,-1.1201096749007522,stop_loss,1
2019-03-29 15:15:00,2019-03-29 17:15:00,short,1299.27,1293.7527025245931,1299.9659121844259,1293.7027025245932,275.07608164597013,1517.6765708101193,7.9281518543299665,take_profit,8
2019-04-01 14:45:00,2019-04-01 15:00:00,short,1290.9,1291.4690856361124,1291.3890856361124,1286.9873149111022,400.7106569962098,-228.03867913365647,-1.1635705367179299,stop_loss,1
2019-04-01 15:45:00,2019-04-01 16:00:00,short,1294.6000000000001,1295.2907888601885,1295.2107888601886,1289.713689118492,319.74668050810834,-220.8774449772133,-1.1309781582710012,stop_loss,1
2019-04-02 14:30:00,2019-04-02 17:00:00,short,1289.76,1290.4381790777534,1290.3581790777534,1284.9745673779728,325.3792809548518,-220.66542067802072,-1.1337392145181309,stop_loss,10
2019-04-03 14:15:00,2019-04-03 15:15:00,short,1293.6200000000001,1294.0951373624196,1294.0151373624196,1290.458901100644,490.90038145691835,-233.24511245613996,-1.2024612390740996,stop_loss,4
2019-04-05 15:30:00,2019-04-05 15:45:00,short,1290.1000000000001,1290.7979167013075,1290.7179167013076,1285.1566663895408,312.78220218569174,-218.29592277708636,-1.1294672887634511,stop_loss,1
2019-04-08 15:30:00,2019-04-08 15:45:00,short,1299.4,1299.8619233442453,1299.7819233442453,1296.3446132460376,504.3380084937487,-232.96549951338574,-1.2094661172336074,stop_loss,1
2019-04-08 16:00:00,2019-04-08 17:15:00,short,1303.18,1299.3828552988793,1303.6608930876403,1299.3328552988794,399.08987520938535,1515.402004922245,7.896026785815907,take_profit,5
2019-04-10 14:15:00,2019-04-10 15:15:00,long,1302.9099999999999,1302.464716512938,1302.5447165129378,1305.8322678964964,537.8446475375288,-239.49334015311229,-1.2190079837535754,stop_loss,4
2019-04-11 14:15:00,2019-04-11 14:30:00,long,1302.6499999999999,1302.1092798139255,1302.1892798139254,1306.3357614885963,424.8723938005407,-229.73707983370213,-1.1736411870327654,stop_loss,1
2019-04-11 15:15:00,2019-04-11 15:30:00,long,1299.06,1298.407860546791,1298.487860546791,1303.6371156256716,340.9275063905071,-222.33227760140443,-1.1398260503645026,stop_loss,1
2019-04-18 14:45:00,2019-04-18 15:30:00,short,1276.45,1272.7251914583212,1276.92185106771,1272.6751914583213,411.97550150913185,1534.5298669836382,7.894034360793902,take_profit,3
2019-04-24 14:45:00,2019-04-24 15:00:00,short,1273.2,1273.6605914234503,1273.5805914234504,1270.1552686123962,522.8564218664936,-240.82318360761684,-1.2101991665357632,stop_loss,1
2019-04-29 14:15:00,2019-04-29 15:30:00,long,1280.24,1283.4928274069289,1279.8271465741338,1283.5428274069288,480.2484075105843,1562.1651820843745,7.8788916432133025,take_profit,5
2019-04-30 15:30:00,2019-04-30 15:45:00,long,1283.19,1282.6697614650427,1282.7497614650426,1286.7119082796592,461.01983297168135,-239.8402824914666,-1.181719667061098,stop_loss,1
2019-04-30 16:00:00,2019-04-30 16:15:00,long,1281.32,1280.746350446899,1280.826350446899,1285.269196424808,409.6816734378857,-235.0137088812923,-1.1620582850675765,stop_loss,1
2019-05-01 14:30:00,2019-05-01 15:00:00,long,1281.85,1281.453690280173,1281.533690280173,1284.3804777586151,637.1417672208552,-252.5054752572694,-1.2529166667521505,stop_loss,2
2019-05-02 14:45:00,2019-05-02 15:15:00,short,1272.0800000000002,1272.5604266933526,1272.4804266933527,1268.8765864531802,501.40667639536036,-240.8891515654679,-1.1997868806650627,stop_loss,2
2019-05-03 15:15:00,2019-05-03 15:30:00,short,1271.26,1271.7360750502482,1271.6560750502483,1268.0913995980127,505.0910171538221,-240.46123137144818,-1.2019819222386503,stop_loss,1
2019-05-03 15:45:00,2019-05-03 16:00:00,short,1274.44,1275.174192262714,1275.0941922627142,1269.2064618982865,304.7002810428792,-223.70858878847298,-1.12228820877218,stop_loss,1
2019-05-07 14:15:00,2019-05-07 14:30:00,long,1280.97,1280.5198425885212,1280.5998425885211,1283.931259291832,536.6944828822681,-241.59699916924174,-1.2161242690786715,stop_loss,1
2019-05-07 14:45:00,2019-05-07 15:00:00,long,1280.1699999999998,1279.721037742143,1279.8010377421429,1283.1216980628549,536.4685555938644,-240.8541339886618,-1.2168243452991194,stop_loss,1
2019-05-07 15:15:00,2019-05-07 15:30:00,long,1279.46,1278.987935604195,1279.0679356041949,1282.5965151664413,503.0145283511817,-237.45524940728362,-1.2040481126464824,stop_loss,1
2019-05-09 15:00:00,2019-05-09 15:15:00,long,1282.43,1281.9488529236983,1282.0288529236982,1285.6391766104148,489.8495664047517,-235.68968670334831,-1.1994281018758475,stop_loss,1
2019-05-10 15:15:00,2019-05-10 15:30:00,long,1284.6299999999999,1287.9512112650907,1284.2085985918636,1288.0012112650907,464.62742779346075,1543.1258472578152,7.88134828447677,take_profit,1
2019-05-16 15:45:00,2019-05-16 17:15:00,long,1290.72,1290.0702139749153,1290.1502139749152,1295.278288200678,351.75315126909305,-228.5642819741691,-1.1404035839384121,stop_loss,6
2019-05-17 15:45:00,2019-05-17 16:15:00,long,1283.69,1283.1081505122438,1283.1881505122437,1287.7047959020513,398.0044652824905,-231.57869424931505,-1.1594103450371018,stop_loss,2
2019-05-20 15:15:00,2019-05-20 18:00:00,short,1278.02,1278.6357083582243,1278.5557083582244,1273.7343331342054,371.55216618932565,-228.76777423911582,-1.1493349856722208,stop_loss,11
2019-05-22 14:15:00,2019-05-22 14:30:00,short,1274.15,1274.5407288942145,1274.4607288942145,1271.664168846284,638.3612895825272,-249.42620078783517,-1.257459159703117,stop_loss,1
2019-05-22 14:45:00,2019-05-22 15:00:00,short,1275.26,1275.6652203220522,1275.5852203220522,1272.6582374235813,607.6158395389892,-246.21828618199086,-1.2459870880611064,stop_loss,1
2019-05-22 15:15:00,2019-05-22 16:45:00,short,1276.89,1273.9068475744145,1277.2691440531983,1273.8568475744146,519.2495108382332,1549.00043774119,7.868124003059084,take_profit,6
2019-05-23 15:15:00,2019-05-23 15:30:00,short,1278.46,1278.953340594279,1278.8733405942792,1275.1532752457663,487.53344883785195,-240.52004138058626,-1.193544987129675,stop_loss,1
2019-05-30 14:30:00,2019-05-30 15:00:00,short,1277.45,1277.9270549864736,1277.8470549864737,1274.2735601082104,505.7128412685576,-241.2528326508996,-1.2014834285558857,stop_loss,2
2019-05-30 15:15:00,2019-05-30 15:30:00,short,1279.88,1280.4207196812256,1280.3407196812257,1276.1942425501963,434.25982219663314,-234.81283262719813,-1.173641377305871,stop_loss,1
2019-05-30 15:45:00,2019-05-30 16:00:00,short,1280.43,1281.027559316975,1280.947559316975,1276.2895254641999,385.20726381449947,-230.18418945874944,-1.1545716546414737,stop_loss,1
2019-05-31 14:15:00,2019-05-31 14:30:00,long,1296.6,1296.0212244359604,1296.1012244359604,1300.5902045123153,398.329569668922,-230.543421358726,-1.1603927813784927,stop_loss,1
2019-06-04 15:00:00,2019-06-04 15:15:00,long,1323.3799999999999,1322.6672397889024,1322.7472397889023,1328.442081688781,312.89171166080666,-223.0167624540068,-1.1264301999349233,stop_loss,1
2019-06-04 15:30:00,2019-06-04 16:15:00,long,1321.6699999999998,1320.8267271649208,1320.9067271649208,1327.7761826806327,258.51355657555945,-217.99745975982896,-1.1048118003461225,stop_loss,3
2019-06-05 14:45:00,2019-06-05 15:15:00,long,1334.5,1340.9893341157615,1333.6825832355298,1341.0393341157614,240.59010213962605,1561.2695577292177,7.938831692505887,take_profit,2
2019-06-10 14:15:00,2019-06-10 14:30:00,long,1326.81,1326.1682832468002,1326.2482832468002,1331.3037340255976,358.447901688446,-230.02202366276077,-1.1424205340934048,stop_loss,1
2019-06-10 14:45:00,2019-06-10 15:00:00,long,1326.26,1325.6141574934147,1325.6941574934147,1330.7867400526836,354.6147967348929,-229.02530919548852,-1.1413820967298816,stop_loss,1
2019-06-11 14:45:00,2019-06-11 15:00:00,long,1321.61,1321.0989218607249,1321.1789218607248,1325.0586251142,463.8812115720133,-237.0795464548637,-1.1855812037568352,stop_loss,1
2019-06-12 15:30:00,2019-06-12 15:45:00,long,1333.4199999999998,1332.7539375878953,1332.8339375878952,1338.1084992968367,339.99418282808307,-226.45734551599372,-1.1365042329069273,stop_loss,1
2019-06-19 14:45:00,2019-06-19 17:45:00,long,1342.19,1343.95,1341.6143943541736,1346.7948451666118,344.9904292861643,607.183155543646,3.0576489524748256,time_stop,12
2019-06-25 14:15:00,2019-06-25 15:00:00,long,1428.27,1426.8946571515498,1426.9746571515498,1438.6327427876015,154.70806710332982,-212.7766336881099,-1.0617597110260355,stop_loss,3
2019-06-25 15:30:00,2019-06-25 15:45:00,long,1425.3,1423.9728109247085,1424.0528109247084,1435.2775126023325,160.169506273212,-212.57521892063576,-1.0641442437115851,stop_loss,1
2019-06-26 14:15:00,2019-06-26 17:15:00,long,1402.62,1408.41,1401.2870381399998,1413.2836948800007,149.38456885932078,864.9366536954958,4.343710179374444,time_stop,12
2019-06-27 16:00:00,2019-06-27 19:00:00,long,1401.03,1406.27,1400.0810883463746,1408.621293229003,212.57905512324209,1113.9142488457906,5.5221157628113,time_stop,12
2019-06-28 15:00:00,2019-06-28 15:15:00,long,1413.48,1412.6234922344481,1412.703492234448,1419.692062124415,264.08040533102485,-226.18691789611515,-1.1030253701881017,stop_loss,1
2019-07-03 14:45:00,2019-07-03 15:00:00,long,1420.08,1418.8882693166352,1418.968269316635,1428.9738454669182,183.84121961747763,-219.08922228534885,-1.0719598740927017,stop_loss,1
2019-07-03 15:15:00,2019-07-03 16:00:00,long,1416.44,1415.1484311964866,1415.2284311964866,1426.1325504281083,168.1494740193992,-217.1766149706477,-1.066030092362836,stop_loss,3
2019-07-05 15:00:00,2019-07-05 15:15:00,long,1411.54,1410.7115334545929,1410.7915334545928,1417.5277323632577,271.3189099102984,-224.77863999700017,-1.106885204810869,stop_loss,1
2019-07-09 14:15:00,2019-07-09 14:45:00,short,1390.21,1391.1537142725176,1391.0737142725177,1383.300285819858,234.33535571228848,-221.14561974117106,-1.092623223380035,stop_loss,2
2019-07-09 15:00:00,2019-07-09 15:15:00,short,1391.6200000000001,1392.558899510467,1392.478899510467,1384.748803916264,234.8765507100026,-220.5254784817646,-1.0931424445176787,stop_loss,1
2019-07-09 15:30:00,2019-07-09 18:00:00,short,1394.39,1395.364739884025,1395.2847398840252,1387.232080927799,224.7287525453656,-219.05207819314907,-1.0894114607253687,stop_loss,10
2019-07-11 14:30:00,2019-07-11 15:30:00,long,1419.0,1418.2049619632253,1418.2849619632252,1424.7203042941992,280.28805664513425,-222.83966628654707,-1.1118821599488204,stop_loss,4
2019-07-11 15:45:00,2019-07-11 16:00:00,long,1417.1,1416.0982881894668,1416.1782881894667,1424.4736944842664,216.71427063578548,-217.08524440694416,-1.0867950253926397,stop_loss,1
2019-07-12 15:30:00,2019-07-12 15:45:00,long,1405.9099999999999,1405.1126679639265,1405.1926679639264,1411.6486562885882,277.5518686056395,-221.3009965113072,-1.1115243652546627,stop_loss,1
2019-07-15 15:45:00,2019-07-15 16:15:00,long,1411.34,1410.5361090957776,1410.6161090957776,1417.131127233778,274.1199576841118,-220.36254064805138,-1.110513890329744,stop_loss,2
2019-07-16 15:45:00,2019-07-16 16:00:00,long,1410.49,1409.684367593598,1409.7643675935979,1416.2950592512177,272.55102537660133,-219.57593844150645,-1.1102486593681569,stop_loss,1
2019-07-18 14:15:00,2019-07-18 15:30:00,long,1418.3999999999999,1417.6013731100832,1417.681373110083,1424.1490151193339,274.2913344348985,-219.05643535084562,-1.1113234157007288,stop_loss,5
2019-07-19 15:45:00,2019-07-19 16:00:00,long,1434.97,1433.9466570275365,1434.0266570275364,1442.516743779709,208.2550726772942,-213.11636510418955,-1.0848047871613464,stop_loss,1
2019-07-24 16:00:00,2019-07-24 17:30:00,long,1424.9199999999998,1424.1367747368527,1424.2167747368526,1430.5458021051782,278.4550277934245,-218.0930124181623,-1.113761555780704,stop_loss,6
2019-07-26 15:45:00,2019-07-26 16:15:00,long,1417.69,1423.360139637897,1416.974982545263,1423.410139637897,272.947646053214,1547.6512669569845,7.930071637176552,take_profit,2
2019-07-29 15:30:00,2019-07-29 16:00:00,short,1420.99,1421.5572935350147,1421.4772935350147,1417.091651719882,410.0306501137793,-232.60773696739759,-1.1641720939259157,stop_loss,2
2019-07-31 15:30:00,2019-07-31 16:30:00,long,1429.68,1433.0984743136114,1429.2464407107987,1433.1484743136114,459.23929369421626,1569.8977292946931,7.884675519022898,take_profit,4
2019-08-08 15:45:00,2019-08-08 16:00:00,long,1495.07,1493.884827190982,1493.9648271909819,1503.911382472145,184.4210726794777,-218.57084074965175,-1.0723868695892047,stop_loss,1
2019-08-09 15:30:00,2019-08-09 16:30:00,long,1495.6499999999999,1494.706022939815,1494.786022939815,1502.5618164814782,235.1468016634425,-221.97318654611627,-1.0925950510570366,stop_loss,4
2019-08-12 16:00:00,2019-08-12 19:00:00,long,1502.01,1504.88,1500.7525337381726,1512.0697300946185,161.03455734799957,462.1691795887778,2.2823673979366355,time_stop,12
2019-08-13 14:15:00,2019-08-13 15:00:00,long,1526.58,1525.2402550887937,1525.3202550887936,1536.6579592896505,161.84390075999548,-216.82954245297378,-1.0635049201534932,stop_loss,3
2019-08-13 15:15:00,2019-08-13 15:30:00,long,1525.28,1523.9763791282548,1524.0563791282548,1535.0689669739616,166.09028699793808,-216.51876472464997,-1.0653797281880513,stop_loss,1
2019-08-15 14:30:00,2019-08-15 15:00:00,long,1512.12,1510.4398837654983,1510.5198837654982,1524.920929876013,126.60454353414029,-212.71034895337507,-1.049996367935634,stop_loss,2
2019-08-16 15:15:00,2019-08-16 15:30:00,long,1511.1499999999999,1510.0244647161876,1510.1044647161875,1519.514282270498,193.14877034799227,-217.39575605161824,-1.076515829966276,stop_loss,1
2019-08-19 14:30:00,2019-08-19 14:45:00,long,1496.78,1495.667907871571,1495.747907871571,1505.0367370274316,195.0326541701633,-216.89427948923694,-1.0775124601732022,stop_loss,1
2019-08-20 15:15:00,2019-08-20 16:00:00,long,1503.29,1502.407557331095,1502.4875573310949,1509.7095413512402,250.03778100551406,-220.6440067975933,-1.0996955958350088,stop_loss,3
2019-08-21 15:00:00,2019-08-21 15:15:00,long,1499.8,1499.0769619863158,1499.1569619863158,1504.9443041094742,310.9910270327992,-224.85833445937888,-1.1244094412732757,stop_loss,1
2019-08-22 14:45:00,2019-08-22 16:15:00,long,1493.08,1499.3158355022015,1492.2942705622247,1499.3658355022014,253.65535222624166,1581.7530507358374,7.936364863531451,take_profit,6
2019-08-23 15:15:00,2019-08-23 15:30:00,short,1502.22,1503.0419360437359,1502.961936043736,1496.284511650112,275.0233502852159,-226.0516044684042,-1.1078260055908586,stop_loss,1
2019-08-23 15:45:00,2019-08-23 16:15:00,short,1503.69,1504.618353017303,1504.538353017303,1496.9031758615763,239.72518218741192,-222.54959620717722,-1.0943003659658752,stop_loss,2
2019-08-26 16:00:00,2019-08-26 19:00:00,long,1527.21,1529.91,1525.6793037265384,1539.455570187693,132.42596611616815,357.55010851366006,1.7639031640770848,time_stop,12
2019-08-28 15:45:00,2019-08-28 16:30:00,long,1541.28,1540.2268209960628,1540.3068209960627,1549.0654320314986,209.39270406028538,-220.5279994939288,-1.0822048150199133,stop_loss,3
2019-09-03 14:45:00,2019-09-03 16:00:00,long,1529.61,1535.9361465889826,1528.8129816763771,1535.9861465889826,254.84357529875163,1612.177814600363,7.93726618508342,take_profit,5
2019-09-06 15:45:00,2019-09-06 16:00:00,short,1517.51,1519.2135708044113,1519.1335708044114,1504.5214335647083,128.08282339729948,-218.19815848621516,-1.0492741060522635,stop_loss,1
2019-09-09 15:30:00,2019-09-09 15:45:00,short,1512.67,1513.5274436106229,1513.447443610623,1506.450451115017,266.63919454286963,-228.628073702392,-1.102901353753275,stop_loss,1
2019-09-09 16:00:00,2019-09-09 17:00:00,short,1514.0,1507.503960400193,1514.8182549499759,1507.453960400193,252.50205198754355,1640.2633287436317,7.938894350713762,take_profit,4
2019-09-12 14:45:00,2019-09-12 15:00:00,short,1504.32,1505.1252126076863,1505.0452126076864,1498.5182991385075,291.68252407928946,-234.86644583042752,-1.1103124782333025,stop_loss,1
2019-09-13 15:00:00,2019-09-13 15:15:00,short,1507.94,1508.8730788138014,1508.7930788138015,1501.1153694895888,247.1368895297579,-230.59819572897692,-1.0937779706935158,stop_loss,1
2019-09-17 14:30:00,2019-09-17 15:00:00,short,1500.6200000000001,1501.4334010822595,1501.3534010822596,1494.752791341924,286.52187058689657,-233.05719962635823,-1.1090808316691685,stop_loss,2
2019-09-17 15:15:00,2019-09-17 15:30:00,short,1503.48,1504.3738327907158,1504.293832790716,1496.9693376742737,257.3455883933113,-230.02392545199442,-1.0983002908122639,stop_loss,1
2019-09-17 15:45:00,2019-09-17 16:15:00,short,1504.6000000000001,1505.5249119470968,1505.444911947097,1497.8407044232258,247.06267596460685,-228.51122068134285,-1.094684422767152,stop_loss,2
2019-09-18 15:15:00,2019-09-18 15:30:00,short,1502.0900000000001,1502.606611630072,1502.526611630072,1498.5971069594252,476.5348850370789,-246.18346374507985,-1.1832292007126775,stop_loss,1
2019-09-18 15:45:00,2019-09-18 16:00:00,short,1504.06,1504.6519508442966,1504.5719508442967,1499.9643932456268,404.964900166755,-239.71931456422394,-1.1562650025703602,stop_loss,1
2019-09-19 14:15:00,2019-09-19 14:30:00,short,1499.17,1499.9629193907006,1499.8829193907006,1493.4666448743953,289.7984923712038,-229.78684399689556,-1.1122146501322034,stop_loss,1
2019-09-19 14:45:00,2019-09-19 15:00:00,short,1500.56,1501.3575682501448,1501.277568250145,1494.8194539988408,286.9603052164511,-228.8704284925248,-1.1114876528940167,stop_loss,1
2019-09-19 15:15:00,2019-09-19 15:45:00,short,1502.45,1503.2957348687473,1503.2157348687474,1496.324121050021,268.01312199022146,-226.66804254895027,-1.1044748035711065,stop_loss,2
2019-09-19 16:00:00,2019-09-19 19:00:00,short,1503.6200000000001,1497.21,1504.528010024285,1496.3559198057203,225.26952697816102,1443.9776679300305,7.059393430207681,time_stop,12
2019-09-25 15:15:00,2019-09-25 15:30:00,long,1527.32,1526.5283954257063,1526.6083954257062,1533.0128365943492,293.5322919659711,-232.36150502315164,-1.1124219867183012,stop_loss,1
2019-09-25 15:45:00,2019-09-25 16:00:00,long,1526.59,1525.7879021782876,1525.8679021782875,1532.366782573699,288.3014335331184,-231.24595183345434,-1.1107883137082644,stop_loss,1
2019-09-26 15:30:00,2019-09-26 16:00:00,long,1503.0,1509.8658018044973,1502.1355247744377,1509.9158018044973,240.01624703631126,1647.903982010581,7.942161442546439,take_profit,2
2019-10-02 14:15:00,2019-10-02 14:30:00,short,1485.48,1486.4136964761046,1486.3336964761047,1478.650428191163,248.83763396875855,-232.33882195883984,-1.093710120914353,stop_loss,1
2019-10-02 15:15:00,2019-10-02 15:30:00,short,1486.26,1487.2122877200652,1487.1322877200653,1479.2816982394784,242.73504017646056,-231.1535979895799,-1.0917128582229032,stop_loss,1
2019-10-02 16:00:00,2019-10-02 16:15:00,short,1492.32,1493.6158950878216,1493.5358950878217,1482.592839297425,173.56870349693213,-224.9268302612539,-1.0657951502569556,stop_loss,1
2019-10-03 14:15:00,2019-10-03 14:30:00,short,1502.5900000000001,1503.6105158225796,1503.5305158225797,1495.0658734193632,223.67146669979618,-228.26027082669563,-1.0850597066836296,stop_loss,1
2019-10-03 14:45:00,2019-10-03 17:00:00,short,1503.3500000000001,1504.3742712959997,1504.2942712959998,1495.7958296320019,222.05670506616934,-227.44630908352553,-1.0847214146388233,stop_loss,9
2019-10-04 16:00:00,2019-10-04 19:00:00,long,1496.54,1505.39,1494.9381202529994,1509.3550379760052,130.4713628737349,1154.6715614325717,5.524759281444992,time_stop,12
2019-10-07 14:15:00,2019-10-07 14:30:00,long,1499.45,1498.6426937550016,1498.7226937550015,1505.268449959988,292.1237785270501,-235.833350717438,-1.1099949306774992,stop_loss,1
2019-10-07 14:45:00,2019-10-07 15:30:00,long,1498.6,1497.7928583907922,1497.872858390792,1504.417132873663,291.21693175259117,-235.05330292332908,-1.1100198351832498,stop_loss,3
2019-10-08 14:30:00,2019-10-08 16:00:00,short,1506.1200000000001,1507.1858020061595,1507.1058020061596,1498.2335839507248,214.09044326922483,-228.17802393589537,-1.081152198413142,stop_loss,6
2019-10-09 14:30:00,2019-10-09 16:00:00,long,1500.48,1507.8371325522642,1499.554108430967,1507.8871325522641,227.20398525961477,1671.5698359576554,7.945997996232192,take_profit,6
2019-10-14 14:30:00,2019-10-14 16:00:00,short,1496.38,1489.9871587038913,1497.1853551620138,1489.9371587038913,267.43600099600695,1709.6759112334746,7.937915590090906,take_profit,6
2019-10-17 14:15:00,2019-10-17 15:00:00,short,1489.3400000000001,1490.330511961112,1490.2505119611121,1482.055904311104,242.18242160689124,-239.88458537267232,-1.0878626568532124,stop_loss,3
2019-10-17 15:30:00,2019-10-17 16:15:00,short,1491.32,1492.3145337091262,1492.2345337091263,1484.0037303269894,240.3304937747929,-239.0167773899866,-1.0874762725546265,stop_loss,3
2019-10-18 15:15:00,2019-10-18 15:30:00,short,1490.0900000000001,1490.9048657213666,1490.8248657213667,1484.2110742290677,298.11335756479326,-242.92235616101243,-1.1088634258938652,stop_loss,1
2019-10-18 15:45:00,2019-10-18 16:00:00,short,1490.3600000000001,1491.1814658515866,1491.1014658515867,1484.4282731873084,294.47683938533953,-241.9026676381734,-1.1078943822277816,stop_loss,1
2019-10-24 14:45:00,2019-10-24 15:00:00,short,1490.49,1491.0352466164754,1490.9552466164755,1486.7680270681956,467.74937157638504,-255.03876221052988,-1.1719518147299424,stop_loss,1
2019-10-24 15:15:00,2019-10-24 15:30:00,short,1492.51,1493.0838350927772,1493.0038350927773,1488.559319257781,439.1216812443225,-251.98343069733534,-1.1619973978560516,stop_loss,1
2019-10-24 15:45:00,2019-10-24 16:15:00,short,1494.1100000000001,1494.7906537279562,1494.7106537279562,1489.3047701763521,359.7709226596497,-244.8794197184753,-1.1331882185633788,stop_loss,2
2019-10-28 14:15:00,2019-10-28 14:30:00,long,1503.36,1502.646618322711,1502.726618322711,1508.4270534183127,340.02105739524677,-242.56479223816908,-1.1263061482017378,stop_loss,1
2019-10-28 14:45:00,2019-10-28 15:00:00,long,1500.3,1499.46307906397,1499.54307906397,1506.355367488239,283.5638480230556,-237.32052111168338,-1.105691355849568,stop_loss,1
2019-10-28 15:45:00,2019-10-28 16:00:00,long,1493.85,1492.7828893207532,1492.862889320753,1501.7468854339752,216.71678384611346,-231.2607944141978,-1.0810446099731874,stop_loss,1
2019-10-29 15:45:00,2019-10-29 18:45:00,long,1485.19,1488.68,1484.2648797887653,1492.590961689878,230.48860757098257,804.4052404227313,3.772482708319337,time_stop,12
2019-10-30 14:15:00,2019-10-30 14:30:00,short,1494.1200000000001,1490.1195148801542,1494.6263106399808,1490.0695148801542,425.91023774014593,1703.8475684695097,7.901246396872813,take_profit,1
2019-11-01 14:45:00,2019-11-01 16:00:00,long,1506.48,1513.0437544570243,1505.653280692872,1513.0937544570243,267.0246428825161,1752.684189855434,7.939519980277099,take_profit,5
2019-11-05 14:15:00,2019-11-05 14:30:00,long,1501.69,1500.8775845700718,1500.9575845700717,1507.549323439427,308.5850885769066,-250.69928740565499,-1.1092276278337776,stop_loss,1
2019-11-05 14:45:00,2019-11-05 15:00:00,long,1499.94,1499.1081213895006,1499.1881213895006,1505.955028883996,299.59674249499227,-249.2281218568855,-1.1064001540711226,stop_loss,1
2019-11-06 15:30:00,2019-11-06 15:45:00,short,1486.8,1487.5841775197027,1487.5041775197028,1481.1665798423762,318.829686847255,-250.01907303949451,-1.113607716465708,stop_loss,1
2019-11-06 16:00:00,2019-11-06 18:30:00,short,1488.88,1489.6680153103562,1489.5880153103562,1483.215877517151,316.04209344013515,-249.04600834780663,-1.112991906855358,stop_loss,10
2019-11-07 15:00:00,2019-11-07 15:15:00,short,1484.51,1485.3896831272052,1485.3096831272053,1478.112534982358,278.8798403524671,-245.32589007575243,-1.1000396247942708,stop_loss,1
2019-11-12 15:00:00,2019-11-12 16:00:00,short,1454.04,1454.9326838546601,1454.8526838546602,1447.5385291627176,273.51290899002544,-244.16055789653026,-1.0984392633632096,stop_loss,4
2019-11-14 15:45:00,2019-11-14 18:00:00,short,1469.67,1470.4530393285354,1470.3730393285355,1464.0456853717176,315.1275248928042,-246.75724549505998,-1.1137916425907308,stop_loss,9
2019-11-15 15:45:00,2019-11-15 16:00:00,short,1467.4,1468.1895481880615,1468.1095481880616,1461.7236144955073,311.1934826730023,-245.70225038099093,-1.112747803949003,stop_loss,1
2019-11-19 14:15:00,2019-11-19 15:00:00,short,1468.02,1468.68322637425,1468.60322637425,1463.354189006001,377.33146978998195,-250.25618259920154,-1.1371680080531419,stop_loss,3
2019-11-19 15:15:00,2019-11-19 15:30:00,short,1468.26,1468.9484470917052,1468.8684470917053,1463.3924232663576,360.4568079264463,-248.1554411023223,-1.1314822621235754,stop_loss,1
2019-11-19 15:45:00,2019-11-19 16:45:00,short,1469.6200000000001,1470.3405997882562,1470.2605997882563,1464.4952016939512,341.2027823798166,-245.8706527352863,-1.124882963539064,stop_loss,4
2019-11-20 14:15:00,2019-11-20 15:00:00,long,1473.49,1472.7539945081724,1472.8339945081723,1478.7380439346218,332.0655404572829,-244.40206142327844,-1.1219501985829958,stop_loss,3
2019-11-20 15:45:00,2019-11-20 16:15:00,long,1470.73,1469.9062795440511,1469.986279544051,1476.6797636475912,291.9156119289927,-240.4568609567483,-1.1075672981158629,stop_loss,2
2019-11-21 15:15:00,2019-11-21 17:00:00,long,1467.59,1466.7505778599484,1466.8305778599483,1473.6653771204126,284.93011989995733,-239.17665101155572,-1.1053432547996207,stop_loss,7
2019-11-28 16:00:00,2019-11-28 19:00:00,short,1456.41,1455.72,1456.7767672996715,1453.4758616026295,588.015102926965,405.73042101963796,1.8813018516595676,time_stop,12
2019-12-02 15:30:00,2019-12-02 15:45:00,short,1459.46,1460.1173059795528,1460.037305979553,1454.8415521635761,375.67929384272037,-246.9362462369944,-1.138574694933677,stop_loss,1
2019-12-03 15:30:00,2019-12-03 15:45:00,short,1472.71,1473.5414459525143,1473.4614459525144,1466.6984323798854,287.63358597871076,-239.1517808691691,-1.1064614157974304,stop_loss,1
2019-12-03 16:00:00,2019-12-03 16:15:00,short,1474.18,1475.0417059488516,1474.9617059488517,1467.9263524091868,275.58142414646414,-237.47015257998274,-1.1023402727297333,stop_loss,1
2019-12-09 14:15:00,2019-12-09 14:45:00,short,1464.1100000000001,1464.5698029841374,1464.4898029841374,1461.0715761269012,565.3226466301782,-259.93703992091883,-1.2106355224713141,stop_loss,2
2019-12-13 16:00:00,2019-12-13 17:00:00,long,1468.34,1467.3195842717641,1467.399584271764,1475.863325825886,227.48600501621002,-232.13029747206323,-1.0850687601216555,stop_loss,4
2019-12-16 14:15:00,2019-12-16 17:00:00,long,1476.22,1479.7065134379295,1475.7779358202588,1479.7565134379295,482.36214547666845,1681.7621021529035,7.886894251351293,take_profit,11
2019-12-17 14:30:00,2019-12-17 15:00:00,long,1478.74,1478.2567277980177,1478.3367277980176,1481.9661776158596,541.2728956069783,-261.58214413334434,-1.1983771745403247,stop_loss,2
2019-12-17 15:30:00,2019-12-17 15:45:00,long,1477.51,1476.9895005372548,1477.0695005372547,1481.0339957019619,493.7476306939339,-256.99537650790427,-1.181612026269803,stop_loss,1
2019-12-17 16:00:00,2019-12-17 16:15:00,long,1476.21,1475.6454621979392,1475.7254621979391,1480.0863024164876,447.2810562996207,-252.5070644268389,-1.1651057970289593,stop_loss,1
2019-12-18 14:15:00,2019-12-18 14:30:00,long,1476.48,1475.91953730109,1475.99953730109,1480.3237015912798,449.49807595792,-251.92690480622218,-1.1665061620421504,stop_loss,1
2019-12-18 14:45:00,2019-12-18 15:00:00,long,1476.01,1475.4470245096134,1475.5270245096133,1479.8738039230932,445.59461566649696,-250.8588472684899,-1.1656398752985853,stop_loss,1
2019-12-18 15:15:00,2019-12-18 15:30:00,long,1473.8999999999999,1473.2699854190032,1473.3499854190031,1478.3001166479733,389.91457478228534,-245.65186745595156,-1.1454506894252732,stop_loss,1
2019-12-23 14:45:00,2019-12-23 15:00:00,long,1482.58,1482.0978280156328,1482.1778280156327,1485.7973758749376,531.4187814631181,-256.2352483880401,-1.1989198728643442,stop_loss,1
2019-12-23 15:15:00,2019-12-23 17:30:00,long,1481.31,1484.7211047084922,1480.8773619114384,1484.7711047084922,492.21981549030863,1679.0133302322045,7.884429962774091,take_profit,9
2019-12-24 15:15:00,2019-12-24 16:30:00,long,1489.44,1493.2121059849153,1488.9622367518857,1493.2621059849153,456.272182879145,1721.107031788765,7.89534565457506,take_profit,5
2020-01-06 15:30:00,2020-01-06 15:45:00,long,1574.26,1573.2279717330612,1573.307971733061,1581.8762261355112,234.39787342601107,-241.90523108599191,-1.0840311183796625,stop_loss,1
2020-01-08 15:15:00,2020-01-08 15:30:00,long,1572.43,1570.7767153151085,1570.8567153151084,1585.016277479134,141.37790042365464,-233.73791755255215,-1.0508490299105897,stop_loss,1
2020-01-14 14:30:00,2020-01-14 15:00:00,long,1542.8999999999999,1542.1072782699332,1542.1872782699331,1548.6017738405328,311.0982342929996,-246.61433050942972,-1.1122457708598794,stop_loss,2
2020-01-15 15:15:00,2020-01-15 15:45:00,long,1548.76,1553.6668424963843,1548.140394687952,1553.7168424963843,356.6570919866189,1750.0601755968014,7.9193034678253325,take_profit,2
2020-01-16 15:45:00,2020-01-16 16:30:00,long,1553.23,1552.5381242277429,1552.6181242277428,1558.1250061780577,369.7430419032239,-255.8162526535055,-1.1307454938194461,stop_loss,3
2020-01-17 16:00:00,2020-01-17 17:15:00,long,1555.3799999999999,1554.5533745545936,1554.6333745545935,1561.3530035632514,301.9845652602872,-249.62812576411497,-1.107148772509868,stop_loss,5
2020-01-24 15:15:00,2020-01-24 15:45:00,long,1557.3,1561.7288098357794,1556.7401487705274,1561.7788098357794,401.3931993643017,1777.6941493596112,7.9106905596188986,take_profit,2
2020-01-28 14:15:00,2020-01-28 14:30:00,long,1574.98,1574.168373325236,1574.248373325236,1580.8330133981133,314.4411850323362,-255.20885341666445,-1.1093453844144194,stop_loss,1
2020-01-28 14:45:00,2020-01-28 15:00:00,long,1573.6,1572.7205361834942,1572.8005361834942,1579.9957105320464,286.8021382831421,-252.232103116481,-1.1000670678875584,stop_loss,1
2020-01-30 15:30:00,2020-01-30 16:30:00,long,1578.19,1577.3670904398236,1577.4470904398236,1584.1332764814124,307.6164959974551,-253.14055542427508,-1.1076847092678717,stop_loss,4
2020-02-03 15:30:00,2020-02-03 16:45:00,long,1576.74,1575.7824721866061,1575.862472186606,1583.7602225071523,259.56079180817176,-248.53667742286308,-1.0911652015797846,stop_loss,5
2020-02-04 14:15:00,2020-02-04 14:30:00,long,1569.3999999999999,1568.567113092675,1568.647113092675,1575.4230952585983,301.54091117432563,-251.14947693988375,-1.1062576586491337,stop_loss,1
2020-02-04 14:45:00,2020-02-04 15:00:00,long,1566.85,1565.9954444523576,1566.0754444523575,1573.0464443811384,292.1323800518439,-249.6433460192662,-1.1032850390697346,stop_loss,1
2020-02-04 15:15:00,2020-02-04 15:30:00,long,1566.37,1565.5201791451452,1565.6001791451451,1572.5285668388387,292.9562432023697,-248.96032503325043,-1.1039202815764486,stop_loss,1
2020-02-04 15:45:00,2020-02-04 16:00:00,long,1563.3,1562.2740575282119,1562.3540575282118,1570.8675397743048,237.62221414699405,-243.78672173372468,-1.084571739176379,stop_loss,1
2020-02-13 14:15:00,2020-02-13 15:00:00,long,1573.46,1572.691323087132,1572.771323087132,1578.9694153029436,325.32756689016975,-250.0717897879712,-1.116164776987755,stop_loss,3
2020-02-18 15:00:00,2020-02-18 15:30:00,long,1586.69,1590.7215761444736,1586.1798029819408,1590.7715761444736,437.66498267048,1764.4797034057356,7.901998643209674,take_profit,2
2020-02-19 14:45:00,2020-02-19 15:00:00,long,1607.87,1607.122990225496,1607.202990225496,1613.2060781960317,342.70683416545523,-256.00535491084605,-1.119938272358051,stop_loss,1
2020-02-19 15:45:00,2020-02-19 16:00:00,long,1604.74,1603.8885576017908,1603.9685576017907,1610.9115391856742,295.3179558729669,-251.44622858271796,-1.103701844992742,stop_loss,1
2020-02-24 14:15:00,2020-02-24 15:00:00,long,1680.57,1678.7419092294886,1678.8219092294885,1694.5547261640922,129.8939719021108,-237.45797117931332,-1.0457642139352528,stop_loss,3
2020-02-24 15:15:00,2020-02-24 16:45:00,long,1676.06,1674.1152489718716,1674.1952489718715,1690.978008225027,121.38568425447836,-236.0649342539654,-1.0429011695358699,stop_loss,6
2020-02-26 15:15:00,2020-02-26 15:30:00,long,1642.24,1640.760673581107,1640.840673581107,1653.434611351144,161.25321559308645,-238.54614195828924,-1.0571703634833214,stop_loss,1
2020-02-26 15:45:00,2020-02-26 16:00:00,long,1637.57,1635.9613716081994,1636.0413716081994,1649.7990271344045,147.14514494921463,-236.70185788090566,-1.0523344983182574,stop_loss,1
2020-02-28 14:30:00,2020-02-28 16:30:00,long,1619.8999999999999,1617.2413306568903,1617.3213306568903,1640.529354744877,86.95187745201613,-231.17629090749145,-1.031023752701638,stop_loss,8
2020-03-04 15:30:00,2020-03-04 15:45:00,long,1643.06,1641.3934333426614,1641.4734333426613,1655.7525332587093,140.8869969658694,-234.7975715958733,-1.0504233463056152,stop_loss,1
2020-03-10 16:00:00,2020-03-10 16:15:00,long,1653.6599999999999,1651.362535695222,1651.442535695222,1671.3997144382224,100.48514361368555,-230.8610306129139,-1.0360772436460666,stop_loss,1
2020-03-11 15:30:00,2020-03-11 16:00:00,long,1660.76,1659.0717691133696,1659.1517691133695,1673.625847093044,138.12048871750218,-233.1792751293778,-1.0497441012139368,stop_loss,2
2020-03-13 14:45:00,2020-03-13 15:45:00,short,1593.97,1570.7126013842562,1596.883424826968,1570.6626013842563,76.00336763692935,1767.6406172709876,7.982838067577142,take_profit,4
2020-03-17 15:15:00,2020-03-17 15:30:00,short,1487.05,1490.1228830371533,1490.0428830371534,1463.1069357027718,75.75739420611002,-232.79361159489576,-1.0267300789930023,stop_loss,1
2020-03-23 14:15:00,2020-03-23 14:45:00,short,1518.18,1520.84747177118,1520.76747177118,1497.4802258305606,87.35733535000145,-233.02322605162155,-1.0309182117041786,stop_loss,2
2020-04-01 14:15:00,2020-04-01 14:45:00,long,1590.01,1588.5392682926079,1588.6192682926078,1601.135853659137,162.02662839118338,-238.2976998167558,-1.057523675900032,stop_loss,2
2020-04-01 15:45:00,2020-04-01 16:15:00,long,1582.29,1580.3115537043948,1580.3915537043947,1597.477570364841,118.31816204967237,-234.08612940998782,-1.0421397224588975,stop_loss,2
2020-04-08 14:15:00,2020-04-08 14:30:00,long,1647.34,1645.7335479761978,1645.8135479761977,1659.5516161904186,146.6920771607593,-235.65378423064274,-1.0524091152243724,stop_loss,1
2020-04-09 14:30:00,2020-04-09 15:30:00,long,1657.58,1669.5846262227549,1656.0731717221556,1669.6346262227548,148.13330754877444,1778.2849882634414,7.9668177185584605,take_profit,4
2020-04-15 15:45:00,2020-04-15 18:45:00,long,1714.98,1712.5915822576533,1712.6715822576532,1733.4473419387753,99.00561214606799,-236.46676064156932,-1.0346557724506988,stop_loss,12
2020-04-16 15:45:00,2020-04-16 16:00:00,long,1728.74,1726.6180901434202,1726.6980901434201,1745.0752788526397,111.58029853951761,-236.76333527111964,-1.0391790067235995,stop_loss,1
2020-04-22 15:00:00,2020-04-22 17:00:00,long,1695.33,1711.3632604914123,1693.3195924385734,1711.4132604914123,112.97541142403558,1811.364200486053,7.975129421039259,take_profit,8
2020-04-24 15:00:00,2020-04-24 16:45:00,long,1730.75,1729.095602186983,1729.1756021869828,1743.3451825041377,147.71407331793128,-244.37783984903493,-1.0508130787139591,stop_loss,7
2020-04-30 15:30:00,2020-04-30 15:45:00,long,1712.06,1710.591244385478,1710.6712443854778,1723.1700449161765,166.93187630700692,-245.18213056861248,-1.0576055276849101,stop_loss,1
2020-05-01 14:30:00,2020-05-01 16:30:00,short,1683.54,1685.4337033777622,1685.3537033777623,1669.0303729779012,127.41445867376298,-241.28519076624997,-1.0441086458683388,stop_loss,8
2020-05-06 15:45:00,2020-05-06 16:00:00,long,1695.51,1693.9337945298378,1694.0137945298377,1707.4796437612981,153.96827714783802,-242.68564067187532,-1.053468592112051,stop_loss,1
2020-05-07 15:00:00,2020-05-07 15:15:00,short,1695.43,1696.8281911989836,1696.7481911989837,1684.8844704081303,174.20850765435415,-243.5768021903795,-1.0606892232793008,stop_loss,1
2020-05-07 16:00:00,2020-05-07 17:00:00,short,1697.8700000000001,1699.3686593823973,1699.2886593823973,1686.5207249408218,161.35613242459112,-241.81788176542824,-1.056391266989505,stop_loss,4
2020-05-08 15:45:00,2020-05-08 16:00:00,long,1712.47,1710.6754769067832,1710.755476906783,1726.1861847457353,133.0888679358862,-238.83104696103763,-1.0466602055792809,stop_loss,1
2020-05-12 15:30:00,2020-05-12 18:00:00,long,1700.96,1710.6191066469432,1699.746361669132,1710.6691066469432,187.42605486315787,1810.3682523390692,7.958801564907003,take_profit,10
2020-05-14 14:15:00,2020-05-14 14:30:00,long,1715.47,1714.40040797002,1714.48040797002,1723.3867362398403,235.34804453407955,-251.72639270501975,-1.0808413948135187,stop_loss,1
2020-05-18 15:15:00,2020-05-18 15:30:00,long,1755.05,1753.3740973051938,1753.4540973051937,1767.8172215584505,145.46210788395342,-243.78033859490114,-1.0501283695179429,stop_loss,1
2020-05-18 16:00:00,2020-05-18 16:15:00,long,1748.76,1746.840795109151,1746.920795109151,1763.4736391267913,125.82177771481673,-241.47777116558692,-1.0434970570152176,stop_loss,1
2020-05-19 14:30:00,2020-05-19 15:30:00,long,1732.44,1731.0561427941416,1731.1361427941415,1742.8708576468687,176.92703970831948,-244.84175881156662,-1.0613564120675698,stop_loss,4
2020-05-20 15:45:00,2020-05-20 17:45:00,long,1744.3899999999999,1742.8385299736328,1742.9185299736328,1756.161760210937,156.27438292182285,-242.45502099221372,-1.0543674003319239,stop_loss,8
2020-05-25 14:30:00,2020-05-25 16:00:00,long,1727.08,1726.2246511570693,1726.3046511570692,1733.2827907434457,295.6420292433236,-252.877067634947,-1.1031793633657039,stop_loss,6
2020-05-28 14:15:00,2020-05-28 16:15:00,short,1724.68,1725.8632856255783,1725.7832856255784,1715.853714995374,207.07880968977219,-245.03337886776444,-1.0725106882073185,stop_loss,8
2020-05-29 15:00:00,2020-05-29 15:15:00,short,1729.6000000000001,1730.7962315242203,1730.7162315242203,1720.6701478062382,204.01858307584158,-244.05346060204693,-1.0716697192867892,stop_loss,1
2020-06-01 14:15:00,2020-06-01 14:30:00,long,1733.12,1731.8163423221117,1731.8963423221116,1742.9092614231063,185.5092463162893,-241.84055327947792,-1.0653777616448983,stop_loss,1
2020-06-04 15:45:00,2020-06-04 16:00:00,short,1715.4,1717.0692146381853,1716.9892146381853,1702.6862828945175,142.38120293979773,-237.66478814952333,-1.0503393299292039,stop_loss,1
2020-06-10 14:30:00,2020-06-10 14:45:00,short,1721.71,1722.7386613940942,1722.6586613940942,1714.1207088472468,237.76797385675673,-244.5827354584245,-1.0843293513343755,stop_loss,1
2020-06-10 15:00:00,2020-06-10 15:30:00,short,1723.53,1724.5991519163363,1724.5191519163363,1715.6167846693097,227.2932454867446,-243.01100898244903,-1.0808773644156016,stop_loss,2
2020-06-11 14:30:00,2020-06-11 15:15:00,long,1726.56,1725.2774424235597,1725.3574424235596,1736.1804606115231,186.35158990052855,-239.00664350860743,-1.0665248812757349,stop_loss,3
2020-06-16 14:15:00,2020-06-16 15:15:00,long,1726.43,1725.0175636607796,1725.0975636607795,1737.089490713765,167.64890735172503,-236.79340897417865,-1.0600403919085,stop_loss,4
2020-06-16 15:45:00,2020-06-16 16:00:00,long,1724.81,1723.002312513138,1723.0823125131378,1738.631499894896,128.88390860754114,-232.98182884772427,-1.0463046706121752,stop_loss,1
2020-06-24 14:45:00,2020-06-24 15:00:00,long,1775.07,1773.8368981448957,1773.9168981448956,1784.2948148408339,192.5000551252345,-237.37217508259192,-1.0693780862859608,stop_loss,1
2020-06-25 15:15:00,2020-06-25 15:30:00,long,1757.73,1756.3418842209398,1756.4218842209398,1768.1949262324813,169.14409082833131,-234.7915814135936,-1.0611566661610028,stop_loss,1
2020-06-26 15:45:00,2020-06-26 16:00:00,long,1759.84,1758.7050415009185,1758.7850415009184,1768.2796679926519,209.06574011690594,-237.28093861243588,-1.075832366931569,stop_loss,1
2020-06-29 15:30:00,2020-06-29 18:30:00,long,1768.79,1770.14,1767.7323100061965,1777.2515199504285,207.85280930634278,280.60129256359113,1.2763664286408765,time_stop,12
2020-06-30 15:00:00,2020-06-30 17:00:00,long,1765.8899999999999,1772.8285771229575,1765.01642785963,1772.8785771229575,252.62440303045216,1752.853903567933,7.94276374246611,take_profit,8
2020-07-01 14:45:00,2020-07-01 15:15:00,long,1777.75,1776.3485820536698,1776.4285820536697,1788.3213435706418,170.98617648044748,-239.62309629407918,-1.0605410273275744,stop_loss,2
2020-07-02 15:15:00,2020-07-02 15:30:00,long,1768.95,1768.0068703575023,1768.0868703575022,1775.8550371399829,260.9403290043318,-246.10055920710116,-1.092685960556764,stop_loss,1
2020-07-02 15:45:00,2020-07-02 16:00:00,long,1765.1699999999998,1763.9506688286624,1764.0306688286623,1774.2846493706993,197.0340466904069,-240.24975494437052,-1.0702166341205352,stop_loss,1
2020-07-15 14:15:00,2020-07-15 16:30:00,long,1804.01,1802.9493824716606,1803.0293824716605,1811.8549402267165,228.18915171058129,-242.0214140811491,-1.0815812461922767,stop_loss,9
2020-07-16 14:45:00,2020-07-16 15:00:00,long,1805.11,1804.2686755656425,1804.3486755656425,1811.2005954748593,292.9634300918242,-246.4772921094004,-1.1050800373528622,stop_loss,1
2020-07-23 14:30:00,2020-07-23 15:00:00,long,1876.11,1874.5110758618746,1874.5910758618745,1888.2613931050028,146.354106993194,-234.00911438519245,-1.0526688581686912,stop_loss,2
2020-07-27 15:15:00,2020-07-27 15:30:00,long,1935.62,1933.7420455682081,1933.822045568208,1950.0036354543338,123.25048653304802,-231.4587974052269,-1.0444950097651808,stop_loss,1
2020-07-30 15:45:00,2020-07-30 17:15:00,long,1949.48,1947.513117705878,1947.5931177058778,1964.5750583529782,117.07374793780929,-230.27028192539257,-1.0423979811825754,stop_loss,6
2020-08-03 15:45:00,2020-08-03 16:00:00,long,1967.26,1965.8672935687418,1965.9472935687418,1977.7616514500655,167.75538383972636,-233.63400195176607,-1.0609427958109778,stop_loss,1
2020-08-04 14:30:00,2020-08-04 17:15:00,long,1971.46,1980.9453499062868,1970.268081261714,1980.9953499062867,184.16747903000274,1746.8929799582995,7.958050831491443,take_profit,11
2020-08-05 16:00:00,2020-08-05 17:15:00,long,2035.1699999999998,2051.4577788313927,2033.1277776460756,2051.507778831393,110.05331899670311,1792.5241194790278,7.975516867737352,take_profit,5
2020-08-12 14:15:00,2020-08-12 16:15:00,short,1939.52,1943.8981413247438,1943.818141324744,1905.134869402048,53.54196224591729,-234.41427751672632,-1.018612696501945,stop_loss,8
2020-08-14 15:15:00,2020-08-14 16:15:00,short,1951.42,1953.5237360521073,1953.4437360521074,1935.2301115831417,113.36837996516529,-238.49714810171164,-1.039530846879277,stop_loss,4
2020-08-17 15:45:00,2020-08-17 16:00:00,short,1961.01,1962.7275011806885,1962.6475011806886,1947.9099905544913,139.67146342088705,-239.8859033338623,-1.0488549266060911,stop_loss,1
2020-08-18 14:30:00,2020-08-18 17:00:00,long,2002.04,2000.2115813823318,2000.2915813823317,2016.027348941346,130.39927980992456,-238.4244709349844,-1.0457556326565656,stop_loss,10
2020-08-19 14:30:00,2020-08-19 14:45:00,long,1985.06,1983.0613362174595,1983.1413362174594,2000.4093102603244,118.4560094403061,-236.7537358926108,-1.0416956846363137,stop_loss,1
2020-08-20 14:30:00,2020-08-20 14:45:00,short,1936.16,1938.7485834688612,1938.6685834688612,1916.0913322491117,90.31670532078141,-233.79233035537305,-1.0318905075286353,stop_loss,1
2020-08-20 15:45:00,2020-08-20 17:45:00,short,1941.93,1944.7038749421815,1944.6238749421816,1920.379000462548,83.8441359700766,-232.57314781625107,-1.0296969984564843,stop_loss,8
2020-08-21 16:00:00,2020-08-21 17:45:00,short,1938.45,1941.556571236366,1941.476571236366,1914.2374301090729,74.39702551510553,-231.11965953640532,-1.0264325514756376,stop_loss,7
2020-08-24 15:15:00,2020-08-24 16:00:00,short,1958.68,1945.5547076848193,1960.3269115393975,1945.5047076848193,136.30030098563574,1788.981293083593,7.969640142288798,take_profit,3
2020-08-25 14:30:00,2020-08-25 17:00:00,short,1929.68,1916.555354258333,1931.3268307177084,1916.505354258333,139.5659431928034,1831.7535620071806,7.969638652314503,take_profit,10
2020-08-28 14:30:00,2020-08-28 14:45:00,short,1960.48,1962.7263310554367,1962.6463310554368,1943.1493515565053,108.63378544624878,-244.0274459175574,-1.0369287971010492,stop_loss,1
2020-08-28 15:00:00,2020-08-28 15:30:00,short,1962.23,1964.397627287596,1964.317627287596,1945.5289816992317,112.37861381581831,-243.59494984937004,-1.0383210166274708,stop_loss,2
2020-08-31 15:30:00,2020-08-31 17:00:00,long,1961.01,1973.7954521420218,1959.4055684822472,1973.8454521420217,145.76744055871774,1863.7026351284885,7.968836314016901,take_profit,6
2020-09-02 14:30:00,2020-09-02 15:00:00,long,1958.57,1956.65951986816,1956.73951986816,1973.2138410547204,130.82085931150903,-249.93065254486132,-1.0437043804018307,stop_loss,2
2020-09-09 15:30:00,2020-09-09 15:45:00,short,1930.82,1932.4826719573175,1932.4026719573176,1918.1586243414588,150.8304931660612,-250.78163129558942,-1.050547430015449,stop_loss,1
2020-09-09 16:00:00,2020-09-09 16:15:00,short,1935.88,1937.7021253101361,1937.6221253101362,1921.942997518911,136.59341584896663,-248.89032021633614,-1.0459209217238672,stop_loss,1
2020-09-10 15:30:00,2020-09-10 15:45:00,short,1953.3600000000001,1954.7675454340217,1954.6875454340218,1942.739636527827,178.6878022465555,-251.5112001674912,-1.0602615910158162,stop_loss,1
2020-09-10 16:00:00,2020-09-10 16:15:00,short,1956.1200000000001,1957.7831896854575,1957.7031896854576,1943.4544825163407,149.35774566959284,-248.41026204083386,-1.050530900204047,stop_loss,1
2020-09-18 15:00:00,2020-09-18 15:15:00,long,1950.87,1949.8223530131863,1949.9023530131863,1958.6111758945087,243.5975255576889,-255.20421364575216,-1.082674778188851,stop_loss,1
2020-09-18 15:30:00,2020-09-18 16:30:00,long,1947.98,1946.8280237715742,1946.908023771574,1956.555809827408,219.17538162690346,-252.4848294903539,-1.0746285205572135,stop_loss,4
2020-09-21 15:00:00,2020-09-21 15:30:00,short,1932.99,1921.843659858013,1934.3895425177484,1921.7936598580131,167.33564111258417,1865.1799737183123,7.964274040005142,take_profit,2
2020-09-28 15:00:00,2020-09-28 15:15:00,short,1865.15,1866.9823676303931,1866.9023676303932,1851.1310589568554,136.83708842482412,-250.73585146687742,-1.0456525209735703,stop_loss,1
2020-09-29 14:15:00,2020-09-29 15:30:00,short,1888.05,1877.5664391315718,1889.3666951085536,1877.5164391315718,181.5429215811995,1903.2162686287897,7.962026136744908,take_profit,5
2020-09-30 15:30:00,2020-09-30 15:45:00,short,1887.82,1889.2988837190605,1889.2188837190606,1876.6289302475147,174.95830590460335,-258.74299011674276,-1.0571884559880687,stop_loss,1
2020-10-01 15:45:00,2020-10-01 18:15:00,short,1907.29,1908.939810100529,1908.859810100529,1894.7315191957664,155.41376411822134,-256.40319780348335,-1.0509615780742916,stop_loss,10
2020-10-07 15:15:00,2020-10-07 15:30:00,short,1889.99,1891.4897996792308,1891.409799679231,1878.6316025661524,171.29239472174623,-256.90427865835375,-1.0563459769502577,stop_loss,1
2020-10-08 15:30:00,2020-10-08 15:45:00,short,1898.3,1899.4790290962446,1899.3990290962447,1889.5077672300422,220.58576526591187,-260.07703546590835,-1.0727915214194763,stop_loss,1
2020-10-09 15:00:00,2020-10-09 15:45:00,long,1913.07,1921.5373589860924,1912.0053301267383,1921.5873589860923,226.97171133240414,1921.8509595392136,7.953037085714009,take_profit,3
2020-10-13 14:45:00,2020-10-13 15:30:00,long,1919.78,1918.6142454709702,1918.6942454709701,1928.4660362322384,227.87424726466367,-265.6454357980279,-1.073681479432935,stop_loss,3
2020-10-13 15:45:00,2020-10-13 16:00:00,long,1915.95,1914.5029262519884,1914.5829262519883,1926.8865899840944,180.3988702644266,-261.05046933061834,-1.0585191545929966,stop_loss,1
2020-10-20 14:45:00,2020-10-20 15:00:00,long,1903.82,1902.7846619421114,1902.8646619421113,1911.4627044631093,257.3281847943943,-266.4216630850183,-1.0837399906130953,stop_loss,1
2020-10-21 14:45:00,2020-10-21 15:30:00,long,1915.85,1924.1849315149793,1914.8018835606274,1924.2349315149793,233.78713863025587,1948.5997895661815,7.952295376618106,take_profit,3
2020-10-22 15:15:00,2020-10-22 15:30:00,long,1905.09,1903.8760703079179,1903.9560703079178,1914.1614375366573,221.2499985076323,-268.5819425615235,-1.0705511113771362,stop_loss,1
2020-10-27 14:15:00,2020-10-27 14:30:00,short,1902.98,1903.9622002431026,1903.8822002431027,1895.762398055179,277.1848032241975,-272.25098111116,-1.0886721108883815,stop_loss,1
2020-10-27 15:00:00,2020-10-27 15:45:00,short,1905.64,1906.721479203388,1906.6414792033881,1897.6281663728967,248.8912830807233,-269.17074655635065,-1.0798818385137545,stop_loss,3
2020-10-30 14:45:00,2020-10-30 15:00:00,short,1882.3,1883.8216585436203,1883.7416585436204,1870.7667316510365,172.33757103558648,-262.2389373530762,-1.05549164214643,stop_loss,1
2020-10-30 15:15:00,2020-10-30 15:30:00,short,1887.42,1889.0632923156727,1888.9832923156728,1874.9136614746183,158.4254028342807,-260.33924708491355,-1.051174050558486,stop_loss,1
2020-11-02 14:15:00,2020-11-02 15:15:00,short,1891.38,1892.5962407719642,1892.5162407719642,1882.290073824287,217.28158609390204,-264.26672400442425,-1.0704076125182842,stop_loss,4
2020-11-03 14:15:00,2020-11-03 15:15:00,short,1900.9,1902.05725423007,1901.97725423007,1892.2819661594415,228.44319388650146,-264.36685245581816,-1.0742628784987325,stop_loss,4
2020-11-03 15:30:00,2020-11-03 15:45:00,short,1905.72,1906.9559518631472,1906.8759518631473,1896.472385094822,212.2045945059364,-262.27466394800666,-1.0692070340906017,stop_loss,1
2020-11-03 16:00:00,2020-11-03 16:15:00,short,1906.51,1907.7869431881218,1907.7069431881218,1896.934454495025,204.27993143047297,-260.85386691012616,-1.0668369232506825,stop_loss,1
2020-11-06 14:30:00,2020-11-06 14:45:00,long,1952.48,1950.8363653969006,1950.9163653969006,1964.989076824795,155.8733161263201,-256.19877608506704,-1.051162848303146,stop_loss,1
2020-11-06 15:00:00,2020-11-06 16:30:00,long,1949.71,1948.005156898348,1948.085156898348,1962.708744813216,149.52847706938346,-254.92259263225742,-1.0492355230597896,stop_loss,6
2020-11-10 15:00:00,2020-11-10 16:15:00,short,1880.48,1882.3570841120375,1882.2770841120375,1866.1033271036995,134.7714027777046,-252.9772589110274,-1.0445165584983245,stop_loss,5
2020-11-12 16:00:00,2020-11-12 16:15:00,short,1876.8400000000001,1878.3857306366415,1878.3057306366416,1865.1141549068689,164.72099912253864,-254.6142948418789,-1.0545802878100714,stop_loss,1
2020-11-13 14:15:00,2020-11-13 14:30:00,short,1881.81,1882.9819191150132,1882.9019191150132,1873.074647079893,220.4126374549558,-258.3057830239425,-1.0732655000722766,stop_loss,1
2020-11-13 15:15:00,2020-11-13 15:30:00,short,1888.06,1889.3400272502054,1889.2600272502054,1878.4597819983555,199.91033923388818,-255.89068181718685,-1.0666651528006785,stop_loss,1
2020-11-13 15:45:00,2020-11-13 16:00:00,short,1891.14,1892.526350026963,1892.446350026963,1880.6891997842965,183.0521511826184,-253.77435472763491,-1.0612393296962792,stop_loss,1
2020-11-17 15:45:00,2020-11-17 16:00:00,short,1889.66,1890.814364135152,1890.734364135152,1881.0650869187855,221.8697104358923,-256.1184364037111,-1.0744626494709055,stop_loss,1
2020-11-19 14:15:00,2020-11-19 14:45:00,short,1863.4,1864.8606178804237,1864.7806178804237,1852.35505695661,172.09722373488094,-251.36828215842266,-1.0579450701995683,stop_loss,2
2020-11-23 14:30:00,2020-11-23 16:45:00,short,1868.04,1859.0400005293122,1869.171249933836,1858.9900005293123,209.36699515202628,1884.3028455477163,7.955801102387131,take_profit,9
2020-12-03 15:15:00,2020-12-03 15:30:00,long,1837.95,1836.538416606827,1836.618416606827,1848.6026671453844,182.11349675362604,-257.0683876900894,-1.0600788507952856,stop_loss,1
2020-12-04 15:45:00,2020-12-04 16:00:00,long,1839.3999999999999,1837.7568892569923,1837.8368892569922,1851.9048859440616,154.64553862743074,-254.09974587692554,-1.0511799949925464,stop_loss,1
2020-12-14 16:00:00,2020-12-14 16:30:00,short,1832.51,1834.2382717505297,1834.1582717505298,1819.3238259957607,146.19300699150742,-252.6612441084215,-1.048535685923278,stop_loss,2
2020-12-15 15:45:00,2020-12-15 18:45:00,short,1853.02,1849.28,1854.5365814320353,1840.8873485437184,158.38768347204302,592.3699361854424,2.4660726559079578,time_stop,12
2020-12-16 14:15:00,2020-12-16 15:15:00,long,1857.46,1856.0814921145538,1856.1614921145538,1867.8480630835704,186.35614949860508,-256.8934215852175,-1.061609175343924,stop_loss,4
2020-12-23 14:15:00,2020-12-23 16:30:00,long,1859.93,1870.629339208426,1858.586332598947,1870.679339208426,179.5193134636783,1920.7380292116422,7.962788410316359,take_profit,9
2021-01-04 14:45:00,2021-01-04 15:00:00,long,1931.68,1930.2551917989417,1930.3351917989417,1942.438465608467,183.6518123951374,-261.66860843981954,-1.05948803698324,stop_loss,1
2021-01-07 16:00:00,2021-01-07 16:30:00,long,1913.44,1911.5193998712548,1911.5993998712547,1928.1648010299625,133.75607975792184,-256.8919440035264,-1.0434640847572145,stop_loss,2
2021-01-08 14:30:00,2021-01-08 14:45:00,long,1889.85,1888.0692333379288,1888.1492333379288,1903.4561332965689,144.3000896384136,-256.96478896195447,-1.0470376106164414,stop_loss,1
2021-01-08 15:15:00,2021-01-08 15:30:00,long,1883.46,1881.5765326688886,1881.6565326688885,1897.887738648893,135.65529200533084,-255.50231078442258,-1.0443589959295918,stop_loss,1
2021-01-14 14:15:00,2021-01-14 16:00:00,short,1843.69,1845.2375692504684,1845.1575692504684,1831.9494459962539,166.18185507349338,-257.17792889752013,-1.0545119080236893,stop_loss,7
2021-01-21 15:00:00,2021-01-21 15:45:00,long,1867.28,1865.9991277142803,1866.0791277142803,1876.8869782857573,202.44604659125787,-259.30753043224604,-1.0666182415492937,stop_loss,3
2021-01-21 16:00:00,2021-01-21 19:00:00,long,1861.04,1862.8000000000002,1859.4279589662526,1873.936328269979,150.32739182223835,264.5762096071723,1.0917836228454603,time_stop,12
2021-01-22 14:30:00,2021-01-22 14:45:00,long,1847.4099999999999,1845.9349886508005,1846.0149886508004,1858.5700907935952,174.28363782274076,-257.07034376829154,-1.0573472036953953,stop_loss,1
2021-01-22 15:00:00,2021-01-22 15:15:00,long,1843.59,1841.9411381733944,1842.0211381733943,1856.140894612845,154.47915017190797,-254.71477372492146,-1.0509923810008277,stop_loss,1
2021-01-22 15:30:00,2021-01-22 17:00:00,long,1839.06,1852.0566387223,1837.4291701597124,1852.1066387223,148.14071426814576,1925.3313434065747,7.969340762129057,take_profit,6
2021-01-25 15:30:00,2021-01-25 16:45:00,short,1867.04,1856.5316991263353,1868.359787609208,1856.4816991263353,187.43037871726196,1969.574812425903,7.962115116363168,take_profit,5
2021-01-28 15:45:00,2021-01-28 16:00:00,short,1846.91,1848.4308000507556,1848.3508000507557,1835.3835995939555,175.789149732943,-267.34014783612537,-1.0555247065392415,stop_loss,1
2021-01-29 14:30:00,2021-01-29 14:45:00,short,1865.06,1866.9307603283557,1866.8507603283558,1850.7339173731532,140.98759695318688,-263.7540031702391,-1.04467376160459,stop_loss,1
2021-02-02 15:30:00,2021-02-02 15:45:00,long,1833.5,1831.4018978622787,1831.4818978622786,1849.6448171017712,124.71308002708847,-261.66077980664164,-1.0396412047262655,stop_loss,1
2021-02-03 14:30:00,2021-02-03 14:45:00,short,1837.3300000000002,1838.4716787656628,1838.3916787656628,1828.8365698746986,236.32266103434293,-269.804563947794,-1.075352359477579,stop_loss,1
2021-02-04 14:30:00,2021-02-04 14:45:00,short,1814.5800000000002,1816.02636424594,1815.94636424594,1803.6490860324807,183.032700186909,-264.73195338815975,-1.058549541410826,stop_loss,1
2021-02-08 15:00:00,2021-02-08 15:30:00,short,1825.22,1826.564547814757,1826.484547814757,1815.1036174819437,197.14172813700273,-265.06647976400177,-1.0632637208861124,stop_loss,2
2021-02-08 15:45:00,2021-02-08 16:00:00,short,1829.01,1830.5145031155325,1830.4345031155326,1817.6139750757397,174.44675224936293,-262.4556822537002,-1.056159933332273,stop_loss,1
2021-02-09 15:45:00,2021-02-09 16:00:00,short,1845.8700000000001,1847.247302001849,1847.167302001849,1835.491583985209,190.94441747099484,-262.9881284246685,-1.0616664430378657,stop_loss,1
2021-02-10 15:00:00,2021-02-10 15:30:00,long,1838.48,1846.7122678159262,1837.4447165230092,1846.7622678159262,238.50821164406878,1963.4634745515837,7.951704049073097,take_profit,2
2021-02-15 14:30:00,2021-02-15 16:00:00,short,1824.0900000000001,1816.6773423162851,1825.0228322104645,1816.6273423162852,271.01765808402644,2008.9611256190024,7.946399792547243,take_profit,6
2021-02-19 16:00:00,2021-02-19 16:15:00,short,1783.27,1785.0572145761757,1784.9772145761758,1769.6122833905936,151.615905847082,-270.97015690999604,-1.0468599560455534,stop_loss,1
2021-02-22 15:15:00,2021-02-22 16:30:00,short,1799.56,1800.8988792416178,1800.8188792416179,1789.4889660670556,204.96642206911645,-274.4252877370249,-1.063548589376301,stop_loss,5
2021-02-23 14:15:00,2021-02-23 16:30:00,short,1812.02,1802.0573858764874,1813.271576765439,1802.0073858764874,205.50453253107068,2047.3623582398982,7.9600503929280055,take_profit,9
2021-02-24 15:00:00,2021-02-24 15:15:00,long,1806.61,1805.432565658375,1805.512565658375,1815.3894747329996,239.96586874901732,-282.5440546829231,-1.0728972996065334,stop_loss,1
2021-02-24 15:30:00,2021-02-24 15:45:00,long,1802.4099999999999,1801.051370389109,1801.131370389109,1812.639036887127,205.29725792606234,-278.92293365304045,-1.06256698524617,stop_loss,1
2021-02-24 16:00:00,2021-02-24 16:15:00,long,1790.76,1789.0048550804054,1789.0848550804053,1804.1611593567577,156.20283424870632,-274.15861095789637,-1.0477570621288597,stop_loss,1
2021-03-02 15:00:00,2021-03-02 18:00:00,short,1733.52,1727.1399999999999,1735.171786095037,1720.3057112397025,157.91385408125717,1007.490389038438,3.8624855961490745,time_stop,12
2021-03-03 14:45:00,2021-03-03 15:00:00,short,1725.38,1716.4348725352597,1726.5043909330927,1716.3848725352598,234.67138678048727,2099.1654670788494,7.955531480618478,take_profit,1
2021-03-04 14:15:00,2021-03-04 14:30:00,short,1717.52,1719.2394870072435,1719.1594870072436,1704.404103942051,164.7831759323911,-283.3425300280688,-1.0487957511382957,stop_loss,1
2021-03-09 16:00:00,2021-03-09 16:15:00,short,1713.42,1715.22720086222,1715.14720086222,1699.6023931022419,155.9227153333367,-281.78366559006093,-1.0463177165724127,stop_loss,1
2021-03-10 16:00:00,2021-03-10 16:15:00,short,1720.05,1721.6379262080584,1721.5579262080585,1707.9865903355317,178.03556694746354,-282.70734272241924,-1.0530529939544784,stop_loss,1
2021-03-12 14:15:00,2021-03-12 14:45:00,short,1704.25,1705.5800910049995,1705.5000910049996,1694.2492719600032,214.07751457147128,-284.74257650416996,-1.0639953408831644,stop_loss,2
2021-03-12 15:00:00,2021-03-12 16:45:00,short,1706.65,1707.9680211144257,1707.8880211144258,1696.7458310845946,215.4746348835126,-284.00011839962065,-1.0646192533130088,stop_loss,7
2021-03-15 15:00:00,2021-03-15 15:30:00,short,1731.24,1732.5627524849688,1732.4827524849688,1721.2979801202498,213.9687109621232,-283.02764413071077,-1.064373236800998,stop_loss,2
2021-03-15 16:00:00,2021-03-15 17:00:00,short,1733.95,1722.9763320026668,1735.3279584996667,1722.9263320026669,192.35779915395662,2110.8706246132256,7.963714436964502,take_profit,4
2021-03-19 15:15:00,2021-03-19 15:30:00,long,1736.3799999999999,1734.820378236072,1734.900378236072,1748.216974111423,183.42098150457724,-286.06735471555686,-1.054067871905013,stop_loss,1
2021-03-19 15:45:00,2021-03-19 18:45:00,long,1734.4099999999999,1742.26,1732.835581234164,1747.0053501266862,171.83196745462607,1348.880944518838,4.985966993243151,time_stop,12
2021-03-22 14:30:00,2021-03-22 15:15:00,long,1732.0,1730.700563278722,1730.780563278722,1741.7554937702243,225.17127143492542,-292.59581867939147,-1.0656040601402281,stop_loss,3
2021-03-23 15:15:00,2021-03-23 15:30:00,long,1734.76,1733.5164771481748,1733.5964771481747,1744.0681828146019,235.23760541462372,-292.5233379417284,-1.0687567071625848,stop_loss,1
2021-03-23 15:45:00,2021-03-23 16:00:00,long,1733.6699999999998,1732.4261206022527,1732.5061206022526,1742.981035181978,234.41153784732967,-291.5796825225198,-1.068735644049352,stop_loss,1
2021-03-25 14:15:00,2021-03-25 14:30:00,long,1728.12,1727.15867805903,1727.23867805903,1735.1705755277592,308.57284699834355,-296.63784820702796,-1.0907727315989528,stop_loss,1
2021-03-26 16:00:00,2021-03-26 16:15:00,short,1728.68,1729.9471317183882,1729.8671317183882,1719.1829462528947,228.333640407314,-289.32879813513034,-1.0673893206295146,stop_loss,1
2021-03-31 15:45:00,2021-03-31 16:30:00,short,1688.79,1690.1103584703596,1690.0303584703597,1678.8671322371215,217.83551043093996,-287.6209613426158,-1.0644974835191994,stop_loss,3
2021-04-01 15:00:00,2021-04-01 15:15:00,short,1716.8600000000001,1718.024597357668,1717.944597357668,1708.1832211386559,248.3237265147318,-289.1971557452891,-1.0737600911843839,stop_loss,1
2021-04-01 16:00:00,2021-04-01 16:15:00,short,1718.69,1719.9477544547156,1719.8677544547156,1709.2679643622748,227.9453625346104,-286.6992951596449,-1.067925873410725,stop_loss,1
2021-04-05 14:30:00,2021-04-05 15:15:00,short,1726.67,1727.5752177340535,1727.4952177340535,1720.0682581275732,324.28237691517575,-293.5461584246042,-1.0969441114734257,stop_loss,3
2021-04-09 15:30:00,2021-04-09 15:45:00,long,1739.22,1738.0891810408639,1738.1691810408638,1747.6265516730896,253.82386516454486,-287.02883900928504,-1.0761310968976878,stop_loss,1
2021-04-09 16:00:00,2021-04-09 16:15:00,long,1738.32,1737.109880591357,1737.189880591357,1747.3609552691435,235.25110819781585,-284.6819319349202,-1.0707889798087726,stop_loss,1
2021-04-15 15:00:00,2021-04-15 15:15:00,long,1744.75,1750.8722797845253,1743.9784650269344,1750.9222797845252,343.48125066880874,2102.8883173331114,7.935194123733553,take_profit,1
2021-04-19 14:30:00,2021-04-19 14:45:00,long,1783.08,1781.8676212612186,1781.9476212612185,1792.1390299102513,239.5986900348158,-290.48435763807447,-1.0706477411312199,stop_loss,1
2021-04-19 15:15:00,2021-04-19 16:00:00,long,1776.26,1774.8353458130093,1774.9153458130093,1787.0172334959266,201.12606793545444,-286.53509479721413,-1.0594948506269577,stop_loss,3
2021-04-20 15:15:00,2021-04-20 15:30:00,long,1770.28,1768.801519308024,1768.8815193080238,1781.4678455358085,192.77020099366445,-285.0070201574799,-1.0572049370856038,stop_loss,1
2021-04-22 15:15:00,2021-04-22 16:00:00,long,1782.68,1781.4185734019084,1781.4985734019083,1792.131412784735,227.46261464874593,-286.9273921894114,-1.067714744300782,stop_loss,3
2021-04-26 14:15:00,2021-04-26 14:30:00,long,1777.4199999999998,1776.404198012629,1776.484198012629,1784.9064158989668,286.2460268902772,-290.76928299216144,-1.0854881706595643,stop_loss,1
2021-04-26 14:45:00,2021-04-26 15:00:00,long,1775.73,1774.690788082318,1774.770788082318,1783.4036953414563,278.35068358739886,-289.26534767895527,-1.0834017994618403,stop_loss,1
2021-04-26 15:15:00,2021-04-26 15:30:00,long,1772.27,1771.0867764587333,1771.1667764587332,1781.0957883301332,241.22898668693338,-285.42781588388385,-1.0725147687730354,stop_loss,1
2021-04-28 15:30:00,2021-04-28 16:45:00,long,1764.53,1772.5722305673096,1763.5184711790862,1772.6222305673095,262.2497827216194,2109.0732188741126,7.95056987110316,take_profit,5
2021-04-30 14:15:00,2021-04-30 14:30:00,short,1770.97,1771.9315809548543,1771.8515809548544,1763.9173523611655,308.0833718813529,-296.24710290840324,-1.0907460620143985,stop_loss,1
2021-05-03 15:30:00,2021-05-03 15:45:00,short,1784.93,1786.1892353340538,1786.109235334054,1775.4961173275697,229.565451468091,-289.0769279666228,-1.0678405723520115,stop_loss,1
2021-05-05 15:30:00,2021-05-05 15:45:00,long,1773.4099999999999,1781.2048680302496,1772.4293914962186,1781.2548680302496,275.18062511671894,2144.9966572664525,7.949011251883518,take_profit,1
2021-05-06 14:15:00,2021-05-06 16:30:00,long,1790.49,1797.7745279597573,1789.5731840050303,1797.8245279597572,301.3466743086337,2195.16827458111,7.945463429657674,take_profit,9
2021-05-07 15:30:00,2021-05-07 15:45:00,long,1818.54,1825.3933271852425,1817.6770841018447,1825.4433271852424,327.801303076623,2246.5295817329384,7.94205692570201,take_profit,1
2021-05-11 15:30:00,2021-05-11 15:45:00,long,1838.33,1837.2834305973079,1837.3634305973078,1846.0625552215363,299.62105545594034,-313.5742290424873,-1.0827669485265186,stop_loss,1
2021-05-11 16:00:00,2021-05-11 16:15:00,long,1826.73,1825.3239784231891,1825.403978423189,1837.338172614488,217.6916476827904,-306.07915373351375,-1.060330843327848,stop_loss,1
2021-05-17 15:30:00,2021-05-17 15:45:00,long,1846.6599999999999,1845.677238530373,1845.757238530373,1853.8820917570147,318.73932831515975,-313.2447307228954,-1.0886169854291459,stop_loss,1
2021-05-18 14:30:00,2021-05-18 15:00:00,long,1865.61,1871.984532295023,1864.806933463122,1872.034532295023,357.13834046749923,2276.5898851010197,7.937738658375537,take_profit,2
2021-05-19 14:45:00,2021-05-19 15:15:00,long,1853.08,1863.9182942948592,1851.7189632131426,1863.968294294859,215.74407301573123,2338.2977557160916,7.96326330009439,take_profit,2
2021-05-24 14:30:00,2021-05-24 14:45:00,long,1880.53,1879.6025072415266,1879.6825072415265,1887.3099420677866,354.752899280864,-329.03074513043174,-1.0943960868102625,stop_loss,1
2021-05-25 14:15:00,2021-05-25 14:30:00,long,1882.33,1881.3246052447425,1881.4046052447425,1889.733158042059,323.8222599059649,-325.56920174505075,-1.0864495930470992,stop_loss,1
2021-05-25 14:45:00,2021-05-25 17:00:00,long,1880.61,1888.157416883204,1879.6603228895995,1888.207416883204,314.5139648795124,2373.7680085350776,7.947350526350564,take_profit,9
2021-05-27 14:30:00,2021-05-27 14:45:00,long,1893.37,1892.2649186922413,1892.3449186922412,1901.5706504620696,298.32562066867615,-329.6740670264396,-1.0780425897871901,stop_loss,1
2021-05-28 14:30:00,2021-05-28 14:45:00,long,1891.36,1890.5021913554667,1890.5821913554666,1897.5824691562655,391.89458398833295,-336.170561890926,-1.102853061048111,stop_loss,1
2021-05-28 15:15:00,2021-05-28 15:30:00,long,1884.8799999999999,1893.0904536211062,1883.8474432973617,1893.1404536211062,294.23128309561423,2415.7723037351543,7.951576509191678,take_profit,1
2021-06-02 14:15:00,2021-06-02 15:00:00,long,1894.8999999999999,1901.8430465045742,1894.025869186928,1901.8930465045742,355.848113057954,2470.669997526402,7.942800323186782,take_profit,3
2021-06-04 15:45:00,2021-06-04 16:00:00,short,1882.8300000000002,1884.4332564359402,1884.3532564359402,1870.6439485124786,209.07169855051677,-335.1955462740259,-1.0525190625244625,stop_loss,1
2021-06-09 14:15:00,2021-06-09 15:30:00,long,1888.87,1895.3150401657892,1888.0581199792762,1895.3650401657892,391.0235695517992,2520.1626115316717,7.938414545592785,take_profit,5
2021-06-11 14:15:00,2021-06-11 15:15:00,long,1888.3899999999999,1887.2633513920755,1887.3433513920754,1896.7631888633962,310.5385218352413,-349.8677933325694,-1.076434439786406,stop_loss,4
2021-06-11 15:30:00,2021-06-11 15:45:00,long,1886.83,1885.6099679884458,1885.6899679884457,1895.9502560924336,284.18071152588954,-346.7095651278255,-1.0701734681036374,stop_loss,1
2021-06-16 15:30:00,2021-06-16 16:00:00,short,1857.6100000000001,1858.6007143053314,1858.5207143053315,1850.3242855573494,354.59526398116714,-351.30260062885907,-1.087843135362655,stop_loss,2
2021-06-22 14:15:00,2021-06-22 15:15:00,short,1785.8300000000002,1776.8649707058767,1786.9568786617656,1776.8149707058767,285.6395126022069,2560.7665980379425,7.955629650559163,take_profit,4
2021-06-23 15:15:00,2021-06-23 16:30:00,short,1785.79,1786.9017426244425,1786.8217426244425,1777.5360590044595,319.4240149578682,-355.117292699225,-1.0775387176071634,stop_loss,5
2021-06-24 14:30:00,2021-06-24 14:45:00,short,1783.74,1784.7353707784575,1784.6553707784576,1776.4170337723385,358.8688074334647,-357.2075242191722,-1.0873962790627065,stop_loss,1
2021-06-24 15:00:00,2021-06-24 17:45:00,short,1787.46,1779.8158097322714,1788.421773783466,1779.7658097322715,340.4401353839081,2602.3891696458836,7.948012723096578,take_profit,11
2021-06-25 14:30:00,2021-06-25 15:00:00,short,1784.77,1785.6327796046578,1785.5527796046579,1778.507763162737,428.2604740414942,-369.4944024840896,-1.1021999034260619,stop_loss,2
2021-06-25 15:15:00,2021-06-25 15:30:00,short,1785.16,1786.029825725741,1785.949825725741,1778.841394194072,423.03646293606914,-367.96799838820374,-1.101288166987574,stop_loss,1
2021-06-30 14:45:00,2021-06-30 16:45:00,short,1760.81,1761.9660536826011,1761.8860536826012,1752.2015705391902,309.4837950399857,-357.7798809613607,-1.0743457332040685,stop_loss,8
2021-07-07 16:00:00,2021-07-07 16:15:00,long,1804.57,1803.4264753859854,1803.5064753859854,1813.0781969121165,312.12050322208455,-356.9174779730443,-1.0752215782744747,stop_loss,1
2021-07-09 14:15:00,2021-07-09 14:30:00,long,1801.45,1800.263347298269,1800.343347298269,1810.3032216138486,298.98909094408765,-354.7962125568864,-1.0722900688488723,stop_loss,1
2021-07-09 14:45:00,2021-07-09 17:00:00,long,1798.87,1807.815277820104,1797.7455902724869,1807.865277820104,293.32074294056116,2623.8355360026694,7.955532223906899,take_profit,9
2021-07-16 14:15:00,2021-07-16 14:30:00,long,1817.45,1816.3881274243124,1816.4681274243123,1825.3049806055012,343.9185609346556,-365.19768812646595,-1.0814769675626141,stop_loss,1
2021-07-19 15:15:00,2021-07-19 15:30:00,long,1798.68,1797.4207452126925,1797.5007452126924,1808.1140382984606,285.42484101829183,-359.42259746878165,-1.0678394532385798,stop_loss,1
2021-07-21 15:00:00,2021-07-21 15:15:00,long,1800.6299999999999,1799.4918208421677,1799.5718208421677,1809.0954332626586,317.06383546832916,-360.87544923237596,-1.0756015646384627,stop_loss,1
2021-07-22 14:45:00,2021-07-22 15:30:00,short,1797.95,1798.9260765447107,1798.8460765447107,1790.7813876423152,373.2133354246071,-364.284782881177,-1.0892780873153596,stop_loss,3
2021-07-22 15:45:00,2021-07-22 18:15:00,short,1803.3500000000001,1804.7691463763401,1804.6891463763402,1792.6368289892796,248.91592703226922,-353.2481358611555,-1.0597395485761385,stop_loss,10
2021-07-23 16:00:00,2021-07-23 19:00:00,short,1802.81,1803.56,1804.2084087387718,1791.6227300898256,237.60943998592438,-178.2070799894433,-0.5363238795680522,time_stop,12
2021-07-27 14:45:00,2021-07-27 15:00:00,short,1797.9,1798.8120177319756,1798.7320177319757,1791.243858144195,398.71806008668636,-363.63794085794615,-1.0961517969214052,stop_loss,1
2021-07-27 15:15:00,2021-07-27 15:30:00,short,1802.6000000000001,1803.6279642688974,1803.5479642688974,1795.016285848821,348.7996257634158,-358.55355228951424,-1.084391366452014,stop_loss,1
2021-07-27 15:45:00,2021-07-27 17:15:00,short,1803.94,1796.3324097369937,1804.8971987828759,1796.2824097369937,344.3108447980069,2619.3758303328204,7.947764246157981,take_profit,6
2021-07-30 16:00:00,2021-07-30 17:30:00,long,1822.87,1821.873635019448,1821.953635019448,1830.2009198444157,368.2288784752392,-366.8903593405887,-1.0873014592414356,stop_loss,6
2021-08-03 15:15:00,2021-08-03 15:30:00,long,1808.61,1807.7829401328445,1807.8629401328444,1814.5864789372433,450.206727427608,-372.3479161787505,-1.107086464575505,stop_loss,1
2021-08-05 15:30:00,2021-08-05 15:45:00,long,1810.18,1809.2145276485794,1809.2945276485793,1817.2637788113664,378.57120405644577,-365.50003056052645,-1.090347259145436,stop_loss,1
2021-08-06 15:00:00,2021-08-06 15:15:00,short,1799.6200000000001,1800.453120141074,1800.373120141074,1793.5950388714095,443.6447997101082,-369.60941812113316,-1.106224751718707,stop_loss,1
2021-08-09 14:30:00,2021-08-09 15:00:00,short,1746.3600000000001,1748.2221145337924,1748.1421145337924,1732.1030837296626,186.86173058773937,-347.95794433699893,-1.0448904929974892,stop_loss,2
2021-08-13 16:00:00,2021-08-13 16:15:00,short,1762.75,1763.7518294935983,1763.6718294935984,1755.3753640512125,360.1155467061048,-360.7743757934445,-1.0867839449220138,stop_loss,1
2021-08-16 15:30:00,2021-08-16 15:45:00,short,1776.01,1777.0300592917577,1776.9500592917577,1768.4895256659383,351.9807865639127,-359.0412718546894,-1.085101015118251,stop_loss,1
2021-08-17 14:45:00,2021-08-17 15:00:00,long,1793.34,1792.5246014068043,1792.6046014068042,1799.2231887455646,448.4720098264943,-365.68344590012487,-1.1087845431581367,stop_loss,1
2021-08-17 15:45:00,2021-08-17 16:00:00,long,1790.21,1789.1298291279609,1789.2098291279608,1798.211366976314,328.6524772573491,-355.00083295690155,-1.0799863325721697,stop_loss,1
2021-08-18 14:15:00,2021-08-18 14:30:00,long,1784.97,1784.1618331157179,1784.2418331157178,1790.7953350742575,449.9567878597299,-363.6401753062125,-1.1098649248225332,stop_loss,1
2021-08-19 15:00:00,2021-08-19 15:15:00,long,1786.83,1785.634889458062,1785.7148894580619,1795.7508843355042,292.84335451084394,-349.98018011239446,-1.0717417663910584,stop_loss,1
2021-08-20 16:00:00,2021-08-20 16:45:00,long,1782.1699999999998,1781.098994426159,1781.1789944261589,1790.0980445907269,328.4570539291818,-351.77933552552173,-1.0807260848088462,stop_loss,3
2021-08-25 14:30:00,2021-08-25 16:00:00,long,1791.01,1797.6876164532698,1790.1690479433412,1797.7376164532698,385.80966731171213,2576.2889822712445,7.940543578430271,take_profit,6
2021-08-26 15:45:00,2021-08-26 16:00:00,long,1782.3,1781.1471979098533,1781.2271979098532,1790.8824167211746,309.6342775637293,-356.9470423565241,-1.0745710702231983,stop_loss,1
2021-08-27 14:15:00,2021-08-27 15:45:00,long,1792.8999999999999,1798.7085908224199,1792.1676761471974,1798.7585908224198,452.1298299342743,2626.2371806985416,7.931724195780102,take_profit,6
2021-08-31 15:45:00,2021-08-31 16:00:00,long,1810.77,1809.8840571691637,1809.9640571691637,1817.217542646691,420.605727350052,-372.6326287544478,-1.0992626237730918,stop_loss,1
2021-09-01 14:45:00,2021-09-01 15:30:00,long,1811.34,1817.233900669579,1810.5970124163025,1817.283900669579,454.74013307039223,2680.1931747880853,7.9327041244062775,take_profit,3
2021-09-02 14:15:00,2021-09-02 14:30:00,long,1815.04,1814.4169336986993,1814.4969336986992,1819.3845304104063,636.9514208045107,-396.8629658688897,-1.1473116630663858,stop_loss,1
2021-09-02 15:30:00,2021-09-02 15:45:00,long,1812.82,1812.0734236642306,1812.1534236642306,1818.1526106861556,517.1444661459353,-386.08782059860573,-1.1200162617648126,stop_loss,1
2021-09-08 14:30:00,2021-09-08 15:00:00,short,1799.2,1799.9954296507942,1799.9154296507943,1793.4765627936458,480.2121347134057,-381.9749706222102,-1.1118209175578808,stop_loss,2
2021-09-09 14:30:00,2021-09-09 14:45:00,short,1799.6000000000001,1800.407319547073,1800.327319547073,1793.7814436234173,470.78629511789353,-380.0749785427033,-1.1099929189609714,stop_loss,1
2021-09-10 14:45:00,2021-09-10 15:00:00,short,1797.49,1798.483933772355,1798.403933772355,1790.1785298211603,373.4098250011048,-371.1446359977392,-1.0875336949129104,stop_loss,1
2021-09-10 15:15:00,2021-09-10 15:30:00,short,1798.6200000000001,1799.5904071812654,1799.5104071812655,1791.496742549878,382.02568807485386,-370.72047113564525,-1.0898465350270876,stop_loss,1
2021-09-13 14:45:00,2021-09-13 15:00:00,short,1790.01,1790.8098985689417,1790.7298985689417,1784.2508114484654,470.9639236742451,-376.7233685701832,-1.1111267662575408,stop_loss,1
2021-09-13 15:15:00,2021-09-13 16:00:00,short,1791.3300000000002,1785.3241690550544,1792.0869788681184,1785.2741690550545,446.4009482993555,2681.0086291493876,7.933947957986328,take_profit,3
2021-09-15 14:15:00,2021-09-15 15:00:00,short,1802.92,1803.7047931513296,1803.6247931513296,1797.281654789364,490.8661637891565,-385.22840356111226,-1.1135084809621234,stop_loss,3
2021-09-15 15:30:00,2021-09-15 15:45:00,short,1806.0800000000002,1799.4644277899597,1806.9131965262552,1799.4144277899597,413.83204848094124,2737.735799554629,7.9399901482730755,take_profit,1
2021-09-21 15:15:00,2021-09-21 15:30:00,short,1768.98,1769.9945684328952,1769.9145684328953,1761.5034525368378,377.73224540909973,-383.2352122786965,-1.0856010081060503,stop_loss,1
2021-09-27 15:45:00,2021-09-27 16:00:00,short,1753.21,1754.4243276945263,1754.3443276945263,1744.13537844379,310.1986566202139,-376.68281953875453,-1.0705263570535817,stop_loss,1
2021-09-30 15:30:00,2021-09-30 15:45:00,short,1728.64,1729.8502264541773,1729.7702264541774,1719.5981883665809,310.3244285728933,-375.5628328363526,-1.0707822752725769,stop_loss,1
2021-09-30 16:00:00,2021-09-30 16:15:00,short,1737.18,1738.635807503857,1738.555807503857,1726.1735399691438,254.11272221725847,-369.9392078293968,-1.0581476694782166,stop_loss,1
2021-10-04 15:00:00,2021-10-04 15:30:00,short,1753.54,1754.6261081888983,1754.5461081888984,1745.491134488813,346.38458992179136,-376.2111396222645,-1.0795143115647592,stop_loss,2
2021-10-04 15:45:00,2021-10-04 17:15:00,short,1757.45,1758.6857159952658,1758.6057159952659,1748.2042720378727,300.56842721967996,-371.41721318723216,-1.0692211584226847,stop_loss,6
2021-10-07 15:30:00,2021-10-07 15:45:00,long,1759.71,1758.6829173867725,1758.7629173867724,1767.2866609058217,365.60431216246866,-375.5058323430888,-1.084469927842187,stop_loss,1
2021-10-07 16:00:00,2021-10-07 16:15:00,long,1755.21,1754.0406277467578,1754.1206277467577,1763.9249780259381,316.81637644603177,-370.4762799887482,-1.0734367887210454,stop_loss,1
2021-10-11 16:00:00,2021-10-11 16:30:00,long,1750.94,1758.3584221484846,1750.0064472314396,1758.4084221484845,368.50572631645167,2733.7310419493415,7.946441163602785,take_profit,2
2021-10-13 15:45:00,2021-10-13 16:00:00,long,1760.32,1758.711802366801,1758.791802366801,1772.545581065592,230.48114099069406,-370.6592254382092,-1.0523492500328409,stop_loss,1
2021-10-15 15:00:00,2021-10-15 15:15:00,long,1778.44,1777.4215643643179,1777.5015643643178,1785.9474850854574,374.14260832858895,-381.0401651489157,-1.0852482546038082,stop_loss,1
2021-10-15 15:30:00,2021-10-15 15:45:00,long,1774.1499999999999,1772.9919100896414,1773.0719100896413,1782.7747192828688,324.6163725535715,-375.93494579147114,-1.074205313704604,stop_loss,1
2021-10-21 14:15:00,2021-10-21 14:30:00,long,1781.07,1780.1078157935315,1780.1878157935314,1788.1274736517482,395.4251601785799,-380.4718439640923,-1.0906840084115477,stop_loss,1
2021-10-29 14:30:00,2021-10-29 14:45:00,long,1794.03,1793.0019792706014,1793.0819792706013,1801.6141658351899,366.7603511565553,-377.0372437104402,-1.0843863404238776,stop_loss,1
2021-10-29 15:00:00,2021-10-29 15:15:00,long,1793.08,1792.0699974323043,1792.1499974323042,1800.5200205415667,372.64983552195355,-376.37729072854023,-1.0860212678747143,stop_loss,1
2021-10-29 15:30:00,2021-10-29 15:45:00,long,1786.79,1785.5099467656091,1785.589946765609,1796.3904258751263,287.85070704796965,-368.4642285784421,-1.0666637093316378,stop_loss,1
2021-10-29 16:00:00,2021-10-29 16:15:00,long,1780.37,1778.516484711163,1778.596484711163,1794.5581223106956,194.1515708921212,-359.8629050002457,-1.0451081535656734,stop_loss,1
2021-11-01 14:30:00,2021-11-01 14:45:00,short,1788.06,1789.1638793388388,1789.0838793388389,1779.8689652892892,335.2457439009709,-370.0708501259426,-1.0781342068008197,stop_loss,1
2021-11-01 15:00:00,2021-11-01 15:15:00,short,1789.3,1790.437350042162,1790.3573500421621,1780.8411996627035,323.58345336977436,-368.02765433306996,-1.0756608472217353,stop_loss,1
2021-11-01 15:30:00,2021-11-01 15:45:00,short,1790.75,1791.9482508016602,1791.8682508016602,1781.803993586719,304.9735306195962,-365.4347775500579,-1.071540301944031,stop_loss,1
2021-11-04 14:30:00,2021-11-04 14:45:00,short,1783.51,1784.7164158181217,1784.6364158181218,1774.4986734550248,301.7896102832428,-364.08375959049965,-1.0710217299090483,stop_loss,1
2021-11-04 15:00:00,2021-11-04 15:30:00,short,1792.56,1793.9697667003193,1793.8897667003193,1781.9218663974448,254.81788603046138,-359.233770371509,-1.0601609289664962,stop_loss,2
2021-11-04 15:45:00,2021-11-04 16:00:00,short,1794.48,1795.8932917057587,1795.8132917057587,1783.813666353931,253.3358879524173,-358.0375092141511,-1.060001873299289,stop_loss,1
2021-11-11 14:30:00,2021-11-11 15:45:00,long,1856.68,1865.8852006702823,1855.5230999162147,1865.9352006702823,291.0333661215376,2679.020536896474,7.956781055943214,take_profit,5
2021-11-16 14:45:00,2021-11-16 15:00:00,long,1872.3,1871.263591508103,1871.343591508103,1879.951267935176,360.44597071408674,-373.56926491812385,-1.0836462669222513,stop_loss,1
2021-12-02 14:45:00,2021-12-02 16:30:00,short,1780.39,1771.7874372712151,1781.4715703410982,1771.7374372712152,317.698134286309,2733.018129015921,7.953770921686921,take_profit,7
2021-12-03 15:00:00,2021-12-03 15:30:00,short,1774.2,1775.1377362408593,1775.0577362408594,1767.338110073126,410.16330789618456,-384.62499848498146,-1.0932687651390072,stop_loss,2
2021-12-07 14:30:00,2021-12-07 15:30:00,short,1783.21,1776.845928368942,1784.0117589538822,1776.795928368942,437.36095139310777,2783.396423293456,7.937637116795024,take_profit,4
2021-12-10 14:15:00,2021-12-10 14:45:00,short,1772.48,1773.25078501937,1773.17078501937,1766.953719845041,519.7105294135878,-400.58509048079117,-1.115810270571431,stop_loss,2
2021-12-10 15:00:00,2021-12-10 15:15:00,short,1773.49,1774.2282688365726,1774.1482688365727,1768.2238493074178,543.5567855820703,-401.2910357028256,-1.1215308936945145,stop_loss,1
2021-12-10 16:00:00,2021-12-10 18:15:00,short,1784.15,1785.581259663717,1785.501259663717,1773.3399226902636,263.9038441865921,-377.7149272840992,-1.0592040169243766,stop_loss,9
2021-12-13 14:30:00,2021-12-13 14:45:00,short,1789.5800000000002,1790.3634487723157,1790.2834487723158,1783.9524098214763,505.32389700135894,-395.8953867274107,-1.1137254099350904,stop_loss,1
2021-12-15 14:15:00,2021-12-15 14:30:00,short,1770.05,1770.7898472075096,1770.7098472075097,1764.771222339921,536.9148869239069,-397.23497976102993,-1.121240188773163,stop_loss,1
2021-12-16 15:15:00,2021-12-16 16:00:00,short,1788.92,1789.9992078033474,1789.9192078033475,1780.92633757322,353.37002241675503,-381.35968566118805,-1.0800634259779813,stop_loss,3
2021-12-17 16:00:00,2021-12-17 16:15:00,long,1806.8799999999999,1805.7232728193383,1805.8032728193382,1815.4938174452932,326.86646267683614,-378.095321825013,-1.0742992295882827,stop_loss,1
2021-12-20 15:30:00,2021-12-20 16:45:00,long,1794.6499999999999,1793.6034185387557,1793.6834185387556,1802.3826516899544,362.9406655429047,-379.8469720888208,-1.0827659159704421,stop_loss,5
2021-12-27 15:30:00,2021-12-27 15:45:00,long,1803.76,1808.7554456915377,1803.1293192885578,1808.8054456915377,554.4361379461487,2769.6556165359043,7.920720581598861,take_profit,1
2021-12-28 15:00:00,2021-12-28 15:15:00,long,1816.57,1815.9427092180906,1816.0227092180905,1820.948326255275,654.096792074272,-410.3088881446502,-1.14617457966462,stop_loss,1
2021-12-29 15:00:00,2021-12-29 15:15:00,long,1793.55,1792.6286253526978,1792.7086253526977,1800.2809971784175,424.0087566914378,-390.67091864960634,-1.0950824941735962,stop_loss,1
2022-01-03 14:15:00,2022-01-03 14:30:00,long,1822.4199999999998,1821.6224989638526,1821.7024989638526,1828.160008289178,495.57866462145444,-395.22449852805363,-1.1114980968243606,stop_loss,1
2022-01-03 14:45:00,2022-01-03 15:00:00,long,1822.1,1821.3316955351588,1821.4116955351587,1827.60643571873,514.8775723030777,-395.5827376469979,-1.116227634842363,stop_loss,1
2022-01-03 15:15:00,2022-01-03 15:30:00,long,1814.76,1813.7491405379685,1813.8291405379684,1822.206875696252,379.44050424002376,-383.56102398902243,-1.0859420817674579,stop_loss,1
2022-01-04 14:30:00,2022-01-04 15:45:00,long,1799.52,1807.140164527828,1798.5612294340215,1807.1901645278278,367.194314333771,2798.081088906293,7.947849880070992,take_profit,5
2022-01-05 14:30:00,2022-01-05 15:15:00,long,1817.3799999999999,1816.5499244632663,1816.6299244632662,1823.3806042938702,480.5507261498419,-398.8934019365524,-1.1066559247463263,stop_loss,3
2022-01-13 15:15:00,2022-01-13 15:30:00,long,1822.95,1822.0903891059065,1822.1703891059065,1829.1868871527495,460.8102148912011,-396.1174808300529,-1.1026152925850765,stop_loss,1
2022-01-28 14:45:00,2022-01-28 15:00:00,short,1788.48,1789.6540518180745,1789.5740518180746,1779.7275854554039,327.2827715111786,-384.2469329171706,-1.0731226790891106,stop_loss,1
2022-01-31 16:00:00,2022-01-31 16:30:00,short,1797.6100000000001,1798.8255953688792,1798.7455953688793,1788.5252370489673,314.29466883949334,-382.0551439046852,-1.0704476279071877,stop_loss,2
2022-02-02 14:30:00,2022-02-02 15:15:00,short,1804.46,1805.260689089227,1805.1806890892271,1798.6944872861836,493.64616487724265,-395.2570981559781,-1.1110048718591288,stop_loss,3
2022-02-07 15:30:00,2022-02-07 18:15:00,short,1816.31,1817.1982166876085,1817.1182166876085,1809.8442664991308,438.7185257465069,-389.67711573105527,-1.09898335585799,stop_loss,11
2022-02-10 14:30:00,2022-02-10 15:15:00,long,1831.12,1830.506124135769,1830.5861241357688,1835.3910069138483,661.9714918807891,-406.3683216745884,-1.149847568245387,stop_loss,3
2022-02-10 15:30:00,2022-02-10 15:45:00,long,1830.1,1829.453401484842,1829.533401484842,1834.6327881212626,621.5891639973463,-401.91863047889217,-1.141193451552957,stop_loss,1
2022-02-15 14:15:00,2022-02-15 14:30:00,long,1851.75,1850.2160201440515,1850.2960201440515,1863.3818388475888,241.396564080138,-370.29746659410654,-1.055021395016327,stop_loss,1
2022-02-15 14:45:00,2022-02-15 15:15:00,long,1849.1599999999999,1847.4919510425748,1847.5719510425747,1861.8643916594006,220.31741995864937,-367.5002426646067,-1.0503762806718748,stop_loss,2
2022-02-16 14:45:00,2022-02-16 15:45:00,long,1852.21,1858.3304412509185,1851.4386948436352,1858.3804412509185,452.1846450290715,2767.569554467857,7.935174814290031,take_profit,4
2022-02-21 14:15:00,2022-02-21 16:15:00,long,1893.85,1892.6686240190875,1892.7486240190874,1902.6610078473,324.2081389023012,-383.011708115501,-1.072636412438962,stop_loss,8
2022-02-25 15:15:00,2022-02-25 15:45:00,long,1890.59,1887.9929007641388,1888.0729007641387,1910.7267938868902,141.403253716858,-367.23828217633235,-1.0317826166168436,stop_loss,2
2022-03-01 15:00:00,2022-03-01 15:30:00,long,1916.4099999999999,1914.6151710490897,1914.6951710490896,1930.128631607282,206.9152767942939,-371.37752917599346,-1.0466518832432015,stop_loss,2
2022-03-03 16:00:00,2022-03-03 18:15:00,long,1926.18,1924.2708122650329,1924.3508122650328,1940.8135018797375,193.37007770351542,-369.17978066120423,-1.043735259356175,stop_loss,9
