entry_time,exit_time,direction,entry_price,exit_price,stop_price,take_profit,size_oz,pnl,r_multiple,exit_reason,bars_held
2012-05-17 14:15:00,2012-05-17 14:45:00,short,1548.285,1552.109447094897,1551.884447094897,,6.945511169046831,-26.562740013034905,-1.062509600521396,stop_loss,2
2012-05-17 15:00:00,2012-05-17 15:15:00,short,1556.925,1553.855,1561.4605922986475,,5.49731799249291,16.876766236952882,0.6768685979371143,first_green,1
2012-05-18 08:15:00,2012-05-18 08:45:00,long,1569.615,1570.795,1567.0117268815638,,9.59399338036542,11.320912188831807,0.45327552904203633,first_green,2
2012-05-18 15:30:00,2012-05-18 15:45:00,long,1588.405,1588.685,1583.9294718914978,,5.586846231293102,1.5643169447619163,0.06256244921533485,first_green,1
2012-05-21 10:45:00,2012-05-21 11:00:00,long,1594.615,1595.445,1591.531845111738,,8.111171525505446,6.73227236616893,0.2692047691667547,first_green,1
2012-05-21 12:00:00,2012-05-21 12:45:00,long,1592.155,1588.7761128121329,1589.0011128121328,,7.934598585383144,-26.810113501019693,-1.0713405352180854,stop_loss,3
2012-05-21 15:15:00,2012-05-21 16:15:00,long,1589.2949999999998,1585.6521349492284,1585.8771349492283,,7.302161777839314,-26.600789935569836,-1.0658305686905687,stop_loss,4
2012-05-22 10:15:00,2012-05-22 10:30:00,long,1587.125,1584.7386818376212,1584.9636818376212,,11.516722523314753,-27.4825641284625,-1.1041031366489158,stop_loss,1
2012-05-22 10:45:00,2012-05-22 11:00:00,long,1582.2849999999999,1583.4650000000001,1579.6079705640711,,9.272440122342214,10.941479344366511,0.4407870844314885,first_green,1
2012-05-22 11:45:00,2012-05-22 12:00:00,long,1578.0449999999998,1574.5859231122563,1574.8109231122562,,7.683784186743585,-26.5788002907741,-1.0695716298065157,stop_loss,1
2012-05-22 12:15:00,2012-05-22 12:45:00,long,1576.7749999999999,1577.295,1573.200387785568,,6.933200123910293,3.605264064434803,0.1454703248371375,first_green,2
2012-05-22 15:45:00,2012-05-22 16:00:00,long,1577.0349999999999,1581.655,1573.3140742679273,,6.662996467382302,30.783043679307024,1.2416265017541004,first_green,1
2012-05-23 08:30:00,2012-05-23 08:45:00,long,1558.105,1559.595,1554.9628831106127,,7.914878247014846,11.793168588052191,0.4742026004928569,first_green,1
2012-05-23 09:30:00,2012-05-23 09:45:00,long,1555.685,1558.9950000000001,1552.3611661683208,,7.49103499144581,24.795325821686927,0.9958379893882947,first_green,1
2012-05-23 11:15:00,2012-05-23 11:45:00,long,1554.945,1555.145,1550.881450679722,,6.142645723248553,1.22852914464999,0.04921805649115896,first_green,2
2012-05-23 15:30:00,2012-05-23 15:45:00,long,1559.465,1561.7350000000001,1555.189477753407,,5.838822426001547,13.254126907024734,0.530929292160524,first_green,1
2012-05-24 10:00:00,2012-05-24 10:15:00,short,1561.035,1557.485,1564.333553587741,,7.578215671997749,26.902665635593387,1.0762292943166512,first_green,1
2012-05-24 12:30:00,2012-05-24 13:15:00,short,1558.415,1562.5682774277811,1562.3432774277812,,6.380508408182633,-26.500021549472937,-1.0572770136876486,stop_loss,3
2012-05-24 13:30:00,2012-05-24 13:45:00,short,1567.095,1566.905,1571.379322720087,,5.83479787518234,1.108611596284963,0.04434773298221536,first_green,1
2012-05-24 15:45:00,2012-05-24 16:00:00,short,1571.845,1577.4259077191523,1577.2009077191524,,4.667916241974795,-26.051209787193365,-1.0420096857149583,stop_loss,1
2012-05-25 10:00:00,2012-05-25 10:15:00,short,1560.9750000000001,1564.1211721768473,1563.8961721768474,,8.536231039689799,-26.8564525922109,-1.0770238747935592,stop_loss,1
2012-05-25 10:30:00,2012-05-25 10:45:00,short,1563.185,1563.2549999999999,1566.4483321320774,,7.6206339012661655,-0.5334443730881464,-0.021450467548754567,first_green,1
2012-05-25 11:15:00,2012-05-25 11:30:00,short,1565.885,1563.175,1569.4758839993347,,6.925126478737758,18.767092757379576,0.7546888177123398,first_green,1
2012-05-28 11:00:00,2012-05-28 11:15:00,long,1579.0349999999999,1579.575,1575.906208528019,,7.962896799251681,4.299964271597428,0.17259060082336763,first_green,1
2012-05-28 15:30:00,2012-05-28 16:00:00,long,1577.5349999999999,1577.925,1574.4830139284052,,8.166811028536966,3.1850563011302335,0.1277856421527908,first_green,2
2012-05-29 11:45:00,2012-05-29 12:00:00,long,1574.475,1575.515,1571.6183675337793,,8.72809381116511,9.077217563613381,0.3640650354212812,first_green,1
2012-05-30 14:30:00,2012-05-30 14:45:00,short,1553.195,1552.725,1557.1561866164573,,6.300043802385036,2.961020587121139,0.11865131474678418,first_green,1
2012-05-31 11:45:00,2012-05-31 12:30:00,short,1565.575,1568.8379742668926,1568.6129742668927,,8.217005659532248,-26.811878017964336,-1.0740625101574828,stop_loss,3
2012-05-31 12:45:00,2012-05-31 13:00:00,short,1569.945,1567.0449999999998,1573.2206423895439,,7.600347989449421,22.041009169404013,0.8853225276535363,first_green,1
2012-06-01 07:45:00,2012-06-01 08:15:00,short,1556.845,1559.9108861217599,1559.68588612176,,8.782866860214645,-26.927269615996426,-1.0792006403482735,stop_loss,2
2012-06-01 15:45:00,2012-06-01 16:15:00,short,1582.395,1589.7710659495356,1589.5460659495357,,3.479733871007672,-25.66674651938535,-1.0314638407179728,stop_loss,2
2012-06-04 10:00:00,2012-06-04 10:30:00,long,1622.215,1618.143739893851,1618.368739893851,,6.452927999443298,-26.271548331984626,-1.0584983838301012,stop_loss,2
2012-06-04 11:00:00,2012-06-04 11:15:00,long,1617.325,1617.815,1612.7991538709985,,5.4694658094223065,2.68003824661698,0.10826704798028643,first_green,1
2012-06-04 12:15:00,2012-06-04 12:30:00,long,1615.395,1621.025,1610.7273497709746,,5.304737832094799,29.865673994694294,1.206174354065864,first_green,1
2012-06-04 15:15:00,2012-06-04 15:30:00,long,1619.565,1614.6816861259392,1614.9066861259391,,5.331397929232578,-26.034889475960636,-1.0483007384394567,stop_loss,1
2012-06-04 15:45:00,2012-06-04 16:00:00,long,1617.145,1620.795,1612.218520180019,,5.027979129789489,18.35212382373209,0.7408941340216668,first_green,1
2012-06-05 10:30:00,2012-06-05 10:45:00,long,1613.435,1613.315,1610.7991898612333,,9.414986938082594,-1.1297984325688837,-0.045526799610856476,first_green,1
2012-06-07 11:45:00,2012-06-07 12:00:00,long,1620.065,1620.145,1616.9248429191857,,7.901927481040852,0.6321541984826933,0.025476432529031617,first_green,1
2012-06-07 13:15:00,2012-06-07 13:30:00,long,1617.855,1614.018900308188,1614.243900308188,,6.871832969173847,-26.3610363352315,-1.0623078893418754,stop_loss,1
2012-06-07 13:45:00,2012-06-07 14:00:00,long,1613.905,1617.945,1610.2653528167539,,6.799827038250732,27.47130123453271,1.1099976993915117,first_green,1
2012-06-08 09:30:00,2012-06-08 09:45:00,long,1567.495,1571.2050000000002,1562.64579048281,,5.117875293167042,18.987317337651078,0.7650731499327456,first_green,1
2012-06-08 16:00:00,2012-06-08 16:15:00,long,1575.235,1576.2450000000001,1569.1742701234127,,4.102660633138472,4.143687239470752,0.16664659547060262,first_green,1
2012-06-11 12:15:00,2012-06-11 12:30:00,long,1594.075,1590.332615370694,1590.5576153706938,,7.072151530884946,-26.46671118530754,-1.0639679829510968,stop_loss,1
2012-06-11 12:45:00,2012-06-11 13:15:00,long,1589.2949999999998,1589.2150000000001,1585.3753163145266,,6.329416428382091,-0.5063533142686676,-0.02040981018345628,first_green,2
2012-06-12 16:00:00,2012-06-12 16:15:00,short,1599.815,1604.6163567023937,1604.3913567023938,,5.420915816425347,-26.02775048830534,-1.0491657479151968,stop_loss,1
2012-06-13 14:00:00,2012-06-13 14:45:00,long,1610.325,1612.115,1607.3899239994453,,8.430096886320007,15.089873426512504,0.6098649573849628,first_green,3
2012-06-14 09:30:00,2012-06-14 09:45:00,long,1620.595,1617.8992362296867,1618.1242362296866,,10.029570626985683,-27.03735312802651,-1.0910649584162266,stop_loss,1
2012-06-14 10:00:00,2012-06-14 10:15:00,long,1618.2649999999999,1619.515,1615.6792394021275,,9.557383763396215,11.946729704247442,0.48341675599385886,first_green,1
2012-06-15 15:15:00,2012-06-15 15:30:00,long,1622.235,1628.945,1619.722061694894,,9.846231850627385,66.06821571771012,2.6701809536533863,first_green,1
2012-06-18 08:45:00,2012-06-18 09:15:00,long,1622.055,1622.055,1618.8486322707547,,7.768336579270897,0.0,0.0,first_green,2
2012-06-18 09:45:00,2012-06-18 10:30:00,long,1620.125,1616.9110415265782,1617.136041526578,,8.333385672359082,-26.78315549397051,-1.075277057878398,stop_loss,3
2012-06-18 14:15:00,2012-06-18 14:30:00,long,1619.995,1620.9550000000002,1616.430164548801,,6.9683962048238195,6.689660356632705,0.2692971423624656,first_green,1
2012-06-19 11:15:00,2012-06-19 11:30:00,long,1627.945,1628.775,1625.6674068840146,,10.914113590079303,9.058714279767509,0.3644197877903498,first_green,1
2012-06-19 15:30:00,2012-06-19 16:00:00,long,1629.735,1626.893097729809,1627.1180977298088,,9.50763696793685,-27.01977508333147,-1.085979519588051,stop_loss,2
2012-06-20 10:45:00,2012-06-20 11:30:00,long,1617.315,1617.9850000000001,1615.2412799007025,,11.965456348830726,8.016855753717456,0.32309085504211266,first_green,3
2012-06-20 13:15:00,2012-06-20 13:30:00,long,1614.245,1614.7350000000001,1611.4993051292379,,9.04435876384568,4.4317357942865225,0.17846119946469052,first_green,1
2012-06-20 14:15:00,2012-06-20 15:00:00,long,1611.905,1608.6272996614996,1608.8522996614995,,8.138410604334654,-26.675271192682786,-1.0737052363647432,stop_loss,3
2012-06-20 15:15:00,2012-06-20 15:30:00,long,1608.065,1604.4128018438175,1604.6378018438174,,7.229649264378952,-26.40411171321113,-1.0656512958242617,stop_loss,1
2012-06-21 12:30:00,2012-06-21 12:45:00,short,1598.7050000000002,1598.565,1601.764148216005,,8.077879397983574,1.1309031157185085,0.04576437299364893,first_green,1
2012-06-22 11:15:00,2012-06-22 12:00:00,short,1567.835,1571.1901294898935,1570.9651294898936,,7.895602302406155,-26.490768125273455,-1.0718820102255775,stop_loss,3
2012-06-22 12:15:00,2012-06-22 12:30:00,short,1571.185,1569.885,1574.3334886078937,,7.8285278292329865,10.177086178002526,0.41289652334794336,first_green,1
2012-06-22 14:45:00,2012-06-22 15:00:00,short,1570.015,1568.725,1572.8184047296086,,8.801252684556372,11.3536159630794,0.46015474910765153,first_green,1
2012-06-25 15:45:00,2012-06-25 17:00:00,short,1571.385,1574.5407728480725,1574.3157728480726,,8.428444892451273,-26.598257543073085,-1.076771558787942,stop_loss,5
2012-06-26 10:30:00,2012-06-26 10:45:00,short,1583.885,1586.1208997024064,1585.8958997024065,,12.250915234077931,-27.391817726081047,-1.1118902149772287,stop_loss,1
2012-06-26 11:00:00,2012-06-26 11:15:00,short,1585.385,1585.2949999999998,1587.5735563760547,,11.225153952115908,1.0102638556920653,0.04112299823977397,first_green,1
2012-06-27 15:00:00,2012-06-27 15:15:00,short,1571.185,1567.955,1574.1831671127127,,8.194809358544498,26.46923422809888,1.077324871687196,first_green,1
2012-06-28 13:45:00,2012-06-28 14:00:00,short,1569.9750000000001,1568.885,1572.7334031389287,,8.931102438086045,9.734901657515088,0.39515616286005906,first_green,1
2012-06-29 08:45:00,2012-06-29 09:15:00,short,1568.615,1567.175,1572.581200074529,,6.217517470139404,8.95322515700108,0.36306791713502606,first_green,2
2012-06-29 10:30:00,2012-06-29 10:45:00,short,1570.9750000000001,1570.245,1575.2365066203663,,5.79191903595457,4.228100896248258,0.17130091890776447,first_green,1
2012-06-29 14:00:00,2012-06-29 14:15:00,short,1577.2450000000001,1581.5474524553317,1581.3224524553318,,6.055955731941721,-26.05546160827216,-1.0551815140617269,stop_loss,1
2012-06-29 14:30:00,2012-06-29 14:45:00,short,1583.2350000000001,1579.305,1587.5548697191382,,5.701036030197467,22.405071598676408,0.9097496580948291,first_green,1
2012-06-29 15:30:00,2012-06-29 15:45:00,short,1586.4850000000001,1591.9694358873464,1591.7444358873465,,4.693230628202561,-25.73972248490698,-1.042780253399653,stop_loss,1
2012-07-02 12:15:00,2012-07-02 12:30:00,short,1596.115,1595.945,1598.5848731648662,,9.967878771088106,1.6945393910857034,0.06882944534088456,first_green,1
2012-07-04 10:30:00,2012-07-04 11:00:00,long,1614.5449999999998,1614.555,1612.3138551141349,,11.036321662401187,0.11036321662642087,0.004482003864281294,first_green,2
2012-07-04 13:15:00,2012-07-04 13:30:00,long,1615.195,1615.775,1612.6108788047256,,9.528929443750465,5.526779077376744,0.22444767724549017,first_green,1
2012-07-05 08:45:00,2012-07-05 09:00:00,long,1614.575,1615.515,1612.8081475833324,,13.944416216737233,13.10775124373376,0.5320195343609452,first_green,1
2012-07-06 07:15:00,2012-07-06 08:30:00,long,1604.215,1604.4950000000001,1602.366516594745,,13.346343710491414,3.7369762389402665,0.1514755281027732,first_green,5
2012-07-06 10:00:00,2012-07-06 10:30:00,long,1602.5149999999999,1602.7150000000001,1600.2716217801585,,11.001193241509759,2.2002386483049534,0.08915126224877752,first_green,2
2012-07-06 11:45:00,2012-07-06 12:00:00,long,1600.155,1597.202306119336,1597.427306119336,,9.049893055037645,-26.72156384427239,-1.082487262076908,stop_loss,1
2012-07-06 12:15:00,2012-07-06 14:00:00,long,1593.985,1594.825,1590.114692521264,,6.360872910624674,5.343133244925652,0.21703701956892305,first_green,7
2012-07-06 16:00:00,2012-07-06 16:15:00,long,1588.395,1588.9750000000001,1582.3874288535908,,4.100141509787062,2.37808207567713,0.09654484081255178,first_green,1
2012-07-09 13:30:00,2012-07-09 14:00:00,short,1583.945,1583.885,1586.0908744109176,,11.481490673558966,0.6888894404129114,0.027960629799525683,first_green,2
2012-07-10 11:45:00,2012-07-10 12:00:00,short,1587.7350000000001,1590.2177335675526,1589.9927335675527,,10.913404315413226,-27.09507523014858,-1.0996574632337213,stop_loss,1
2012-07-10 12:15:00,2012-07-10 12:30:00,short,1589.7050000000002,1592.3238876169203,1592.0988876169204,,10.264400633275518,-26.881311713592286,-1.0939893746095637,stop_loss,1
2012-07-10 12:45:00,2012-07-10 13:45:00,short,1593.105,1596.0008520778547,1595.7758520778548,,9.174831693226698,-26.568955422797416,-1.0842427784995978,stop_loss,4
2012-07-10 14:00:00,2012-07-10 14:15:00,short,1595.9850000000001,1594.355,1598.7264908697696,,8.91419926753957,14.53014480609047,0.5945669992828342,first_green,1
2012-07-11 08:45:00,2012-07-11 09:00:00,short,1576.4550000000002,1576.385,1578.5537162862902,,11.661662619745961,0.8163163833841264,0.03335372220506522,first_green,1
2012-07-11 10:30:00,2012-07-11 10:45:00,short,1579.345,1582.0144097219597,1581.7894097219598,,10.013281258190588,-26.72955033933091,-1.0920467620377143,stop_loss,1
2012-07-11 14:00:00,2012-07-11 14:15:00,short,1578.395,1577.5049999999999,1581.3714084555252,,8.201071373479719,7.29895352239777,0.29901809959851733,first_green,1
2012-07-13 11:00:00,2012-07-13 11:15:00,short,1576.675,1576.7849999999999,1579.474873872341,,8.72467356673153,-0.9597140923395955,-0.03928748401367245,first_green,1
2012-07-13 12:15:00,2012-07-13 12:30:00,short,1579.405,1579.065,1582.2026930458348,,8.7306169328797,2.9684097571783834,0.12152870040768061,first_green,1
2012-07-13 13:45:00,2012-07-13 14:15:00,short,1582.625,1582.565,1585.458348314939,,8.623368745217075,0.5174021247125539,0.02117635861556137,first_green,2
2012-07-16 13:30:00,2012-07-16 14:00:00,short,1585.625,1583.985,1588.0117373726657,,10.237532243181025,16.789552878817904,0.687130481460724,first_green,2
2012-07-17 08:00:00,2012-07-17 08:15:00,long,1592.445,1593.035,1590.5285734162564,,12.771830081304941,7.535379747971774,0.3078646502845198,first_green,1
2012-07-17 09:30:00,2012-07-17 09:45:00,long,1592.145,1592.575,1590.1929173116043,,12.548194441685851,5.395723609925715,0.22027755409965047,first_green,1
2012-07-17 14:30:00,2012-07-17 15:15:00,long,1593.055,1590.44580035832,1590.6708003583199,,10.279593210571292,-26.821510921639874,-1.0943712917603439,stop_loss,3
2012-07-17 15:30:00,2012-07-17 16:00:00,long,1587.385,1587.585,1584.456432320751,,8.34590535337259,1.6691810706748975,0.0682927703591038,first_green,2
2012-07-18 07:15:00,2012-07-18 07:30:00,long,1578.635,1580.4950000000001,1576.5721281144383,,11.850334378850174,22.041621944662833,0.9016556059629951,first_green,1
2012-07-18 10:15:00,2012-07-18 10:30:00,short,1582.135,1582.205,1584.4129173475644,,10.755800997649482,-0.7529060698347789,-0.03072982436117847,first_green,1
2012-07-18 11:45:00,2012-07-18 12:00:00,short,1584.095,1580.7949999999998,1586.4842751976323,,10.253713527265413,33.83725463997773,1.3811719986338957,first_green,1
2012-07-19 10:30:00,2012-07-19 10:45:00,short,1581.7350000000001,1579.5149999999999,1583.9911288559565,,10.89633532500557,24.18986442151514,0.9839863508412924,first_green,1
2012-07-19 13:00:00,2012-07-19 13:45:00,short,1582.2050000000002,1585.3161922041681,1585.0911922041682,,8.538589764183447,-26.565193908916154,-1.0779573860933367,stop_loss,3
2012-07-19 14:15:00,2012-07-19 15:00:00,short,1587.4950000000001,1586.095,1590.4213809202681,,8.39863261032761,11.758085654459418,0.47840661832632403,first_green,3
2012-07-20 10:45:00,2012-07-20 11:30:00,short,1584.855,1584.915,1586.9095494171083,,11.976832115322242,-0.718609926918681,-0.02920348349877735,first_green,3
2012-07-24 08:00:00,2012-07-24 08:15:00,short,1577.305,1576.875,1579.1716042781802,,13.181796058300655,5.668172305070121,0.23036484220388354,first_green,1
2012-07-24 15:45:00,2012-07-24 16:00:00,short,1576.185,1578.9786956308099,1578.75369563081,,9.584384795142723,-26.775853926191132,-1.0875930948381607,stop_loss,1
2012-07-25 13:45:00,2012-07-25 14:30:00,short,1591.015,1594.1366768522864,1593.9116768522865,,8.476067219265268,-26.459542836803326,-1.0776752159366036,stop_loss,3
2012-07-27 15:45:00,2012-07-27 16:00:00,long,1619.2549999999999,1623.7350000000001,1615.096289978341,,5.887950525006816,26.37801835203198,1.077257124605486,first_green,1
2012-07-30 09:15:00,2012-07-30 10:00:00,long,1618.5049999999999,1619.255,1616.5829736877006,,12.774135163574313,9.580601372683638,0.3902131803299884,first_green,3
2012-07-30 11:45:00,2012-07-30 12:15:00,long,1617.945,1618.9950000000001,1615.760777816209,,11.251682904361855,11.814267049581995,0.480720325886338,first_green,2
2012-07-31 10:30:00,2012-07-31 10:45:00,long,1620.7849999999999,1621.805,1619.0493286304331,,14.176480354374677,14.460009961465136,0.587668851307282,first_green,1
2012-07-31 14:15:00,2012-07-31 14:45:00,long,1623.585,1623.765,1621.3325032620498,,10.939798793955749,1.9691637829127313,0.07991132549380127,first_green,2
2012-08-01 11:30:00,2012-08-01 12:30:00,long,1615.485,1613.5604143564178,1613.7854143564177,,14.501642856153323,-27.90965364930727,-1.1323852086239579,stop_loss,4
2012-08-01 13:00:00,2012-08-01 13:15:00,long,1613.675,1613.765,1611.6618002037956,,12.20793381704458,1.0987140435357887,0.04470495187304713,first_green,1
2012-08-01 14:45:00,2012-08-01 15:00:00,long,1613.055,1614.7250000000001,1611.0039747268859,,11.984131536487007,20.013499665934173,0.814226924402747,first_green,1
2012-08-01 15:30:00,2012-08-01 15:45:00,long,1608.565,1605.4288638757173,1605.6538638757172,,8.460542329634961,-26.533412430991596,-1.0772894122411871,stop_loss,1
2012-08-01 16:00:00,2012-08-01 16:15:00,long,1605.725,1602.3061632397767,1602.5311632397766,,7.690893029244636,-26.293907807326367,-1.0704481840781914,stop_loss,1
2012-08-02 07:15:00,2012-08-02 07:45:00,long,1601.345,1601.285,1599.2238885222855,,11.549474114686694,-0.6929684468805714,-0.028287056399598054,first_green,2
2012-08-02 08:30:00,2012-08-02 08:45:00,long,1600.955,1601.4650000000001,1599.1629061200408,,13.668921008574843,6.971149714376153,0.28458330543032406,first_green,1
2012-08-02 14:00:00,2012-08-02 14:30:00,long,1602.495,1599.8773291993043,1600.1023291993042,,10.245211147421603,-26.81859006756637,-1.094037173828715,stop_loss,2
2012-08-02 14:45:00,2012-08-02 15:00:00,long,1599.225,1608.595,1596.4263492167897,,8.735055917261475,81.84747394474105,3.3480418693940477,first_green,1
2012-08-03 12:30:00,2012-08-03 12:45:00,short,1594.9550000000002,1593.935,1596.7101050552194,,14.04530725712655,14.32621340227202,0.5811617925473934,first_green,1
2012-08-06 09:15:00,2012-08-06 09:30:00,short,1607.2050000000002,1606.885,1609.0825774555246,,13.148222050684971,4.207431056221344,0.17043238299363475,first_green,1
2012-08-06 11:45:00,2012-08-06 12:15:00,short,1608.9850000000001,1608.2949999999998,1611.38056019469,,10.309623584071481,7.113640273012229,0.2880328373838404,first_green,2
2012-08-07 12:30:00,2012-08-07 13:00:00,long,1613.455,1614.4750000000001,1611.51761251423,,12.756925582750512,13.01206409440819,0.5264821867035306,first_green,2
2012-08-08 09:30:00,2012-08-08 10:00:00,long,1607.995,1606.3317673709691,1606.556767370969,,17.206978649783206,-28.619208337354817,-1.1564420076823922,stop_loss,2
2012-08-08 10:15:00,2012-08-08 10:30:00,long,1606.695,1607.665,1605.1033210328058,,15.50318288355022,15.038087397044137,0.6094193741279034,first_green,1
2012-08-08 12:30:00,2012-08-08 13:15:00,long,1607.825,1607.795,1605.906719165036,,12.883246753215067,-0.3864974025961005,-0.01563900313925413,first_green,3
2012-08-08 15:15:00,2012-08-08 15:30:00,long,1604.055,1607.265,1601.888799438218,,11.408324571279708,36.62072187380828,1.481857246569688,first_green,1
2012-08-09 07:30:00,2012-08-09 07:45:00,long,1614.575,1615.905,1612.890029122429,,14.720889975107102,19.578783666891376,0.7893311496975006,first_green,1
2012-08-09 11:00:00,2012-08-09 11:30:00,long,1614.635,1614.505,1612.7146904979224,,12.94229801615909,-1.6824987420991513,-0.06769742057685879,first_green,2
2012-08-09 14:45:00,2012-08-09 15:15:00,long,1611.095,1613.425,1608.9834551911208,,11.768166845336312,27.41982874963275,1.1034575208643875,first_green,2
2012-08-10 08:15:00,2012-08-10 08:30:00,long,1611.815,1612.315,1610.2442723915156,,15.863706125475103,7.931853062737551,0.31832381203410476,first_green,1
2012-08-10 10:30:00,2012-08-10 10:45:00,long,1608.175,1609.125,1605.933071963418,,11.123189687588562,10.56703020320964,0.42374241478703695,first_green,1
2012-08-13 09:30:00,2012-08-13 09:45:00,long,1622.2549999999999,1623.575,1620.6778326313154,,15.82825569942853,20.89329752324825,0.8369435141821072,first_green,1
2012-08-13 10:45:00,2012-08-13 11:00:00,long,1621.2749999999999,1621.325,1619.363216203031,,13.085183416558213,0.6542591708302908,0.026153584981448944,first_green,1
2012-08-13 15:00:00,2012-08-13 15:45:00,long,1622.0449999999998,1619.4963903415926,1619.7213903415925,,10.766729770445254,-27.440191482417738,-1.0968320987932751,stop_loss,3
2012-08-13 16:00:00,2012-08-13 16:30:00,long,1619.995,1620.895,1617.617096380316,,10.492047111934614,9.442842400742107,0.3784846419131823,first_green,2
2012-08-14 11:45:00,2012-08-14 12:00:00,long,1614.0149999999999,1614.375,1612.3365746249353,,14.87863820600553,5.3563097541638856,0.2144867477270388,first_green,1
2012-08-14 13:00:00,2012-08-14 13:30:00,long,1612.735,1612.7150000000001,1610.9193472441098,,13.761483083531624,-0.27522966166725316,-0.01101532213958458,first_green,2
2012-08-15 15:45:00,2012-08-15 16:00:00,short,1598.035,1601.4850978729341,1601.2600978729342,,7.7471715885831935,-26.728500219026103,-1.0697653246086472,stop_loss,1
2012-08-16 11:45:00,2012-08-16 12:00:00,short,1603.395,1605.2961631248036,1605.0711631248037,,14.86643214631429,-28.26351259396739,-1.1342351449392865,stop_loss,1
2012-08-16 14:30:00,2012-08-16 14:45:00,short,1603.935,1603.745,1605.5442211049053,,15.440952460677702,2.933780967529606,0.11806954272528457,first_green,1
2012-08-17 14:30:00,2012-08-17 15:00:00,long,1613.7949999999998,1614.655,1611.7339555546382,,12.059536652845363,10.371201521448548,0.4172641700840331,first_green,2
2012-08-20 11:45:00,2012-08-20 12:15:00,long,1617.2949999999998,1615.56855286042,1615.7935528604198,,16.571458548147877,-28.609747209117312,-1.1498554255215703,stop_loss,2
2012-08-20 12:30:00,2012-08-20 12:45:00,long,1615.915,1614.0884222428363,1614.3134222428362,,15.490752513757249,-28.295063983356734,-1.140486466544314,stop_loss,1
2012-08-20 15:30:00,2012-08-20 15:45:00,long,1612.635,1612.905,1610.705598391701,,12.822061980975695,3.4619567348632043,0.13993976103192687,first_green,1
2012-08-21 14:15:00,2012-08-21 14:30:00,long,1624.665,1624.525,1622.919478892824,,14.177750012819292,-1.9848850017928956,-0.08020527475967833,first_green,1
2012-08-22 10:15:00,2012-08-22 10:30:00,long,1638.325,1638.805,1636.971210375017,,18.276546983767062,8.772742552208522,0.35456025895165794,first_green,1
2012-08-22 14:00:00,2012-08-22 14:30:00,long,1638.615,1638.445,1636.4136306206792,,11.249602986282271,-1.9124325076688047,-0.07722465915852984,first_green,2
2012-08-23 11:30:00,2012-08-23 11:45:00,long,1662.2749999999999,1662.445,1659.605256039235,,9.274204128232075,1.5766147018001275,0.06367651823486745,first_green,1
2012-08-23 14:15:00,2012-08-23 14:30:00,long,1659.985,1657.3203058863246,1657.5453058863245,,10.150326575857708,-27.047515478569956,-1.0922246763390135,stop_loss,1
2012-08-24 13:30:00,2012-08-24 14:00:00,long,1666.7749999999999,1666.775,1664.5074797674056,,10.891225072797516,2.476377874881454e-12,1.0027415507692864e-13,first_green,2
2012-08-24 14:45:00,2012-08-24 15:00:00,long,1663.475,1664.9650000000001,1661.0036161835085,,9.992811737906013,14.889289489482323,0.6029010913066349,first_green,1
2012-08-27 09:15:00,2012-08-27 10:00:00,long,1674.155,1672.051221337809,1672.276221337809,,13.164561069256518,-27.695322674611695,-1.1197586520050806,stop_loss,3
2012-08-27 10:15:00,2012-08-27 10:30:00,long,1673.2649999999999,1671.1000681390346,1671.3250681390346,,12.71387857667884,-27.524680807095233,-1.1159834551549397,stop_loss,1
2012-08-27 12:30:00,2012-08-27 12:45:00,long,1668.845,1669.285,1666.5071047322444,,10.520251597471143,4.628910702887877,0.18820346919238234,first_green,1
2012-08-28 13:45:00,2012-08-28 14:00:00,long,1661.895,1661.9950000000001,1659.7466382360537,,11.453759378440918,1.1453759378456543,0.046547095409318014,first_green,1
2012-08-29 10:45:00,2012-08-29 11:15:00,long,1665.2549999999999,1665.9850000000001,1663.1995623252492,,11.97296441737777,8.740264024688713,0.3551555023865117,first_green,2
2012-08-29 14:45:00,2012-08-29 15:00:00,long,1662.165,1662.825,1660.0311489954524,,11.543229939436428,7.618531760028987,0.30929994577575154,first_green,1
2012-08-30 13:00:00,2012-08-30 13:45:00,long,1656.715,1654.8459109801033,1655.0709109801032,,14.99345767356236,-28.024107107939706,-1.136853903454722,stop_loss,3
2012-08-31 13:15:00,2012-08-31 13:30:00,long,1657.705,1659.305,1655.909046508627,,13.68661214318428,21.898579429096717,0.8908916671204868,first_green,1
2012-09-03 08:30:00,2012-09-03 09:30:00,long,1689.855,1687.6380708514441,1687.863070851444,,12.367540948959642,-27.417962025707222,-1.1129558248409686,stop_loss,4
2012-09-03 09:45:00,2012-09-03 10:15:00,long,1687.985,1688.065,1685.9722435418375,,12.205510660518524,0.976440852843369,0.03974648779574378,first_green,2
2012-09-03 12:30:00,2012-09-03 13:15:00,long,1687.125,1687.435,1684.8032311031077,,10.582087451574585,3.280447109987544,0.1335188874374538,first_green,3
2012-09-04 12:00:00,2012-09-04 12:45:00,long,1692.495,1692.405,1690.3818150087245,,11.630483241413714,-1.0467434917262823,-0.042589740307402174,first_green,3
2012-09-04 13:45:00,2012-09-04 14:45:00,long,1691.365,1692.505,1689.3566644471928,,12.236374411614381,13.949466829241619,0.5676342274609515,first_green,4
2012-09-05 11:15:00,2012-09-05 11:30:00,long,1689.7849999999999,1687.6870145431176,1687.9120145431175,,13.139247475173914,-27.56595011729196,-1.120129069434649,stop_loss,1
2012-09-05 11:45:00,2012-09-05 12:00:00,long,1688.875,1689.9750000000001,1686.8198237642189,,11.940924643262292,13.13501710759015,0.5352339039586331,first_green,1
2012-09-05 15:00:00,2012-09-05 15:15:00,long,1688.875,1691.935,1686.5680656398729,,10.652033507143534,32.59522253185863,1.326435659760746,first_green,1
2012-09-06 13:30:00,2012-09-06 13:45:00,long,1707.5349999999999,1709.515,1705.0451287021813,,9.902130355406364,19.606218103707032,0.795221826017657,first_green,1
2012-09-06 14:45:00,2012-09-06 15:00:00,long,1702.925,1708.7050000000002,1699.923290019075,,8.229990859020766,47.56934716514168,1.9255691045206036,first_green,1
2012-09-07 13:45:00,2012-09-07 14:00:00,long,1694.2649999999999,1695.415,1691.8916013438343,,10.458828316882911,12.0276525644163,0.4845372255573806,first_green,1
2012-09-07 15:30:00,2012-09-07 15:45:00,long,1690.395,1724.695,1687.272824257562,,7.960166324385272,273.03370492641443,10.985928669478492,first_green,1
2012-09-10 14:00:00,2012-09-10 14:15:00,long,1732.555,1730.2360372912324,1730.4610372912323,,12.19487928756402,-28.279470305784404,-1.1074517703003,stop_loss,1
2012-09-10 14:30:00,2012-09-10 15:15:00,long,1731.2849999999999,1728.927552562338,1729.1525525623379,,11.941641955892132,-28.151793230393793,-1.1055125655273352,stop_loss,3
2012-09-11 09:15:00,2012-09-11 09:30:00,long,1728.2949999999998,1730.655,1726.2403967531318,,12.359828763024428,29.169195880739224,1.1486402562624223,first_green,1
2012-09-12 14:15:00,2012-09-12 15:00:00,long,1742.335,1742.285,1738.9010657438077,,7.416410856154412,-0.37082054280738336,-0.014560558318724756,first_green,3
2012-09-13 10:15:00,2012-09-13 10:30:00,long,1729.245,1729.835,1727.5068592399932,,14.651598323653737,8.644443010957836,0.33944316454432644,first_green,1
2012-09-14 10:30:00,2012-09-14 10:45:00,long,1771.105,1771.875,1767.7940812932227,,7.698211164454772,5.927622596630035,0.23256384955143117,first_green,1
2012-09-14 11:15:00,2012-09-14 11:30:00,long,1768.595,1770.9550000000002,1764.913745117059,,6.927792619790751,16.349590582707055,0.6410857370774412,first_green,1
2012-09-14 14:45:00,2012-09-14 15:15:00,long,1772.135,1768.2999824855865,1768.5249824855864,,7.075822841323003,-27.13590452536077,-1.0623265674201192,stop_loss,2
2012-09-14 15:30:00,2012-09-14 15:45:00,long,1768.475,1769.775,1764.373526428875,,6.211427230472993,8.074855399616022,0.31695925316998785,first_green,1
2012-09-17 14:45:00,2012-09-17 15:00:00,long,1768.385,1769.065,1766.1882373198823,,11.60625678595543,7.892254614450431,0.30954640942991557,first_green,1
2012-09-18 07:15:00,2012-09-18 07:45:00,long,1756.0449999999998,1756.2050000000002,1753.5708151349797,,10.312860110223875,1.650057617639009,0.06466776281044342,first_green,2
2012-09-18 12:45:00,2012-09-18 13:00:00,long,1756.2549999999999,1756.545,1753.6626267315487,,9.844279700923078,2.854841113269573,0.11186660637549771,first_green,1
2012-09-19 12:45:00,2012-09-19 13:00:00,long,1772.325,1772.945,1768.8548124767908,,7.35613982699275,4.560806692734702,0.17866469631776966,first_green,1
2012-09-19 15:00:00,2012-09-19 15:30:00,long,1771.7849999999999,1768.2181568790404,1768.4431568790403,,7.642066290655722,-27.258051578741444,-1.0673281156104375,stop_loss,2
2012-09-19 15:45:00,2012-09-19 16:00:00,long,1768.245,1771.825,1763.8413595711556,,5.783951243512977,20.70654545177735,0.8129637416694653,first_green,1
2012-09-20 07:15:00,2012-09-20 07:30:00,long,1765.0149999999999,1765.4550000000002,1762.6951847476673,,11.001827784503497,4.840804225184641,0.18967027635406195,first_green,1
2012-09-20 10:15:00,2012-09-20 10:30:00,long,1758.815,1761.905,1756.153393425942,,9.593570348625947,29.644132377253392,1.1609529485377093,first_green,1
2012-09-20 12:45:00,2012-09-20 13:00:00,long,1760.245,1757.430973207263,1757.6559732072628,,9.891137593234665,-27.833926198010197,-1.086905242012596,stop_loss,1
2012-09-20 13:15:00,2012-09-20 13:30:00,long,1757.875,1759.2150000000001,1755.2176503674868,,9.610641788180951,12.878259996163873,0.5042618342746471,first_green,1
2012-09-24 09:30:00,2012-09-24 09:45:00,long,1759.065,1759.9850000000001,1756.3699787678472,,9.488248466822652,8.72918858947753,0.341370223367464,first_green,1
2012-09-24 11:45:00,2012-09-24 12:45:00,long,1758.855,1755.6640560682144,1755.8890560682144,,8.628906895786825,-27.534358097053616,-1.075861177815471,stop_loss,4
2012-09-24 13:00:00,2012-09-24 13:30:00,long,1756.855,1757.255,1754.0128278576924,,8.980461728660904,3.5921846914651785,0.14073742897054883,first_green,2
2012-09-25 12:45:00,2012-09-25 13:00:00,long,1765.615,1763.1769895786633,1763.4019895786632,,11.537676626287693,-28.12897585290208,-1.1016714597593251,stop_loss,1
2012-09-26 07:15:00,2012-09-26 08:00:00,long,1762.155,1762.375,1760.1349408131955,,12.6049159047837,2.773081499052758,0.10890770005013799,first_green,3
2012-09-26 14:45:00,2012-09-26 15:00:00,long,1758.945,1756.4316099237778,1756.6566099237778,,11.12992454422393,-27.973841898553147,-1.0983223980639492,stop_loss,1
2012-09-26 15:15:00,2012-09-26 15:30:00,long,1755.445,1752.3694238628493,1752.5944238628492,,8.910365150515013,-27.40450643022246,-1.078931412168772,stop_loss,1
2012-09-27 11:45:00,2012-09-27 12:45:00,long,1756.245,1756.2050000000002,1754.182360637196,,12.280946180940038,-0.49123784723436237,-0.019392629036887633,first_green,4
2012-09-27 15:15:00,2012-09-27 15:30:00,short,1761.775,1764.6834413513923,1764.4584413513924,,9.439347313300356,-27.453788056155474,-1.083847556378741,stop_loss,1
2012-09-27 15:45:00,2012-09-27 16:30:00,short,1763.195,1761.965,1766.4413091244148,,7.781544970729305,9.571300313997186,0.3788918284920603,first_green,3
2012-09-28 10:15:00,2012-09-28 10:30:00,long,1779.655,1779.535,1777.6662928521819,,12.714405295445268,-1.5257286354520445,-0.06034070935559718,first_green,1
2012-09-28 14:00:00,2012-09-28 14:15:00,long,1777.935,1777.865,1775.6338121667134,,10.986245452902727,-0.7690371817024915,-0.030419072701232622,first_green,1
2012-10-01 13:30:00,2012-10-01 13:45:00,long,1768.625,1766.3789621975404,1766.6039621975403,,12.508173645242868,-28.09383084694398,-1.1113289418565442,stop_loss,1
2012-10-02 09:45:00,2012-10-02 10:15:00,long,1776.705,1777.025,1774.724826110466,,12.730830020984365,4.0738656067170815,0.1616019692469934,first_green,2
2012-10-02 14:15:00,2012-10-02 14:30:00,long,1778.5149999999999,1778.4850000000001,1776.3496164851306,,11.646639817144463,-0.34939919451136797,-0.013854358728484287,first_green,1
2012-10-03 14:15:00,2012-10-03 14:30:00,long,1776.845,1778.795,1774.4892617839675,,10.705165877111599,20.875073460368103,0.8277659999438416,first_green,1
2012-10-05 11:45:00,2012-10-05 12:30:00,long,1788.825,1788.7450000000001,1786.7886245692735,,12.409674398945562,-0.992773951914742,-0.0392854867490631,first_green,3
2012-10-05 15:30:00,2012-10-05 15:45:00,long,1784.585,1781.5963034622744,1781.8213034622743,,9.142926428255011,-27.325432560806306,-1.0814127010431691,stop_loss,1
2012-10-08 09:00:00,2012-10-08 09:15:00,long,1769.105,1769.575,1766.6805367181732,,10.39403678411668,4.885197288535124,0.19385733886878814,first_green,1
2012-10-09 10:45:00,2012-10-09 12:15:00,long,1772.945,1770.71176219549,1770.93676219549,,12.554376513403879,-28.036908241783813,-1.112038524269698,stop_loss,6
2012-10-09 12:30:00,2012-10-09 12:45:00,long,1770.975,1773.4850000000001,1768.8810320612117,,12.006908410553221,30.137340110491206,1.1986811992225637,first_green,1
2012-10-10 10:15:00,2012-10-10 10:30:00,short,1763.845,1763.455,1765.9087035106481,,12.219499785616618,4.765604916391704,0.18898063505140797,first_green,1
2012-10-10 15:00:00,2012-10-10 15:15:00,short,1766.945,1766.985,1769.335582796154,,10.553635146550683,-0.42214540586164334,-0.01673232153444492,first_green,1
2012-10-11 10:15:00,2012-10-11 10:30:00,short,1766.2050000000002,1768.507148147314,1768.282148147314,,12.145635007951485,-27.961051131505155,-1.1083215948226286,stop_loss,1
2012-10-11 11:00:00,2012-10-11 11:15:00,short,1767.7050000000002,1770.1635238628458,1769.9385238628458,,11.26398559934553,-27.69277738674013,-1.1007376745521944,stop_loss,1
2012-10-11 13:45:00,2012-10-11 14:45:00,short,1770.445,1769.645,1772.8426459435361,,10.464075711870366,8.371260569495817,0.33366060662821095,first_green,4
2012-10-12 14:30:00,2012-10-12 15:00:00,short,1768.7050000000002,1768.205,1770.6497655587787,,12.911621517308676,6.4558107586572735,0.2571003984224585,first_green,2
2012-10-12 15:45:00,2012-10-12 16:00:00,short,1771.7350000000001,1767.475,1774.1473672123514,,10.415585252981668,44.37039317770418,1.7659003066320837,first_green,1
2012-10-15 07:30:00,2012-10-15 09:00:00,short,1744.525,1744.5149999999999,1746.5260434286479,,12.611991315820799,0.1261199131609609,0.0049973927887091395,first_green,6
2012-10-15 10:30:00,2012-10-15 10:45:00,short,1748.425,1747.155,1750.719755068875,,10.997887306919214,13.967316879787202,0.5534359711089282,first_green,1
2012-10-15 14:30:00,2012-10-15 14:45:00,short,1747.755,1747.055,1749.9686325034156,,11.41669897676092,7.991689283733163,0.31622231735393513,first_green,1
2012-10-16 14:00:00,2012-10-16 14:30:00,short,1739.9850000000001,1742.2180095574263,1741.9930095574264,,12.595734450734485,-28.12639541129202,-1.1120512595011256,stop_loss,2
2012-10-16 14:45:00,2012-10-16 15:00:00,short,1743.4650000000001,1743.445,1745.6244996347177,,11.67957556735047,0.23359151134945258,0.009261404669246364,first_green,1
2012-10-17 13:45:00,2012-10-17 15:00:00,short,1749.9850000000001,1749.605,1751.9987419938989,,12.525250616289357,4.759595234191322,0.18870341938115026,first_green,5
2012-10-19 07:30:00,2012-10-19 07:45:00,short,1737.765,1737.315,1739.5605474401311,,14.053943423723753,6.324274540676328,0.25061994461544634,first_green,1
2012-10-19 09:00:00,2012-10-19 09:15:00,short,1738.4550000000002,1735.875,1740.204687487244,,14.431338744006569,37.23285395953918,1.4745490373622545,first_green,1
2012-10-19 16:00:00,2012-10-19 16:30:00,short,1736.825,1734.305,1739.3286032548172,,10.122776007221416,25.509395538197786,1.0065492586140896,first_green,2
2012-10-22 07:45:00,2012-10-22 08:00:00,short,1726.2350000000001,1726.145,1728.4075327118571,,11.694732286259763,1.0525259057650804,0.041426303737087014,first_green,1
2012-10-24 10:00:00,2012-10-24 10:30:00,short,1710.665,1709.5149999999999,1712.630242223855,,12.929612164158362,14.869053988783293,0.5851695969284788,first_green,2
2012-10-24 12:45:00,2012-10-24 13:00:00,short,1710.095,1708.975,1712.5681537370685,,10.289288537399552,11.524003161888714,0.4528630724459854,first_green,1
2012-10-25 09:15:00,2012-10-25 09:30:00,short,1713.285,1712.915,1715.3679716579575,,12.230508422247496,4.525288116233019,0.17763083745601668,first_green,1
2012-10-25 11:00:00,2012-10-25 12:00:00,short,1715.025,1715.075,1717.4044579968129,,10.711311424862487,-0.5355655712426373,-0.02101318874589423,first_green,4
2012-10-26 09:45:00,2012-10-26 10:00:00,short,1704.935,1704.405,1707.88396369935,,8.642282276289075,4.580409606432974,0.1797241519509981,first_green,1
2012-10-26 15:30:00,2012-10-26 15:45:00,short,1705.915,1708.4354078753224,1708.2104078753225,,11.107929013594726,-27.996511764387016,-1.0980217949144624,stop_loss,1
2012-10-29 15:30:00,2012-10-29 16:00:00,short,1712.395,1712.105,1714.8350718008498,,10.420691902616172,3.0220006517583107,0.1188489616981591,first_green,2
2012-10-30 07:15:00,2012-10-30 07:30:00,short,1711.2450000000001,1710.065,1713.1549390195323,,13.317069916073718,15.714142500967835,0.6178207722511886,first_green,1
2012-10-30 08:45:00,2012-10-30 10:00:00,short,1710.7150000000001,1713.0188260350876,1712.7938260350877,,12.254068587190416,-28.231242246916786,-1.1082341649576426,stop_loss,5
2012-10-30 10:15:00,2012-10-30 10:30:00,short,1713.165,1713.125,1715.3150666422998,,11.815214565632905,0.47260858262488636,0.01860407450309392,first_green,1
2012-10-30 12:15:00,2012-10-30 12:30:00,short,1714.2450000000001,1713.955,1716.4166173726976,,11.698506629223914,3.3925669224771693,0.133541020460693,first_green,1
2012-10-30 13:30:00,2012-10-30 13:45:00,short,1714.4650000000001,1713.245,1716.5414204910176,,12.238928366331734,14.931492606927833,0.587549586067932,first_green,1
2012-10-31 09:45:00,2012-10-31 10:00:00,short,1714.135,1715.8494417182794,1715.6244417182795,,17.087268381915003,-29.295125765392157,-1.1510633126751748,stop_loss,1
2012-10-31 10:15:00,2012-10-31 10:30:00,short,1717.135,1715.835,1719.0576053591287,,13.199408003600643,17.159230404680237,0.6761658048165807,first_green,1
2012-11-01 08:30:00,2012-11-01 08:45:00,short,1722.195,1722.125,1723.933189076471,,14.624502584418963,1.0237151809083964,0.040271798360423314,first_green,1
2012-11-01 10:00:00,2012-11-01 10:15:00,short,1723.925,1723.635,1726.2760038311806,,10.813555295759254,3.1359310357697905,0.12335156419304263,first_green,1
2012-11-01 13:45:00,2012-11-01 14:15:00,short,1725.9750000000001,1721.735,1728.4401914117232,,10.3158520006478,43.73921248274911,1.719947578852192,first_green,2
2012-11-02 13:00:00,2012-11-02 13:15:00,short,1709.505,1707.985,1711.8682358349606,,10.807172695160343,16.426902496645983,0.6431859137857106,first_green,1
2012-11-05 13:00:00,2012-11-05 13:15:00,short,1680.275,1678.425,1683.1548651251082,,8.882695519669708,16.43298671139017,0.6423911952927516,first_green,1
2012-11-05 14:15:00,2012-11-05 14:30:00,short,1681.275,1680.905,1684.3281916610208,,8.391889653682584,3.1049991718635486,0.12118466217624306,first_green,1
2012-11-06 12:15:00,2012-11-06 12:30:00,short,1690.755,1690.7849999999999,1693.058296694606,,11.127446181285096,-0.3338233854357192,-0.013024809209339828,first_green,1
2012-11-06 13:45:00,2012-11-06 14:45:00,short,1692.025,1691.7749999999999,1694.2945468373077,,11.292551900228398,2.8231379750596672,0.1101541487889281,first_green,4
2012-11-07 08:45:00,2012-11-07 09:00:00,short,1726.615,1725.7849999999999,1730.17033819493,,7.210575166039203,5.984777387813653,0.23345177153153476,first_green,1
2012-11-07 12:15:00,2012-11-07 12:30:00,short,1726.545,1730.1189411809478,1729.8939411809479,,7.6594343861970495,-27.374367975596606,-1.0671854140884702,stop_loss,1
2012-11-07 15:45:00,2012-11-07 16:15:00,short,1723.4650000000001,1722.075,1727.8879486813657,,5.78405067789873,8.039830442279813,0.31426998143938084,first_green,2
2012-11-08 12:15:00,2012-11-08 13:45:00,long,1715.965,1716.4750000000001,1713.376326780799,,9.890262975244402,5.044034117376804,0.19701212042424002,first_green,6
2012-11-08 15:45:00,2012-11-08 16:15:00,long,1715.915,1712.574719734237,1712.799719734237,,8.222460515567633,-27.465322596165084,-1.0722246413822427,stop_loss,2
2012-11-09 09:30:00,2012-11-09 10:15:00,long,1733.085,1733.255,1730.841933619791,,11.389143851949685,1.936154454832275,0.07578910793724732,first_green,3
2012-11-09 13:00:00,2012-11-09 13:15:00,long,1730.2649999999999,1730.625,1726.9967764764249,,7.818145201971989,2.8145322727109114,0.11015158461571095,first_green,1
2012-11-09 15:15:00,2012-11-09 15:30:00,long,1728.5349999999999,1731.595,1725.2311822974905,,7.736044991549898,23.672297674144023,0.926201224019105,first_green,1
2012-11-12 15:30:00,2012-11-12 18:00:00,long,1735.0449999999998,1732.4090740803406,1732.6340740803405,,10.62565337482313,-28.008435144011152,-1.093325140422274,stop_loss,10
2012-11-13 10:15:00,2012-11-13 11:00:00,long,1723.165,1723.7150000000001,1721.405316395158,,14.51831566567995,7.985073616126614,0.31255618821861153,first_green,3
2012-11-13 15:15:00,2012-11-13 16:00:00,long,1727.0049999999999,1724.0940842784028,1724.3190842784027,,9.519138863989792,-27.70941097525404,-1.0837703127431377,stop_loss,3
2012-11-14 11:15:00,2012-11-14 11:30:00,long,1724.965,1725.675,1723.0462857419827,,13.28928009831396,9.435388869803395,0.3700394662901784,first_green,1
2012-11-14 12:30:00,2012-11-14 13:00:00,long,1724.675,1722.3782051786422,1722.6032051786422,,12.31874865816452,-28.293638123679475,-1.1086014877923336,stop_loss,2
2012-11-14 13:15:00,2012-11-14 13:30:00,long,1723.315,1723.345,1720.9623020326082,,10.817872048616382,0.3245361614581963,0.012751318025420256,first_green,1
2012-11-14 14:30:00,2012-11-14 14:45:00,long,1722.105,1723.105,1719.7724744221032,,10.911776128790553,10.911776128790553,0.4287198431931753,first_green,1
2012-11-15 13:45:00,2012-11-15 14:00:00,long,1720.375,1720.7150000000001,1718.297357932291,,12.263554322957619,4.169608469807375,0.16364705224470083,first_green,1
2012-11-15 15:00:00,2012-11-15 15:15:00,long,1717.175,1718.045,1714.3761273832224,,9.107131289001588,7.923204221432458,0.31083944113247447,first_green,1
2012-11-16 10:00:00,2012-11-16 10:15:00,short,1714.285,1716.2911384168708,1716.066138416871,,14.322024695618174,-28.73196394925089,-1.1263237027895896,stop_loss,1
2012-11-16 10:30:00,2012-11-16 10:45:00,short,1715.105,1714.5449999999998,1716.924859145159,,13.97782820199708,7.8275837931207795,0.3077161226954536,first_green,1
2012-11-16 15:00:00,2012-11-16 15:15:00,short,1710.835,1713.5906947356525,1713.3656947356526,,10.059390839876793,-27.720610381319144,-1.0889083921620801,stop_loss,1
2012-11-16 15:30:00,2012-11-16 15:45:00,short,1713.4650000000001,1712.495,1716.268660256762,,9.055286158572466,8.783627573817599,0.3459762992541077,first_green,1
2012-11-19 11:00:00,2012-11-19 11:15:00,short,1724.005,1723.2849999999999,1725.944274560719,,13.102788795368369,9.434007932668562,0.3712728535630297,first_green,1
2012-11-19 15:30:00,2012-11-19 15:45:00,short,1728.305,1730.6662050838243,1730.4412050838243,,11.905921485604336,-28.112322339420594,-1.1053269658908917,stop_loss,1
2012-11-19 16:00:00,2012-11-19 16:30:00,short,1731.035,1729.725,1733.4123400977874,,10.668734028807675,13.976041577739897,0.5510360092018217,first_green,2
2012-11-20 11:00:00,2012-11-20 11:15:00,long,1732.475,1733.015,1730.6789108846008,,14.140806870605926,7.636035710129901,0.3006532333893645,first_green,1
2012-11-20 14:45:00,2012-11-20 15:00:00,long,1731.2749999999999,1733.535,1729.1103587168916,,11.742009907542055,26.536942391047607,1.0440528958012956,first_green,1
2012-11-21 14:00:00,2012-11-21 14:15:00,long,1726.215,1726.615,1724.3269909832995,,13.497595362678073,5.399038145072457,0.21186339496363193,first_green,1
2012-11-26 08:30:00,2012-11-26 08:45:00,long,1749.445,1749.4750000000001,1747.7591554026953,,15.124216896763803,0.4537265069059403,0.017795234535950385,first_green,1
2012-11-26 10:45:00,2012-11-26 11:00:00,long,1749.345,1747.5051727684504,1747.7301727684503,,15.790056770140751,-29.050976433419617,-1.1393337910111783,stop_loss,1
2012-11-26 11:45:00,2012-11-26 12:00:00,long,1746.175,1746.565,1744.3569580237324,,13.985148060912808,5.454207743757395,0.21451649911889162,first_green,1
2012-11-27 10:30:00,2012-11-27 11:00:00,long,1748.625,1748.905,1747.2613639310662,,18.65543330656039,5.2235213258364,0.20533337770897572,first_green,2
2012-11-27 12:30:00,2012-11-27 13:30:00,long,1746.725,1746.695,1745.000982601403,,14.763354802824638,-0.4429006440843363,-0.017401216498387505,first_green,4
2012-11-28 07:45:00,2012-11-28 08:15:00,long,1739.135,1737.7198956910509,1737.9448956910508,,21.385666028376132,-30.262948146502296,-1.1890590583598226,stop_loss,2
2012-11-28 08:30:00,2012-11-28 08:45:00,long,1738.085,1738.865,1736.8138669217342,,19.9629105351991,15.571070217454754,0.6136257590464824,first_green,1
2012-11-28 13:15:00,2012-11-28 13:30:00,long,1738.745,1739.615,1736.8225491758963,,13.219814663996296,11.50123875767834,0.4525473364998899,first_green,1
2012-11-28 14:15:00,2012-11-28 14:30:00,long,1734.385,1734.7250000000001,1731.9945364434814,,10.643624590222005,3.6188323606770307,0.14223182740978818,first_green,1
2012-11-29 10:15:00,2012-11-29 11:00:00,short,1721.275,1723.2356784639617,1723.0106784639618,,14.664146788454286,-28.75167680049376,-1.1296323049871506,stop_loss,3
2012-11-29 11:15:00,2012-11-29 12:00:00,short,1722.945,1724.9696569817058,1724.744656981706,,14.10289007243603,-28.55351484738847,-1.125023825255088,stop_loss,3
2012-11-29 14:45:00,2012-11-29 15:15:00,short,1726.105,1723.835,1728.1744225490802,,12.229972465131706,27.762037495848748,1.0969243574778689,first_green,2
2012-11-30 13:15:00,2012-11-30 14:15:00,short,1729.4650000000001,1731.3587594803619,1731.133759480362,,15.207935107706689,-28.800171286945424,-1.1348306946853273,stop_loss,4
2012-12-03 15:00:00,2012-12-03 15:15:00,short,1718.165,1716.965,1720.5864452509263,,10.450942654934764,12.541131185922191,0.49557180759753733,first_green,1
2012-12-04 09:45:00,2012-12-04 10:00:00,short,1706.115,1705.695,1708.9209092308872,,9.03013469165167,3.7926565704943584,0.14968410074593597,first_green,1
2012-12-05 14:30:00,2012-12-05 14:45:00,short,1704.285,1704.335,1706.0323408289921,,14.50616817756623,-0.7253084088776519,-0.0286149096789533,first_green,1
2012-12-06 11:00:00,2012-12-06 12:00:00,short,1691.925,1691.715,1694.180402963524,,11.237640043826664,2.3599044092040082,0.09310974730294043,first_green,4
2012-12-06 13:00:00,2012-12-06 13:15:00,short,1693.4850000000001,1692.7749999999999,1695.542049771635,,12.32410939611784,8.750117671246917,0.34515450709585044,first_green,1
2012-12-10 08:00:00,2012-12-10 08:15:00,short,1708.335,1707.7949999999998,1710.0706055468333,,14.619209854082277,7.894373321207222,0.31113060279476773,first_green,1
2012-12-10 10:15:00,2012-12-10 10:45:00,short,1708.625,1710.659140701803,1710.434140701803,,14.035899817555084,-28.550995105317057,-1.1243684362281334,stop_loss,2
2012-12-10 11:30:00,2012-12-10 11:45:00,short,1710.935,1710.465,1712.7478989383042,,13.967430629250023,6.564692395747892,0.2592532821711866,first_green,1
2012-12-10 13:15:00,2012-12-10 13:30:00,short,1712.445,1712.445,1714.5129882845888,,12.25246394209237,0.0,0.0,first_green,1
2012-12-10 15:15:00,2012-12-10 15:30:00,short,1714.695,1717.046885602777,1716.821885602777,,11.913171002949506,-28.01841536525707,-1.105788482326519,stop_loss,1
2012-12-11 10:30:00,2012-12-11 10:45:00,short,1709.565,1709.2849999999999,1711.0742343989155,,16.742201124848485,4.6878163149609255,0.1855245283313319,first_green,1
2012-12-11 12:30:00,2012-12-11 12:45:00,short,1709.765,1709.155,1711.2823711977815,,16.660145802775002,10.162688939694872,0.4020110576054467,first_green,1
2012-12-11 14:00:00,2012-12-11 14:15:00,short,1711.765,1713.4952325599868,1713.2702325599869,,16.81137705029465,-29.08759195063278,-1.1494785629682933,stop_loss,1
2012-12-11 14:30:00,2012-12-11 15:00:00,short,1713.385,1712.915,1714.9753025644784,,15.866360086463938,7.457189240638484,0.2955412451052543,first_green,2
2012-12-12 10:30:00,2012-12-12 10:45:00,short,1714.665,1714.705,1715.9809097350371,,19.18897279594169,-0.7675589118369696,-0.03039722173560321,first_green,1
2012-12-12 14:30:00,2012-12-12 14:45:00,short,1715.185,1714.885,1716.8096150826009,,15.541550414416196,4.662465124324152,0.18465912523701752,first_green,1
2012-12-13 07:15:00,2012-12-13 07:30:00,short,1700.885,1699.145,1703.5263884540095,,9.563414777076598,16.64034171211337,0.658744455916264,first_green,1
2012-12-17 11:15:00,2012-12-17 11:45:00,short,1690.2350000000001,1690.225,1692.2526413717433,,12.540531028809468,0.12540531029083202,0.00495628219180438,first_green,2
2012-12-17 14:00:00,2012-12-17 14:30:00,short,1691.9950000000001,1691.475,1693.8597691934801,,13.568761125558261,7.055755785293134,0.27885488553668675,first_green,2
2012-12-17 15:45:00,2012-12-17 16:15:00,short,1696.4550000000002,1695.125,1698.7725821997926,,10.925285468778984,14.530629673477739,0.5738739278025399,first_green,2
2012-12-18 15:00:00,2012-12-18 15:15:00,short,1698.555,1697.145,1700.0359488810664,,17.12184264322494,24.14179812694857,0.952092282202792,first_green,1
2012-12-19 07:45:00,2012-12-19 08:00:00,short,1675.075,1674.7749999999999,1677.0771135726113,,12.695048146766341,3.8085144440322116,0.1498416493969938,first_green,1
2012-12-19 11:45:00,2012-12-19 12:00:00,short,1676.095,1676.0049999999999,1678.125254862393,,12.523772239972164,1.1271395015993173,0.044329409901804125,first_green,1
2012-12-20 14:30:00,2012-12-20 14:45:00,short,1670.115,1668.465,1671.8773008832036,,14.42958326629918,23.80881238939496,0.9362759876739417,first_green,1
2012-12-21 08:00:00,2012-12-21 08:15:00,short,1643.345,1646.4025614174207,1646.1775614174207,,8.9984948635789,-27.513450709736553,-1.0794334056151869,stop_loss,1
2012-12-21 08:30:00,2012-12-21 09:00:00,short,1645.135,1644.745,1647.8973361201229,,9.202357943872151,3.5889195981110595,0.14118484610147697,first_green,2
2012-12-21 10:15:00,2012-12-21 10:45:00,short,1647.375,1650.298628267098,1650.073628267098,,9.422927324850997,-27.549136685743672,-1.083375692288981,stop_loss,2
2012-12-21 11:00:00,2012-12-21 12:15:00,short,1650.045,1649.665,1652.7188215389265,,9.484591558089294,3.6041447920749667,0.14211868461224497,first_green,5
2012-12-26 15:30:00,2012-12-26 15:45:00,short,1659.535,1661.825767316556,1661.6007673165561,,12.280722690594747,-28.13227816330158,-1.1089183656826456,stop_loss,1
2012-12-26 16:00:00,2012-12-26 16:15:00,short,1661.9850000000001,1664.4141820229488,1664.189182022949,,11.477629614574992,-27.88125152578896,-1.1020786839096448,stop_loss,1
2012-12-28 08:00:00,2012-12-28 08:30:00,short,1662.255,1661.975,1663.7916198267285,,16.418557989982066,4.597196237198264,0.18221813563108058,first_green,2
2012-12-31 08:00:00,2012-12-31 08:15:00,short,1663.255,1663.145,1664.8560660952978,,15.764854929112587,1.734134042204392,0.06870422172026157,first_green,1
2012-12-31 10:45:00,2012-12-31 11:00:00,short,1667.4850000000001,1666.745,1669.0568247312417,,16.06089378645533,11.885061401980742,0.470790403848471,first_green,1
2012-12-31 15:15:00,2012-12-31 15:30:00,short,1662.785,1665.5409202611397,1665.3159202611398,,9.986337025694331,-27.521548543679934,-1.0889004697044808,stop_loss,1
2013-01-02 07:15:00,2013-01-02 08:15:00,short,1679.675,1682.5051084475779,1682.280108447578,,9.675535337108334,-27.38281429238891,-1.0863687652654512,stop_loss,4
2013-01-02 08:30:00,2013-01-02 08:45:00,short,1683.155,1681.5349999999999,1685.6271615079033,,10.168171345377992,16.47243757951355,0.6552969920537419,first_green,1
2013-01-02 10:45:00,2013-01-02 11:00:00,short,1684.025,1682.165,1686.7267456322836,,9.319361008266828,17.334011475377487,0.6884437889987641,first_green,1
2013-01-02 14:30:00,2013-01-02 14:45:00,short,1686.515,1689.4138335018426,1689.1888335018427,,9.432852835101867,-27.344269816343733,-1.0841488446624867,stop_loss,1
2013-01-03 10:15:00,2013-01-03 10:30:00,long,1684.0449999999998,1685.155,1682.2564828516988,,14.06389492983057,15.610923372113723,0.6206258637523017,first_green,1
2013-01-03 12:30:00,2013-01-03 12:45:00,long,1683.895,1681.867235591552,1682.0922355915518,,13.974396457062186,-28.336783765173823,-1.1248083215674247,stop_loss,1
2013-01-03 13:00:00,2013-01-03 13:30:00,long,1681.865,1679.7274123212871,1679.952412321287,,13.134928600935273,-28.07706153813241,-1.117641665532071,stop_loss,2
2013-01-03 13:45:00,2013-01-03 14:00:00,long,1680.955,1678.5608417893104,1678.7858417893103,,11.548954716914658,-27.650024760382585,-1.103726873812666,stop_loss,1
2013-01-04 07:15:00,2013-01-04 07:45:00,long,1650.585,1651.565,1647.4304696703432,,7.919525975803372,7.761135456287448,0.3106643137289559,first_green,2
2013-01-07 14:30:00,2013-01-07 14:45:00,short,1657.595,1655.575,1660.1156096825728,,9.91894457070352,20.036268032820928,0.8013934144449547,first_green,1
2013-01-08 12:15:00,2013-01-08 12:30:00,short,1653.555,1653.715,1655.6995760022005,,11.681506447053044,-1.8690410315267871,-0.07460682197119002,first_green,1
2013-01-08 14:15:00,2013-01-08 14:30:00,short,1656.635,1653.805,1658.8925193890443,,11.095012479128313,31.39888531593232,1.253588347339935,first_green,1
2013-01-09 10:30:00,2013-01-09 11:00:00,short,1664.505,1663.975,1666.4725890241662,,12.769792216776619,6.767989874894163,0.26936519440325624,first_green,2
2013-01-10 10:15:00,2013-01-10 10:30:00,short,1660.765,1660.495,1662.4653486467935,,14.786745664610306,3.992421329447876,0.1587909635529117,first_green,1
2013-01-10 12:00:00,2013-01-10 12:45:00,short,1662.105,1661.805,1663.9729725514032,,13.46518931219134,4.039556793656789,0.16060193163683992,first_green,3
2013-01-10 13:45:00,2013-01-10 14:00:00,short,1664.655,1664.5149999999999,1666.6052694317727,,12.902167524480516,1.8063034534285631,0.07178495325789014,first_green,1
2013-01-10 15:45:00,2013-01-10 16:15:00,short,1667.275,1670.7471711093237,1670.5221711093238,,7.75050585199391,-26.911082501937162,-1.069291082121868,stop_loss,2
2013-01-11 11:15:00,2013-01-11 13:30:00,long,1669.945,1670.075,1667.862786737803,,12.05445255521077,1.5670788321787157,0.06243356641717983,first_green,9
2013-01-15 14:00:00,2013-01-15 14:30:00,long,1679.225,1676.0524645363525,1676.2774645363525,,8.516897925631685,-27.02016070933119,-1.0763349594177505,stop_loss,2
2013-01-15 14:45:00,2013-01-15 15:00:00,long,1676.885,1679.865,1673.7227458405125,,7.917234672354512,23.59335932361659,0.9423657459851374,first_green,1
2013-01-16 11:00:00,2013-01-16 11:15:00,long,1678.645,1678.825,1676.4911946106583,,11.651605942109507,2.097289069580453,0.08357301030576612,first_green,1
2013-01-16 11:45:00,2013-01-16 12:00:00,long,1677.575,1677.605,1675.4096007870323,,11.591643122874249,0.3477492936859112,0.013854258291180057,first_green,1
2013-01-16 14:30:00,2013-01-16 14:45:00,long,1675.845,1673.392215891715,1673.617215891715,,11.267431244866811,-27.63657629860273,-1.1009972192382298,stop_loss,1
2013-01-17 15:45:00,2013-01-17 16:00:00,long,1674.155,1671.032791651465,1671.257791651465,,8.64014934943133,-26.976346431383472,-1.0776609663276986,stop_loss,1
2013-01-18 11:15:00,2013-01-18 11:30:00,long,1689.645,1690.375,1687.698909388328,,12.828216636961121,9.364598144981851,0.375111002345804,first_green,1
2013-01-21 16:00:00,2013-01-21 16:15:00,long,1686.205,1687.335,1684.3218354423948,,13.269304244353618,14.994313796121038,0.6000537740775841,first_green,1
2013-01-22 10:30:00,2013-01-22 11:00:00,long,1692.435,1690.7753932301534,1691.0003932301533,,17.444340684529568,-28.950745895554086,-1.1568374029239865,stop_loss,2
2013-01-22 11:15:00,2013-01-22 11:30:00,long,1691.095,1691.685,1689.579901212335,,16.469812120472003,9.717189151077134,0.38941355164648683,first_green,1
2013-01-22 14:15:00,2013-01-22 14:45:00,long,1691.695,1689.9578306214548,1690.1828306214547,,16.51778279871364,-28.69418647938439,-1.1487928556101126,stop_loss,2
2013-01-23 10:30:00,2013-01-23 10:45:00,long,1691.075,1691.155,1689.712710272179,,18.28241773746185,1.4625934189956176,0.058724659201451826,first_green,1
2013-01-24 07:45:00,2013-01-24 08:30:00,long,1679.325,1679.635,1677.6307069449858,,14.702064848406865,4.557640103005326,0.1829671667970951,first_green,3
2013-01-24 11:30:00,2013-01-24 11:45:00,long,1680.5249999999999,1678.2130796974884,1678.4380796974883,,11.941519969540863,-27.60784246042747,-1.1078143711233863,stop_loss,1
2013-01-24 12:00:00,2013-01-24 12:15:00,long,1678.465,1676.0660993309978,1676.2910993309977,,11.43197626988957,-27.424175521854906,-1.1035005891521146,stop_loss,1
2013-01-24 14:45:00,2013-01-24 15:00:00,long,1676.435,1677.825,1674.3089448065925,,11.656997663642956,16.203226752464875,0.6537929985591574,first_green,1
2013-01-29 09:45:00,2013-01-29 10:15:00,short,1663.4850000000001,1663.155,1664.9736363636766,,16.67561608390334,5.50295330769068,0.22167938930710324,first_green,2
2013-01-29 13:45:00,2013-01-29 14:00:00,short,1662.545,1662.665,1664.1982006505564,,15.023999575682893,-1.8028799490803076,-0.07258647034739006,first_green,1
2013-01-31 08:15:00,2013-01-31 08:30:00,short,1679.885,1679.7749999999999,1681.170615290906,,19.316181791135794,2.124779997027397,0.0855621434952051,first_green,1
2013-01-31 13:30:00,2013-01-31 13:45:00,short,1675.635,1675.385,1677.2264172783036,,15.607779908656413,3.9019449771641033,0.15709267670292223,first_green,1
2013-02-04 15:15:00,2013-02-04 15:30:00,short,1665.2150000000001,1665.075,1667.180098222641,,12.64478548642067,1.7702699681001588,0.07124325816750347,first_green,1
2013-02-05 10:45:00,2013-02-05 11:00:00,long,1673.5249999999999,1673.795,1671.940865371244,,15.688484241694352,4.235890745260757,0.17044005925951533,first_green,1
2013-02-05 14:45:00,2013-02-05 15:00:00,long,1677.2549999999999,1674.5839232445508,1674.8089232445507,,10.164546485074087,-27.15028384596346,-1.0919840309584188,stop_loss,1
2013-02-06 10:15:00,2013-02-06 11:45:00,long,1670.885,1670.795,1669.2692746054406,,15.346286727126513,-1.38116580544013,-0.0557025347890023,first_green,6
2013-02-06 13:00:00,2013-02-06 13:15:00,long,1668.635,1669.865,1666.9557670003264,,14.763842937527869,18.159526813159548,0.732477268037925,first_green,1
2013-02-07 09:00:00,2013-02-07 09:15:00,long,1678.575,1676.8777785870768,1677.1027785870767,,16.87064925268872,-28.633227161580535,-1.152830272691889,stop_loss,1
2013-02-07 09:30:00,2013-02-07 09:45:00,long,1677.105,1677.2250000000001,1675.580048883755,,16.24035534516263,1.9488426414214357,0.0786910470255556,first_green,1
2013-02-07 12:00:00,2013-02-07 12:15:00,long,1675.5249999999999,1676.085,1673.8793197293703,,15.051903191955208,8.429065787497517,0.3402848110866304,first_green,1
2013-02-07 13:45:00,2013-02-07 14:00:00,long,1675.825,1675.765,1674.262552974682,,15.867221340095304,-0.9520332804048524,-0.03840130194988901,first_green,1
2013-02-08 15:30:00,2013-02-08 15:45:00,long,1668.475,1666.222082210373,1666.4470822103729,,12.22402250549483,-27.53971776342966,-1.1109512432657773,stop_loss,1
2013-02-08 16:00:00,2013-02-08 16:15:00,long,1666.945,1667.615,1664.5417953752703,,10.28645798651763,6.891926850967561,0.2787944035666375,first_green,1
2013-02-12 07:15:00,2013-02-12 07:30:00,short,1646.865,1646.965,1648.612470085003,,14.156289961536588,-1.4156289961523714,-0.05722558621067215,first_green,1
2013-02-12 13:15:00,2013-02-12 13:30:00,short,1646.615,1645.385,1649.4671237952673,,8.672188139577202,10.666791411680116,0.4312575779638442,first_green,1
2013-02-12 14:15:00,2013-02-12 15:15:00,short,1648.875,1646.625,1651.9304030278172,,8.103945994365745,18.233878487322926,0.736400396123002,first_green,4
2013-02-13 15:45:00,2013-02-13 16:00:00,short,1651.505,1649.965,1654.0853512991423,,9.613576970281912,14.804908534235981,0.5968179606056528,first_green,1
2013-02-14 10:15:00,2013-02-14 10:30:00,short,1644.4750000000001,1644.405,1645.731637129585,,19.769762894253482,1.3838834026009803,0.055704227061390686,first_green,1
2013-02-14 13:15:00,2013-02-14 13:30:00,short,1644.2450000000001,1646.3860284151765,1646.1610284151766,,12.967906742773465,-27.764656821635352,-1.117430408765199,stop_loss,1
2013-02-14 13:45:00,2013-02-14 14:00:00,short,1647.695,1647.5249999999999,1650.0700704192082,,10.432308011616165,1.773492361975507,0.07157682510177794,first_green,1
2013-02-18 08:15:00,2013-02-18 08:30:00,short,1615.795,1614.685,1617.8750720176438,,11.913962441279336,13.22449830982158,0.5336353696337516,first_green,1
2013-02-19 13:45:00,2013-02-19 14:00:00,short,1614.085,1611.855,1615.8884738206614,,13.759534990110472,30.683763027946604,1.2365025621399215,first_green,1
2013-02-21 08:00:00,2013-02-21 08:15:00,short,1563.165,1566.668690297967,1566.4436902979671,,7.591955410409152,-26.599860514049137,-1.0686249628821034,stop_loss,1
2013-02-21 08:45:00,2013-02-21 09:15:00,short,1567.785,1571.4183664667032,1571.1933664667033,,7.283597916463194,-26.463980426626204,-1.0660140281856318,stop_loss,2
2013-02-21 12:00:00,2013-02-21 12:15:00,short,1569.765,1568.595,1573.2389143216571,,7.127121929865586,8.338732657943254,0.3367958710743291,first_green,1
2013-02-21 13:45:00,2013-02-21 14:15:00,short,1572.825,1571.855,1576.2641616260478,,7.205203032134844,6.9890469411709955,0.2820454824377492,first_green,2
2013-02-22 13:00:00,2013-02-22 13:15:00,short,1582.4850000000001,1581.625,1584.912884606284,,10.213553942873952,8.783656390872899,0.35421782310998595,first_green,1
2013-02-25 10:30:00,2013-02-25 10:45:00,short,1592.2450000000001,1590.2549999999999,1594.5420699598867,,10.804759962799077,21.501472325972717,0.8663210240660195,first_green,1
2013-02-25 13:00:00,2013-02-25 13:15:00,short,1593.265,1592.0249999999999,1595.8170150057963,,9.746432978902465,12.085576893841361,0.4858905598846092,first_green,1
2013-02-26 10:15:00,2013-02-26 10:30:00,short,1595.565,1598.534771828483,1598.309771828483,,9.07297899918505,-26.9446774321964,-1.0819740270083826,stop_loss,1
2013-02-26 10:45:00,2013-02-26 11:00:00,short,1599.015,1597.365,1602.230849178641,,7.722966496300942,12.742894718897256,0.5130837636786981,first_green,1
2013-02-28 08:30:00,2013-02-28 08:45:00,short,1602.055,1600.195,1604.1684667454613,,11.766332616305531,21.885378666329785,0.8800706251918006,first_green,1
2013-02-28 14:15:00,2013-02-28 14:30:00,short,1591.815,1591.305,1595.2848782718124,,7.182518865206683,3.663084621255343,0.14697921945648232,first_green,1
2013-03-01 14:45:00,2013-03-01 15:00:00,short,1569.7050000000002,1573.302795988988,1573.077795988988,,7.391975067634428,-26.594818249033374,-1.066710231135985,stop_loss,1
2013-03-01 15:15:00,2013-03-01 15:30:00,short,1573.275,1577.016594500709,1576.7915945007092,,7.070800118745589,-26.45606683991083,-1.0639823556439452,stop_loss,1
2013-03-01 15:45:00,2013-03-01 16:15:00,short,1582.665,1582.695,1587.4302013807135,,5.204186489675849,-0.15612559469013348,-0.006295641590593331,first_green,2
2013-03-04 11:15:00,2013-03-04 11:30:00,short,1577.795,1581.1072656534047,1580.8822656534048,,8.032546957777456,-26.605929397606403,-1.0728800256472164,stop_loss,1
2013-03-05 12:00:00,2013-03-05 12:30:00,short,1581.2350000000001,1583.5662067355574,1583.3412067355575,,11.742480493999487,-27.374149619762008,-1.106827120149895,stop_loss,2
2013-03-05 13:45:00,2013-03-05 14:00:00,short,1583.685,1583.815,1585.8241881431684,,11.529446913460088,-1.4988280987510698,-0.060770718281731306,first_green,1
2013-03-05 15:45:00,2013-03-05 16:00:00,short,1584.7150000000001,1584.485,1587.1123141590513,,10.28647370692439,2.3658889525951357,0.09594070060941938,first_green,1
2013-03-06 14:45:00,2013-03-06 15:15:00,short,1576.165,1578.036482718973,1577.8114827189731,,14.98091871992509,-28.03653049868018,-1.1366549417173535,stop_loss,2
2013-03-06 15:30:00,2013-03-06 15:45:00,short,1578.305,1577.565,1580.6365479349797,,10.5491000598563,7.8063340442937585,0.31738571139712246,first_green,1
2013-03-08 11:15:00,2013-03-08 11:30:00,short,1581.435,1580.165,1582.9837399553564,,15.893725870781442,20.18503185589214,0.8200214604185425,first_green,1
2013-03-11 07:45:00,2013-03-11 08:15:00,short,1581.325,1581.465,1582.8329753253277,,16.356839837444653,-2.289957577240169,-0.09283971537760922,first_green,2
2013-03-12 13:00:00,2013-03-12 13:15:00,short,1584.615,1586.3477868231182,1586.1227868231183,,16.355087869954367,-28.3398807519973,-1.1492253391196112,stop_loss,1
2013-03-13 10:00:00,2013-03-13 10:15:00,long,1592.5349999999999,1590.8656053822983,1591.0906053822982,,17.02383543806493,-28.41949925294212,-1.155774604282269,stop_loss,1
2013-03-13 10:45:00,2013-03-13 11:00:00,long,1591.375,1589.4787372539759,1589.7037372539758,,14.67039673418957,-27.818926796438024,-1.1346287413724505,stop_loss,1
2013-03-13 14:45:00,2013-03-13 15:00:00,long,1590.695,1596.7250000000001,1588.1568444882676,,9.63240435869455,58.08339828293007,2.375740955243717,first_green,1
2013-03-14 13:00:00,2013-03-14 13:15:00,long,1585.365,1583.2658673898177,1583.4908673898176,,13.122736660331183,-27.54636445853626,-1.1200555386408912,stop_loss,1
2013-03-14 13:30:00,2013-03-14 13:45:00,long,1581.395,1578.796768310608,1579.021768310608,,10.333960610942079,-26.85002393627763,-1.0948074311520553,stop_loss,1
2013-03-14 14:00:00,2013-03-14 14:15:00,long,1580.2549999999999,1580.415,1577.7326726759832,,9.696504298271572,1.5514406877242453,0.06343348005495483,first_green,1
2013-03-18 08:00:00,2013-03-18 08:15:00,long,1596.845,1597.325,1594.2038708692985,,9.261810055534008,4.445668826656492,0.18174045124121666,first_green,1
2013-03-18 12:30:00,2013-03-18 12:45:00,long,1602.925,1600.2640555820212,1600.4890555820211,,10.046514334291626,-26.73321623797656,-1.0923666395420464,stop_loss,1
2013-03-19 14:45:00,2013-03-19 15:00:00,long,1601.2549999999999,1602.635,1599.2377236656353,,12.098450299747347,16.695861413652658,0.6840907100785297,first_green,1
2013-03-20 10:00:00,2013-03-20 10:15:00,long,1611.445,1611.565,1609.8808023800161,,15.629519450332626,1.8755423340417632,0.07671664914140444,first_green,1
2013-03-20 13:30:00,2013-03-20 14:00:00,long,1609.195,1607.142394890655,1607.3673948906549,,13.37944715546267,-27.462721591514036,-1.12311193421895,stop_loss,2
2013-03-20 14:15:00,2013-03-20 14:45:00,long,1607.975,1608.265,1605.9235792910963,,11.886245016308417,3.447011054731711,0.1413654443194069,first_green,2
2013-03-21 09:15:00,2013-03-21 09:45:00,long,1607.935,1608.075,1606.5191158665252,,17.227614978164258,2.4118660969447197,0.09887814736402634,first_green,2
2013-03-22 12:45:00,2013-03-22 13:00:00,long,1611.975,1611.845,1610.6844607694018,,18.905536377323735,-2.4577197290498503,-0.10073308654059983,first_green,1
2013-03-22 13:45:00,2013-03-22 14:00:00,long,1608.695,1608.675,1607.0596108141108,,14.915221576356469,-0.2983044315268581,-0.012229504861931632,first_green,1
2013-03-22 14:30:00,2013-03-22 15:00:00,long,1605.655,1605.505,1603.6761370111522,,12.325990453859996,-1.8488985680773178,-0.07580110439439766,first_green,2
2013-03-25 08:45:00,2013-03-25 09:00:00,long,1609.665,1607.701469855571,1607.926469855571,,14.027265585104251,-27.542958820262108,-1.1294196713936246,stop_loss,1
2013-03-25 09:15:00,2013-03-25 10:15:00,long,1608.235,1606.1359612530177,1606.3609612530176,,12.976234726055313,-27.237619479925534,-1.1200615517487162,stop_loss,4
2013-03-25 11:00:00,2013-03-25 11:30:00,long,1605.825,1603.6692806570243,1603.8942806570242,,12.560019510908077,-27.075877007817635,-1.1165368756564646,stop_loss,2
2013-03-25 11:45:00,2013-03-25 13:15:00,long,1603.575,1601.2601346951465,1601.4851346951464,,11.57116818446731,-26.785695766849006,-1.1076624409608364,stop_loss,6
2013-03-25 13:45:00,2013-03-25 14:00:00,long,1601.345,1599.1951014523136,1599.4201014523135,,12.52804658973366,-26.93402916861673,-1.116889277240261,stop_loss,1
2013-03-25 14:15:00,2013-03-25 14:30:00,long,1596.885,1594.228607884903,1594.453607884903,,9.89058221571438,-26.273264611541087,-1.0925395778833211,stop_loss,1
2013-03-26 11:15:00,2013-03-26 11:30:00,long,1600.355,1598.4255052106716,1598.6505052106716,,14.069975808448136,-27.147945008376947,-1.1320039236309747,stop_loss,1
2013-03-26 11:45:00,2013-03-26 12:30:00,long,1597.975,1598.885,1596.0135223500176,,12.191997491876906,11.094717717608983,0.4639359515558625,first_green,3
2013-03-26 15:00:00,2013-03-26 15:30:00,long,1597.585,1595.2226636486444,1595.4476636486443,,11.201824817167113,-26.46247796711206,-1.105271217540087,stop_loss,2
2013-03-27 10:30:00,2013-03-27 10:45:00,short,1595.915,1595.635,1597.6135686017535,,14.056489189594075,3.9358169730859576,0.16484468140463054,first_green,1
2013-03-27 14:15:00,2013-03-27 14:30:00,short,1596.135,1598.451160865741,1598.2261608657411,,11.422244515990421,-26.455755746862216,-1.1075957396133493,stop_loss,1
2013-03-27 14:45:00,2013-03-27 15:00:00,short,1598.575,1598.155,1600.8117152362768,,10.64937143319541,4.472736001942847,0.18777535610622137,first_green,1
2013-03-28 12:30:00,2013-03-28 13:15:00,long,1603.465,1601.6000041507089,1601.8250041507088,,14.531008228894828,-27.100270032903133,-1.1371954691819248,stop_loss,3
2013-03-28 14:00:00,2013-03-28 15:00:00,long,1600.665,1598.6463909402491,1598.871390940249,,13.248730194093149,-26.74400679999061,-1.1254453966859181,stop_loss,4
2013-03-28 15:15:00,2013-03-28 15:30:00,long,1596.105,1598.785,1593.55711831636,,9.300346496257612,24.924928609970994,1.0518541803602275,first_green,1
2013-04-01 08:30:00,2013-04-01 09:15:00,short,1598.7350000000001,1598.435,1600.2482388001615,,15.70042666650626,4.710127999954734,0.19825026953325972,first_green,3
2013-04-01 13:15:00,2013-04-01 13:30:00,short,1598.9550000000002,1598.5449999999998,1600.6258040978182,,14.226844524673941,5.833006255120715,0.24539082740803453,first_green,1
2013-04-03 08:00:00,2013-04-03 08:15:00,short,1568.165,1567.565,1570.439063444877,,10.459186044287621,6.275511626571622,0.26384488143967677,first_green,1
2013-04-03 10:45:00,2013-04-03 11:15:00,short,1567.7050000000002,1570.1903749096775,1569.9653749096776,,10.529466295016535,-26.16967134192769,-1.0995410093416824,stop_loss,2
2013-04-03 11:30:00,2013-04-03 11:45:00,short,1571.2250000000001,1570.985,1573.8249503194468,,9.129065686242352,2.1909757647003234,0.09230945614811494,first_green,1
2013-04-03 14:00:00,2013-04-03 15:00:00,short,1571.085,1570.905,1573.6536641291293,,9.242389620886108,1.663630131760088,0.07007533525260075,first_green,4
2013-04-04 07:15:00,2013-04-04 07:30:00,short,1546.535,1546.405,1549.635771346169,,7.657692590353143,0.9955000367467444,0.04192505202317864,first_green,1
2013-04-04 09:00:00,2013-04-04 09:15:00,short,1551.615,1555.4156752222957,1555.1906752222958,,6.641330947496135,-25.24154197521415,-1.0629251780466367,stop_loss,1
2013-04-05 14:45:00,2013-04-05 15:00:00,short,1557.2350000000001,1555.375,1559.461202336943,,10.63880774180423,19.788182399757222,0.8355035699739677,first_green,1
2013-04-08 14:30:00,2013-04-08 14:45:00,short,1578.565,1576.7549999999999,1580.5716544263273,,11.827452102218043,21.407688305016702,0.9019988575277412,first_green,1
2013-04-09 15:15:00,2013-04-09 15:30:00,short,1574.325,1576.5825978941712,1576.3575978941712,,11.70282051460615,-26.420262949637344,-1.110695775413884,stop_loss,1
2013-04-10 12:45:00,2013-04-10 13:00:00,long,1580.575,1581.915,1578.4496450774473,,11.160995946966954,14.955734568934805,0.6304829305358698,first_green,1
2013-04-10 14:15:00,2013-04-10 14:30:00,long,1580.055,1580.855,1577.5524446721058,,9.493683015948209,7.594946412758135,0.3196732520088213,first_green,1
2013-04-10 15:00:00,2013-04-10 15:15:00,long,1578.425,1579.375,1575.800705519175,,9.060513045569865,8.607487393291784,0.36200205691145737,first_green,1
2013-04-11 11:30:00,2013-04-11 11:45:00,short,1559.195,1559.335,1561.500471765517,,10.322821321595356,-1.4451949850243826,-0.06072509847835968,first_green,1
2013-04-11 14:15:00,2013-04-11 14:30:00,short,1560.785,1560.715,1563.5170483358863,,8.709714172108113,0.6096799920489937,0.02562180144497936,first_green,1
2013-04-15 09:00:00,2013-04-15 09:15:00,short,1451.2250000000001,1450.5249999999999,1462.0282867626918,,2.202744852808476,1.5419213969665342,0.06479509573120576,first_green,1
2013-04-15 09:45:00,2013-04-15 10:00:00,short,1453.575,1453.715,1463.8494008810617,,2.316508708288408,-0.3243112191600822,-0.013626098652421542,first_green,1
2013-04-16 07:30:00,2013-04-16 07:45:00,short,1353.425,1365.8976493114653,1365.6726493114654,,1.9432241836886615,-24.23715377670725,-1.0183708721794702,stop_loss,1
2013-04-16 08:00:00,2013-04-16 08:15:00,short,1365.4650000000001,1364.215,1378.082233334886,,1.8815008663823205,2.3518760829783285,0.09907084753232327,first_green,1
2013-04-16 09:30:00,2013-04-16 10:00:00,short,1374.9650000000001,1374.575,1386.8072483923218,,2.0051272659117085,0.781999633705767,0.03293293529064734,first_green,2
2013-04-18 08:00:00,2013-04-18 08:15:00,short,1367.685,1366.065,1374.5963683922812,,3.435957800592532,5.566251636959527,0.23439641877708892,first_green,1
2013-04-18 09:00:00,2013-04-18 10:30:00,short,1372.525,1379.5123125169707,1379.2873125169708,,3.5137515028607313,-24.55167985746316,-1.033272641486954,stop_loss,6
2013-04-18 10:45:00,2013-04-18 11:00:00,short,1384.525,1382.965,1391.553871161663,,3.3717656825095763,5.259954464715522,0.22194175481673042,first_green,1
2013-04-18 11:45:00,2013-04-18 12:00:00,short,1387.665,1387.075,1394.284598194717,,3.582219910985286,2.1135097474810256,0.08912927682994064,first_green,1
2013-04-18 12:30:00,2013-04-18 13:30:00,short,1393.9950000000001,1394.135,1400.7272311347647,,3.5230727756402445,-0.49323018858918566,-0.020795483279967445,first_green,4
2013-04-18 14:15:00,2013-04-18 14:30:00,short,1398.515,1398.305,1404.7820213398627,,3.7843986590374654,0.7947237183980054,0.033508741810769176,first_green,1
2013-04-19 09:00:00,2013-04-19 09:15:00,short,1412.645,1418.1102534061938,1417.885253406194,,4.526287590595474,-24.73730867191475,-1.0429368548730797,stop_loss,1
2013-04-22 13:15:00,2013-04-22 13:45:00,short,1433.555,1432.5149999999999,1438.530663328688,,4.754552132969528,4.944734218289217,0.20901735734488278,first_green,2
2013-04-22 14:30:00,2013-04-22 14:45:00,short,1436.405,1434.615,1441.480009909001,,4.663914544465676,8.348407034593391,0.35270867093781216,first_green,1
2013-04-24 15:30:00,2013-04-24 15:45:00,short,1426.195,1430.601764617111,1430.3767646171111,,5.665140368863979,-24.964940128477473,-1.0538050370121839,stop_loss,1
2013-04-24 16:00:00,2013-04-24 16:15:00,short,1429.795,1427.7849999999999,1434.4438939810807,,5.08247150640983,10.215767727884867,0.43236090308366226,first_green,1
2013-04-25 12:15:00,2013-04-25 13:00:00,short,1446.7050000000002,1445.855,1449.8644769148764,,7.486495787676541,6.363521419526081,0.2690318754974782,first_green,3
2013-04-25 15:15:00,2013-04-25 15:30:00,short,1448.415,1451.9444124126433,1451.7194124126434,,7.162943501684917,-25.280981705909383,-1.0680907743655155,stop_loss,1
2013-04-26 10:30:00,2013-04-26 10:45:00,long,1467.425,1462.3699136165937,1462.5949136165937,,4.8873074081790095,-24.705761130605985,-1.0465830178054152,stop_loss,1
2013-04-29 11:45:00,2013-04-29 12:15:00,long,1471.495,1471.815,1467.8376190493445,,6.437489799010634,2.059996735684457,0.08749430379759161,first_green,2
2013-04-29 15:45:00,2013-04-29 16:15:00,long,1468.975,1469.565,1464.4887208230246,,5.24922806267618,3.0970445569797103,0.13151210094729826,first_green,2
2013-04-30 08:15:00,2013-04-30 08:45:00,long,1467.125,1464.096891051097,1464.3218910510968,,8.403970588938044,-25.448138546681594,-1.0802680181546098,stop_loss,2
2013-04-30 09:00:00,2013-04-30 09:45:00,long,1464.185,1465.425,1461.1975235565815,,7.86403684272121,9.751405684974372,0.4150660343219702,first_green,3
2013-04-30 15:15:00,2013-04-30 15:30:00,long,1467.7949999999998,1470.7150000000001,1463.3158939779548,,5.250602065739774,15.331758031961717,0.6519158032046586,first_green,1
2013-05-01 12:45:00,2013-05-01 13:00:00,long,1469.2849999999999,1471.305,1466.645376566314,,8.924126231977256,18.026734988595926,0.7652606709812563,first_green,1
2013-05-01 16:00:00,2013-05-01 16:15:00,long,1459.925,1455.1243187885018,1455.3493187885017,,5.158007840506975,-24.761951328682024,-1.0491730060727362,stop_loss,1
2013-05-03 07:15:00,2013-05-03 07:30:00,long,1473.215,1474.015,1470.6005346883853,,9.003559764849056,7.202847811880883,0.3059899079349927,first_green,1
2013-05-03 12:45:00,2013-05-03 13:00:00,long,1476.245,1482.195,1473.7799257141914,,9.556507867287474,56.8612218103609,2.4137203630148187,first_green,1
2013-05-03 15:15:00,2013-05-03 15:30:00,long,1474.5049999999999,1470.0351909143415,1470.2601909143414,,5.583208663111331,-24.95587680950186,-1.0530059174534119,stop_loss,1
2013-05-06 09:45:00,2013-05-06 10:00:00,long,1475.2949999999998,1472.4321641468403,1472.6571641468402,,8.960855217721406,-25.65345759226507,-1.0852971953241126,stop_loss,1
2013-05-06 10:15:00,2013-05-06 10:30:00,long,1473.195,1474.615,1470.5192894939591,,8.810045582688524,12.510264727418345,0.530700162365931,first_green,1
2013-05-06 16:00:00,2013-05-06 16:15:00,long,1470.715,1471.555,1467.813693221621,,8.135784661594741,6.834059115740766,0.2895247087484746,first_green,1
2013-05-07 07:45:00,2013-05-07 08:00:00,long,1463.965,1464.775,1460.952075640753,,7.840054882695527,6.350444454984731,0.2688417973435757,first_green,1
2013-05-07 09:00:00,2013-05-07 09:15:00,long,1461.355,1461.9950000000001,1458.2691583694334,,7.659942172956878,4.9023629906931685,0.20739884823012897,first_green,1
2013-05-07 10:00:00,2013-05-07 10:15:00,long,1458.825,1459.365,1455.4948390563668,,7.101646062402611,3.8348888736971514,0.162154325013138,first_green,1
2013-05-07 13:45:00,2013-05-07 14:00:00,long,1459.845,1461.855,1456.4967015070024,,7.066040146714303,14.202740694895684,0.6003049023865551,first_green,1
2013-05-08 14:15:00,2013-05-08 14:30:00,short,1455.315,1458.208768584304,1457.983768584304,,8.878521189809822,-25.692385694147887,-1.0843085463922273,stop_loss,1
2013-05-08 14:45:00,2013-05-08 15:00:00,short,1459.445,1462.8275861772822,1462.6025861772823,,7.483718934488114,-25.314324222465256,-1.0712569625553523,stop_loss,1
2013-05-08 15:15:00,2013-05-08 15:30:00,short,1465.2250000000001,1468.9880462446977,1468.7630462446978,,6.661077900541713,-25.065944179271227,-1.063594420320851,stop_loss,1
2013-05-09 09:30:00,2013-05-09 10:00:00,long,1471.895,1469.4048829449116,1469.6298829449115,,10.376742666962866,-25.839303891267473,-1.0993326148396871,stop_loss,2
2013-05-09 14:45:00,2013-05-09 15:00:00,long,1469.575,1466.7793690322276,1467.0043690322275,,9.118359976727511,-25.491569526236468,-1.0875271491010128,stop_loss,1
2013-05-09 15:15:00,2013-05-09 15:30:00,long,1465.635,1462.4822110532982,1462.7072110532981,,7.984253658034724,-25.1726666807151,-1.0768498017090236,stop_loss,1
2013-05-09 15:45:00,2013-05-09 16:00:00,long,1464.145,1464.125,1460.944993204119,,7.285383884485991,-0.14570767768958728,-0.006249986726817658,first_green,1
2013-05-10 07:45:00,2013-05-10 09:45:00,long,1460.455,1461.535,1458.020105220137,,9.574505586264172,10.340466033166786,0.4435509940437766,first_green,8
2013-05-10 10:45:00,2013-05-10 11:00:00,long,1455.485,1456.935,1452.7598052248895,,8.564072208710192,12.417904702630167,0.5320720607727285,first_green,1
2013-05-10 11:45:00,2013-05-10 12:00:00,long,1453.095,1449.6062464084775,1449.8312464084775,,7.160408696080285,-24.980901555218907,-1.0689390279291717,stop_loss,1
2013-05-13 07:30:00,2013-05-13 07:45:00,short,1431.7150000000001,1431.335,1435.7623790841008,,5.758629686127532,2.1882792807290907,0.09388791909630348,first_green,1
2013-05-13 08:15:00,2013-05-13 08:30:00,short,1433.315,1437.3477156879624,1437.1227156879625,,6.122523306195301,-24.690395786808654,-1.0590905462588023,stop_loss,1
2013-05-13 08:45:00,2013-05-13 09:00:00,short,1438.415,1436.135,1442.542316077886,,5.633467758388244,12.844306489125042,0.5524171052021241,first_green,1
2013-05-16 15:45:00,2013-05-16 16:15:00,short,1379.065,1377.435,1384.0237894025336,,4.69534213487174,7.6534076798414485,0.32870926100780173,first_green,2
2013-05-17 08:45:00,2013-05-17 09:00:00,short,1382.755,1386.4579781046014,1386.2329781046014,,6.699969245936846,-24.809839419205844,-1.0646927591931175,stop_loss,1
2013-05-17 13:00:00,2013-05-17 13:45:00,short,1380.9550000000002,1379.355,1385.6542308701696,,4.94555862063542,7.912893793017346,0.3404812498481138,first_green,3
2013-05-20 11:45:00,2013-05-20 12:00:00,short,1354.335,1353.075,1358.8745223956603,,5.123909950756432,6.4561265379530575,0.2775622389713384,first_green,1
2013-05-20 14:30:00,2013-05-20 15:15:00,short,1356.835,1361.6615325847297,1361.4365325847298,,5.05836780736763,-24.41437704780733,-1.0488967525181883,stop_loss,3
2013-05-20 15:30:00,2013-05-20 15:45:00,short,1364.505,1354.495,1369.7887046322487,,4.393736963803519,43.98130700767419,1.894504083158834,first_green,1
2013-05-21 08:45:00,2013-05-21 09:00:00,short,1398.2050000000002,1396.5049999999999,1402.5995260505017,,5.307776389990361,9.023219862985062,0.3868449021496298,first_green,1
2013-05-22 10:15:00,2013-05-22 10:45:00,short,1387.685,1387.395,1391.291983731387,,6.472920701732277,1.877147003502125,0.08039958635700305,first_green,2
2013-05-22 14:45:00,2013-05-22 15:00:00,short,1395.175,1393.325,1400.24175278673,,4.60895044936395,8.526558331322887,0.3651253727722948,first_green,1
2013-05-23 07:45:00,2013-05-23 08:00:00,short,1372.4850000000001,1372.065,1376.856123692694,,5.347304394088125,2.2458678455174015,0.09608513268615343,first_green,1
2013-05-23 08:30:00,2013-05-23 08:45:00,short,1375.065,1373.2649999999999,1379.568323160659,,5.191575812924115,9.344836463264352,0.3997048259216624,first_green,1
2013-05-23 10:30:00,2013-05-23 10:45:00,short,1381.865,1378.205,1387.1077326762277,,4.463837303002703,16.337644528990257,0.6981092163244887,first_green,1
2013-05-23 11:45:00,2013-05-23 12:00:00,short,1386.105,1392.130519916468,1391.9055199164682,,4.041629050282295,-24.352916337451845,-1.0387896263162748,stop_loss,1
2013-05-23 13:30:00,2013-05-23 13:45:00,short,1389.7250000000001,1395.332186926851,1395.107186926851,,4.344454740812272,-24.360169826977433,-1.0418045681166181,stop_loss,1
2013-05-23 15:15:00,2013-05-23 15:30:00,short,1393.665,1391.185,1399.2977311888967,,4.1404012198735085,10.268195025286376,0.44028374812002435,first_green,1
2013-05-24 08:00:00,2013-05-24 08:15:00,short,1397.9850000000001,1395.365,1401.2125263435157,,7.23384880194644,18.952683861100528,0.8117671929352174,first_green,1
2013-05-24 15:00:00,2013-05-24 15:15:00,short,1391.905,1390.085,1395.7790513985883,,6.0388510311113635,10.990708876622296,0.46979242471153726,first_green,1
2013-05-29 14:00:00,2013-05-29 14:45:00,short,1389.395,1393.4758581182493,1393.2508581182494,,6.074470412767379,-24.789051898007255,-1.0583527695002581,stop_loss,3
2013-05-29 15:15:00,2013-05-29 15:30:00,short,1392.695,1387.065,1396.7473378062325,,5.764653526530171,32.454999354364176,1.3893214902619508,first_green,1
2013-05-30 08:30:00,2013-05-30 08:45:00,short,1398.655,1401.446549945678,1401.2215499456781,,9.13345207376515,-25.49648764037237,-1.0876663243506282,stop_loss,1
2013-05-30 09:30:00,2013-05-30 09:45:00,short,1409.825,1407.725,1413.7925453716814,,5.892237520844828,12.373698793774944,0.529294514182255,first_green,1
2013-05-30 13:30:00,2013-05-30 13:45:00,long,1403.235,1399.3063281218185,1399.5313281218184,,6.3203908773779895,-24.83074189906902,-1.0607505220225897,stop_loss,1
2013-05-31 10:15:00,2013-05-31 10:30:00,long,1414.845,1412.0195744216687,1412.2445744216686,,8.977983177619938,-25.366623311875546,-1.086524298897369,stop_loss,1
2013-05-31 10:45:00,2013-05-31 11:00:00,long,1413.165,1414.4950000000001,1410.4565718227652,,8.596558230465588,11.433422446520561,0.49105972651564417,first_green,1
2013-05-31 12:30:00,2013-05-31 13:45:00,long,1411.885,1411.815,1408.4953920825694,,6.877416109064185,-0.48141912763405514,-0.020651356058018242,first_green,5
2013-05-31 15:00:00,2013-05-31 15:30:00,long,1407.0049999999999,1407.2250000000001,1403.2486387301606,,6.205617317507519,1.3652358098532344,0.05856731666538171,first_green,2
2013-06-03 10:30:00,2013-06-03 10:45:00,long,1392.7549999999999,1397.095,1389.935663551711,,8.26930522981898,35.88878469741558,1.5393693089146132,first_green,1
2013-06-03 12:45:00,2013-06-03 13:00:00,long,1396.345,1396.795,1392.9408806341253,,6.8751042730205745,3.093796922859571,0.13219277928710646,first_green,1
2013-06-03 13:45:00,2013-06-03 14:00:00,long,1394.605,1394.895,1391.3710270926501,,7.239210333920051,2.0993709968365515,0.0896729837596592,first_green,1
2013-06-04 09:45:00,2013-06-04 10:15:00,long,1407.5149999999999,1404.8993995758021,1405.124399575802,,9.795304259537364,-25.62060197639183,-1.0941186146051187,stop_loss,2
2013-06-04 10:30:00,2013-06-04 11:30:00,long,1406.145,1406.605,1403.692558625378,,9.52218766764855,4.38020632711868,0.1875681941921868,first_green,4
2013-06-04 13:00:00,2013-06-04 13:15:00,long,1400.145,1400.635,1397.185423277332,,7.894222626474485,3.8681690869725696,0.1655642160742057,first_green,1
2013-06-04 15:00:00,2013-06-04 15:30:00,long,1397.605,1394.343424046074,1394.568424046074,,7.697231456163951,-25.10510502922725,-1.0740966152053593,stop_loss,2
2013-06-04 16:00:00,2013-06-04 16:15:00,long,1395.875,1398.505,1392.488077212097,,6.882490877051034,18.100951006644973,0.7765160780734945,first_green,1
2013-06-05 09:15:00,2013-06-05 10:00:00,long,1404.805,1402.4094712410247,1402.6344712410246,,10.76038152913433,-25.776803410588847,-1.1036613770121673,stop_loss,3
2013-06-05 10:15:00,2013-06-05 10:45:00,long,1399.935,1400.365,1397.1690433182762,,8.420694261738344,3.620898532548024,0.15546158146341052,first_green,2
2013-06-05 12:00:00,2013-06-05 12:15:00,long,1400.105,1397.350814692922,1397.575814692922,,9.212582304322513,-25.373158822811227,-1.0889614530695864,stop_loss,1
2013-06-05 12:30:00,2013-06-05 12:45:00,long,1397.425,1397.595,1394.7648351178766,,8.735133323290357,1.4849726649599964,0.0639058131856767,first_green,1
2013-06-06 10:15:00,2013-06-06 10:30:00,long,1392.425,1394.045,1389.6874767613724,,8.489647507283458,13.753228961800206,0.5917757983352513,first_green,1
2013-06-06 15:45:00,2013-06-06 16:00:00,long,1401.355,1396.9843863625422,1397.209386362542,,5.6143655552092175,-24.538222661270943,-1.0542742328824155,stop_loss,1
2013-06-07 11:00:00,2013-06-07 11:15:00,long,1410.305,1411.7250000000001,1407.4550482841003,,8.145276541068355,11.566292688317658,0.4982540553504573,first_green,1
2013-06-07 15:45:00,2013-06-07 16:00:00,long,1406.2649999999999,1402.19962417765,1402.42462417765,,6.052157825583646,-24.604296097172764,-1.0585880159672068,stop_loss,1
2013-06-10 13:15:00,2013-06-10 14:00:00,short,1379.515,1382.3983575249194,1382.1733575249195,,8.720064787702535,-25.143064423406337,-1.0846387281961736,stop_loss,3
2013-06-10 14:15:00,2013-06-10 15:15:00,short,1381.685,1384.4826506994277,1384.2576506994278,,8.986137212586538,-25.1400730579467,-1.0874584334554034,stop_loss,4
2013-06-10 15:45:00,2013-06-10 16:00:00,short,1385.285,1379.705,1388.2349273580544,,7.815562623778417,43.61083944068478,1.891572002532485,first_green,1
2013-06-11 14:15:00,2013-06-11 15:30:00,short,1373.585,1370.905,1377.5981750775375,,5.772080373649327,15.469175401380564,0.6678004194236579,first_green,5
2013-06-12 10:30:00,2013-06-12 11:00:00,short,1378.775,1378.7649999999999,1380.8108602438901,,11.39716840053825,0.11397168400787026,0.004911928522711657,first_green,2
2013-06-12 15:00:00,2013-06-12 15:15:00,short,1378.045,1377.225,1380.0064077055144,,11.82993566485497,9.700547245183012,0.41806708401052206,first_green,1
2013-06-13 09:15:00,2013-06-13 09:30:00,short,1390.345,1390.135,1393.1545113475343,,8.26747980828928,1.7361707597410496,0.07474609425740292,first_green,1
2013-06-14 15:45:00,2013-06-14 16:00:00,short,1388.665,1386.7549999999999,1392.0754643672099,,6.811951764446735,13.010827870093822,0.5600410367467507,first_green,1
2013-06-18 11:00:00,2013-06-18 11:15:00,short,1381.875,1380.225,1384.1204694136384,,10.36061577689344,17.09501603187512,0.7348129482318648,first_green,1
2013-06-19 10:00:00,2013-06-19 11:15:00,short,1368.645,1368.385,1370.467434747561,,12.789035878923286,3.325149328519938,0.1426662876945062,first_green,5
2013-06-19 14:30:00,2013-06-19 14:45:00,short,1370.145,1372.3773953951027,1372.1523953951028,,11.61480010552713,-25.92882627061695,-1.112085541567355,stop_loss,1
2013-06-19 15:00:00,2013-06-19 15:15:00,short,1372.395,1372.0449999999998,1374.6821674580221,,10.165706975082584,3.5579974412802913,0.15302771066129087,first_green,1
2013-06-21 08:30:00,2013-06-21 09:45:00,short,1295.295,1301.4120457691904,1301.1870457691905,,3.947621944219381,-24.147784112250058,-1.0381870760706642,stop_loss,5
2013-06-24 16:00:00,2013-06-24 16:15:00,short,1289.4750000000001,1286.635,1294.4826012850854,,4.632796900906934,13.157143198576366,0.5671378047726914,first_green,1
2013-06-25 09:00:00,2013-06-25 10:00:00,short,1281.4750000000001,1279.145,1285.6832426313538,,5.520616230496181,12.863035817056955,0.5536752996703227,first_green,4
2013-06-25 11:15:00,2013-06-25 11:30:00,short,1284.9650000000001,1289.6133360765828,1289.3883360765828,,5.259435358127384,-24.447623117637693,-1.0508665848817291,stop_loss,1
2013-06-25 11:45:00,2013-06-25 12:00:00,short,1286.415,1285.465,1290.8766010048084,,5.2006288951563215,4.940597450398742,0.21292804958941575,first_green,1
2013-06-25 14:15:00,2013-06-25 14:30:00,short,1285.7050000000002,1285.675,1289.2702648170914,,6.511573133810569,0.19534719401561998,0.008414522213437109,first_green,1
2013-06-27 14:45:00,2013-06-27 15:00:00,short,1234.875,1233.985,1239.9298347695535,,4.592824894240235,4.0876141558742685,0.17606905874763407,first_green,1
2013-06-28 08:45:00,2013-06-28 09:30:00,short,1206.335,1205.845,1213.1010962555326,,3.432731241781286,1.6820383084728614,0.0724198978989308,first_green,3
2013-06-28 13:00:00,2013-06-28 13:15:00,short,1204.265,1202.245,1209.828787376627,,4.175284482406186,8.434074654461368,0.36306204088354066,first_green,1
2013-07-02 10:15:00,2013-07-02 10:30:00,short,1266.2450000000001,1264.675,1270.232936611745,,5.830453827976134,9.153812509923485,0.39368730068988467,first_green,1
2013-07-03 11:15:00,2013-07-03 11:30:00,short,1246.265,1246.125,1250.7650762971389,,5.171993379255929,0.7240790730963476,0.031110583633685147,first_green,1
2013-07-03 14:15:00,2013-07-03 14:30:00,short,1248.395,1252.478635658052,1252.2536356580522,,6.0322292839590235,-24.633426601521258,-1.0583107657574196,stop_loss,1
2013-07-03 14:45:00,2013-07-03 15:15:00,short,1254.895,1248.655,1259.4500225827082,,5.096482185237512,31.802048835882125,1.369916369611041,first_green,2
2013-07-04 13:30:00,2013-07-04 14:00:00,short,1250.7150000000001,1250.435,1253.5467884686102,,8.22593100665125,2.303260681863996,0.09887744197843779,first_green,2
2013-07-08 08:15:00,2013-07-08 08:30:00,short,1221.615,1220.445,1225.1249319160659,,6.638264011125747,7.766768893017607,0.333339799169518,first_green,1
2013-07-08 09:15:00,2013-07-08 09:30:00,short,1222.555,1220.415,1225.897083779018,,6.977464714845243,14.931774489769518,0.6403190768093042,first_green,1
2013-07-08 10:45:00,2013-07-08 11:15:00,short,1227.2450000000001,1227.355,1231.3522385892463,,5.686692061068001,-0.6255361267169112,-0.02678198444276109,first_green,2
2013-07-08 13:15:00,2013-07-08 13:45:00,short,1231.265,1231.385,1235.3965383479822,,5.652867109286,-0.678344053113703,-0.029044871399656957,first_green,2
2013-07-09 08:15:00,2013-07-09 08:30:00,short,1255.055,1258.8312536215165,1258.6062536215165,,6.576083790928025,-24.832960230887178,-1.0633579079333195,stop_loss,1
2013-07-09 08:45:00,2013-07-09 09:00:00,short,1259.7250000000001,1258.215,1263.4354176634506,,6.277260699457819,9.478663656182677,0.40696227135680646,first_green,1
2013-07-10 08:45:00,2013-07-10 09:00:00,short,1248.765,1247.685,1251.7537942796569,,7.800789701447688,8.42485287756471,0.36134972799940746,first_green,1
2013-07-10 10:15:00,2013-07-10 11:15:00,short,1253.2250000000001,1253.075,1256.7845854735533,,6.555824531273906,0.9833736796916822,0.042139738212371484,first_green,4
2013-07-10 14:00:00,2013-07-10 14:45:00,short,1255.065,1258.4067091567651,1258.1817091567652,,7.488179046872708,-25.023316488431025,-1.0721915291683604,stop_loss,3
2013-07-11 10:15:00,2013-07-11 10:30:00,long,1285.0449999999998,1287.895,1278.616798310395,,3.6209065980777337,10.319583804522034,0.4433588330946372,first_green,1
2013-07-12 09:45:00,2013-07-12 10:15:00,long,1277.5449999999998,1277.445,1274.6235424392526,,7.976058657930729,-0.7976058657923475,-0.034229489191802555,first_green,2
2013-07-12 14:15:00,2013-07-12 14:30:00,long,1270.675,1271.335,1267.3810321534127,,7.073451819103428,4.668478200608842,0.20036625454127405,first_green,1
2013-07-15 09:45:00,2013-07-15 10:45:00,long,1286.575,1286.615,1283.7367450649642,,8.21328407263684,0.3285313629051748,0.014093166722339831,first_green,4
2013-07-15 11:45:00,2013-07-15 12:15:00,long,1283.355,1280.1967511233133,1280.4217511233132,,7.947574979301441,-25.100419750761976,-1.0767067539983364,stop_loss,2
2013-07-15 12:30:00,2013-07-15 12:45:00,long,1280.7849999999999,1282.935,1277.9262088986584,,8.132620925024332,17.485134988803054,0.7520661439694629,first_green,1
2013-07-15 15:00:00,2013-07-15 15:15:00,long,1278.665,1275.1249789905078,1275.3499789905077,,7.0265549152831674,-24.87415202445305,-1.0678728730091425,stop_loss,1
2013-07-15 15:30:00,2013-07-15 15:45:00,long,1274.335,1282.275,1270.8103645377337,,6.591033891918056,52.332809101829724,2.2527152339591425,first_green,1
2013-07-16 15:45:00,2013-07-16 16:00:00,long,1289.7949999999998,1291.7350000000001,1286.3612573209277,,6.803603529639387,13.19899084750233,0.564981182726401,first_green,1
2013-07-17 12:00:00,2013-07-17 12:30:00,long,1285.475,1286.185,1283.1274999543466,,9.96584487043809,7.075749858011407,0.30244940838859263,first_green,2
2013-07-17 15:30:00,2013-07-17 15:45:00,long,1284.465,1291.805,1281.9594595236588,,9.344295525874596,68.58712915992089,2.9295076528633084,first_green,1
2013-07-19 09:45:00,2013-07-19 10:15:00,long,1290.315,1290.265,1287.848981559544,,9.563585615973832,-0.47817928079825667,-0.020275598584213014,first_green,2
2013-07-19 11:15:00,2013-07-19 11:30:00,long,1287.5449999999998,1287.685,1284.974001318599,,9.172615765333857,1.2841662071476576,0.054453547958966154,first_green,1
2013-07-22 12:30:00,2013-07-22 12:45:00,long,1315.205,1315.295,1312.4204299620505,,8.47024608171003,0.7623221473551353,0.032320968326738,first_green,1
2013-07-23 08:45:00,2013-07-23 09:00:00,long,1331.2849999999999,1331.595,1328.8443865547238,,9.664741995178172,2.9960700185069036,0.12701724666812414,first_green,1
2013-07-23 11:45:00,2013-07-23 12:15:00,long,1330.935,1327.9051061532386,1328.1301061532386,,8.412221895971735,-25.48813936019541,-1.080216939496552,stop_loss,2
2013-07-23 12:30:00,2013-07-23 12:45:00,long,1327.665,1328.175,1324.6820966540324,,7.888847326217755,4.023312136370984,0.17097436317855813,first_green,1
2013-07-23 14:00:00,2013-07-23 14:15:00,long,1327.7949999999998,1328.555,1324.9439495459683,,8.25721176987713,6.275480945108422,0.26656841478393706,first_green,1
2013-07-24 11:15:00,2013-07-24 11:30:00,long,1341.335,1341.775,1338.6581834749766,,8.800534458632427,3.872235161798748,0.16437435882767382,first_green,1
2013-07-24 15:30:00,2013-07-24 16:00:00,long,1335.2649999999999,1336.805,1332.032876325866,,7.29152069409158,11.228941868902426,0.47646691626454707,first_green,2
2013-07-25 09:00:00,2013-07-25 09:30:00,long,1321.135,1318.414621732567,1318.6396217325669,,9.455548009862932,-25.722667312700796,-1.0901666905319953,stop_loss,2
2013-07-25 09:45:00,2013-07-25 10:00:00,long,1319.695,1322.845,1317.1076872982687,,9.094711407112065,28.648340932403833,1.2174794325758855,first_green,1
2013-07-25 12:00:00,2013-07-25 12:15:00,long,1318.655,1315.5538853392184,1315.7788853392183,,8.20637769292441,-25.448918175439005,-1.0782305389517248,stop_loss,1
2013-07-25 12:30:00,2013-07-25 13:00:00,long,1311.635,1312.255,1308.1439623588158,,6.742654568201208,4.180445832285546,0.17759762675884624,first_green,2
2013-07-26 11:30:00,2013-07-26 12:30:00,long,1330.955,1327.7935886405155,1328.0185886405154,,8.01975919947673,-25.353757833555402,-1.07662414166638,stop_loss,4
2013-07-26 12:45:00,2013-07-26 13:15:00,long,1328.955,1329.645,1326.1882253434262,,8.488558171258584,5.857105138168886,0.24938785613083797,first_green,2
2013-07-26 14:30:00,2013-07-26 14:45:00,long,1327.2749999999999,1327.155,1324.2543745773958,,7.780034626628888,-0.9336041551946175,-0.03972687215763356,first_green,1
2013-07-26 15:15:00,2013-07-26 16:00:00,long,1323.905,1324.445,1320.6896541350359,,7.308152017982001,3.946402089710015,0.1679446077276026,first_green,3
2013-07-29 10:00:00,2013-07-29 10:15:00,long,1324.5049999999999,1325.4850000000001,1322.052426268743,,9.585074681821542,9.393373188187464,0.399580239937573,first_green,1
2013-07-29 16:00:00,2013-07-29 16:15:00,long,1329.215,1329.255,1325.2289105433078,,5.903426419654486,0.23613705678730695,0.010034897719878502,first_green,1
2013-07-30 10:30:00,2013-07-30 10:45:00,long,1322.0449999999998,1322.665,1319.6912338723198,,9.997669639157508,6.198555176278837,0.26340764815543155,first_green,1
2013-07-30 15:30:00,2013-07-30 15:45:00,long,1322.5149999999999,1325.565,1319.6134218965767,,8.115470857925297,24.752186116673634,1.0511521286991785,first_green,1
2013-07-31 10:15:00,2013-07-31 10:30:00,long,1330.0349999999999,1331.105,1327.088984241752,,8.014062022417358,8.575046363987886,0.36320240209325244,first_green,1
2013-07-31 12:15:00,2013-07-31 12:30:00,long,1331.7749999999999,1333.395,1328.9614360487044,,8.3989527270727,13.606303417858767,0.5757821851727284,first_green,1
2013-07-31 14:00:00,2013-07-31 14:15:00,long,1332.205,1329.4556897384946,1329.6806897384945,,9.374840621199203,-25.774345519840093,-1.0891332588672062,stop_loss,1
2013-07-31 14:30:00,2013-07-31 15:15:00,long,1329.115,1326.0235794173755,1326.2485794173754,,8.233463944311213,-25.4530999037408,-1.0784951103699818,stop_loss,3
2013-07-31 15:30:00,2013-07-31 15:45:00,long,1324.955,1321.3918991237938,1321.6168991237937,,7.050996551446959,-25.123411990587098,-1.067403595141086,stop_loss,1
2013-08-01 08:00:00,2013-08-01 08:15:00,long,1317.2749999999999,1318.7250000000001,1313.381929134229,,6.029720507511968,8.743094735894,0.3724566158682484,first_green,1
2013-08-01 11:15:00,2013-08-01 11:30:00,long,1317.305,1319.065,1313.8365976092914,,6.774296729905885,11.922762244634296,0.5074382386296271,first_green,1
2013-08-06 10:15:00,2013-08-06 11:00:00,short,1292.385,1296.0830329851667,1295.8580329851668,,6.773846945728642,-25.049909441775352,-1.0647848727498055,stop_loss,3
2013-08-07 09:15:00,2013-08-07 09:30:00,short,1282.885,1282.7949999999998,1285.67937537419,,8.396570239667358,0.7556913215712842,0.03220755551720949,first_green,1
2013-08-07 13:15:00,2013-08-07 13:30:00,short,1279.885,1277.595,1283.5361107568579,,6.4268273126506035,14.717434545969649,0.6272063907397686,first_green,1
2013-08-07 16:00:00,2013-08-07 16:15:00,short,1279.945,1283.948065102296,1283.723065102296,,6.220605332017309,-24.90148811975477,-1.0595542940388107,stop_loss,1
2013-08-08 15:45:00,2013-08-08 16:15:00,short,1292.795,1292.125,1296.5159001267375,,6.29944298459427,4.2206267996786195,0.1800639568865675,first_green,2
2013-08-09 13:15:00,2013-08-09 13:30:00,short,1313.2450000000001,1311.205,1316.8465425110126,,6.511140627952526,13.282726881024397,0.5664239679977346,first_green,1
2013-08-12 10:45:00,2013-08-12 12:15:00,long,1329.625,1326.0378302006995,1326.2628302006995,,6.984583761605143,-25.054887930314337,-1.0669210698539726,stop_loss,6
2013-08-13 13:00:00,2013-08-13 13:15:00,long,1331.725,1328.029753346333,1328.254753346333,,6.749007117226135,-24.939245965503293,-1.0648368898395622,stop_loss,1
2013-08-14 08:15:00,2013-08-14 08:30:00,long,1319.855,1320.9950000000001,1317.1789190091388,,8.728574108550017,9.950574483747893,0.42599607556466984,first_green,1
2013-08-15 10:30:00,2013-08-15 10:45:00,long,1337.715,1339.015,1334.7793907690925,,7.9653815770962915,10.354996050226628,0.44283823143530215,first_green,1
2013-08-15 15:15:00,2013-08-15 15:30:00,long,1335.885,1332.5845487559511,1332.809548755951,,7.611609912804235,-25.12174740592947,-1.073159995768194,stop_loss,1
2013-08-16 08:45:00,2013-08-16 09:30:00,long,1365.195,1361.1797557810994,1361.4047557810993,,6.15958483377255,-24.73223739463264,-1.059362929406478,stop_loss,3
2013-08-16 12:30:00,2013-08-16 12:45:00,long,1361.075,1362.7150000000001,1357.3459070530653,,6.24401175966588,10.240179285852667,0.43978523017189547,first_green,1
2013-08-19 10:15:00,2013-08-19 10:45:00,long,1374.235,1374.2250000000001,1370.7390147567862,,6.667677075299849,-0.0666767707514218,-0.002860423973234807,first_green,2
2013-08-20 08:45:00,2013-08-20 09:00:00,long,1359.495,1356.3744635560488,1356.5994635560487,,8.050298941507128,-25.121251231673924,-1.0777058083554558,stop_loss,1
2013-08-20 14:15:00,2013-08-20 14:30:00,long,1363.585,1364.395,1359.7040686489834,,5.990090712546724,4.851973477162519,0.20871278740546476,first_green,1
2013-08-21 07:45:00,2013-08-21 08:00:00,long,1368.485,1369.015,1365.7708656842528,,8.56967934140253,4.541930050945056,0.1952740499706326,first_green,1
2013-08-21 10:30:00,2013-08-21 11:45:00,long,1364.475,1361.283549784652,1361.508549784652,,7.844600081328747,-25.03565061887489,-1.0758482306009352,stop_loss,5
2013-08-22 07:15:00,2013-08-22 07:30:00,long,1360.905,1360.815,1357.2613374928499,,6.369422642324136,-0.5732480378086509,-0.0247004215739815,first_green,1
2013-08-22 13:15:00,2013-08-22 13:30:00,long,1366.105,1367.105,1362.3879219413454,,6.243235409033812,6.243235409033812,0.26902851762062713,first_green,1
2013-08-23 15:00:00,2013-08-23 15:45:00,long,1372.705,1370.040456830708,1370.265456830708,,9.519077889159723,-25.363993967517587,-1.0922303826520168,stop_loss,3
2013-08-26 08:30:00,2013-08-26 08:45:00,long,1395.7549999999999,1396.425,1393.1388848623467,,8.852359410417032,5.931080804980056,0.25610493603928336,first_green,1
2013-08-26 10:45:00,2013-08-26 11:00:00,long,1395.095,1395.165,1392.2626048664943,,8.18163358827278,0.5727143511785737,0.02471406590552022,first_green,1
2013-08-28 14:00:00,2013-08-28 14:15:00,long,1423.105,1424.9850000000001,1419.56594334794,,6.5483695865505025,12.310934822715659,0.5312150058139907,first_green,1
2013-08-29 08:45:00,2013-08-29 09:00:00,long,1407.915,1411.155,1404.9441331373355,,7.811130338460643,25.308062296612555,1.0905907769606857,first_green,1
2013-08-29 10:45:00,2013-08-29 11:00:00,long,1406.585,1409.125,1402.6750979163169,,5.951325107432799,15.116365772879094,0.6496326367353067,first_green,1
2013-08-30 10:15:00,2013-08-30 12:15:00,long,1397.7549999999999,1394.0116688169167,1394.2366688169166,,6.624415991514034,-24.797382950749686,-1.0639507733330347,stop_loss,8
2013-08-30 12:30:00,2013-08-30 12:45:00,long,1392.975,1393.9850000000001,1389.5088597939882,,6.706276871018292,6.773339639729939,0.29139040545690287,first_green,1
2013-08-30 15:45:00,2013-08-30 16:00:00,long,1393.915,1395.305,1390.617296052805,,7.053947114982283,9.80498648982608,0.4215053935276419,first_green,1
2013-09-02 10:30:00,2013-09-02 10:45:00,long,1393.055,1394.025,1389.453631081079,,6.465969534046867,6.271990448025637,0.2693420257235519,first_green,1
2013-09-03 11:00:00,2013-09-03 11:15:00,long,1387.135,1387.315,1384.803782289397,,9.995643727629453,1.7992158709739379,0.07721286569734877,first_green,1
2013-09-04 08:45:00,2013-09-04 09:15:00,long,1409.445,1406.7783251822925,1407.0033251822924,,9.545300445981038,-25.45421232674901,-1.0921498630235953,stop_loss,2
2013-09-04 09:30:00,2013-09-04 09:45:00,long,1406.325,1407.605,1403.7436991346563,,9.0043297577757,11.525542089952651,0.4958740056942162,first_green,1
2013-09-04 12:00:00,2013-09-04 12:15:00,long,1404.415,1405.085,1401.5408829380854,,8.096990327634613,5.42498351951578,0.23311506997343734,first_green,1
2013-09-04 13:30:00,2013-09-04 13:45:00,long,1402.7549999999999,1402.605,1399.7018270293809,,7.62657757476805,-1.143986636214167,-0.04912921784757311,first_green,1
2013-09-04 15:30:00,2013-09-04 15:45:00,long,1400.735,1397.233095703387,1397.458095703387,,7.104998631508971,-24.881025235109277,-1.0686623653405065,stop_loss,1
2013-09-04 16:00:00,2013-09-04 17:00:00,long,1394.115,1390.185704968737,1390.4107049687368,,6.268452643204912,-24.630599824653167,-1.0607403022980009,stop_loss,4
2013-09-05 08:45:00,2013-09-05 09:00:00,long,1383.5149999999999,1384.925,1380.8763154587311,,8.776578298077226,12.374975400289607,0.5343571684859785,first_green,1
2013-09-06 10:30:00,2013-09-06 10:45:00,short,1371.315,1369.445,1373.8374479436238,,9.193275515354092,17.191425213713238,0.7413433465404472,first_green,1
2013-09-09 16:00:00,2013-09-09 17:00:00,short,1387.765,1390.694721662273,1390.469721662273,,8.589622291257188,-25.16520249743809,-1.083187857419246,stop_loss,4
2013-09-11 08:30:00,2013-09-11 08:45:00,short,1365.625,1364.805,1368.515322863723,,8.016275540171984,6.5733459429405166,0.2837053293567714,first_green,1
2013-09-11 10:00:00,2013-09-11 10:15:00,short,1367.575,1366.915,1370.3247560681727,,8.432041703221925,5.565147524127161,0.24002129048438559,first_green,1
2013-09-12 13:45:00,2013-09-12 14:00:00,short,1344.325,1342.2649999999999,1347.9336747786163,,6.428944732511036,13.243626148973846,0.5708466754075598,first_green,1
2013-09-13 10:30:00,2013-09-13 10:45:00,short,1317.915,1316.925,1322.1241703952358,,5.5196339404551615,5.46443760105066,0.2352007419610656,first_green,1
2013-09-13 15:15:00,2013-09-13 15:30:00,short,1316.4950000000001,1321.4106128053618,1321.1856128053619,,4.956013602771098,-24.36184392932819,-1.0479681460261898,stop_loss,1
2013-09-18 07:15:00,2013-09-18 07:30:00,short,1297.845,1297.0349999999999,1301.0804113052727,,7.166271633253023,5.8046800229361875,0.2503545681132196,first_green,1
2013-09-18 09:30:00,2013-09-18 10:00:00,short,1303.4950000000001,1303.075,1307.1205179710087,,6.399181618864044,2.687656279923364,0.11584551596726382,first_green,2
2013-09-18 10:45:00,2013-09-18 11:00:00,short,1305.805,1305.145,1309.4987296383385,,6.282827757279498,4.146666319804983,0.17868118801920865,first_green,1
2013-09-18 15:30:00,2013-09-18 15:45:00,short,1303.675,1301.345,1307.4733784654964,,6.112459297129116,14.242030162310396,0.6134196529295631,first_green,1
2013-09-19 08:15:00,2013-09-19 09:00:00,short,1363.2050000000002,1363.0449999999998,1367.0296512103241,,6.079780236711999,0.9727648378757998,0.041833880059028064,first_green,3
2013-09-19 10:15:00,2013-09-19 10:30:00,short,1371.865,1370.365,1376.3421413803947,,5.194267675971644,7.7914015139574655,0.33503520942369286,first_green,1
2013-09-19 14:00:00,2013-09-19 14:30:00,short,1366.395,1366.5149999999999,1370.7202764427902,,5.381147208641552,-0.645737665036399,-0.027743891422227412,first_green,2
2013-09-20 10:30:00,2013-09-20 10:45:00,long,1359.075,1356.0587954508514,1356.2837954508514,,8.33809722747105,-25.149406788741484,-1.080610358731514,stop_loss,1
2013-09-20 11:00:00,2013-09-20 11:30:00,long,1356.385,1356.2150000000001,1353.477405261193,,7.9827016763394,-1.3570592849764638,-0.05846757037041671,first_green,2
2013-09-20 15:00:00,2013-09-20 15:15:00,long,1353.615,1350.0984345001252,1350.3234345001251,,7.05046542390213,-24.793423467754295,-1.0683565312640633,stop_loss,1
2013-09-20 15:30:00,2013-09-20 15:45:00,long,1350.245,1352.7050000000002,1346.3991093393934,,6.018133959392752,14.804609540107757,0.6396437696989289,first_green,1
2013-09-23 07:30:00,2013-09-23 07:45:00,short,1323.415,1321.825,1326.963445720287,,6.533028412981642,10.387515176640276,0.4480835062263076,first_green,1
2013-09-23 09:15:00,2013-09-23 09:30:00,short,1325.415,1329.4635047338716,1329.2385047338717,,6.069840922362066,-24.573779708030358,-1.0588465336544972,stop_loss,1
2013-09-23 09:45:00,2013-09-23 10:00:00,short,1328.535,1327.385,1332.5158280613487,,5.814526700102702,6.686705705118636,0.2888846195508651,first_green,1
2013-09-23 14:00:00,2013-09-23 14:15:00,short,1325.395,1323.305,1329.9871476540638,,5.044120869021608,10.542212616254748,0.455124738454425,first_green,1
2013-09-25 09:30:00,2013-09-25 09:45:00,short,1329.305,1326.385,1331.5451939514558,,10.351649834588635,30.226817516999567,1.3034585679970414,first_green,1
2013-09-26 10:30:00,2013-09-26 12:00:00,short,1336.885,1335.7949999999998,1340.008768884781,,7.447820645174552,8.118124503241345,0.3489374663121364,first_green,6
2013-09-26 13:45:00,2013-09-26 14:15:00,short,1336.355,1336.345,1339.3639547385778,,7.738755722556783,0.07738755722549745,0.0033234132344301796,first_green,2
2013-09-27 14:15:00,2013-09-27 14:30:00,short,1333.675,1333.705,1336.8301878873262,,7.380149773175259,-0.22140449319505642,-0.009508150091624094,first_green,1
2013-09-27 15:00:00,2013-09-27 15:15:00,short,1337.2050000000002,1341.4561489753848,1341.231148975385,,5.783493308892791,-24.586491654243826,-1.055884668296062,stop_loss,1
2013-09-30 10:15:00,2013-09-30 10:30:00,short,1342.265,1341.145,1344.6113992799128,,9.897607636272332,11.085320552626182,0.4773271154608382,first_green,1
2013-09-30 15:15:00,2013-09-30 15:45:00,long,1332.925,1330.124065957615,1330.3490659576148,,9.026416185121006,-25.282396373640836,-1.0873469569863574,stop_loss,2
2013-09-30 16:00:00,2013-09-30 16:15:00,long,1327.855,1324.4127270076094,1324.6377270076093,,7.207422806799062,-24.80991687258446,-1.0699350041268074,stop_loss,1
2013-10-01 09:30:00,2013-10-01 09:45:00,short,1333.7450000000001,1336.5138974792587,1336.2888974792588,,9.090862402054384,-25.171665989335278,-1.0884469605534082,stop_loss,1
2013-10-02 08:30:00,2013-10-02 09:00:00,short,1291.585,1291.705,1294.5742843281384,,7.715322549549274,-0.9258387059450709,-0.040143387790288046,first_green,2
2013-10-02 11:30:00,2013-10-02 12:00:00,short,1292.535,1296.317142645914,1296.092142645914,,6.483006301033696,-24.519654604867657,-1.0632530158042341,stop_loss,2
2013-10-02 12:15:00,2013-10-02 12:45:00,short,1294.625,1293.085,1298.2448696767758,,6.353731240155904,9.78474610983986,0.42542968048828517,first_green,2
2013-10-02 15:30:00,2013-10-02 15:45:00,short,1298.525,1302.9794023878765,1302.7544023878766,,5.443828419328592,-24.24900231024653,-1.0531990052885176,stop_loss,1
2013-10-02 16:00:00,2013-10-02 16:15:00,short,1301.685,1298.935,1306.1610663446486,,5.130290000633366,14.108297501741756,0.6143787397806916,first_green,1
2013-10-03 09:45:00,2013-10-03 10:00:00,short,1315.065,1312.695,1317.5691647366616,,9.184215725574775,21.766591269613304,0.9464233583768554,first_green,1
2013-10-04 14:30:00,2013-10-04 14:45:00,short,1316.345,1313.2649999999999,1318.4614240050496,,10.892527006426086,33.54898317979403,1.4552849488815078,first_green,1
2013-10-07 11:30:00,2013-10-07 12:00:00,short,1312.515,1311.725,1314.615222526644,,11.016488870335738,8.703026207567337,0.37615061736463223,first_green,2
2013-10-07 13:45:00,2013-10-07 14:00:00,short,1312.9850000000001,1315.2805949616652,1315.0555949616653,,11.184628613649775,-25.675377093589447,-1.1086644197274413,stop_loss,1
2013-10-07 14:15:00,2013-10-07 14:30:00,short,1314.805,1317.1993140230684,1316.9743140230685,,10.646059983569746,-25.490010709087514,-1.1037194235630559,stop_loss,1
2013-10-07 14:45:00,2013-10-07 15:00:00,short,1316.865,1319.336704438258,1319.1117044382581,,10.250979965957846,-25.337392678352156,-1.1001466842582786,stop_loss,1
2013-10-07 15:30:00,2013-10-07 15:45:00,short,1320.065,1319.905,1322.8033927299027,,8.387247911344337,1.3419596658157804,0.058428434407130726,first_green,1
2013-10-08 09:45:00,2013-10-08 10:00:00,short,1325.925,1325.485,1328.1465846934725,,10.339886510279944,4.54955006452374,0.1980568201126252,first_green,1
2013-10-10 08:45:00,2013-10-10 09:15:00,short,1306.605,1306.075,1308.9417252609987,,9.835262990575057,5.212689385004512,0.22681314266849248,first_green,2
2013-10-10 13:45:00,2013-10-10 14:30:00,short,1302.095,1302.165,1305.230238333234,,7.334478836377924,-0.5134135185459877,-0.022326851282062785,first_green,3
2013-10-10 15:45:00,2013-10-10 16:00:00,short,1305.9650000000001,1299.7549999999999,1309.6898024105728,,6.173228304148708,38.3357477687651,1.6672025292867734,first_green,1
2013-10-11 15:00:00,2013-10-11 15:15:00,short,1289.795,1287.575,1293.7513169341876,,5.836209641903356,12.956385405025609,0.561127947262381,first_green,1
2013-10-14 13:00:00,2013-10-14 13:30:00,short,1277.075,1279.7794893757846,1279.5544893757847,,9.32542249507571,-25.22050606263435,-1.090744490457318,stop_loss,2
2013-10-14 13:45:00,2013-10-14 14:45:00,short,1281.135,1284.1076050140666,1283.8826050140667,,8.392485316496302,-24.947543932297478,-1.0818894997090165,stop_loss,4
2013-10-14 15:15:00,2013-10-14 15:30:00,short,1286.265,1285.235,1289.5259267563556,,7.052248515375345,7.263815970838016,0.31586112689981277,first_green,1
2013-10-16 10:00:00,2013-10-16 10:15:00,short,1286.695,1284.645,1289.5365272732008,,8.099526488182287,16.60402930077332,0.7214430138798917,first_green,1
2013-10-16 13:30:00,2013-10-16 14:15:00,short,1282.535,1281.425,1285.9647327317332,,6.722545834579927,7.462025876384575,0.323640378659833,first_green,3
2013-10-17 10:30:00,2013-10-17 10:45:00,short,1281.555,1284.946672923578,1284.7216729235781,,7.286887882330735,-24.714740327649576,-1.0710524911886634,stop_loss,1
2013-10-17 14:15:00,2013-10-17 15:15:00,short,1312.915,1319.5982016638525,1319.3732016638526,,3.563438384421426,-23.815177339801192,-1.0348394199672122,stop_loss,4
2013-10-18 14:15:00,2013-10-18 15:00:00,long,1317.655,1317.9750000000001,1314.532714719658,,7.35162347415089,2.3525195117294886,0.10248903327793427,first_green,3
2013-10-21 11:45:00,2013-10-21 12:45:00,long,1318.445,1315.3561773549327,1315.5811773549326,,8.017167927030174,-24.763609842317578,-1.0785663177806946,stop_loss,4
2013-10-21 13:00:00,2013-10-21 13:15:00,long,1315.445,1315.755,1312.6072744311243,,8.069081198434386,2.501415171516054,0.10924241702590136,first_green,1
2013-10-22 11:15:00,2013-10-22 11:30:00,long,1315.165,1313.4510209351163,1313.6760209351162,,15.382413434971483,-26.365134594926698,-1.15111025084659,stop_loss,1
2013-10-22 11:45:00,2013-10-22 12:30:00,long,1312.115,1312.305,1310.2794262144623,,12.441983490673062,2.3639768632285607,0.10350986786641123,first_green,3
2013-10-22 15:15:00,2013-10-22 15:30:00,long,1312.675,1329.835,1310.4887284006593,,10.448879583222652,179.30277364810158,7.84897905876614,first_green,1
2013-10-23 07:30:00,2013-10-23 07:45:00,long,1338.7949999999998,1336.9152746029195,1337.1402746029194,,14.07626041937013,-26.459504206207523,-1.13597422291148,stop_loss,1
2013-10-23 08:00:00,2013-10-23 08:15:00,long,1336.155,1336.125,1334.258246979048,,12.245240468723388,-0.3673572140613675,-0.015816503081099668,first_green,1
2013-10-23 10:15:00,2013-10-23 10:45:00,long,1334.675,1335.445,1332.6132681624038,,11.26493661046556,8.674001190058275,0.3734724302932312,first_green,2
2013-10-23 11:30:00,2013-10-23 12:00:00,long,1332.145,1332.075,1329.5790974107206,,9.059955572126208,-0.6341968900482577,-0.027280848576404775,first_green,2
2013-10-23 14:00:00,2013-10-23 14:15:00,long,1330.2849999999999,1331.185,1327.5474216955354,,8.491219385813006,7.642097447232477,0.3287577193800665,first_green,1
2013-10-25 09:15:00,2013-10-25 09:30:00,long,1342.805,1341.0497524887867,1341.2747524887866,,15.203085149420959,-26.685177371286287,-1.1470350373721476,stop_loss,1
2013-10-25 09:45:00,2013-10-25 10:00:00,long,1341.5449999999998,1342.255,1339.8308835234943,,13.533368698801482,9.608691776152622,0.41420755808129345,first_green,1
2013-10-25 13:15:00,2013-10-25 13:30:00,long,1341.905,1341.755,1339.8361293780613,,11.224380950858869,-1.683657142627299,-0.07250332544202422,first_green,1
2013-10-25 14:00:00,2013-10-25 14:15:00,long,1340.375,1337.9705744327991,1338.195574432799,,10.653074463856104,-25.614524610190212,-1.1032382125758384,stop_loss,1
2013-10-28 15:45:00,2013-10-28 16:00:00,long,1349.185,1354.9750000000001,1346.5677583439444,,8.84654517504248,51.22149656349765,2.212252730504983,first_green,1
2013-10-29 07:45:00,2013-10-29 08:00:00,long,1352.2849999999999,1352.885,1350.1307694335528,,10.807385545598784,6.484431327360745,0.2785217187729876,first_green,1
2013-10-29 09:45:00,2013-10-29 10:15:00,long,1345.625,1346.555,1342.6590765249055,,7.855162670130115,7.305301283221507,0.31356169766666653,first_green,2
2013-10-29 14:00:00,2013-10-29 14:15:00,long,1343.5149999999999,1346.855,1340.1498016002167,,6.928588406180099,23.141485276642538,0.9925120611656604,first_green,1
2013-10-31 08:00:00,2013-10-31 08:30:00,long,1337.105,1334.6529411059505,1334.8779411059504,,10.49542443303893,-25.735398827857694,-1.1010301077358475,stop_loss,2
2013-10-31 10:15:00,2013-10-31 10:30:00,long,1333.725,1333.605,1330.5942048544377,,7.445261906195339,-0.893431428742628,-0.03832892106338815,first_green,1
2013-10-31 14:00:00,2013-10-31 14:15:00,long,1329.445,1326.247541941067,1326.472541941067,,7.841105170429314,-25.071604918129268,-1.0756949284191681,stop_loss,1
2013-10-31 14:30:00,2013-10-31 14:45:00,long,1326.345,1326.365,1322.814130551226,,6.58327292462185,0.13166545849231726,0.005664327240115469,first_green,1
2013-10-31 16:00:00,2013-10-31 18:15:00,long,1325.5249999999999,1320.9803235281474,1321.2053235281473,,5.381191521541321,-24.4557744984806,-1.052087234186642,stop_loss,9
2013-11-04 11:00:00,2013-11-04 11:45:00,short,1314.4950000000001,1314.225,1316.4662371911224,,11.761074250373854,3.1754900476034007,0.136969818353764,first_green,3
2013-11-04 13:45:00,2013-11-04 14:00:00,short,1315.915,1318.1789812505585,1317.9539812505586,,11.374212336995614,-25.75100347083007,-1.1103492246131546,stop_loss,1
2013-11-04 14:45:00,2013-11-04 15:00:00,short,1318.2450000000001,1320.7727066455957,1320.5477066455958,,10.043584244899519,-25.387234641431498,-1.097711100295933,stop_loss,1
2013-11-05 13:30:00,2013-11-05 13:45:00,short,1312.915,1312.0149999999999,1315.200617902,,10.090908055779792,9.08181725020273,0.3937666043009869,first_green,1
2013-11-05 14:45:00,2013-11-05 15:00:00,short,1313.565,1316.0674273046336,1315.8424273046337,,10.137168635802283,-25.367527585906533,-1.09879568912787,stop_loss,1
2013-11-06 10:45:00,2013-11-06 11:00:00,short,1316.9950000000001,1319.4623044550824,1319.2373044550825,,10.267671623138868,-25.333471939092487,-1.1003431980389313,stop_loss,1
2013-11-06 13:15:00,2013-11-06 13:30:00,short,1320.035,1318.7649999999999,1322.6318867504424,,8.841322071564674,11.228479030888986,0.48904712528719224,first_green,1
2013-11-07 12:15:00,2013-11-07 12:30:00,short,1316.7450000000001,1315.915,1318.3680542206293,,14.163410593088289,11.75563079226547,0.511381560425245,first_green,1
2013-11-08 07:45:00,2013-11-08 08:15:00,short,1310.115,1310.125,1311.6802130024887,,14.705584723612498,-0.14705584723599124,-0.0063889068031577146,first_green,2
2013-11-11 13:45:00,2013-11-11 14:00:00,short,1285.805,1285.705,1288.1468050831131,,9.828744904926838,0.9828744904940246,0.042702102203656625,first_green,1
2013-11-12 08:15:00,2013-11-12 08:30:00,short,1280.255,1282.356525733088,1282.131525733088,,12.267064372907017,-25.779551449108443,-1.1199024324753946,stop_loss,1
2013-11-12 08:45:00,2013-11-12 09:00:00,short,1281.555,1280.7549999999999,1283.4473104535298,,12.13068027170956,9.704544217369854,0.42276361075316476,first_green,1
2013-11-13 15:00:00,2013-11-13 15:15:00,short,1278.045,1277.0049999999999,1280.9000006193774,,8.048780897335945,8.37073213323092,0.3642731258766002,first_green,1
2013-11-14 15:45:00,2013-11-14 16:00:00,short,1285.365,1283.0249999999999,1288.7033039527687,,6.889786431335461,16.12210024932598,0.7009547462145932,first_green,1
2013-11-15 13:15:00,2013-11-15 13:30:00,short,1283.595,1282.415,1285.7430973917342,,10.726006472863865,12.656687637980044,0.549323324231334,first_green,1
2013-11-15 15:15:00,2013-11-15 15:30:00,short,1284.345,1286.667321937091,1286.442321937091,,11.000766186224414,-25.547320639076965,-1.1072796674753635,stop_loss,1
2013-11-19 10:00:00,2013-11-19 10:15:00,short,1274.935,1274.815,1277.0080338739494,,11.098844179398245,1.3318613015265781,0.05788617422409482,first_green,1
2013-11-19 14:00:00,2013-11-19 14:30:00,short,1276.195,1276.315,1278.6913599809832,,9.218065412893697,-1.1061678495483336,-0.04806999027153678,first_green,2
2013-11-21 11:30:00,2013-11-21 11:45:00,short,1248.645,1248.315,1251.396788493491,,8.361414488662412,2.7592667812579874,0.1199220073710264,first_green,1
2013-11-22 14:15:00,2013-11-22 14:45:00,short,1246.425,1245.745,1248.7760622611427,,9.78950780102959,6.6568653047007444,0.2892309622075066,first_green,2
2013-11-25 16:00:00,2013-11-25 16:30:00,short,1234.7150000000001,1238.0031571583565,1237.7781571583566,,7.519165135419452,-24.724196664893327,-1.0734536259055774,stop_loss,2
2013-11-27 10:45:00,2013-11-27 11:45:00,short,1247.925,1249.8585541242496,1249.6335541242497,,13.444452061387866,-25.99557573157345,-1.1316902969630585,stop_loss,4
2013-11-27 12:00:00,2013-11-27 12:15:00,short,1251.605,1251.475,1253.757382538628,,10.641967525454076,1.3834557783101913,0.06039818557670333,first_green,1
2013-11-28 11:15:00,2013-11-28 11:30:00,short,1242.625,1242.5449999999998,1244.7806699665662,,10.627342809053365,0.8501874247259124,0.037111432288305775,first_green,1
2013-11-29 09:45:00,2013-11-29 10:00:00,short,1243.9850000000001,1245.6894294612493,1245.4644294612494,,15.486489749294048,-26.395629380030815,-1.1520856559189425,stop_loss,1
2013-11-29 10:15:00,2013-11-29 10:30:00,short,1248.255,1247.645,1250.3360386681181,,10.97777781017922,6.696444464210722,0.29312285703550955,first_green,1
2013-11-29 14:15:00,2013-11-29 14:30:00,short,1247.625,1249.879121418649,1249.654121418649,,11.266906462094399,-25.396975178121725,-1.110885429492783,stop_loss,1
2013-12-02 09:00:00,2013-12-02 09:15:00,short,1247.035,1246.595,1248.2935340772144,,18.115066726416106,7.970629359624075,0.3496130998486425,first_green,1
2013-12-03 08:00:00,2013-12-03 08:45:00,short,1221.605,1223.4591690671318,1223.234169067132,,14.006130990306787,-25.96973483242302,-1.1381072133882426,stop_loss,3
2013-12-03 09:15:00,2013-12-03 09:30:00,short,1223.815,1223.595,1225.4505349248873,,13.911919994061353,3.0606223986938774,0.13451256628787492,first_green,1
2013-12-03 13:45:00,2013-12-03 14:00:00,short,1222.7350000000001,1222.585,1225.1672679984194,,9.357966553567655,1.4036949830359993,0.06167083565527022,first_green,1
2013-12-04 14:15:00,2013-12-04 14:45:00,short,1213.805,1216.2140709151333,1215.9890709151334,,10.423009462853686,-25.109768945119665,-1.1030186329761047,stop_loss,2
2013-12-04 15:00:00,2013-12-04 15:15:00,short,1220.815,1223.8082575803746,1223.5832575803747,,8.200760490843916,-24.54698850405487,-1.0812785636694462,stop_loss,1
2013-12-06 09:30:00,2013-12-06 09:45:00,short,1231.525,1229.145,1233.5263390745636,,11.31265071976564,26.92410871304346,1.1892037837312632,first_green,1
2013-12-06 11:30:00,2013-12-06 11:45:00,short,1231.275,1231.2749999999999,1233.5165772007454,,10.130260151909308,2.3033544839357337e-12,1.0143468418916644e-13,first_green,1
2013-12-06 15:15:00,2013-12-06 15:30:00,short,1231.7250000000001,1234.8298325755068,1234.6048325755069,,7.885097344640819,-24.481907096681677,-1.078129541944055,stop_loss,1
2013-12-09 15:15:00,2013-12-09 15:30:00,short,1232.515,1232.645,1234.5036049307666,,11.388162161333375,-1.4804610809719922,-0.06537246186439408,first_green,1
2013-12-10 09:00:00,2013-12-10 09:15:00,short,1246.125,1245.345,1247.6943240342466,,14.42841234797258,11.254161631418219,0.4970292832954825,first_green,1
2013-12-10 12:45:00,2013-12-10 13:00:00,short,1247.875,1245.945,1250.336722724556,,9.209400169899915,17.774142327907423,0.784003811943586,first_green,1
2013-12-10 14:15:00,2013-12-10 15:00:00,short,1247.885,1250.5676996268285,1250.3426996268286,,9.242555430951706,-24.795000005555682,-1.0915490231368308,stop_loss,3
2013-12-11 09:45:00,2013-12-11 10:00:00,long,1256.825,1256.7150000000001,1255.1474823686226,,13.504142734391019,-1.4854557007816611,-0.06557308128533762,first_green,1
2013-12-11 11:00:00,2013-12-11 11:15:00,long,1255.225,1255.625,1253.1594010049623,,10.965208614421487,4.386083445769592,0.19364842883882782,first_green,1
2013-12-11 15:00:00,2013-12-11 15:15:00,long,1255.145,1257.285,1252.8411168423213,,9.83586733876432,21.048756104956627,0.9288665498802001,first_green,1
2013-12-12 11:00:00,2013-12-12 11:15:00,long,1252.835,1250.48609832109,1250.7110983210898,,10.69414428113154,-25.11949345645698,-1.1059371072748327,stop_loss,1
2013-12-12 11:30:00,2013-12-12 11:45:00,long,1245.2849999999999,1241.8986511033886,1242.1236511033885,,7.164825206050919,-24.26259793092302,-1.0711721506731153,stop_loss,1
2013-12-13 13:15:00,2013-12-13 14:00:00,short,1227.9650000000001,1231.2002920188993,1230.9752920188994,,7.504207439979617,-24.27830243872964,-1.0747435792233155,stop_loss,3
2013-12-13 14:30:00,2013-12-13 14:45:00,short,1232.4950000000001,1229.625,1235.8953632871965,,6.625515601073838,19.015229775082698,0.8440274634203814,first_green,1
2013-12-13 16:00:00,2013-12-13 16:15:00,short,1233.915,1233.0049999999999,1237.8650675928648,,5.7155219631829075,5.201124986496914,0.23037580461758675,first_green,1
2013-12-16 12:15:00,2013-12-16 12:30:00,short,1231.435,1228.665,1233.8220737905117,,9.46334419377089,26.213463416745192,1.1604165782433309,first_green,1
2013-12-16 14:45:00,2013-12-16 15:00:00,short,1232.835,1235.439345969755,1235.2143459697552,,9.52162268205799,-24.79759965754608,-1.0945638015067911,stop_loss,1
2013-12-16 15:15:00,2013-12-16 15:30:00,short,1235.2450000000001,1234.7949999999998,1237.9685176984115,,8.295609963584564,3.733024483615317,0.16522749246783405,first_green,1
2013-12-17 08:00:00,2013-12-17 08:15:00,short,1246.325,1245.645,1248.0965677471563,,12.758514684200398,8.675789985257083,0.3838408105428674,first_green,1
2013-12-17 13:45:00,2013-12-17 14:00:00,short,1239.425,1238.635,1241.8311379948993,,9.402728621164679,7.428155610719754,0.3283269711357512,first_green,1
2013-12-18 16:00:00,2013-12-18 16:30:00,short,1232.795,1231.075,1235.2142196929917,,9.359560458991849,16.098443989466237,0.7109730484514399,first_green,2
2013-12-19 08:15:00,2013-12-19 08:30:00,short,1221.915,1221.675,1224.5476314036532,,8.616124178506654,2.0678698028416753,0.0911635406563053,first_green,1
2013-12-19 09:00:00,2013-12-19 09:15:00,short,1223.445,1222.155,1225.9739964263215,,8.971245877804584,11.572907182367587,0.5100837575623934,first_green,1
2013-12-19 13:45:00,2013-12-19 14:00:00,short,1208.315,1206.2849999999999,1212.3561769991925,,5.62142688556215,11.41149657769229,0.5023289008142593,first_green,1
2013-12-20 11:00:00,2013-12-20 11:15:00,short,1197.275,1195.735,1199.8801993924064,,8.730890173059025,13.445570866512567,0.5911255792892447,first_green,1
2013-12-20 14:30:00,2013-12-20 14:45:00,short,1197.265,1194.605,1199.5811426547355,,9.835026203853996,26.161169702252433,1.1484612118177204,first_green,1
2013-12-23 14:30:00,2013-12-23 14:45:00,short,1197.625,1200.5937370902518,1200.368737090252,,8.326135440092223,-24.718107099461832,-1.0820049416539586,stop_loss,1
2013-12-23 15:00:00,2013-12-23 15:15:00,short,1199.865,1202.9523039196558,1202.727303919656,,7.9596478910709045,-24.573852133183415,-1.0786080047107496,stop_loss,1
2013-12-23 15:30:00,2013-12-23 15:45:00,short,1202.555,1201.475,1205.572343685826,,7.530297868981883,8.132721698501598,0.35793072067776815,first_green,1
2013-12-24 10:30:00,2013-12-24 11:00:00,short,1199.785,1201.4219991675986,1201.1969991675987,,16.10612035294815,-26.36570561101835,-1.1593485358653295,stop_loss,2
2013-12-26 09:15:00,2013-12-26 09:30:00,short,1205.905,1205.465,1207.9148083286916,,11.282625285138877,4.964355125461721,0.21892634920390167,first_green,1
2013-12-26 13:30:00,2013-12-26 13:45:00,short,1206.595,1205.425,1208.1483550359635,,14.606013841079173,17.089036194063695,0.7532083605563963,first_green,1
2013-12-26 15:30:00,2013-12-26 15:45:00,short,1208.675,1210.792908154294,1210.5679081542942,,12.008531789728142,-25.432967398565488,-1.1188647211907656,stop_loss,1
2013-12-27 15:30:00,2013-12-27 15:45:00,short,1212.615,1214.9736798503288,1214.748679850329,,10.623648774621474,-25.0577863016702,-1.1054516215097707,stop_loss,1
2013-12-30 13:30:00,2013-12-30 13:45:00,short,1204.855,1203.905,1207.1202773602026,,9.978831404382762,9.479889834164076,0.41937469410592304,first_green,1
2013-12-30 16:00:00,2013-12-30 16:30:00,short,1206.415,1205.935,1209.1162019859416,,8.377204186870136,4.021058009697818,0.17769866988776217,first_green,2
2013-12-31 08:00:00,2013-12-31 08:15:00,short,1199.355,1201.3631756183163,1201.1381756183164,,12.695649827587747,-25.495094442442902,-1.1261793833926181,stop_loss,1
2013-12-31 11:30:00,2013-12-31 12:00:00,short,1200.365,1202.504263285207,1202.279263285207,,11.792962686786264,-25.22825209965654,-1.1175386905963576,stop_loss,2
2013-12-31 13:15:00,2013-12-31 13:30:00,short,1204.695,1204.065,1207.228568355856,,8.88539865634516,5.5978011534964,0.24866114172278828,first_green,1
2014-01-02 15:30:00,2014-01-02 16:45:00,short,1221.2250000000001,1226.0997054551435,1225.8747054551436,,4.844556195026815,-23.615784511645895,-1.0483901619512297,stop_loss,5
2014-01-03 11:00:00,2014-01-03 11:15:00,long,1231.235,1228.4244181971972,1228.649418197197,,8.689231909867134,-24.4217970862055,-1.0870210332374723,stop_loss,1
2014-01-03 11:30:00,2014-01-03 11:45:00,long,1229.875,1231.175,1227.2073809965627,,8.399124981828606,10.918862476376807,0.48732596308726445,first_green,1
2014-01-03 15:30:00,2014-01-03 15:45:00,long,1228.315,1229.4650000000001,1225.4760701405878,,7.901908000857054,9.08719420098633,0.4050822165216084,first_green,1
2014-01-06 07:15:00,2014-01-06 07:30:00,long,1238.645,1240.255,1236.1204496238809,,8.894922742632765,14.320825615639885,0.6377373235368381,first_green,1
2014-01-06 12:15:00,2014-01-06 12:30:00,long,1237.405,1238.445,1234.6937265192419,,8.29554184744737,8.627363521344963,0.3835835843860227,first_green,1
2014-01-07 14:45:00,2014-01-07 15:00:00,long,1236.375,1238.295,1234.0368085080916,,9.628403450365502,18.486534624702465,0.8211474580437194,first_green,1
2014-01-08 10:30:00,2014-01-08 10:45:00,long,1225.465,1223.2506022967602,1223.4756022967601,,11.339747365813322,-25.110710522175268,-1.1130995575361788,stop_loss,1
2014-01-08 11:00:00,2014-01-08 11:15:00,long,1224.695,1224.645,1222.4992693273084,,10.245560108237997,-0.512278005411434,-0.022771463104199644,first_green,1
2014-01-08 13:15:00,2014-01-08 13:30:00,long,1225.5449999999998,1225.795,1223.2100930751023,,9.634306898351804,2.4085767245901417,0.10707064908431096,first_green,1
2014-01-08 15:45:00,2014-01-08 16:00:00,long,1221.705,1222.9950000000001,1218.3564886283186,,6.719771515681872,8.6685052552309,0.38524581726371093,first_green,1
2014-01-10 09:00:00,2014-01-10 09:30:00,long,1234.075,1234.255,1232.171245175068,,11.830778997133878,2.129540219484851,0.0945499901787428,first_green,2
2014-01-10 11:15:00,2014-01-10 12:30:00,long,1233.465,1233.305,1231.1802779136103,,9.86037933596011,-1.5776606937521827,-0.0700303993002023,first_green,5
2014-01-13 09:00:00,2014-01-13 09:15:00,long,1249.405,1249.9750000000001,1247.3160698594622,,10.782688161852521,6.146132252257702,0.272866951813636,first_green,1
2014-01-13 11:15:00,2014-01-13 14:15:00,long,1246.675,1245.9350000000002,1244.5951878048934,,10.837347564830937,-8.019637197972528,-0.3558013563632673,time_stop,12
2014-01-14 11:15:00,2014-01-14 12:00:00,long,1249.385,1249.2150000000001,1247.9083619200496,,15.25058769695682,-2.5925999084803015,-0.11512638222465453,first_green,3
2014-01-14 14:30:00,2014-01-14 14:45:00,long,1247.645,1248.4650000000001,1246.1071733995377,,14.639567964561376,12.004445730942725,0.5332200650929523,first_green,1
2014-01-15 07:15:00,2014-01-15 07:30:00,long,1239.2949999999998,1240.145,1237.7853797633704,,14.932979568317093,12.693032633071565,0.563055515139332,first_green,1
2014-01-15 10:15:00,2014-01-15 11:00:00,long,1239.945,1238.029626719184,1238.254626719184,,13.35495596581533,-25.579725823395005,-1.1331066945706223,stop_loss,3
2014-01-15 11:15:00,2014-01-15 11:45:00,long,1236.7549999999999,1236.805,1234.9161218952158,,12.241655038452343,0.612082751924844,0.027190491784148934,first_green,2
2014-01-15 14:45:00,2014-01-15 15:15:00,long,1238.2749999999999,1238.765,1236.5080756310424,,12.741032960393271,6.2431061505957155,0.2773180383998842,first_green,2
2014-01-16 09:30:00,2014-01-16 09:45:00,long,1240.5149999999999,1238.8225156472959,1239.0475156472958,,15.351475024093844,-25.982131269205304,-1.1533236109709148,stop_loss,1
2014-01-16 10:00:00,2014-01-16 10:15:00,long,1239.245,1237.5291333897603,1237.7541333897602,,15.067138740870671,-25.853200277307103,-1.1509189342993866,stop_loss,1
2014-01-16 10:30:00,2014-01-16 11:45:00,long,1237.965,1238.4650000000001,1236.4042272595382,,14.350879201857973,7.17543960093225,0.32035413422988535,first_green,5
2014-01-17 09:45:00,2014-01-17 10:00:00,long,1241.125,1240.9550000000002,1239.6739560808603,,15.448463939128779,-2.626238869649504,-0.11715703277998397,first_green,1
2014-01-17 14:00:00,2014-01-17 14:15:00,long,1240.845,1239.0278005252553,1239.2528005252552,,14.074765390397681,-25.576656274585712,-1.141313951906668,stop_loss,1
2014-01-20 10:00:00,2014-01-20 10:30:00,long,1253.925,1254.2150000000001,1252.326843493634,,13.982292930667448,4.05486494989623,0.18145907415514592,first_green,2
2014-01-21 10:30:00,2014-01-21 10:45:00,long,1251.395,1249.4886049995189,1249.7136049995188,,13.296119934362748,-25.347656568666203,-1.133817455110499,stop_loss,1
2014-01-21 11:15:00,2014-01-21 11:30:00,long,1249.2949999999998,1247.307301451874,1247.532301451874,,12.646893290810414,-25.13821143244532,-1.1276451950556918,stop_loss,1
2014-01-21 14:00:00,2014-01-21 14:15:00,long,1246.895,1244.9209792905385,1245.1459792905384,,12.709863750142029,-25.08953425721381,-1.1286434167318564,stop_loss,1
2014-01-22 08:15:00,2014-01-22 09:30:00,long,1240.5449999999998,1241.405,1239.119063578348,,15.545637758597303,13.369248472395661,0.6031124438240253,first_green,5
2014-01-23 08:15:00,2014-01-23 09:00:00,short,1236.015,1237.7573226651255,1237.5323226651255,,14.63137321364371,-25.49257317203947,-1.1482875100803338,stop_loss,3
2014-01-23 10:45:00,2014-01-23 11:30:00,short,1237.755,1239.7736981762014,1239.5486981762015,,12.341420122822157,-24.91360229367473,-1.1254391641722061,stop_loss,3
2014-01-24 10:00:00,2014-01-24 10:15:00,long,1257.685,1258.275,1256.0185923978145,,13.246758314926225,7.815587405808401,0.3540550338502825,first_green,1
2014-01-24 15:30:00,2014-01-24 15:45:00,long,1266.685,1267.185,1263.685347191644,,7.365531659955954,3.682765829977977,0.16668595732385696,first_green,1
2014-01-27 08:30:00,2014-01-27 09:00:00,long,1269.345,1267.1565322513281,1267.381532251328,,11.25724863998712,-24.63612558739223,-1.114593173303759,stop_loss,2
2014-01-27 09:15:00,2014-01-27 09:30:00,long,1267.625,1268.425,1265.6225569811106,,11.007381544196289,8.80590523535653,0.3995119923280815,first_green,1
2014-01-27 14:00:00,2014-01-27 14:30:00,long,1264.205,1264.075,1261.3783625142482,,7.805623891897356,-1.0147311059457333,-0.045991040823302035,first_green,2
2014-01-27 15:30:00,2014-01-27 15:45:00,long,1260.495,1261.065,1257.3511131886528,,7.017152203166746,3.999776755806194,0.1813042371445709,first_green,1
2014-01-28 11:30:00,2014-01-28 12:15:00,long,1255.0049999999999,1252.6654851822404,1252.8904851822404,,10.437917730000388,-24.419663195889846,-1.1064073886407246,stop_loss,3
2014-01-28 12:30:00,2014-01-28 12:45:00,long,1253.0249999999999,1254.115,1250.845842677269,,10.10027239385773,11.009296909306396,0.5001933493421252,first_green,1
2014-01-29 10:15:00,2014-01-29 10:30:00,long,1251.995,1253.2150000000001,1250.331157274739,,13.245005345965046,16.15890652208073,0.7332423801107948,first_green,1
2014-01-30 09:30:00,2014-01-30 09:45:00,long,1258.325,1256.1630820059256,1256.3880820059255,,11.398522356016707,-24.642670587332173,-1.1161639267579917,stop_loss,1
2014-01-30 10:00:00,2014-01-30 10:15:00,long,1257.095,1256.9850000000001,1254.9693921377625,,10.35769427272699,-1.1393463699989326,-0.051749902676831466,first_green,1
2014-01-30 11:45:00,2014-01-30 12:00:00,long,1256.395,1253.9716840760843,1254.1966840760842,,10.013823661716723,-24.266658338721477,-1.1023510759086568,stop_loss,1
2014-01-30 15:15:00,2014-01-30 15:30:00,long,1252.355,1249.6528803071476,1249.8778803071475,,8.862261049529511,-23.946890105132653,-1.0908312992097735,stop_loss,1
2014-01-30 15:45:00,2014-01-30 16:15:00,long,1242.905,1239.074804958714,1239.2998049587138,,6.072629606168593,-23.259355805113866,-1.062409938276083,stop_loss,2
2014-01-31 11:30:00,2014-01-31 11:45:00,short,1242.025,1244.5222601166051,1244.2972601166052,,9.609316114229031,-23.99696187991436,-1.0990203535042762,stop_loss,1
2014-01-31 12:00:00,2014-01-31 12:15:00,short,1242.385,1244.8637344882973,1244.6387344882974,,9.661685288387366,-23.948752539400193,-1.0998342977703155,stop_loss,1
2014-01-31 12:30:00,2014-01-31 13:30:00,short,1244.865,1247.4253373904196,1247.2003373904197,,9.298442939014919,-23.807151129442925,-1.096345821774161,stop_loss,4
2014-01-31 13:45:00,2014-01-31 14:15:00,short,1247.335,1249.8700903933277,1249.6450903933278,,9.37430139222666,-23.76470140359195,-1.097398786060397,stop_loss,2
2014-01-31 14:30:00,2014-01-31 15:15:00,short,1248.4550000000002,1251.021296863754,1250.7962968637542,,9.223978458761547,-23.671466990053336,-1.0961005857408221,stop_loss,3
2014-01-31 15:30:00,2014-01-31 15:45:00,short,1252.505,1251.845,1255.077095604063,,8.373286411025092,5.5263690312772455,0.2566001041942329,first_green,1
2014-02-03 11:45:00,2014-02-03 12:00:00,short,1244.035,1246.0946595697565,1245.8696595697565,,11.74643484120409,-24.193656931205734,-1.1226385557892766,stop_loss,1
2014-02-03 12:15:00,2014-02-03 13:30:00,short,1245.695,1244.825,1247.6728952412695,,10.865198773527224,9.452722932967498,0.43986151634676035,first_green,5
2014-02-03 14:30:00,2014-02-03 14:45:00,short,1247.9850000000001,1247.5449999999998,1250.1180917943561,,10.085762278896892,4.437735402717476,0.20627335455721488,first_green,1
2014-02-04 08:00:00,2014-02-04 08:15:00,short,1258.545,1260.2554738039878,1260.030473803988,,14.490293290707964,-24.785267085855057,-1.151466824521501,stop_loss,1
2014-02-04 09:30:00,2014-02-04 09:45:00,long,1256.875,1259.305,1255.0950725275297,,12.058349713511163,29.301789803832893,1.3652241664811213,first_green,1
2014-02-04 11:45:00,2014-02-04 12:15:00,long,1255.5149999999999,1252.9096635121832,1253.1346635121831,,9.047562188148923,-23.57194389457471,-1.0945244511234122,stop_loss,2
2014-02-04 12:30:00,2014-02-04 12:45:00,long,1253.435,1253.425,1250.9407637522836,,8.610777171637064,-0.08610777171629233,-0.004009243314119357,first_green,1
2014-02-04 15:30:00,2014-02-04 16:30:00,long,1249.625,1252.375,1246.942186420321,,8.005437811912902,22.01495398276048,1.0250432683171968,first_green,4
2014-02-06 15:15:00,2014-02-06 15:30:00,long,1260.855,1258.4810140323734,1258.7060140323733,,10.019672060405785,-23.78656087162359,-1.1047005440656257,stop_loss,1
2014-02-07 11:15:00,2014-02-07 11:30:00,long,1260.365,1260.945,1258.7453554688166,,13.257642552075621,7.689432680202896,0.358103268237589,first_green,1
2014-02-07 15:30:00,2014-02-07 15:45:00,long,1258.455,1259.4650000000001,1256.1698532159276,,9.405037780222536,9.499088158026813,0.4419847368405342,first_green,1
2014-02-10 12:45:00,2014-02-10 14:00:00,long,1272.995,1273.305,1271.019562160356,,10.891580148038171,3.376389845893715,0.15692723596711253,first_green,5
2014-02-11 09:15:00,2014-02-11 09:30:00,long,1283.2649999999999,1283.7450000000001,1281.3076064311078,,10.99629674616128,5.278222438160115,0.24522406103129607,first_green,1
2014-02-11 12:15:00,2014-02-11 12:30:00,long,1282.5249999999999,1284.035,1280.2628841883663,,9.52085475814226,14.376490684796892,0.6675166639279251,first_green,1
2014-02-13 14:45:00,2014-02-13 15:00:00,long,1290.745,1291.695,1288.74635100224,,10.79389994919184,10.254204951732738,0.47532107992191686,first_green,1
2014-02-17 07:15:00,2014-02-17 07:30:00,long,1324.155,1325.7150000000001,1322.2021341069164,,11.060079908327511,17.25372465699283,0.7988259744436276,first_green,1
2014-02-17 09:45:00,2014-02-17 10:00:00,long,1325.745,1323.365329390548,1323.5903293905478,,10.044220701045901,-23.901936797128073,-1.1044243138662975,stop_loss,1
2014-02-17 10:15:00,2014-02-17 10:30:00,long,1323.055,1324.645,1320.626687076544,,8.887747575252202,14.131518644650274,0.6547755788149934,first_green,1
2014-02-18 07:45:00,2014-02-18 08:00:00,long,1319.055,1316.7322035091022,1316.957203509102,,10.304889529469586,-23.936161238142176,-1.1072553991658158,stop_loss,1
2014-02-18 08:45:00,2014-02-18 09:00:00,long,1317.715,1318.035,1315.5553266717893,,9.981935883228584,3.194219482634781,0.1481705570097955,first_green,1
2014-02-19 12:45:00,2014-02-19 13:00:00,long,1319.085,1319.515,1317.0616218033495,,10.658267582067788,4.583055060289827,0.21251588097166804,first_green,1
2014-02-19 14:15:00,2014-02-19 14:45:00,long,1317.2649999999999,1317.895,1315.2314056311043,,10.610357801586842,6.684525415000868,0.3097962945000928,first_green,2
2014-02-20 14:45:00,2014-02-20 15:00:00,long,1311.0149999999999,1308.8381315027807,1309.0631315027806,,11.063181367789728,-24.083090998563602,-1.1152741592584008,stop_loss,1
2014-02-25 12:45:00,2014-02-25 13:00:00,long,1332.305,1333.9650000000001,1330.1735456388783,,10.102804852918595,16.770656055845695,0.7788109519391426,first_green,1
2014-02-26 12:15:00,2014-02-26 12:45:00,long,1340.695,1338.6094496537685,1338.8344496537684,,11.596350589036955,-24.184772985987387,-1.1209319599739054,stop_loss,2
2014-02-26 13:00:00,2014-02-26 14:00:00,long,1339.2849999999999,1337.1071158488808,1337.3321158488807,,11.017106241893584,-23.99398107541521,-1.115214207596986,stop_loss,4
2014-02-26 14:15:00,2014-02-26 14:30:00,long,1337.665,1335.5017559831442,1335.7267559831441,,11.069373634959325,-23.94575628616646,-1.116084454817458,stop_loss,1
2014-02-26 14:45:00,2014-02-26 15:00:00,long,1335.5149999999999,1333.2806467405683,1333.5056467405682,,10.647845383662139,-23.791048038909217,-1.1119763281761348,stop_loss,1
2014-02-26 15:15:00,2014-02-26 15:30:00,long,1331.735,1333.855,1329.375200505898,,9.041363582293952,19.16769079446425,0.8983814113439851,first_green,1
2014-02-27 10:00:00,2014-02-27 10:15:00,long,1326.205,1324.1195884818665,1324.3445884818664,,11.494083016604899,-23.969893113210148,-1.1209409841891531,stop_loss,1
2014-02-27 10:30:00,2014-02-27 10:45:00,long,1325.195,1325.125,1323.1583186399766,,10.469875219680006,-0.7328912653769338,-0.03436963747688824,first_green,1
2014-02-27 14:45:00,2014-02-27 15:15:00,long,1330.405,1331.855,1327.8187693944428,,8.244418509205314,11.95440683834808,0.5606615268121745,first_green,2
2014-02-28 14:30:00,2014-02-28 14:45:00,long,1328.245,1330.7450000000001,1326.0606745944092,,9.77503326014303,24.437583150359796,1.1445181169442848,first_green,1
2014-03-03 11:15:00,2014-03-03 11:30:00,long,1345.225,1345.345,1342.5247664032918,,7.93003519199414,0.9516042230402344,0.04444059956383436,first_green,1
2014-03-03 12:00:00,2014-03-03 12:15:00,long,1343.7749999999999,1344.025,1341.0763818469504,,7.935663826636118,1.9839159566608338,0.09264000529964843,first_green,1
2014-03-04 08:15:00,2014-03-04 08:30:00,long,1343.465,1340.775629506033,1341.000629506033,,8.69199103843713,-23.375984232597208,-1.0913012067587782,stop_loss,1
2014-03-04 12:00:00,2014-03-04 12:15:00,long,1338.645,1339.115,1335.732979627611,,7.335747541780898,3.447801344637222,0.16139996974487184,first_green,1
2014-03-04 13:00:00,2014-03-04 13:15:00,long,1336.995,1337.795,1334.1545593279934,,7.523644483175809,6.018915586542016,0.28164643883762724,first_green,1
2014-03-04 14:00:00,2014-03-04 15:45:00,long,1334.085,1333.9950000000001,1331.2929534299985,,7.6594399643859035,-0.6893495967941043,-0.03223441935636113,first_green,7
2014-03-05 09:00:00,2014-03-05 09:45:00,long,1334.895,1334.7250000000001,1333.1111043555263,,11.987130397985483,-2.037812167655679,-0.09529705424557168,first_green,3
2014-03-06 09:45:00,2014-03-06 10:00:00,long,1332.945,1330.9569070686491,1331.181907068649,,12.125676869400333,-24.10697247189895,-1.1276166423215765,stop_loss,1
2014-03-06 14:15:00,2014-03-06 14:30:00,long,1333.825,1334.7450000000001,1331.9190325627958,,11.18509546856473,10.290287831080366,0.4826945004630112,first_green,1
2014-03-07 09:15:00,2014-03-07 09:30:00,long,1349.0149999999999,1349.655,1347.3741160983548,,13.0077170257346,8.324938896471446,0.39003368815944345,first_green,1
2014-03-07 10:45:00,2014-03-07 11:00:00,long,1348.165,1346.1478446574376,1346.3728446574376,,11.92138053243568,-24.047276431721052,-1.1255471524461746,stop_loss,1
2014-03-10 08:15:00,2014-03-10 08:45:00,long,1331.365,1331.585,1328.9944949481803,,8.987471933244935,1.977243825314131,0.09280722681065236,first_green,2
2014-03-10 15:30:00,2014-03-10 15:45:00,long,1337.135,1338.325,1334.6662723040274,,8.631891951944471,10.271951422814391,0.48202967137339314,first_green,1
2014-03-11 09:00:00,2014-03-11 09:15:00,long,1341.335,1341.9850000000001,1339.5518917167367,,11.965325274535841,7.777461428449385,0.36453198389639974,first_green,1
2014-03-12 10:15:00,2014-03-12 12:45:00,long,1356.655,1357.535,1354.0468022160517,,8.187613069055335,7.205099500769588,0.3373977255160313,first_green,10
2014-03-13 08:00:00,2014-03-13 08:15:00,long,1371.135,1368.6024279940777,1368.8274279940777,,9.262084544462741,-23.456896033791452,-1.0975050830147233,stop_loss,1
2014-03-13 13:15:00,2014-03-13 13:45:00,long,1369.405,1366.7048722044747,1366.9298722044746,,8.611387585617297,-23.251846977966807,-1.0909043971008971,stop_loss,2
2014-03-13 14:00:00,2014-03-13 14:15:00,long,1367.605,1368.375,1365.043035434851,,8.296818559831202,6.388550291069874,0.30055060498277225,first_green,1
2014-03-14 12:15:00,2014-03-14 12:30:00,long,1369.615,1369.9750000000001,1367.538817112242,,10.245786464629463,3.688483127267911,0.17339512916844974,first_green,1
2014-03-17 09:45:00,2014-03-17 10:00:00,long,1381.325,1382.825,1378.9678652216314,,9.028481499065375,13.542722248598063,0.6363658174176005,first_green,1
2014-03-17 11:15:00,2014-03-17 11:45:00,long,1378.915,1378.755,1376.1507185977405,,7.710938736375889,-1.2337501978190202,-0.05788122724013291,first_green,2
2014-03-17 13:45:00,2014-03-17 14:00:00,long,1377.225,1374.482647233532,1374.7076472335318,,8.466084075031326,-23.216989084312853,-1.0893796066236634,stop_loss,1
2014-03-17 15:45:00,2014-03-17 16:00:00,long,1376.385,1378.095,1373.4993562729453,,7.365454541546741,12.594927266045195,0.5925887468254429,first_green,1
2014-03-18 13:30:00,2014-03-18 13:45:00,long,1360.325,1357.791687510517,1358.016687510517,,9.221266665525103,-23.360350012628217,-1.097473804359258,stop_loss,1
2014-03-18 14:00:00,2014-03-18 14:15:00,long,1358.7749999999999,1355.9106132105987,1356.1356132105986,,8.042460552994601,-23.03671776227739,-1.0852470736397652,stop_loss,1
2014-03-18 14:30:00,2014-03-18 15:30:00,long,1353.215,1353.345,1350.1476460846488,,6.901574753895218,0.8972047180071316,0.042381806465012974,first_green,4
2014-03-19 09:15:00,2014-03-19 09:30:00,long,1351.835,1352.065,1349.6132086691107,,9.529164625360627,2.1917078638331176,0.10352007265594697,first_green,1
2014-03-19 11:00:00,2014-03-19 12:00:00,long,1347.885,1344.7927538489116,1345.0177538489115,,7.385935322247762,-22.839130072408317,-1.0784725092104472,stop_loss,4
2014-03-19 12:15:00,2014-03-19 12:30:00,long,1345.5149999999999,1345.4950000000001,1342.8048957090496,,7.793130644546641,-0.1558626128890191,-0.007379789798694917,first_green,1
2014-03-19 15:00:00,2014-03-19 15:15:00,long,1343.655,1344.115,1340.7748677018478,,7.332929517418407,3.373147578012734,0.15971488542216128,first_green,1
2014-03-20 09:45:00,2014-03-20 10:00:00,short,1333.035,1331.925,1335.6305409919064,,8.140206638238144,9.035629368445376,0.42765650916762354,first_green,1
2014-03-21 10:30:00,2014-03-21 10:45:00,short,1337.015,1340.1816084400334,1339.9566084400335,,7.190225863410954,-22.768629904822955,-1.0764887661246152,stop_loss,1
2014-03-21 11:00:00,2014-03-21 11:15:00,short,1339.515,1337.705,1342.6333256447228,,6.76449797553763,12.243741335724279,0.5804396994468173,first_green,1
2014-03-21 12:45:00,2014-03-21 13:00:00,short,1338.555,1341.6783232793819,1341.453323279382,,7.288530238986504,-22.764436167904694,-1.077631091604072,stop_loss,1
2014-03-21 13:15:00,2014-03-21 13:45:00,short,1340.585,1339.585,1343.6150338480386,,6.952927534902426,6.952927534902426,0.33002931655279494,first_green,2
2014-03-24 13:45:00,2014-03-24 14:00:00,short,1325.015,1323.095,1327.5047690479187,,8.468652186907772,16.25981219886354,0.7711558634746378,first_green,1
2014-03-25 11:00:00,2014-03-25 11:15:00,short,1315.865,1314.995,1318.1595199268252,,9.206996799665536,8.010087215710104,0.37916428174319855,first_green,1
2014-03-25 16:00:00,2014-03-25 16:15:00,short,1314.845,1314.145,1318.047780614284,,6.6022826373997425,4.62159784618012,0.21856008397145493,first_green,1
2014-03-26 10:00:00,2014-03-26 10:15:00,short,1315.945,1314.435,1317.686467477755,,12.1490737587451,18.345101375704992,0.8670848116822084,first_green,1
2014-03-26 12:30:00,2014-03-26 12:45:00,short,1314.595,1314.445,1316.2162900084452,,13.07790677713244,1.9616860165710555,0.09251891963729751,first_green,1
2014-03-28 09:00:00,2014-03-28 10:00:00,short,1297.075,1296.365,1298.6799495275811,,13.214112618324698,9.382019959011016,0.44238151281312876,first_green,4
2014-03-28 12:00:00,2014-03-28 12:15:00,short,1296.565,1296.145,1298.3102207812328,,12.1654744674102,5.109499276313169,0.24065723060173322,first_green,1
2014-03-31 12:45:00,2014-03-31 13:00:00,short,1295.765,1295.695,1297.9189798422462,,9.862772244014398,0.6903940570826225,0.032497982862814793,first_green,1
2014-04-01 07:30:00,2014-04-01 07:45:00,short,1285.065,1284.175,1286.8880042892722,,11.65435468936671,10.372375673537537,0.4882051047479657,first_green,1
2014-04-01 09:00:00,2014-04-01 09:15:00,short,1285.775,1284.445,1287.535140002717,,12.085328152171268,16.073486442389655,0.755621710742978,first_green,1
2014-04-01 10:30:00,2014-04-01 10:45:00,short,1285.925,1285.895,1287.8710052248073,,10.951693742145247,0.3285508122640586,0.015416197046923688,first_green,1
2014-04-02 09:45:00,2014-04-02 10:30:00,short,1283.945,1283.635,1285.4336196607444,,14.317206188904127,4.438333918559498,0.20824661139092693,first_green,3
2014-04-02 15:00:00,2014-04-02 15:15:00,short,1291.045,1290.075,1293.0576602795174,,10.594917916124784,10.27707037864133,0.4819491942438628,first_green,1
2014-04-03 08:45:00,2014-04-03 09:00:00,short,1293.185,1292.885,1294.492607149758,,16.327276226983383,4.898182868094272,0.229426705150294,first_green,1
2014-04-03 16:00:00,2014-04-03 16:15:00,short,1284.755,1284.675,1287.3137630250703,,8.348529495834015,0.667882359668012,0.03126510709132948,first_green,1
2014-04-04 10:45:00,2014-04-04 11:15:00,short,1289.2250000000001,1290.6983371518113,1290.4733371518114,,17.113628527798127,-25.2141447123004,-1.1802397690987956,stop_loss,2
2014-04-04 11:30:00,2014-04-04 11:45:00,short,1290.9750000000001,1292.6201773770151,1292.3951773770152,,14.998508831717894,-24.675207418901785,-1.1584309140825866,stop_loss,1
2014-04-04 14:45:00,2014-04-04 15:15:00,short,1293.095,1295.2593143898662,1295.0343143898663,,10.9517337798356,-23.70299501368138,-1.1160203838921796,stop_loss,2
2014-04-07 13:00:00,2014-04-07 13:15:00,short,1299.7350000000001,1301.5248637347202,1301.2998637347202,,13.53446754229574,-24.224852622700467,-1.1437824872592826,stop_loss,1
2014-04-07 13:30:00,2014-04-07 13:45:00,short,1300.7450000000001,1300.125,1302.3707243426925,,12.99053888751714,8.054134110262163,0.38136846679267605,first_green,1
2014-04-08 07:15:00,2014-04-08 07:30:00,short,1300.865,1300.7749999999999,1302.3317432422036,,14.412318407988566,1.2971086567210683,0.061360432699134486,first_green,1
2014-04-08 08:45:00,2014-04-08 09:00:00,short,1303.615,1305.3956695315828,1305.170669531583,,13.590555687963672,-24.200288430836455,-1.1446322598932497,stop_loss,1
2014-04-08 09:15:00,2014-04-08 09:30:00,short,1308.195,1307.965,1310.3375670961098,,9.839557752121964,2.263098282988231,0.10734786341936328,first_green,1
2014-04-08 11:15:00,2014-04-08 11:45:00,short,1309.835,1312.2257461508987,1312.0007461508987,,9.73686155089118,-23.278364274625876,-1.1038902919931506,stop_loss,2
2014-04-08 12:15:00,2014-04-08 12:30:00,short,1311.555,1313.9521187998703,1313.7271187998704,,9.681502925275232,-23.207712673175728,-1.1035854945011956,stop_loss,1
2014-04-09 10:30:00,2014-04-09 10:45:00,long,1309.895,1310.365,1308.2586628221368,,12.816035421680073,6.023536648189984,0.28722686641745465,first_green,1
2014-04-09 14:15:00,2014-04-09 14:30:00,long,1305.7949999999998,1303.7320596336651,1303.957059633665,,11.418441239624123,-23.555563353841602,-1.1224196410945588,stop_loss,1
2014-04-10 14:00:00,2014-04-10 14:15:00,long,1320.825,1322.295,1318.792660599388,,10.29725899140676,15.13697071736822,0.7233043848666874,first_green,1
2014-04-11 10:00:00,2014-04-11 10:15:00,long,1316.065,1316.075,1314.444900725932,,12.940791918690618,0.12940791918678848,0.00617246125595821,first_green,1
2014-04-11 11:45:00,2014-04-11 12:00:00,long,1314.485,1316.775,1312.7434066399069,,12.038224073163784,27.567533127547364,1.3148878793829806,first_green,1
2014-04-11 16:00:00,2014-04-11 16:15:00,long,1317.7549999999999,1318.325,1315.0758490037776,,7.851222262430505,4.4751966895866735,0.21275396601531552,first_green,1
2014-04-14 11:45:00,2014-04-14 12:00:00,long,1325.0049999999999,1322.9568862356869,1323.1818862356868,,11.543875291625636,-23.643169878291552,-1.123415227510325,stop_loss,1
2014-04-14 12:15:00,2014-04-14 12:30:00,long,1323.965,1324.825,1322.054304968526,,10.983798914676049,9.4460670666228,0.4500979935749768,first_green,1
2014-04-14 14:15:00,2014-04-14 14:30:00,long,1322.675,1320.5985938384474,1320.8235938384473,,11.348296023292882,-23.563671785887536,-1.1215292487798676,stop_loss,1
2014-04-15 08:00:00,2014-04-15 08:15:00,long,1319.925,1320.035,1318.3019813293704,,12.908906336275223,1.4199796969919183,0.06777494430021484,first_green,1
2014-04-15 09:30:00,2014-04-15 09:45:00,long,1315.345,1313.053365189892,1313.278365189892,,10.139646273222963,-23.236366361899673,-1.108872645955354,stop_loss,1
2014-04-16 08:15:00,2014-04-16 08:30:00,short,1300.315,1298.635,1302.469339583975,,9.699889093605522,16.295813677257893,0.7798213487310858,first_green,1
2014-04-16 10:15:00,2014-04-16 10:45:00,short,1301.445,1301.555,1304.500751557135,,6.851864157551056,-0.7537050573314886,-0.03599769089318975,first_green,2
2014-04-16 13:45:00,2014-04-16 14:45:00,short,1302.675,1301.7549999999999,1305.637108442427,,7.0678405983396315,6.502413350472975,0.3105895742447078,first_green,4
2014-04-17 14:30:00,2014-04-17 14:45:00,short,1301.165,1303.3531311885856,1303.1281311885857,,10.672728578338461,-23.353330269571853,-1.114612819208481,stop_loss,1
2014-04-17 15:00:00,2014-04-17 15:15:00,short,1303.015,1301.905,1305.1074192391377,,9.985371297954678,11.083762140730965,0.530486424153517,first_green,1
2014-04-21 07:15:00,2014-04-21 07:30:00,short,1286.555,1285.465,1290.2174374759736,,5.712395790064178,6.226511411170786,0.297616002225513,first_green,1
2014-04-21 10:30:00,2014-04-21 11:30:00,short,1287.435,1290.3702436414565,1290.1452436414565,,7.725083596691012,-22.675002506907273,-1.083018366525522,stop_loss,4
2014-04-21 15:45:00,2014-04-21 16:00:00,short,1287.515,1290.516074202733,1290.2910742027332,,7.521474451521688,-22.572502942976925,-1.0810497067327647,stop_loss,1
2014-04-22 09:00:00,2014-04-22 09:15:00,short,1289.325,1291.1695038777261,1290.9445038777262,,12.858098224046774,-23.71681203443714,-1.1389314364074354,stop_loss,1
2014-04-22 09:30:00,2014-04-22 10:00:00,short,1290.295,1290.095,1292.227123241509,,10.746958298439605,2.1493916596884097,0.10351306567994005,first_green,2
2014-04-22 12:15:00,2014-04-22 12:30:00,short,1291.065,1290.745,1292.9733457038535,,10.883678644362567,3.482777166197803,0.16768450252697867,first_green,1
2014-04-22 13:45:00,2014-04-22 14:00:00,short,1291.445,1291.125,1293.2039111810436,,11.813290261579349,3.7802528837046396,0.1819307327445936,first_green,1
2014-04-23 13:15:00,2014-04-23 13:45:00,short,1285.4750000000001,1287.4995252349966,1287.2745252349966,,11.551924115282553,-23.387161884153194,-1.1250329784902102,stop_loss,2
2014-04-23 14:00:00,2014-04-23 15:30:00,short,1287.015,1285.0449999999998,1288.9298093809357,,10.825887558257444,21.32699848976992,1.0288230356578334,first_green,6
2014-04-25 11:00:00,2014-04-25 11:15:00,short,1293.845,1293.5249999999999,1295.5853333943312,,11.94186620645566,3.8213971860677662,0.18387281485404278,first_green,1
2014-04-25 13:00:00,2014-04-25 13:30:00,short,1295.115,1297.1937676847044,1296.9687676847045,,11.21628250090529,-23.316045605397555,-1.1213744321127133,stop_loss,2
2014-04-25 13:45:00,2014-04-25 14:00:00,short,1296.915,1299.016176240268,1298.791176240268,,11.051249602073309,-23.22062308914688,-1.119924767818063,stop_loss,1
2014-04-25 14:15:00,2014-04-25 14:45:00,short,1300.385,1299.975,1302.6592029826802,,9.091554504335084,3.7275373467781288,0.18028294005528306,first_green,2
2014-04-28 13:45:00,2014-04-28 14:30:00,long,1300.7649999999999,1300.865,1299.31913787523,,14.306591797344689,1.4306591797364208,0.06916288786252403,first_green,3
2014-04-29 09:45:00,2014-04-29 10:00:00,long,1293.865,1292.2129355153509,1292.4379355153508,,14.49754799788184,-23.950884161796907,-1.157666316007586,stop_loss,1
2014-04-29 10:45:00,2014-04-29 11:00:00,long,1289.865,1290.255,1287.9377913175224,,10.704112553784096,4.174603895976868,0.2023652153220467,first_green,1
2014-04-29 12:00:00,2014-04-29 12:15:00,long,1287.845,1289.4750000000001,1285.615452679049,,9.257258174186777,15.089330823925458,0.7310901117383828,first_green,1
2014-04-29 13:15:00,2014-04-29 13:30:00,short,1290.4750000000001,1290.625,1292.556822489212,,9.932267806607392,-1.4898401709897537,-0.0720522526666776,first_green,1
2014-04-30 12:15:00,2014-04-30 12:45:00,short,1292.2350000000001,1292.125,1294.0313157063908,,11.508831000415428,1.2659714100471626,0.06123645170433162,first_green,2
2014-05-01 13:30:00,2014-05-01 13:45:00,short,1285.255,1285.2649999999999,1287.686289705063,,8.504399444340471,-0.08504399444139368,-0.004113043369097301,first_green,1
2014-05-02 11:15:00,2014-05-02 11:45:00,short,1284.2350000000001,1284.225,1285.683404866917,,14.275322238314219,0.14275322238625818,0.00690414691957252,first_green,2
2014-05-02 13:15:00,2014-05-02 14:00:00,short,1285.4850000000001,1287.2081178868154,1286.9831178868155,,13.801853159760915,-23.782220050782527,-1.1501884477717559,stop_loss,3
2014-05-02 14:15:00,2014-05-02 14:30:00,short,1286.665,1286.7649999999999,1288.2056702927252,,13.382063402573136,-1.3382063402560966,-0.0649068139186482,first_green,1
2014-05-05 13:45:00,2014-05-05 14:00:00,long,1311.305,1311.665,1308.9121654207904,,8.61488805075225,3.1013596982699476,0.1504491798671715,first_green,1
2014-05-06 11:15:00,2014-05-06 11:45:00,long,1310.685,1310.595,1308.9145857974202,,11.647983501858688,-1.0483185151663286,-0.05083556145718514,first_green,2
2014-05-06 12:45:00,2014-05-06 13:00:00,long,1308.5049999999999,1306.4722943894894,1306.6972943894893,,11.406245854929008,-23.18553994417573,-1.1244671691517094,stop_loss,1
2014-05-06 13:15:00,2014-05-06 13:30:00,long,1307.125,1307.755,1305.2830752644068,,11.162872390839063,7.032609606229828,0.3420335195168557,first_green,1
2014-05-07 09:30:00,2014-05-07 09:45:00,long,1310.065,1309.925,1308.7760478321695,,15.965489499590603,-2.2351685299442816,-0.10861535710494036,first_green,1
2014-05-07 12:30:00,2014-05-07 13:00:00,long,1310.995,1310.865,1309.1377838738872,,11.077420710700693,-1.4400646923897804,-0.06999723843233192,first_green,2
2014-05-07 14:30:00,2014-05-07 14:45:00,long,1310.425,1308.6956765185032,1308.9206765185031,,13.673631018143652,-23.64613119699812,-1.149568894434878,stop_loss,1
2014-05-07 15:00:00,2014-05-07 15:15:00,long,1308.685,1306.8830323042196,1307.1080323042195,,13.006258114738097,-23.436856965739437,-1.1426788897464084,stop_loss,1
2014-05-07 15:30:00,2014-05-07 15:45:00,long,1302.675,1303.425,1300.4010329561893,,8.993910797070022,6.7454330978025165,0.3298200833830749,first_green,1
2014-05-08 12:45:00,2014-05-08 13:00:00,long,1289.605,1291.695,1287.9374034387595,,12.274383868378692,25.65346228491046,1.2533007374668272,first_green,1
2014-05-08 14:30:00,2014-05-08 14:45:00,short,1293.2350000000001,1295.2006830755968,1294.9756830755969,,11.795860070006126,-23.186922501717287,-1.1292596011038802,stop_loss,1
2014-05-09 14:15:00,2014-05-09 14:30:00,short,1291.2350000000001,1293.2178919467647,1292.9928919467648,,11.647409112600103,-23.095553730046653,-1.1279942151245517,stop_loss,1
2014-05-09 14:45:00,2014-05-09 15:00:00,short,1293.365,1292.965,1295.2179272398123,,11.01886105223211,4.407544420893846,0.21587463954634997,first_green,1
2014-05-12 07:15:00,2014-05-12 07:30:00,short,1291.365,1290.495,1293.5350600728907,,9.413641083782473,8.189867742891865,0.40091056043495116,first_green,1
2014-05-12 12:00:00,2014-05-12 12:30:00,short,1290.845,1293.1174191221637,1292.8924191221638,,9.987520925459707,-22.695833534024562,-1.1098944508060091,stop_loss,2
2014-05-12 12:45:00,2014-05-12 13:00:00,short,1294.375,1296.8102076572134,1296.5852076572135,,9.226237939864557,-22.46780527843066,-1.1018003893279331,stop_loss,1
2014-05-12 15:00:00,2014-05-12 15:15:00,short,1296.265,1298.6973302292893,1298.4723302292894,,9.212818253893012,-22.408616335890986,-1.101933094112682,stop_loss,1
2014-05-13 11:45:00,2014-05-13 12:00:00,short,1292.895,1292.485,1294.8012838871773,,10.638347637693554,4.361722531455228,0.21507814379482468,first_green,1
2014-05-14 10:45:00,2014-05-14 11:15:00,short,1300.425,1299.7749999999999,1302.429968174821,,10.120168114921048,6.578109274699602,0.3241946720965413,first_green,2
2014-05-14 13:45:00,2014-05-14 14:00:00,short,1302.175,1304.274528701136,1304.049528701136,,10.833155157951891,-22.744520177979744,-1.1200301707109317,stop_loss,1
2014-05-15 09:15:00,2014-05-15 09:30:00,long,1301.705,1301.9550000000002,1300.438119222099,,15.984297275824506,3.996074318959761,0.19733506448368668,first_green,1
2014-05-15 15:15:00,2014-05-15 15:30:00,long,1303.5249999999999,1301.4559630042709,1301.6809630042708,,10.986866966182344,-22.732234220184033,-1.122014905623382,stop_loss,1
2014-05-16 10:15:00,2014-05-16 10:30:00,long,1292.825,1292.775,1291.2040612480537,,12.463986404781814,-0.6231993202385239,-0.030846322811343856,first_green,1
2014-05-16 14:30:00,2014-05-16 14:45:00,long,1293.435,1294.285,1291.8680275468828,,12.892249974628303,10.958412478435816,0.5424473150815393,first_green,1
2014-05-16 15:45:00,2014-05-16 16:00:00,long,1288.2549999999999,1291.175,1285.9249461849317,,8.68185810530194,25.351025667482297,1.2531899396987447,first_green,1
2014-05-19 10:30:00,2014-05-19 10:45:00,short,1297.015,1298.5501531661057,1298.3251531661058,,15.488703679299974,-23.777532492148833,-1.1717356457403376,stop_loss,1
2014-05-19 11:00:00,2014-05-19 11:15:00,short,1300.675,1299.925,1302.3412290054684,,12.143066929379504,9.107300197034629,0.4501181995623238,first_green,1
2014-05-19 14:15:00,2014-05-19 14:30:00,short,1302.105,1301.355,1303.8496109143623,,11.610553629359934,8.70791522201995,0.4298952814210448,first_green,1
2014-05-20 13:00:00,2014-05-20 13:15:00,short,1292.565,1292.735,1294.2731369611183,,11.871219248338127,-2.018107272215646,-0.0995236353228672,first_green,1
2014-05-21 11:15:00,2014-05-21 11:45:00,short,1294.295,1294.175,1295.4254040524527,,17.933961807248973,2.1520754168719973,0.1061567319577082,first_green,2
2014-05-22 08:45:00,2014-05-22 09:45:00,short,1293.275,1294.697022444488,1294.4720224444882,,16.940370153759897,-24.08958657658109,-1.1879664003260457,stop_loss,4
2014-05-22 10:00:00,2014-05-22 11:00:00,short,1294.325,1293.565,1295.594918243666,,15.920536165527146,12.099607485800487,0.5984637229921987,first_green,4
2014-05-22 13:30:00,2014-05-22 14:00:00,short,1296.125,1297.8288026446685,1297.6038026446686,,13.692177531098217,-23.328768288755555,-1.152150120106348,stop_loss,2
2014-05-22 14:30:00,2014-05-22 14:45:00,short,1298.095,1297.355,1299.6360808604327,,13.10100393944907,9.694742915192432,0.4801824608945273,first_green,1
2014-05-22 15:30:00,2014-05-22 15:45:00,short,1301.315,1300.5049999999999,1303.4143044683158,,9.628876414026543,7.799389895363164,0.38584207875765536,first_green,1
2014-05-26 13:30:00,2014-05-26 13:45:00,short,1293.085,1292.845,1294.1121221089124,,19.699159019163595,4.727798164599442,0.2336625781078148,first_green,1
2014-05-28 12:30:00,2014-05-28 12:45:00,short,1265.615,1264.635,1267.3604108529123,,11.599137943479338,11.367155184609961,0.5614723882144091,first_green,1
2014-05-28 14:15:00,2014-05-28 14:45:00,short,1266.045,1265.315,1267.7024491541515,,12.231855854013652,8.929254773430188,0.4404358336855021,first_green,2
2014-05-30 15:00:00,2014-05-30 15:15:00,short,1254.165,1252.585,1255.8463168149958,,12.07149187758576,19.072957166584622,0.9397396052354502,first_green,1
2014-06-02 10:15:00,2014-06-02 10:45:00,short,1244.9850000000001,1244.445,1246.839400879171,,10.970489119851102,5.92406412472169,0.29119917169237364,first_green,2
2014-06-02 13:15:00,2014-06-02 13:45:00,short,1245.175,1246.9863971262982,1246.7613971262983,,12.833164213176916,-23.245956777062705,-1.1418308166788684,stop_loss,2
2014-06-02 14:00:00,2014-06-02 14:15:00,short,1247.165,1246.685,1248.717780425101,,13.073567652577854,6.275312473237608,0.30912290768271344,first_green,1
2014-06-03 08:45:00,2014-06-03 09:00:00,short,1244.605,1246.0787906242845,1245.8537906242846,,16.26859444911276,-23.97650196938839,-1.1801743187564502,stop_loss,1
2014-06-03 09:15:00,2014-06-03 09:45:00,short,1245.7050000000002,1247.3179368137965,1247.0929368137965,,14.594415799095339,-23.539870518211153,-1.162111126215085,stop_loss,2
2014-06-03 10:00:00,2014-06-03 10:15:00,short,1246.4650000000001,1245.7749999999999,1247.9242118002592,,13.84122392892879,9.550444510964766,0.4728580181970835,first_green,1
2014-06-04 14:45:00,2014-06-04 15:15:00,short,1245.435,1246.7581927149347,1246.5331927149348,,18.413119230715097,-24.364105225307135,-1.2048820730096168,stop_loss,2
2014-06-04 15:30:00,2014-06-04 15:45:00,short,1248.625,1246.7649999999999,1250.0235839630875,,14.414753541738778,26.81144158763596,1.329916579262074,first_green,1
2014-06-05 12:45:00,2014-06-05 13:15:00,short,1243.785,1245.1231864327635,1244.8981864327636,,18.170605699072812,-24.315658021593467,-1.2021224777608324,stop_loss,2
2014-06-05 13:30:00,2014-06-05 13:45:00,short,1244.375,1245.7216091810428,1245.496609181043,,17.97995499243169,-24.211972467545245,-1.200604634664898,stop_loss,1
2014-06-05 14:30:00,2014-06-05 14:45:00,short,1245.885,1243.7849999999999,1247.2053469861455,,15.227779420147737,31.978336782312326,1.5904910012561524,first_green,1
2014-06-06 08:15:00,2014-06-06 08:30:00,short,1255.185,1256.3774698631887,1256.1524698631888,,20.86462769858529,-24.880439737216463,-1.2325653837508614,stop_loss,1
2014-06-06 15:30:00,2014-06-06 15:45:00,short,1255.695,1257.5545195089314,1257.3295195089315,,12.311689946636102,-22.89382764368563,-1.1376551327594624,stop_loss,1
2014-06-10 14:15:00,2014-06-10 14:30:00,short,1253.855,1255.1876855171604,1254.9626855171605,,18.11566778269751,-24.142488087689706,-1.203126245233118,stop_loss,1
2014-06-10 14:45:00,2014-06-10 15:15:00,short,1254.885,1256.2500706755106,1256.0250706755107,,17.54812841528673,-23.95443550980311,-1.1973561857462134,stop_loss,2
2014-06-11 13:45:00,2014-06-11 14:00:00,long,1261.855,1262.945,1260.4712978882114,,14.41511171924722,15.71247177397829,0.7877418056340025,first_green,1
2014-06-13 13:00:00,2014-06-13 13:15:00,long,1272.365,1273.295,1270.7877663285394,,12.671237032695444,11.78425044040757,0.5896399606653348,first_green,1
2014-06-13 14:30:00,2014-06-13 14:45:00,long,1272.665,1273.925,1270.9741049142326,,11.836903721346838,14.914498688896908,0.7451674622545759,first_green,1
2014-06-16 11:45:00,2014-06-16 12:15:00,long,1280.735,1280.865,1279.1390198828046,,12.564222050014113,1.6333488665032059,0.081454648838964,first_green,2
2014-06-17 07:45:00,2014-06-17 08:00:00,long,1266.595,1264.6783928926177,1264.9033928926176,,11.85637720750069,-22.724016823701724,-1.133009609038633,stop_loss,1
2014-06-17 14:30:00,2014-06-17 14:45:00,long,1264.345,1265.265,1262.7191406339996,,12.300892886667093,11.31682145573462,0.565854599259247,first_green,1
2014-06-17 15:45:00,2014-06-17 16:00:00,long,1262.0349999999999,1264.695,1259.820019250572,,9.041981050520615,24.051669594385576,1.2009133716792333,first_green,1
2014-06-18 11:00:00,2014-06-18 11:15:00,long,1267.185,1267.055,1265.8061891792647,,14.569035023143835,-1.893974553006976,-0.09428414547150253,first_green,1
2014-06-20 09:30:00,2014-06-20 10:15:00,long,1312.645,1310.102127490409,1310.3271274904089,,8.664500794628092,-22.032720879989206,-1.097071775548001,stop_loss,3
2014-06-20 10:30:00,2014-06-20 10:45:00,long,1310.695,1308.2844552596202,1308.5094552596202,,9.16390592650069,-22.09000523246052,-1.1029491622124425,stop_loss,1
2014-06-20 11:00:00,2014-06-20 11:30:00,long,1308.375,1308.595,1305.970499688142,,8.306466540020242,1.82742263880468,0.09149510146248231,first_green,2
2014-06-20 14:15:00,2014-06-20 14:30:00,long,1309.575,1309.695,1307.2277154451215,,8.510885440367089,1.0213062528431218,0.05112290273903273,first_green,1
2014-06-23 12:45:00,2014-06-23 13:00:00,long,1313.465,1311.6788504961835,1311.9038504961834,,12.798276628408587,-22.859635449537436,-1.1441245693957267,stop_loss,1
2014-06-23 13:15:00,2014-06-23 14:00:00,long,1311.855,1310.00051394824,1310.22551394824,,12.226477236797082,-22.673831497801057,-1.1380803473321408,stop_loss,3
2014-06-25 10:45:00,2014-06-25 11:00:00,long,1312.085,1314.135,1310.3049353482538,,11.160375282599933,22.878769329329355,1.151643564175569,first_green,1
2014-06-26 10:00:00,2014-06-26 10:15:00,long,1315.685,1314.1837438238024,1314.4087438238023,,15.610805131191933,-23.43581761861841,-1.1762968941472642,stop_loss,1
2014-06-26 10:30:00,2014-06-26 10:45:00,long,1312.615,1310.7695291133807,1310.9945291133806,,12.258657087938728,-22.6229947648402,-1.1388485296821975,stop_loss,1
2014-06-26 12:15:00,2014-06-26 12:30:00,long,1309.565,1310.385,1307.7214752549442,,10.744764607183154,8.810706977889502,0.44480010490722827,first_green,1
2014-06-26 15:00:00,2014-06-26 15:15:00,long,1307.2549999999999,1313.095,1305.1409020769368,,9.380013094121749,54.779276469672375,2.7624075196755977,first_green,1
2014-06-27 09:00:00,2014-06-27 09:15:00,long,1319.325,1320.2350000000001,1317.765342573733,,12.802307773158232,11.65010007357504,0.5834614606222513,first_green,1
2014-06-27 10:30:00,2014-06-27 11:15:00,long,1317.225,1317.125,1315.12320032509,,9.513913186233157,-0.9513913186224504,-0.047578273606972525,first_green,3
2014-06-27 12:45:00,2014-06-27 13:00:00,long,1313.995,1314.585,1311.810710501678,,9.153530783812899,5.400583162450943,0.2701107158430246,first_green,1
2014-06-30 10:30:00,2014-06-30 10:45:00,long,1313.605,1314.615,1312.0782906560678,,13.1049585181838,13.236008103365519,0.6615535589758123,first_green,1
2014-07-01 07:45:00,2014-07-01 08:00:00,long,1326.905,1327.265,1325.160171518072,,11.485686329277641,4.134847078541413,0.20632400475395157,first_green,1
2014-07-01 10:15:00,2014-07-01 10:30:00,long,1324.645,1324.9850000000001,1322.8526425593896,,11.186881201933343,3.8035396086589643,0.1896943055534449,first_green,1
2014-07-02 15:30:00,2014-07-02 15:45:00,long,1322.475,1325.885,1320.277933644147,,9.13053834495774,31.135135756306642,1.552069645468792,first_green,1
2014-07-03 07:15:00,2014-07-03 07:30:00,long,1322.435,1322.4750000000001,1321.1476513156233,,15.64318718954838,0.6257274875849229,0.031071612909256075,first_green,1
2014-07-03 09:45:00,2014-07-03 10:00:00,long,1321.185,1322.685,1319.6798427278823,,13.38052915779745,20.070793736696174,0.9965735991758327,first_green,1
2014-07-03 13:45:00,2014-07-03 14:00:00,long,1321.425,1319.570885816395,1319.795885816395,,12.393224461594066,-22.978453254840836,-1.1381118661075162,stop_loss,1
2014-07-03 14:15:00,2014-07-03 14:45:00,long,1319.0449999999998,1319.295,1317.0424474641363,,10.053434932314975,2.5133587330810294,0.12484066985659659,first_green,2
2014-07-07 08:45:00,2014-07-07 09:00:00,long,1314.065,1312.691277083242,1312.916277083242,,17.531481892530618,-24.083398440496694,-1.1958696886059406,stop_loss,1
2014-07-07 09:15:00,2014-07-07 09:30:00,long,1312.995,1313.075,1311.7322236074892,,15.900365763614932,1.272029261091653,0.0633524672100483,first_green,1
2014-07-07 12:30:00,2014-07-07 13:00:00,long,1313.365,1313.915,1312.2073666977572,,17.347277892595972,9.541002840926996,0.47510727182291385,first_green,2
2014-07-08 11:00:00,2014-07-08 11:15:00,long,1318.105,1318.9550000000002,1316.930775400386,,17.122481598019135,14.5541093583186,0.7238819560410582,first_green,1
2014-07-09 10:45:00,2014-07-09 11:15:00,long,1323.2649999999999,1323.325,1321.5836546245769,,11.97970664841006,0.7187823989066737,0.035685707932005054,first_green,2
2014-07-10 09:45:00,2014-07-10 10:00:00,long,1327.915,1329.185,1326.3401055328745,,12.790584860580006,16.244042772936375,0.8064032393980294,first_green,1
2014-07-11 11:15:00,2014-07-11 11:30:00,long,1335.165,1335.785,1333.6576662655416,,13.3908178220472,8.302307049670848,0.41132231424708515,first_green,1
2014-07-14 08:00:00,2014-07-14 08:15:00,long,1331.195,1331.795,1329.4804489681178,,11.78453532561359,7.070721195369761,0.349945839373174,first_green,1
2014-07-14 14:15:00,2014-07-14 14:30:00,long,1318.905,1316.3249699504756,1316.5499699504755,,8.587093829165568,-22.154960117332188,-1.0955401821923016,stop_loss,1
2014-07-15 12:30:00,2014-07-15 12:45:00,short,1312.595,1312.075,1314.614020032944,,9.988745171622453,5.194147489243494,0.2575506887080157,first_green,1
2014-07-15 15:00:00,2014-07-15 15:15:00,short,1311.125,1309.345,1313.0179936103384,,10.660607549854781,18.97588143874122,0.9403095659059116,first_green,1
2014-07-16 15:45:00,2014-07-16 16:00:00,short,1299.385,1298.805,1301.2471249496891,,10.862805786031833,6.300427355897673,0.3114721168935274,first_green,1
2014-07-17 08:45:00,2014-07-17 09:00:00,short,1306.385,1308.00447860219,1307.77947860219,,14.517004932448987,-23.50997885598679,-1.1613506292936644,stop_loss,1
2014-07-21 10:00:00,2014-07-21 12:15:00,short,1313.345,1313.125,1314.840310357808,,13.498788190457612,2.969733401901043,0.14712664755598553,first_green,9
2014-07-21 14:45:00,2014-07-21 15:00:00,short,1316.2450000000001,1318.0993704252287,1317.8743704252288,,12.392702003117563,-22.9806600832522,-1.1380901460564634,stop_loss,1
2014-07-24 12:45:00,2014-07-24 13:15:00,short,1299.835,1299.465,1301.8197603682388,,10.144726186875129,3.7535486891449974,0.18642048980877635,first_green,2
2014-07-25 13:15:00,2014-07-25 13:45:00,short,1294.275,1295.7883379936516,1295.5633379936517,,15.635830390262207,-23.66229619187418,-1.1746436114657974,stop_loss,2
2014-07-25 14:00:00,2014-07-25 14:45:00,short,1295.295,1295.055,1296.664152176404,,14.669719670124202,3.5207327208299417,0.1752909604470394,first_green,3
2014-07-28 07:15:00,2014-07-28 08:00:00,short,1306.7450000000001,1308.8284337888824,1308.6034337888825,,10.812265987411289,-22.526640292555555,-1.1210696885441462,stop_loss,3
2014-07-28 11:45:00,2014-07-28 12:00:00,short,1304.9550000000002,1304.0249999999999,1307.0807542077814,,9.426096286819398,8.766269546744784,0.4374917836672065,first_green,1
2014-07-29 10:15:00,2014-07-29 10:30:00,short,1306.825,1308.3798989878364,1308.1548989878365,,15.083461001168022,-23.4532582437859,-1.1691857818208768,stop_loss,1
2014-07-29 10:45:00,2014-07-29 11:00:00,short,1308.555,1310.2377190252264,1310.0127190252265,,13.720645766977155,-23.087991670483618,-1.154350732964441,stop_loss,1
2014-07-29 11:15:00,2014-07-29 11:30:00,short,1311.145,1310.5049999999999,1312.9031097717511,,11.343504662894063,7.259842984253335,0.36402732655460596,first_green,1
2014-07-30 14:30:00,2014-07-30 15:00:00,short,1299.085,1298.185,1300.310584492324,,16.28714799038222,14.658433191345479,0.7343434953990259,first_green,2
2014-07-31 10:00:00,2014-07-31 10:15:00,short,1295.2450000000001,1294.845,1296.735272872204,,13.418966725606866,5.367586690243967,0.2684072208927527,first_green,1
2014-07-31 12:00:00,2014-07-31 12:15:00,short,1296.785,1295.0349999999999,1298.411562901619,,12.30283872267522,21.529967764684432,1.0758883030336674,first_green,1
2014-08-04 09:45:00,2014-08-04 10:00:00,short,1294.285,1294.0149999999999,1295.5141965326832,,16.323806191119715,4.4074276716057375,0.21965567980480155,first_green,1
2014-08-04 11:00:00,2014-08-04 11:15:00,short,1294.845,1294.205,1296.1281532680014,,15.64597545760459,10.013424292868503,0.49877128162325696,first_green,1
2014-08-05 08:45:00,2014-08-05 09:45:00,short,1291.2050000000002,1291.165,1292.4456267685814,,16.202470081484332,0.6480988032624678,0.03224176763970197,first_green,4
2014-08-06 15:15:00,2014-08-06 15:30:00,short,1293.375,1295.6171011811446,1295.3921011811447,,9.966202258543428,-22.345233855405823,-1.111546213994197,stop_loss,1
2014-08-07 10:30:00,2014-08-07 10:45:00,long,1303.145,1304.675,1301.5221070319512,,12.352616997717996,18.8995040065082,0.9427608783341634,first_green,1
2014-08-08 10:30:00,2014-08-08 10:45:00,long,1317.7649999999999,1318.085,1315.4242633317426,,8.584572666848926,2.7470632533930615,0.1367090986097182,first_green,1
2014-08-08 11:30:00,2014-08-08 12:15:00,long,1317.355,1317.435,1314.9210931647726,,8.25877613300993,0.6607020906401935,0.03286896558325051,first_green,3
2014-08-08 14:30:00,2014-08-08 15:00:00,long,1315.225,1312.7850911926214,1313.0100911926213,,9.076104338473574,-22.144866912128023,-1.1015843177156361,stop_loss,2
2014-08-08 15:15:00,2014-08-08 15:30:00,long,1313.125,1310.5608948069203,1310.7858948069202,,8.57053429148955,-21.975751484276344,-1.0961906290771206,stop_loss,1
2014-08-11 16:00:00,2014-08-11 16:30:00,long,1308.625,1308.595,1306.9826237982497,,12.172876024795967,-0.36518628074354686,-0.018266216941040646,first_green,2
2014-08-12 10:15:00,2014-08-12 10:30:00,long,1307.205,1309.595,1305.9862456569508,,16.40324733060156,39.20376112013937,1.9610186528818696,first_green,1
2014-08-12 13:00:00,2014-08-12 13:15:00,long,1310.225,1310.815,1308.5278315184032,,11.837091334726885,6.983883887490585,0.3476378488039533,first_green,1
2014-08-13 10:15:00,2014-08-13 10:30:00,long,1308.315,1306.8409062451017,1307.0659062451016,,16.09726888629981,-23.728883536214493,-1.1801305939746678,stop_loss,1
2014-08-13 10:45:00,2014-08-13 11:15:00,long,1307.145,1307.655,1305.768893650113,,14.568405871830185,7.429886994633262,0.3706108906784963,first_green,2
2014-08-13 15:15:00,2014-08-13 15:30:00,long,1305.215,1311.9550000000002,1303.3892051722016,,10.99041920807841,74.0754254624511,3.6915429364689034,first_green,1
2014-08-14 12:00:00,2014-08-14 12:15:00,long,1314.925,1314.785,1313.0650861788288,,10.888374976615031,-1.5243724967247179,-0.07527230477362416,first_green,1
2014-08-14 13:45:00,2014-08-14 14:30:00,long,1311.555,1309.0123990535758,1309.2373990535757,,8.736460092103979,-22.213331698581463,-1.097083149861085,stop_loss,3
2014-08-14 14:45:00,2014-08-14 15:00:00,long,1309.705,1309.535,1307.4710282009885,,9.038652527998625,-1.5365709297583687,-0.07609764817759665,first_green,1
2014-08-15 13:00:00,2014-08-15 13:30:00,long,1312.595,1312.7450000000001,1311.2556338895536,,15.072991069304033,2.2609486603969757,0.11199327714069914,first_green,2
2014-08-15 14:45:00,2014-08-15 15:00:00,long,1311.2749999999999,1309.6285374545032,1309.853537454503,,14.206428341649996,-23.39035216980896,-1.1582876739965593,stop_loss,1
2014-08-15 15:15:00,2014-08-15 15:30:00,long,1306.345,1304.191417499036,1304.416417499036,,10.44053334635655,-22.484549915443758,-1.116665996859062,stop_loss,1
2014-08-18 10:15:00,2014-08-18 10:30:00,long,1300.7749999999999,1300.645,1299.518587059711,,15.981384697542769,-2.0775800106786706,-0.10346916672953213,first_green,1
2014-08-18 11:45:00,2014-08-18 12:00:00,short,1301.295,1302.8214472847865,1302.5964472847866,,15.424385468668769,-23.544511318148245,-1.1728844515103212,stop_loss,1
2014-08-19 12:00:00,2014-08-19 12:15:00,short,1300.615,1300.135,1301.698007417941,,18.481095307229825,8.870925747470652,0.44321026065786784,first_green,1
2014-08-19 14:30:00,2014-08-19 14:45:00,short,1301.755,1300.985,1302.9580300852463,,16.65572695937408,12.824909758721525,0.6400504937020404,first_green,1
2014-08-20 09:00:00,2014-08-20 09:15:00,short,1295.625,1295.685,1296.6624996524265,,19.344009273864295,-1.160640556430802,-0.05783134467526559,first_green,1
2014-08-20 14:15:00,2014-08-20 14:30:00,short,1295.355,1295.435,1297.2198982087975,,10.760105405279516,-0.8608084324215783,-0.0428977837088016,first_green,1
2014-08-21 13:15:00,2014-08-21 13:30:00,short,1280.855,1283.0683989848467,1282.8433989848468,,10.090705853605893,-22.33475809275756,-1.1131563643487021,stop_loss,1
2014-08-21 13:45:00,2014-08-21 14:00:00,short,1282.045,1281.2649999999999,1283.9916807573425,,10.27827100308983,8.017051382412125,0.4006820312258369,first_green,1
2014-08-22 12:00:00,2014-08-22 13:15:00,short,1280.755,1282.1711422188894,1281.9461422188895,,16.814579058071114,-23.811835296985763,-1.1888943204529379,stop_loss,5
2014-08-22 13:30:00,2014-08-22 13:45:00,short,1282.035,1280.955,1283.2647236957785,,16.23862782284526,17.53771804867539,0.8782460675579237,first_green,1
2014-08-25 08:45:00,2014-08-25 09:00:00,short,1277.445,1277.345,1278.8515047230605,,14.228796667139349,1.4228796667126409,0.07109823263323661,first_green,1
2014-08-26 07:45:00,2014-08-26 08:00:00,short,1282.755,1282.585,1284.1823696736274,,14.023295635881937,2.3839602581009496,0.11910019046997551,first_green,1
2014-08-27 10:30:00,2014-08-27 10:45:00,short,1285.9550000000002,1285.425,1287.2362658988252,,15.62703482077661,8.28232845501473,0.4136534036270114,first_green,1
2014-08-27 13:15:00,2014-08-27 13:30:00,short,1286.335,1285.705,1287.5903816973246,,15.965735902845973,10.058413618794706,0.5018394017873302,first_green,1
2014-08-27 15:00:00,2014-08-27 15:15:00,short,1286.095,1286.145,1287.4290038511201,,15.043613745152918,-0.7521806872569617,-0.037481151166072244,first_green,1
2014-08-28 09:30:00,2014-08-28 09:45:00,short,1288.195,1287.685,1289.3524702827758,,17.33639171362159,8.841559773946853,0.4406160638326675,first_green,1
2014-08-28 11:00:00,2014-08-28 11:15:00,short,1288.9750000000001,1290.5957054110818,1290.3707054110819,,14.39305311780967,-23.326899070019664,-1.1612088039592279,stop_loss,1
2014-08-28 11:30:00,2014-08-28 11:45:00,short,1291.355,1289.105,1293.0844347677184,,11.581902506368403,26.059280639328907,1.3010031034407439,first_green,1
2014-08-29 14:45:00,2014-08-29 15:15:00,short,1285.805,1285.2749999999999,1287.3422905656935,,13.071889934726087,6.928101665407442,0.3447624098058119,first_green,2
2014-09-01 08:30:00,2014-09-01 09:30:00,short,1286.9750000000001,1288.3690568592554,1288.1440568592554,,17.204136109694783,-23.98354395128035,-1.19246283721669,stop_loss,4
2014-09-01 09:45:00,2014-09-01 10:00:00,short,1288.115,1287.985,1289.3523210166215,,16.206509222219065,2.1068461988902474,0.10506570102160705,first_green,1
2014-09-01 10:45:00,2014-09-01 12:15:00,short,1288.7150000000001,1288.325,1290.0211806423297,,15.356162028589608,5.988903191151484,0.2985804469621797,first_green,6
2014-09-02 12:45:00,2014-09-02 13:00:00,short,1277.415,1276.865,1279.2711995806517,,10.81397391176536,5.947685651470457,0.29630434449664483,first_green,1
2014-09-03 09:30:00,2014-09-03 09:45:00,short,1268.375,1268.385,1269.7214442114566,,14.919120215604444,-0.14919120215590875,-0.007426969431709741,first_green,1
2014-09-04 11:30:00,2014-09-04 11:45:00,short,1271.665,1271.805,1272.924735201713,,15.945724187912555,-2.232401386309353,-0.11113446683852325,first_green,1
2014-09-04 13:30:00,2014-09-04 13:45:00,short,1272.365,1271.2549999999999,1273.64088894252,,15.739464779115083,17.47080590481975,0.8699816755272012,first_green,1
2014-09-05 09:00:00,2014-09-05 09:15:00,short,1264.515,1263.675,1265.946040592143,,14.063532647582846,11.813367423971638,0.5869854458442246,first_green,1
2014-09-05 15:45:00,2014-09-05 16:00:00,short,1268.615,1267.365,1271.466773699449,,7.067538181613398,8.834422727016747,0.4383237001735091,first_green,1
2014-09-11 09:45:00,2014-09-11 11:00:00,short,1248.7450000000001,1247.875,1250.1378616750542,,14.486079934830103,12.602889543303903,0.6246133521954712,first_green,5
2014-09-11 15:00:00,2014-09-11 15:30:00,short,1242.7050000000002,1242.655,1245.0608310935493,,8.57812465511186,0.4289062327571534,0.021223932453007806,first_green,2
2014-09-12 08:30:00,2014-09-12 08:45:00,short,1234.4950000000001,1236.2857646374923,1236.0607646374924,,12.907230479289801,-23.113811910273707,-1.1436997583240007,stop_loss,1
2014-09-12 09:00:00,2014-09-12 09:45:00,short,1236.565,1238.4469603251846,1238.2219603251847,,12.16196924957365,-22.888343603811958,-1.135790819236929,stop_loss,3
2014-09-12 10:00:00,2014-09-12 10:15:00,short,1239.345,1238.205,1241.1587996888693,,11.07877555992779,12.62980413831879,0.6285148282888849,first_green,1
2014-09-15 10:15:00,2014-09-15 13:15:00,short,1234.7150000000001,1235.165,1236.3870199062417,,12.037090048309471,-5.416690521737072,-0.269135551747919,time_stop,12
2014-09-15 14:45:00,2014-09-15 15:00:00,short,1237.785,1235.565,1239.2784558606102,,13.46722924872703,29.897248932174374,1.4864851774682828,first_green,1
2014-09-16 10:30:00,2014-09-16 10:45:00,short,1236.385,1237.819191483751,1237.594191483751,,16.695003100251306,-23.94383126757638,-1.186074747484933,stop_loss,1
2014-09-16 11:45:00,2014-09-16 12:00:00,short,1239.695,1239.245,1241.1821335019938,,13.534491667941337,6.090521250574217,0.3025955634761171,first_green,1
2014-09-16 13:30:00,2014-09-16 13:45:00,short,1240.695,1239.095,1242.4675685145723,,11.363635385252113,18.181816616402347,0.9026449397279679,first_green,1
2014-09-17 13:15:00,2014-09-17 14:15:00,short,1237.195,1237.2849999999999,1238.847592391415,,12.216125973588294,-1.0994513376219466,-0.05445989008992979,first_green,4
2014-09-18 09:00:00,2014-09-18 09:30:00,short,1223.765,1223.575,1225.500629959399,,11.630087449727132,2.2097166154487895,0.10947033898046732,first_green,2
2014-09-19 14:30:00,2014-09-19 15:00:00,short,1222.145,1222.245,1224.2863347024593,,9.429190344006152,-0.9429190343997575,-0.04669984560800355,first_green,2
2014-09-19 16:00:00,2014-09-19 16:15:00,short,1224.315,1222.245,1226.6697961964512,,8.573436305254,17.747013151877184,0.879056965999773,first_green,1
2014-09-22 15:30:00,2014-09-22 15:45:00,short,1215.7150000000001,1214.965,1217.8635428307912,,9.41710932872532,7.062831996546132,0.34907379515636633,first_green,1
2014-09-23 11:00:00,2014-09-23 11:15:00,short,1217.385,1219.5409895982602,1219.3159895982603,,10.487223666685564,-22.610345140002778,-1.1165205655186414,stop_loss,1
2014-09-24 13:00:00,2014-09-24 13:15:00,short,1224.335,1223.335,1226.3698491055911,,9.924172704827352,9.924172704827352,0.4914369312458258,first_green,1
2014-09-25 12:00:00,2014-09-25 12:45:00,short,1210.395,1210.2949999999998,1212.6686432281208,,8.892777958229923,0.8892777958242054,0.04398227424748038,first_green,3
2014-09-25 15:45:00,2014-09-25 16:00:00,short,1212.275,1210.385,1214.654191576861,,8.49920106269086,16.063490008486575,0.7943874795041854,first_green,1
2014-09-26 09:30:00,2014-09-26 09:45:00,short,1225.105,1227.4118633934675,1227.1868633934675,,9.732332278380271,-22.451161066056997,-1.1080762554862698,stop_loss,1
2014-09-29 13:45:00,2014-09-29 14:00:00,short,1220.295,1220.345,1221.8291855306024,,13.170022789110734,-0.6585011394549378,-0.03259058243126754,first_green,1
2014-09-29 14:30:00,2014-09-29 15:00:00,short,1222.435,1220.935,1224.139982000996,,11.84975098628903,17.774626479433543,0.8797746833243162,first_green,2
2014-10-01 07:45:00,2014-10-01 08:00:00,short,1206.835,1206.2549999999999,1208.560382521929,,11.735396908664232,6.806530207027069,0.33615734054831936,first_green,1
2014-10-01 12:30:00,2014-10-01 13:15:00,short,1208.395,1208.2549999999999,1210.3839857001296,,10.188642903920137,1.4264100065498384,0.07038763526101446,first_green,3
2014-10-01 14:30:00,2014-10-01 14:45:00,short,1209.425,1209.305,1211.4089326298545,,10.216390798576398,1.2259668958280527,0.06048592487169844,first_green,1
2014-10-01 15:30:00,2014-10-01 15:45:00,short,1211.545,1214.2914775052393,1214.0664775052394,,8.039610085657541,-22.080608251152853,-1.0892333957104068,stop_loss,1
2014-10-01 16:00:00,2014-10-01 16:15:00,short,1213.395,1212.7949999999998,1216.2151260121707,,7.168649334818816,4.301189600892267,0.21275645038935875,first_green,1
2014-10-02 11:45:00,2014-10-02 12:00:00,short,1217.765,1215.645,1220.6022038188194,,7.1292895142347605,15.114093770178535,0.7472145589041195,first_green,1
2014-10-03 14:30:00,2014-10-03 14:45:00,short,1207.555,1206.675,1209.3800389840037,,11.103890298948272,9.771423463075692,0.4821814808961658,first_green,1
2014-10-06 09:45:00,2014-10-06 10:15:00,short,1192.765,1194.9641480994112,1194.7391480994113,,10.277578077546263,-22.601916295785095,-1.113973212074118,stop_loss,2
2014-10-06 12:00:00,2014-10-06 12:15:00,short,1194.065,1193.2649999999999,1196.2412742654678,,9.297061844936927,7.437649475951233,0.36760072601797034,first_green,1
2014-10-06 13:15:00,2014-10-06 13:45:00,short,1194.4850000000001,1194.225,1196.4642253987333,,10.232058750989374,2.6603352752594707,0.13136452279090094,first_green,2
2014-10-06 15:15:00,2014-10-06 15:30:00,short,1197.2150000000001,1196.485,1199.456119077072,,9.039323972890427,6.598706500212232,0.3257301262876522,first_green,1
2014-10-07 10:15:00,2014-10-07 10:30:00,short,1208.795,1211.140413111457,1210.9154131114572,,9.561673645658162,-22.42607473599943,-1.1061113981913155,stop_loss,1
2014-10-07 10:45:00,2014-10-07 11:00:00,short,1211.425,1209.335,1213.8332643665115,,8.395520550002972,17.546637949505524,0.8678449214557753,first_green,1
2014-10-07 15:30:00,2014-10-07 15:45:00,short,1206.165,1205.895,1208.8137229531778,,7.649912781346412,2.0654764509633923,0.10193591582541431,first_green,1
2014-10-08 08:45:00,2014-10-08 09:45:00,short,1213.155,1215.237281820315,1215.0122818203151,,10.912540597338712,-22.722984899288605,-1.1211447813351925,stop_loss,4
2014-10-08 10:00:00,2014-10-08 11:45:00,short,1216.035,1218.2830866304037,1218.0580866304037,,9.990108925097031,-22.458630310786088,-1.1112161963894815,stop_loss,7
2014-10-09 12:15:00,2014-10-09 12:30:00,long,1225.915,1227.385,1223.6117987756822,,8.750737457962959,12.863584063205789,0.6382421060215824,first_green,1
2014-10-10 10:45:00,2014-10-10 11:00:00,long,1220.2849999999999,1218.4660132539332,1218.691013253933,,12.66438898368076,-23.036355708348236,-1.1411555024250393,stop_loss,1
2014-10-10 11:15:00,2014-10-10 11:30:00,long,1218.115,1220.2150000000001,1216.3256440811977,,11.249454111523644,23.623853634201186,1.1736066469133195,first_green,1
2014-10-10 16:00:00,2014-10-10 16:15:00,long,1221.425,1223.695,1219.1319413893782,,8.804108555411865,19.985326420784773,0.9899441686684484,first_green,1
2014-10-13 10:30:00,2014-10-13 10:45:00,long,1230.345,1230.195,1227.9830873309334,,8.568606499699735,-1.2852909749557395,-0.06350785190519545,first_green,1
2014-10-13 12:00:00,2014-10-13 13:30:00,long,1228.555,1226.04958084492,1226.27458084492,,8.873406880209787,-22.231603568496816,-1.0986660717608296,stop_loss,6
2014-10-13 13:45:00,2014-10-13 14:00:00,long,1226.565,1226.855,1224.357803031814,,9.142595020920746,2.651352556066684,0.13138836459996367,first_green,1
2014-10-14 11:30:00,2014-10-14 12:00:00,long,1232.565,1233.085,1231.0407693786076,,13.243492231167934,6.886615960207085,0.3411557232231271,first_green,2
2014-10-15 08:15:00,2014-10-15 09:15:00,long,1226.055,1226.685,1224.3033101139208,,11.533635658558483,7.266190464890481,0.35965270166056096,first_green,4
2014-10-15 11:00:00,2014-10-15 11:15:00,long,1223.395,1223.265,1221.3630459019062,,9.95175945556641,-1.2937287292224566,-0.06397782318106252,first_green,1
2014-10-15 13:00:00,2014-10-15 13:15:00,long,1222.7849999999999,1222.855,1220.7447463682558,,9.909691507264442,0.6936784055101333,0.034309459819624355,first_green,1
2014-10-16 09:45:00,2014-10-16 10:00:00,long,1238.735,1239.055,1236.6646884815316,,9.766654970906139,3.125329590691563,0.15456611101546217,first_green,1
2014-10-16 15:15:00,2014-10-16 15:30:00,long,1238.695,1235.6414758997807,1235.8664758997807,,7.151373257021695,-21.83689058997877,-1.0795467855417835,stop_loss,1
2014-10-17 11:45:00,2014-10-17 12:00:00,long,1237.925,1238.755,1236.2799471316268,,12.26297328706831,10.178267828268593,0.504543055094022,first_green,1
2014-10-17 13:30:00,2014-10-17 14:00:00,long,1237.235,1235.376114050511,1235.601114050511,,12.362359231109288,-22.98021587724373,-1.1377085102361497,stop_loss,2
2014-10-17 14:15:00,2014-10-17 14:30:00,long,1235.825,1236.785,1234.1663803093925,,12.143371156515245,11.657636310255077,0.5787945274232098,first_green,1
2014-10-20 12:30:00,2014-10-20 13:00:00,long,1240.975,1241.145,1239.2277268714897,,11.543918504902589,1.96246614583428,0.0972944625692397,first_green,2
2014-10-22 12:45:00,2014-10-22 13:00:00,long,1245.725,1245.935,1244.135991223082,,12.696773648932432,2.6663224662762723,0.13215786032810484,first_green,1
2014-10-22 16:00:00,2014-10-22 16:15:00,long,1242.385,1244.405,1239.930329685718,,8.221857923418247,16.608153005304708,0.8229211019692207,first_green,1
2014-10-23 10:00:00,2014-10-23 10:15:00,long,1242.0449999999998,1242.525,1240.707834449028,,15.12413398675552,7.259584313646363,0.3589682666079745,first_green,1
2014-10-23 11:15:00,2014-10-23 11:30:00,long,1240.925,1239.0758816380137,1239.3008816380136,,12.463143321278203,-23.045827163441906,-1.1385367010595995,stop_loss,1
2014-10-23 11:45:00,2014-10-23 12:00:00,long,1239.435,1239.815,1237.6808877388994,,11.506678218863383,4.372537723169342,0.21663379729282203,first_green,1
2014-10-23 13:00:00,2014-10-23 13:15:00,long,1238.845,1238.875,1237.0499574512094,,11.25039443001521,0.3375118329001493,0.016712695763219664,first_green,1
2014-10-23 14:30:00,2014-10-23 14:45:00,long,1237.165,1235.1294344877447,1235.3544344877446,,11.154404706946833,-22.705521531199036,-1.1242705654542329,stop_loss,1
2014-10-24 10:45:00,2014-10-24 11:00:00,long,1231.075,1231.025,1229.5869055870949,,13.533426705763864,-0.6766713352875777,-0.03360001863211104,first_green,1
2014-10-24 11:30:00,2014-10-24 11:45:00,short,1232.575,1232.2749999999999,1234.1752235514407,,12.584069876887868,3.7752209630686497,0.18747380622544763,first_green,1
2014-10-27 11:30:00,2014-10-27 12:00:00,short,1230.315,1231.7336441968246,1231.5086441968247,,16.878365509566343,-23.94439528202936,-1.1884983821799373,stop_loss,2
2014-10-27 12:15:00,2014-10-27 12:30:00,short,1231.175,1230.595,1232.3178375730406,,17.576340267436144,10.194277355111685,0.5075086903703825,first_green,1
2014-10-28 08:15:00,2014-10-28 08:30:00,short,1228.7250000000001,1228.875,1230.1920119413294,,13.70976416820269,-2.0564646252285335,-0.10224865645193719,first_green,1
2014-10-30 12:00:00,2014-10-30 12:15:00,short,1205.675,1205.205,1207.9469811865006,,8.850093788394393,4.159544080545606,0.20686791017135825,first_green,1
2014-11-04 13:00:00,2014-11-04 13:15:00,short,1170.355,1172.7867163951328,1172.5617163951329,,9.116552308475686,-22.168869715605673,-1.1019614484653177,stop_loss,1
2014-11-04 13:30:00,2014-11-04 13:45:00,short,1172.805,1171.0149999999999,1175.265485054987,,8.153767579789935,14.595243967825542,0.7274988305139967,first_green,1
2014-11-06 07:15:00,2014-11-06 07:30:00,short,1145.015,1144.115,1148.1221182505797,,6.468602016701833,5.821741815032238,0.28965746631375133,first_green,1
2014-11-06 10:00:00,2014-11-06 10:15:00,short,1146.555,1145.475,1149.3201257748508,,7.273906279164959,7.855818781499281,0.3905789782956459,first_green,1
2014-11-11 07:45:00,2014-11-11 08:45:00,short,1150.9750000000001,1150.5449999999998,1153.5971532094234,,7.678004935398027,3.301542122223386,0.16398736673928893,first_green,4
2014-11-11 11:30:00,2014-11-11 12:00:00,short,1151.775,1151.605,1154.633012748254,,7.047260076405131,1.198034212989385,0.05948189003143238,first_green,2
2014-11-11 13:15:00,2014-11-11 14:45:00,short,1154.285,1153.7849999999999,1157.0382055619273,,7.31661830948027,3.6583091547417985,0.181606490599357,first_green,6
2014-11-12 15:15:00,2014-11-12 15:30:00,short,1166.345,1168.8763124186517,1168.6513124186517,,8.738321761640599,-22.119422393414577,-1.0975583351935665,stop_loss,1
2014-11-13 13:00:00,2014-11-13 13:15:00,short,1162.585,1161.705,1165.8501177977507,,6.1553679487178155,5.4167237948723495,0.2695155441578044,first_green,1
2014-11-13 15:45:00,2014-11-13 16:30:00,short,1163.365,1162.945,1166.3779911800339,,6.674942623072641,2.803475901690995,0.1393963589350282,first_green,3
2014-11-17 10:15:00,2014-11-17 10:30:00,long,1184.845,1187.155,1181.9030333418661,,6.838470410492525,15.79686664823736,0.7851890481536604,first_green,1
2014-11-17 15:00:00,2014-11-17 15:45:00,long,1187.965,1184.8137406623052,1185.0387406623051,,6.888673142280224,-21.707995563937125,-1.0768899724988688,stop_loss,3
2014-11-17 16:00:00,2014-11-17 17:00:00,long,1186.0349999999999,1182.708346315496,1182.933346315496,,6.4816308211504134,-21.56214105277311,-1.0725419479047678,stop_loss,4
2014-11-18 14:15:00,2014-11-18 15:00:00,long,1200.175,1197.0468499536255,1197.2718499536254,,6.9062461275197204,-21.603774144074233,-1.0775020224259124,stop_loss,3
2014-11-18 15:15:00,2014-11-18 15:30:00,long,1196.975,1198.055,1194.0832747169277,,6.914854411335641,7.468042764243561,0.3734794609717365,first_green,1
2014-11-19 14:15:00,2014-11-19 14:30:00,long,1198.655,1195.9214251564595,1196.1464251564594,,7.978446203616097,-21.809679832746244,-1.0896923608156512,stop_loss,1
2014-11-20 15:15:00,2014-11-20 15:30:00,long,1188.315,1191.855,1184.3430186449798,,5.025201141018363,17.789212039204823,0.8912428542811992,first_green,1
2014-11-21 11:00:00,2014-11-21 11:15:00,long,1190.415,1190.385,1187.3980506359371,,6.630697387810991,-0.19892092163414882,-0.009943819527541748,first_green,1
2014-11-21 12:30:00,2014-11-21 12:45:00,long,1189.565,1194.045,1186.441439446866,,6.404223841626722,28.69092281048783,1.4342606534408522,first_green,1
2014-11-24 10:00:00,2014-11-24 10:30:00,long,1197.5249999999999,1194.9193272310497,1195.1443272310496,,8.432787795957294,-21.973085526261254,-1.0945110991037716,stop_loss,2
2014-11-24 10:45:00,2014-11-24 11:00:00,long,1194.875,1196.7250000000001,1192.4636668828775,,8.302782977678135,15.36014850870568,0.7672104641468241,first_green,1
2014-11-25 13:45:00,2014-11-25 15:00:00,long,1200.235,1197.7834808502519,1198.0084808502518,,9.00920880554605,-22.086247910874786,-1.1010545990701954,stop_loss,5
2014-11-25 15:15:00,2014-11-25 15:30:00,long,1197.375,1194.6116868468819,1194.8366868468818,,7.880808672198868,-21.777142261094586,-1.0886415451629776,stop_loss,1
2014-11-26 11:45:00,2014-11-26 12:00:00,long,1196.2549999999999,1196.085,1194.7841406425475,,13.563171320983379,-2.3057391245650773,-0.11557869155776994,first_green,1
2014-11-27 15:30:00,2014-11-27 15:45:00,long,1195.095,1196.135,1193.127197400449,,10.13503748340217,10.54043898273789,0.5285082966336271,first_green,1
2014-11-28 10:15:00,2014-11-28 10:30:00,long,1185.625,1183.0932912845858,1183.3182912845857,,8.65740180821079,-21.91801961068989,-1.0975415744937256,stop_loss,1
2014-11-28 10:45:00,2014-11-28 11:00:00,long,1183.7849999999999,1185.585,1181.3943429953824,,8.33047531132705,14.994855560390205,0.7529310965661656,first_green,1
2014-11-28 13:15:00,2014-11-28 13:30:00,long,1181.5449999999998,1183.405,1179.1695822049949,,8.39969976467895,15.623441562303915,0.7830201507757205,first_green,1
2014-12-01 08:45:00,2014-12-01 09:00:00,short,1154.7250000000001,1158.584797278847,1158.359797278847,,5.5001292682725245,-21.22938398298408,-1.0619016640375847,stop_loss,1
2014-12-01 09:15:00,2014-12-01 10:00:00,short,1156.605,1155.7749999999999,1160.475692551659,,5.151218075721372,4.275511002849536,0.21443191080738697,first_green,3
2014-12-01 10:45:00,2014-12-01 11:00:00,short,1160.555,1164.9614666792986,1164.7364666792987,,4.770926506227493,-21.022928679073676,-1.0538088707280213,stop_loss,1
2014-12-01 11:15:00,2014-12-01 11:45:00,short,1164.2250000000001,1169.0148360653138,1168.789836065314,,4.358735474569016,-20.877628375252872,-1.049289831393856,stop_loss,2
2014-12-01 12:00:00,2014-12-01 12:30:00,short,1175.885,1175.985,1182.129555333635,,3.177923448871989,-0.3177923448869099,-0.016013950498809878,first_green,2
2014-12-01 15:15:00,2014-12-01 15:30:00,short,1177.825,1183.5724035865417,1183.3474035865418,,3.5933491695600104,-20.652427904825565,-1.040743128689153,stop_loss,1
2014-12-02 10:15:00,2014-12-02 10:30:00,long,1203.685,1200.1445959745702,1200.36959597457,,5.96979828705691,-21.135497886500087,-1.0678650319159022,stop_loss,1
2014-12-02 10:45:00,2014-12-02 11:00:00,long,1198.425,1194.544166937257,1194.7691669372568,,5.399440890330288,-20.9543287275204,-1.0615454798231632,stop_loss,1
2014-12-02 11:15:00,2014-12-02 11:45:00,long,1195.485,1196.025,1191.4870367979408,,4.924274614443282,2.6591082918003126,0.1350687769517431,first_green,2
2014-12-02 14:45:00,2014-12-02 15:00:00,long,1193.355,1197.2250000000001,1189.8825940912857,,5.671490313584597,21.94866751357306,1.1145010409894711,first_green,1
2014-12-03 12:30:00,2014-12-03 12:45:00,long,1203.495,1203.915,1200.8744926472746,,7.536169713224689,3.165191279554918,0.16027430702046036,first_green,1
2014-12-03 13:45:00,2014-12-03 14:00:00,long,1200.5449999999998,1200.7050000000002,1198.0035101510616,,7.773590412467666,1.2437744659972303,0.06295519931631967,first_green,1
2014-12-04 09:30:00,2014-12-04 09:45:00,long,1203.865,1204.315,1201.907791005277,,10.095810213692229,4.543114596161962,0.2299192376559283,first_green,1
2014-12-04 11:45:00,2014-12-04 12:00:00,long,1203.875,1204.195,1201.7701506398896,,9.393056206506186,3.0057779860813816,0.1520298820734389,first_green,1
2014-12-04 13:00:00,2014-12-04 14:15:00,long,1202.975,1203.375,1200.9550947643402,,9.791787476728192,3.9167149906921677,0.19802909212691072,first_green,5
2014-12-05 10:15:00,2014-12-05 11:00:00,long,1203.905,1201.9452995180004,1202.1702995180003,,11.40731485551717,-22.354920420677757,-1.1297053885294037,stop_loss,3
2014-12-05 13:45:00,2014-12-05 14:00:00,long,1202.5449999999998,1200.5869015383191,1200.811901538319,,11.385612366188749,-22.294150059527173,-1.1298252840070595,stop_loss,1
2014-12-05 14:15:00,2014-12-05 14:45:00,long,1199.625,1202.9950000000001,1197.4959763264078,,9.242101037226815,31.14588049545546,1.5828851702311404,first_green,2
2014-12-10 10:30:00,2014-12-10 10:45:00,long,1229.695,1231.435,1226.100085720287,,5.495128691859531,9.561523923835633,0.48401710433523876,first_green,1
2014-12-10 12:30:00,2014-12-10 12:45:00,long,1228.825,1225.5644638044103,1225.7894638044102,,6.5156266104715925,-21.244436400390665,-1.0741219954243324,stop_loss,1
2014-12-10 13:00:00,2014-12-10 13:15:00,long,1226.835,1228.315,1223.7748948109456,,6.445957933926252,9.54001774221097,0.483643505227788,first_green,1
2014-12-10 14:15:00,2014-12-10 14:30:00,long,1226.0149999999999,1229.2250000000001,1223.0405939750556,,6.63969854847222,21.313432340597576,1.0792070662445536,first_green,1
2014-12-11 10:45:00,2014-12-11 11:00:00,long,1221.985,1222.065,1219.3656454296354,,7.560046727268922,0.6048037381826826,0.03054187505016606,first_green,1
2014-12-11 11:30:00,2014-12-11 11:45:00,long,1219.715,1219.565,1216.9226814901272,,7.0922979905645125,-1.0638446985837093,-0.05371880015460661,first_green,1
2014-12-11 16:00:00,2014-12-11 16:15:00,long,1217.115,1217.095,1213.8143661111874,,5.999240149583366,-0.11998480299155818,-0.006059442117397828,first_green,1
2014-12-12 07:30:00,2014-12-12 07:45:00,long,1219.325,1220.9850000000001,1216.996564201084,,8.50399027194624,14.116623851431454,0.7129249605133712,first_green,1
2014-12-12 14:30:00,2014-12-12 14:45:00,long,1221.7849999999999,1224.175,1218.8254686841242,,6.70250956158311,16.018997852184302,0.8075603009096551,first_green,1
2014-12-15 10:00:00,2014-12-15 10:15:00,long,1216.745,1214.3084348362916,1214.5334348362915,,8.98745140467054,-21.898511003141802,-1.1017379020488012,stop_loss,1
2014-12-15 10:30:00,2014-12-15 10:45:00,long,1214.375,1211.8091606496596,1212.0341606496595,,8.46772682486759,-21.72682669517833,-1.0961193684509705,stop_loss,1
2014-12-15 12:00:00,2014-12-15 12:15:00,long,1211.445,1211.835,1208.9439039213335,,7.903443318892956,3.0823428943690434,0.15593163466476595,first_green,1
2014-12-15 15:00:00,2014-12-15 15:30:00,long,1208.0349999999999,1210.9550000000002,1205.5655438686813,,8.007826783917405,23.382854209041227,1.1824465974381033,first_green,2
2014-12-16 08:15:00,2014-12-16 08:30:00,long,1196.2849999999999,1197.855,1193.8028776884985,,7.9905144052340225,12.545107616218724,0.6325232212471076,first_green,1
2014-12-16 11:45:00,2014-12-16 12:15:00,short,1201.7050000000002,1198.845,1204.565643738338,,6.94417014898462,19.860326626096896,0.9997749673162615,first_green,2
2014-12-16 13:45:00,2014-12-16 14:00:00,short,1205.2350000000001,1208.9004190253993,1208.6754190253994,,5.788378544645226,-21.21683284375491,-1.065399010509715,stop_loss,1
2014-12-17 12:45:00,2014-12-17 13:45:00,short,1197.685,1200.376536099166,1200.1515360991662,,8.052347417828136,-21.673183758111477,-1.0912210447988047,stop_loss,4
2014-12-18 07:45:00,2014-12-18 08:45:00,short,1198.885,1201.7347086462244,1201.5097086462245,,7.546446215353269,-21.505173028159398,-1.085723800362971,stop_loss,4
2014-12-18 12:15:00,2014-12-18 12:30:00,short,1205.9750000000001,1209.7036138594365,1209.4786138594366,,5.638024191487995,-21.022015140219484,-1.0642194057412768,stop_loss,1
2014-12-19 15:30:00,2014-12-19 15:45:00,short,1197.145,1199.976502630766,1199.751502630766,,7.558367456354572,-21.40153733696374,-1.0863225677749584,stop_loss,1
2014-12-19 16:00:00,2014-12-19 16:15:00,short,1197.825,1197.415,1200.5175456357115,,7.296961119379836,2.9917540589463303,0.15227225661924548,first_green,1
2014-12-22 09:30:00,2014-12-22 09:45:00,short,1200.665,1199.7749999999999,1202.3763714982622,,11.484870597089959,10.221534831411212,0.5200507317691289,first_green,1
2014-12-23 09:30:00,2014-12-23 09:45:00,short,1181.685,1181.815,1184.0647205797648,,8.270060865764833,-1.075107912550331,-0.05462826228655689,first_green,1
2014-12-24 15:15:00,2014-12-24 15:30:00,short,1178.645,1176.0249999999999,1180.040327742849,,14.102598023463203,36.94880682147526,1.8776950529561043,first_green,1
2014-12-26 12:00:00,2014-12-26 12:30:00,short,1187.095,1189.560616079335,1189.335616079335,,8.823518882943894,-21.75541003410202,-1.1004188098421053,stop_loss,2
2014-12-29 15:30:00,2014-12-29 15:45:00,short,1194.365,1194.235,1196.3872521826636,,9.749392251557332,1.2674209927035172,0.06428476186826593,first_green,1
2014-12-30 07:15:00,2014-12-30 08:00:00,short,1188.315,1187.735,1190.4024323759445,,9.44648484907937,5.478961212467495,0.2778533123678976,first_green,3
2014-12-31 11:15:00,2014-12-31 11:45:00,long,1197.435,1197.625,1195.9168283203464,,12.997604935149177,2.469544937679053,0.12515053636319876,first_green,2
2014-12-31 13:45:00,2014-12-31 14:00:00,long,1196.335,1199.265,1194.6401607551295,,11.646396339919603,34.12394127596518,1.7287775279382782,first_green,1
2015-01-02 12:45:00,2015-01-02 14:15:00,long,1182.965,1179.9724787441153,1180.1974787441152,,7.163117316352752,-21.435780827580945,-1.0813001885790323,stop_loss,6
2015-01-05 15:30:00,2015-01-05 15:45:00,short,1194.605,1194.5149999999999,1198.429212133579,,5.169820420194667,0.46528383781827237,0.023534259307920462,first_green,1
2015-01-07 12:30:00,2015-01-07 13:30:00,long,1214.065,1211.6547050751503,1211.8797050751502,,9.047590311081992,-21.80736100892045,-1.1029609310127202,stop_loss,4
2015-01-07 15:30:00,2015-01-07 15:45:00,long,1210.435,1212.065,1207.7151646190223,,7.249385357770481,11.816498133166675,0.5993009765959434,first_green,1
2015-01-09 11:45:00,2015-01-09 12:00:00,long,1210.5149999999999,1210.895,1208.9076651156522,,12.285352743869927,4.6684340426719135,0.23641619658764,first_green,1
2015-01-12 10:30:00,2015-01-12 10:45:00,long,1221.475,1222.665,1218.352350537949,,6.3274303942741685,7.529642169186606,0.3810866427570329,first_green,1
2015-01-12 12:15:00,2015-01-12 12:30:00,long,1221.415,1221.835,1218.6479867260693,,7.147479706222764,3.001941476614081,0.15178821292875538,first_green,1
2015-01-12 13:15:00,2015-01-12 14:00:00,long,1219.7649999999999,1220.7450000000001,1217.1357382049996,,7.524802632275554,7.374306579631891,0.37272819384657097,first_green,3
2015-01-14 10:30:00,2015-01-14 10:45:00,long,1226.975,1227.155,1223.898837561953,,6.437602773338095,1.158768499201267,0.05851446522256895,first_green,1
2015-01-16 08:00:00,2015-01-16 08:15:00,long,1257.185,1257.4550000000002,1254.812056711446,,8.346600131234897,2.2535820354351683,0.11378274453611315,first_green,1
2015-01-16 10:15:00,2015-01-16 10:30:00,long,1256.685,1256.565,1254.0433573830792,,7.499743754830386,-0.8999692505788278,-0.04542628106892414,first_green,1
2015-01-21 13:00:00,2015-01-21 13:15:00,long,1297.735,1297.585,1294.563640357026,,6.24634069475747,-0.9369511042127684,-0.047298325288395004,first_green,1
2015-01-21 13:45:00,2015-01-21 14:00:00,long,1296.455,1299.875,1293.3557426619484,,6.390902160551402,21.85688538908626,1.103490167792969,first_green,1
2015-01-22 08:45:00,2015-01-22 09:00:00,long,1286.195,1287.415,1283.6376306817506,,7.766454570952354,9.475074576562085,0.47705272417797534,first_green,1
2015-01-22 14:30:00,2015-01-22 14:45:00,long,1282.915,1288.415,1279.7976193278637,,6.3788745774655045,35.083810176060275,1.764301693777732,first_green,1
2015-01-23 09:45:00,2015-01-23 10:15:00,long,1294.7849999999999,1295.695,1292.6472263293736,,9.342939394216168,8.502074848737479,0.42567649349590864,first_green,2
2015-01-23 12:30:00,2015-01-23 12:45:00,long,1293.485,1294.405,1290.8983463984014,,7.729811605998617,7.11142667751929,0.3556718995661117,first_green,1
2015-01-26 08:00:00,2015-01-26 08:30:00,long,1292.315,1292.585,1290.0268491606676,,8.745980926181486,2.3614148500688423,0.11799921375757992,first_green,2
2015-01-26 10:00:00,2015-01-26 10:15:00,long,1289.0049999999999,1286.1637305565232,1286.3887305565231,,7.651362968009666,-21.739583801954875,-1.0860003164279999,stop_loss,1
2015-01-26 10:30:00,2015-01-26 10:45:00,long,1287.145,1284.1957676737368,1284.4207676737367,,7.328184891643145,-21.61251977526755,-1.082592074776725,stop_loss,1
2015-01-26 11:00:00,2015-01-26 11:15:00,long,1282.805,1282.875,1279.7626772288854,,6.544225702888151,0.458095799201754,0.02300873551766168,first_green,1
2015-01-26 13:30:00,2015-01-26 14:00:00,long,1278.565,1278.755,1275.2374718356648,,5.9836584790217415,1.1368951110144574,0.05709944157242338,first_green,2
2015-01-27 10:00:00,2015-01-27 10:30:00,long,1279.735,1277.0649278979702,1277.28992789797,,8.1443955521615,-21.746123351721483,-1.0920218261920052,stop_loss,2
2015-01-27 12:45:00,2015-01-27 13:00:00,long,1279.805,1280.9550000000002,1277.292399130354,,7.903869366607196,9.089449771598995,0.4576930677262954,first_green,1
2015-01-28 12:45:00,2015-01-28 13:00:00,long,1287.0149999999999,1291.375,1284.951027313787,,9.632875861849481,41.999338757664965,2.112431055471185,first_green,1
2015-01-28 16:00:00,2015-01-28 16:15:00,long,1286.815,1283.7921158327365,1284.0171158327364,,7.143609177708446,-21.594303080413486,-1.0804179110173673,stop_loss,1
2015-01-29 09:15:00,2015-01-29 09:30:00,long,1279.415,1281.4650000000001,1276.7728376904581,,7.544201650951986,15.465613384452944,0.7758796621225191,first_green,1
2015-01-29 11:30:00,2015-01-29 11:45:00,long,1275.875,1272.3609857846366,1272.5859857846365,,6.072235625464587,-21.337922306918816,-1.0684095553460662,stop_loss,1
2015-02-02 13:15:00,2015-02-02 13:30:00,short,1277.765,1275.835,1280.040536058698,,8.753244937291582,16.89376272897331,0.8481517981764587,first_green,1
2015-02-03 12:00:00,2015-02-03 12:15:00,long,1280.995,1281.675,1278.4250736975387,,7.766977159278335,5.281544468309763,0.26459902735297336,first_green,1
2015-02-03 14:15:00,2015-02-03 14:30:00,long,1279.2849999999999,1276.4734993167795,1276.6984993167794,,7.722311029334855,-21.711282735015388,-1.0869901181389823,stop_loss,1
2015-02-03 14:45:00,2015-02-03 15:00:00,long,1275.5149999999999,1272.394445839468,1272.619445839468,,6.879334124739383,-21.467334724643944,-1.0777053329089095,stop_loss,1
2015-02-03 15:15:00,2015-02-03 15:30:00,long,1271.655,1267.677761973827,1267.902761973827,,5.294391259615302,-21.057054243179557,-1.059964212939175,stop_loss,1
2015-02-04 12:30:00,2015-02-04 12:45:00,short,1270.935,1268.875,1274.0110261522448,,6.441159012805985,13.268787566379977,0.6696952165041247,first_green,1
2015-02-05 15:15:00,2015-02-05 15:30:00,short,1264.7050000000002,1263.885,1267.9997504040127,,6.023626408514692,4.939373654983034,0.248880764686002,first_green,1
2015-02-09 08:15:00,2015-02-09 09:30:00,short,1238.585,1240.5159626665807,1240.2909626665808,,11.640755314426128,-22.477863922956875,-1.1318903422727764,stop_loss,5
2015-02-09 12:15:00,2015-02-09 12:30:00,short,1242.115,1241.7949999999998,1244.1255995585555,,9.849051857761372,3.1516965944852515,0.1591565056495261,first_green,1
2015-02-11 14:00:00,2015-02-11 14:15:00,short,1234.915,1237.083174736042,1236.8581747360422,,10.194851853230489,-22.104220225866808,-1.1157898956931571,stop_loss,1
2015-02-11 14:30:00,2015-02-11 14:45:00,short,1236.945,1236.595,1239.0086557673017,,9.572874663179148,3.350506132111831,0.16960192952022307,first_green,1
2015-02-12 10:30:00,2015-02-12 10:45:00,short,1228.915,1226.835,1231.1328410705812,,8.911140899954992,18.535173071905735,0.9378489863815211,first_green,1
2015-02-12 15:15:00,2015-02-12 15:30:00,short,1224.105,1226.9689529491668,1226.743952949167,,7.50670155471709,-21.498840056146914,-1.085261088141394,stop_loss,1
2015-02-13 08:00:00,2015-02-13 08:15:00,short,1229.355,1229.485,1230.9683004962278,,12.245756542187525,-1.5919483504829304,-0.0805801524910249,first_green,1
2015-02-13 08:45:00,2015-02-13 09:00:00,short,1230.7050000000002,1230.415,1232.3635263083866,,11.909431364122735,3.453735095597868,0.17485402464452648,first_green,1
2015-02-13 15:15:00,2015-02-13 15:30:00,short,1226.815,1228.8516130046103,1228.6266130046104,,10.907815037080372,-22.21499795640076,-1.1241987109980522,stop_loss,1
2015-02-13 15:45:00,2015-02-13 16:30:00,short,1228.195,1230.6909571315261,1230.4659571315262,,8.67704713779598,-21.657537684170975,-1.0990771674534814,stop_loss,3
2015-02-16 09:45:00,2015-02-16 10:00:00,short,1235.505,1235.125,1237.1769598974993,,11.753307159669522,4.466256720675701,0.2272781784829257,first_green,1
2015-02-17 07:30:00,2015-02-17 07:45:00,short,1228.415,1228.315,1230.1589049849072,,11.274825203166214,1.127482520315596,0.05734257362950898,first_green,1
2015-02-18 14:45:00,2015-02-18 15:00:00,short,1207.515,1205.815,1209.6626219033146,,9.156659536629656,15.56632121227083,0.7915732268218871,first_green,1
2015-02-19 08:00:00,2015-02-19 08:15:00,short,1216.345,1216.0249999999999,1217.9594568399884,,12.204698135647835,3.905503403409305,0.19820907693169526,first_green,1
2015-02-19 10:30:00,2015-02-19 10:45:00,short,1217.2350000000001,1215.705,1218.9513698517026,,11.485707537944231,17.57313253305697,0.8914162635067369,first_green,1
2015-02-19 11:45:00,2015-02-19 12:00:00,short,1219.555,1217.805,1221.7950860250717,,8.820042959868028,15.435075179769049,0.781219997988274,first_green,1
2015-02-19 14:15:00,2015-02-19 14:30:00,short,1218.875,1221.4803893459011,1221.2553893459012,,8.316388534072386,-21.667430083046515,-1.09452235214686,stop_loss,1
2015-02-20 14:15:00,2015-02-20 14:30:00,short,1206.625,1209.068229221635,1208.843229221635,,8.899925172350535,-21.744557251451432,-1.1014322585805907,stop_loss,1
2015-02-20 14:45:00,2015-02-20 15:00:00,short,1210.685,1214.015309890083,1213.790309890083,,6.340015454630677,-21.114216171836066,-1.07245653669492,stop_loss,1
2015-02-23 07:15:00,2015-02-23 07:30:00,short,1204.415,1203.475,1205.9262657285742,,12.99237240868229,12.21283006416206,0.6219951807461866,first_green,1
2015-02-23 14:00:00,2015-02-23 14:30:00,short,1193.9950000000001,1196.293336258111,1196.068336258111,,9.484934801262622,-21.79956955955878,-1.108520747235143,stop_loss,2
2015-02-23 15:00:00,2015-02-23 15:15:00,short,1196.4650000000001,1199.0198098934795,1198.7948098934796,,8.417407943996869,-21.504877092775185,-1.0965744031861244,stop_loss,1
2015-02-23 15:30:00,2015-02-23 15:45:00,short,1201.285,1199.7749999999999,1204.146494244888,,6.834610325561394,10.320261591599197,0.5276963260359174,first_green,1
2015-02-24 13:30:00,2015-02-24 13:45:00,short,1199.325,1198.355,1201.3670004091614,,9.590105211911537,9.302402055554452,0.47502439061626256,first_green,1
2015-02-24 14:45:00,2015-02-24 15:00:00,short,1200.255,1199.455,1202.2128644090237,,10.014102448259035,8.011281958609048,0.4086084798891367,first_green,1
2015-02-25 08:30:00,2015-02-25 09:00:00,short,1210.775,1210.465,1212.3813028271422,,12.218295731681707,3.7876716768234404,0.192989761807062,first_green,2
2015-02-25 15:15:00,2015-02-25 15:30:00,short,1210.695,1207.2649999999999,1212.8060446889235,,9.301438410507261,31.903933748040497,1.6247879630388167,first_green,1
2015-02-26 10:30:00,2015-02-26 10:45:00,short,1213.365,1215.3429396854572,1215.1179396854573,,11.247113722043748,-22.246112577680105,-1.1283558138745764,stop_loss,1
2015-02-26 12:00:00,2015-02-26 12:15:00,short,1218.835,1217.675,1221.0217294518843,,8.990548278314181,10.429036002845185,0.5304725735506627,first_green,1
2015-02-27 08:30:00,2015-02-27 08:45:00,short,1210.775,1210.135,1212.1938708582586,,13.874391164074115,8.879610345008821,0.4510628971445782,first_green,1
2015-02-27 13:45:00,2015-02-27 15:00:00,short,1208.045,1210.1052497834794,1209.8802497834795,,10.738684457045629,-22.12437232748101,-1.122599115403973,stop_loss,5
2015-02-27 15:30:00,2015-02-27 15:45:00,short,1209.865,1208.825,1211.7688433103685,,10.322728391982947,10.73563752766189,0.5462634421309859,first_green,1
2015-03-02 07:45:00,2015-03-02 08:00:00,short,1223.005,1222.445,1224.8038507402766,,10.94014975618377,6.126483863464801,0.3113098755008929,first_green,1
2015-03-02 10:15:00,2015-03-02 10:45:00,long,1218.705,1218.575,1216.7124242368814,,9.884197661062238,-1.2849456959369223,-0.0652421867243932,first_green,2
2015-03-02 11:30:00,2015-03-02 12:15:00,long,1215.865,1216.065,1213.7219065664315,,9.188493616107305,1.8376987232218789,0.09332304269488553,first_green,3
2015-03-02 14:15:00,2015-03-02 14:30:00,long,1215.0049999999999,1216.895,1212.978039296426,,9.71720593553982,18.365519218171233,0.9324305087255554,first_green,1
2015-03-03 11:00:00,2015-03-03 11:45:00,short,1209.2050000000002,1208.7649999999999,1211.4387209260938,,8.838305693113304,3.8888545049723455,0.19698073956345363,first_green,3
2015-03-04 14:30:00,2015-03-04 14:45:00,short,1205.425,1203.925,1207.1723106193642,,11.304246820962119,16.956370231443177,0.8584621322485578,first_green,1
2015-03-05 14:30:00,2015-03-05 14:45:00,short,1201.675,1201.585,1203.3258558548641,,11.990399635096612,1.0791359671577136,0.05451717649044707,first_green,1
2015-03-05 15:15:00,2015-03-05 15:30:00,short,1203.045,1202.915,1204.8706779566826,,10.843708337067447,1.4096820838199515,0.0712064247280148,first_green,1
2015-03-06 13:00:00,2015-03-06 13:15:00,short,1196.275,1196.0449999999998,1198.1880638665166,,10.350226059594668,2.3805519937093154,0.1202259914192271,first_green,1
2015-03-09 08:00:00,2015-03-09 09:15:00,short,1171.945,1173.8860634871867,1173.6610634871868,,11.541877682708291,-22.40351734348055,-1.1311140302674672,stop_loss,5
2015-03-10 07:45:00,2015-03-10 08:00:00,short,1163.275,1161.845,1165.100119011147,,10.821533253934398,15.474792553126877,0.7835105498690149,first_green,1
2015-03-11 13:30:00,2015-03-11 13:45:00,short,1159.945,1158.075,1162.0953767453475,,9.202700455030211,17.20904985090549,0.869615058870835,first_green,1
2015-03-12 07:15:00,2015-03-12 07:45:00,short,1154.355,1156.2665060540273,1156.0415060540274,,11.759397856985904,-22.478160195344373,-1.1334119136202359,stop_loss,2
2015-03-12 08:00:00,2015-03-12 08:15:00,short,1158.565,1160.8073956999629,1160.582395699963,,9.802786968069295,-21.98172734484995,-1.1115299294055438,stop_loss,1
2015-03-12 08:30:00,2015-03-12 08:45:00,short,1161.2250000000001,1163.6491320066007,1163.4241320066008,,8.96769539049078,-21.738877421532738,-1.102313094131948,stop_loss,1
2015-03-12 09:00:00,2015-03-12 09:15:00,short,1164.825,1163.5449999999998,1167.4141750465078,,7.595777964740376,9.7225957948692,0.49436595711311354,first_green,1
2015-03-12 12:15:00,2015-03-12 13:00:00,short,1160.275,1159.435,1163.07000901517,,7.0450954353754875,5.917880165716435,0.30053570326287427,first_green,3
2015-03-13 15:00:00,2015-03-13 15:15:00,short,1158.635,1157.7549999999999,1160.919529651425,,8.625801789322233,7.590705574604507,0.3851996403072427,first_green,1
2015-03-16 07:45:00,2015-03-16 09:00:00,short,1162.445,1161.665,1164.2905007199238,,10.688089419857388,8.33670974748847,0.4226495235570313,first_green,5
2015-03-17 08:45:00,2015-03-17 09:00:00,short,1156.195,1155.975,1157.7782879464482,,12.471337596942071,2.743694271327596,0.1389513515172901,first_green,1
2015-03-18 12:00:00,2015-03-18 12:30:00,short,1147.565,1149.5584331628936,1149.3334331628937,,11.16953591657581,-22.265723310232854,-1.1272312715690918,stop_loss,2
2015-03-18 12:45:00,2015-03-18 13:00:00,short,1150.035,1152.1315479806406,1151.9065479806407,,10.524396715700073,-22.064902681760287,-1.1202213367369287,stop_loss,1
2015-03-18 13:15:00,2015-03-18 13:30:00,short,1151.065,1150.445,1152.9801102486135,,10.256198659186762,6.358843168697005,0.3237411529957578,first_green,1
2015-03-18 15:30:00,2015-03-18 15:45:00,short,1149.445,1147.735,1151.334574726765,,10.403212952366646,17.789494148547345,0.9049655331322202,first_green,1
2015-03-19 09:15:00,2015-03-19 09:30:00,short,1172.375,1168.815,1174.8357267074168,,8.006627451936733,28.503593728894334,1.4467270945895063,first_green,1
2015-03-19 14:00:00,2015-03-19 14:15:00,short,1165.785,1162.645,1168.633545743054,,6.94157046270262,21.796531252886922,1.1023168603337308,first_green,1
2015-03-23 10:30:00,2015-03-23 10:45:00,long,1180.895,1181.425,1178.8231445775566,,9.570104219139248,5.07215523614354,0.2558093553530554,first_green,1
2015-03-25 11:30:00,2015-03-25 11:45:00,long,1191.105,1191.4950000000001,1189.1328186980365,,10.06020728830017,3.9234808424380727,0.19775058186172945,first_green,1
2015-03-27 09:45:00,2015-03-27 10:00:00,long,1201.305,1198.8016688667042,1199.026668866704,,8.71267618647319,-21.810713551924025,-1.0987564962404786,stop_loss,1
2015-03-27 10:15:00,2015-03-27 10:30:00,long,1198.165,1198.655,1195.7139389718009,,8.076434816734634,3.957453060200044,0.1999134229473,first_green,1
2015-03-27 11:45:00,2015-03-27 12:00:00,long,1196.625,1197.595,1194.245836288523,,8.3246596958403,8.074919904965318,0.4077062857510608,first_green,1
2015-03-27 15:45:00,2015-03-27 16:00:00,long,1195.855,1198.775,1192.9504688005106,,6.825857323201364,19.93150338374848,1.005325747753513,first_green,1
2015-03-30 10:00:00,2015-03-30 10:15:00,long,1190.995,1189.0156096581127,1189.2406096581126,,11.32914599585592,-22.424802166027373,-1.1282496800329298,stop_loss,1
2015-03-30 10:30:00,2015-03-30 11:45:00,long,1189.075,1189.125,1186.9809593480666,,9.46480303199736,0.47324015159943755,0.023877282398404354,first_green,5
2015-03-30 13:00:00,2015-03-30 13:15:00,long,1187.0349999999999,1187.115,1184.7929309311644,,8.840434796337371,0.7072347837083566,0.03568132717771574,first_green,1
2015-03-30 14:15:00,2015-03-30 15:00:00,long,1184.5049999999999,1184.9850000000001,1182.2736706882267,,8.883777663070154,4.2642132782758555,0.21511840384457104,first_green,3
2015-03-31 07:15:00,2015-03-31 07:30:00,long,1181.225,1181.615,1179.580991015515,,12.063981534927615,4.704952798622977,0.23722498093422442,first_green,1
2015-03-31 10:00:00,2015-03-31 10:45:00,long,1181.0249999999999,1178.910048085382,1179.1350480853819,,10.500296997284943,-22.207623238464425,-1.1190506479342819,stop_loss,3
2015-03-31 11:00:00,2015-03-31 11:15:00,long,1179.2549999999999,1180.415,1177.1852825220374,,9.561467962024206,11.091302835948863,0.5604629677003153,first_green,1
2015-04-01 09:30:00,2015-04-01 10:45:00,long,1185.665,1185.815,1184.0902838167076,,12.58465863457164,1.8876987951868907,0.09525526033934299,first_green,5
2015-04-01 11:45:00,2015-04-01 12:00:00,long,1183.185,1181.4130552455058,1181.6380552455057,,12.813634619122936,-22.705052649359445,-1.1454479866499638,stop_loss,1
2015-04-01 12:15:00,2015-04-01 13:00:00,long,1182.585,1180.7560782474004,1180.9810782474003,,12.323058900097887,-22.537910480955453,-1.1402811575036111,stop_loss,3
2015-04-02 11:00:00,2015-04-02 11:45:00,long,1203.665,1201.4587197278563,1201.6837197278562,,9.94754640690341,-21.947075393784523,-1.1135629336057833,stop_loss,3
2015-04-02 15:45:00,2015-04-02 16:15:00,long,1202.095,1202.9650000000001,1199.7063671349229,,8.22814173374975,7.158483308363255,0.36422508151834,first_green,2
2015-04-06 12:30:00,2015-04-06 12:45:00,long,1219.2549999999999,1217.2747035617704,1217.4997035617703,,11.207170221264565,-22.193519271802113,-1.1281834766478784,stop_loss,1
2015-04-06 13:00:00,2015-04-06 13:45:00,long,1218.2849999999999,1218.855,1216.493928071118,,10.95233633977268,6.242831713672221,0.3182451753101949,first_green,3
2015-04-06 15:00:00,2015-04-06 15:15:00,long,1217.2749999999999,1218.795,1215.4791187674252,,10.931696872280476,16.61617924586861,0.8463811372543225,first_green,1
2015-04-07 11:30:00,2015-04-07 11:45:00,long,1210.215,1208.327661131292,1208.5526611312919,,11.834873184748453,-22.33641616780528,-1.1353514642744151,stop_loss,1
2015-04-07 12:00:00,2015-04-07 12:30:00,long,1208.435,1208.415,1206.652218016267,,11.003997594669702,-0.22007995189319388,-0.011218421648003988,first_green,2
2015-04-08 11:30:00,2015-04-08 12:00:00,long,1210.215,1208.6091207641616,1208.8341207641615,,14.206295490443996,-22.813594946287314,-1.162939664932612,stop_loss,2
2015-04-08 12:15:00,2015-04-08 12:30:00,long,1208.875,1210.445,1207.444102885883,,13.66984689576625,21.46165962635214,1.0972137580756738,first_green,1
2015-04-08 14:30:00,2015-04-08 14:45:00,long,1209.435,1207.7324542762,1207.9574542762,,13.274579802644716,-22.600579078232723,-1.1522795514045103,stop_loss,1
2015-04-08 15:00:00,2015-04-08 15:45:00,long,1206.435,1206.795,1204.6252029218256,,10.806348076698015,3.890285307612661,0.19891732854562724,first_green,3
2015-04-09 08:00:00,2015-04-09 08:15:00,long,1196.845,1196.825,1195.2180985708233,,12.027171737204423,-0.2405434347438697,-0.012293307782083665,first_green,1
2015-04-09 08:45:00,2015-04-09 09:00:00,long,1195.715,1193.8817046501817,1194.1067046501817,,12.165938011221916,-22.303757582149284,-1.1398996770247045,stop_loss,1
2015-04-09 09:15:00,2015-04-09 09:30:00,long,1194.2749999999999,1195.7050000000002,1192.4603728871464,,10.751885055321216,15.375195629112469,0.7880406888397186,first_green,1
2015-04-10 10:45:00,2015-04-10 11:15:00,short,1195.7250000000001,1197.4023386236347,1197.1773386236348,,13.460428447340188,-22.577696525393186,-1.1549225479088467,stop_loss,2
2015-04-10 11:30:00,2015-04-10 11:45:00,short,1202.4750000000001,1202.425,1204.8498881035443,,8.207820761887334,0.4103910380958597,0.021053623505698428,first_green,1
2015-04-10 14:30:00,2015-04-10 14:45:00,short,1204.295,1201.955,1206.7574880426064,,7.916254423876271,18.52403535187163,0.9502584213661714,first_green,1
2015-04-13 08:30:00,2015-04-13 08:45:00,long,1203.445,1203.885,1201.992276505168,,13.450592641283126,5.91826076216531,0.30287938590198515,first_green,1
2015-04-13 11:00:00,2015-04-13 11:15:00,long,1202.0249999999999,1200.1076545968278,1200.3326545968278,,11.55484427981218,-22.154627564266406,-1.1329515828022882,stop_loss,1
2015-04-13 11:30:00,2015-04-13 11:45:00,long,1200.2849999999999,1198.1783348309382,1198.403334830938,,10.36284316307022,-21.831040744088906,-1.1195749401643538,stop_loss,1
2015-04-13 12:00:00,2015-04-13 12:15:00,long,1198.5349999999999,1198.535,1196.5416764613701,,9.754976075738162,2.2180247642013823e-12,1.140676217567443e-13,first_green,1
2015-04-14 07:45:00,2015-04-14 08:00:00,long,1198.5349999999999,1198.425,1197.2261572382786,,14.856500718976077,-1.6342150790858823,-0.08404370885257233,first_green,1
2015-04-14 08:45:00,2015-04-14 09:00:00,long,1197.7649999999999,1196.186616693109,1196.411616693109,,14.364546831526729,-22.672760929933325,-1.166250018641647,stop_loss,1
2015-04-14 09:15:00,2015-04-14 09:30:00,long,1195.135,1193.3564194955889,1193.5814194955888,,12.47702062138221,-22.191385630326145,-1.1448267401406267,stop_loss,1
2015-04-15 07:45:00,2015-04-15 08:30:00,short,1192.525,1192.625,1193.9556897363739,,13.509971473920412,-1.3509971473908124,-0.06989635660165472,first_green,3
2015-04-15 10:00:00,2015-04-15 10:15:00,short,1194.125,1191.0249999999999,1195.5393544950364,,13.663618351264152,42.35721688892073,2.1918125978172136,first_green,1
2015-04-15 13:00:00,2015-04-15 13:15:00,short,1192.335,1191.815,1194.350704302752,,9.639852953265457,5.012723535697862,0.25797434638107486,first_green,1
2015-04-16 10:15:00,2015-04-16 10:30:00,short,1205.755,1205.625,1207.9661806856316,,8.793322504569947,1.1431319255950527,0.05879211990447726,first_green,1
2015-04-16 13:00:00,2015-04-16 13:30:00,short,1206.2350000000001,1208.9526835531979,1208.727683553198,,7.8014245689148805,-21.201803242452666,-1.0902641651850515,stop_loss,2
2015-04-16 15:15:00,2015-04-16 16:00:00,long,1206.0149999999999,1203.441133036745,1203.666133036745,,8.256524745644425,-21.25119627411064,-1.095790865774753,stop_loss,3
2015-04-20 12:00:00,2015-04-20 13:15:00,long,1204.435,1202.2644159220056,1202.4894159220055,,9.940639643593572,-21.576994135463764,-1.1156465056148297,stop_loss,5
2015-04-20 13:45:00,2015-04-20 14:15:00,long,1200.125,1197.7367555337316,1197.9617555337315,,8.915500781835386,-21.292395406229605,-1.1040104359485678,stop_loss,2
2015-04-20 14:30:00,2015-04-20 14:45:00,long,1198.915,1198.9650000000001,1196.7214893978164,,8.76821690428851,0.4384108452160204,0.02279451029341227,first_green,1
2015-04-20 15:30:00,2015-04-20 16:15:00,long,1197.405,1194.8849365808787,1195.1099365808786,,8.38071515090366,-21.11993367786748,-1.0980365065842277,stop_loss,3
2015-04-21 11:15:00,2015-04-21 11:30:00,short,1195.785,1195.2949999999998,1197.2723021190761,,12.896823509292313,6.319443519556283,0.32945559191742263,first_green,1
2015-04-21 12:30:00,2015-04-21 12:45:00,short,1197.4750000000001,1197.595,1199.0473537545706,,12.209257291952849,-1.4651108750330093,-0.07631870350490613,first_green,1
2015-04-21 13:15:00,2015-04-21 14:00:00,short,1198.145,1198.305,1199.6836884835245,,12.474005604023533,-1.9958408966447865,-0.1039846607765491,first_green,3
2015-04-21 14:45:00,2015-04-21 15:00:00,short,1199.525,1201.284141875472,1201.059141875472,,12.5077213984442,-22.002856478738757,-1.146661794190769,stop_loss,1
2015-04-22 08:45:00,2015-04-22 09:00:00,short,1201.9650000000001,1203.4944633151176,1203.2694633151177,,14.667803840208846,-22.433867886938756,-1.1724847279278447,stop_loss,1
2015-04-22 09:15:00,2015-04-22 10:15:00,short,1202.9750000000001,1200.985,1204.3833892870148,,13.545635094693393,26.955813838443056,1.4129616139145957,first_green,4
2015-04-22 10:30:00,2015-04-22 11:00:00,long,1200.855,1198.868073889333,1199.0930738893328,,10.865902248603337,-21.589744893706623,-1.1277011553649685,stop_loss,2
2015-04-22 11:15:00,2015-04-22 11:30:00,long,1199.225,1199.4950000000001,1197.314203110373,,9.991089387457182,2.697594134615529,0.14130230244038544,first_green,1
2015-04-22 15:00:00,2015-04-22 15:15:00,long,1200.645,1200.775,1198.6571631024608,,9.607270362329965,1.2489451471039439,0.06539771958204468,first_green,1
2015-04-23 08:00:00,2015-04-23 08:15:00,short,1189.2350000000001,1189.075,1190.697255886068,,13.062562480159226,2.0900099968265455,0.10941997329231994,first_green,1
2015-04-23 14:45:00,2015-04-23 15:00:00,short,1191.045,1190.155,1192.9883078329624,,9.83170734695661,8.750219538792367,0.45798199590613053,first_green,1
2015-04-27 13:00:00,2015-04-27 13:30:00,short,1182.695,1182.745,1184.1659748481943,,13.003559830448843,-0.6501779915218509,-0.03399106385899779,first_green,2
2015-04-27 14:00:00,2015-04-27 14:30:00,short,1184.675,1186.542120929802,1186.317120929802,,11.6473054179433,-21.74692772163832,-1.137017923538082,stop_loss,2
2015-04-27 14:45:00,2015-04-27 15:00:00,short,1186.825,1185.805,1188.5524543304575,,11.040475193487334,11.26128469735688,0.5904642351557036,first_green,1
2015-04-28 10:15:00,2015-04-28 10:45:00,short,1201.4950000000001,1201.345,1203.0443300438337,,12.327954247747567,1.8491931371632562,0.0968160403247176,first_green,2
2015-04-28 12:30:00,2015-04-28 13:00:00,short,1201.4950000000001,1201.0449999999998,1203.2796406426357,,10.705064325818464,4.817278946621229,0.25215160366161804,first_green,2
2015-04-29 11:00:00,2015-04-29 12:00:00,long,1208.0449999999998,1206.3715499528355,1206.5965499528354,,13.198063759723551,-22.086300421187495,-1.155338460197768,stop_loss,4
2015-04-29 12:15:00,2015-04-29 12:30:00,long,1207.155,1205.5094680632292,1205.734468063229,,13.41857921725298,-22.080700648078626,-1.158391370285819,stop_loss,1
2015-04-29 13:00:00,2015-04-29 13:15:00,long,1205.2949999999998,1205.545,1203.7066313173884,,11.965936360146358,2.9914840900393105,0.1573941886018588,first_green,1
2015-04-30 10:30:00,2015-04-30 10:45:00,long,1201.085,1204.7350000000001,1199.2296651244458,,10.2481754282351,37.40584031305905,1.9672998379387925,first_green,1
2015-04-30 13:15:00,2015-04-30 14:30:00,long,1203.205,1204.4750000000001,1200.9730181116302,,8.560693069754855,10.872080198590456,0.5690010329464679,first_green,5
2015-04-30 15:45:00,2015-04-30 16:00:00,long,1198.365,1195.0299621727122,1195.254962172712,,6.1524949684512835,-20.518803451982926,-1.0723463869235699,stop_loss,1
2015-05-01 11:15:00,2015-05-01 11:30:00,short,1182.875,1182.365,1184.3067887430461,,13.32821980067572,6.797392098344496,0.356197799764068,first_green,1
2015-05-01 14:00:00,2015-05-01 14:15:00,short,1181.575,1179.815,1183.405721572186,,10.433147697545344,18.36233994767971,0.9613695641869446,first_green,1
2015-05-04 08:15:00,2015-05-04 08:30:00,short,1184.145,1184.0049999999999,1185.533656771171,,13.787492203289748,1.930248908461944,0.1008168489914419,first_green,1
2015-05-04 16:00:00,2015-05-04 16:15:00,short,1186.7050000000002,1189.2578208855712,1189.0328208855713,,8.226973194778164,-21.001988996662547,-1.0966569212410466,stop_loss,1
2015-05-05 09:15:00,2015-05-05 09:30:00,short,1189.025,1188.725,1190.3476199559593,,14.43983584951694,4.331950754857709,0.22682252649258405,first_green,1
2015-05-05 14:15:00,2015-05-05 14:30:00,short,1189.785,1191.7124903748504,1191.4874903748505,,11.22428955518336,-21.634710082148928,-1.1321593374762418,stop_loss,1
2015-05-05 15:30:00,2015-05-05 15:45:00,short,1195.345,1197.9945164101068,1197.769516410107,,7.859364480930958,-20.823515165237076,-1.0928020115937223,stop_loss,1
2015-05-05 16:00:00,2015-05-05 17:45:00,short,1197.415,1196.5349999999999,1200.1247360883065,,7.012896736003385,6.171349127683744,0.3247548732873398,first_green,7
2015-05-06 15:30:00,2015-05-06 15:45:00,short,1195.365,1195.5349999999999,1198.104381907333,,6.942634647262804,-1.1802478900336033,-0.06205779469623426,first_green,1
2015-05-07 12:45:00,2015-05-07 13:00:00,short,1183.545,1183.615,1185.452824769137,,9.967150772873532,-0.6977005541005127,-0.03669100073148078,first_green,1
2015-05-08 10:00:00,2015-05-08 10:15:00,short,1185.545,1187.0702357238163,1186.8452357238164,,14.623373687208911,-22.304091950444782,-1.1730455454181168,stop_loss,1
2015-05-08 10:30:00,2015-05-08 11:30:00,short,1187.055,1187.0149999999999,1188.4631114149233,,13.463474864296202,0.5385389945744196,0.028406843078088873,first_green,4
2015-05-08 15:15:00,2015-05-08 15:30:00,short,1186.635,1188.6631560688713,1188.4381560688714,,10.514574592703367,-21.32519827179173,-1.1247812121669165,stop_loss,1
2015-05-11 13:15:00,2015-05-11 13:30:00,short,1186.805,1186.5249999999999,1188.2399348095132,,13.17558530702134,3.6891638859686116,0.19513081580005656,first_green,1
2015-05-11 14:45:00,2015-05-11 15:00:00,short,1187.835,1189.7794309002534,1189.5544309002535,,11.000924142797437,-21.390536834598294,-1.1308572504813925,stop_loss,1
2015-05-11 15:15:00,2015-05-11 15:30:00,short,1191.155,1189.625,1193.1145092966472,,9.625804068731354,14.727480225158708,0.7808077270252697,first_green,1
2015-05-12 10:00:00,2015-05-12 10:15:00,short,1183.185,1184.4949590588844,1184.2699590588845,,17.418787470538806,-22.81789844181592,-1.2073810971551557,stop_loss,1
2015-05-12 10:30:00,2015-05-12 11:00:00,short,1184.525,1184.575,1185.7347095966913,,15.57533028288486,-0.7787665141435347,-0.04133223389870788,first_green,2
2015-05-12 13:00:00,2015-05-12 13:15:00,short,1187.635,1189.5337403677775,1189.3087403677775,,11.256034664188865,-21.372287397997844,-1.1344294517426683,stop_loss,1
2015-05-12 16:00:00,2015-05-12 16:15:00,short,1194.925,1189.735,1197.50765106446,,7.2740174383519545,37.75215050504704,2.009562991849584,first_green,1
2015-05-13 11:45:00,2015-05-13 12:00:00,long,1193.495,1193.7350000000001,1191.83261509418,,11.357555756326096,2.7258133815209487,0.1443708969926385,first_green,1
2015-05-14 11:15:00,2015-05-14 11:45:00,long,1215.0249999999999,1212.9535864585484,1213.1785864585484,,10.22925978701928,-21.18902724185621,-1.1218578584638363,stop_loss,2
2015-05-15 11:15:00,2015-05-15 11:30:00,long,1218.5249999999999,1219.525,1217.043292905795,,12.711332283780198,12.711332283783088,0.6748972208551272,first_green,1
2015-05-15 12:30:00,2015-05-15 13:00:00,long,1216.975,1214.8472595735248,1215.0722595735247,,9.915303890048529,-21.097192927642638,-1.1182504964256805,stop_loss,2
2015-05-15 13:15:00,2015-05-15 13:30:00,long,1213.435,1213.885,1210.9618692722427,,7.6071621928066255,3.4232229867633275,0.18195560588425547,first_green,1
2015-05-18 11:45:00,2015-05-18 12:00:00,long,1228.095,1230.2350000000001,1226.474115022129,,11.612214860706116,24.85013980191225,1.3202664157025983,first_green,1
2015-05-18 14:30:00,2015-05-18 14:45:00,long,1227.145,1225.1053526862056,1225.3303526862055,,10.406534555493295,-21.225660252020248,-1.1239910357729124,stop_loss,1
2015-05-18 15:00:00,2015-05-18 15:30:00,long,1226.165,1227.045,1224.2671153263711,,9.922165497231909,8.731505637565162,0.463674116887997,first_green,2
2015-05-19 09:30:00,2015-05-19 09:45:00,long,1220.325,1221.795,1219.0065035571001,,14.298828557348015,21.01927797930197,1.1149063070408405,first_green,1
2015-05-19 10:30:00,2015-05-19 10:45:00,long,1218.365,1218.685,1216.5481737581824,,10.405784741711996,3.329851117347176,0.17613131769816556,first_green,1
2015-05-19 15:15:00,2015-05-19 15:30:00,long,1218.715,1216.3755584638716,1216.6005584638715,,8.945069934575823,-20.926468148519437,-1.1064110764735957,stop_loss,1
2015-05-20 09:00:00,2015-05-20 09:15:00,long,1206.675,1205.2017258831188,1205.4267258831187,,15.110071568249733,-22.261277345724206,-1.1802488707865388,stop_loss,1
2015-05-20 09:30:00,2015-05-20 09:45:00,long,1205.465,1203.740391195138,1203.965391195138,,12.540509223827957,-21.627472624865227,-1.1500391297186465,stop_loss,1
2015-05-21 13:00:00,2015-05-21 13:45:00,long,1209.165,1209.835,1207.5068501872381,,11.308863182096646,7.576938332005575,0.40406481660671345,first_green,3
2015-05-21 15:00:00,2015-05-21 15:30:00,long,1208.475,1206.609333779888,1206.8343337798879,,11.44092045272374,-21.34493881563473,-1.1371394115644935,stop_loss,2
2015-05-21 16:00:00,2015-05-21 16:15:00,long,1202.865,1204.355,1200.4296284643738,,7.685631983836402,11.451591655916308,0.611816299157353,first_green,1
2015-05-25 15:45:00,2015-05-25 16:15:00,short,1204.435,1205.6829628990001,1205.4579628990002,,18.325198659886656,-22.86916804434647,-1.2199493258453435,stop_loss,2
2015-05-26 14:15:00,2015-05-26 14:30:00,short,1195.755,1195.215,1197.6079933168517,,10.085748964015274,5.446304440570174,0.2914203710770596,first_green,1
2015-05-27 08:45:00,2015-05-27 09:00:00,short,1190.015,1189.435,1191.3190452091023,,14.34186564723452,8.318282075398239,0.4447698560998897,first_green,1
2015-05-28 08:30:00,2015-05-28 08:45:00,short,1188.7050000000002,1188.205,1189.7676773795279,,17.61892861629734,8.809464308152675,0.47050968584881603,first_green,1
2015-05-28 10:15:00,2015-05-28 11:00:00,short,1189.605,1191.2147710797074,1190.9897710797075,,13.536721576235877,-21.791022907474918,-1.1624817295053893,stop_loss,3
2015-05-28 11:15:00,2015-05-28 11:30:00,short,1191.825,1190.655,1193.5266290557977,,10.984052565318402,12.85134150142333,0.6875764115649959,first_green,1
2015-05-29 10:30:00,2015-05-29 11:15:00,short,1189.275,1188.405,1190.6174384105857,,13.946942520171639,12.133839992550975,0.6480744242267363,first_green,3
2015-05-29 12:45:00,2015-05-29 13:00:00,short,1190.055,1189.815,1191.5507459566968,,12.537721305765526,3.0090531133838403,0.16045505516861586,first_green,1
2015-06-01 07:45:00,2015-06-01 08:00:00,short,1191.415,1191.5049999999999,1192.7024211478988,,14.572363218276823,-1.3115126896437213,-0.06990719404198412,first_green,1
2015-06-02 10:15:00,2015-06-02 10:30:00,short,1189.095,1187.645,1191.021818196654,,9.734955707249105,14.115685775511645,0.7525359696716591,first_green,1
2015-06-02 13:45:00,2015-06-02 14:30:00,short,1190.325,1190.355,1192.7453849664678,,7.7643760290799,-0.23293128087218515,-0.012394722498939557,first_green,3
2015-06-03 14:45:00,2015-06-03 15:00:00,short,1192.175,1192.345,1194.011365989332,,10.233361321084113,-1.7396714245850438,-0.09257413880873762,first_green,1
2015-06-04 08:15:00,2015-06-04 08:45:00,short,1184.775,1184.925,1186.2829529769695,,12.45917332633477,-1.8688759989485157,-0.0994725978135796,first_green,2
2015-06-04 11:45:00,2015-06-04 12:00:00,short,1184.805,1182.995,1187.138715871953,,8.048612748349417,14.567989074513834,0.7755871319868245,first_green,1
2015-06-05 13:00:00,2015-06-05 13:30:00,short,1175.905,1175.175,1177.2078376754316,,14.445080646349552,10.544908871835435,0.5603153898340864,first_green,2
2015-06-08 11:00:00,2015-06-08 11:15:00,short,1174.825,1173.605,1177.0200710908043,,8.585579593227266,10.474407103737498,0.5557906553053906,first_green,1
2015-06-09 08:00:00,2015-06-09 08:30:00,short,1177.365,1177.145,1178.5719107122277,,15.636735501185486,3.4400818102612334,0.1822835755546137,first_green,2
2015-06-09 11:30:00,2015-06-09 11:45:00,short,1177.755,1179.4894858017035,1179.2644858017036,,12.508063185404003,-21.69505800189207,-1.1490573808286195,stop_loss,1
2015-06-10 07:30:00,2015-06-10 07:45:00,short,1179.135,1180.731868395792,1180.506868395792,,13.723259605600344,-21.914239551431404,-1.164009901161115,stop_loss,1
2015-06-10 08:00:00,2015-06-10 08:45:00,short,1180.2150000000001,1181.911253871882,1181.6862538718822,,12.758994827508067,-21.64249437748215,-1.1529307785012584,stop_loss,3
2015-06-10 10:00:00,2015-06-10 10:15:00,short,1182.195,1183.9673165782299,1183.74231657823,,12.096822698533485,-21.439399412519226,-1.1454130351639382,stop_loss,1
2015-06-10 10:30:00,2015-06-10 11:00:00,short,1184.035,1183.985,1185.8467168455147,,10.301839303987524,0.5150919652012501,0.027598131641801256,first_green,2
2015-06-10 12:45:00,2015-06-10 13:00:00,short,1185.4550000000002,1187.6944038761415,1187.4694038761415,,9.265919192175899,-20.75013535497073,-1.1116955753832736,stop_loss,1
2015-06-11 07:30:00,2015-06-11 07:45:00,short,1187.665,1186.905,1188.6393380734248,,19.103665048125634,14.518785436575309,0.7800167321066933,first_green,1
2015-06-12 14:30:00,2015-06-12 15:15:00,short,1180.385,1180.075,1181.7796715585644,,13.372126969545038,4.145359360558232,0.22227455496335619,first_green,3
2015-06-15 09:30:00,2015-06-15 09:45:00,short,1181.4950000000001,1182.9400203750681,1182.7150203750682,,15.2948991194479,-22.10144086221179,-1.1844231494800666,stop_loss,1
2015-06-15 10:00:00,2015-06-15 10:15:00,short,1183.535,1183.055,1184.9700685887067,,12.964422122116176,6.222922618616,0.3344787864339176,first_green,1
2015-06-16 09:15:00,2015-06-16 09:30:00,long,1184.215,1184.4650000000001,1182.9173329360185,,14.349129126849137,3.587282281715547,0.19265342162048532,first_green,1
2015-06-17 14:30:00,2015-06-17 14:45:00,short,1179.4650000000001,1179.115,1180.779000977792,,14.177584937370398,4.962154728081574,0.2663620544546969,first_green,1
2015-06-18 07:45:00,2015-06-18 08:00:00,short,1187.755,1187.425,1189.2316002853565,,12.624788199030524,4.166180105682025,0.2234863444581404,first_green,1
2015-06-18 08:45:00,2015-06-18 09:00:00,short,1188.255,1188.0149999999999,1189.697241012861,,12.93277693616386,3.1038664646823846,0.16640769320805815,first_green,1
2015-06-18 13:45:00,2015-06-18 14:00:00,long,1195.475,1196.9850000000001,1193.1545071754583,,8.04136982296641,12.142468432681033,0.6507238393630963,first_green,1
2015-06-19 10:15:00,2015-06-19 11:00:00,long,1199.0149999999999,1199.2150000000001,1197.679975565468,,13.999966338680428,2.7999932677399055,0.14980999210731286,first_green,3
2015-06-22 11:15:00,2015-06-22 11:30:00,long,1195.0249999999999,1193.3912182220838,1193.6162182220837,,13.27196122282806,-21.683488403064977,-1.1597124576190405,stop_loss,1
2015-06-23 07:45:00,2015-06-23 08:15:00,long,1185.825,1185.655,1184.577260698786,,14.94149329814473,-2.540053860685691,-0.1362464096744059,first_green,2
2015-06-23 11:00:00,2015-06-23 11:30:00,long,1183.685,1181.89849675096,1182.12349675096,,11.935126157264182,-21.322141657653848,-1.1440919192055699,stop_loss,2
2015-06-23 13:45:00,2015-06-23 14:15:00,long,1183.135,1181.365799308753,1181.5907993087528,,12.034337909224416,-21.29115894770076,-1.1457064494759346,stop_loss,2
2015-06-23 14:30:00,2015-06-23 14:45:00,long,1182.195,1180.3432001025255,1180.5682001025255,,11.390586543264611,-21.09308699299061,-1.138308344098871,stop_loss,1
2015-06-23 15:00:00,2015-06-23 15:15:00,long,1180.085,1179.915,1178.2683460067694,,10.171156627584141,-1.729096626690044,-0.09357863447499841,first_green,1
2015-06-24 13:00:00,2015-06-24 13:15:00,short,1179.2350000000001,1178.835,1181.2669418728474,,9.09137697714868,3.636550790860299,0.19685602494110305,first_green,1
2015-06-29 07:45:00,2015-06-29 08:00:00,short,1182.925,1182.875,1184.9340435425825,,9.199522333362303,0.45997611666769683,0.024887464577140306,first_green,1
2015-06-29 08:30:00,2015-06-29 09:30:00,short,1183.7250000000001,1182.725,1185.7123136527164,,9.300691339645269,9.300691339647383,0.5031918331731069,first_green,4
2015-06-29 14:15:00,2015-06-29 15:00:00,short,1178.335,1177.835,1180.509485512361,,8.510814398221841,4.255407199110921,0.22993944873752623,first_green,3
2015-06-29 15:30:00,2015-06-29 15:45:00,short,1182.535,1182.435,1185.0112031247045,,7.478094563641327,0.7478094563651528,0.04038440909894019,first_green,1
2015-07-03 09:30:00,2015-07-03 09:45:00,short,1167.885,1168.0049999999999,1169.058263807357,,15.784302330677553,-1.8941162796795836,-0.1022787878117666,first_green,1
2015-07-03 15:00:00,2015-07-03 16:00:00,short,1168.555,1168.145,1169.8184810821301,,14.65349629695489,6.007933481752704,0.32450030775995314,first_green,4
2015-07-07 09:15:00,2015-07-07 10:00:00,short,1168.125,1168.165,1169.274889885002,,16.114095300470314,-0.6445638120182263,-0.03478593952488996,first_green,3
2015-07-08 07:30:00,2015-07-08 08:00:00,short,1153.9850000000001,1152.665,1155.8406705559917,,9.984435934825582,13.179455433971402,0.7113331597239524,first_green,2
2015-07-08 10:45:00,2015-07-08 11:00:00,short,1150.405,1153.3311943699675,1153.1061943699676,,6.87132056374265,-20.10681954786607,-1.0832964863622916,stop_loss,1
2015-07-08 11:15:00,2015-07-08 11:30:00,short,1153.355,1152.5249999999999,1156.232892084309,,6.431966463606799,5.338532164794638,0.2884055328292284,first_green,1
2015-07-08 12:45:00,2015-07-08 13:00:00,short,1154.4650000000001,1154.225,1157.138717064846,,6.928127117905847,1.6627505082990415,0.08976267652092183,first_green,1
2015-07-08 14:45:00,2015-07-08 15:15:00,short,1156.9550000000002,1154.5149999999999,1159.4584860323812,,7.400883543662481,18.05815584653854,0.9746409480382158,first_green,2
2015-07-09 09:00:00,2015-07-09 09:30:00,short,1163.2450000000001,1163.235,1165.2342299175475,,9.336856340544923,0.09336856340748727,0.005027070984608817,first_green,2
2015-07-09 15:45:00,2015-07-09 16:15:00,short,1164.645,1167.3985927728222,1167.1735927728223,,7.34534543857436,-20.226090113541094,-1.0889822997274379,stop_loss,2
2015-07-13 13:45:00,2015-07-13 14:15:00,short,1156.285,1156.305,1158.289355199089,,9.241287259363322,-0.18482574518709835,-0.00997827132090821,first_green,2
2015-07-14 15:30:00,2015-07-14 15:45:00,short,1154.295,1156.1753313256254,1155.9503313256255,,11.189518263491845,-21.040001709500356,-1.1359244499978882,stop_loss,1
2015-07-17 10:30:00,2015-07-17 10:45:00,short,1145.025,1144.965,1145.9874230808,,19.190894799188523,1.1514536879546278,0.062342644515865527,first_green,1
2015-07-17 14:15:00,2015-07-17 14:30:00,short,1143.9950000000001,1144.105,1145.0577968186017,,17.381157345266082,-1.91192730797753,-0.1035004980017156,first_green,1
2015-07-20 09:15:00,2015-07-20 09:30:00,short,1109.155,1115.0047924832386,1114.7797924832387,,3.2832960445961668,-19.206600521925736,-1.0400014757291731,stop_loss,1
2015-07-20 10:00:00,2015-07-20 10:15:00,short,1117.075,1115.5249999999999,1123.140857902943,,3.0366425830137405,4.70679600367185,0.25552857069865853,first_green,1
2015-07-23 10:45:00,2015-07-23 11:15:00,short,1102.7250000000001,1105.1697377712233,1104.9447377712233,,8.303507576230208,-20.299898605247307,-1.1013633244957222,stop_loss,2
2015-07-23 11:30:00,2015-07-23 11:45:00,short,1104.635,1104.805,1107.09319383505,,7.477384163934046,-1.2711553078693318,-0.06915646666106587,first_green,1
2015-07-24 09:00:00,2015-07-24 09:15:00,short,1084.885,1084.405,1087.3763859854482,,7.376489180381695,3.5407148065833476,0.19266384366116596,first_green,1
2015-07-24 15:30:00,2015-07-24 16:00:00,short,1081.785,1084.7344260146178,1084.509426014618,,6.74877330277181,-19.905007545952976,-1.0825862030360438,stop_loss,2
2015-07-27 09:30:00,2015-07-27 11:45:00,short,1102.885,1102.455,1105.2665109756026,,7.699637424230249,3.3108440924194973,0.1805576394168225,first_green,9
2015-07-28 09:45:00,2015-07-28 10:00:00,short,1097.055,1096.555,1098.949353944216,,9.68406574716903,4.842032873584515,0.26394222765321057,first_green,1
2015-07-28 15:00:00,2015-07-28 16:00:00,short,1093.855,1096.0055654160367,1095.7805654160368,,9.533383323929412,-20.50216447426331,-1.1168487957490474,stop_loss,4
2015-07-29 08:30:00,2015-07-29 08:45:00,short,1097.285,1098.5522654153513,1098.3272654153513,,17.563566386806478,-22.25770025222426,-1.215875914796692,stop_loss,1
2015-07-29 09:00:00,2015-07-29 09:15:00,short,1098.685,1098.5149999999999,1099.90121354691,,15.005796976140886,2.5509854859450423,0.13977808455758886,first_green,1
2015-07-30 13:45:00,2015-07-30 14:00:00,short,1087.535,1087.145,1089.4806384477529,,9.383362592040163,3.6595114108966023,0.20044834149456067,first_green,1
2015-07-31 09:30:00,2015-07-31 09:45:00,short,1084.9950000000001,1081.955,1086.5681861735036,,11.61069180142119,35.29650307632264,1.9323841330426492,first_green,1
2015-07-31 15:15:00,2015-07-31 15:30:00,short,1082.895,1085.0599837039126,1084.8349837039127,,9.460915072368257,-20.482726955778748,-1.115980355683457,stop_loss,1
2015-07-31 15:45:00,2015-07-31 16:00:00,short,1090.575,1093.516924724292,1093.2919247242921,,6.7365923256766855,-19.818547520383945,-1.0828142193223753,stop_loss,1
2015-08-03 10:00:00,2015-08-03 10:15:00,short,1097.295,1095.2849999999999,1099.0007206486691,,10.701205905286447,21.509423869628094,1.1783875639710315,first_green,1
2015-08-04 09:00:00,2015-08-04 09:15:00,short,1086.185,1088.069460742664,1087.844460742664,,11.031921977611846,-20.78922388294208,-1.135586214373888,stop_loss,1
2015-08-04 09:30:00,2015-08-04 09:45:00,short,1088.055,1088.165,1089.9292033954605,,9.74017463765635,-1.071419210141224,-0.05869160213151614,first_green,1
2015-08-04 10:15:00,2015-08-04 10:30:00,short,1089.2350000000001,1091.4857124124733,1091.2607124124734,,9.010355921136375,-20.27971991250257,-1.1110720350107353,stop_loss,1
2015-08-04 10:45:00,2015-08-04 12:00:00,short,1090.535,1090.375,1092.6701295801429,,8.524864579530147,1.3639783327255215,0.07493690382453543,first_green,5
2015-08-04 13:00:00,2015-08-04 13:15:00,short,1093.415,1093.0249999999999,1095.7438934435634,,7.817060298148695,3.048653516278773,0.1674615045518645,first_green,1
2015-08-05 12:15:00,2015-08-05 12:30:00,short,1086.295,1086.385,1087.850524390907,,11.70841307057314,-1.0537571763506242,-0.05785830201444154,first_green,1
2015-08-05 14:15:00,2015-08-05 14:30:00,short,1087.675,1087.805,1089.1120290424876,,12.672038754084113,-1.6473650380323177,-0.09046442079908414,first_green,1
2015-08-05 15:30:00,2015-08-05 15:45:00,short,1090.4750000000001,1090.075,1092.3225759993463,,9.853975864048692,3.941590345620373,0.21649988966171924,first_green,1
2015-08-07 09:30:00,2015-08-07 09:45:00,short,1089.785,1091.2618963427594,1091.0368963427595,,14.550584308174933,-21.48970474975509,-1.1797273402875854,stop_loss,1
2015-08-07 10:00:00,2015-08-07 10:15:00,short,1095.835,1095.585,1097.7051555200323,,9.711544748015855,2.427886187003964,0.13367872207530657,first_green,1
2015-08-07 15:15:00,2015-08-07 15:30:00,short,1092.4850000000001,1085.215,1094.1686232086483,,10.791113261379577,78.45139341023179,4.318068296193965,first_green,1
2015-08-10 14:30:00,2015-08-10 14:45:00,short,1096.365,1095.945,1097.9828061049095,,11.351358584818172,4.767570605624458,0.2596108388548616,first_green,1
2015-08-11 08:15:00,2015-08-11 08:45:00,long,1099.845,1100.905,1096.7555011116679,,5.947960108822044,6.304837715351042,0.34309771206040895,first_green,2
2015-08-11 14:30:00,2015-08-11 14:45:00,long,1109.185,1109.025,1105.4932140811347,,4.981864778332428,-0.7970983645324635,-0.043339457789859,first_green,1
2015-08-11 15:45:00,2015-08-11 16:00:00,long,1106.885,1107.305,1103.3453063564043,,5.195360769624682,2.1820515232427447,0.11865433630392641,first_green,1
2015-08-13 10:30:00,2015-08-13 12:00:00,long,1119.365,1117.1419127365045,1117.3669127365044,,9.206525138973651,-20.466908777503207,-1.112607694423857,stop_loss,6
2015-08-13 12:15:00,2015-08-13 12:30:00,long,1117.0149999999999,1116.9550000000002,1115.056074586175,,9.364457278378095,-0.5618674367000455,-0.030629037520407146,first_green,1
2015-08-13 14:45:00,2015-08-13 15:00:00,long,1115.5049999999999,1117.4550000000002,1113.6269410388122,,9.766929079319029,19.04551170467477,1.0383060597666838,first_green,1
2015-08-14 15:30:00,2015-08-14 15:45:00,long,1118.0349999999999,1117.915,1116.4105447110255,,11.321014856353946,-1.358521782761238,-0.07387091587830522,first_green,1
2015-08-17 12:45:00,2015-08-17 13:15:00,long,1116.7549999999999,1116.815,1115.3513773632678,,13.099736121607087,0.7859841672986889,0.0427465320307645,first_green,2
2015-08-18 14:45:00,2015-08-18 15:00:00,long,1119.235,1117.6076270531228,1117.8326270531227,,13.112810794639826,-21.339433544715263,-1.160442342032435,stop_loss,1
2015-08-18 15:15:00,2015-08-18 16:00:00,long,1118.075,1116.3783110815193,1116.6033110815192,,12.458952637210906,-21.13896687543203,-1.152885570567569,stop_loss,3
2015-08-19 14:15:00,2015-08-19 14:30:00,long,1121.2949999999998,1121.505,1119.9772848637588,,13.874664266987116,2.913679496070954,0.15936676617323467,first_green,1
2015-08-20 11:45:00,2015-08-20 12:00:00,long,1136.665,1138.345,1134.871921293564,,10.20041075049401,17.136690060830585,0.936936005078798,first_green,1
2015-08-20 14:30:00,2015-08-20 15:00:00,long,1138.345,1139.765,1136.5786172341006,,10.378826940960261,14.737934256164326,0.8039027709133354,first_green,2
2015-08-21 09:15:00,2015-08-21 09:30:00,long,1162.085,1159.2589746132503,1159.4839746132502,,7.062532325899079,-19.958895647731445,-1.0865043459960473,stop_loss,1
2015-08-21 09:45:00,2015-08-21 10:00:00,long,1158.115,1155.0704679063228,1155.2954679063228,,6.497506687853475,-19.781867640051903,-1.0798004748747023,stop_loss,1
2015-08-21 12:45:00,2015-08-21 13:00:00,long,1149.645,1150.9950000000001,1146.7186498166857,,6.243433909708213,8.428635778106939,0.4613255131589091,first_green,1
2015-08-24 09:15:00,2015-08-24 09:45:00,long,1154.355,1154.555,1150.7616250640774,,5.090352629994673,1.018070525999166,0.055657982694949364,first_green,2
2015-08-24 12:00:00,2015-08-24 12:45:00,long,1155.215,1156.055,1151.9215810215655,,5.554741395412206,4.6659827721470615,0.25505409591082906,first_green,3
2015-08-25 14:00:00,2015-08-25 14:15:00,long,1148.185,1149.255,1145.1317590091471,,5.995516156018468,6.415202286940742,0.350447279859587,first_green,1
2015-08-26 11:15:00,2015-08-26 11:30:00,long,1136.2949999999998,1136.2050000000002,1133.7958153901259,,7.331108563251475,-0.6597997706903658,-0.03601174544854033,first_green,1
2015-08-26 12:45:00,2015-08-26 13:00:00,long,1134.355,1134.305,1131.6050100321452,,6.661894919368521,-0.3330947459681231,-0.01818188451027605,first_green,1
2015-08-26 15:45:00,2015-08-26 16:30:00,long,1126.2549999999999,1122.3401902883156,1122.5651902883155,,4.9648390810753105,-19.436400251543166,-1.0609787543480662,stop_loss,3
2015-08-27 12:45:00,2015-08-27 13:15:00,short,1128.2150000000001,1128.235,1130.0634472141135,,9.884361489022597,-0.1976872297780247,-0.010819892419458788,first_green,2
2015-08-28 08:30:00,2015-08-28 08:45:00,short,1131.4650000000001,1130.855,1133.4351462913498,,9.273537868643219,5.656858099873545,0.3096216776786831,first_green,1
2015-08-28 14:00:00,2015-08-28 14:15:00,short,1127.7050000000002,1126.605,1129.9559887786838,,8.122816318764727,8.935097950642307,0.4886741375243058,first_green,1
2015-08-28 15:45:00,2015-08-28 16:00:00,short,1127.415,1126.7949999999998,1129.8472567733925,,7.526633836521495,4.666512978644217,0.2549072971170485,first_green,1
2015-09-01 08:45:00,2015-09-01 09:00:00,long,1140.805,1142.095,1139.0891447856711,,10.675942969544474,13.771966430711982,0.7518116850578646,first_green,1
2015-09-01 11:30:00,2015-09-01 11:45:00,long,1141.5149999999999,1141.815,1139.5213010221005,,9.205402887644082,2.761620866294899,0.1504740702211073,first_green,1
2015-09-01 14:45:00,2015-09-01 15:00:00,long,1142.125,1139.874867016321,1140.099867016321,,9.065926301323861,-20.39953979821083,-1.111103814817711,stop_loss,1
2015-09-01 15:15:00,2015-09-01 15:45:00,long,1140.375,1145.515,1138.2983037028482,,8.816266276406854,45.31560866073211,2.4750850699978018,first_green,2
2015-09-02 13:00:00,2015-09-02 13:30:00,long,1138.815,1138.9550000000002,1137.0627416970856,,10.513288207525928,1.4718603490546818,0.07989689634641362,first_green,2
2015-09-03 12:30:00,2015-09-03 13:00:00,long,1130.575,1130.525,1129.1494288525062,,12.925118634615034,-0.6462559317301639,-0.03507366159020068,first_green,2
2015-09-03 14:00:00,2015-09-03 14:15:00,long,1128.725,1126.7466230701516,1126.9716230701515,,10.507758058164011,-20.78830612669935,-1.1283238054349005,stop_loss,1
2015-09-03 15:30:00,2015-09-03 15:45:00,long,1125.965,1123.4996896196014,1123.7246896196013,,8.20068949331392,-20.21724493429154,-1.1004325123735221,stop_loss,1
2015-09-03 16:00:00,2015-09-03 16:15:00,long,1123.225,1124.865,1120.6016201311868,,6.983947274951855,11.45367353092174,0.6251477414676042,first_green,1
2015-09-07 08:15:00,2015-09-07 08:45:00,short,1123.565,1123.385,1125.0344319950193,,12.487941552918102,2.2478294795260534,0.12249631191520755,first_green,2
2015-09-08 10:15:00,2015-09-08 10:30:00,short,1120.9850000000001,1120.565,1122.3185194998514,,13.764928406022108,5.781269930530287,0.3149560243002958,first_green,1
2015-09-08 12:15:00,2015-09-08 12:30:00,short,1120.835,1120.7849999999999,1122.2740580515265,,12.76547085701483,0.6382735428530635,0.034744949967199484,first_green,1
2015-09-08 14:45:00,2015-09-08 15:00:00,short,1121.025,1122.5837269251736,1122.3587269251736,,13.774820733846907,-21.47118396728481,-1.168700200733093,stop_loss,1
2015-09-08 15:15:00,2015-09-08 15:45:00,short,1122.865,1122.175,1124.343162501808,,12.392528778025303,8.550844856838136,0.4667957678239936,first_green,2
2015-09-10 07:30:00,2015-09-10 07:45:00,short,1107.2250000000001,1106.435,1108.526346441171,,14.092748767110853,11.133271526020266,0.6070635574101385,first_green,1
2015-09-10 11:00:00,2015-09-10 11:30:00,short,1107.7350000000001,1107.555,1109.2835368705141,,11.861119992004348,2.1350015985615376,0.1162387563560673,first_green,2
2015-09-10 15:30:00,2015-09-10 15:45:00,short,1109.165,1111.0305863810306,1110.8055863810307,,11.198873372130931,-20.892465645934287,-1.1371460854493665,stop_loss,1
2015-09-10 16:00:00,2015-09-10 16:15:00,short,1110.415,1112.4135923387457,1112.1885923387458,,10.329593544616797,-20.64464652062885,-1.1268611704530767,stop_loss,1
2015-09-15 15:30:00,2015-09-15 15:45:00,short,1108.845,1107.085,1110.6938595314784,,9.881159734282802,17.39084113233764,0.9519381921852307,first_green,1
2015-09-16 10:15:00,2015-09-16 11:15:00,short,1107.635,1107.445,1108.926933390651,,14.174378951839012,2.6931320008501856,0.14706640557089978,first_green,4
2015-09-16 15:30:00,2015-09-16 15:45:00,short,1109.895,1111.6041919804968,1111.379191980497,,12.342801019238133,-21.096216518949863,-1.1515976389554252,stop_loss,1
2015-09-16 16:00:00,2015-09-16 16:15:00,short,1113.765,1113.0049999999999,1115.693946146449,,9.469598610595073,7.196894944054322,0.39399752108131736,first_green,1
2015-09-18 15:00:00,2015-09-18 15:15:00,long,1136.0049999999999,1133.472927064201,1133.697927064201,,7.925340244760523,-20.067539540755565,-1.097526175487812,stop_loss,1
2015-09-21 12:15:00,2015-09-21 12:45:00,long,1138.065,1136.6429738336608,1136.8679738336607,,15.232891017408141,-21.66156961574872,-1.1879658158918822,stop_loss,2
2015-09-21 13:00:00,2015-09-21 13:45:00,long,1136.815,1136.765,1135.6240118485978,,15.264648259840866,-0.7632324129913491,-0.04198194578265458,first_green,3
2015-09-21 14:30:00,2015-09-21 14:45:00,long,1134.625,1133.0119263075333,1133.2369263075332,,13.095923674957035,-21.124689958625567,-1.1620951403524171,stop_loss,1
2015-09-21 15:00:00,2015-09-21 15:15:00,long,1130.935,1133.105,1129.162783397822,,10.227471847736151,22.19361390958819,1.224455293632482,first_green,1
2015-09-22 12:15:00,2015-09-22 12:30:00,long,1133.7549999999999,1132.1273880566628,1132.3523880566627,,12.96208800160483,-21.09724924199874,-1.160415003642826,stop_loss,1
2015-09-22 12:45:00,2015-09-22 13:00:00,long,1130.585,1131.795,1128.8082835794694,,10.203111824181589,12.345765307260093,0.6810315850171795,first_green,1
2015-09-23 07:45:00,2015-09-23 08:15:00,long,1123.805,1124.925,1122.7177951489625,,16.702372799820193,18.706657535796793,1.0301646455413191,first_green,2
2015-09-23 12:45:00,2015-09-23 13:00:00,long,1125.235,1125.105,1123.790596942298,,12.604284710257248,-1.638557012331952,-0.09000257878622357,first_green,1
2015-09-24 07:45:00,2015-09-24 08:15:00,long,1134.335,1134.185,1133.0053674503674,,13.689173740624778,-2.0533760610949616,-0.1128131227244232,first_green,2
2015-09-25 10:00:00,2015-09-25 10:30:00,long,1146.855,1145.2178668986523,1145.4428668986523,,12.885780756495922,-21.09573821316832,-1.159333422455125,stop_loss,2
2015-09-25 10:45:00,2015-09-25 11:00:00,long,1145.805,1144.1543908805902,1144.37939088059,,12.726979612009268,-21.007268610125916,-1.1578272732241177,stop_loss,1
2015-09-25 11:15:00,2015-09-25 11:45:00,long,1143.125,1141.173020708264,1141.3980207082639,,10.475620705163465,-20.4481946845605,-1.1302852912461476,stop_loss,2
2015-09-25 12:00:00,2015-09-25 12:15:00,long,1142.095,1142.415,1140.3032330524984,,10.068306910305854,3.2218582112972323,0.17859465509514627,first_green,1
2015-09-28 09:45:00,2015-09-28 10:00:00,long,1142.205,1140.4797991104338,1140.7047991104337,,12.03046492655702,-20.75496879319075,-1.1499799137333944,stop_loss,1
2015-09-29 08:45:00,2015-09-29 09:30:00,long,1127.105,1127.7250000000001,1125.475665098197,,11.045136725923141,6.847984770073654,0.38052336527868236,first_green,3
2015-09-29 11:15:00,2015-09-29 11:30:00,long,1125.695,1126.095,1123.8370464195282,,9.695261988238107,3.8781047952961245,0.21529063169518256,first_green,1
2015-09-30 11:00:00,2015-09-30 12:00:00,short,1124.855,1123.565,1126.4975462101017,,10.972624012526714,14.15468497615906,0.7853660323626879,first_green,4
2015-10-01 14:45:00,2015-10-01 15:00:00,short,1114.4650000000001,1114.225,1115.761258194261,,13.93119733324756,3.3434873599827086,0.18514829920676776,first_green,1
2015-10-02 15:15:00,2015-10-02 15:30:00,short,1108.775,1110.6496892873395,1110.4246892873396,,10.951630441041694,-20.5309042667207,-1.1363893199323474,stop_loss,1
2015-10-05 10:30:00,2015-10-05 10:45:00,short,1136.4550000000002,1136.375,1137.8635991216688,,12.789628986477714,1.0231703189201946,0.056794015252107234,first_green,1
2015-10-05 14:30:00,2015-10-05 14:45:00,long,1130.875,1132.025,1129.1702619535706,,10.569376403815827,12.154782864389162,0.6745904465549969,first_green,1
2015-10-07 10:30:00,2015-10-07 10:45:00,long,1150.0149999999999,1148.1092786297725,1148.3342786297724,,10.738487270698391,-20.46456467568495,-1.1338710889178811,stop_loss,1
2015-10-07 12:30:00,2015-10-07 13:00:00,long,1148.5249999999999,1148.445,1146.9955525273756,,11.767153792610731,-0.9413723034080024,-0.052306471083090514,first_green,2
2015-10-08 15:15:00,2015-10-08 15:30:00,long,1141.465,1139.5754176682049,1139.8004176682048,,10.810453681750136,-20.427242275723852,-1.1351690425292817,stop_loss,1
2015-10-08 15:45:00,2015-10-08 16:00:00,long,1138.195,1139.405,1135.99824278534,,8.16832282233742,9.883670615028574,0.5508118930599741,first_green,1
2015-10-09 09:45:00,2015-10-09 10:00:00,long,1146.065,1146.4550000000002,1144.387728948063,,10.712956172127907,4.178052907130955,0.23252055745535072,first_green,1
2015-10-09 15:15:00,2015-10-09 15:30:00,long,1151.5049999999999,1154.675,1148.964074704679,,7.075759540650529,22.430157743862694,1.2475770168598055,first_green,1
2015-10-12 15:30:00,2015-10-12 15:45:00,long,1164.145,1165.9650000000001,1161.8857340670897,,7.982704263404363,14.528521759397249,0.8055713909056109,first_green,1
2015-10-13 12:45:00,2015-10-13 13:00:00,long,1154.7849999999999,1154.7350000000001,1152.9198874911115,,9.689159776198107,-0.48445798880726165,-0.026808034239997298,first_green,1
2015-10-13 14:15:00,2015-10-13 14:30:00,long,1152.495,1154.755,1150.6288377851017,,9.683060673918598,21.883717123058148,1.211041560030483,first_green,1
2015-10-14 11:45:00,2015-10-14 12:00:00,long,1173.7849999999999,1173.805,1171.817098002896,,9.210250954425357,0.18420501909043377,0.010163107730793243,first_green,1
2015-10-14 12:45:00,2015-10-14 13:30:00,long,1168.485,1165.7076706596397,1165.9326706596396,,7.101486267062215,-19.723166169677,-1.0881547676633874,stop_loss,3
2015-10-14 13:45:00,2015-10-14 14:00:00,long,1167.0349999999999,1167.9750000000001,1164.302413882496,,6.614987805279677,6.218088536964761,0.34399647790751103,first_green,1
2015-10-15 10:00:00,2015-10-15 10:15:00,long,1183.475,1184.045,1181.5007878492588,,9.163943732549466,5.223447927554696,0.28872276963050425,first_green,1
2015-10-19 09:45:00,2015-10-19 10:30:00,long,1172.175,1172.7450000000001,1170.288470702145,,9.596791158193152,5.470170960171668,0.30214214041006626,first_green,3
2015-10-20 15:15:00,2015-10-20 15:30:00,long,1173.395,1173.285,1171.5037843573505,,9.580241778956104,-1.053826595684213,-0.058163647507586506,first_green,1
2015-10-21 08:45:00,2015-10-21 09:00:00,long,1176.335,1176.295,1174.7845380203744,,11.684045648517529,-0.4673618259402761,-0.025798762256409112,first_green,1
2015-10-21 09:45:00,2015-10-21 10:00:00,long,1174.7649999999999,1174.845,1172.8802431382733,,9.61105408847148,0.7688843270792044,0.04244579320797256,first_green,1
2015-10-22 11:45:00,2015-10-22 12:00:00,long,1166.935,1167.135,1165.413579389054,,11.907569952811826,2.381513990562907,0.13145608687112578,first_green,1
2015-10-22 15:30:00,2015-10-22 15:45:00,long,1166.195,1164.2458776671594,1164.4708776671594,,10.511073252910474,-20.487367619370126,-1.1305011806379248,stop_loss,1
2015-10-23 13:30:00,2015-10-23 14:15:00,long,1171.815,1178.765,1170.1470822275985,,10.834561521817735,75.30020257663375,4.166872081465435,first_green,3
2015-10-26 10:45:00,2015-10-26 11:00:00,short,1165.115,1165.145,1166.8810684406285,,10.339015071443917,-0.3101704521430354,-0.016986884148893277,first_green,1
2015-10-26 12:15:00,2015-10-26 12:30:00,short,1166.435,1168.443611092216,1168.2186110922162,,10.236891258644107,-20.561933331923022,-1.1261485763246373,stop_loss,1
2015-10-27 08:00:00,2015-10-27 08:15:00,short,1165.4650000000001,1165.2549999999999,1166.8027412871247,,13.61042537943567,2.8581893296850804,0.15698102616811008,first_green,1
2015-10-27 10:00:00,2015-10-27 10:15:00,short,1166.375,1166.195,1167.6856965085549,,13.896713174894929,2.501408371481972,0.137331562894391,first_green,1
2015-10-27 14:30:00,2015-10-27 14:45:00,short,1167.565,1162.745,1169.1596223244824,,11.426296170516334,55.0747475418906,3.0226593005744773,first_green,1
2015-10-28 07:45:00,2015-10-28 08:15:00,short,1170.315,1171.8417659706574,1171.6167659706575,,14.102622316386721,-21.531403849692595,-1.1728421275955387,stop_loss,2
2015-10-28 08:30:00,2015-10-28 08:45:00,short,1171.645,1170.835,1173.051382958285,,13.015292322087209,10.54238678088993,0.575945545434952,first_green,1
2015-10-28 11:00:00,2015-10-28 11:45:00,short,1171.905,1171.915,1173.460908859327,,11.781436409947265,-0.11781436409936549,-0.006427111678197031,first_green,3
2015-10-29 08:30:00,2015-10-29 08:45:00,short,1162.375,1160.945,1164.1743194115338,,10.187489020806415,14.568109299753823,0.7947449412447962,first_green,1
2015-10-29 11:15:00,2015-10-29 11:30:00,short,1161.325,1161.245,1163.489820930945,,8.484289282604747,0.6787431426096916,0.036954557698791905,first_green,1
2015-11-02 07:45:00,2015-11-02 08:45:00,short,1141.665,1141.605,1143.2277333427307,,11.75418952086375,0.7052513712511836,0.038394266225291594,first_green,4
2015-11-03 14:15:00,2015-11-03 14:45:00,short,1132.355,1132.305,1133.8094881633003,,12.630166042585843,0.6315083021287178,0.03437635400655434,first_green,2
2015-11-04 12:00:00,2015-11-04 12:15:00,short,1118.695,1118.055,1120.1479714956001,,12.644436477829759,8.092439345809435,0.44047663834967427,first_green,1
2015-11-05 11:00:00,2015-11-05 11:15:00,short,1109.895,1109.245,1111.44896691739,,11.835668232545085,7.693184351155382,0.4182843229969304,first_green,1
2015-11-05 14:30:00,2015-11-05 14:45:00,short,1110.095,1107.5249999999999,1111.7099791184326,,11.40043832723127,29.299126500986233,1.591351845152376,first_green,1
2015-11-06 14:30:00,2015-11-06 14:45:00,short,1108.7150000000001,1108.685,1109.8997228826602,,15.602566580131901,0.4680769974070789,0.025322377443104595,first_green,1
2015-11-09 08:30:00,2015-11-09 08:45:00,short,1094.025,1093.565,1095.233047266894,,15.302288540194567,7.0390527284900575,0.3807798027496181,first_green,1
2015-11-09 14:15:00,2015-11-09 14:30:00,short,1094.515,1093.875,1096.3620251538352,,10.017993226352713,6.411515664866739,0.34650313162828855,first_green,1
2015-11-11 08:45:00,2015-11-11 09:00:00,short,1093.335,1092.375,1094.6889901417303,,13.67773198519722,13.130622705789829,0.7090155019690557,first_green,1
2015-11-11 15:00:00,2015-11-11 15:15:00,short,1089.305,1088.0049999999999,1090.8613207991395,,11.920640549305853,15.496832714099778,0.8353033646526945,first_green,1
2015-11-13 08:45:00,2015-11-13 09:15:00,short,1083.085,1084.8777596567143,1084.6527596567144,,11.858375630546815,-21.259217424607435,-1.1435168962514703,stop_loss,2
2015-11-13 13:15:00,2015-11-13 13:30:00,short,1086.055,1087.9346697414173,1087.7096697414174,,11.203404764200647,-21.058700936118086,-1.1359787964740187,stop_loss,1
2015-11-16 08:00:00,2015-11-16 08:15:00,short,1095.025,1095.085,1096.6367848757877,,11.468830853001036,-0.6881298511794363,-0.0372258115219161,first_green,1
2015-11-16 15:00:00,2015-11-16 15:15:00,short,1092.645,1089.565,1094.6420545473713,,9.255414586213902,28.506676925538144,1.54227134359149,first_green,1
2015-11-17 10:30:00,2015-11-17 10:45:00,short,1079.675,1079.635,1081.4471660666486,,10.470144321524375,0.41880577286059406,0.022571248119882883,first_green,1
2015-11-17 15:15:00,2015-11-17 15:30:00,short,1081.325,1079.995,1083.2810694633456,,9.486310093617393,12.6167924245126,0.6799349537032257,first_green,1
2015-11-18 07:15:00,2015-11-18 08:00:00,short,1068.2250000000001,1070.3711524954904,1070.1461524954905,,9.675142144439167,-20.764330457510926,-1.1171171994560913,stop_loss,3
2015-11-18 08:15:00,2015-11-18 09:00:00,short,1070.775,1070.805,1072.7372946538865,,9.445835574264633,-0.28337506722768124,-0.015288223886538627,first_green,3
2015-11-20 12:00:00,2015-11-20 12:15:00,short,1085.755,1085.465,1087.7844036211989,,9.133128579051604,2.6486072879267097,0.14289912414214095,first_green,1
2015-11-24 10:45:00,2015-11-24 11:00:00,short,1073.775,1073.7949999999998,1075.190956230109,,13.09463197742787,-0.2618926395453418,-0.014124730393832585,first_green,1
2015-11-24 13:30:00,2015-11-24 13:45:00,short,1075.585,1075.085,1077.098684050516,,12.248772120906473,6.1243860604532365,0.3303199236521847,first_green,1
2015-11-24 15:15:00,2015-11-24 15:30:00,short,1078.365,1080.930638378233,1080.705638378233,,7.927786767719847,-20.33983398570948,-1.0961276214610143,stop_loss,1
2015-11-25 15:00:00,2015-11-25 15:15:00,short,1074.325,1073.455,1075.9056161426292,,11.707606849584216,10.185617959139652,0.5504182682538978,first_green,1
2015-11-26 13:15:00,2015-11-26 14:00:00,short,1072.435,1072.2949999999998,1073.865359568724,,12.955271407340728,1.813737997028998,0.09787748693497222,first_green,3
2015-11-30 10:15:00,2015-11-30 10:30:00,short,1057.4850000000001,1056.895,1059.3940874699308,,9.708947892561667,5.7282792566127965,0.30904817578713034,first_green,1
2015-11-30 15:15:00,2015-11-30 15:30:00,short,1058.7450000000001,1060.5986863358276,1060.3736863358276,,11.389271867757165,-21.112137636285244,-1.1381481474059203,stop_loss,1
2015-12-01 15:30:00,2015-12-01 15:45:00,short,1070.595,1068.475,1072.710861363378,,8.74195797612212,18.532950909379927,1.001956005574767,first_green,1
2015-12-03 07:15:00,2015-12-03 10:00:00,short,1052.695,1052.475,1054.6602344171206,,9.435568264874941,2.0758250182727447,0.11194593280243803,first_green,11
2015-12-03 14:45:00,2015-12-03 15:00:00,short,1053.265,1055.2772835643534,1055.0522835643535,,10.377924036066254,-20.8833259698833,-1.1258893689213265,stop_loss,1
2015-12-04 08:00:00,2015-12-04 08:30:00,short,1062.275,1062.345,1064.0807990952262,,10.242603839896466,-0.7169822687921006,-0.03876400214453037,first_green,2
2015-12-04 11:45:00,2015-12-04 12:00:00,short,1061.605,1061.665,1063.4304175311192,,10.131540853468817,-0.6078924512075762,-0.03286919237767882,first_green,1
2015-12-04 13:15:00,2015-12-04 13:30:00,short,1062.635,1062.195,1064.396043804421,,10.501029283666767,4.62045288481395,0.24985182020768876,first_green,1
2015-12-04 15:15:00,2015-12-04 15:30:00,short,1064.195,1066.3694789843244,1066.1444789843245,,9.491932891324975,-20.64000859280392,-1.115415452953893,stop_loss,1
2015-12-07 15:30:00,2015-12-07 15:45:00,long,1079.875,1079.755,1077.9237843256103,,9.457039482089241,-1.1348447378496769,-0.06150012096301205,first_green,1
2015-12-08 12:30:00,2015-12-08 13:15:00,long,1071.805,1071.915,1070.0394937441843,,10.450196082938644,1.1495215691222054,0.06230507518030344,first_green,3
2015-12-09 11:45:00,2015-12-09 12:00:00,long,1074.875,1079.785,1073.158292829537,,10.748927178929486,52.77723244854466,2.8601266916569434,first_green,1
2015-12-10 08:15:00,2015-12-10 08:30:00,long,1072.7849999999999,1073.7050000000002,1071.0231785339886,,10.54857362253033,9.70468773273107,0.5221868490926964,first_green,1
2015-12-10 15:00:00,2015-12-10 15:30:00,long,1073.145,1074.005,1071.0854347756022,,9.035385207937209,7.77043127882715,0.4175638575620115,first_green,2
2015-12-11 10:30:00,2015-12-11 11:15:00,long,1068.955,1068.825,1067.2479270591014,,10.912475264060756,-1.418621784326608,-0.07615374650098566,first_green,3
2015-12-11 11:45:00,2015-12-11 12:00:00,long,1067.965,1068.165,1066.2738196725227,,11.012926525005902,2.2025853050016813,0.11826059986068337,first_green,1
2015-12-11 12:45:00,2015-12-11 13:00:00,long,1063.2649999999999,1064.2350000000001,1061.0176886887475,,8.290062465766097,8.041360591795225,0.4316268934986592,first_green,1
2015-12-14 09:45:00,2015-12-14 10:00:00,long,1071.805,1069.888565667804,1070.1135656678039,,11.026413616405737,-21.131397615474558,-1.1330231955903154,stop_loss,1
2015-12-14 10:15:00,2015-12-14 10:30:00,long,1069.685,1067.7036357033614,1067.9286357033614,,10.588706507720822,-20.980085021981807,-1.1281055419029662,stop_loss,1
2015-12-14 10:45:00,2015-12-14 11:00:00,long,1066.085,1067.4650000000001,1064.1332113972862,,9.501631385389308,13.112251311838282,0.7070437843941348,first_green,1
2015-12-14 12:45:00,2015-12-14 13:00:00,long,1066.7949999999998,1067.105,1064.8498984104701,,9.551149705225425,2.9608564086215323,0.15937470909944843,first_green,1
2015-12-15 15:15:00,2015-12-15 15:30:00,short,1064.905,1067.5053272686314,1067.2803272686315,,7.82433598095277,-20.34583421020544,-1.0947237894210415,stop_loss,1
2015-12-16 15:15:00,2015-12-16 15:30:00,short,1069.575,1071.9027402020085,1071.6777402020086,,8.81444793382542,-20.51774481407618,-1.107003233107439,stop_loss,1
2015-12-16 15:45:00,2015-12-16 16:15:00,short,1072.4750000000001,1072.225,1075.1149902762218,,7.001237782354404,1.7503094455901929,0.0946973184908959,first_green,2
2015-12-17 09:30:00,2015-12-17 09:45:00,short,1067.855,1067.245,1069.6136224612544,,10.51253230745059,6.412644707546198,0.34686239567588967,first_green,1
2015-12-17 11:15:00,2015-12-17 11:45:00,short,1068.375,1067.0349999999999,1070.0742281930652,,10.889418577110332,14.59182089332943,0.7885933187013227,first_green,2
2015-12-17 14:00:00,2015-12-17 14:15:00,short,1067.345,1064.7849999999999,1069.235206028772,,9.808500408070893,25.10976104466318,1.354349716926599,first_green,1
2015-12-18 16:00:00,2015-12-18 16:15:00,short,1060.355,1059.385,1062.5659779888476,,8.413860789656656,8.161444965967187,0.4387198809272636,first_green,1
2015-12-21 10:30:00,2015-12-21 10:45:00,short,1073.425,1072.225,1075.4359476837185,,9.260939392086339,11.113127270504028,0.5967335747795622,first_green,1
2015-12-21 15:45:00,2015-12-21 16:00:00,short,1074.025,1074.135,1076.7064320832903,,6.955629252732868,-0.7651192177999195,-0.04102285516958708,first_green,1
2015-12-23 10:30:00,2015-12-23 10:45:00,long,1073.165,1071.909139469879,1072.1341394698788,,18.090841675269555,-22.71957401663958,-1.218264249552239,stop_loss,1
2015-12-23 11:00:00,2015-12-23 11:15:00,long,1071.335,1071.675,1070.1091049510692,,15.166335585480207,5.156554099062029,0.2773483752107855,first_green,1
2015-12-23 15:30:00,2015-12-23 15:45:00,long,1071.5149999999999,1069.666398733303,1069.8913987333028,,11.459234155292881,-21.183554774851487,-1.1385808231460883,stop_loss,1
2015-12-24 12:45:00,2015-12-24 13:00:00,long,1071.7849999999999,1071.795,1070.80543229128,,18.93924027693973,0.18939240277353134,0.010208584777960782,first_green,1
2015-12-28 07:30:00,2015-12-28 07:45:00,long,1073.2649999999999,1073.095,1072.2872768153766,,18.975454377845686,-3.2258272442308327,-0.17387334439179056,first_green,1
2015-12-28 09:15:00,2015-12-28 09:45:00,long,1073.145,1073.265,1072.1914311904325,,19.44765488321886,2.3337185859885627,0.1258430422598906,first_green,2
2015-12-28 12:15:00,2015-12-28 12:30:00,long,1072.115,1070.8192456938618,1071.0442456938617,,17.32471334085894,-22.448571914027518,-1.2101322392168405,stop_loss,1
2015-12-28 12:45:00,2015-12-28 13:00:00,long,1071.375,1071.525,1070.2752679707278,,16.817178631043426,2.5225767946580433,0.13639686396999653,first_green,1
2015-12-29 10:45:00,2015-12-29 11:30:00,long,1072.805,1071.5204114814671,1071.745411481467,,17.460265094370108,-22.429256070769092,-1.2123465817763084,stop_loss,3
2015-12-29 11:45:00,2015-12-29 12:00:00,long,1071.675,1074.825,1070.6150767212146,,17.401847523810336,54.81581970000414,2.9719132158412487,first_green,1
2015-12-30 10:30:00,2015-12-30 10:45:00,long,1068.345,1068.635,1067.4364830811057,,20.45274275819237,5.931295399875044,0.3192015404103944,first_green,1
2015-12-30 12:15:00,2015-12-30 12:30:00,short,1070.555,1066.975,1072.0666111450014,,12.302430511713304,44.04270123193553,2.368333954032217,first_green,1
2015-12-30 14:15:00,2015-12-30 14:30:00,short,1067.785,1067.7749999999999,1069.429497334776,,11.375267949424284,0.11375267949672582,0.0060808855014538345,first_green,1
2015-12-30 15:15:00,2015-12-30 15:30:00,short,1068.525,1062.235,1070.1158541591665,,11.759017694426039,73.96422129794203,3.953850806346816,first_green,1
2015-12-31 09:45:00,2015-12-31 10:00:00,short,1062.9750000000001,1062.395,1063.8360520941192,,21.940359810009383,12.725408689808834,0.6735945524800913,first_green,1
2015-12-31 15:45:00,2015-12-31 16:00:00,short,1061.805,1061.945,1063.4623225287755,,11.418179595881124,-1.5985451434219036,-0.0844735997786221,first_green,1
2016-01-04 07:15:00,2016-01-04 07:30:00,short,1065.425,1067.0125469312454,1066.7875469312455,,13.885473949660131,-22.043841557671854,-1.1651319267177294,stop_loss,1
2016-01-04 07:45:00,2016-01-04 08:00:00,short,1067.565,1069.3352573029617,1069.1102573029618,,12.207999456755902,-21.611300192874374,-1.1456068187276351,stop_loss,1
2016-01-04 09:00:00,2016-01-04 09:15:00,short,1069.625,1069.195,1071.220569832861,,11.789187585036412,5.069350661566408,0.2694961957440885,first_green,1
2016-01-04 10:00:00,2016-01-04 10:30:00,short,1071.075,1073.1388179403461,1072.9138179403462,,10.236546548884203,-21.126368414775154,-1.1223612164440537,stop_loss,2
2016-01-04 10:45:00,2016-01-04 11:15:00,short,1072.585,1071.5249999999999,1074.4899209238122,,9.853600370285648,10.444816392504489,0.5564535444751654,first_green,2
2016-01-04 13:30:00,2016-01-04 13:45:00,short,1074.175,1072.655,1075.9689591643541,,10.477630670031445,15.925998618447606,0.8472879596159412,first_green,1
2016-01-05 16:00:00,2016-01-05 16:15:00,long,1075.365,1077.435,1072.9151610393376,,7.688773368464347,15.915760872720709,0.8449534982659527,first_green,1
2016-01-07 09:30:00,2016-01-07 10:00:00,long,1097.2749999999999,1094.8629071777714,1095.0879071777713,,8.630656078289025,-20.817943577563625,-1.1028762920865156,stop_loss,2
2016-01-07 10:15:00,2016-01-07 10:45:00,long,1094.865,1095.175,1092.6010047629607,,8.3145056107193,2.577496739322529,0.13692608311549948,first_green,2
2016-01-08 11:00:00,2016-01-08 11:15:00,long,1099.315,1097.2081981914273,1097.4331981914272,,10.006603648199674,-21.081930663697793,-1.119566257708376,stop_loss,1
2016-01-08 11:30:00,2016-01-08 12:45:00,long,1097.385,1097.605,1095.3524515017918,,9.23852003174765,2.032474406984735,0.10823849969335302,first_green,5
2016-01-08 15:45:00,2016-01-08 16:00:00,long,1097.825,1101.9850000000001,1094.809061334085,,6.227852513875205,25.90786645772136,1.3793383953774883,first_green,1
2016-01-11 09:45:00,2016-01-11 10:00:00,long,1104.655,1104.585,1102.603466993714,,9.187076596187342,-0.6430953617325291,-0.034120825638901064,first_green,1
2016-01-11 11:00:00,2016-01-11 11:15:00,long,1100.245,1100.4950000000001,1097.7845911311078,,7.659695657997917,1.914923914501221,0.10160912812544269,first_green,1
2016-01-11 12:00:00,2016-01-11 12:15:00,long,1099.615,1101.2350000000001,1097.272748393783,,8.048140682112756,13.037987905023616,0.6916421769976567,first_green,1
2016-01-11 15:45:00,2016-01-11 16:00:00,long,1100.605,1102.7150000000001,1097.9941306348019,,7.232596797529816,15.260779242788834,0.8081599286910311,first_green,1
2016-01-12 12:00:00,2016-01-12 12:30:00,long,1094.855,1092.84785692865,1093.0728569286498,,10.61728301267759,-21.31040603545924,-1.1262524898348596,stop_loss,2
2016-01-12 12:45:00,2016-01-12 13:15:00,long,1093.245,1091.101451046736,1091.3264510467359,,9.83464159745247,-21.081035701945012,-1.11727613184804,stop_loss,2
2016-01-12 13:45:00,2016-01-12 14:00:00,long,1091.185,1091.365,1089.0533565010887,,8.826775566774971,1.588819602020057,0.08444188725366253,first_green,1
2016-01-12 14:45:00,2016-01-12 15:00:00,long,1086.585,1086.7450000000001,1084.0649795665242,,7.467999287732787,1.194879886037857,0.06349154866946788,first_green,1
2016-01-13 09:30:00,2016-01-13 10:00:00,long,1082.395,1080.5222617728348,1080.7472617728347,,11.423233188178148,-21.392725469323427,-1.1365508163192832,stop_loss,2
2016-01-13 14:30:00,2016-01-13 14:45:00,long,1081.385,1082.425,1079.6661455450267,,10.91949125419252,11.356270904359823,0.6050541376501266,first_green,1
2016-01-14 09:30:00,2016-01-14 09:45:00,long,1089.565,1087.767703328141,1087.9927033281408,,11.95538170499588,-21.48736774919496,-1.1431027642727536,stop_loss,1
2016-01-14 10:00:00,2016-01-14 10:15:00,long,1088.575,1090.645,1086.8984788900807,,11.180108818970176,23.142825255267553,1.2346996335164047,first_green,1
2016-01-14 14:30:00,2016-01-14 14:45:00,long,1089.945,1087.7626977434231,1087.987697743423,,9.605846744497693,-20.962861026848266,-1.1149541412134318,stop_loss,1
2016-01-14 15:00:00,2016-01-14 15:15:00,long,1085.655,1085.515,1083.3258465236659,,8.049765095892075,-1.1269671134238657,-0.06010767492240169,first_green,1
2016-01-14 16:00:00,2016-01-14 16:15:00,long,1084.2949999999998,1084.255,1081.7444051322996,,7.349783839206458,-0.2939913535663198,-0.015682616046272305,first_green,1
2016-01-15 14:15:00,2016-01-15 14:30:00,short,1082.7450000000001,1084.724141481325,1084.499141481325,,10.686473217909146,-21.150042434631143,-1.1282678748523525,stop_loss,1
2016-01-15 14:45:00,2016-01-15 15:00:00,short,1083.855,1085.8330352568566,1085.6080352568567,,10.663054711194428,-21.091898164533756,-1.1283488162145383,stop_loss,1
2016-01-15 15:15:00,2016-01-15 15:30:00,short,1087.755,1090.1452701959631,1089.9202701959632,,8.608616672347287,-20.576919860382002,-1.1039131284490018,stop_loss,1
2016-01-15 15:45:00,2016-01-15 16:15:00,short,1092.835,1095.7505390975396,1095.5255390975396,,6.9088528861937535,-20.14303070884666,-1.0836263632837235,stop_loss,2
2016-01-18 10:15:00,2016-01-18 11:00:00,long,1089.385,1089.415,1087.635970408662,,10.599123836720986,0.31797371510134037,0.017152368461085813,first_green,3
2016-01-20 12:00:00,2016-01-20 12:15:00,long,1093.365,1093.895,1091.3429319246072,,9.168324445935474,4.8592119563455505,0.26210789164307524,first_green,1
2016-01-21 10:15:00,2016-01-21 10:30:00,long,1100.425,1098.2346076613035,1098.4596076613034,,9.438891071063747,-20.674874687848675,-1.1144809591295783,stop_loss,1
2016-01-21 12:15:00,2016-01-21 13:00:00,long,1097.815,1098.4550000000002,1095.8795858268663,,9.558386657976799,6.117367461106108,0.33067857458326105,first_green,3
2016-01-21 15:45:00,2016-01-21 16:00:00,long,1095.985,1097.7050000000002,1093.1280926708466,,6.480689884428526,11.146786601218714,0.6020496298387201,first_green,1
2016-01-22 14:30:00,2016-01-22 14:45:00,long,1097.0249999999999,1097.405,1095.3773658461703,,11.254074426776079,4.2765482821761385,0.23063372358291892,first_green,1
2016-01-22 15:30:00,2016-01-22 16:15:00,long,1095.7749999999999,1096.7350000000001,1093.9425208489292,,10.124692963170704,9.719705244646546,0.5238804487567469,first_green,3
2016-01-26 07:15:00,2016-01-26 07:30:00,long,1111.855,1111.685,1110.440730236487,,13.13581645340985,-2.2330887970806303,-0.1202033758947123,first_green,1
2016-01-26 11:15:00,2016-01-26 11:30:00,long,1113.825,1114.005,1111.9566543156516,,9.94034747568525,1.789262545623978,0.09634191440479249,first_green,1
2016-01-27 12:45:00,2016-01-27 13:15:00,long,1116.605,1116.935,1114.8429664299404,,10.5426359515136,3.4790698639987205,0.18728360549268902,first_green,2
2016-01-28 08:15:00,2016-01-28 10:30:00,long,1118.335,1118.365,1116.4856320828148,,10.04947472346776,0.3014842417037586,0.01622175864585878,first_green,9
2016-01-29 10:00:00,2016-01-29 12:15:00,long,1113.325,1113.525,1110.984950462041,,7.9425369195217845,1.5885073839047181,0.08546827610089329,first_green,9
2016-01-29 13:45:00,2016-01-29 14:00:00,long,1112.055,1111.905,1110.144584505773,,9.73081571699193,-1.4596223575496745,-0.07851695113098212,first_green,1
2016-02-01 15:45:00,2016-02-01 16:00:00,long,1121.745,1121.9950000000001,1120.0658846978401,,11.069074313960797,2.767268578492716,0.14888792906518544,first_green,1
2016-02-02 12:45:00,2016-02-02 14:00:00,long,1124.635,1124.765,1123.0819673993676,,11.972169950064307,1.5563820935096666,0.08370719323417589,first_green,5
2016-02-03 09:15:00,2016-02-03 09:45:00,long,1127.305,1125.593747744561,1125.8187477445608,,12.51272192855234,-21.41242362191809,-1.1513874910375923,stop_loss,2
2016-02-03 10:00:00,2016-02-03 10:15:00,long,1124.595,1125.185,1122.936672301312,,11.182066212613304,6.597419065440934,0.3557801033334318,first_green,1
2016-02-03 14:15:00,2016-02-03 14:30:00,long,1127.435,1129.885,1125.7793896609576,,11.210381597000154,27.46543491265089,1.4798168036430386,first_green,1
2016-02-04 13:45:00,2016-02-04 14:15:00,long,1145.465,1145.765,1143.5617367292919,,9.787761656827957,2.9363284970501673,0.15762401587699088,first_green,2
2016-02-05 15:45:00,2016-02-05 16:00:00,long,1153.385,1150.2015556620845,1150.4265556620844,,6.299266085992453,-20.05336295447574,-1.076053484297912,stop_loss,1
2016-02-08 13:45:00,2016-02-08 14:00:00,long,1172.245,1176.7050000000002,1169.5184079635917,,6.816529363235977,30.401720960034258,1.6357415925983314,first_green,1
2016-02-09 07:45:00,2016-02-09 08:00:00,long,1191.385,1192.035,1189.162590769352,,8.397147889230148,5.45814612800036,0.29247538708726073,first_green,1
2016-02-09 09:45:00,2016-02-09 10:00:00,long,1189.5049999999999,1186.9218823960919,1187.1468823960918,,7.919683189044893,-20.457473062996286,-1.0954150885549627,stop_loss,1
2016-02-09 10:15:00,2016-02-09 10:30:00,long,1186.315,1190.525,1183.7577200252017,,7.282894656175856,30.660986502500617,1.6462804391732713,first_green,1
2016-02-09 13:30:00,2016-02-09 13:45:00,long,1187.7949999999998,1191.075,1184.8308583573894,,6.309095645169993,20.69383371615884,1.1065598056615045,first_green,1
2016-02-10 11:30:00,2016-02-10 12:00:00,long,1182.875,1183.295,1180.6150646620483,,8.297931094943598,3.485131059876915,0.18584602530298322,first_green,2
2016-02-12 10:15:00,2016-02-12 10:30:00,long,1236.945,1239.2050000000002,1232.7366727179078,,4.458184756883672,10.075497550558072,0.5370304751765146,first_green,1
2016-02-12 14:00:00,2016-02-12 14:15:00,long,1237.405,1237.815,1233.3805939232047,,4.66818927473582,1.9139576026420682,0.10187838706539738,first_green,1
2016-02-15 09:15:00,2016-02-15 10:30:00,long,1214.455,1210.5645393793814,1210.7895393793813,,5.126633764165802,-19.944966775820596,-1.0613838268331834,stop_loss,5
2016-02-15 10:45:00,2016-02-15 11:00:00,long,1208.225,1209.885,1204.393032470693,,4.890858708642055,8.118825456346212,0.4331978252175675,first_green,1
2016-02-16 15:15:00,2016-02-16 15:30:00,long,1211.665,1215.045,1207.4448631292485,,4.4458057641727695,15.026823482904446,0.8009218903362757,first_green,1
2016-02-17 10:45:00,2016-02-17 11:30:00,long,1205.245,1201.6042252207878,1201.8292252207877,,5.503722317613832,-20.03781340575494,-1.0658708534793404,stop_loss,3
2016-02-17 11:45:00,2016-02-17 12:00:00,long,1202.335,1202.935,1198.9356379251074,,5.515558783590265,3.3093352701536576,0.17650370474844218,first_green,1
2016-02-18 13:00:00,2016-02-18 13:15:00,long,1202.845,1202.875,1200.742594854449,,8.9219980880691,0.2676599426418296,0.014269371468889373,first_green,1
2016-02-19 09:15:00,2016-02-19 09:30:00,long,1225.065,1222.8933078044656,1223.1183078044655,,9.635998891781275,-20.926423589459844,-1.1155806760390943,stop_loss,1
2016-02-19 09:45:00,2016-02-19 10:00:00,long,1221.445,1222.815,1219.1649439742584,,8.204187778128382,11.239737256036854,0.6008624281741439,first_green,1
2016-02-19 12:00:00,2016-02-19 12:15:00,long,1220.935,1221.935,1218.125483299639,,6.66808889962084,6.66808889962084,0.35593310403583567,first_green,1
2016-02-19 15:45:00,2016-02-19 16:30:00,long,1226.625,1228.535,1222.3076036920445,,4.343075318490931,8.295273858318033,0.44239626473034127,first_green,3
2016-02-22 09:45:00,2016-02-22 10:00:00,long,1211.7949999999998,1208.7810580444627,1209.0060580444626,,6.730694230692735,-20.285921731776476,-1.0806757557478708,stop_loss,1
2016-02-22 10:15:00,2016-02-22 10:30:00,long,1208.685,1208.7350000000001,1205.4020602526234,,5.702450293369528,0.28512251466951366,0.015230252105643424,first_green,1
2016-02-22 12:00:00,2016-02-22 12:15:00,long,1206.195,1202.7884052985448,1203.0134052985447,,5.884317547821417,-20.04548498008774,-1.0707192528001754,stop_loss,1
2016-02-22 12:30:00,2016-02-22 12:45:00,long,1204.135,1204.425,1200.759390282929,,5.5312673514813655,1.6040675319293947,0.08591040561750506,first_green,1
2016-02-22 13:45:00,2016-02-22 14:00:00,long,1202.925,1206.355,1199.822950800484,,6.020346160570991,20.649787330758883,1.1057206960274222,first_green,1
2016-02-23 07:45:00,2016-02-23 09:00:00,long,1216.815,1217.915,1213.6826732776574,,5.978633813310829,6.576497194641368,0.35117664838526763,first_green,5
2016-02-23 14:15:00,2016-02-23 14:30:00,long,1216.075,1217.4750000000001,1213.2359867749933,,6.602109329546033,9.242953061365046,0.49312908713088793,first_green,1
2016-02-24 15:15:00,2016-02-24 15:30:00,long,1234.2549999999999,1243.635,1230.9714262427551,,5.715292077958965,53.609439691255716,2.856643612559149,first_green,1
2016-02-25 11:15:00,2016-02-25 11:30:00,long,1235.925,1237.025,1232.6981443877835,,5.857283049742851,6.443011354717935,0.34088912929220483,first_green,1
2016-02-25 13:30:00,2016-02-25 14:45:00,long,1234.0149999999999,1235.635,1230.5986164226679,,5.5370580561573775,8.970034050975606,0.47418563031064737,first_green,5
2016-02-26 11:15:00,2016-02-26 11:30:00,long,1230.5049999999999,1231.4750000000001,1227.9775863199359,,7.493486105700652,7.268681522531541,0.38379154455462616,first_green,1
2016-02-26 15:45:00,2016-02-26 16:15:00,long,1229.645,1225.8856465071087,1226.1106465071086,,5.363728058569292,-20.16414981190127,-1.063660864837785,stop_loss,2
2016-02-29 13:45:00,2016-02-29 14:00:00,long,1232.615,1229.3730052885219,1229.5980052885218,,6.2667993922104746,-20.316930487440704,-1.0745775254904795,stop_loss,1
2016-02-29 15:15:00,2016-02-29 15:45:00,long,1227.475,1228.2050000000002,1223.9443725959586,,5.340724505902792,3.89872888931035,0.20676211802034347,first_green,2
2016-03-03 15:30:00,2016-03-03 15:45:00,long,1240.695,1241.4950000000001,1238.3177264146586,,7.935920895486695,6.3487367163908,0.33651995501616944,first_green,1
2016-03-04 07:45:00,2016-03-04 08:00:00,long,1261.0249999999999,1261.165,1258.6645479854924,,7.999199664276754,1.1198879529995458,0.05931067403177528,first_green,1
2016-03-04 13:45:00,2016-03-04 14:00:00,long,1268.855,1265.5203476114566,1265.7453476114565,,6.072873852860819,-20.250923298765198,-1.0723553541961306,stop_loss,1
2016-03-04 14:15:00,2016-03-04 15:15:00,long,1265.705,1262.2776976853886,1262.5026976853885,,5.881362071185512,-20.15720583964136,-1.0702619484029607,stop_loss,4
2016-03-04 15:30:00,2016-03-04 15:45:00,long,1260.595,1256.8299424006757,1257.0549424006756,,5.30598890894053,-19.97735386353719,-1.0635582878772503,stop_loss,1
2016-03-07 15:45:00,2016-03-07 16:30:00,long,1268.495,1264.625858759157,1264.8508587591568,,5.140734602820522,-19.890228260001354,-1.0617429416505975,stop_loss,3
2016-03-08 15:45:00,2016-03-08 16:15:00,long,1272.0049999999999,1273.555,1268.7116052440329,,5.673124173731531,8.793342469284905,0.47063899558103856,first_green,2
2016-03-09 13:30:00,2016-03-09 13:45:00,long,1254.0349999999999,1251.519476594867,1251.744476594867,,8.166614110107604,-20.543308934663887,-1.0982308233549134,stop_loss,1
2016-03-09 14:00:00,2016-03-09 14:15:00,long,1251.925,1252.875,1249.4573803292476,,7.5596992148576,7.1817142541150645,0.3849863944837167,first_green,1
2016-03-10 09:00:00,2016-03-10 10:15:00,long,1246.065,1247.905,1243.8447535204364,,8.4100648036422,15.47451923870096,0.8287368168067129,first_green,5
2016-03-10 12:30:00,2016-03-10 12:45:00,long,1247.0249999999999,1247.7150000000001,1244.7149204980446,,8.099765854572974,5.588838439657636,0.29869101882263216,first_green,1
2016-03-10 15:00:00,2016-03-10 15:15:00,long,1239.7949999999998,1250.145,1236.4167249473542,,5.542791772600193,57.36789484641275,3.063693701285392,first_green,1
2016-03-11 09:00:00,2016-03-11 09:30:00,long,1269.355,1270.365,1265.9632370452205,,5.5630346684199035,5.618665015104052,0.2977802439220391,first_green,2
2016-03-11 11:00:00,2016-03-11 11:15:00,long,1263.615,1264.545,1259.7100830197282,,4.835580797859778,4.497090142009901,0.2381612732610105,first_green,1
2016-03-14 14:00:00,2016-03-14 14:15:00,long,1254.225,1254.9950000000001,1251.679574907957,,7.42264400215753,5.7154358816628505,0.3025035002629815,first_green,1
2016-03-14 16:00:00,2016-03-14 16:15:00,long,1246.745,1248.415,1243.1013286398068,,5.189291517524692,8.666116834266614,0.4583289311557318,first_green,1
2016-03-15 07:15:00,2016-03-15 07:30:00,short,1230.105,1228.355,1232.8645495045387,,6.859720451852623,12.00451079074209,0.634161480749579,first_green,1
2016-03-15 10:00:00,2016-03-15 10:15:00,short,1230.265,1233.1337531019544,1232.9087531019545,,7.171528020957887,-20.573343255875304,-1.0851062831221174,stop_loss,1
2016-03-15 10:30:00,2016-03-15 10:45:00,short,1232.945,1235.844613644032,1235.6196136440321,,7.069550450851234,-20.49896494446163,-1.0841242997851095,stop_loss,1
2016-03-15 11:00:00,2016-03-15 11:15:00,short,1235.025,1233.405,1237.7729066624563,,6.862339590459087,11.116990136544533,0.5895396747399277,first_green,1
2016-03-17 07:45:00,2016-03-17 08:00:00,short,1258.615,1258.0149999999999,1260.9682978321762,,8.024849595232718,4.814909757140725,0.25496135329598196,first_green,1
2016-03-17 09:30:00,2016-03-17 10:00:00,short,1262.275,1265.0597503765587,1264.8347503765588,,7.382320793248137,-20.557920608873964,-1.087899195976445,stop_loss,2
2016-03-17 10:15:00,2016-03-17 10:30:00,short,1266.505,1266.5449999999998,1269.465811434876,,6.36497934548851,-0.2545991738178616,-0.01350981002321485,first_green,1
2016-03-17 12:15:00,2016-03-17 12:45:00,short,1269.005,1268.955,1272.414185684642,,5.527674017825328,0.2763837008922719,0.014666258932573782,first_green,2
2016-03-18 11:00:00,2016-03-18 13:30:00,long,1255.365,1252.279095748223,1252.5040957482229,,6.5872732645571315,-20.32769457471406,-1.0786464628657684,stop_loss,10
2016-03-18 14:30:00,2016-03-18 14:45:00,long,1249.125,1251.905,1246.5284887787077,,7.238458551470552,20.12291477308794,1.0706674314376141,first_green,1
2016-03-21 08:00:00,2016-03-21 08:15:00,long,1246.125,1243.5126942524655,1243.7376942524654,,7.8938553053570475,-20.62116358438986,-1.0942485059704945,stop_loss,1
2016-03-21 08:30:00,2016-03-21 08:45:00,long,1242.895,1242.7450000000001,1240.1592618809523,,6.869624362388218,-1.0304436543572955,-0.054829809533113304,first_green,1
2016-03-21 09:45:00,2016-03-21 10:00:00,long,1241.7749999999999,1242.065,1238.9119675982558,,6.563291812953933,1.9033546257578942,0.10129120432711029,first_green,1
2016-03-21 14:15:00,2016-03-21 14:30:00,long,1244.595,1241.7904602133724,1242.0154602133723,,7.286445282445013,-20.43512569770223,-1.0872248612587037,stop_loss,1
2016-03-21 14:45:00,2016-03-21 15:00:00,long,1243.215,1244.2350000000001,1240.5111876329586,,6.932651068320946,7.071304089688815,0.3772451122843078,first_green,1
2016-03-22 09:15:00,2016-03-22 09:30:00,short,1250.545,1252.8192853824664,1252.5942853824665,,9.155516413507572,-20.822257148171104,-1.1097943712110543,stop_loss,1
2016-03-22 09:45:00,2016-03-22 10:00:00,short,1253.4550000000002,1255.988822600188,1255.7638226001882,,8.103788619679401,-20.53356275168943,-1.0974522685205808,stop_loss,1
2016-03-22 14:45:00,2016-03-22 15:00:00,short,1254.875,1252.915,1258.3580978122975,,5.356977441031269,10.499675784421482,0.5627174732446553,first_green,1
2016-03-24 12:45:00,2016-03-24 13:15:00,short,1218.355,1218.0349999999999,1220.7466642939241,,7.812603818317042,2.5000332218627324,0.1337980421470957,first_green,2
2016-03-24 14:15:00,2016-03-24 15:00:00,short,1221.645,1221.0449999999998,1224.2127234186664,,7.279357091974572,4.367614255185736,0.23367002677872054,first_green,3
2016-03-28 07:45:00,2016-03-28 08:00:00,short,1214.035,1213.465,1216.109542654445,,9.015141083488928,5.138630417590164,0.2747593542021779,first_green,1
2016-03-28 10:30:00,2016-03-28 10:45:00,short,1217.305,1217.0049999999999,1219.4740886885613,,8.628112528674125,2.5884337586038066,0.13830693119291937,first_green,1
2016-03-28 15:30:00,2016-03-28 15:45:00,short,1219.615,1219.095,1221.6946006774251,,9.002503498487863,4.681301819213525,0.25004800471782357,first_green,1
2016-03-29 09:30:00,2016-03-29 09:45:00,short,1218.9950000000001,1218.7749999999999,1220.6558488597273,,11.279362067661578,2.4814596548884196,0.1324623843474827,first_green,1
2016-03-29 11:15:00,2016-03-29 11:30:00,short,1218.9650000000001,1217.945,1221.095940588969,,8.794013016914352,8.96989327725448,0.4786618666331847,first_green,1
2016-03-29 14:45:00,2016-03-29 15:00:00,short,1220.155,1219.2749999999999,1222.4162762820447,,8.297059567568843,7.301412419461487,0.3891607615520492,first_green,1
2016-03-30 10:30:00,2016-03-30 10:45:00,short,1240.815,1242.973101571526,1242.7481015715261,,9.715059890556184,-20.966086017278545,-1.1163932631963474,stop_loss,1
2016-03-30 11:00:00,2016-03-30 11:15:00,short,1242.445,1242.055,1244.7842049264689,,8.006046035107723,3.1223579536909924,0.16672331508320784,first_green,1
2016-03-31 10:15:00,2016-03-31 11:15:00,short,1229.195,1231.549966682367,1231.3249666823672,,8.796188399023515,-20.71473061152481,-1.1056354551752166,stop_loss,4
2016-03-31 11:45:00,2016-03-31 12:15:00,short,1232.885,1235.466761968752,1235.2417619687521,,7.927742234023367,-20.467543397871037,-1.0954699723532286,stop_loss,2
2016-03-31 14:15:00,2016-03-31 14:45:00,short,1236.135,1235.495,1238.3402847837385,,8.44908225645789,5.407412644133895,0.2902119511817121,first_green,2
2016-04-01 15:30:00,2016-04-01 15:45:00,short,1232.4550000000002,1218.5449999999998,1234.7605745343703,,8.087420636533782,112.49602105418741,6.033203348075729,first_green,1
2016-04-04 08:45:00,2016-04-04 09:00:00,short,1218.7150000000001,1217.305,1220.7180524017526,,9.44927407011815,13.323476438867365,0.7039256680286863,first_green,1
2016-04-04 14:30:00,2016-04-04 14:45:00,short,1217.655,1219.9219462650253,1219.6969462650254,,9.28560175006786,-21.049960205829223,-1.1101889916760885,stop_loss,1
2016-04-04 15:00:00,2016-04-04 15:30:00,short,1219.2050000000002,1221.5072648917821,1221.2822648917822,,9.102389871582073,-20.956112632655362,-1.1083155070352544,stop_loss,2
2016-04-04 15:45:00,2016-04-04 16:00:00,short,1220.9850000000001,1220.975,1223.1142022475385,,8.85575085775342,0.08855750857946723,0.004696594704321525,first_green,1
2016-04-07 08:00:00,2016-04-07 08:30:00,short,1229.405,1229.385,1231.6063921581022,,8.565446167481449,0.17130892334947317,0.009085160009484092,first_green,2
2016-04-07 16:00:00,2016-04-07 16:30:00,short,1239.125,1242.4679648508861,1242.2429648508862,,6.047641714334569,-20.217053681773137,-1.0721624555632685,stop_loss,2
2016-04-08 13:15:00,2016-04-08 13:30:00,long,1230.205,1235.595,1227.0805013735326,,6.0188189882823915,32.44143434684269,1.7250767705070749,first_green,1
2016-04-11 08:30:00,2016-04-11 09:15:00,long,1249.995,1247.5150256964682,1247.7400256964681,,8.375658746146385,-20.771418465593257,-1.0997794075291734,stop_loss,3
2016-04-11 09:30:00,2016-04-11 09:45:00,long,1248.465,1249.615,1246.2314449426494,,8.432729983334163,9.697639480835054,0.5148742567215949,first_green,1
2016-04-11 11:45:00,2016-04-11 12:00:00,long,1247.5149999999999,1248.325,1244.6038543374518,,6.478277965569818,5.247405152112672,0.27824097241881074,first_green,1
2016-04-11 14:30:00,2016-04-11 15:00:00,long,1247.855,1247.915,1245.2303865820263,,7.19051772877835,0.43143106372630863,0.02286050950934616,first_green,2
2016-04-12 13:00:00,2016-04-12 13:15:00,long,1258.5049999999999,1256.0925063581597,1256.3175063581596,,8.627868684871126,-20.81467834488401,-1.1028574418212338,stop_loss,1
2016-04-12 13:30:00,2016-04-12 14:15:00,long,1257.145,1258.7150000000001,1254.8572121149439,,8.2268864687449,12.916211755930838,0.6862524319913783,first_green,3
2016-04-13 12:00:00,2016-04-13 13:00:00,long,1245.2549999999999,1242.482937742696,1242.707937742696,,7.402120490087048,-20.51913883458532,-1.0883370633578766,stop_loss,4
2016-04-13 13:15:00,2016-04-13 13:30:00,long,1243.055,1243.505,1240.5429059009991,,7.484737090345339,3.368131690655743,0.17913341708776423,first_green,1
2016-04-13 14:00:00,2016-04-13 14:15:00,long,1241.225,1241.435,1238.3364119039702,,6.512103346375878,1.3675417027391712,0.07269987724753009,first_green,1
2016-04-14 15:15:00,2016-04-14 15:30:00,long,1237.565,1234.2235042438163,1234.4485042438162,,6.036973746356439,-20.17252215364308,-1.07219647244937,stop_loss,1
2016-04-18 12:15:00,2016-04-18 12:45:00,short,1235.815,1238.7898475879567,1238.5648475879568,,6.82356790882053,-20.299074534813318,-1.0818227166426675,stop_loss,2
2016-04-18 13:00:00,2016-04-18 13:15:00,short,1238.505,1238.135,1241.1404628829232,,7.100469595017385,2.627173750157272,0.14039279490430046,first_green,1
2016-04-18 15:30:00,2016-04-18 15:45:00,short,1240.005,1239.625,1242.3309175711333,,8.0482611403323,3.0583392333271524,0.1633763830310486,first_green,1
2016-04-19 09:15:00,2016-04-19 09:30:00,short,1234.075,1236.5590226610445,1236.3340226610446,,8.28997343603071,-20.59248187455715,-1.0996005944871168,stop_loss,1
2016-04-19 09:45:00,2016-04-19 10:00:00,short,1237.2250000000001,1239.9708919883496,1239.7458919883497,,7.4083922409509455,-20.342644900977895,-1.089254121572743,stop_loss,1
2016-04-19 13:00:00,2016-04-19 13:30:00,short,1242.845,1242.855,1245.578681107826,,6.813120952986347,-0.0681312095298015,-0.003658071152250673,first_green,2
2016-04-19 15:00:00,2016-04-19 15:15:00,short,1243.145,1245.655013107609,1245.430013107609,,8.150819636206087,-20.458664124633966,-1.0984677064873987,stop_loss,1
2016-04-19 15:30:00,2016-04-19 16:15:00,short,1248.805,1251.7477919142138,1251.522791914214,,6.834071051958803,-20.111249032866866,-1.082787795056411,stop_loss,3
2016-04-20 08:45:00,2016-04-20 09:00:00,long,1248.5449999999998,1248.7150000000001,1245.9714030794307,,7.1974382528785465,1.2235645029915132,0.06605541009223267,first_green,1
2016-04-20 11:00:00,2016-04-20 11:45:00,long,1247.715,1248.015,1245.2173032693927,,7.4173792229563436,2.225213766888252,0.12011065888181187,first_green,3
2016-04-20 13:30:00,2016-04-20 14:00:00,long,1248.185,1248.9950000000001,1245.8596693730326,,7.9695879176710065,6.455366213314893,0.34833756138006106,first_green,2
2016-04-22 09:45:00,2016-04-22 10:45:00,long,1245.415,1248.445,1242.9302519495473,,7.464767013872175,22.618244052032484,1.219439532087739,first_green,4
2016-04-25 15:15:00,2016-04-25 15:30:00,short,1234.785,1237.1173786367465,1236.8923786367466,,8.828319017058883,-20.5909826737701,-1.1067677142002725,stop_loss,1
2016-04-25 15:45:00,2016-04-25 16:00:00,short,1235.9950000000001,1235.565,1238.1253928041335,,8.708785254180013,3.74477765929796,0.20184071180008387,first_green,1
2016-04-27 10:00:00,2016-04-27 10:15:00,short,1247.295,1246.125,1248.8796627445183,,11.713846019671248,13.705199843016212,0.7383274479364115,first_green,1
2016-04-28 14:15:00,2016-04-28 14:30:00,long,1255.2649999999999,1255.375,1252.5561016690563,,6.865063250833066,0.7551569575925113,0.04060691342439942,first_green,1
2016-04-29 09:15:00,2016-04-29 09:45:00,long,1272.945,1274.045,1270.099931381977,,6.537152094181383,7.190867303600414,0.3866339085925311,first_green,2
2016-05-03 08:45:00,2016-05-03 09:00:00,long,1290.875,1290.825,1288.6382666849404,,8.323130574983571,-0.41615652874880005,-0.022354028378489103,first_green,1
2016-05-03 12:00:00,2016-05-03 12:30:00,long,1297.215,1297.295,1294.2726626080005,,6.326800965094297,0.506144077208522,0.027189268034890846,first_green,2
2016-05-03 14:15:00,2016-05-03 14:30:00,long,1293.2849999999999,1295.265,1290.2069940331228,,6.048347083100914,11.975727224541295,0.6432736067789833,first_green,1
2016-05-04 12:30:00,2016-05-04 12:45:00,long,1280.625,1277.8403753656166,1278.0653753656165,,7.284969631526079,-20.28590589668221,-1.0879035140455686,stop_loss,1
2016-05-04 13:00:00,2016-05-04 13:15:00,long,1276.935,1277.775,1274.0535889632101,,6.45380777938774,5.421198534686641,0.29152383650754365,first_green,1
2016-05-05 10:00:00,2016-05-05 10:30:00,long,1278.985,1279.2350000000001,1276.745692173766,,8.310436708687002,2.07760917717364,0.11164164081035614,first_green,2
2016-05-05 11:00:00,2016-05-05 11:30:00,long,1276.245,1276.7350000000001,1273.6690899410382,,7.22650230716171,3.5409861305109467,0.19022403297642887,first_green,2
2016-05-09 09:00:00,2016-05-09 09:15:00,long,1280.7549999999999,1281.595,1278.511551357174,,8.301358940847322,6.973141510312959,0.3744235477314518,first_green,1
2016-05-09 10:45:00,2016-05-09 11:00:00,long,1278.7749999999999,1279.325,1276.3520122630778,,7.69343774183074,4.231390758008307,0.22699248189297197,first_green,1
2016-05-09 12:45:00,2016-05-09 13:15:00,long,1276.335,1273.612241583889,1273.837241583889,,7.467369005672096,-20.331841806400067,-1.0900807694405552,stop_loss,2
2016-05-09 13:30:00,2016-05-09 13:45:00,long,1274.555,1275.7450000000001,1271.9843293585293,,7.235798268177341,8.610599939131431,0.4629142219943098,first_green,1
2016-05-11 14:00:00,2016-05-11 14:15:00,short,1273.675,1275.828177134869,1275.6031771348692,,9.658023808439989,-20.795436032354473,-1.1166905238792657,stop_loss,1
2016-05-12 08:00:00,2016-05-12 08:30:00,long,1271.5149999999999,1272.375,1269.612694879223,,9.762047046265424,8.395360459789508,0.45208310202567087,first_green,2
2016-05-12 09:45:00,2016-05-12 10:30:00,long,1271.205,1271.095,1269.3478886644327,,10.010913255691685,-1.1012004581250838,-0.05923177458087287,first_green,3
2016-05-12 11:00:00,2016-05-12 11:45:00,short,1271.7450000000001,1271.0049999999999,1273.6576669024007,,9.718695640128999,7.1918347736977575,0.3868943406044527,first_green,3
2016-05-13 07:15:00,2016-05-13 07:30:00,short,1269.7150000000001,1272.0984551551776,1271.8734551551777,,8.620335255834148,-20.54618250487577,-1.104241220606412,stop_loss,1
2016-05-13 09:00:00,2016-05-13 09:15:00,short,1274.615,1273.735,1276.8444011706356,,8.322971145996904,7.324214608478184,0.39472483086084886,first_green,1
2016-05-13 12:00:00,2016-05-13 12:30:00,short,1275.125,1275.095,1277.2915089166777,,8.573032868498501,0.2571909860547211,0.013847162025982957,first_green,2
2016-05-17 08:45:00,2016-05-17 09:00:00,long,1277.355,1275.2478925827388,1275.4728925827387,,9.86882839931943,-20.794681519883987,-1.1195468430422066,stop_loss,1
2016-05-17 09:15:00,2016-05-17 09:30:00,long,1275.435,1275.795,1273.3196879922593,,8.756253620486971,3.1522513033764246,0.1701876596373351,first_green,1
2016-05-17 10:30:00,2016-05-17 11:30:00,long,1274.385,1272.090148512729,1272.315148512729,,8.95237613348147,-20.544373684529262,-1.108703451133372,stop_loss,4
2016-05-17 11:45:00,2016-05-17 12:00:00,long,1270.225,1271.025,1267.8805908191837,,7.882040503634214,6.305632402908805,0.3412373601615287,first_green,1
2016-05-18 10:15:00,2016-05-18 10:45:00,long,1272.135,1272.575,1269.943207791978,,8.438068231834515,3.7127500220076475,0.20074895712725438,first_green,2
2016-05-18 11:45:00,2016-05-18 12:00:00,long,1270.585,1270.9650000000001,1268.3618272831407,,8.323138340096005,3.16279256923739,0.17092689070821518,first_green,1
2016-05-19 10:45:00,2016-05-19 11:00:00,short,1255.185,1255.215,1257.5380254727802,,7.86718260040683,-0.23601547801199024,-0.012749543235724452,first_green,1
2016-05-20 11:45:00,2016-05-20 12:15:00,short,1255.945,1257.9809094994916,1257.7559094994917,,10.221985706226949,-20.811037802975907,-1.1242469599187874,stop_loss,2
2016-05-20 15:00:00,2016-05-20 15:15:00,short,1256.945,1255.685,1258.7283825260347,,10.350591168800419,13.041744872688433,0.7065225668670898,first_green,1
2016-05-23 10:45:00,2016-05-23 11:00:00,short,1252.165,1251.155,1254.0889115093532,,9.611496005326178,9.707610965379352,0.5249721700243395,first_green,1
2016-05-23 13:00:00,2016-05-23 13:15:00,short,1250.885,1250.945,1252.7875099334035,,9.732373266004082,-0.5839423959597139,-0.031537286059057805,first_green,1
2016-05-24 12:15:00,2016-05-24 12:30:00,short,1243.4650000000001,1242.2849999999999,1245.3097311426452,,10.036409387888744,11.842963077711639,0.6396596082334,first_green,1
2016-05-25 15:30:00,2016-05-25 15:45:00,short,1224.595,1221.345,1226.4862603629601,,9.805146202526851,31.866725158212265,1.7184307690524716,first_green,1
2016-05-26 08:45:00,2016-05-26 09:00:00,short,1230.665,1228.555,1232.447216104415,,10.449771569579628,22.04901801181197,1.183919275991744,first_green,1
2016-05-27 07:15:00,2016-05-27 07:30:00,short,1218.195,1217.415,1220.8216432326292,,7.111309785720515,5.546821632861808,0.29695696404844407,first_green,1
2016-05-27 08:30:00,2016-05-27 09:00:00,short,1219.425,1222.1088290793505,1221.8838290793506,,7.60229368314286,-20.40325685658155,-1.0915069704882996,stop_loss,2
2016-05-27 09:15:00,2016-05-27 09:30:00,short,1221.2250000000001,1221.155,1223.8068886615647,,7.220192300793174,0.5054134610567043,0.027111935941399348,first_green,1
2016-05-27 11:00:00,2016-05-27 11:30:00,short,1222.085,1222.2549999999999,1224.486457968775,,7.763199028170304,-1.3197438347877513,-0.07079032912933308,first_green,2
2016-05-30 12:00:00,2016-05-30 13:00:00,short,1204.625,1207.220040381629,1206.995040381629,,7.864716970344497,-20.409258128126112,-1.0949350912937865,stop_loss,4
2016-05-30 13:15:00,2016-05-30 14:15:00,short,1208.155,1210.7840981127954,1210.5590981127955,,7.732077807283792,-20.328391171117154,-1.0935901903513734,stop_loss,4
2016-06-01 08:15:00,2016-06-01 08:45:00,short,1215.375,1215.495,1217.2904470086035,,9.678081723632296,-1.1613698068348193,-0.06264856164691429,first_green,2
2016-06-01 14:30:00,2016-06-01 14:45:00,short,1217.365,1219.2985484322007,1219.0735484322008,,10.848360463600612,-20.975830366343274,-1.1316907356908124,stop_loss,1
2016-06-01 15:00:00,2016-06-01 15:15:00,short,1218.305,1220.2654575767447,1220.0404575767448,,10.649934595800994,-20.878744970172523,-1.1296488044507293,stop_loss,1
2016-06-02 10:15:00,2016-06-02 10:30:00,short,1216.385,1215.695,1218.088177341238,,10.821135519743759,7.466583508623784,0.4051251641819785,first_green,1
2016-06-03 15:30:00,2016-06-03 15:45:00,short,1213.135,1214.8752383134956,1214.6502383134957,,12.175628822308283,-21.18849576748265,-1.1484914933815416,stop_loss,1
2016-06-06 08:45:00,2016-06-06 09:00:00,long,1240.815,1240.9950000000001,1239.2259695866128,,11.576875991839426,2.0838376785318338,0.11327662358353854,first_green,1
2016-06-07 11:45:00,2016-06-07 14:15:00,long,1241.845,1239.9358068703013,1240.1608068703013,,10.92583582770772,-20.859530698475254,-1.133595129936287,stop_loss,10
2016-06-07 14:45:00,2016-06-07 15:15:00,long,1238.2549999999999,1236.1555037769585,1236.3805037769584,,9.78880009729966,-20.551548832387358,-1.1200322503903684,stop_loss,2
2016-06-07 15:30:00,2016-06-07 15:45:00,long,1235.865,1238.575,1233.697761223753,,8.442858322284964,22.88014605339256,1.2504390516180472,first_green,1
2016-06-09 09:00:00,2016-06-09 09:15:00,long,1261.315,1261.385,1259.5202322419664,,10.226888811317634,0.7158822167915833,0.039002260702870564,first_green,1
2016-06-09 10:15:00,2016-06-09 11:15:00,long,1260.2549999999999,1258.2720852264242,1258.4970852264241,,10.442303736802476,-20.706198349869926,-1.1279925530987147,stop_loss,4
2016-06-10 14:30:00,2016-06-10 14:45:00,long,1267.665,1267.855,1265.57436582341,,8.755675535293008,1.6635783517061493,0.09088151438812193,first_green,1
2016-06-13 10:30:00,2016-06-13 10:45:00,long,1280.615,1280.4550000000002,1277.8383101787804,,6.593849020937033,-1.0550158433489658,-0.0576225687064953,first_green,1
2016-06-15 10:45:00,2016-06-15 11:00:00,long,1282.955,1280.906512077448,1281.131512077448,,10.039241660491301,-20.565265293096164,-1.1233899041596178,stop_loss,1
2016-06-15 11:15:00,2016-06-15 12:30:00,long,1282.375,1282.685,1280.4976558218812,,9.72385509754842,3.0143950802394794,0.16512688702109724,first_green,5
2016-06-15 14:00:00,2016-06-15 14:15:00,long,1281.0049999999999,1281.265,1279.2647510462355,,10.494221935574057,2.7284977032515454,0.14940391111156767,first_green,1
2016-06-15 15:00:00,2016-06-15 15:15:00,long,1279.055,1281.345,1277.0385159733323,,9.060017211444444,20.74743941420745,1.135640039650704,first_green,1
2016-06-16 11:00:00,2016-06-16 11:30:00,long,1308.075,1308.305,1305.0603589297968,,6.07742287061495,1.397807260241549,0.07629432315287715,first_green,2
2016-06-16 12:45:00,2016-06-16 13:30:00,long,1304.2649999999999,1304.2450000000001,1301.399537091068,,6.395037621243886,-0.12790075242330734,-0.006979675059625605,first_green,3
2016-06-20 07:30:00,2016-06-20 08:00:00,long,1281.815,1281.7450000000001,1278.5806792122296,,5.665617159035521,-0.39659320113212576,-0.021642874839322927,first_green,2
2016-06-20 12:15:00,2016-06-20 12:30:00,long,1282.875,1283.9550000000002,1279.5782944691462,,5.558103900553415,6.002752212598548,0.3275997779881894,first_green,1
2016-06-20 13:30:00,2016-06-20 14:00:00,long,1282.2549999999999,1279.0254862154397,1279.2504862154397,,6.103629427425122,-19.711755371716347,-1.074887324916315,stop_loss,2
2016-06-20 14:15:00,2016-06-20 14:30:00,long,1278.355,1279.795,1275.3026852096652,,5.99189815546876,8.62833334387534,0.47177309645775956,first_green,1
2016-06-21 14:15:00,2016-06-21 15:00:00,long,1272.605,1274.045,1269.7118861352044,,6.329073465890069,9.113865790882045,0.4977336072120963,first_green,3
2016-06-22 08:45:00,2016-06-22 09:15:00,long,1264.325,1264.375,1262.1479255308843,,8.421170299884364,0.4210585149938353,0.02296660068787787,first_green,2
2016-06-22 11:15:00,2016-06-22 11:30:00,short,1267.925,1267.945,1270.2450465219538,,7.90267235279441,-0.15805344705574445,-0.008620516791680027,first_green,1
2016-06-22 14:30:00,2016-06-22 15:15:00,short,1266.165,1268.6229611242986,1268.3979611242987,,8.210699314517363,-20.181579718389358,-1.1007630619053292,stop_loss,3
2016-06-23 09:15:00,2016-06-23 09:30:00,short,1267.065,1269.634231497887,1269.409231497887,,7.799450881795595,-20.03859487173103,-1.0959802818973792,stop_loss,1
2016-06-24 11:00:00,2016-06-24 11:15:00,long,1313.695,1313.585,1299.9451893360351,,1.3260998556099874,-0.14587098411696595,-0.008000110160657372,first_green,1
2016-06-24 12:15:00,2016-06-24 12:30:00,long,1308.145,1315.2350000000001,1296.2345798609665,,1.5308660018577416,10.85383995317161,0.5952770697621665,first_green,1
2016-06-28 08:15:00,2016-06-28 08:30:00,long,1314.155,1316.375,1311.1335281264433,,6.043541897041009,13.416663011431204,0.7347412429779656,first_green,1
2016-06-28 10:30:00,2016-06-28 11:15:00,long,1314.855,1311.6704998786406,1311.8954998786405,,6.181426851131867,-19.68475455760372,-1.0760263526857203,stop_loss,3
2016-06-28 13:00:00,2016-06-28 13:15:00,long,1309.2749999999999,1309.115,1306.4790726556305,,6.525463426811874,-1.0440741482889502,-0.057226093632966955,first_green,1
2016-06-28 14:00:00,2016-06-28 14:15:00,long,1307.2649999999999,1308.9950000000001,1304.3814471604921,,6.326262239553452,10.944433674429025,0.5999543258918001,first_green,1
2016-07-04 10:30:00,2016-07-04 10:45:00,long,1349.2549999999999,1349.7050000000002,1344.947099648658,,4.240922732307399,1.9084152295394867,0.10445924076681522,first_green,1
2016-07-06 09:45:00,2016-07-06 10:00:00,long,1366.615,1366.865,1363.341423117194,,5.582347450758594,1.3955868626896486,0.07636906324488157,first_green,1
2016-07-06 15:30:00,2016-07-06 15:45:00,long,1369.0449999999998,1370.615,1365.743647957087,,5.53643849434022,8.69220843611505,0.4755627329628598,first_green,1
2016-07-07 13:15:00,2016-07-07 14:00:00,long,1364.895,1362.5817237027375,1362.8067237027374,,8.762951089771708,-20.27112705003965,-1.1077443632793453,stop_loss,3
2016-07-07 14:15:00,2016-07-07 14:30:00,long,1361.805,1363.505,1359.479546560649,,7.84740942493724,13.340596022393665,0.7310402226218734,first_green,1
2016-07-07 16:00:00,2016-07-07 16:15:00,long,1362.205,1359.0912287797887,1359.3162287797886,,6.328689720861791,-19.706091914466025,-1.077887787868314,stop_loss,1
2016-07-08 10:15:00,2016-07-08 10:30:00,long,1354.975,1355.165,1352.8622292678865,,8.629839111434585,1.639669431173042,0.08992930331347293,first_green,1
2016-07-11 07:15:00,2016-07-11 07:30:00,long,1367.145,1367.2250000000001,1364.368691063324,,6.5687829009759655,0.5255026320790929,0.028815237001662625,first_green,1
2016-07-11 08:30:00,2016-07-11 08:45:00,long,1365.2649999999999,1362.4405012903378,1362.6655012903377,,7.016077507503359,-19.816901866832282,-1.086555149715443,stop_loss,1
2016-07-11 10:15:00,2016-07-11 10:30:00,long,1362.2549999999999,1359.3860734001432,1359.6110734001431,,6.879442936866375,-19.736616833771894,-1.085100698337125,stop_loss,1
2016-07-11 10:45:00,2016-07-11 11:00:00,long,1359.185,1359.565,1356.2991653297154,,6.285668689781339,2.388554102117595,0.13167767506329048,first_green,1
2016-07-11 12:00:00,2016-07-11 12:15:00,long,1357.705,1358.785,1354.839254612598,,6.331815832598994,6.8383610992078925,0.3768653016935725,first_green,1
2016-07-11 15:15:00,2016-07-11 15:45:00,long,1355.995,1353.0739322114298,1353.2989322114297,,6.736651057475302,-19.6782144068278,-1.0834548748936441,stop_loss,2
2016-07-11 16:00:00,2016-07-11 16:15:00,long,1353.385,1355.945,1350.398589310682,,6.065231566330718,15.526992809806307,0.8572163263266757,first_green,1
2016-07-12 12:45:00,2016-07-12 13:00:00,long,1352.175,1352.195,1349.827236740236,,7.731652580136619,0.15463305160259175,0.008518746477867895,first_green,1
2016-07-12 14:15:00,2016-07-12 15:00:00,long,1348.925,1345.8673790427329,1346.0923790427328,,6.40836762891348,-19.59435916403787,-1.079431735976769,stop_loss,3
2016-07-15 08:15:00,2016-07-15 09:00:00,short,1332.515,1332.165,1335.427616637143,,6.21554183230271,2.1754396413067965,0.1201668614869479,first_green,3
2016-07-15 13:15:00,2016-07-15 14:15:00,short,1333.655,1332.935,1336.1429960605358,,7.278520024998037,5.240534417998785,0.28938952573943005,first_green,4
2016-07-18 08:45:00,2016-07-18 09:00:00,short,1329.835,1329.5349999999999,1332.6795848204044,,6.37071194178514,1.9112135825367007,0.10546354527671695,first_green,1
2016-07-18 11:30:00,2016-07-18 11:45:00,short,1328.4550000000002,1328.575,1331.1754032401702,,6.663280006089906,-0.7995936007300615,-0.044111107584325925,first_green,1
2016-07-18 16:00:00,2016-07-18 16:30:00,short,1328.905,1331.6380611590641,1331.4130611590642,,7.226621834647718,-19.750799447520684,-1.0897107310109835,stop_loss,2
2016-07-19 11:30:00,2016-07-19 12:15:00,short,1333.035,1333.075,1335.4668311667372,,7.43284845730453,-0.2973139382919108,-0.01644851030247866,first_green,3
2016-07-20 07:15:00,2016-07-20 07:45:00,short,1333.065,1331.825,1335.13318505467,,8.739396511181507,10.836851673865148,0.5995595013125362,first_green,2
2016-07-21 11:45:00,2016-07-21 13:30:00,short,1321.2250000000001,1319.805,1323.443563341632,,8.15923577243075,11.586114796852257,0.6400538462677511,first_green,7
2016-07-25 13:30:00,2016-07-25 13:45:00,short,1318.505,1317.105,1320.2722736984242,,10.25916171536148,14.362826401507004,0.7921806346399451,first_green,1
2016-07-26 10:30:00,2016-07-26 10:45:00,short,1320.025,1322.6453202717887,1322.4203202717888,,7.584227440231068,-19.873104907492937,-1.0939331590225678,stop_loss,1
2016-07-27 07:30:00,2016-07-27 08:30:00,short,1318.9750000000001,1318.7849999999999,1320.8162265166068,,9.839620930814254,1.8695279768574824,0.10319208325896258,first_green,4
2016-07-27 12:45:00,2016-07-27 13:00:00,short,1320.505,1320.445,1322.1461861149264,,11.041797530640627,0.6625078518403457,0.03655892494731879,first_green,1
2016-07-27 15:45:00,2016-07-27 16:00:00,short,1322.095,1324.0845425536884,1323.8595425536885,,10.270821195477156,-20.434235829726074,-1.1275118015882297,stop_loss,1
2016-07-28 12:00:00,2016-07-28 12:30:00,long,1341.745,1339.584393095902,1339.809393095902,,9.336717818534597,-20.17297698033977,-1.116242610792278,stop_loss,2
2016-07-28 12:45:00,2016-07-28 13:00:00,long,1338.885,1339.825,1336.8914109444959,,9.039868562160787,8.497476448431634,0.47151141676104247,first_green,1
2016-07-29 11:15:00,2016-07-29 11:30:00,long,1331.395,1331.325,1328.1388309324916,,5.5411823974014585,-0.38788276781774933,-0.021497655234929282,first_green,1
2016-08-02 14:00:00,2016-08-02 14:30:00,long,1357.395,1357.4650000000001,1355.2529183274078,,8.42267465511138,0.5895872258591754,0.03267849255974172,first_green,2
2016-08-03 12:30:00,2016-08-03 12:45:00,long,1363.0349999999999,1363.385,1361.3388423274105,,10.63788542337585,3.723259898182999,0.20634874083717777,first_green,1
2016-08-04 07:15:00,2016-08-04 07:30:00,long,1351.0149999999999,1352.195,1348.9519345889057,,8.750492850906118,10.325581564069777,0.5719644145331507,first_green,1
2016-08-04 09:45:00,2016-08-04 10:15:00,long,1350.985,1351.505,1348.8987103404568,,8.665456880326154,4.506037577771413,0.24924631036808342,first_green,2
2016-08-05 11:15:00,2016-08-05 11:30:00,long,1362.655,1360.8787429618426,1361.1037429618425,,11.661457600909435,-20.713746138789286,-1.1450436610216164,stop_loss,1
2016-08-05 15:30:00,2016-08-05 15:45:00,long,1355.395,1353.154985309199,1353.379985309199,,8.951862185216912,-20.052302804911736,-1.111661716922996,stop_loss,1
2016-08-08 09:00:00,2016-08-08 09:15:00,long,1336.845,1334.7310518893535,1334.9560518893534,,9.522761877280237,-20.130624478613655,-1.1191139125165719,stop_loss,1
2016-08-08 09:30:00,2016-08-08 09:45:00,long,1334.995,1332.8427947413302,1333.06779474133,,9.307610808104014,-20.03188892685249,-1.1167493700983406,stop_loss,1
2016-08-08 10:00:00,2016-08-08 10:45:00,long,1333.675,1331.386108731045,1331.6111087310449,,8.66692787637444,-19.837655544896265,-1.1090173709169384,stop_loss,3
2016-08-08 11:00:00,2016-08-08 11:15:00,long,1330.965,1331.445,1328.8454212168724,,8.41582430237861,4.039595665141886,0.22646008906154572,first_green,1
2016-08-08 12:30:00,2016-08-08 12:45:00,long,1330.2849999999999,1330.865,1328.269370708685,,8.854853270846856,5.135814897092546,0.28775132535498366,first_green,1
2016-08-08 15:30:00,2016-08-08 16:00:00,short,1335.4650000000001,1335.475,1337.4261859698945,,9.107214427614043,-0.09107214427398685,-0.005098955506143148,first_green,2
2016-08-09 11:45:00,2016-08-09 12:00:00,short,1334.095,1334.115,1335.6904681174292,,11.19465396066647,-0.22389307921312576,-0.012535505900430366,first_green,1
2016-08-10 07:15:00,2016-08-10 07:30:00,short,1349.915,1351.8049719734254,1351.5799719734255,,10.726999632583604,-20.273728664527766,-1.1351374098730291,stop_loss,1
2016-08-10 08:00:00,2016-08-10 08:15:00,short,1352.295,1351.955,1354.1282738431546,,9.714571280246496,3.302954235285222,0.1854605634993977,first_green,1
2016-08-10 09:30:00,2016-08-10 09:45:00,short,1353.675,1353.155,1355.651832988195,,9.013268656241856,4.686899701245601,0.26304700655301216,first_green,1
2016-08-10 12:45:00,2016-08-10 13:00:00,short,1353.405,1353.0249999999999,1355.3056404032743,,9.380756101817932,3.564687318691838,0.1999326118425465,first_green,1
2016-08-10 16:00:00,2016-08-10 16:15:00,short,1356.075,1352.695,1358.335597185401,,7.890992651798149,26.671555163078605,1.4951801328553256,first_green,1
2016-08-11 13:15:00,2016-08-11 13:30:00,long,1344.345,1344.825,1342.463969260338,,9.518735812791045,4.568993190139874,0.25517924289012905,first_green,1
2016-08-11 15:15:00,2016-08-11 15:30:00,long,1343.855,1345.595,1341.7970573123578,,8.706003941287483,15.148446857840298,0.8455045956568863,first_green,1
2016-08-12 13:45:00,2016-08-12 14:00:00,short,1338.9650000000001,1339.0149999999999,1340.862474616524,,9.462223162486449,-0.4731111581217407,-0.02635081363635169,first_green,1
2016-08-12 15:30:00,2016-08-12 15:45:00,short,1342.515,1345.0710007678144,1344.8460007678145,,7.701904579653811,-19.686074019227917,-1.096525064730404,stop_loss,1
2016-08-16 08:45:00,2016-08-16 09:00:00,short,1347.595,1349.585992831344,1349.360992831344,,10.138167033290332,-20.18501788624784,-1.1274070856950638,stop_loss,1
2016-08-16 09:30:00,2016-08-16 09:45:00,short,1349.165,1347.5449999999998,1351.0319155431716,,9.563082713807106,15.492193996368641,0.8677414497540296,first_green,1
2016-08-16 11:15:00,2016-08-16 11:30:00,short,1350.565,1349.855,1352.7405984069012,,8.224035367592881,5.839065110991245,0.32634699388814986,first_green,1
2016-08-16 13:00:00,2016-08-16 14:00:00,short,1351.335,1353.709319309323,1353.4843193093232,,8.331379999768659,-19.78135640675841,-1.104684305874853,stop_loss,4
2016-08-16 14:15:00,2016-08-16 14:30:00,short,1353.855,1353.905,1356.2758068240103,,7.376607806405776,-0.36883039031995335,-0.02065427092490011,first_green,1
2016-08-17 12:00:00,2016-08-17 12:15:00,long,1342.7549999999999,1343.025,1340.6016573421148,,8.292419404051616,2.238953239095671,0.12538645394476527,first_green,1
2016-08-18 07:45:00,2016-08-18 08:15:00,long,1352.315,1352.605,1350.3197139127983,,8.95210864120569,2.5961115059493247,0.14534256609119584,first_green,2
2016-08-18 11:00:00,2016-08-18 12:00:00,long,1350.7549999999999,1348.5815751247872,1348.806575124787,,9.170745215275181,-19.931925775117215,-1.1154778933805867,stop_loss,4
2016-08-18 12:15:00,2016-08-18 12:30:00,long,1346.575,1348.885,1344.46375956225,,8.439909528368673,19.496191010531174,1.0941434990994137,first_green,1
2016-08-19 13:00:00,2016-08-19 13:15:00,long,1345.405,1345.535,1343.217211868214,,8.166887142853223,1.0616953285718105,0.05942074468334638,first_green,1
2016-08-19 15:00:00,2016-08-19 15:15:00,long,1343.435,1341.0130618477924,1341.2380618477923,,8.134081055096667,-19.700241240487106,-1.1024152636130493,stop_loss,1
2016-08-23 08:00:00,2016-08-23 08:15:00,short,1338.365,1338.0249999999999,1339.8929808527125,,11.6629880330986,3.965415931255221,0.22251587734006445,first_green,1
2016-08-23 10:15:00,2016-08-23 10:30:00,short,1342.255,1341.365,1344.1236532747482,,9.542024826527294,8.492402095610247,0.4762788324763292,first_green,1
2016-08-23 15:00:00,2016-08-23 15:30:00,short,1341.185,1343.1543720638685,1342.9293720638686,,10.234036255696891,-20.15462510258791,-1.128986243623336,stop_loss,2
2016-08-23 15:45:00,2016-08-23 16:00:00,short,1343.305,1343.365,1345.338190752303,,8.755489548699222,-0.5253293729214755,-0.029510266034794883,first_green,1
2016-08-24 11:45:00,2016-08-24 12:00:00,short,1339.575,1338.5149999999999,1341.0997645269554,,11.674108850375841,12.374555381400409,0.6951893103893225,first_green,1
2016-08-26 13:00:00,2016-08-26 13:30:00,short,1325.805,1325.645,1326.820241207455,,17.563514282505153,2.8101622852022623,0.15759801594459097,first_green,2
2016-08-29 08:15:00,2016-08-29 08:30:00,short,1318.7150000000001,1318.865,1320.548957341213,,9.726632376976262,-1.4589948565451123,-0.08179034300801095,first_green,1
2016-08-29 10:45:00,2016-08-29 11:15:00,short,1318.345,1320.214148481049,1319.9891484810491,,10.84730580690215,-20.27522517244541,-1.1368489540898026,stop_loss,2
2016-08-29 11:30:00,2016-08-29 12:00:00,short,1319.335,1318.965,1320.8777147277203,,11.527661584745465,4.265234786357185,0.2398369532304108,first_green,2
2016-08-29 14:15:00,2016-08-29 14:30:00,short,1320.2250000000001,1320.2949999999998,1322.3324458477425,,8.44366008692026,-0.5910562060819609,-0.0332155628457533,first_green,1
2016-08-30 15:15:00,2016-08-30 15:30:00,short,1320.825,1318.975,1322.4682369737427,,10.82806620939597,20.031922487384023,1.125826663811337,first_green,1
2016-08-31 07:45:00,2016-08-31 08:00:00,short,1315.7150000000001,1315.585,1317.1270348669746,,12.636485807085123,1.6427431549224452,0.09206571526003629,first_green,1
2016-08-31 11:15:00,2016-08-31 12:30:00,short,1314.075,1314.205,1315.4671206523362,,12.820200162657128,-1.666626021143911,-0.09338271060178738,first_green,5
2016-09-01 14:00:00,2016-09-01 15:00:00,short,1306.355,1305.955,1307.72530159204,,13.02129323363173,5.208517293453877,0.2919065425623471,first_green,4
2016-09-02 12:30:00,2016-09-02 13:30:00,short,1311.375,1311.455,1312.7713806936197,,12.787429834347808,-1.0229943867468942,-0.05729096682979231,first_green,4
2016-09-02 15:00:00,2016-09-02 15:15:00,short,1313.835,1315.6781828408064,1315.4531828408064,,11.03309354512463,-20.336008703384703,-1.1390448559495179,stop_loss,1
2016-09-05 12:30:00,2016-09-05 13:00:00,short,1327.135,1326.855,1328.5080846333362,,12.96549549951491,3.630338739863821,0.2039204235500354,first_green,2
2016-09-07 08:45:00,2016-09-07 10:15:00,long,1351.165,1349.3332400738952,1349.5582400738951,,11.085538163752993,-20.306044567667275,-1.1400333654980834,stop_loss,6
2016-09-07 10:30:00,2016-09-07 11:00:00,long,1349.2549999999999,1347.4777708780261,1347.702770878026,,11.442275575154563,-20.335545373813428,-1.1449528273981857,stop_loss,2
2016-09-07 11:15:00,2016-09-07 11:30:00,long,1348.095,1348.345,1346.4488821497898,,10.75876463140755,2.6896911578518874,0.15187247982765995,first_green,1
2016-09-07 13:00:00,2016-09-07 13:15:00,long,1347.615,1347.555,1346.0099498314,,11.038233620646642,-0.6622940172381961,-0.03738200909463237,first_green,1
2016-09-07 15:15:00,2016-09-07 15:30:00,long,1347.445,1349.285,1345.7999914453928,,10.769100834890702,19.815145536200458,1.1185352166388067,first_green,1
2016-09-08 08:15:00,2016-09-08 08:30:00,long,1345.555,1346.7150000000001,1343.8791229191995,,10.600300622391805,12.296348721975361,0.6921748696783678,first_green,1
2016-09-09 13:45:00,2016-09-09 14:00:00,long,1333.915,1333.835,1332.469012260789,,12.306841373480461,-0.9845473098775415,-0.055325503688973404,first_green,1
2016-09-12 11:00:00,2016-09-12 11:15:00,long,1327.215,1327.385,1325.6546150586034,,11.40300697228492,1.9385111852892662,0.10894747538894473,first_green,1
2016-09-12 13:00:00,2016-09-12 13:15:00,long,1327.455,1325.6595090963374,1325.8845090963373,,11.33271552394739,-20.34778763704279,-1.1432673054489992,stop_loss,1
2016-09-12 13:30:00,2016-09-12 13:45:00,long,1324.845,1324.935,1323.0067195779643,,9.654162097537792,0.868874588777611,0.048958798081661335,first_green,1
2016-09-13 11:15:00,2016-09-13 11:30:00,short,1329.925,1329.985,1331.4719257264107,,11.473873023443165,-0.6884323814059637,-0.038786606865191045,first_green,1
2016-09-14 09:00:00,2016-09-14 09:15:00,short,1321.555,1320.745,1323.1399941277748,,11.19720759186549,9.069738149412983,0.5110429028133869,first_green,1
2016-09-14 12:45:00,2016-09-14 13:00:00,short,1323.395,1322.875,1325.0206054022533,,10.93142444121008,5.684340709429042,0.31988082672411766,first_green,1
2016-09-15 12:45:00,2016-09-15 13:00:00,short,1321.085,1320.955,1322.4731230209563,,12.811828065121086,1.6655376484671394,0.0936516418483933,first_green,1
2016-09-15 15:15:00,2016-09-15 15:30:00,short,1322.9550000000002,1324.7132256449167,1324.4882256449168,,11.602047866096315,-20.39901809172037,-1.1467494368789637,stop_loss,1
2016-09-19 08:00:00,2016-09-19 08:15:00,short,1315.165,1315.2649999999999,1316.686756901586,,11.655974589721518,-1.1655974589710918,-0.06571351829959406,first_green,1
2016-09-19 08:45:00,2016-09-19 09:15:00,short,1315.935,1315.715,1317.383717169382,,12.241620488654979,2.6931565075044293,0.1518584887717419,first_green,2
2016-09-19 10:15:00,2016-09-19 11:00:00,short,1316.595,1318.2850704872953,1318.0600704872954,,12.109573449256533,-20.466032700323407,-1.1535762285507984,stop_loss,3
2016-09-21 13:15:00,2016-09-21 13:30:00,short,1320.835,1320.7549999999999,1323.018897350405,,8.100295368374491,0.6480236294712117,0.036631758349502365,first_green,1
2016-09-21 14:45:00,2016-09-21 15:00:00,short,1322.355,1324.6754292543405,1324.4504292543406,,8.443059394592579,-19.59152201534722,-1.1073765671324043,stop_loss,1
2016-09-21 15:15:00,2016-09-21 15:30:00,short,1324.765,1327.070063999916,1326.8450639999162,,8.481880772532953,-19.551278020345432,-1.108169748627439,stop_loss,1
2016-09-21 15:45:00,2016-09-21 16:00:00,short,1327.875,1325.695,1330.3476572244176,,7.115412713793892,15.511599716071137,0.881642622548913,first_green,1
2016-09-26 12:00:00,2016-09-26 12:15:00,long,1334.445,1335.2450000000001,1332.9895483098028,,12.114971434316121,9.6919771474551,0.549657543007708,first_green,1
2016-09-27 11:45:00,2016-09-27 12:00:00,long,1334.815,1336.255,1333.2785718046957,,11.49222960604213,16.548810632701294,0.9372387231639092,first_green,1
2016-09-27 14:30:00,2016-09-27 14:45:00,long,1335.665,1335.865,1334.1017811484492,,11.321740140645204,2.2643480281295556,0.127941138760983,first_green,1
2016-09-28 10:15:00,2016-09-28 10:30:00,long,1323.335,1323.255,1322.2142275791607,,15.796265290885758,-1.2637012232697113,-0.07137934384575274,first_green,1
2016-09-28 16:00:00,2016-09-28 16:15:00,long,1324.695,1323.1118119905645,1323.3368119905645,,13.032701742511598,-20.633217129292067,-1.165661895434807,stop_loss,1
2016-09-30 07:45:00,2016-09-30 09:00:00,short,1322.635,1324.4202762960656,1324.1952762960657,,11.311635150074599,-20.19439410317067,-1.144205228629863,stop_loss,5
2016-09-30 10:45:00,2016-09-30 11:00:00,short,1324.275,1325.996163742078,1325.771163742078,,11.762609742637856,-20.245377401239434,-1.1503846094328054,stop_loss,1
2016-09-30 11:15:00,2016-09-30 11:45:00,short,1326.2450000000001,1326.135,1327.8167687367918,,11.164604788783041,1.2281065267675562,0.06998485045876467,first_green,2
2016-10-04 08:15:00,2016-10-04 08:45:00,short,1311.275,1311.215,1312.8627378887354,,11.054247150290596,0.663254829019346,0.03778961277290209,first_green,2
2016-10-04 12:00:00,2016-10-04 12:15:00,short,1309.275,1309.165,1310.9780648420274,,10.306656996182712,1.1337322695814107,0.06458943739874633,first_green,1
2016-10-04 14:00:00,2016-10-04 14:30:00,short,1308.915,1308.165,1310.4812096538285,,11.209060968812832,8.406795726609623,0.478863093562637,first_green,2
2016-10-05 07:15:00,2016-10-05 08:15:00,short,1274.135,1274.105,1275.9551024031625,,9.657015153918357,0.2897104546172872,0.016482589082815302,first_green,4
2016-10-05 13:00:00,2016-10-05 13:15:00,short,1273.7350000000001,1273.685,1275.4324399034158,,10.355289003039296,0.5177644501538484,0.02945612383659032,first_green,1
2016-10-06 13:15:00,2016-10-06 13:30:00,short,1265.925,1267.7622163303797,1267.5372163303798,,10.903484132395592,-20.032059106073778,-1.1395594348972369,stop_loss,1
2016-10-06 13:45:00,2016-10-06 14:00:00,short,1267.685,1267.555,1269.302191631807,,10.838972131541999,1.4090663770991783,0.0803862680482783,first_green,1
2016-10-07 10:15:00,2016-10-07 11:00:00,short,1254.4750000000001,1254.185,1256.4311341562218,,8.962686755762949,2.599179159172967,0.14825159055569953,first_green,3
2016-10-07 13:00:00,2016-10-07 13:45:00,short,1256.155,1258.1535682677568,1257.9285682677569,,9.888943076627744,-19.763727834601603,-1.1268628922214963,stop_loss,3
2016-10-07 14:00:00,2016-10-07 14:15:00,short,1257.305,1256.2849999999999,1259.1756253460903,,9.349443681669664,9.536432555305012,0.5452722011556612,first_green,1
2016-10-10 07:45:00,2016-10-10 08:00:00,short,1263.095,1262.7549999999999,1265.3363262795153,,7.813742945070135,2.6566726013249826,0.15169589680341927,first_green,1
2016-10-11 09:45:00,2016-10-11 10:00:00,short,1261.155,1260.305,1262.7089286174037,,11.274513442540469,9.583336426158374,0.547000673312837,first_green,1
2016-10-13 09:00:00,2016-10-13 09:15:00,short,1260.835,1260.585,1262.418222779532,,11.081035248821948,2.770258812205487,0.15790576236775922,first_green,1
2016-10-17 08:00:00,2016-10-17 08:15:00,short,1254.065,1255.6505277797487,1255.4255277797488,,12.899900564326233,-20.453150700734465,-1.1653769980657522,stop_loss,1
2016-10-17 12:45:00,2016-10-17 13:15:00,short,1253.2450000000001,1252.605,1254.825484911143,,11.07226021180885,7.086246535558772,0.40493901301300345,first_green,2
2016-10-18 09:30:00,2016-10-18 09:45:00,short,1260.135,1261.9945256250965,1261.7695256250965,,10.717027340770192,-19.928586965021616,-1.1376546176733187,stop_loss,1
2016-10-18 10:00:00,2016-10-18 10:30:00,short,1261.7450000000001,1260.7649999999999,1263.4276521971497,,10.380894147659928,10.17327626470928,0.5824138830712581,first_green,2
2016-10-18 15:45:00,2016-10-18 16:00:00,short,1262.045,1260.0049999999999,1263.951171461841,,9.176964342810669,18.721007259335515,1.0702080273670105,first_green,1
2016-10-19 12:30:00,2016-10-19 12:45:00,short,1266.525,1268.1443756981091,1267.9193756981092,,12.578869581944124,-20.36991571068314,-1.1613625368722555,stop_loss,1
2016-10-19 13:00:00,2016-10-19 13:15:00,short,1270.175,1269.935,1271.9267831274512,,9.983396341369566,2.396015121928787,0.13700326041454153,first_green,1
2016-10-19 15:00:00,2016-10-19 15:15:00,short,1270.2050000000002,1272.1156951157568,1271.890695115757,,10.378350829723571,-19.829864239961832,-1.1334760941624382,stop_loss,1
2016-10-20 08:15:00,2016-10-20 08:30:00,long,1271.5249999999999,1270.0898023264403,1270.3148023264403,,14.41513318345992,-20.688565608952235,-1.1859200401022976,stop_loss,1
2016-10-20 08:45:00,2016-10-20 09:15:00,long,1270.675,1269.200492822288,1269.4254928222879,,13.9202395463635,-20.525493126583203,-1.1800709943994863,stop_loss,2
2016-10-20 10:15:00,2016-10-20 11:30:00,long,1269.185,1269.525,1267.8568761241136,,13.057611425185971,4.43958788456513,0.2560002166765001,first_green,5
2016-10-21 10:15:00,2016-10-21 10:30:00,long,1261.655,1262.795,1260.4372255348558,,14.249949364386415,16.24494227540194,0.9361339333594149,first_green,1
2016-10-24 13:45:00,2016-10-24 14:00:00,long,1264.815,1263.384990476325,1263.6099904763248,,14.434605270326367,-20.641623007058264,-1.1867205159621192,stop_loss,1
2016-10-24 14:15:00,2016-10-24 14:30:00,long,1264.335,1262.7970836249945,1263.0220836249944,,13.208939345922618,-20.314244116549883,-1.1713742050013942,stop_loss,1
2016-10-26 09:00:00,2016-10-26 09:15:00,long,1273.655,1274.095,1272.381530515524,,13.578218688563519,5.9744162229686895,0.34551279427092807,first_green,1
2016-10-26 11:15:00,2016-10-26 12:45:00,long,1274.375,1274.4650000000001,1273.0802398402723,,13.366478002863355,1.202983020259647,0.06951094326154682,first_green,6
2016-10-26 13:30:00,2016-10-26 13:45:00,long,1272.085,1270.4757469615924,1270.7007469615924,,12.504498940053894,-20.122902913046183,-1.1625425364850412,stop_loss,1
2016-10-26 14:30:00,2016-10-26 14:45:00,long,1270.845,1271.9950000000001,1269.2660496660258,,10.930732286436761,12.57034212940327,0.7283319653921657,first_green,1
2016-10-27 14:45:00,2016-10-27 15:00:00,long,1269.2649999999999,1267.8789664846222,1268.103966484622,,14.892342917379308,-20.641286405985078,-1.193792855261978,stop_loss,1
2016-10-27 15:15:00,2016-10-27 15:30:00,long,1268.495,1270.865,1267.324006815822,,14.721610908149179,34.890217852315295,2.0239229672921337,first_green,1
2016-10-28 09:00:00,2016-10-28 09:45:00,long,1268.835,1268.925,1267.5624143565976,,13.61490416618912,1.2253413749559063,0.07072215568870674,first_green,3
2016-10-28 11:30:00,2016-10-28 11:45:00,long,1266.485,1266.665,1265.0521728594042,,12.094407232141602,2.1769933017862586,0.1256257610567242,first_green,1
2016-10-28 14:00:00,2016-10-28 14:15:00,long,1265.925,1266.2150000000001,1264.6155240250737,,13.237843035539283,3.8389744803089205,0.2214626350945606,first_green,1
2016-10-31 09:15:00,2016-10-31 09:30:00,long,1274.395,1274.875,1273.0069983654669,,12.495831719188644,5.997999225210776,0.3458209184036574,first_green,1
2016-10-31 11:15:00,2016-10-31 11:45:00,long,1273.205,1273.535,1271.6976208630579,,11.516166983950217,3.8003351047053524,0.21892302468084265,first_green,2
2016-10-31 13:45:00,2016-10-31 14:00:00,long,1272.735,1273.435,1271.3277055277504,,12.341930583402176,8.639351408382085,0.49740833478945556,first_green,1
2016-11-02 07:45:00,2016-11-02 08:00:00,long,1291.235,1291.2450000000001,1289.7022287286868,,11.345677852203174,0.11345677852450826,0.006524130630169938,first_green,1
2016-11-03 07:30:00,2016-11-03 07:45:00,long,1303.825,1301.5360694256783,1301.7610694256782,,8.425967871080562,-19.286455478368953,-1.1090152947968417,stop_loss,1
2016-11-03 10:15:00,2016-11-03 10:45:00,long,1296.695,1294.0187314498457,1294.2437314498457,,7.074866018898317,-18.93424142293215,-1.0917892084838063,stop_loss,2
2016-11-03 11:15:00,2016-11-03 11:30:00,long,1293.975,1294.095,1291.1257490092419,,6.070037712094303,0.728404525452034,0.04211633176205108,first_green,1
2016-11-03 13:15:00,2016-11-03 13:30:00,long,1290.605,1287.4540877154798,1287.6790877154797,,5.911620135691306,-18.62699650696698,-1.0768990927001747,stop_loss,1
2016-11-07 07:15:00,2016-11-07 07:30:00,long,1289.455,1290.435,1287.2835328262845,,7.944082551178469,7.785200900155044,0.45130776640902054,first_green,1
2016-11-07 10:15:00,2016-11-07 10:45:00,long,1287.7749999999999,1285.4903092634527,1285.7153092634526,,8.384645899009948,-19.15632281469642,-1.1092397008965933,stop_loss,2
2016-11-07 11:00:00,2016-11-07 12:15:00,long,1285.435,1287.055,1283.2497064328738,,7.880811502608226,12.766914634226257,0.741319163873524,first_green,5
2016-11-08 14:00:00,2016-11-08 14:15:00,long,1282.625,1281.0735109922039,1281.2985109922038,,13.007121706672503,-20.180406350968898,-1.169620704489451,stop_loss,1
2016-11-08 14:30:00,2016-11-08 14:45:00,long,1279.915,1280.105,1278.3691497840941,,11.12873212040832,2.114459102878188,0.12290970887416754,first_green,1
2016-11-10 12:00:00,2016-11-10 12:15:00,long,1283.7949999999998,1279.8071492347424,1280.0321492347423,,4.573298324168503,-18.237631221786035,-1.0597950899560877,stop_loss,1
2016-11-10 12:30:00,2016-11-10 13:15:00,long,1281.5049999999999,1277.3335623503647,1277.5585623503646,,4.348996878838351,-18.14156931853231,-1.0570134435091612,stop_loss,3
2016-11-10 16:00:00,2016-11-10 16:30:00,long,1276.2949999999998,1271.6105297064667,1271.8355297064666,,3.838503223649734,-17.981354322818586,-1.0504544228775745,stop_loss,2
2016-11-14 09:15:00,2016-11-14 09:30:00,short,1225.945,1223.745,1230.1188095935488,,4.090444791271433,8.998978540797339,0.5270963973537304,first_green,1
2016-11-14 12:00:00,2016-11-14 12:15:00,short,1225.575,1224.235,1230.1068742012221,,3.7722219106242467,5.05477736023704,0.29568340613664795,first_green,1
2016-11-16 16:00:00,2016-11-16 17:15:00,short,1227.305,1226.405,1230.1872852178342,,5.935523658654049,5.341971292789184,0.31225223459196405,first_green,5
2016-11-17 10:00:00,2016-11-17 10:30:00,short,1228.045,1227.935,1229.8702469210082,,9.380225126044333,1.0318247638660711,0.060265818686807186,first_green,2
2016-11-17 12:30:00,2016-11-17 13:15:00,short,1228.405,1230.6149142433856,1230.3899142433856,,8.626975522316163,-19.064876084105272,-1.1133550231450433,stop_loss,3
2016-11-18 08:45:00,2016-11-18 09:15:00,short,1208.4950000000001,1208.375,1210.7706503940879,,7.503852281413449,0.9004622737705011,0.05273217727638872,first_green,2
2016-11-18 12:45:00,2016-11-18 13:45:00,short,1206.695,1209.7216302823285,1209.4966302823286,,6.095877698346295,-18.449968039186444,-1.0803103826436697,stop_loss,4
2016-11-18 14:00:00,2016-11-18 14:15:00,short,1212.085,1211.7749999999999,1214.9364584834752,,5.973178545529141,1.8516853491150658,0.10871629441448577,first_green,1
2016-11-18 15:30:00,2016-11-18 15:45:00,short,1215.285,1211.205,1218.7178111786923,,4.962958625887634,20.248871193622314,1.188530270853559,first_green,1
2016-11-22 10:30:00,2016-11-22 12:45:00,short,1217.095,1216.865,1219.2539861256187,,7.914604834906789,1.8203591120287055,0.10653148590017623,first_green,9
2016-11-23 09:00:00,2016-11-23 09:15:00,short,1214.165,1213.915,1215.7482811751288,,10.795349047655572,2.698837261913893,0.15789993838564867,first_green,1
2016-11-24 07:45:00,2016-11-24 08:00:00,short,1186.855,1186.155,1189.197233881,,7.3002188884536094,5.110153221917859,0.29885999245351214,first_green,1
2016-11-24 09:30:00,2016-11-24 09:45:00,short,1187.095,1184.375,1189.2176298816507,,8.061506883621371,21.92729872345035,1.2814292418632869,first_green,1
2016-11-24 11:15:00,2016-11-24 11:45:00,short,1187.2350000000001,1190.4571794966466,1190.2321794966467,,5.727522715380556,-18.455106260076338,-1.0750705789398503,stop_loss,2
2016-11-24 12:00:00,2016-11-24 12:15:00,short,1189.395,1186.865,1192.5996641232261,,5.3422996061849055,13.516018003647666,0.7894743107907976,first_green,1
2016-11-25 08:15:00,2016-11-25 09:00:00,short,1179.815,1182.8229784845737,1182.5979784845738,,6.1639233014417805,-18.540948671299002,-1.0808486307914709,stop_loss,3
2016-11-25 09:15:00,2016-11-25 09:30:00,short,1186.615,1185.125,1189.8065356491543,,5.360339171310928,7.986905365253331,0.46685989561007846,first_green,1
2016-11-29 13:15:00,2016-11-29 13:30:00,short,1188.7050000000002,1187.695,1190.9180066368858,,7.739552396604467,7.8169479205722014,0.4563926665044157,first_green,1
2016-12-01 07:15:00,2016-12-01 08:15:00,short,1173.175,1176.1694980485172,1175.9444980485173,,6.191455234709892,-18.540300617820645,-1.0812421587082772,stop_loss,4
2016-12-02 14:15:00,2016-12-02 14:30:00,short,1172.2250000000001,1172.135,1174.2194583625649,,8.574193755780618,0.7716774380215033,0.04512503328693815,first_green,1
2016-12-05 07:45:00,2016-12-05 08:15:00,short,1176.925,1176.065,1179.6257690787984,,6.332567181075327,5.446007775724148,0.3184278162657702,first_green,2
2016-12-05 13:30:00,2016-12-05 13:45:00,short,1166.185,1165.895,1169.0757090240265,,5.921182834119744,1.7171430218945103,0.10032140820455539,first_green,1
2016-12-07 10:15:00,2016-12-07 10:30:00,short,1169.035,1170.8742580517314,1170.6492580517315,,10.605930997644704,-19.507043983525122,-1.1393829194524234,stop_loss,1
2016-12-07 10:45:00,2016-12-07 13:45:00,short,1170.895,1172.9005847486867,1172.6755847486868,,9.587828892552233,-19.229203399920596,-1.126362982815532,stop_loss,12
2016-12-07 14:00:00,2016-12-07 14:45:00,short,1173.105,1173.185,1174.695342695773,,10.704528612509666,-0.8563622889999944,-0.0503036233715932,first_green,3
2016-12-07 16:00:00,2016-12-07 16:15:00,short,1176.095,1178.4082267002018,1178.1832267002019,,8.151283566688193,-18.855766787379018,-1.1077469222944807,stop_loss,1
2016-12-08 14:30:00,2016-12-08 14:45:00,short,1177.505,1172.955,1179.2102394472008,,9.954372446503998,45.292394631595,2.668246976968177,first_green,1
2016-12-09 11:15:00,2016-12-09 11:30:00,short,1170.145,1171.7581399466235,1171.5331399466236,,12.309868033153675,-19.857539861943913,-1.162087403757223,stop_loss,1
2016-12-12 15:30:00,2016-12-12 16:15:00,short,1158.875,1161.6031255531486,1161.3781255531487,,6.8067603254651,-18.569696778059622,-1.0898876205857426,stop_loss,3
2016-12-13 14:45:00,2016-12-13 15:00:00,short,1160.005,1159.355,1161.6225980534196,,10.50431003361222,6.827801521848899,0.40183035496738834,first_green,1
2016-12-13 15:30:00,2016-12-13 16:00:00,short,1162.095,1161.145,1164.1078217650738,,8.450237006487498,8.027725156163507,0.4719742286596429,first_green,2
2016-12-14 13:00:00,2016-12-14 13:30:00,short,1162.145,1162.0349999999999,1163.5696262841711,,11.95323325758226,1.3148556583355706,0.07721323214538695,first_green,2
2016-12-15 16:00:00,2016-12-15 16:15:00,short,1131.665,1131.7849999999999,1134.9920902186025,,5.119241228715589,-0.6143089474453121,-0.03606755215982542,first_green,1
2016-12-16 12:00:00,2016-12-16 12:15:00,short,1134.775,1134.395,1136.849933077642,,8.207802858737487,3.118965086321141,0.18313843665357057,first_green,1
2016-12-16 13:15:00,2016-12-16 13:30:00,short,1135.425,1134.5149999999999,1137.4021290370026,,8.617767854395485,7.842168747500597,0.4602633328270993,first_green,1
2016-12-19 13:30:00,2016-12-19 13:45:00,short,1139.115,1138.565,1140.666744864138,,10.992815169017664,6.046048342959216,0.35443971023255544,first_green,1
2016-12-21 14:15:00,2016-12-21 14:30:00,short,1135.425,1135.575,1137.0388497958309,,10.579150331031531,-1.586872549655692,-0.0929454527847571,first_green,1
2016-12-21 16:00:00,2016-12-21 16:30:00,short,1135.665,1135.495,1137.2987618968073,,10.447784621358934,1.776123385631779,0.10405433027437291,first_green,2
2016-12-22 08:30:00,2016-12-22 09:00:00,short,1130.2450000000001,1131.9467827716383,1131.7217827716383,,11.56137047153485,-19.67494108498388,-1.1523582237828462,stop_loss,2
2016-12-22 09:15:00,2016-12-22 09:30:00,short,1131.4550000000002,1131.425,1132.9461358415779,,11.417098899697962,0.3425129669932233,0.020118891360332535,first_green,1
2016-12-27 07:30:00,2016-12-27 08:15:00,short,1137.435,1139.217107240398,1138.9921072403981,,10.933930057534717,-19.48543592153893,-1.1444987179832085,stop_loss,3
2016-12-27 08:30:00,2016-12-27 08:45:00,short,1140.135,1139.595,1141.7967002002554,,10.216396475237643,5.516854096627955,0.3249683666867059,first_green,1
2016-12-27 10:30:00,2016-12-27 10:45:00,short,1144.265,1143.975,1146.6785865815943,,7.0394740895558385,2.0414474859725376,0.12015313733167898,first_green,1
2016-12-28 15:00:00,2016-12-28 15:30:00,short,1139.395,1138.7649999999999,1140.682539891176,,13.199966804308952,8.31597908671608,0.4893052279915517,first_green,2
2016-12-29 07:30:00,2016-12-29 08:30:00,long,1148.475,1149.345,1146.8643392849453,,10.564778547968498,9.191357336733843,0.5401510025472034,first_green,4
2016-12-29 10:45:00,2016-12-29 11:00:00,long,1148.315,1146.541786419784,1146.766786419784,,11.005750357407523,-19.515545994221586,-1.1453287859472927,stop_loss,1
2016-12-29 11:30:00,2016-12-29 11:45:00,long,1147.135,1147.765,1145.5166034126332,,10.498331145436335,6.613948621626037,0.3892741772430213,first_green,1
2016-12-29 12:45:00,2016-12-29 13:00:00,long,1146.225,1146.415,1144.6253816320707,,10.631909780075047,2.020062858214839,0.1187783310128014,first_green,1
2016-12-30 08:45:00,2016-12-30 09:15:00,long,1159.855,1159.855,1157.9045228955702,,8.721993346593349,0.0,0.0,first_green,2
2016-12-30 10:00:00,2016-12-30 10:15:00,long,1158.325,1158.7350000000001,1156.3960605411155,,8.819379088941227,3.615945426466625,0.2125520311752939,first_green,1
2016-12-30 13:30:00,2016-12-30 13:45:00,long,1158.5349999999999,1158.785,1156.7516529506815,,9.544462025825252,2.3861155064584834,0.14018583768974796,first_green,1
2016-12-30 15:00:00,2016-12-30 15:30:00,long,1158.0349999999999,1156.000521564307,1156.225521564307,,9.409923403332682,-19.14428624560125,-1.1243452232210505,stop_loss,2
2016-12-30 15:45:00,2016-12-30 16:00:00,long,1156.945,1157.2250000000001,1155.12776817667,,9.343437940199628,2.6161626232577655,0.15408050662855738,first_green,1
2017-01-03 09:30:00,2017-01-03 09:45:00,long,1152.7949999999998,1152.905,1150.8267200244456,,8.629734276503946,0.9492707704165328,0.05588635832621084,first_green,1
2017-01-03 11:30:00,2017-01-03 11:45:00,long,1150.415,1148.0631190955528,1148.2881190955527,,7.987333146957442,-18.785256305787136,-1.1057887160157576,stop_loss,1
2017-01-03 12:00:00,2017-01-03 13:15:00,long,1148.2749999999999,1145.8838884038184,1146.1088884038184,,7.820992804259192,-18.700866587915577,-1.1038727646334316,stop_loss,5
2017-01-04 14:15:00,2017-01-04 14:30:00,long,1164.735,1165.685,1162.5863623897585,,7.862838740214615,7.469696803204242,0.4421406362207889,first_green,1
2017-01-05 10:30:00,2017-01-05 10:45:00,long,1175.2849999999999,1172.5323414054747,1172.7573414054746,,6.691198455016257,-18.418584934874243,-1.0890151860252175,stop_loss,1
2017-01-05 11:00:00,2017-01-05 11:30:00,long,1173.675,1170.8145698853327,1171.0395698853326,,6.400100965032884,-18.307041537290825,-1.0853750584193778,stop_loss,2
2017-01-05 13:00:00,2017-01-05 13:15:00,long,1171.395,1171.425,1168.9600996188324,,6.908394013331044,0.20725182039974283,0.01232083260243559,first_green,1
2017-01-06 07:30:00,2017-01-06 08:00:00,long,1176.345,1176.535,1174.028192933315,,7.26075536791947,1.3795435199050954,0.08200941836383331,first_green,2
2017-01-06 08:45:00,2017-01-06 10:00:00,long,1174.985,1175.115,1172.7668653663452,,7.585300706902786,0.98608909189819,0.058607804065488676,first_green,5
2017-01-09 12:00:00,2017-01-09 12:45:00,long,1176.165,1176.525,1174.3845491500306,,9.451360832390096,3.4024898996616377,0.20219597749992246,first_green,3
2017-01-09 15:00:00,2017-01-09 15:15:00,long,1178.5349999999999,1181.065,1176.6557712010936,,8.95909516815836,22.666510775442443,1.3462969498299777,first_green,1
2017-01-10 07:15:00,2017-01-10 07:30:00,long,1184.225,1184.9850000000001,1182.331370064805,,8.920885551666892,6.779873019268785,0.4013455775465432,first_green,1
2017-01-10 10:00:00,2017-01-10 10:45:00,long,1184.345,1185.105,1182.333592922486,,8.406953421150611,6.3892846000743875,0.3778449467023566,first_green,3
2017-01-10 15:00:00,2017-01-10 15:30:00,long,1182.245,1182.605,1180.1679933019402,,8.149120962847322,2.9336835466260736,0.17332635486271494,first_green,2
2017-01-11 11:45:00,2017-01-11 12:30:00,long,1188.7949999999998,1186.748790426753,1186.9737904267529,,9.297728982288191,-19.025102053012972,-1.1235442660224797,stop_loss,3
2017-01-11 12:45:00,2017-01-11 13:00:00,long,1187.375,1188.415,1185.5610536854044,,9.308737607612816,9.68108711191699,0.5733356007461766,first_green,1
2017-01-12 15:30:00,2017-01-12 16:15:00,long,1201.565,1201.435,1198.879822285195,,6.297442773121365,-0.8186675605064648,-0.0484139277945492,first_green,3
2017-01-13 16:00:00,2017-01-13 16:15:00,long,1196.5449999999998,1193.8426557561802,1194.06765575618,,6.824932129608067,-18.443316054906163,-1.0908230660963727,stop_loss,1
2017-01-16 10:00:00,2017-01-16 10:15:00,long,1204.185,1201.9283515398472,1202.153351539847,,8.299466352726807,-18.72897796497048,-1.1107475059848606,stop_loss,1
2017-01-18 09:45:00,2017-01-18 10:00:00,long,1210.985,1212.785,1209.149477752552,,9.160758260530192,16.489364868956013,0.9806473348404762,first_green,1
2017-01-19 09:30:00,2017-01-19 10:00:00,long,1200.2749999999999,1198.1353179622588,1198.3603179622587,,8.803549973630862,-18.836797746933804,-1.117512984174308,stop_loss,2
2017-01-19 12:45:00,2017-01-19 13:00:00,long,1202.645,1202.545,1200.4087796179003,,7.516659423664679,-0.7516659423657843,-0.0447183116656939,first_green,1
2017-01-19 15:45:00,2017-01-19 16:30:00,long,1200.875,1198.2018573706762,1198.426857370676,,6.865215956917474,-18.351701433950222,-1.0919064099063729,stop_loss,3
2017-01-20 10:30:00,2017-01-20 10:45:00,long,1204.5249999999999,1202.4484359746343,1202.6734359746342,,9.052427223924743,-18.797944715441783,-1.121518887231284,stop_loss,1
2017-01-20 11:00:00,2017-01-20 11:15:00,long,1202.2849999999999,1203.045,1200.3629371413938,,8.695945428336557,6.608918525537682,0.3954085042522442,first_green,1
2017-01-20 12:00:00,2017-01-20 12:15:00,long,1201.5049999999999,1199.3120130335108,1199.5370130335107,,8.50141607107871,-18.643494640576716,-1.1143300254682569,stop_loss,1
2017-01-20 12:30:00,2017-01-20 12:45:00,long,1199.405,1199.615,1197.3465826666497,,8.105288960440648,1.7021106816928309,0.10202012808464112,first_green,1
2017-01-23 09:30:00,2017-01-23 10:15:00,long,1214.985,1212.6586548819141,1212.883654881914,,7.941733331214556,-18.475212564210125,-1.1070742725996683,stop_loss,3
2017-01-23 10:30:00,2017-01-23 11:00:00,long,1213.185,1210.8030201499987,1211.0280201499986,,7.715479833187475,-18.378117495743524,-1.1043125182647255,stop_loss,2
2017-01-23 11:15:00,2017-01-23 11:30:00,long,1210.685,1211.605,1208.562485520972,,7.819117091317817,7.193587724012961,0.43344816211636245,first_green,1
2017-01-24 10:00:00,2017-01-24 10:45:00,long,1213.235,1213.4850000000001,1211.5425353576268,,9.816555568068948,2.454138892019469,0.1477135732949107,first_green,3
2017-01-25 11:00:00,2017-01-25 11:15:00,long,1201.865,1201.935,1200.141984548759,,9.646058916132464,0.6752241241286584,0.04062644937369351,first_green,1
2017-01-26 08:45:00,2017-01-26 10:15:00,long,1196.595,1196.615,1194.9992213925661,,10.416229757032102,0.20832459514045257,0.012533066872066354,first_green,6
2017-01-26 11:45:00,2017-01-26 12:00:00,long,1195.185,1193.2333723427225,1193.4583723427224,,9.627158095038185,-18.788627999258658,-1.1303118243540027,stop_loss,1
2017-01-27 12:15:00,2017-01-27 12:30:00,short,1184.525,1183.2649999999999,1186.1397234909712,,10.265253432282377,12.934219324678034,0.7803193593489315,first_green,1
2017-01-27 13:30:00,2017-01-27 13:45:00,short,1185.045,1184.715,1186.7230766461391,,9.896974279691634,3.2660015122997694,0.19665371111589125,first_green,1
2017-01-30 12:45:00,2017-01-30 13:00:00,short,1191.015,1191.075,1192.5655011296244,,10.716565175283918,-0.6429939105164503,-0.03869716626035844,first_green,1
2017-01-30 15:15:00,2017-01-30 15:30:00,short,1191.305,1193.1212672499291,1192.8962672499292,,10.441011040686966,-18.963666409347567,-1.1413967389889572,stop_loss,1
2017-01-30 15:45:00,2017-01-30 16:00:00,short,1192.4550000000002,1194.3338477818268,1194.1088477818269,,10.017263947273344,-18.82091414730617,-1.136046377709195,stop_loss,1
2017-01-31 10:00:00,2017-01-31 10:15:00,short,1201.2250000000001,1199.885,1202.7049011811548,,11.162892282383895,14.958275658396044,0.9054658628994594,first_green,1
2017-01-31 12:30:00,2017-01-31 12:45:00,short,1198.4950000000001,1198.465,1200.1667636267498,,9.904135308374851,0.2971240592532272,0.01794512066190091,first_green,1
2017-01-31 14:00:00,2017-01-31 14:30:00,short,1203.945,1206.2650686801242,1206.0400686801243,,7.903376213954922,-18.33637562123557,-1.1073950473005774,stop_loss,2
2017-01-31 14:45:00,2017-01-31 15:00:00,short,1205.445,1204.685,1207.6239999599975,,7.577914335556884,5.759214895023163,0.34878385220385405,first_green,1
2017-02-01 15:30:00,2017-02-01 16:00:00,long,1206.2749999999999,1204.2029744808872,1204.427974480887,,8.94772319075458,-18.539910789199872,-1.1218174831217214,stop_loss,2
2017-02-02 08:45:00,2017-02-02 09:00:00,long,1214.5149999999999,1212.6833549204919,1212.9083549204918,,10.257600452337387,-18.788283396082885,-1.140043375397382,stop_loss,1
2017-02-02 09:15:00,2017-02-02 09:30:00,long,1213.135,1214.295,1211.4142448038936,,9.55008162869508,11.078094689287076,0.6741226193155306,first_green,1
2017-02-02 14:45:00,2017-02-02 15:00:00,long,1219.705,1222.405,1217.416988851002,,7.194478851097794,19.425092897964372,1.1800641798369995,first_green,1
2017-02-06 12:15:00,2017-02-06 12:30:00,long,1222.375,1222.285,1220.9020803513968,,11.20876523742609,-1.0087888713674307,-0.06110312947842381,first_green,1
2017-02-07 10:00:00,2017-02-07 10:15:00,long,1230.815,1229.0531140996623,1229.2781140996622,,10.74060773085252,-18.92372532204825,-1.1463999376599405,stop_loss,1
2017-02-07 11:45:00,2017-02-07 12:00:00,long,1229.2549999999999,1229.415,1227.425340296207,,8.996087761664592,1.439374041867071,0.08744795530469374,first_green,1
2017-02-07 13:30:00,2017-02-07 13:45:00,long,1228.945,1228.935,1227.2070447213036,,9.472843119851042,-0.09472843119842426,-0.005753887986975305,first_green,1
2017-02-07 15:30:00,2017-02-07 15:45:00,long,1228.135,1230.4550000000002,1226.0929932370757,,8.062236218920521,18.70438802789693,1.1361372754112504,first_green,1
2017-02-09 13:15:00,2017-02-09 13:30:00,long,1241.325,1239.6234194811675,1239.8484194811674,,11.181172745290736,-19.0256657210881,-1.152379092863687,stop_loss,1
2017-02-09 13:45:00,2017-02-09 14:00:00,long,1236.935,1238.595,1235.0843259812107,,8.895320041217063,14.766231268421054,0.8969705000160236,first_green,1
2017-02-10 08:15:00,2017-02-10 08:30:00,long,1223.665,1223.665,1222.1555940953697,,10.930958476214771,0.0,0.0,first_green,1
2017-02-10 09:30:00,2017-02-10 10:00:00,long,1222.455,1222.9550000000002,1220.8542126112857,,10.30696105153551,5.153480525770099,0.31234628878593673,first_green,2
2017-02-13 15:30:00,2017-02-13 15:45:00,long,1226.365,1224.4418828066048,1224.6668828066047,,9.723791168715561,-18.699989981541577,-1.1324996889938028,stop_loss,1
2017-02-13 16:00:00,2017-02-13 16:30:00,long,1225.5149999999999,1223.556725481205,1223.7817254812048,,9.499584061891246,-18.60279340755227,-1.1298120970221883,stop_loss,2
2017-02-14 09:30:00,2017-02-14 10:00:00,long,1227.885,1226.2425992684273,1226.4675992684272,,11.583795354676978,-19.02523396490999,-1.1587412754826514,stop_loss,2
2017-02-15 15:15:00,2017-02-15 15:30:00,long,1225.5449999999998,1223.9364086701241,1224.161408670124,,11.832480134626211,-19.03362495548627,-1.162620273155446,stop_loss,1
2017-02-15 15:45:00,2017-02-15 16:00:00,long,1218.2549999999999,1221.435,1216.0809595165865,,7.508476952176423,23.876956707921504,1.4627142522237153,first_green,1
2017-02-16 08:30:00,2017-02-16 08:45:00,long,1233.625,1232.0711893019636,1232.2961893019635,,12.329389941536876,-19.157537991422213,-1.1693243441916754,stop_loss,1
2017-02-16 12:15:00,2017-02-16 12:30:00,long,1236.585,1236.9850000000001,1234.7693540030987,,8.997090532778783,3.5988362131123313,0.22030726291509597,first_green,1
2017-02-16 13:30:00,2017-02-16 13:45:00,long,1236.0049999999999,1237.4550000000002,1234.2600511893713,,9.36676675016284,13.581811787738674,0.830969935145525,first_green,1
2017-02-20 08:30:00,2017-02-20 08:45:00,long,1233.225,1233.9550000000002,1232.048816110461,,13.925104037960338,10.165325947714466,0.620651248918627,first_green,1
2017-02-21 15:00:00,2017-02-21 15:30:00,long,1230.115,1228.499013506541,1228.7240135065408,,11.79299469952158,-19.05732015186168,-1.161755704356528,stop_loss,2
2017-02-22 07:45:00,2017-02-22 08:45:00,long,1234.5349999999999,1234.385,1233.377894546828,,14.135490416413354,-2.120323562460075,-0.12963381996747197,first_green,4
2017-02-27 09:45:00,2017-02-27 10:00:00,long,1256.0249999999999,1254.4992537491353,1254.7242537491352,,12.570439641332984,-19.17930115448337,-1.1729776271508294,stop_loss,1
2017-02-27 10:30:00,2017-02-27 10:45:00,long,1254.495,1254.625,1253.0335606730503,,11.155443597050729,1.4502076676178122,0.08895340203513606,first_green,1
2017-02-28 10:45:00,2017-02-28 11:00:00,long,1251.675,1252.7350000000001,1250.3839113106874,,12.630138917993092,13.38794725307486,0.8210125367642702,first_green,1
2017-03-01 09:15:00,2017-03-01 09:30:00,long,1243.2649999999999,1243.9950000000001,1241.5163475767833,,9.344395234098965,6.821408520894539,0.41746432298847613,first_green,1
2017-03-01 12:15:00,2017-03-01 12:30:00,long,1244.485,1245.025,1242.543304897938,,8.424161380194397,4.5490471453065835,0.2781075151432196,first_green,1
2017-03-01 14:00:00,2017-03-01 14:15:00,long,1243.7849999999999,1241.6506852787045,1241.8756852787044,,8.572984498679018,-18.29744702096762,-1.1178433274988042,stop_loss,1
2017-03-01 14:45:00,2017-03-01 15:00:00,long,1241.315,1241.875,1239.3021959028113,,8.109473700898475,4.541305272502703,0.27821882953342386,first_green,1
2017-03-01 16:00:00,2017-03-01 16:15:00,long,1237.975,1238.7050000000002,1235.364255543342,,6.256504773088696,4.567248484356284,0.27961373168432085,first_green,1
2017-03-02 12:15:00,2017-03-02 12:30:00,long,1243.655,1243.885,1242.2704077396372,,11.80531896901038,2.715223362872602,0.16611388535406096,first_green,1
2017-03-02 13:30:00,2017-03-02 13:45:00,long,1242.7549999999999,1241.1808438278565,1241.4058438278564,,12.120421394976693,-19.079436147881182,-1.1667709081020925,stop_loss,1
2017-03-02 14:00:00,2017-03-02 14:15:00,long,1241.135,1239.4753194229988,1239.7003194229987,,11.364650086587654,-18.861689013124014,-1.156829334422441,stop_loss,1
2017-03-02 14:30:00,2017-03-02 14:45:00,long,1239.2749999999999,1240.065,1237.7330560330959,,10.543501495552198,8.32936618148825,0.5123402775694867,first_green,1
2017-03-03 15:00:00,2017-03-03 15:15:00,short,1228.085,1230.1510283944856,1229.9260283944857,,8.841966797101804,-18.267754465910837,-1.1222143018944422,stop_loss,1
2017-03-03 15:30:00,2017-03-03 15:45:00,short,1230.285,1229.145,1232.2793306054496,,8.139393993174211,9.278909152219414,0.5716203707073781,first_green,1
2017-03-07 13:00:00,2017-03-07 13:15:00,short,1224.7050000000002,1224.185,1226.0633793878303,,11.967083694671064,6.222883521231457,0.382809106689145,first_green,1
2017-03-08 13:45:00,2017-03-08 14:00:00,short,1214.035,1213.695,1215.3197020427258,,12.66550257642626,4.306270875986772,0.26465280562548044,first_green,1
2017-03-09 07:45:00,2017-03-09 08:00:00,short,1205.4850000000001,1204.955,1206.8260063159569,,12.141749457500483,6.435127212477686,0.3952255807401393,first_green,1
2017-03-09 09:15:00,2017-03-09 09:30:00,short,1206.585,1205.485,1208.1068006421535,,10.709846004690972,11.78083060516153,0.7228279247165588,first_green,1
2017-03-09 12:15:00,2017-03-09 12:45:00,short,1204.9950000000001,1204.975,1206.4674057242237,,11.089132794852901,0.22178265589937768,0.013583212609931743,first_green,2
2017-03-09 14:30:00,2017-03-09 14:45:00,short,1206.015,1207.92619615772,1207.70119615772,,9.683486103144526,-18.507041433663037,-1.1334364326296158,stop_loss,1
2017-03-09 15:00:00,2017-03-09 15:15:00,short,1207.595,1207.145,1209.3225875033402,,9.42469740339773,4.241113831529407,0.26047884644338304,first_green,1
2017-03-10 15:45:00,2017-03-10 16:00:00,short,1201.075,1203.2758150679701,1203.0508150679702,,8.2460107251783,-18.147944654615433,-1.1138770544102885,stop_loss,1
2017-03-13 08:45:00,2017-03-13 09:00:00,short,1210.085,1209.865,1211.4954598765064,,11.519095757660283,2.5342010666855765,0.15597749618015055,first_green,1
2017-03-14 10:45:00,2017-03-14 11:00:00,short,1203.315,1203.395,1204.5277663002469,,13.402052711370231,-1.0721642169086434,-0.06596489363502785,first_green,1
2017-03-14 13:30:00,2017-03-14 13:45:00,short,1204.785,1204.635,1205.98841820128,,13.503931928780567,2.025589789318313,0.12464494873067494,first_green,1
2017-03-15 08:15:00,2017-03-15 08:30:00,short,1204.575,1204.2749999999999,1206.1006357937636,,10.655191437473627,3.1965574312440266,0.19663932979713802,first_green,1
2017-03-16 07:45:00,2017-03-16 09:00:00,short,1225.9550000000002,1226.0049999999999,1227.6863891245655,,9.393574563472779,-0.4696787281710759,-0.028878545723959956,first_green,5
2017-03-16 14:00:00,2017-03-16 14:15:00,short,1226.9650000000001,1229.0184656529673,1228.7934656529674,,8.894210627789933,-18.263956034421877,-1.1230539931853685,stop_loss,1
2017-03-16 14:30:00,2017-03-16 14:45:00,short,1231.575,1231.095,1233.9384729354665,,6.861554668017912,3.2935462406487224,0.20309096533203333,first_green,1
2017-03-20 10:15:00,2017-03-20 10:30:00,long,1232.965,1232.875,1231.812948408972,,14.083859390540779,-1.2675473451475172,-0.07812150141611128,first_green,1
2017-03-20 14:00:00,2017-03-20 14:30:00,long,1231.305,1231.7450000000001,1230.1883703472108,,14.527792370371955,6.3922286429644535,0.3940429119905362,first_green,2
2017-03-20 16:00:00,2017-03-20 16:15:00,long,1231.5249999999999,1231.9750000000001,1230.1270769498037,,11.615907127113829,5.2271582072043925,0.3219061306250969,first_green,1
2017-03-21 07:30:00,2017-03-21 07:45:00,long,1228.085,1228.595,1226.6683729814843,,11.471764977682454,5.850600138617947,0.3600100755767909,first_green,1
2017-03-21 10:00:00,2017-03-21 10:15:00,long,1228.5349999999999,1228.765,1227.2057550479803,,12.236900876006413,2.81448720148448,0.17303056118498628,first_green,1
2017-03-22 12:00:00,2017-03-22 13:15:00,long,1246.155,1244.4070556844194,1244.6320556844194,,10.685141123885645,-18.677031688671622,-1.1477401358001251,stop_loss,5
2017-03-22 13:30:00,2017-03-22 13:45:00,long,1244.985,1245.125,1243.5823898804729,,11.568562161841724,1.6195987026589986,0.09981390983212744,first_green,1
2017-03-24 10:30:00,2017-03-24 10:45:00,long,1241.915,1242.785,1240.4842159586465,,11.343592662649387,9.868925616506308,0.6080582218243903,first_green,1
2017-03-24 15:45:00,2017-03-24 16:00:00,long,1244.485,1247.695,1242.9814073854386,,10.810709968881685,34.702379000110604,2.134886783104241,first_green,1
2017-03-27 07:45:00,2017-03-27 08:30:00,long,1256.405,1256.775,1255.0144824074932,,11.752213494411887,4.3483189929337875,0.26608796752661357,first_green,3
2017-03-27 11:45:00,2017-03-27 12:30:00,long,1257.565,1257.605,1256.2238081151922,,12.192536055122654,0.4877014422044626,0.029824218631993474,first_green,3
2017-03-30 13:00:00,2017-03-30 13:15:00,long,1249.715,1250.375,1248.534113188646,,13.84870210144199,9.140143386952847,0.5589019994586546,first_green,1
2017-03-30 15:45:00,2017-03-30 16:00:00,long,1247.075,1245.3149475829578,1245.5399475829577,,10.668430499580746,-18.776996886834763,-1.1465747993370947,stop_loss,1
2017-03-31 15:45:00,2017-03-31 16:00:00,long,1240.625,1242.255,1239.317824838453,,12.49232544541788,20.36249047603251,1.2469637183672773,first_green,1
2017-04-05 12:00:00,2017-04-05 12:15:00,long,1254.885,1253.6050201743235,1253.8300201743234,,15.526897633229932,-19.87411572587838,-1.2132742205336595,stop_loss,1
2017-04-05 12:30:00,2017-04-05 13:00:00,long,1252.725,1252.685,1251.4692010686767,,13.00437359974607,-0.5201749439893697,-0.031852232871242926,first_green,2
2017-04-05 15:30:00,2017-04-05 15:45:00,long,1248.715,1248.905,1247.0753529974033,,9.959203417484717,1.8922486493226398,0.11587860051533472,first_green,1
2017-04-06 07:15:00,2017-04-06 07:30:00,long,1253.2549999999999,1253.295,1251.6154811848842,,9.962867460108361,0.3985146984062373,0.024397402232537384,first_green,1
2017-04-06 09:45:00,2017-04-06 10:00:00,long,1253.165,1253.195,1251.8724635623887,,12.638177512648708,0.37914532537911644,0.023210177389981955,first_green,1
2017-04-06 13:00:00,2017-04-06 13:45:00,long,1253.685,1252.1637144444148,1252.3887144444147,,12.602356581869227,-19.171783034330584,-1.1735728667425704,stop_loss,3
2017-04-06 14:00:00,2017-04-06 14:15:00,long,1251.415,1251.425,1250.0054251678189,,11.555486785062632,0.11555486785052123,0.007094337790153075,first_green,1
2017-04-07 07:45:00,2017-04-07 08:00:00,long,1262.5449999999998,1264.615,1259.9908012254054,,6.377190528400267,13.200784393789597,0.8104302690102405,first_green,1
2017-04-07 14:15:00,2017-04-07 15:00:00,long,1263.7749999999999,1263.7450000000001,1262.0922508227695,,9.699374342196055,-0.2909812302634116,-0.017827968900940332,first_green,3
2017-04-10 14:15:00,2017-04-10 14:30:00,long,1251.595,1250.1250167973437,1250.3500167973436,,13.109322845545513,-19.27048438115032,-1.1807253298838354,stop_loss,1
2017-04-10 15:30:00,2017-04-10 15:45:00,long,1248.2649999999999,1248.795,1246.524166050113,,9.347652331234194,4.954255735555993,0.30445178302885606,first_green,1
2017-04-11 12:15:00,2017-04-11 12:30:00,long,1256.225,1256.4550000000002,1254.9074758810104,,12.36037802615739,2.842886946019235,0.17456985924223842,first_green,1
2017-04-12 08:45:00,2017-04-12 09:30:00,long,1274.655,1274.675,1273.1414506566273,,10.764236698322915,0.2152847339662625,0.013213972895931628,first_green,3
2017-04-12 12:30:00,2017-04-12 12:45:00,long,1273.245,1273.095,1271.803516326694,,11.30275833171594,-1.6954137497558492,-0.10405945122906783,first_green,1
2017-04-17 07:15:00,2017-04-17 07:30:00,long,1290.945,1291.315,1289.4079392426804,,10.597175802289593,3.9209550468484022,0.24071917667416118,first_green,1
2017-04-17 09:00:00,2017-04-17 09:15:00,long,1288.325,1286.489612658586,1286.714612658586,,10.120736193456109,-18.57547109525919,-1.1397179387925047,stop_loss,1
2017-04-17 09:30:00,2017-04-17 09:45:00,long,1287.595,1287.535,1286.0086200984747,,10.244624732302691,-0.6146774839376025,-0.03782196177741178,first_green,1
2017-04-18 14:15:00,2017-04-18 14:30:00,long,1284.975,1285.165,1283.5214811100623,,11.179992357018264,2.12419854783408,0.1307172554243213,first_green,1
2017-04-19 08:30:00,2017-04-19 09:00:00,long,1285.595,1284.0600497315331,1284.285049731533,,12.409357032826698,-19.04774590903896,-1.1717622458013022,stop_loss,2
2017-04-19 11:30:00,2017-04-19 11:45:00,long,1282.495,1282.7050000000002,1281.0036685696193,,10.868155047027608,2.2823125598786644,0.1408137693085932,first_green,1
2017-04-20 11:00:00,2017-04-20 11:15:00,long,1278.635,1279.2150000000001,1276.9518174281202,,9.632779749598708,5.58701225476874,0.34458531694063593,first_green,1
2017-04-20 13:15:00,2017-04-20 13:30:00,long,1277.835,1277.835,1276.0242193163845,,8.961711747176555,0.0,0.0,first_green,1
2017-04-21 15:30:00,2017-04-21 16:00:00,long,1282.635,1283.305,1281.0616700939215,,10.31423508904479,6.9105375096607595,0.42584838526971747,first_green,2
2017-04-24 08:30:00,2017-04-24 08:45:00,long,1274.585,1272.379564995197,1272.6045649951968,,8.202728606741855,-18.090584804208422,-1.1136114032796882,stop_loss,1
2017-04-24 09:00:00,2017-04-24 09:15:00,long,1272.325,1270.025874919328,1270.250874919328,,7.8103989757612755,-17.95708417522731,-1.108479475079201,stop_loss,1
2017-04-24 15:15:00,2017-04-24 15:30:00,long,1267.705,1269.9750000000001,1266.002299934944,,9.487784740709781,21.537271361413186,1.3331766683908477,first_green,1
2017-04-25 13:00:00,2017-04-25 13:30:00,short,1270.855,1270.825,1272.1879328644661,,12.160173483410578,0.36480520450198556,0.022506759942473947,first_green,2
2017-04-26 11:00:00,2017-04-26 12:00:00,short,1264.7350000000001,1266.3124655145086,1266.0874655145087,,11.985227506926902,-18.906283075715915,-1.1663628370455426,stop_loss,4
2017-04-26 14:15:00,2017-04-26 14:30:00,short,1265.365,1264.565,1266.729218770933,,11.847323554943367,9.477858843954156,0.5864162090753895,first_green,1
2017-04-28 12:00:00,2017-04-28 12:15:00,short,1266.825,1266.825,1267.9577961789585,,14.288568523387678,0.0,0.0,first_green,1
2017-04-28 15:15:00,2017-04-28 15:30:00,short,1267.9850000000001,1266.215,1269.161029780927,,13.763287366176824,24.361018638135857,1.5050639267018813,first_green,1
2017-05-01 15:45:00,2017-05-01 16:00:00,short,1264.585,1262.7949999999998,1265.7741339738486,,13.662832557118714,24.456470277245106,1.505297165303358,first_green,1
2017-05-03 15:15:00,2017-05-03 15:30:00,short,1254.2150000000001,1253.0349999999999,1255.2803533187237,,15.307672357849874,18.063053382267306,1.1076137646186235,first_green,1
2017-05-05 07:15:00,2017-05-05 07:30:00,short,1231.105,1232.978253268448,1232.7532532684481,,9.921556046553619,-18.58558729229683,-1.1365081473260197,stop_loss,1
2017-05-05 07:45:00,2017-05-05 08:00:00,short,1234.255,1233.395,1236.1578816447334,,8.56951521852436,7.369783087932041,0.4519461325303155,first_green,1
2017-05-05 11:00:00,2017-05-05 11:15:00,short,1233.435,1233.065,1235.4397910512719,,8.143091850372572,3.012943984636963,0.18455788685067576,first_green,1
2017-05-05 12:45:00,2017-05-05 13:00:00,short,1235.075,1234.5449999999998,1236.947108707317,,8.724242330286948,4.623848435053828,0.2831032182739874,first_green,1
2017-05-08 13:00:00,2017-05-08 13:15:00,short,1232.755,1234.6093813996238,1234.3843813996239,,10.030978416800146,-18.601259796140603,-1.1380892159759923,stop_loss,1
2017-05-08 13:30:00,2017-05-08 13:45:00,short,1234.875,1233.7549999999999,1236.7681911047778,,8.608632515619295,9.641668417494628,0.5915937367197739,first_green,1
2017-05-09 14:15:00,2017-05-09 14:30:00,short,1225.415,1224.7849999999999,1226.882278204911,,11.123923615361205,7.008071877678773,0.4293664268244887,first_green,1
2017-05-10 13:45:00,2017-05-10 14:15:00,short,1224.165,1223.985,1225.6335345963384,,11.126337026276605,2.0027406647304975,0.12257116750865775,first_green,2
2017-05-11 13:45:00,2017-05-11 14:00:00,short,1223.095,1223.185,1224.2499846601063,,14.151198946457964,-1.2736079051800584,-0.07792311284172174,first_green,1
2017-05-12 11:15:00,2017-05-12 11:45:00,short,1228.415,1229.748681164798,1229.523681164798,,14.739344551310948,-19.657586209551564,-1.2029438283466136,stop_loss,2
2017-05-15 07:45:00,2017-05-15 08:30:00,short,1230.4750000000001,1231.8025073753379,1231.577507375338,,14.777306786715824,-19.61698374699378,-1.2040802674276563,stop_loss,3
2017-05-15 12:30:00,2017-05-15 12:45:00,short,1231.135,1232.7523228617872,1232.5273228617873,,11.666149932901046,-18.86793099551825,-1.1616004492744445,stop_loss,1
2017-05-15 13:00:00,2017-05-15 13:15:00,short,1232.045,1232.155,1233.5077171614391,,11.07246011743915,-1.2179706129171988,-0.07520250865975969,first_green,1
2017-05-15 15:15:00,2017-05-15 15:30:00,short,1235.4850000000001,1235.0449999999998,1237.1372099246098,,9.80071131725039,4.312312979592934,0.26630998485511964,first_green,1
2017-05-16 09:15:00,2017-05-16 10:00:00,short,1234.835,1235.0049999999999,1236.023272669388,,13.636275331814437,-2.318166806406346,-0.1430648069078331,first_green,3
2017-05-17 08:15:00,2017-05-17 08:30:00,long,1241.685,1243.305,1240.2236825346513,,11.084393539472142,17.95671753394618,1.1085886800193696,first_green,1
2017-05-18 08:00:00,2017-05-18 09:00:00,long,1260.105,1258.1896835727512,1258.414683572751,,9.609271615669593,-18.404795779388106,-1.1331111715964952,stop_loss,4
2017-05-18 09:15:00,2017-05-18 09:45:00,long,1257.635,1255.6731597005294,1255.8981597005293,,9.325381085037378,-18.29490842054741,-1.1295455892337802,stop_loss,2
2017-05-18 10:00:00,2017-05-18 10:15:00,long,1255.915,1257.505,1254.1474806348624,,9.137642689479962,14.52885187627447,0.8995658160024751,first_green,1
2017-05-18 14:45:00,2017-05-18 15:00:00,long,1259.915,1261.045,1257.2453537073957,,6.0634558892306325,6.851705154831277,0.42327704727421983,first_green,1
2017-05-19 11:45:00,2017-05-19 12:00:00,long,1248.735,1250.695,1247.0634682201805,,9.694348616986765,19.000923289294413,1.1725771676395227,first_green,1
2017-05-23 11:15:00,2017-05-23 11:30:00,long,1259.385,1260.295,1258.0044893927816,,11.772393505117963,10.71287808965831,0.6591763911424333,first_green,1
2017-05-24 09:00:00,2017-05-24 09:30:00,long,1249.135,1249.315,1247.6427524496776,,10.908844378984856,1.9635919882179687,0.12062341798528839,first_green,2
2017-05-24 14:15:00,2017-05-24 14:45:00,long,1251.855,1252.2150000000001,1250.4166531469054,,11.321056006988405,4.075580162517268,0.25028733453658636,first_green,2
2017-05-25 15:30:00,2017-05-25 15:45:00,long,1256.745,1255.1336885453675,1255.3586885453674,,11.753343144729884,-18.93829643932862,-1.1623011908673537,stop_loss,1
2017-05-25 16:00:00,2017-05-25 16:15:00,long,1255.0349999999999,1255.9550000000002,1253.429838592689,,10.121379953861261,9.311669557555398,0.573151083629418,first_green,1
2017-05-30 07:15:00,2017-05-30 08:00:00,long,1267.7749999999999,1267.755,1266.5362118553128,,13.13358360292576,-0.2626716720552901,-0.016144810624424005,first_green,3
2017-06-01 07:15:00,2017-06-01 07:30:00,long,1268.625,1268.585,1267.3863086033089,,13.134079262066203,-0.5253631704821703,-0.0322921432301975,first_green,1
2017-06-01 08:15:00,2017-06-01 08:30:00,long,1267.225,1267.255,1265.8886884376068,,12.17362629738961,0.3652087889241241,0.02244985439359282,first_green,1
2017-06-01 09:30:00,2017-06-01 09:45:00,long,1266.325,1266.785,1265.0017257524105,,12.29425467098877,5.655357148655281,0.3476225739584689,first_green,1
2017-06-01 11:30:00,2017-06-01 11:45:00,long,1266.175,1266.4850000000001,1264.710424651135,,11.11776803079399,3.446508089548058,0.21166544981140353,first_green,1
2017-06-01 14:15:00,2017-06-01 14:30:00,long,1265.615,1266.125,1264.3014877211626,,12.402948586778674,6.325503779257011,0.38827196990606283,first_green,1
2017-06-01 15:30:00,2017-06-01 15:45:00,long,1262.565,1263.935,1260.7426715439506,,8.948572891915475,12.259544861923224,0.7517854399145072,first_green,1
2017-06-02 15:00:00,2017-06-02 15:30:00,long,1262.585,1271.165,1261.3824486328303,,13.5860207972472,116.56805844037999,7.134830356722066,first_green,2
2017-06-05 08:15:00,2017-06-05 10:00:00,long,1280.165,1281.2150000000001,1278.8421841131346,,12.57114326743748,13.19970043081164,0.7937612561400083,first_green,7
2017-06-06 12:00:00,2017-06-06 12:30:00,long,1288.665,1288.575,1287.430948522385,,13.502116875632428,-1.2151905188058132,-0.07293050705944926,first_green,2
2017-06-07 13:15:00,2017-06-07 13:30:00,long,1291.405,1289.934670407673,1290.1596704076728,,13.377397764936413,-19.669183802115903,-1.1806750609527,stop_loss,1
2017-06-07 13:45:00,2017-06-07 14:00:00,long,1288.835,1289.405,1287.2863484637587,,10.725522144132507,6.1135476221548455,0.36806214094060374,first_green,1
2017-06-08 11:45:00,2017-06-08 13:00:00,long,1285.085,1283.1835963850738,1283.4085963850737,,9.9172896470322,-18.856770385137864,-1.1342158881050808,stop_loss,5
2017-06-08 14:45:00,2017-06-08 15:45:00,long,1282.7749999999999,1283.035,1281.0562187653998,,9.645345175327586,2.507789745587278,0.1512699782649832,first_green,4
2017-06-09 10:15:00,2017-06-09 10:30:00,long,1272.185,1272.755,1270.2854266033905,,8.73064857223189,4.976469686173607,0.30006737355743585,first_green,1
2017-06-09 16:00:00,2017-06-09 16:15:00,long,1267.625,1265.213141888073,1265.438141888073,,7.589403650220516,-18.304564758472008,-1.102887333555283,stop_loss,1
2017-06-12 12:00:00,2017-06-12 12:15:00,short,1269.765,1269.5349999999999,1271.1471315131998,,11.975117683960235,2.7542770673137946,0.16640963454177984,first_green,1
2017-06-13 14:45:00,2017-06-13 15:30:00,short,1263.575,1261.425,1264.7429072347225,,14.177558564298803,30.481750913243715,1.8408996331897138,first_green,3
2017-06-14 12:00:00,2017-06-14 12:45:00,short,1268.055,1268.145,1269.174000135672,,14.865304359627526,-1.3378773923652605,-0.08042894467199728,first_green,3
2017-06-15 11:00:00,2017-06-15 11:15:00,short,1262.7050000000002,1261.745,1264.3053389792376,,10.392131365613498,9.976446110991699,0.5998729097117271,first_green,1
2017-06-16 09:30:00,2017-06-16 09:45:00,short,1254.265,1254.205,1255.5156253004527,,13.318036993971706,0.7990822196406038,0.04797600046829239,first_green,1
2017-06-19 12:45:00,2017-06-19 13:00:00,short,1251.505,1251.235,1252.6774324630533,,14.207958451777133,3.8361487819827977,0.23029045041715804,first_green,1
2017-06-19 15:15:00,2017-06-19 15:30:00,short,1252.305,1249.605,1253.567684915139,,13.20001680125901,35.64004536339993,2.13830066996815,first_green,1
2017-06-21 10:30:00,2017-06-21 10:45:00,short,1245.9650000000001,1245.585,1246.938560139116,,17.2116354549567,6.540421472885424,0.39032000667698363,first_green,1
2017-06-21 13:00:00,2017-06-21 13:15:00,short,1247.105,1246.835,1248.3120423985895,,13.895877461487894,3.7518869146014784,0.22368725432967435,first_green,1
2017-06-22 08:45:00,2017-06-22 09:15:00,short,1253.2150000000001,1252.995,1254.4129875414299,,14.008737485598294,3.0819222468351923,0.183641308771626,first_green,2
2017-06-22 15:15:00,2017-06-22 15:45:00,short,1251.9550000000002,1253.508099735443,1253.283099735443,,12.642121172415887,-19.634475048315647,-1.1694149874405833,stop_loss,2
2017-06-22 16:00:00,2017-06-22 16:15:00,short,1253.415,1252.395,1255.0435951599009,,10.279357331456854,10.484944478085804,0.6263066630150435,first_green,1
2017-06-23 11:15:00,2017-06-23 11:30:00,short,1257.335,1256.2949999999998,1258.7016624548382,,12.268665096300348,12.759411700154704,0.7609779549576582,first_green,1
2017-06-23 14:15:00,2017-06-23 14:30:00,short,1257.4850000000001,1257.345,1258.8362200648985,,12.432484481061593,1.740547827349867,0.10361006592262961,first_green,1
2017-06-27 09:15:00,2017-06-27 09:30:00,short,1247.085,1248.4626482962221,1248.2376482962222,,14.578058122316627,-20.083436934436325,-1.1952026483163567,stop_loss,1
2017-06-28 11:15:00,2017-06-28 11:30:00,short,1253.2150000000001,1252.855,1254.8610330550655,,10.17790330092444,3.6640451883340943,0.21870763706251076,first_green,1
2017-06-28 14:30:00,2017-06-28 14:45:00,short,1253.295,1252.685,1254.7366764258472,,11.626967797369103,7.0924503563966335,0.42311852303590036,first_green,1
2017-07-04 08:30:00,2017-07-04 08:45:00,short,1224.845,1224.665,1226.2754905450604,,11.730281309013503,2.1114506356231773,0.12583096100957997,first_green,1
2017-07-05 10:00:00,2017-07-05 10:15:00,short,1225.575,1225.195,1226.7529141495245,,14.250049663473309,5.415018872121412,0.322604155959521,first_green,1
2017-07-07 09:30:00,2017-07-07 11:00:00,short,1221.2150000000001,1221.175,1222.6415827417602,,11.775603465163027,0.4710241386087701,0.028039032598165797,first_green,6
2017-07-10 11:30:00,2017-07-10 11:45:00,short,1207.665,1207.7949999999998,1209.3485602020537,,9.978882974938461,-1.2972547867408202,-0.07721731592448991,first_green,1
2017-07-10 14:30:00,2017-07-10 14:45:00,short,1211.2350000000001,1213.1002172138024,1212.8752172138024,,10.240599207987325,-19.100941922387392,-1.137176953214824,stop_loss,1
2017-07-11 15:15:00,2017-07-11 15:30:00,short,1211.445,1211.2649999999999,1212.7272871578537,,13.06185953996425,2.3511347171943964,0.14037417352080986,first_green,1
2017-07-14 12:15:00,2017-07-14 13:45:00,short,1218.9850000000001,1220.3585003878009,1220.133500387801,,14.588530191671031,-20.037351875702846,-1.195907639553126,stop_loss,6
2017-07-14 14:15:00,2017-07-14 14:30:00,short,1221.155,1222.522797316163,1222.297797316163,,14.617499504614932,-19.993776591425963,-1.1968853066223015,stop_loss,1
2017-07-18 09:45:00,2017-07-18 10:00:00,long,1236.945,1235.5784860183212,1235.803486018321,,14.59014521829688,-19.93763743552584,-1.1971066527533907,stop_loss,1
2017-07-19 10:45:00,2017-07-19 11:00:00,long,1239.7649999999999,1238.3625558368692,1238.5875558368691,,14.102588630334505,-19.77809310964554,-1.1910918640945545,stop_loss,1
2017-07-19 11:15:00,2017-07-19 11:30:00,long,1237.845,1238.385,1236.319295594035,,10.851096300385292,5.859592002207663,0.35393487617180086,first_green,1
2017-07-20 10:45:00,2017-07-20 12:00:00,long,1237.815,1237.905,1236.5349558693852,,12.94503370527788,1.1650530334739495,0.0703100759164332,first_green,5
2017-07-20 13:15:00,2017-07-20 14:15:00,long,1237.325,1235.9454146407072,1236.1704146407071,,14.35418084444285,-19.80281773763498,-1.1948751542611806,stop_loss,4
2017-07-20 14:30:00,2017-07-20 14:45:00,long,1235.585,1237.2250000000001,1234.370022689936,,13.59994122229378,22.303903604563157,1.3498194463512716,first_green,1
2017-07-24 09:15:00,2017-07-24 10:00:00,long,1253.0149999999999,1253.385,1251.8598575236763,,14.352670862792845,5.31048821923505,0.3203068085399278,first_green,3
2017-07-25 10:30:00,2017-07-25 10:45:00,long,1255.0149999999999,1253.497370431436,1253.7223704314358,,12.83635806140841,-19.480836546667774,-1.1740637886303773,stop_loss,1
2017-07-25 11:00:00,2017-07-25 11:15:00,long,1254.135,1252.4863296066974,1252.7113296066973,,11.620634923162173,-19.158596749195816,-1.1580421992747514,stop_loss,1
2017-07-25 11:30:00,2017-07-25 11:45:00,long,1252.555,1252.825,1250.9118097118971,,10.039042659299865,2.710541518010781,0.16431450572392348,first_green,1
2017-07-26 08:45:00,2017-07-26 09:00:00,long,1245.235,1245.075,1243.9784968161557,,13.133937076799194,-2.10142993228596,-0.12733752055473913,first_green,1
2017-07-26 09:45:00,2017-07-26 10:00:00,long,1244.555,1244.765,1243.1712738850017,,11.922576295812945,2.5037410221211522,0.15176413722616364,first_green,1
2017-07-26 15:15:00,2017-07-26 15:30:00,long,1246.2849999999999,1246.865,1244.854500350023,,11.537115392792694,6.691526927821546,0.4054527381461137,first_green,1
2017-07-27 08:15:00,2017-07-27 08:30:00,long,1262.7949999999998,1263.685,1261.311637165617,,11.137240306633737,9.91214387290514,0.5999880672285821,first_green,1
2017-07-27 10:30:00,2017-07-27 10:45:00,long,1261.695,1261.765,1260.1059128726508,,10.411857489359056,0.7288300242568384,0.044050448081432075,first_green,1
2017-07-27 13:00:00,2017-07-27 13:15:00,long,1261.735,1262.515,1260.2386736800872,,11.058530858536407,8.62565406966061,0.5212766691464225,first_green,1
2017-07-27 15:00:00,2017-07-27 15:15:00,long,1261.635,1263.185,1260.1092180536616,,10.859176147765252,16.831723029035647,1.0158725522475147,first_green,1
2017-07-31 10:15:00,2017-07-31 11:45:00,long,1266.7649999999999,1266.7450000000001,1265.3432017067196,,11.682961151695935,-0.23365922303104977,-0.014066692929847037,first_green,6
2017-08-01 12:15:00,2017-08-01 13:15:00,long,1267.645,1266.0245712985868,1266.2495712985867,,11.903316924082956,-19.288476385801214,-1.1612407712210828,stop_loss,4
2017-08-01 13:30:00,2017-08-01 13:45:00,long,1265.565,1266.565,1264.0883509961739,,11.215941529777714,11.215941529777714,0.6772090032288414,first_green,1
2017-08-02 07:15:00,2017-08-02 07:45:00,long,1265.675,1264.1743697720424,1264.3993697720423,,13.005374423672079,-19.51625798606861,-1.1763834025477302,stop_loss,2
2017-08-02 15:45:00,2017-08-02 16:00:00,long,1265.475,1266.265,1263.7277898229204,,9.467240010831011,7.479119608558307,0.45214938097526575,first_green,1
2017-08-03 14:00:00,2017-08-03 14:15:00,long,1262.195,1263.765,1260.8176255788755,,12.022842620586397,18.87586291432261,1.1398498301707474,first_green,1
2017-08-04 15:00:00,2017-08-04 15:30:00,long,1268.0049999999999,1266.7007949218503,1266.9257949218502,,15.388313016983409,-20.069515980905464,-1.2084867876879086,stop_loss,2
2017-08-04 15:45:00,2017-08-04 16:00:00,long,1264.105,1261.9663981207382,1262.191398120738,,8.652255174686223,-18.50372917643695,-1.1175793159686331,stop_loss,1
2017-08-07 12:45:00,2017-08-07 13:00:00,long,1256.7649999999999,1256.925,1255.7357975291548,,16.042239410516196,2.5667583056839045,0.15546017866503878,first_green,1
2017-08-07 14:00:00,2017-08-07 14:15:00,long,1256.225,1257.345,1255.183128768877,,15.853330854671615,17.755730557234084,1.0749888916626864,first_green,1
2017-08-08 11:15:00,2017-08-08 11:30:00,short,1260.845,1260.695,1261.822463673584,,16.943359747196105,2.5415039620809567,0.15345838833078723,first_green,1
2017-08-08 13:30:00,2017-08-08 13:45:00,short,1262.405,1263.6569123246886,1263.4319123246887,,16.133677649916752,-20.19794989248454,-1.2191034176828168,stop_loss,1
2017-08-08 14:00:00,2017-08-08 14:30:00,short,1263.765,1265.2232815452674,1264.9982815452674,,13.393030658658692,-19.530809444720518,-1.1824400931509393,stop_loss,2
2017-08-09 08:00:00,2017-08-09 08:15:00,long,1264.7549999999999,1264.815,1263.3662315750958,,11.858384902471128,0.7115030941503169,0.04320374723691951,first_green,1
2017-08-09 13:15:00,2017-08-09 13:30:00,long,1267.355,1267.2050000000002,1265.8752589435862,,11.1305482869845,-1.6695822430461564,-0.10136908707756935,first_green,1
2017-08-11 07:30:00,2017-08-11 07:45:00,long,1285.635,1285.645,1284.1997825329988,,11.472934035177893,0.11472934035167458,0.006967585212633687,first_green,1
2017-08-11 09:15:00,2017-08-11 09:30:00,long,1284.665,1284.545,1283.2482478085842,,11.622669262953838,-1.394720311553192,-0.0847007689326215,first_green,1
2017-08-11 13:15:00,2017-08-11 13:30:00,long,1287.125,1287.2150000000001,1285.6609180535738,,11.244558672277565,1.0120102805066171,0.06147196898359102,first_green,1
2017-08-14 07:15:00,2017-08-14 08:00:00,long,1286.875,1286.785,1285.3962460372093,,11.1347024505948,-1.0021232205526205,-0.06086205160868571,first_green,3
2017-08-14 10:45:00,2017-08-14 11:30:00,long,1282.965,1280.9923662817016,1281.2173662817015,,9.420154745749974,-18.582514883054255,-1.1287455132297297,stop_loss,3
2017-08-14 11:45:00,2017-08-14 12:00:00,long,1281.415,1281.615,1279.5547445952645,,8.824876270357384,1.7649752540718782,0.10751211876118182,first_green,1
2017-08-14 13:00:00,2017-08-14 14:00:00,long,1281.0449999999998,1279.1054523691942,1279.330452369194,,9.577416177392283,-18.575854856101305,-1.131229950079699,stop_loss,4
2017-08-14 14:15:00,2017-08-14 14:30:00,long,1279.435,1280.2450000000001,1277.7565326510442,,9.75562413486063,7.9020555492387965,0.4825831139962837,first_green,1
2017-08-15 15:15:00,2017-08-15 15:30:00,long,1273.175,1271.4224021766051,1271.647402176605,,10.732047052468,-18.80896230472608,-1.1472900763238023,stop_loss,1
2017-08-15 15:45:00,2017-08-15 16:15:00,long,1268.435,1268.4850000000001,1266.4532447339095,,8.248863818795064,0.41244319094125365,0.02523015876668815,first_green,2
2017-08-17 09:15:00,2017-08-17 09:30:00,long,1286.895,1287.525,1285.5383216891391,,12.050211379707212,7.591633169216859,0.46436947871626233,first_green,1
2017-08-17 11:30:00,2017-08-17 11:45:00,long,1286.895,1286.895,1285.2328954762677,,9.847298571997928,0.0,0.0,first_green,1
2017-08-17 12:45:00,2017-08-17 13:15:00,long,1285.7849999999999,1283.9233267668787,1284.1483267668787,,10.000309879723128,-18.61730922599713,-1.1374739901934028,stop_loss,2
2017-08-17 13:30:00,2017-08-17 13:45:00,long,1284.2749999999999,1285.195,1282.6603075462217,,10.107619065046801,9.299009539843793,0.5697679442592287,first_green,1
2017-08-22 09:45:00,2017-08-22 10:00:00,long,1285.945,1284.3663656498265,1284.5913656498265,,12.074120128342152,-19.06062078272084,-1.1662191861273863,stop_loss,1
2017-08-22 10:15:00,2017-08-22 10:30:00,long,1284.5149999999999,1285.375,1283.032070381738,,10.989255323519613,9.450759578228267,0.5799331198254573,first_green,1
2017-08-23 10:30:00,2017-08-23 10:45:00,long,1285.5249999999999,1285.7250000000001,1284.182598333006,,12.157254793476874,2.431450958698692,0.148986704142086,first_green,1
2017-08-24 09:45:00,2017-08-24 10:00:00,long,1288.325,1286.8962501204007,1287.1212501204006,,13.562616291736333,-19.377586393869908,-1.1869159065459574,stop_loss,1
2017-08-24 10:15:00,2017-08-24 10:30:00,long,1286.665,1286.7450000000001,1285.3012819915698,,11.936158107190757,0.954892648577106,0.05866315433661087,first_green,1
2017-08-24 11:45:00,2017-08-24 12:00:00,long,1285.135,1285.925,1283.6302379248134,,10.81894690351531,8.5469680537767,0.524999940540104,first_green,1
2017-08-24 14:30:00,2017-08-24 14:45:00,long,1286.065,1287.2250000000001,1284.7725886437142,,12.613095927019007,14.631191275343081,0.8975470498291978,first_green,1
2017-08-25 14:30:00,2017-08-25 14:45:00,long,1287.395,1287.2450000000001,1286.304688056309,,14.984598203045122,-2.247689730454724,-0.13757530665222295,first_green,1
2017-08-25 15:15:00,2017-08-25 15:30:00,long,1285.7649999999999,1285.9750000000001,1284.5407105173872,,13.34020049981176,2.801442104963988,0.1715280601382906,first_green,1
2017-08-28 07:30:00,2017-08-28 07:45:00,long,1294.0449999999998,1293.925,1292.9544421096841,,14.982488245897706,-1.7978985895060895,-0.1100354241306257,first_green,1
2017-08-28 11:00:00,2017-08-28 11:30:00,long,1296.475,1296.775,1295.0522335813012,,11.480996326573486,3.444298897974134,0.21085681813783452,first_green,2
2017-08-29 12:45:00,2017-08-29 13:00:00,long,1320.405,1320.915,1317.951568459717,,6.661439907963574,3.3973343530613622,0.2078721136605143,first_green,1
2017-08-30 09:30:00,2017-08-30 09:45:00,long,1308.2949999999998,1306.341976592277,1306.566976592277,,9.462765398141942,-18.481002324361206,-1.1302065695373855,stop_loss,1
2017-08-30 15:00:00,2017-08-30 15:15:00,long,1309.885,1307.8578139755598,1308.0828139755597,,9.047721701777894,-18.34141498686843,-1.1248483768870576,stop_loss,1
2017-08-31 12:45:00,2017-08-31 13:00:00,long,1306.0449999999998,1306.135,1304.3730971853552,,9.725340446871398,0.875280640219841,0.053830880127606354,first_green,1
2017-08-31 15:15:00,2017-08-31 15:30:00,long,1305.695,1308.645,1304.047546849293,,9.871001346001425,29.11945397070465,1.7906427255513444,first_green,1
2017-09-04 12:30:00,2017-09-04 14:15:00,long,1335.2849999999999,1335.335,1333.0143212331266,,7.19380087634426,0.35969004381852154,0.022019847426076742,first_green,7
2017-09-05 10:30:00,2017-09-05 10:45:00,long,1334.575,1332.8254487345569,1333.0504487345568,,10.715094007277703,-18.74660627977542,-1.1475844106393418,stop_loss,1
2017-09-05 11:00:00,2017-09-05 11:15:00,long,1331.855,1329.862172633368,1330.0871726333678,,9.21404652959433,-18.362004081597362,-1.1272748709782354,stop_loss,1
2017-09-05 11:30:00,2017-09-05 11:45:00,long,1330.715,1331.345,1328.8297049746895,,8.61559511067052,5.427824919723368,0.3341652057329299,first_green,1
2017-09-08 09:30:00,2017-09-08 09:45:00,long,1353.615,1354.765,1351.4362943258418,,7.46154396041395,8.580775554476721,0.5278363266963165,first_green,1
2017-09-08 15:15:00,2017-09-08 15:30:00,long,1352.7749999999999,1350.5309614726102,1350.7559614726101,,8.06223352481813,-18.091962646504328,-1.1114391810496032,stop_loss,1
2017-09-08 15:45:00,2017-09-08 16:00:00,long,1350.345,1348.0037882085262,1348.228788208526,,7.6706548286921805,-17.95862753325976,-1.1063220613864924,stop_loss,1
2017-09-11 14:45:00,2017-09-11 15:15:00,long,1335.485,1333.6823535772987,1333.9073535772986,,10.26074879329082,-18.496502106461072,-1.1426175071691043,stop_loss,2
2017-09-11 15:45:00,2017-09-11 16:15:00,long,1333.305,1333.425,1331.314751158924,,8.110338787575348,0.9732406545081566,0.0602939680321661,first_green,2
2017-09-12 14:00:00,2017-09-12 14:30:00,long,1323.815,1324.635,1322.1269723183502,,9.56383929590716,7.842348222643262,0.48577402427340094,first_green,2
2017-09-13 15:30:00,2017-09-13 15:45:00,long,1332.695,1330.9893175229552,1331.214317522955,,10.916338644837309,-18.6198075399857,-1.1519569546395674,stop_loss,1
2017-09-14 10:45:00,2017-09-14 11:00:00,short,1323.7150000000001,1323.645,1325.1502512362472,,11.229449882371814,0.7860614917678653,0.04877194893292888,first_green,1
2017-09-14 13:30:00,2017-09-14 13:45:00,short,1325.875,1325.365,1327.4216239058564,,10.422085756428135,5.315263735778254,0.3297504959472201,first_green,1
2017-09-15 09:00:00,2017-09-15 09:15:00,short,1330.535,1330.425,1331.9894704717158,,11.091552185371958,1.2200707403923277,0.07562889872241355,first_green,1
2017-09-19 09:15:00,2017-09-19 09:30:00,short,1308.265,1307.925,1309.7769763837493,,10.671717818738225,3.6283840583725495,0.22487123717967647,first_green,1
2017-09-19 11:00:00,2017-09-19 11:15:00,short,1309.155,1308.935,1310.7325244868464,,10.234044802935546,2.2514898566460992,0.13945900798016975,first_green,1
2017-09-20 12:00:00,2017-09-20 12:30:00,short,1313.9850000000001,1315.476932885502,1315.2519328855021,,12.747387952090708,-19.018247289974976,-1.1775942534720427,stop_loss,2
2017-09-20 12:45:00,2017-09-20 13:00:00,short,1315.445,1315.305,1316.7368281885742,,12.464923373674042,1.7450892723127787,0.10837354474698438,first_green,1
2017-09-25 07:15:00,2017-09-25 07:30:00,short,1293.895,1293.815,1295.43490688635,,10.459659768058103,0.8367727814438872,0.05195119309424277,first_green,1
2017-09-25 12:00:00,2017-09-25 12:15:00,short,1292.905,1294.6285804912575,1294.4035804912576,,10.749502033185165,-18.527631995130864,-1.1501420853350963,stop_loss,1
2017-09-25 12:45:00,2017-09-25 13:15:00,short,1295.555,1295.175,1297.2735937825412,,9.346405835314387,3.5516342174204873,0.22111100590521135,first_green,2
2017-09-27 13:30:00,2017-09-27 13:45:00,short,1290.685,1290.085,1292.7869298504138,,7.6460943927584175,4.587656635654355,0.2854519621012917,first_green,1
2017-09-28 12:45:00,2017-09-28 13:00:00,short,1284.2150000000001,1283.695,1286.3708507532615,,7.460174671405161,3.8792908291322443,0.24120408113296288,first_green,1
2017-09-29 09:45:00,2017-09-29 10:00:00,short,1286.795,1286.5449999999998,1288.2499036766278,,11.06102188784315,2.7652554719633025,0.17183268144575206,first_green,1
2017-09-29 10:45:00,2017-09-29 11:00:00,short,1288.595,1288.575,1290.1493705463392,,10.35765544353625,0.20715310887053662,0.012866944788091191,first_green,1
2017-09-29 14:00:00,2017-09-29 14:15:00,short,1288.9850000000001,1287.995,1290.506973722295,,10.578469389772744,10.472684695877518,0.6504711517012778,first_green,1
2017-10-02 15:45:00,2017-10-02 16:00:00,short,1274.185,1276.165799829851,1275.9407998298511,,9.18460855896168,-18.192871070840194,-1.1281467261669453,stop_loss,1
2017-10-03 09:45:00,2017-10-03 10:00:00,short,1271.2250000000001,1270.305,1272.6422594066892,,11.346442219046768,10.438726841523852,0.649140161397382,first_green,1
2017-10-03 11:45:00,2017-10-03 12:00:00,short,1270.795,1269.895,1272.3325943634507,,10.47542132526753,9.42787919274173,0.5853299292671463,first_green,1
2017-10-04 09:15:00,2017-10-04 09:30:00,short,1276.9750000000001,1276.335,1278.0732496494268,,14.687478835895384,9.399986454974515,0.5827454625951635,first_green,1
2017-10-04 13:00:00,2017-10-04 13:15:00,short,1276.315,1277.7256724775891,1277.5006724775892,,13.624351373548713,-19.21949750766787,-1.189765727258345,stop_loss,1
2017-10-04 13:45:00,2017-10-04 14:00:00,short,1278.275,1279.8806860179532,1279.6556860179533,,11.665193603342333,-18.730638265602444,-1.1629624672620833,stop_loss,1
2017-10-05 10:30:00,2017-10-05 10:45:00,short,1275.505,1275.425,1276.7203464706756,,13.213633722292782,1.0570906977854655,0.06582485071577085,first_green,1
2017-10-05 11:30:00,2017-10-05 11:45:00,short,1276.505,1278.0586884513996,1277.8336884513997,,12.088451449256938,-18.78168741201365,-1.1693399229615553,stop_loss,1
2017-10-05 12:00:00,2017-10-05 12:15:00,short,1278.2050000000002,1278.345,1279.61361402187,,11.369212125364788,-1.5916896975496226,-0.09938847535681075,first_green,1
2017-10-06 13:30:00,2017-10-06 14:00:00,short,1269.145,1269.195,1270.3305539592434,,13.504954598081543,-0.675247729903463,-0.04217437731123041,first_green,2
2017-10-09 08:45:00,2017-10-09 09:00:00,short,1283.7350000000001,1285.4816403673376,1285.2566403673377,,10.52099077907922,-18.376387199125137,-1.1478667396249445,stop_loss,1
2017-10-09 11:45:00,2017-10-09 12:00:00,short,1282.9750000000001,1282.0249999999999,1284.7602627190065,,8.941666196177659,8.494582886371216,0.5321345647821619,first_green,1
2017-10-10 07:30:00,2017-10-10 07:45:00,short,1287.185,1287.315,1288.5916765255163,,11.363280379747692,-1.4772264493684402,-0.09241641389614547,first_green,1
2017-10-10 13:00:00,2017-10-10 13:15:00,short,1289.755,1291.4171292863089,1291.192129286309,,11.119922785773378,-18.482749323725965,-1.156562114587341,stop_loss,1
2017-10-10 15:45:00,2017-10-10 16:15:00,long,1289.585,1290.305,1287.9064801058973,,9.493220711653818,6.835118912391008,0.42894933955187164,first_green,2
2017-10-11 10:15:00,2017-10-11 10:30:00,long,1287.745,1288.665,1286.4408456038043,,12.231410381648685,11.25289755111768,0.7054379471355855,first_green,1
2017-10-12 12:15:00,2017-10-12 12:30:00,long,1295.5449999999998,1294.0252938723404,1294.2502938723403,,12.342399192675748,-18.75681968312834,-1.1737846104170722,stop_loss,1
2017-10-12 15:30:00,2017-10-12 15:45:00,long,1294.185,1292.6369458031118,1292.8619458031117,,12.042505781730274,-18.64245161645782,-1.1700610606346222,stop_loss,1
2017-10-12 16:00:00,2017-10-12 16:15:00,long,1292.2549999999999,1292.685,1290.60558082003,,9.631439890748435,4.141519153022441,0.2606978294067669,first_green,1
2017-10-13 12:15:00,2017-10-13 12:30:00,long,1293.5349999999999,1293.815,1292.0218885902382,,10.505925328337067,2.941659091936481,0.18504916306480138,first_green,1
2017-10-13 14:15:00,2017-10-13 14:30:00,long,1293.125,1291.586851089589,1291.8118510895888,,12.11133749268441,-18.629040567993744,-1.1713438576661137,stop_loss,1
2017-10-13 14:45:00,2017-10-13 15:00:00,long,1292.155,1292.9950000000001,1290.784504255819,,11.570570064190532,9.71927885392173,0.6129168978208993,first_green,1
2017-10-16 12:00:00,2017-10-16 12:15:00,long,1303.735,1304.4950000000001,1302.324141485288,,11.256773845319891,8.555148122445575,0.5386791035920544,first_green,1
2017-10-17 09:30:00,2017-10-17 10:00:00,long,1289.635,1289.9750000000001,1288.3375788240987,,12.257471508521185,4.1675403128989865,0.26205830944909775,first_green,2
2017-10-17 14:30:00,2017-10-17 14:45:00,long,1287.745,1289.045,1286.1478267971106,,9.963554309674452,12.9526206025786,0.813938023533382,first_green,1
2017-10-17 15:45:00,2017-10-17 16:00:00,long,1286.575,1284.4733461596725,1284.6983461596724,,8.496987114931295,-17.85772560130925,-1.1198942474977827,stop_loss,1
2017-10-18 08:15:00,2017-10-18 08:30:00,long,1285.495,1283.9184098302053,1284.1434098302052,,11.764852646762478,-18.548351031967695,-1.1664705803787305,stop_loss,1
2017-10-18 08:45:00,2017-10-18 09:45:00,long,1284.495,1282.8305421495138,1283.0555421495137,,11.014485977142217,-18.333147653723287,-1.1563088491433877,stop_loss,4
2017-10-18 10:00:00,2017-10-18 10:15:00,long,1283.105,1283.395,1281.6377948665724,,10.774945561157566,3.124734212735302,0.19765470648435396,first_green,1
2017-10-18 11:45:00,2017-10-18 12:45:00,long,1281.155,1279.2798165536044,1279.5048165536043,,9.584914519541524,-17.97347304216079,-1.1363484771898273,stop_loss,4
2017-10-19 07:15:00,2017-10-19 07:30:00,short,1278.515,1278.475,1279.8026408996113,,12.248705052333541,0.4899482020956811,0.031064561565470515,first_green,1
2017-10-19 09:15:00,2017-10-19 09:45:00,short,1278.845,1280.4949730295425,1280.2699730295426,,11.069092632741256,-18.263704305530432,-1.1578977253149387,stop_loss,2
2017-10-19 10:00:00,2017-10-19 10:30:00,short,1280.9950000000001,1282.9141584350964,1282.6891584350965,,9.283369770257762,-17.816257400707986,-1.132809302447035,stop_loss,2
2017-10-19 10:45:00,2017-10-19 11:00:00,short,1282.925,1285.0102664292663,1284.7852664292664,,8.430490553486816,-17.57981893343283,-1.1209504168113371,stop_loss,1
2017-10-19 13:15:00,2017-10-19 15:15:00,short,1285.4850000000001,1287.8041588476615,1287.5791588476616,,7.467919173862863,-17.319290825683943,-1.1074417063687252,stop_loss,8
2017-10-20 14:00:00,2017-10-20 14:30:00,short,1281.755,1283.6540000419307,1283.4290000419307,,9.316433927035384,-17.691908418083383,-1.1344085987837937,stop_loss,2
2017-10-20 14:45:00,2017-10-20 15:00:00,short,1283.7250000000001,1283.615,1285.4935251793447,,8.793474469625302,0.9672821916599029,0.06219871861869318,first_green,1
2017-10-24 13:00:00,2017-10-24 13:15:00,short,1279.095,1278.395,1280.563481091636,,10.591828051123727,7.414279635787091,0.4766830189282053,first_green,1
2017-10-25 14:00:00,2017-10-25 14:15:00,short,1272.905,1272.955,1274.2918982593412,,11.228246061409921,-0.5614123030699855,-0.036051671175723825,first_green,1
2017-10-26 08:30:00,2017-10-26 08:45:00,short,1281.515,1281.405,1282.7234689464478,,12.884924708274577,1.4173417179118442,0.09102426696479822,first_green,1
2017-10-26 13:15:00,2017-10-26 13:30:00,short,1278.425,1278.2549999999999,1279.8066012460881,,11.272843583240293,1.91638340915167,0.12304563308798885,first_green,1
2017-10-26 16:00:00,2017-10-26 16:15:00,short,1277.645,1275.605,1279.771548672249,,7.3261270261016245,14.945299133247048,0.9593008740507216,first_green,1
2017-10-27 11:00:00,2017-10-27 11:30:00,short,1267.135,1268.8430711430972,1268.6180711430973,,10.529993129866632,-17.985977402136815,-1.1517122095235528,stop_loss,2
2017-10-30 15:30:00,2017-10-30 16:00:00,short,1272.925,1272.845,1274.693259354135,,8.80626700376131,0.704501360300264,0.04524223203618007,first_green,2
2017-11-01 08:00:00,2017-11-01 08:15:00,short,1272.005,1273.340352126552,1273.1153521265521,,14.02575352935448,-18.72931980191667,-1.202638419488242,stop_loss,1
2017-11-01 08:45:00,2017-11-01 09:00:00,short,1275.295,1274.905,1276.8301033608,,10.114434216480326,3.944629344428339,0.2540545542137848,first_green,1
2017-11-01 11:15:00,2017-11-01 11:30:00,short,1275.7150000000001,1277.3681029004072,1277.1431029004073,,10.87916250799605,-17.984375095967586,-1.1575516721769614,stop_loss,1
2017-11-02 15:00:00,2017-11-02 15:30:00,short,1276.115,1278.0068431554826,1277.7818431554826,,9.293977386518959,-17.582747505895465,-1.1349857059194988,stop_loss,2
2017-11-02 15:45:00,2017-11-02 16:00:00,short,1277.095,1279.022406855902,1278.7974068559022,,9.074003474321453,-17.489296506886312,-1.1321658211254533,stop_loss,1
2017-11-03 14:30:00,2017-11-03 14:45:00,short,1275.535,1276.9960870519544,1276.7710870519545,,12.461842763858595,-18.20783710576464,-1.182026014789292,stop_loss,1
2017-11-06 10:15:00,2017-11-06 10:45:00,short,1269.4950000000001,1271.1048710842074,1270.8798710842075,,11.090131829796738,-17.853682552836435,-1.1624699963525407,stop_loss,2
2017-11-06 11:00:00,2017-11-06 11:15:00,short,1270.655,1270.2649999999999,1272.077564421284,,10.764903476869192,4.198312355980062,0.27415278645031343,first_green,1
2017-11-06 12:30:00,2017-11-06 13:00:00,short,1271.255,1271.415,1272.605107263148,,11.350405174408557,-1.8160648279037175,-0.11850910247441677,first_green,2
2017-11-07 10:30:00,2017-11-07 10:45:00,long,1277.955,1276.5836194141662,1276.808619414166,,13.363558745569511,-18.326525021323203,-1.1962698974322266,stop_loss,1
2017-11-07 14:15:00,2017-11-07 14:30:00,long,1275.965,1276.535,1274.7598293994224,,12.673648016055902,7.2239793691539385,0.47296208497537745,first_green,1
2017-11-08 08:15:00,2017-11-08 08:30:00,long,1276.805,1276.655,1275.7031164175428,,13.878025031772156,-2.0817037547670854,-0.13613053355925372,first_green,1
2017-11-10 10:15:00,2017-11-10 10:30:00,long,1283.5349999999999,1283.675,1282.2434326260304,,11.835823657477878,1.657015312048087,0.10839542932230639,first_green,1
2017-11-10 13:30:00,2017-11-10 13:45:00,long,1283.575,1283.545,1282.2854796579315,,11.857824742652882,-0.35573474227926294,-0.023264464329310376,first_green,1
2017-11-13 15:00:00,2017-11-13 15:15:00,long,1278.0049999999999,1276.682324956244,1276.9073249562439,,13.929456598702785,-18.424144616185224,-1.20497869681906,stop_loss,1
2017-11-14 12:15:00,2017-11-14 12:30:00,short,1273.395,1272.915,1274.7267431489734,,11.446619065913199,5.494377151638544,0.3604298624476086,first_green,1
2017-11-16 15:00:00,2017-11-16 15:15:00,long,1277.195,1278.065,1275.9347139373774,,12.106531140293098,10.532682092056428,0.6903194646061048,first_green,1
2017-11-17 08:00:00,2017-11-17 08:15:00,long,1281.955,1281.945,1280.7784184069424,,12.990194864708704,-0.12990194864696888,-0.008499198065817157,first_green,1
2017-11-17 09:30:00,2017-11-17 09:45:00,long,1281.475,1281.7050000000002,1280.2489364460698,,12.465666534319805,2.8671033028966164,0.18759223309671946,first_green,1
2017-11-17 14:45:00,2017-11-17 15:15:00,long,1282.195,1282.875,1280.9047190289639,,11.85080421604194,8.058546866909273,0.5270169949526927,first_green,2
2017-11-20 16:00:00,2017-11-20 16:15:00,long,1289.5049999999999,1287.6778913500418,1287.9028913500417,,9.556788510566962,-17.461290953476734,-1.1404399133640444,stop_loss,1
2017-11-21 13:30:00,2017-11-21 14:00:00,long,1278.2749999999999,1278.165,1277.010796652212,,12.07666499059087,-1.3284331489637875,-0.08701131838670492,first_green,2
2017-11-21 16:00:00,2017-11-21 16:15:00,long,1276.685,1281.045,1275.0989524576082,,9.62394809762518,41.96041370564701,2.7489718204949534,first_green,1
2017-11-22 11:45:00,2017-11-22 12:30:00,long,1283.425,1283.7350000000001,1281.909001495098,,10.137833390278862,3.1427283509881994,0.2044856897930899,first_green,3
2017-11-23 10:15:00,2017-11-23 10:30:00,long,1289.2749999999999,1289.295,1288.0923970421163,,13.002501795703873,0.2600500359167974,0.016911846758782278,first_green,1
2017-11-23 11:45:00,2017-11-23 12:00:00,long,1288.2749999999999,1288.635,1286.8983681868922,,11.170341308516967,4.021322871067531,0.26150783134049843,first_green,1
2017-11-24 09:30:00,2017-11-24 09:45:00,long,1289.945,1290.865,1288.9713988245596,,15.804726723747054,14.54034858584844,0.9449454491301387,first_green,1
2017-11-24 11:30:00,2017-11-24 11:45:00,long,1290.165,1288.8913304769803,1289.1163304769802,,14.708019112449668,-18.73315568751744,-1.2145575846926533,stop_loss,1
2017-11-24 13:15:00,2017-11-24 13:30:00,long,1287.425,1285.8353010172912,1286.060301017291,,11.267699831852939,-17.912250960164695,-1.1648715232082103,stop_loss,1
2017-11-29 15:15:00,2017-11-29 15:30:00,long,1291.065,1289.3297229400364,1289.5547229400363,,10.151937202149087,-17.616423741081014,-1.1489792872873992,stop_loss,1
2017-11-29 15:45:00,2017-11-29 16:30:00,long,1287.905,1285.5905774329906,1285.8155774329905,,7.316948257684028,-16.934510169223934,-1.1076852540756963,stop_loss,3
2017-11-30 08:15:00,2017-11-30 08:30:00,long,1282.635,1283.2350000000001,1281.5452752253655,,13.990560635767615,8.394336381462477,0.5505977417108479,first_green,1
2017-11-30 10:15:00,2017-11-30 10:45:00,long,1282.095,1280.7621741480518,1280.9871741480517,,13.780908208566409,-18.367550723702475,-1.2031005140421756,stop_loss,2
2017-11-30 11:00:00,2017-11-30 11:30:00,long,1280.325,1280.795,1279.1719758029408,,13.200874308438,6.20441092496622,0.4076237091977252,first_green,2
2017-12-01 10:45:00,2017-12-01 11:45:00,short,1276.9850000000001,1276.735,1278.126445288821,,13.348373922518949,3.337093480632772,0.219020571943897,first_green,4
2017-12-04 11:00:00,2017-12-04 11:15:00,short,1274.875,1273.7649999999999,1276.403455233448,,9.973979562744471,11.071117314647633,0.7262234285370905,first_green,1
2017-12-04 15:15:00,2017-12-04 15:30:00,short,1274.585,1274.625,1276.174330930097,,9.609363767516355,-0.3843745507003046,-0.025167823291226778,first_green,1
2017-12-05 13:15:00,2017-12-05 13:30:00,short,1276.2150000000001,1275.895,1277.2210208951856,,15.18010032493019,4.857632103980146,0.31808484449140734,first_green,1
2017-12-06 08:00:00,2017-12-06 09:15:00,short,1267.315,1268.695635193504,1268.470635193504,,13.225317370103731,-18.259338606422983,-1.1946981203624463,stop_loss,5
2017-12-06 09:30:00,2017-12-06 09:45:00,short,1268.2150000000001,1268.185,1269.3929963695934,,12.935518516831797,0.3880655555075422,0.025466971524332846,first_green,1
2017-12-06 12:15:00,2017-12-06 12:45:00,short,1268.075,1268.085,1269.186518281179,,13.710043526554811,-0.13710043526542343,-0.008996703130590936,first_green,2
2017-12-08 14:15:00,2017-12-08 14:30:00,short,1246.9850000000001,1248.2557039269714,1248.0307039269715,,14.572596383539473,-18.517455450730452,-1.2151660658400476,stop_loss,1
2017-12-11 11:45:00,2017-12-11 12:00:00,short,1250.685,1250.375,1251.7462807939003,,14.315087687562029,4.437677183143448,0.2920998870248669,first_green,1
2017-12-13 15:45:00,2017-12-13 16:00:00,short,1245.365,1244.705,1247.0567686755141,,8.986702519566396,5.931223662914557,0.39012425844774745,first_green,1
2017-12-15 13:00:00,2017-12-15 13:15:00,short,1258.015,1257.605,1259.0807438743163,,14.279462678298234,5.854579698103445,0.3847078175918483,first_green,1
2017-12-15 15:15:00,2017-12-15 15:30:00,short,1259.585,1261.0883087765694,1260.8633087765695,,11.916437253954099,-17.91408470930756,-1.176013811470284,stop_loss,1
2017-12-15 15:45:00,2017-12-15 16:00:00,short,1260.815,1259.415,1262.2266284859197,,10.759276443405565,15.06298702076877,0.991762360964261,first_green,1
2017-12-19 11:30:00,2017-12-19 11:45:00,long,1263.055,1263.315,1262.1474650983305,,16.777050177284675,4.362033046093863,0.28649035923761484,first_green,1
2017-12-19 15:15:00,2017-12-19 15:45:00,long,1262.0449999999998,1260.6570777958052,1260.8820777958051,,13.102048968196943,-18.184624683405982,-1.1934781184745815,stop_loss,2
2017-12-20 16:00:00,2017-12-20 16:30:00,long,1263.875,1262.4351989033482,1262.6601989033481,,12.505094163746827,-18.004848290696245,-1.185215506159846,stop_loss,2
2017-12-21 08:45:00,2017-12-21 10:00:00,long,1265.435,1264.3820354541024,1264.6070354541023,,18.293283279064205,-19.262178720915387,-1.2717507665210106,stop_loss,5
2017-12-21 10:15:00,2017-12-21 10:45:00,long,1265.055,1264.9750000000001,1264.1620930284655,,16.908855029295722,-1.3527084023424274,-0.08959499987153034,first_green,2
2017-12-21 14:45:00,2017-12-21 15:00:00,long,1264.2749999999999,1264.315,1263.3722444675311,,16.72064276808191,0.6688257107264699,0.04430878411877896,first_green,1
2017-12-22 15:45:00,2017-12-22 16:00:00,long,1267.925,1269.625,1267.052233756276,,17.2970998112674,29.405069679155368,1.9478296877599548,first_green,1
2017-12-27 14:00:00,2017-12-27 14:15:00,long,1284.645,1284.935,1283.6449645474556,,15.169299713523273,4.399096916921198,0.2899897191265845,first_green,1
2017-12-28 08:45:00,2017-12-28 09:00:00,long,1290.745,1291.405,1289.770240787649,,15.573933596867453,10.278796173933793,0.6770902922870208,first_green,1
2017-12-28 11:45:00,2017-12-28 12:00:00,long,1291.875,1291.9650000000001,1290.8552423493786,,14.91190796877596,1.3420717171920065,0.08825626357919873,first_green,1
2017-12-28 15:15:00,2017-12-28 15:30:00,long,1289.595,1291.595,1288.3121015286051,,11.855877729183437,23.711755458366873,1.5589698207570482,first_green,1
2018-01-02 14:00:00,2018-01-02 14:15:00,long,1310.245,1311.335,1308.5833604546056,,9.18921726843986,10.016246822600785,0.6559786104160569,first_green,1
2018-01-03 09:00:00,2018-01-03 09:30:00,long,1313.2849999999999,1313.4650000000001,1311.6387224608904,,9.290175598089299,1.6722316076587775,0.1093375787035681,first_green,2
2018-01-04 09:15:00,2018-01-04 09:30:00,long,1308.825,1310.2150000000001,1307.320410006639,,10.167811874356746,14.133258505356894,0.9238397212086565,first_green,1
2018-01-08 07:45:00,2018-01-08 08:00:00,long,1317.7849999999999,1317.845,1316.5586393973645,,12.503435868575476,0.7502061521166892,0.048925250755149356,first_green,1
2018-01-08 10:00:00,2018-01-08 10:15:00,long,1315.935,1315.825,1314.5034149971848,,10.712320003368779,-1.178355200369494,-0.07683791027678367,first_green,1
2018-01-08 15:00:00,2018-01-08 15:15:00,long,1318.5349999999999,1319.565,1316.9953682575108,,9.95864813061784,10.257407574538368,0.6689911435152918,first_green,1
2018-01-09 10:00:00,2018-01-09 10:15:00,long,1317.445,1316.024080134005,1316.249080134005,,12.842243640076768,-18.24779911213106,-1.188139695975969,stop_loss,1
2018-01-09 10:30:00,2018-01-09 10:45:00,long,1316.405,1314.9158650135043,1315.1408650135043,,12.113164305168512,-18.038136763996437,-1.1779873212936116,stop_loss,1
2018-01-09 11:00:00,2018-01-09 11:30:00,long,1314.5449999999998,1314.615,1313.029572384093,,10.074766549828125,0.705233658489618,0.046191582669735436,first_green,2
2018-01-09 15:45:00,2018-01-09 16:00:00,long,1311.7649999999999,1312.775,1310.0284646749571,,8.792992758264328,8.88092268584889,0.5816178832845624,first_green,1
2018-01-11 09:45:00,2018-01-11 10:00:00,long,1315.935,1317.265,1314.2650171448206,,9.156707685267403,12.178421221407062,0.7964153619153918,first_green,1
2018-01-12 10:00:00,2018-01-12 10:15:00,long,1327.7949999999998,1327.895,1326.303535025768,,10.273114797905844,1.027311479791986,0.06704817191677104,first_green,1
2018-01-15 09:00:00,2018-01-15 09:15:00,long,1340.955,1341.2150000000001,1338.9526043318504,,7.653112429173396,1.9898092315867533,0.12984446787206932,first_green,1
2018-01-15 11:00:00,2018-01-15 11:15:00,long,1340.885,1341.265,1338.9065912614126,,7.748415886023038,2.9443980366896,0.19207355517011684,first_green,1
2018-01-16 09:15:00,2018-01-16 09:45:00,long,1338.995,1339.035,1337.5111900369675,,10.33615831967175,0.41344633278884413,0.026957630017825657,first_green,2
2018-01-16 10:45:00,2018-01-16 11:00:00,long,1338.0249999999999,1336.315250064698,1336.5402500646978,,10.330310812184704,-17.66224824278176,-1.1515406700146706,stop_loss,1
2018-01-16 15:30:00,2018-01-16 16:45:00,long,1333.955,1331.7286142385383,1331.9536142385382,,7.641591633121351,-17.013130806885798,-1.1124221048897531,stop_loss,5
2018-01-17 14:15:00,2018-01-17 15:15:00,long,1336.215,1334.199136198013,1334.424136198013,,8.516136093373559,-17.16737048342525,-1.125637694921455,stop_loss,4
2018-01-18 09:15:00,2018-01-18 09:30:00,long,1326.605,1326.935,1324.702601329562,,7.994287250372408,2.638114792622313,0.1734652179524174,first_green,1
2018-01-22 14:45:00,2018-01-22 15:15:00,long,1332.395,1330.7361909348797,1330.9611909348796,,10.611536147536134,-17.602512356384626,-1.1569246599658074,stop_loss,2
2018-01-23 10:15:00,2018-01-23 10:30:00,long,1336.345,1336.425,1334.9735117001585,,11.061640441301565,0.8849312353033203,0.058330792912466616,first_green,1
2018-01-25 07:15:00,2018-01-25 07:30:00,long,1363.0049999999999,1363.005,1361.2974875612374,,8.88609794338248,2.0204647497354197e-12,1.3316077252592165e-13,first_green,1
2018-01-25 09:15:00,2018-01-25 09:30:00,long,1360.305,1360.7350000000001,1358.0182043337275,,6.635102118729687,2.853093911054188,0.18803603939872218,first_green,1
2018-01-25 14:15:00,2018-01-25 15:00:00,long,1358.805,1359.645,1356.8703755157262,,7.846616037666186,6.591157471638954,0.43419278874432593,first_green,3
2018-01-26 11:15:00,2018-01-26 11:30:00,long,1353.7549999999999,1354.155,1351.7110297175216,,7.434909171193021,2.9739636684778845,0.1956975614709482,first_green,1
2018-01-26 14:00:00,2018-01-26 14:15:00,long,1350.5049999999999,1351.285,1348.3696234207678,,7.120134432439374,5.553704857304137,0.36527514986639464,first_green,1
2018-01-29 10:45:00,2018-01-29 11:00:00,long,1346.055,1346.015,1344.1258088438437,,7.888307242958014,-0.3155322897180336,-0.020734078047329827,first_green,1
2018-01-29 14:15:00,2018-01-29 14:30:00,long,1343.815,1341.5538323320868,1341.7788323320867,,7.4734826503894105,-16.898797335771096,-1.1105017055056619,stop_loss,1
2018-01-29 14:45:00,2018-01-29 15:00:00,long,1341.955,1343.675,1339.7584319598093,,6.908512037158514,11.882640703912832,0.7830397094600119,first_green,1
2018-01-30 14:30:00,2018-01-30 14:45:00,long,1343.7549999999999,1343.945,1341.430075972636,,6.539879655806984,1.2425771346036838,0.08172310052448403,first_green,1
2018-01-31 11:00:00,2018-01-31 11:15:00,long,1342.085,1343.2250000000001,1340.1950045648005,,8.046490222916916,9.172998854126089,0.6031760599885884,first_green,1
2018-02-01 08:45:00,2018-02-01 09:00:00,long,1342.365,1340.3434260661656,1340.5684260661656,,8.477670749301765,-17.138238206418464,-1.1252383749772483,stop_loss,1
2018-02-01 09:15:00,2018-02-01 09:45:00,long,1340.7849999999999,1338.6852755366428,1338.9102755366428,,8.101412761805573,-17.010734563715808,-1.1200176369368957,stop_loss,2
2018-02-01 10:00:00,2018-02-01 10:15:00,long,1338.935,1339.7350000000001,1336.9921739628296,,7.795546058235759,6.236436846590025,0.41177129845622046,first_green,1
2018-02-01 12:45:00,2018-02-01 13:30:00,long,1340.105,1338.09899791891,1338.32399791891,,8.51261270775069,-17.076318807260606,-1.1263333728741074,stop_loss,3
2018-02-01 14:00:00,2018-02-01 14:15:00,long,1337.845,1338.075,1336.0854856129624,,8.592308345061728,1.9762309193643537,0.1307178853974915,first_green,1
2018-02-02 15:45:00,2018-02-02 16:00:00,long,1340.705,1338.1835887587963,1338.4085887587962,,6.585593406331945,-16.604989244721825,-1.097978966468554,stop_loss,1
2018-02-05 07:30:00,2018-02-05 08:00:00,short,1330.755,1332.744167302039,1332.519167302039,,8.548916102092717,-17.005224378156015,-1.1275389243071607,stop_loss,2
2018-02-05 10:45:00,2018-02-05 11:45:00,short,1334.925,1335.0049999999999,1336.7304011790063,,8.330118185985468,-0.6664094548782313,-0.044311480977295356,first_green,4
2018-02-05 12:45:00,2018-02-05 13:00:00,short,1337.405,1336.715,1339.0818556237011,,8.967700592739446,6.187713408990707,0.41148444162240133,first_green,1
2018-02-06 08:15:00,2018-02-06 08:30:00,short,1343.605,1343.2749999999999,1346.106249731873,,6.0181949296416555,1.9860043267826768,0.13193404712652904,first_green,1
2018-02-06 12:00:00,2018-02-06 12:30:00,short,1343.005,1343.165,1345.242360466589,,6.730240249529754,-1.0768384399237814,-0.0715128395219199,first_green,2
2018-02-08 15:30:00,2018-02-08 16:15:00,short,1313.7050000000002,1316.7555922532363,1316.5305922532364,,5.32818610031219,-16.25412324141273,-1.07962932363727,stop_loss,3
2018-02-09 14:45:00,2018-02-09 15:15:00,short,1316.685,1315.845,1318.543394571007,,8.079363927867822,6.786665699408309,0.45200304235969974,first_green,2
2018-02-13 09:45:00,2018-02-13 10:15:00,short,1327.505,1329.5019304060193,1329.2769304060193,,8.48318459569612,-16.940329259018817,-1.1269801563512793,stop_loss,2
2018-02-13 10:30:00,2018-02-13 10:45:00,short,1329.005,1328.895,1330.9500131567145,,7.706509259382686,0.8477160185330767,0.05655488736433327,first_green,1
2018-02-13 12:30:00,2018-02-13 12:45:00,short,1329.7350000000001,1329.645,1331.4353576278122,,8.816604781652174,0.7934944303499787,0.05293004161480554,first_green,1
2018-02-15 09:00:00,2018-02-15 09:15:00,long,1352.625,1353.645,1350.8580909703064,,8.485646219467679,8.655359143856877,0.5772792955712452,first_green,1
2018-02-15 13:00:00,2018-02-15 13:15:00,long,1353.835,1351.6615367853435,1351.8865367853434,,7.7060748249581055,-16.748870161437136,-1.1154756211497487,stop_loss,1
2018-02-15 13:30:00,2018-02-15 14:15:00,long,1351.935,1349.6216567179747,1349.8466567179746,,7.169861046933483,-16.586349885978052,-1.1077409073194602,stop_loss,3
2018-02-15 14:30:00,2018-02-15 14:45:00,long,1350.205,1350.555,1348.1046646585296,,7.109181558241507,2.488213545385497,0.16664005651360464,first_green,1
2018-02-16 14:30:00,2018-02-16 14:45:00,long,1354.995,1356.055,1352.941505927905,,7.274374936143663,7.710837432313539,0.5161933576554066,first_green,1
2018-02-16 15:45:00,2018-02-16 16:15:00,long,1354.635,1352.2358282272448,1352.4608282272447,,6.87947617137598,-16.505045041706946,-1.1034876833649512,stop_loss,2
2018-02-20 08:00:00,2018-02-20 08:45:00,long,1340.855,1339.1411035976032,1339.3661035976031,,10.018091431029926,-17.16997086252453,-1.1511186403820253,stop_loss,3
2018-02-20 09:15:00,2018-02-20 09:30:00,long,1339.625,1337.9634088439059,1338.1884088439058,,10.352963193664579,-17.202392081960983,-1.1566207609210382,stop_loss,1
2018-02-20 09:45:00,2018-02-20 10:00:00,long,1338.595,1336.8616127276537,1337.0866127276536,,9.831672313246802,-17.04209565366213,-1.1491659364440925,stop_loss,1
2018-02-20 10:15:00,2018-02-20 10:30:00,long,1337.395,1338.2350000000001,1335.7906507702726,,9.217048177572202,7.742320469161991,0.5235767776962565,first_green,1
2018-02-21 11:30:00,2018-02-21 12:15:00,short,1328.9950000000001,1328.935,1330.74244718861,,8.473343310020457,0.5084005986026917,0.03433580161464282,first_green,3
2018-02-21 16:00:00,2018-02-21 16:15:00,short,1329.635,1331.4626165701384,1331.2376165701385,,9.239883839113316,-16.88696481051741,-1.140395403487228,stop_loss,1
2018-02-22 15:30:00,2018-02-22 15:45:00,short,1323.875,1325.7838845409353,1325.5588845409354,,8.768875285528095,-16.73877047393448,-1.1336196125863345,stop_loss,1
2018-02-22 16:00:00,2018-02-22 17:00:00,short,1326.805,1329.0079922827454,1328.7829922827455,,7.443874648525059,-16.39879840442408,-1.1137517077102121,stop_loss,4
2018-02-23 10:15:00,2018-02-23 10:30:00,short,1328.105,1329.79040138981,1329.5654013898102,,10.054037003076417,-16.945087938186838,-1.1540672321800223,stop_loss,1
2018-02-23 10:45:00,2018-02-23 11:15:00,short,1328.605,1328.345,1330.128177728969,,9.611857246994312,2.4990828842184336,0.17069577309011386,first_green,2
2018-02-23 13:45:00,2018-02-23 14:00:00,short,1329.615,1331.2569649321426,1331.0319649321427,,10.336751649676952,-16.97258372103701,-1.1587900976911731,stop_loss,1
2018-02-23 14:15:00,2018-02-23 14:30:00,short,1330.815,1330.885,1332.2581738445517,,10.119628481137712,-0.7083739936789956,-0.04850420499526336,first_green,1
2018-02-26 07:45:00,2018-02-26 08:30:00,short,1339.185,1339.175,1340.9110923317178,,8.459925310624072,0.08459925310616379,0.0057934328403155206,first_green,3
2018-02-26 09:45:00,2018-02-26 10:00:00,short,1340.145,1339.5049999999999,1341.864174422269,,8.49409083485218,5.4362181343062455,0.3722717088563069,first_green,1
2018-02-28 11:30:00,2018-02-28 11:45:00,short,1319.035,1320.618342440065,1320.393342440065,,10.760478225464151,-17.037521849770833,-1.165643061251297,stop_loss,1
2018-02-28 12:00:00,2018-02-28 12:15:00,short,1320.915,1320.555,1322.43711669577,,9.574706384154148,3.446894298294535,0.23651274636190275,first_green,1
2018-03-02 07:45:00,2018-03-02 08:45:00,short,1317.425,1317.305,1318.9473172889998,,9.579105345209884,1.1494926414241406,0.0788271938228669,first_green,4
2018-03-02 13:00:00,2018-03-02 13:15:00,short,1318.7250000000001,1320.67107543937,1320.4460754393701,,8.474533467926443,-16.49208144204993,-1.1307322124602923,stop_loss,1
2018-03-02 13:30:00,2018-03-02 13:45:00,short,1322.905,1322.0449999999998,1325.073172190069,,6.707991770570025,5.7688729226910755,0.3966474636743358,first_green,1
2018-03-02 14:45:00,2018-03-02 15:00:00,short,1323.075,1321.355,1325.2200998783383,,6.78686504879538,11.673407883928238,0.8018274661096398,first_green,1
2018-03-02 16:00:00,2018-03-02 16:30:00,short,1324.815,1322.925,1327.401973692375,,5.638900369638928,10.657521698618138,0.7305833861283224,first_green,2
2018-03-06 11:15:00,2018-03-06 11:45:00,short,1322.835,1324.3692483720731,1324.1442483720732,,11.162382192833048,-17.12586670781164,-1.171854328635617,stop_loss,2
2018-03-06 12:00:00,2018-03-06 12:15:00,short,1324.025,1325.57524915213,1325.3502491521301,,10.995303052437643,-17.045459234453155,-1.1697793955485836,stop_loss,1
2018-03-06 12:30:00,2018-03-06 13:00:00,short,1324.7350000000001,1324.7949999999998,1326.1097301362754,,10.568548703627384,-0.6341129222146633,-0.04364492958762323,first_green,2
2018-03-06 14:00:00,2018-03-06 14:15:00,short,1327.395,1327.215,1329.0695226504456,,8.675497529638077,1.5615895553354062,0.1074933205305775,first_green,1
2018-03-07 07:15:00,2018-03-07 07:30:00,long,1332.985,1334.115,1331.323865832896,,8.747770877825413,9.884981091943672,0.6802581166397883,first_green,1
2018-03-07 10:00:00,2018-03-07 10:30:00,long,1332.5349999999999,1332.525,1330.8015237357163,,8.39696155280093,-0.08396961552602368,-0.005768755076606933,first_green,2
2018-03-07 14:15:00,2018-03-07 14:30:00,long,1329.825,1330.4650000000001,1328.2073174279212,,8.997886155834895,5.758647139735233,0.3956276781653531,first_green,1
2018-03-08 11:00:00,2018-03-08 11:15:00,long,1326.465,1324.9724704254086,1325.1974704254085,,11.494895685088172,-17.156471766836532,-1.1775106510413642,stop_loss,1
2018-03-08 13:45:00,2018-03-08 14:00:00,long,1324.495,1324.695,1323.0956701796995,,10.381561835905803,2.076312367181633,0.14292556129269754,first_green,1
2018-03-09 11:15:00,2018-03-09 11:30:00,short,1319.795,1319.325,1320.9964511227222,,12.095722884063399,5.684989755510127,0.3911936083884558,first_green,1
2018-03-12 15:15:00,2018-03-12 15:30:00,short,1318.2050000000002,1318.155,1319.993783079885,,8.132138813902237,0.4066069406965911,0.027951963858805794,first_green,1
2018-03-13 08:15:00,2018-03-13 08:30:00,short,1320.315,1320.115,1321.715224216229,,10.389513809519487,2.0779027619043697,0.14283426731376123,first_green,1
2018-03-14 13:00:00,2018-03-14 13:15:00,short,1325.535,1325.685,1326.9886332454666,,10.01135852748604,-1.5017037791215402,-0.10318971478374458,first_green,1
2018-03-14 14:15:00,2018-03-14 14:30:00,short,1327.075,1327.0149999999999,1328.6018867298765,,9.528597664588117,0.5717158598769336,0.03929564572548798,first_green,1
2018-03-15 10:15:00,2018-03-15 11:00:00,long,1324.0149999999999,1322.397633569944,1322.622633569944,,10.450207864790196,-16.90181538761761,-1.1615953926660412,stop_loss,3
2018-03-15 11:30:00,2018-03-15 11:45:00,long,1322.695,1323.085,1321.2983659823385,,10.3880214115541,4.051328350507138,0.2792428045345264,first_green,1
2018-03-15 14:45:00,2018-03-15 15:00:00,long,1319.965,1318.0991597447844,1318.3241597447843,,8.848144939337965,-16.509225011798232,-1.1371248659244675,stop_loss,1
2018-03-15 15:15:00,2018-03-15 15:30:00,long,1319.165,1317.1701683513704,1317.3951683513703,,8.179941492812615,-16.31760617380059,-1.1271307359511427,stop_loss,1
2018-03-15 15:45:00,2018-03-15 16:00:00,long,1317.595,1317.665,1315.6683339356202,,7.492904758838521,0.5245033331182194,0.03633219128841095,first_green,1
2018-03-16 10:30:00,2018-03-16 10:45:00,short,1318.555,1318.645,1319.7359517512105,,12.225424591664563,-1.1002882132488099,-0.076209718058062,first_green,1
2018-03-16 11:30:00,2018-03-16 13:00:00,short,1319.825,1321.2931737548502,1321.0681737548502,,11.611318051049908,-17.047432421768843,-1.1809883768234959,stop_loss,6
2018-03-19 11:00:00,2018-03-19 12:00:00,short,1310.645,1312.2798210161477,1312.0548210161478,,10.208577623955815,-16.689197244618377,-1.1595947268644762,stop_loss,4
2018-03-19 12:15:00,2018-03-19 12:30:00,short,1312.645,1312.345,1314.0661985604002,,10.097494246037638,3.029248273810832,0.21108943419945672,first_green,1
2018-03-19 14:15:00,2018-03-19 14:30:00,short,1312.435,1311.355,1314.0516263215968,,8.881531381116936,9.592053891605644,0.668057908974986,first_green,1
2018-03-19 15:30:00,2018-03-19 16:00:00,short,1313.175,1313.0049999999999,1314.9230348158965,,8.22758071563642,1.39868872165879,0.097252067552719,first_green,2
2018-03-20 11:15:00,2018-03-20 11:30:00,short,1315.825,1314.835,1317.0894917497496,,11.37658214550165,11.262816324046737,0.7829232576614727,first_green,1
2018-03-21 09:00:00,2018-03-21 09:30:00,short,1314.555,1315.8667911992986,1315.6417911992987,,13.262668407185444,-17.397851695761027,-1.20703148879482,stop_loss,2
2018-03-21 09:45:00,2018-03-21 10:00:00,short,1315.7150000000001,1317.0939213793217,1316.8689213793218,,12.45341054635246,-17.17227404783427,-1.1949872877233405,stop_loss,1
2018-03-21 10:15:00,2018-03-21 11:00:00,short,1316.585,1316.645,1317.8018250668642,,11.774351449472102,-0.7064610869676836,-0.049308648904289376,first_green,3
2018-03-21 15:00:00,2018-03-21 15:15:00,short,1318.4950000000001,1320.445985766576,1320.2209857665762,,8.299929300974227,-16.193043929787542,-1.1303602870643916,stop_loss,1
2018-03-21 15:30:00,2018-03-21 15:45:00,short,1321.945,1320.655,1324.0380438497518,,6.82502529936865,8.80428263618531,0.6163272690884515,first_green,1
2018-03-22 07:15:00,2018-03-22 07:30:00,long,1329.595,1327.6902431410554,1327.9152431410553,,8.517356460043258,-16.22349313734405,-1.1339479572902336,stop_loss,1
2018-03-22 07:45:00,2018-03-22 08:00:00,long,1327.685,1328.7450000000001,1325.9842402593792,,8.388327204749757,8.891626837036192,0.6232508770541116,first_green,1
2018-03-22 11:30:00,2018-03-22 11:45:00,long,1331.175,1329.289205341957,1329.514205341957,,8.603567092949255,-16.22456086399712,-1.135477314374941,stop_loss,1
2018-03-22 12:00:00,2018-03-22 12:30:00,long,1329.125,1329.885,1327.302452565259,,7.81773719263964,5.941480266406056,0.4169987488462886,first_green,2
2018-03-23 10:00:00,2018-03-23 10:15:00,long,1339.625,1339.805,1337.6879529065704,,7.363295716955189,1.3253932290524029,0.0929249477777912,first_green,1
2018-03-27 11:15:00,2018-03-27 11:45:00,long,1352.815,1350.8507598234444,1351.0757598234443,,8.202641729398627,-16.11195843877692,-1.1293668367559668,stop_loss,2
2018-03-27 12:00:00,2018-03-27 12:15:00,long,1351.455,1349.382383138523,1349.607383138523,,7.699693832731809,-15.95851526592999,-1.1217784946063103,stop_loss,1
2018-03-27 12:45:00,2018-03-27 14:00:00,long,1349.215,1346.983092476434,1347.2080924764339,,7.068680394497697,-15.776640954162547,-1.1121127891334575,stop_loss,5
2018-03-28 09:30:00,2018-03-28 10:15:00,long,1341.645,1339.985816243232,1340.2108162432319,,9.863970496287797,-16.366139624679658,-1.1568836621793432,stop_loss,3
2018-03-28 10:30:00,2018-03-28 10:45:00,long,1340.075,1341.685,1338.4695136849998,,8.786017533853622,14.145488229503453,1.0028114129391783,first_green,1
2018-03-28 13:00:00,2018-03-28 13:30:00,long,1340.0149999999999,1338.1702688475254,1338.3952688475254,,8.730581376374658,-16.105575444211365,-1.1389119420566614,stop_loss,2
2018-03-28 13:45:00,2018-03-28 14:00:00,long,1338.625,1336.7292185342615,1336.9542185342614,,8.4397217619861,-15.999868092363435,-1.1346675221229126,stop_loss,1
2018-03-28 15:15:00,2018-03-28 15:30:00,long,1335.5049999999999,1333.3264261342451,1333.551426134245,,7.19754255120191,-15.680378099706198,-1.1151735309035637,stop_loss,1
2018-03-29 09:15:00,2018-03-29 09:30:00,long,1325.695,1324.0170194476389,1324.2420194476388,,9.650321924578495,-16.19305251346644,-1.1548541029226251,stop_loss,1
2018-03-29 09:45:00,2018-03-29 10:00:00,long,1323.845,1324.345,1322.2063841155662,,8.532351957508252,4.266175978754126,0.30513557493844556,first_green,1
2018-03-29 15:30:00,2018-03-29 15:45:00,long,1323.7549999999999,1321.9292648876217,1322.1542648876216,,8.740929577231505,-15.95862204397667,-1.1405604201844588,stop_loss,1
2018-03-29 16:00:00,2018-03-29 16:30:00,long,1322.995,1323.2250000000001,1321.2367130918778,,7.9350055269944635,1.8250512712106752,0.13080914095293997,first_green,2
2018-04-02 15:15:00,2018-04-02 15:30:00,short,1333.445,1334.8440017142595,1334.6190017142596,,11.888039678859538,-16.631387889910776,-1.1916521903392523,stop_loss,1
2018-04-02 15:45:00,2018-04-02 16:15:00,short,1334.365,1335.9159759679073,1335.6909759679074,,10.49415738235701,-16.276185903473056,-1.1696863332711755,stop_loss,2
2018-04-03 07:15:00,2018-04-03 07:30:00,long,1337.7949999999998,1338.025,1336.2830285688294,,9.176304354471068,2.110550001530599,0.15211927636899972,first_green,1
2018-04-03 10:45:00,2018-04-03 11:00:00,long,1338.5049999999999,1336.6713224757145,1336.8963224757144,,8.627948232728631,-15.820874755051989,-1.1398664409760135,stop_loss,1
2018-04-03 11:15:00,2018-04-03 11:30:00,long,1336.875,1337.275,1335.2010127469173,,8.26770585637031,3.307082342548876,0.23895044556849226,first_green,1
2018-04-05 07:15:00,2018-04-05 08:15:00,long,1328.815,1328.7350000000001,1327.4134690578487,,9.88083923455913,-0.7904671387640114,-0.0570804379653066,first_green,4
2018-04-05 09:30:00,2018-04-05 10:00:00,long,1327.2749999999999,1325.697246962095,1325.922246962095,,10.235664135159041,-16.149350184220516,-1.1663274771486605,stop_loss,2
2018-04-05 10:15:00,2018-04-05 10:30:00,long,1325.605,1327.015,1324.1212013759923,,9.304465009585039,13.119295663515667,0.9502637198784468,first_green,1
2018-04-05 13:30:00,2018-04-05 13:45:00,short,1328.125,1329.7731634551747,1329.5481634551747,,9.723936183992087,-16.026636258906237,-1.1580984947173774,stop_loss,1
2018-04-05 14:00:00,2018-04-05 14:15:00,short,1329.635,1328.895,1331.149793999615,,9.109280885961233,6.740867855611396,0.48851527018729296,first_green,1
2018-04-06 12:45:00,2018-04-06 13:00:00,short,1325.9550000000002,1325.5049999999999,1327.91087339856,,7.063614754755479,3.1786266396418927,0.230076241300501,first_green,1
2018-04-09 15:00:00,2018-04-09 15:15:00,short,1329.445,1331.2089334412578,1330.983933441258,,8.98250852993344,-15.844547182333976,-1.1462051534964264,stop_loss,1
2018-04-09 15:30:00,2018-04-09 16:00:00,short,1332.295,1334.3046670998601,1334.0796670998602,,7.723497226022776,-15.521658270998357,-1.1260739327897855,stop_loss,2
2018-04-10 08:15:00,2018-04-10 08:45:00,long,1332.305,1332.2450000000001,1330.900603466411,,9.787169734988959,-0.5872301840988035,-0.042722976427896256,first_green,2
2018-04-11 11:15:00,2018-04-11 12:30:00,long,1343.835,1344.655,1342.4250936118547,,9.74788063205024,7.993262118280576,0.5815988968449071,first_green,5
2018-04-12 07:45:00,2018-04-12 08:15:00,long,1349.615,1349.695,1347.6895895429232,,7.148388687053098,0.5718710949637277,0.04154958217136873,first_green,2
2018-04-12 11:00:00,2018-04-12 11:15:00,long,1348.965,1349.765,1347.0882897929134,,7.334649726453443,5.867719781164088,0.42627785418301045,first_green,1
2018-04-12 12:00:00,2018-04-12 12:30:00,long,1346.995,1346.835,1345.016859245507,,6.9659761446171045,-1.114556183137723,-0.08088403195599356,first_green,2
2018-04-13 14:00:00,2018-04-13 14:15:00,long,1339.105,1337.3934486841586,1337.6184486841585,,9.267688756667726,-15.862124886283764,-1.1513570353086227,stop_loss,1
2018-04-16 07:45:00,2018-04-16 08:45:00,long,1346.375,1344.3921333165672,1344.617133316567,,7.814722090865016,-15.495552074262575,-1.1279960546043868,stop_loss,4
2018-04-16 09:00:00,2018-04-16 10:00:00,long,1344.465,1342.4909002861684,1342.7159002861683,,7.8317437338235125,-15.46064306374258,-1.1286376060899486,stop_loss,4
2018-04-16 10:15:00,2018-04-16 10:30:00,long,1342.305,1343.555,1340.5284761835699,,7.689088651466639,9.611360814333299,0.703621301577475,first_green,1
2018-04-17 11:00:00,2018-04-17 11:30:00,long,1343.0149999999999,1340.7198671561841,1340.944867156184,,6.6101446382476166,-15.171160061614593,-1.1086886769958066,stop_loss,2
2018-04-17 15:45:00,2018-04-17 16:15:00,long,1339.435,1339.675,1337.2736754578298,,6.313697619957435,1.515287428789842,0.11104301798147632,first_green,2
2018-04-18 12:00:00,2018-04-18 12:15:00,long,1344.435,1345.415,1342.7440945827443,,8.07244314030358,7.910994277497656,0.579571151644054,first_green,1
2018-04-19 08:15:00,2018-04-19 08:30:00,long,1351.095,1351.785,1349.7326374753422,,10.033684188101736,6.923242089790746,0.5064731211491437,first_green,1
2018-04-19 11:15:00,2018-04-19 11:45:00,long,1352.065,1352.135,1350.354455116631,,8.001440687360668,0.5601008481147374,0.04092263271225388,first_green,2
2018-04-19 12:30:00,2018-04-19 12:45:00,long,1348.625,1348.4750000000001,1346.245350325793,,5.752201186515928,-0.8628301779766046,-0.06303448849034807,first_green,1
2018-04-19 13:15:00,2018-04-19 13:30:00,long,1347.2749999999999,1347.795,1344.850420796562,,5.644718301887388,2.9352535169826224,0.21447020549499893,first_green,1
2018-04-20 12:30:00,2018-04-20 12:45:00,long,1340.235,1340.435,1338.5590476229881,,8.170521385714412,1.6341042771432541,0.11933513311198508,first_green,1
2018-04-20 16:00:00,2018-04-20 16:15:00,long,1339.495,1337.1130996286274,1337.3380996286273,,6.350543669195908,-15.126362324074801,-1.1043163620286869,stop_loss,1
2018-04-24 08:15:00,2018-04-24 08:45:00,short,1326.9550000000002,1327.0149999999999,1328.3101147334717,,10.080086767046648,-0.6048052060199569,-0.044276693712871885,first_green,2
2018-04-24 12:00:00,2018-04-24 12:15:00,short,1327.4650000000001,1327.365,1329.1713952314053,,8.004102348805768,0.8004102348816687,0.058603070472594616,first_green,1
2018-04-25 11:45:00,2018-04-25 12:45:00,short,1324.855,1324.365,1326.403183443974,,8.82334916991744,4.323441093259626,0.31649996123342183,first_green,4
2018-04-26 10:15:00,2018-04-26 10:30:00,short,1325.445,1324.7949999999998,1326.7719613897377,,10.302463819767079,6.696601482849538,0.4898409290782247,first_green,1
2018-04-26 14:00:00,2018-04-26 14:45:00,short,1324.4950000000001,1323.165,1326.0496745249325,,8.804230719805567,11.709626857342766,0.8554845266137144,first_green,3
2018-04-27 11:00:00,2018-04-27 11:30:00,short,1317.315,1317.2849999999999,1318.5585600283828,,11.03041828764085,0.3309125486314326,0.02412428778304807,first_green,2
2018-04-27 13:45:00,2018-04-27 14:45:00,short,1319.395,1318.625,1320.9979667550047,,8.557766103005354,6.589479899313967,0.48035930726319853,first_green,4
2018-05-02 10:30:00,2018-05-02 10:45:00,short,1311.185,1310.055,1312.81281504417,,8.437253549879598,9.534096511362948,0.6941820595938585,first_green,1
2018-05-03 12:30:00,2018-05-03 12:45:00,short,1312.535,1312.475,1314.4776691206325,,7.082072471904607,0.42492434831550024,0.030885341905594058,first_green,1
2018-05-03 15:00:00,2018-05-03 15:15:00,short,1317.535,1316.0249999999999,1319.7864301960335,,6.111309085381338,9.228076718927154,0.6706847952295122,first_green,1
2018-05-04 13:30:00,2018-05-04 14:30:00,short,1309.785,1311.2843747841193,1311.0593747841194,,10.814915812574304,-16.21561206174651,-1.1765571657598317,stop_loss,4
2018-05-07 13:15:00,2018-05-07 13:30:00,short,1314.515,1313.7849999999999,1315.9733476937568,,9.42279885146302,6.878643161570318,0.5005664994194851,first_green,1
2018-05-08 09:00:00,2018-05-08 09:15:00,short,1312.005,1313.5344556744528,1313.309455674453,,10.54762829518096,-16.13212994808259,-1.1724857382327625,stop_loss,1
2018-05-08 09:30:00,2018-05-08 10:30:00,short,1313.045,1314.6533571886862,1314.4283571886863,,9.916877122550233,-15.949880609370528,-1.1626477975754006,stop_loss,4
2018-05-08 14:45:00,2018-05-08 15:00:00,short,1310.695,1310.185,1312.414491207478,,7.955090724387161,4.0570962694373796,0.296599364848157,first_green,1
2018-05-09 14:00:00,2018-05-09 14:30:00,short,1308.605,1310.5975351697236,1310.3725351697237,,7.744599106385823,-15.4313860948839,-1.1272959111954073,stop_loss,2
2018-05-09 14:45:00,2018-05-09 15:15:00,short,1311.2150000000001,1311.245,1313.351953268179,,6.387726411230321,-0.19163179233528294,-0.014038678545980923,first_green,2
2018-05-10 12:00:00,2018-05-10 13:30:00,short,1314.805,1316.8189567309848,1316.593956730985,,7.630030125834961,-15.366550529541918,-1.12577162773302,stop_loss,6
2018-05-10 13:45:00,2018-05-10 14:00:00,short,1316.255,1318.148776870243,1317.923776870243,,8.15649930054722,-15.446589717528273,-1.1348292896504217,stop_loss,1
2018-05-10 14:45:00,2018-05-10 15:30:00,short,1317.895,1319.9998344749845,1319.7748344749846,,7.2201893737071305,-15.197303509695514,-1.1196913893186011,stop_loss,3
2018-05-10 15:45:00,2018-05-10 16:00:00,short,1320.355,1322.707016150563,1322.4820161505631,,6.363265101797433,-14.966502289741673,-1.105781989450499,stop_loss,1
2018-05-14 13:00:00,2018-05-14 13:30:00,long,1320.575,1319.117105002168,1319.342105002168,,10.947689308373441,-15.960581480496504,-1.1824972932776487,stop_loss,2
2018-05-14 13:45:00,2018-05-14 14:00:00,long,1319.395,1319.2350000000001,1318.1134565195928,,10.500970227039158,-1.6801552363247372,-0.12484945102995237,first_green,1
2018-05-14 15:00:00,2018-05-14 16:00:00,long,1319.075,1319.195,1317.835377728642,,10.852700742124558,1.3023240890537624,0.09680368187353439,first_green,4
2018-05-15 11:45:00,2018-05-15 12:00:00,long,1309.835,1310.175,1308.5434054041332,,10.418520948914868,3.542297122630202,0.2632404944151434,first_green,1
2018-05-16 10:30:00,2018-05-16 10:45:00,short,1296.265,1295.655,1297.6734135354452,,9.560658683314287,5.832001796822932,0.4331114297388136,first_green,1
2018-05-18 15:00:00,2018-05-18 15:15:00,short,1288.4950000000001,1288.585,1289.8771938601785,,9.75256907891545,-0.8777312171015922,-0.06511387627514245,first_green,1
2018-05-21 12:00:00,2018-05-21 14:15:00,short,1284.155,1285.9144824802636,1285.6894824802637,,8.783252299813647,-15.453978541257207,-1.1466292400818043,stop_loss,9
2018-05-21 16:00:00,2018-05-21 16:15:00,short,1286.875,1288.7707833225033,1288.5457833225034,,8.043599458073432,-15.248921705512583,-1.134667372465017,stop_loss,1
2018-05-22 09:15:00,2018-05-22 09:30:00,short,1290.515,1289.395,1291.6116347829754,,12.220102563976688,13.686514871655335,1.0213062884631305,first_green,1
2018-05-22 10:45:00,2018-05-22 11:00:00,short,1291.505,1293.2506911840487,1293.0256911840488,,8.834933713886697,-15.423065895985852,-1.1479590349178375,stop_loss,1
2018-05-22 11:15:00,2018-05-22 11:30:00,short,1294.015,1293.725,1295.8046776025728,,7.48550919247351,2.1707976658187476,0.16204035832113206,first_green,1
2018-05-22 13:00:00,2018-05-22 13:15:00,short,1294.765,1294.735,1296.295028467933,,8.759363254131728,0.2627808976257045,0.019607478310995814,first_green,1
2018-05-23 10:30:00,2018-05-23 11:15:00,short,1292.685,1292.815,1294.2942108540901,,8.328760682892904,-1.0827388887769864,-0.0807849385738881,first_green,3
2018-05-23 12:15:00,2018-05-23 12:45:00,short,1293.7250000000001,1295.6402831747673,1295.4152831747674,,7.927680666083559,-15.18375339467693,-1.1331137902564097,stop_loss,2
2018-05-24 10:00:00,2018-05-24 10:15:00,short,1295.805,1297.4959885243638,1297.270988524364,,9.114713818868632,-15.412876470566772,-1.1534800554441877,stop_loss,1
2018-05-24 10:30:00,2018-05-24 10:45:00,short,1296.625,1296.065,1298.109908472538,,8.97262957047597,5.024672559466054,0.37712762123496707,first_green,1
2018-05-24 15:45:00,2018-05-24 16:15:00,short,1297.945,1299.6964927843258,1299.4714927843258,,8.736428687039975,-15.301791806127607,-1.1473967006658783,stop_loss,2
2018-05-28 09:00:00,2018-05-28 09:15:00,long,1297.375,1295.8551337803979,1296.0801337803978,,10.269663900965835,-15.608515249745468,-1.1737631244013975,stop_loss,1
2018-05-29 15:15:00,2018-05-29 15:30:00,long,1302.155,1299.6127540844516,1299.8377540844515,,5.7218008218029,-14.546224768809857,-1.0970980242063142,stop_loss,1
2018-05-30 07:15:00,2018-05-30 07:30:00,long,1297.875,1298.435,1296.1364663272177,,7.6055208069809135,4.259091651908896,0.3221105284108409,first_green,1
2018-05-30 09:30:00,2018-05-30 09:45:00,long,1297.725,1297.595,1296.0179706242657,,7.75212303855086,-1.0077759950106953,-0.07615569002376743,first_green,1
2018-05-30 13:30:00,2018-05-30 13:45:00,long,1296.7749999999999,1297.265,1294.9432864400571,,7.223062928866797,3.5393008351464386,0.26750907495359555,first_green,1
2018-05-31 12:00:00,2018-05-31 12:30:00,long,1304.885,1303.268883318486,1303.4938833184858,,9.517124436177562,-15.380783561351898,-1.1617405664023848,stop_loss,2
2018-05-31 15:30:00,2018-05-31 15:45:00,long,1303.595,1301.7238128590832,1301.948812859083,,8.019123874917652,-15.005281476165173,-1.136679478540078,stop_loss,1
2018-06-01 14:00:00,2018-06-01 14:15:00,long,1298.165,1296.5395624799312,1296.764562479931,,9.399537795853787,-15.278361404685269,-1.1606640758874023,stop_loss,1
2018-06-01 14:30:00,2018-06-01 14:45:00,long,1296.075,1294.273984995451,1294.4989849954509,,8.32813739667532,-14.999100411358496,-1.1427651382445265,stop_loss,1
2018-06-01 15:00:00,2018-06-01 15:30:00,long,1295.125,1293.2580023685266,1293.4830023685265,,7.970639844549763,-14.881165711101882,-1.1370282122745816,stop_loss,2
2018-06-01 15:45:00,2018-06-01 17:00:00,long,1293.935,1294.2450000000001,1291.7350405261125,,5.93218601829057,1.8389776656711017,0.14091168663774617,first_green,5
2018-06-04 10:15:00,2018-06-04 10:45:00,short,1293.155,1292.985,1294.6454359697427,,8.759293616765488,1.4890799148507703,0.11406058593004506,first_green,2
2018-06-04 14:00:00,2018-06-04 14:45:00,short,1294.825,1296.461132013737,1296.236132013737,,9.254193688916395,-15.141082555757809,-1.1594464570356278,stop_loss,3
2018-06-04 15:00:00,2018-06-04 16:00:00,short,1296.4850000000001,1298.2555768805794,1298.0305768805795,,8.424709526246431,-14.916595912767747,-1.145576711729519,stop_loss,4
2018-06-05 10:00:00,2018-06-05 10:15:00,short,1292.9550000000002,1292.325,1294.2469700206523,,10.049571253230525,6.331229889536328,0.4876274138947278,first_green,1
2018-06-05 12:00:00,2018-06-05 12:15:00,short,1292.445,1292.565,1293.7767964205493,,9.76093091535906,-1.1713117098442412,-0.09010386133236256,first_green,1
2018-06-05 15:15:00,2018-06-05 16:00:00,short,1292.565,1294.2339773730207,1294.0089773730208,,9.000587417683638,-15.021776744008378,-1.1558196161545233,stop_loss,3
2018-06-06 14:45:00,2018-06-06 15:15:00,short,1295.125,1296.6927295554142,1296.4677295554143,,9.651303258288683,-15.130633366284433,-1.167569112553338,stop_loss,2
2018-06-06 15:45:00,2018-06-06 16:15:00,short,1297.7350000000001,1299.4505280047947,1299.2255280047948,,8.668916993300401,-14.87176987324645,-1.1509532187762581,stop_loss,2
2018-06-07 08:45:00,2018-06-07 09:00:00,short,1297.925,1297.065,1299.0023041888517,,11.959560037360053,10.285221632128449,0.7982889223855751,first_green,1
2018-06-07 10:15:00,2018-06-07 11:00:00,short,1298.095,1297.915,1299.293649845686,,10.770282268515711,1.9386508083335137,0.15016895939033484,first_green,3
2018-06-07 15:30:00,2018-06-07 15:45:00,short,1302.325,1301.555,1303.9334279410139,,8.029358031440564,6.182605684209088,0.47872831624315093,first_green,1
2018-06-08 11:00:00,2018-06-08 11:30:00,short,1298.2250000000001,1298.2949999999998,1300.044453550417,,7.106584456316679,-0.4974609119400993,-0.03847308989210968,first_green,2
2018-06-08 12:15:00,2018-06-08 14:00:00,short,1298.915,1299.0249999999999,1300.760995515438,,7.003731352530013,-0.7704104487776008,-0.059588443785464185,first_green,7
2018-06-11 08:15:00,2018-06-11 08:30:00,long,1298.365,1298.4750000000001,1297.3578906465718,,12.835677275738169,1.411924500332833,0.10922349159571386,first_green,1
2018-06-11 09:30:00,2018-06-11 09:45:00,long,1298.065,1296.759145513844,1296.984145513844,,11.963183406137647,-15.622176719612128,-1.208168632208842,stop_loss,1
2018-06-11 10:00:00,2018-06-11 11:00:00,long,1297.415,1296.0934213869368,1296.3184213869367,,11.756024472720489,-15.536510517794259,-1.2051836478657783,stop_loss,4
2018-06-11 11:15:00,2018-06-11 12:30:00,long,1296.385,1295.0036664541187,1295.2286664541186,,11.114927678884001,-15.353422462886618,-1.1945805350033454,stop_loss,5
2018-06-11 12:45:00,2018-06-11 13:30:00,long,1295.445,1294.0337262420603,1294.2587262420602,,10.802043030300855,-15.244639860798225,-1.189669541700629,stop_loss,3
2018-06-12 07:45:00,2018-06-12 08:00:00,long,1296.945,1297.365,1295.6753772466225,,10.062885644844116,4.226411970835261,0.3308069258232692,first_green,1
2018-06-12 11:30:00,2018-06-12 11:45:00,long,1297.565,1297.505,1296.3190698705748,,10.262722047788735,-0.615763322866764,-0.048156793533538175,first_green,1
2018-06-13 14:00:00,2018-06-13 14:15:00,short,1294.695,1294.805,1295.706116783392,,12.644528714140089,-1.3908981585570197,-0.10879059848171717,first_green,1
2018-06-13 16:00:00,2018-06-13 16:15:00,short,1296.405,1297.8467411633465,1297.6217411633465,,10.504796205298112,-15.145197101744168,-1.1849201841590211,stop_loss,1
2018-06-14 15:00:00,2018-06-14 15:15:00,long,1303.415,1308.075,1301.9126288397367,,8.482427844638469,39.52811375601596,3.1017634811251185,first_green,1
2018-06-15 09:15:00,2018-06-15 09:30:00,long,1299.225,1299.415,1297.8647693352957,,9.441468701179057,1.793879053224536,0.13968219135933976,first_green,1
2018-06-15 10:15:00,2018-06-15 10:30:00,long,1298.215,1299.015,1296.7704328140717,,8.89336271096775,7.114690168775818,0.5537990948383101,first_green,1
2018-06-15 13:00:00,2018-06-15 13:15:00,long,1299.0449999999998,1297.316925629064,1297.5419256290638,,8.559022041093227,-14.790626629488926,-1.1496931917346134,stop_loss,1
2018-06-15 15:30:00,2018-06-15 15:45:00,long,1294.655,1292.4566806454536,1292.6816806454535,,6.500655899469651,-14.290517681050087,-1.1140210779778337,stop_loss,1
2018-06-15 16:00:00,2018-06-15 16:15:00,long,1292.445,1290.1709899442942,1290.3959899442941,,6.243084934525067,-14.196837919734953,-1.1098091243492718,stop_loss,1
2018-06-18 11:45:00,2018-06-18 12:30:00,short,1281.685,1281.135,1283.009589614119,,9.630644524683142,5.29685448857529,0.4152229446293326,first_green,3
2018-06-19 11:00:00,2018-06-19 11:15:00,short,1281.765,1280.995,1283.221649486814,,8.76662091085579,6.750298101360793,0.5286103533969941,first_green,1
2018-06-20 14:15:00,2018-06-20 15:45:00,short,1273.2150000000001,1274.9052880154793,1274.6802880154794,,8.726454772757265,-14.750221920012475,-1.1535534295121626,stop_loss,6
2018-06-21 11:00:00,2018-06-21 11:30:00,short,1264.775,1264.115,1266.4151236389978,,7.773739575593536,5.130668119892371,0.4024086869471737,first_green,2
2018-06-21 15:00:00,2018-06-21 15:45:00,short,1263.935,1265.7863054089812,1265.5613054089813,,7.847677712414793,-14.528448196935198,-1.1383503976297045,stop_loss,3
2018-06-22 10:00:00,2018-06-22 10:15:00,short,1270.115,1269.845,1271.4404269688048,,9.601735810933784,2.592468668951947,0.20370794193470967,first_green,1
2018-06-22 12:15:00,2018-06-22 12:30:00,short,1270.115,1269.995,1271.6283936715975,,8.413462406898141,1.0096154888287716,0.07929199272615824,first_green,1
2018-06-25 10:15:00,2018-06-25 11:00:00,short,1266.415,1267.9373664011148,1267.7123664011149,,9.816351641756954,-14.94408392093912,-1.1734282619054661,stop_loss,3
2018-06-25 11:15:00,2018-06-25 11:30:00,short,1268.305,1269.9521012542234,1269.7271012542235,,8.929072071366926,-14.707085807799094,-1.1582165822100863,stop_loss,1
2018-06-25 14:45:00,2018-06-25 15:15:00,short,1269.4550000000002,1269.395,1271.003737914834,,8.1752223897625,0.4905133433871627,0.038741222401476524,first_green,2
2018-06-26 13:45:00,2018-06-26 14:00:00,short,1257.575,1257.085,1259.089446430424,,8.361142993375166,4.0969600667539074,0.3235505661714537,first_green,1
2018-06-27 09:00:00,2018-06-27 09:15:00,short,1256.075,1255.7549999999999,1257.421880038861,,9.408963823879615,3.010868423643017,0.2375861181154539,first_green,1
2018-06-27 10:00:00,2018-06-27 11:00:00,short,1256.905,1258.555465191324,1258.330465191324,,8.895533057548073,-14.681767669754818,-1.1578432089182862,stop_loss,4
2018-06-27 11:15:00,2018-06-27 11:30:00,short,1258.285,1256.595,1259.728136076639,,8.761175413257057,14.806386448404904,1.1710607387323548,first_green,1
2018-06-27 13:00:00,2018-06-27 14:00:00,short,1258.025,1257.5349999999999,1259.6337357121088,,7.882329075751422,3.862341247120061,0.3045870097319834,first_green,4
2018-06-28 11:15:00,2018-06-28 11:30:00,short,1250.435,1250.0049999999999,1251.8846599071821,,8.753942955171219,3.7641954707241814,0.2966212957050628,first_green,1
2018-06-28 13:00:00,2018-06-28 13:15:00,short,1251.815,1251.7649999999999,1253.4243928375158,,7.890957586310312,0.39454787931695096,0.03106761682707685,first_green,1
2018-06-28 13:45:00,2018-06-28 14:00:00,short,1252.695,1252.235,1254.2893152565678,,7.966201752085242,3.664452805959501,0.2885251195490064,first_green,1
2018-06-29 07:15:00,2018-06-29 08:15:00,short,1250.275,1251.8861513301406,1251.6611513301407,,9.169127385949,-14.772851784099428,-1.1623199394665575,stop_loss,4
2018-06-29 09:15:00,2018-06-29 09:30:00,short,1252.035,1251.5049999999999,1253.3483157940839,,9.64951921684796,5.11424518493135,0.4035586889213831,first_green,1
2018-06-29 12:00:00,2018-06-29 12:15:00,short,1250.595,1250.485,1252.0180090695114,,8.91466672810416,0.9806133400925927,0.07730098307658427,first_green,1
2018-07-03 09:00:00,2018-07-03 09:30:00,short,1239.505,1241.1567718171066,1240.9317718171067,,8.892874800993118,-14.68899996933669,-1.157698657418256,stop_loss,2
2018-07-03 09:45:00,2018-07-03 10:00:00,short,1240.185,1241.900190481845,1241.675190481845,,8.489774155265485,-14.561579824124665,-1.150987409154117,stop_loss,1
2018-07-03 10:15:00,2018-07-03 10:45:00,short,1242.855,1244.8249346501623,1244.5999346501624,,7.229483745111423,-14.241610532279806,-1.1289446570271127,stop_loss,2
2018-07-03 12:45:00,2018-07-03 13:15:00,short,1246.4650000000001,1246.435,1248.1685456735324,,7.384229761927343,0.2215268928592978,0.017610329130768362,first_green,2
2018-07-03 15:00:00,2018-07-03 15:30:00,short,1247.595,1249.5004074881517,1249.2754074881518,,7.486235671544171,-14.264329506628599,-1.1338960945998744,stop_loss,2
2018-07-04 08:30:00,2018-07-04 08:45:00,short,1257.915,1258.0449999999998,1259.4124104640766,,8.377305994385667,-1.0890497792691463,-0.08681654303787872,first_green,1
2018-07-04 09:15:00,2018-07-04 09:45:00,short,1258.645,1260.530237168213,1260.3052371682131,,7.55406713717603,-14.241208138181019,-1.1355228062036877,stop_loss,2
2018-07-04 10:00:00,2018-07-04 10:15:00,short,1260.425,1259.465,1262.1642751671152,,7.190317120846381,6.902704436012788,0.5519540657803402,first_green,1
2018-07-05 09:30:00,2018-07-05 09:45:00,short,1255.415,1256.9550160090691,1256.7300160090692,,9.523227616008457,-14.665922986662716,-1.1711005785847108,stop_loss,1
2018-07-05 15:30:00,2018-07-05 16:00:00,short,1255.285,1256.8884481161435,1256.6634481161436,,9.05839822287133,-14.524671565740249,-1.1632270357983345,stop_loss,2
2018-07-06 07:15:00,2018-07-06 07:30:00,short,1254.405,1255.969019680988,1255.744019680988,,9.298011420932925,-14.542272856389735,-1.1680333778469087,stop_loss,1
2018-07-06 07:45:00,2018-07-06 08:00:00,short,1255.295,1255.2849999999999,1256.6581853371786,,9.106512713989272,0.09106512714188048,0.007335759656068615,first_green,1
2018-07-06 09:30:00,2018-07-06 10:00:00,short,1256.2350000000001,1256.2949999999998,1257.8126024442192,,7.8689611016052545,-0.4721376660940967,-0.0380323954362388,first_green,2
2018-07-09 09:15:00,2018-07-09 09:30:00,short,1261.055,1261.0049999999999,1262.2886911171577,,10.061604359923878,0.5030802179980242,0.04052878334358176,first_green,1
2018-07-09 12:45:00,2018-07-09 13:15:00,short,1262.9750000000001,1264.6077022215893,1264.3827022215894,,8.818746914899387,-14.39838767958887,-1.1598349399107215,stop_loss,2
2018-07-09 13:30:00,2018-07-09 13:45:00,short,1263.775,1265.4117572087578,1265.1867572087579,,8.76791956701264,-14.350955557115384,-1.1593758463595107,stop_loss,1
2018-07-09 14:00:00,2018-07-09 14:45:00,short,1264.855,1265.0149999999999,1266.2696528993881,,8.724611013050708,-1.3959377620868438,-0.11310194894384434,first_green,3
2018-07-09 15:45:00,2018-07-09 16:45:00,long,1263.645,1261.9834794093235,1262.2084794093234,,8.589369690433264,-14.271414601587038,-1.1566284545172751,stop_loss,4
2018-07-10 08:45:00,2018-07-10 09:15:00,long,1257.665,1256.2641418701082,1256.4891418701081,,10.463105685945504,-14.657326664073151,-1.1913496146177165,stop_loss,2
2018-07-10 09:30:00,2018-07-10 09:45:00,long,1256.5049999999999,1257.075,1255.2147484288,,9.507048735208322,5.4190177790703,0.44177431186547306,first_green,1
2018-07-11 08:45:00,2018-07-11 09:00:00,short,1251.515,1251.635,1252.9729393150294,,8.422869172903132,-1.0107443007474566,-0.08230795257584411,first_green,1
2018-07-11 11:15:00,2018-07-11 11:30:00,short,1252.945,1251.735,1254.4047139290294,,8.410898195603961,10.177186816681099,0.8289295429307385,first_green,1
2018-07-11 14:00:00,2018-07-11 14:30:00,short,1250.275,1249.405,1251.694912711175,,8.664580661887067,7.538185175842773,0.6127137204654218,first_green,2
2018-07-12 10:45:00,2018-07-12 11:00:00,short,1245.555,1245.465,1247.0105108812102,,8.465614267005025,0.7619052840316841,0.0618339588951201,first_green,1
2018-07-12 15:00:00,2018-07-12 15:30:00,short,1244.285,1245.8923459843945,1245.6673459843946,,8.915060761985108,-14.329587116409218,-1.1627667765812326,stop_loss,2
2018-07-12 15:45:00,2018-07-12 16:00:00,short,1245.415,1247.224334594648,1246.9993345946482,,7.7558582124508035,-14.032942574973083,-1.1420154560532503,stop_loss,1
2018-07-13 13:00:00,2018-07-13 13:15:00,short,1241.755,1241.245,1243.234696853955,,8.28060969920006,4.223110946593838,0.3446651918175639,first_green,1
2018-07-16 08:15:00,2018-07-16 08:30:00,short,1244.535,1244.645,1245.6920962836084,,10.598383273567341,-1.1658221600913472,-0.0950655546631543,first_green,1
2018-07-16 09:15:00,2018-07-16 09:30:00,short,1244.9550000000002,1244.555,1246.1334306527526,,10.404036346190084,4.16161453847698,0.3394344835360557,first_green,1
2018-07-17 09:30:00,2018-07-17 10:00:00,short,1242.115,1243.4368337240508,1243.2118337240508,,11.187511023757153,-14.788029359391714,-1.2051359244944952,stop_loss,2
2018-07-17 10:15:00,2018-07-17 10:30:00,short,1243.145,1244.496293255007,1244.271293255007,,10.862063899664953,-14.67783368307252,-1.1997703519928191,stop_loss,1
2018-07-17 10:45:00,2018-07-17 12:15:00,short,1243.9850000000001,1243.645,1245.2243804086543,,9.841348657984895,3.346058543716296,0.2743306232905162,first_green,6
2018-07-18 15:45:00,2018-07-18 16:45:00,short,1224.825,1224.435,1226.4727521110744,,7.40738839645123,2.8888814746167206,0.23668608729367993,first_green,4
2018-07-19 10:00:00,2018-07-19 10:15:00,short,1223.795,1221.2849999999999,1225.0832492209304,,9.480123778120808,23.795110683085298,1.948380762992132,first_green,1
2018-07-20 07:15:00,2018-07-20 07:45:00,short,1219.375,1221.632127843271,1221.4071278432712,,6.039113084755477,-13.631050292264193,-1.110721380421481,stop_loss,2
2018-07-20 08:00:00,2018-07-20 09:00:00,short,1221.695,1223.9347065858842,1223.7097065858843,,6.074419127930765,-13.604916526247967,-1.1116787931187229,stop_loss,4
2018-07-20 09:15:00,2018-07-20 10:00:00,short,1222.415,1224.7062149279182,1224.4812149279182,,5.906529744920684,-13.533129123755092,-1.1088947703163665,stop_loss,3
2018-07-20 10:15:00,2018-07-20 10:45:00,short,1223.515,1223.445,1225.606319230432,,5.819449719221153,0.40736148034643344,0.03347169527327741,first_green,2
2018-07-20 13:00:00,2018-07-20 13:15:00,short,1225.325,1223.895,1227.1876297521148,,6.534495381178578,9.344328395085784,0.7677317504332063,first_green,1
2018-07-20 16:00:00,2018-07-20 16:15:00,short,1229.795,1229.0449999999998,1232.0498430543255,,5.408228439507046,4.056171329631514,0.33261738486034204,first_green,1
2018-07-24 10:30:00,2018-07-24 13:00:00,short,1223.045,1225.2105390738493,1224.9855390738494,,6.289410466310156,-13.619964116270959,-1.1159471628435653,stop_loss,10
2018-07-24 13:15:00,2018-07-24 13:30:00,short,1226.315,1226.435,1228.1128791530593,,6.7695299933541975,-0.8123435992017649,-0.06674530921374665,first_green,1
2018-07-24 14:00:00,2018-07-24 14:15:00,short,1226.695,1226.485,1228.4816364793262,,6.810991565923857,1.4303082288442577,0.11753929936504323,first_green,1
2018-07-24 15:00:00,2018-07-24 15:15:00,short,1227.605,1226.855,1229.3466660892868,,6.988906678213845,5.241680008660384,0.430622152324913,first_green,1
2018-07-25 08:45:00,2018-07-25 09:30:00,short,1226.305,1227.8300754206064,1227.6050754206065,,9.372876195885008,-14.294343106730098,-1.1730668824543755,stop_loss,3
2018-07-25 09:45:00,2018-07-25 10:00:00,short,1226.875,1226.835,1228.2552468785907,,8.802563000392714,0.35210252001538833,0.02898032273820875,first_green,1
2018-07-25 11:45:00,2018-07-25 12:30:00,short,1228.7150000000001,1230.5103878943155,1230.2853878943156,,7.737317897809355,-13.89148688819644,-1.1432767030453899,stop_loss,3
2018-07-25 12:45:00,2018-07-25 13:00:00,short,1231.015,1230.335,1232.6298756676788,,7.502659112689185,5.101808196629123,0.4210850492146761,first_green,1
2018-07-25 14:45:00,2018-07-25 15:00:00,short,1232.685,1232.685,1234.3095064490476,,7.466031403920456,0.0,0.0,first_green,1
2018-07-26 15:45:00,2018-07-26 16:00:00,short,1228.9850000000001,1227.845,1230.5060049120864,,7.974080864620716,9.090452185668415,0.7495044828201394,first_green,1
2018-07-27 10:30:00,2018-07-27 10:45:00,short,1224.845,1224.355,1226.203904997408,,8.942010161198224,4.381584978987211,0.3605844418371024,first_green,1
2018-07-27 14:15:00,2018-07-27 15:15:00,short,1219.115,1220.825989560728,1220.600989560728,,8.184644481226279,-14.003841265647928,-1.1514142534686924,stop_loss,4
2018-07-27 15:45:00,2018-07-27 16:00:00,short,1221.775,1223.858359396997,1223.633359396997,,6.525802637426113,-13.595592247628922,-1.1210745350783575,stop_loss,1
2018-07-30 12:45:00,2018-07-30 13:15:00,short,1222.155,1222.095,1223.4356040890525,,9.44343203100103,0.5666059218595465,0.04685288803375373,first_green,2
2018-07-30 16:00:00,2018-07-30 16:15:00,short,1222.865,1222.955,1224.2331430918794,,8.840240659169897,-0.7956216593245671,-0.06578259286920773,first_green,1
2018-07-31 08:00:00,2018-07-31 08:15:00,short,1222.4650000000001,1222.365,1223.824664835047,,8.893901513477331,0.8893901513489465,0.07354753717425071,first_green,1
2018-07-31 14:15:00,2018-07-31 15:30:00,short,1220.115,1221.7073586666604,1221.4823586666605,,8.8454835622345,-14.085182411126235,-1.1645508274353702,stop_loss,5
2018-08-01 11:30:00,2018-08-01 11:45:00,short,1223.175,1223.345,1224.5510991416077,,8.763711340962653,-1.4898309279642885,-0.1235376106705946,first_green,1
2018-08-03 13:45:00,2018-08-03 14:00:00,short,1208.115,1209.6161779717108,1209.391177971711,,9.44696691489944,-14.181578632128069,-1.1763076976624667,stop_loss,1
2018-08-03 14:15:00,2018-08-03 14:30:00,short,1210.005,1211.5967044756078,1211.3717044756079,,8.795286284806137,-13.999496543776814,-1.1646295918507557,stop_loss,1
2018-08-03 14:45:00,2018-08-03 15:00:00,short,1211.885,1211.2649999999999,1213.3627451856007,,8.110707113191838,5.028638410179898,0.41955812547484583,first_green,1
2018-08-07 09:30:00,2018-08-07 10:00:00,short,1212.105,1213.5741737908031,1213.3491737908032,,9.643451801549952,-14.167906639710102,-1.1808429028670167,stop_loss,2
2018-08-07 11:45:00,2018-08-07 12:00:00,short,1213.115,1214.8423088830082,1214.6173088830083,,7.962883234643855,-13.754358945557108,-1.1497694665489593,stop_loss,1
2018-08-07 12:15:00,2018-08-07 12:30:00,short,1213.795,1215.5131898021857,1215.2881898021858,,7.988484988940081,-13.725733442909865,-1.1506841258027312,stop_loss,1
2018-08-07 12:45:00,2018-08-07 13:30:00,short,1215.035,1214.655,1216.5291279416806,,7.960503016504755,3.0249911462726757,0.25432895630926017,first_green,3
2018-08-08 08:15:00,2018-08-08 08:30:00,short,1214.055,1213.985,1215.1618210875463,,10.752932518698916,0.7527052763106845,0.06324418714803388,first_green,1
2018-08-08 10:15:00,2018-08-08 10:45:00,short,1214.825,1214.7649999999999,1216.096452829477,,9.3620887475204,0.5617253248528418,0.0471901108787968,first_green,2
2018-08-09 09:15:00,2018-08-09 09:30:00,short,1215.815,1214.345,1217.1533746107118,,8.895012237888565,13.075667989696434,1.098347195347852,first_green,1
2018-08-09 12:30:00,2018-08-09 12:45:00,short,1214.395,1214.2749999999999,1216.0442707588243,,7.238076372398996,0.8685691646887352,0.07275942980136413,first_green,1
2018-08-09 15:30:00,2018-08-09 15:45:00,short,1215.7150000000001,1214.845,1217.244590749136,,7.805825931407824,6.79106856032573,0.5687795905483957,first_green,1
2018-08-13 09:15:00,2018-08-13 09:30:00,short,1209.265,1208.805,1210.69382592447,,8.368196993544018,3.849370617030553,0.3219426468417998,first_green,1
2018-08-16 08:15:00,2018-08-16 08:30:00,short,1174.375,1177.4248699429586,1177.1998699429587,,4.236060588140413,-12.919433864320949,-1.0796496846025594,stop_loss,1
2018-08-16 08:45:00,2018-08-16 09:00:00,short,1178.325,1176.2749999999999,1181.2532041855104,,4.075542855372606,8.354862853514584,0.7000877910578084,first_green,1
2018-08-16 11:30:00,2018-08-16 12:30:00,short,1179.585,1179.335,1182.4942152083324,,4.109324318882357,1.0273310797205892,0.08593382823105185,first_green,4
2018-08-16 14:30:00,2018-08-16 14:45:00,short,1180.815,1180.7749999999999,1183.051553428877,,5.346385638623547,0.21385542554596298,0.01788466105201707,first_green,1
2018-08-17 10:45:00,2018-08-17 11:00:00,short,1175.9950000000001,1177.9898995522365,1177.7648995522366,,6.7563222758126535,-13.478184282783124,-1.1271258584791435,stop_loss,1
2018-08-17 11:15:00,2018-08-17 11:30:00,short,1178.355,1178.125,1180.3802960424896,,5.887690520226911,1.3541688196522967,0.11356364461034217,first_green,1
2018-08-17 15:45:00,2018-08-17 16:15:00,short,1177.915,1180.1000553892432,1179.8750553892432,,6.085390136180283,-13.296914512708073,-1.1147926743472159,stop_loss,2
2018-08-20 11:00:00,2018-08-20 13:15:00,short,1187.7350000000001,1186.615,1189.2138782805907,,8.042892780219956,9.008039913847302,0.7573307517592548,first_green,9
2018-08-21 12:00:00,2018-08-21 12:15:00,short,1195.135,1194.195,1196.681177848588,,7.707379559507515,7.244936785937485,0.6079507612002367,first_green,1
2018-08-22 12:00:00,2018-08-22 12:15:00,short,1196.275,1198.1058986006701,1197.8808986006702,,7.432033306807433,-13.60729938156675,-1.1401084725436712,stop_loss,1
2018-08-22 14:15:00,2018-08-22 15:15:00,short,1199.055,1200.9669763142422,1200.7419763142423,,7.0546773766814015,-13.488376048834509,-1.1333747238182061,stop_loss,4
2018-08-22 15:30:00,2018-08-22 15:45:00,short,1200.755,1199.5349999999999,1202.5658784130942,,6.553368030205327,7.995108996852168,0.6737061920771085,first_green,1
2018-08-23 10:00:00,2018-08-23 10:15:00,long,1190.335,1188.4967969137392,1188.7217969137391,,7.368781136542712,-13.545316227173318,-1.1394740698899946,stop_loss,1
2018-08-23 14:00:00,2018-08-23 14:45:00,short,1190.355,1189.825,1192.143358519185,,6.6281324766386485,3.5129102126183027,0.2963611570690463,first_green,3
2018-08-23 15:45:00,2018-08-23 16:00:00,short,1192.055,1190.445,1193.9583149827104,,6.2324205736686675,10.034197123607349,0.8458925688209031,first_green,1
2018-08-24 08:15:00,2018-08-24 08:45:00,short,1188.395,1188.385,1189.8954106775436,,7.922727508634883,0.07922727508627678,0.006664841932718147,first_green,2
2018-08-24 11:15:00,2018-08-24 13:00:00,short,1189.815,1191.602124814143,1191.3771248141431,,7.609854801476404,-13.599760347743725,-1.1440345854331326,stop_loss,7
2018-08-24 14:30:00,2018-08-24 14:45:00,short,1192.255,1192.085,1193.7378296496904,,7.993867413575489,1.358957460308415,0.11464567088713008,first_green,1
2018-08-24 16:00:00,2018-08-24 16:15:00,short,1193.625,1195.4434468954782,1195.2184468954783,,7.441064426959959,-13.53118050625895,-1.141203325092529,stop_loss,1
2018-08-27 12:15:00,2018-08-27 12:30:00,long,1203.7749999999999,1204.535,1202.2789428518656,,7.902848546710129,6.006164895501423,0.5080019843814305,first_green,1
2018-08-27 13:45:00,2018-08-27 14:00:00,long,1203.415,1204.4550000000002,1201.9274369905224,,7.958068596586457,8.276391340451434,0.6991300491973568,first_green,1
2018-08-28 14:00:00,2018-08-28 14:15:00,long,1212.585,1211.0473196503758,1211.2723196503757,,9.034049647282236,-13.891480620155551,-1.1714050187955531,stop_loss,1
2018-08-28 14:30:00,2018-08-28 14:45:00,long,1211.835,1212.445,1210.3742194944566,,8.094365103516218,4.937562713144083,0.4175849812378032,first_green,1
2018-08-29 14:00:00,2018-08-29 14:15:00,long,1203.065,1203.345,1201.295149817631,,6.687817292482087,1.872588841894802,0.1582054813392031,first_green,1
2018-08-30 08:30:00,2018-08-30 08:45:00,long,1203.085,1201.6702102066695,1201.8952102066694,,9.952275766047348,-14.080378174214827,-1.1891090352776128,stop_loss,1
2018-08-30 09:00:00,2018-08-30 09:15:00,long,1201.085,1201.535,1199.726354719016,,8.689475720158757,3.910264074071836,0.3312122790976774,first_green,1
2018-08-30 11:30:00,2018-08-30 11:45:00,long,1201.615,1202.445,1199.9083838311444,,6.923461207758277,5.746472802438866,0.48634251517522115,first_green,1
2018-08-31 12:00:00,2018-08-31 12:30:00,long,1206.405,1206.665,1204.5621867771044,,6.419563782499229,1.6690865834497413,0.14108863381795397,first_green,2
2018-08-31 14:30:00,2018-08-31 14:45:00,long,1203.7549999999999,1203.775,1201.7919353564366,,6.028446276016942,0.1205689255215999,0.010188151503715222,first_green,1
2018-08-31 15:45:00,2018-08-31 16:30:00,long,1202.7749999999999,1200.5743887299516,1200.7993887299515,,5.99031365218597,-13.182351734124545,-1.1138888016134874,stop_loss,3
2018-09-03 12:30:00,2018-09-03 12:45:00,long,1202.7549999999999,1200.888668552692,1201.113668552692,,7.190245030889067,-13.41938041499732,-1.13708382933194,stop_loss,1
2018-09-03 13:00:00,2018-09-03 13:15:00,long,1201.0349999999999,1201.145,1199.3451019663516,,6.963749645063053,0.7660124609578225,0.06509268477143312,first_green,1
2018-09-04 09:15:00,2018-09-04 09:30:00,long,1198.185,1196.6188868607424,1196.8438868607423,,8.776248266181005,-13.744597723052761,-1.1677710801673657,stop_loss,1
2018-09-04 09:45:00,2018-09-04 10:00:00,long,1196.495,1194.8164636707422,1195.0414636707421,,8.073812902115712,-13.552188271830504,-1.1547948926153118,stop_loss,1
2018-09-04 10:15:00,2018-09-04 11:45:00,long,1195.145,1195.545,1193.4087875528337,,6.739785742968429,2.6959142971879846,0.23038655243656483,first_green,6
2018-09-05 12:00:00,2018-09-05 12:30:00,short,1194.525,1194.365,1196.1903824177589,,7.030481142988989,1.1248769828788137,0.09607402978074173,first_green,2
2018-09-05 14:00:00,2018-09-05 14:30:00,short,1194.525,1194.425,1196.0764647439453,,7.548513056503936,0.7548513056514233,0.06445521910207794,first_green,2
2018-09-05 16:00:00,2018-09-05 16:15:00,short,1195.805,1197.6473106370083,1197.4223106370084,,7.242355758140845,-13.342669050220957,-1.1391198418234023,stop_loss,1
2018-09-06 10:30:00,2018-09-06 10:45:00,short,1197.925,1199.5435593069367,1199.3185593069368,,8.381259609027806,-13.565565744044866,-1.1614570681562744,stop_loss,1
2018-09-06 11:00:00,2018-09-06 11:15:00,short,1198.775,1200.4392934840425,1200.2142934840426,,8.091378545635157,-13.466428590421435,-1.156326699519234,stop_loss,1
2018-09-07 10:15:00,2018-09-07 10:30:00,long,1198.935,1199.105,1197.062548035939,,6.201602267539052,1.05427238548209,0.0907900460268048,first_green,1
2018-09-07 12:45:00,2018-09-07 13:00:00,long,1199.935,1200.275,1198.1655918384001,,6.564250283914334,2.231845096531829,0.19215464660948214,first_green,1
2018-09-10 10:45:00,2018-09-10 11:15:00,short,1194.695,1194.7649999999999,1196.3027533401319,,7.227736587336057,-0.5059415611130639,-0.043539016995102375,first_green,2
2018-09-10 12:30:00,2018-09-10 12:45:00,short,1195.525,1194.365,1197.1143101325526,,7.310815270094077,8.480545713309727,0.729876426407118,first_green,1
2018-09-10 16:00:00,2018-09-10 16:45:00,short,1195.565,1197.66728548647,1197.4422854864702,,6.200630769351624,-13.035496073367286,-1.1198539069425084,stop_loss,3
2018-09-11 09:30:00,2018-09-11 09:45:00,short,1196.185,1195.955,1197.2821684400305,,10.579747818627167,2.433341998284441,0.2096305285573138,first_green,1
2018-09-11 14:15:00,2018-09-11 14:45:00,short,1194.415,1194.345,1195.7045167844046,,9.006357191727284,0.6304450034203365,0.05428389986583484,first_green,2
2018-09-12 09:00:00,2018-09-12 09:15:00,short,1194.255,1195.6821118255884,1195.4571118255885,,9.66251610735048,-13.789491001737556,-1.1871706069356522,stop_loss,1
2018-09-12 11:00:00,2018-09-12 11:15:00,short,1196.125,1196.215,1197.6816641976066,,7.439594980013365,-0.6695635482005939,-0.05781593752737272,first_green,1
2018-09-12 12:45:00,2018-09-12 13:00:00,short,1197.005,1196.625,1198.794627495371,,6.470216439544362,2.4586822470275638,0.21233469031014376,first_green,1
2018-09-13 13:15:00,2018-09-13 13:45:00,long,1205.465,1203.8905306002002,1204.1155306002001,,8.585169807145151,-13.517087153434177,-1.1667321986206531,stop_loss,2
2018-09-14 12:45:00,2018-09-14 13:45:00,long,1206.425,1206.405,1205.0425607583009,,8.355977521837449,-0.167119550436597,-0.01446718191781114,first_green,4
2018-09-14 14:45:00,2018-09-14 15:00:00,long,1205.165,1205.055,1203.8918773084565,,9.073134511540047,-0.9980447962684975,-0.08640172760297227,first_green,1
2018-09-14 15:45:00,2018-09-14 16:15:00,long,1203.2849999999999,1201.3706130988867,1201.5956130988866,,6.836041116730936,-13.086827569340787,-1.1331844113693785,stop_loss,2
2018-09-17 07:45:00,2018-09-17 08:30:00,long,1194.825,1195.2350000000001,1193.621756075126,,9.5707952569633,3.924026055355737,0.34074553922475,first_green,3
2018-09-17 13:45:00,2018-09-17 14:00:00,short,1197.7150000000001,1196.405,1199.0561775400122,,8.593799829207185,11.257877776262898,0.9767536071237908,first_green,1
2018-09-17 15:15:00,2018-09-17 15:30:00,short,1198.395,1198.565,1199.8253346986758,,8.077798867236764,-1.3732258074308377,-0.11885330066973893,first_green,1
2018-09-17 16:00:00,2018-09-17 16:15:00,short,1199.175,1200.9678463312646,1200.7428463312647,,7.36712693960047,-13.208126505623504,-1.143508962270818,stop_loss,1
2018-09-18 10:15:00,2018-09-18 10:30:00,long,1196.5249999999999,1196.535,1194.877048317503,,6.9889807755163975,0.06988980775668951,0.006068139076181756,first_green,1
2018-09-18 13:30:00,2018-09-18 13:45:00,long,1198.655,1199.905,1197.2010269133984,,7.921520321528374,9.901900401910467,0.8597132997294362,first_green,1
2018-09-19 10:00:00,2018-09-19 10:15:00,long,1202.5049999999999,1203.655,1201.4238667599486,,10.676234598916718,12.277669788755198,1.0636986796794514,first_green,1
2018-09-20 10:00:00,2018-09-20 10:15:00,long,1202.975,1202.9550000000002,1201.625031970225,,8.57288915195768,-0.17145778303704842,-0.01481516566217558,first_green,1
2018-09-20 11:00:00,2018-09-20 11:15:00,long,1202.375,1202.305,1200.9668929118493,,8.218620395333117,-0.575303427672795,-0.0497121281392518,first_green,1
2018-09-20 12:00:00,2018-09-20 12:15:00,long,1201.615,1202.695,1200.2236313894036,,8.316458547932582,8.981775231766584,0.776214147548588,first_green,1
2018-09-21 11:15:00,2018-09-21 11:30:00,long,1207.925,1208.195,1206.5345752019684,,8.33825305001206,2.2513283235031047,0.1941852593410532,first_green,1
2018-09-21 13:15:00,2018-09-21 13:30:00,long,1206.495,1204.7553015962264,1204.9803015962264,,7.657855916999889,-13.322359715131743,-1.1485444227308694,stop_loss,1
2018-09-21 13:45:00,2018-09-21 14:15:00,long,1205.325,1205.615,1203.8062804579708,,7.61564983819589,2.208538453076531,0.1909503314960224,first_green,2
2018-09-24 09:00:00,2018-09-24 09:15:00,long,1195.5249999999999,1194.188257067966,1194.413257067966,,10.408483154898988,-13.913466290503651,-1.202384916077936,stop_loss,1
2018-09-24 09:30:00,2018-09-24 09:45:00,long,1195.055,1197.2050000000002,1193.9190839004402,,10.15636094901422,21.836176040381496,1.892745424449226,first_green,1
2018-09-24 11:15:00,2018-09-24 12:30:00,short,1198.315,1198.465,1199.749094344533,,8.08270697058098,-1.2124060455860444,-0.10459562899170192,first_green,5
2018-09-24 13:45:00,2018-09-24 15:00:00,short,1199.015,1200.5800115042096,1200.3550115042096,,8.647935710633233,-13.534118874804745,-1.1679090062235205,stop_loss,5
2018-09-24 15:15:00,2018-09-24 15:30:00,short,1200.415,1199.385,1201.8030902499997,,8.324025071660792,8.573745823810388,0.7420266801817373,first_green,1
2018-09-25 09:45:00,2018-09-25 10:00:00,short,1199.515,1199.465,1200.5357224070622,,11.340921221279386,0.5670460610660322,0.04898491465872323,first_green,1
2018-09-25 14:30:00,2018-09-25 15:30:00,short,1201.2250000000001,1201.0149999999999,1202.529110147973,,8.877586023262733,1.8642930648875153,0.16102934274892797,first_green,4
2018-09-27 10:45:00,2018-09-27 11:00:00,short,1196.275,1196.055,1197.806115109403,,7.564428490041646,1.6641742678093685,0.14368612695999303,first_green,1
2018-09-27 12:15:00,2018-09-27 12:30:00,short,1196.865,1196.0149999999999,1198.3208219909038,,7.958508157702002,6.764731934047787,0.5838625912447118,first_green,1
2018-09-28 11:15:00,2018-09-28 11:30:00,short,1183.265,1183.405,1184.480708033062,,9.544300691492012,-1.3362020968076664,-0.11515922918372638,first_green,1
2018-09-28 13:00:00,2018-09-28 13:30:00,short,1184.275,1184.205,1185.567944194983,,8.971572447112386,0.6280100712993357,0.05414000099291676,first_green,2
2018-09-28 15:45:00,2018-09-28 16:00:00,short,1184.445,1186.2738377332905,1186.0488377332906,,7.233470256830986,-13.228843348327638,-1.1402885063305408,stop_loss,1
2018-10-01 15:15:00,2018-10-01 15:30:00,short,1187.795,1189.6673936187765,1189.4423936187766,,7.022147166481116,-13.148223544628118,-1.136579380565413,stop_loss,1
2018-10-01 15:45:00,2018-10-01 16:00:00,short,1191.2450000000001,1187.7849999999999,1193.1820383753738,,5.955158152756424,20.6048472085388,1.786232035456031,first_green,1
2018-10-02 09:30:00,2018-10-02 09:45:00,short,1193.535,1193.0249999999999,1194.713966414101,,9.828000062382786,5.012280031817366,0.4325822974263251,first_green,1
2018-10-02 11:45:00,2018-10-02 12:00:00,short,1194.125,1192.105,1195.6882939577388,,7.419853850255876,14.988104777516735,1.2921434193488497,first_green,1
2018-10-02 15:45:00,2018-10-02 16:00:00,short,1196.4950000000001,1198.9307576128683,1198.7057576128684,,5.263753423540464,-12.821227473649744,-1.101775065113533,stop_loss,1
2018-10-03 09:30:00,2018-10-03 10:00:00,long,1203.945,1204.325,1202.603592291193,,8.6512324392348,3.2874683269101683,0.28328449099051967,first_green,2
2018-10-03 11:15:00,2018-10-03 11:45:00,long,1203.155,1203.535,1201.6905589499236,,7.930021187866111,3.013408051389988,0.25948466821541494,first_green,2
2018-10-03 14:00:00,2018-10-03 14:30:00,long,1202.995,1203.265,1201.4304428188861,,7.427393652268464,2.005396286114039,0.17257279136835874,first_green,2
2018-10-05 15:30:00,2018-10-05 15:45:00,long,1202.085,1204.115,1200.5555324972381,,7.601073932814517,15.430180083613262,1.3272593215182353,first_green,1
2018-10-08 10:45:00,2018-10-08 11:00:00,long,1195.5049999999999,1194.0086908903513,1194.2336908903512,,9.174929156106751,-13.728530076662745,-1.176982921220545,stop_loss,1
2018-10-08 11:15:00,2018-10-08 11:30:00,long,1194.0249999999999,1193.885,1192.7088712268844,,8.836407142606953,-1.2370969999638484,-0.10637256996401201,first_green,1
2018-10-08 15:15:00,2018-10-08 15:30:00,long,1189.995,1188.1576033220185,1188.3826033220184,,7.210853946563234,-13.249199086824065,-1.1395438250850187,stop_loss,1
2018-10-08 15:45:00,2018-10-08 16:00:00,long,1185.325,1187.295,1183.2703569460264,,5.642651130428158,11.116022726943624,0.9588040103559833,first_green,1
2018-10-10 13:30:00,2018-10-10 13:45:00,short,1187.025,1188.4525528386582,1188.2275528386583,,9.663961228443979,-13.795815284347311,-1.1871019657239832,stop_loss,1
2018-10-10 14:00:00,2018-10-10 14:30:00,short,1188.7450000000001,1188.305,1190.149241988435,,8.251380150405122,3.630607266178704,0.31333630786133015,first_green,2
2018-10-11 08:30:00,2018-10-11 08:45:00,short,1193.4950000000001,1193.155,1194.795701837502,,8.915195361124042,3.0311664227834716,0.2613973396494388,first_green,1
2018-10-11 10:15:00,2018-10-11 10:30:00,short,1196.015,1197.9378184860682,1197.7128184860683,,6.834410744832659,-13.141331321546561,-1.1325230004539335,stop_loss,1
2018-10-11 10:45:00,2018-10-11 12:00:00,short,1196.905,1198.9429914497218,1198.717991449722,,6.382123631874009,-13.00671339282704,-1.1241042808196455,stop_loss,5
2018-10-11 12:15:00,2018-10-11 12:30:00,short,1199.155,1201.2578075935144,1201.0328075935145,,6.144515994090248,-12.920734890843647,-1.119820582671519,stop_loss,1
2018-10-12 07:15:00,2018-10-12 08:15:00,long,1219.965,1220.525,1218.0891082035664,,6.13357176401226,3.4348001878479253,0.2985246809356803,first_green,4
2018-10-12 09:30:00,2018-10-12 09:45:00,long,1218.055,1216.0286828519693,1216.2536828519692,,6.392269105972584,-12.95276450425966,-1.1249085982698102,stop_loss,1
2018-10-12 11:30:00,2018-10-12 11:45:00,long,1216.455,1217.765,1214.5093450299526,,5.901417374055895,7.730856760014242,0.6732951217801364,first_green,1
2018-10-15 14:45:00,2018-10-15 15:00:00,long,1229.0249999999999,1229.415,1227.068877303821,,5.879717672374403,2.293089892226605,0.1993739967139721,first_green,1
2018-10-16 12:15:00,2018-10-16 12:30:00,long,1228.0349999999999,1228.015,1226.287612664571,,6.5853641476475975,-0.13170728295133483,-0.01144565923893823,first_green,1
2018-10-17 08:15:00,2018-10-17 08:30:00,long,1221.245,1221.855,1219.9910313713103,,9.176348099397039,5.597572340633362,0.48645555083590614,first_green,1
2018-10-17 11:00:00,2018-10-17 11:15:00,long,1221.955,1224.2350000000001,1220.5891975319107,,8.435221668290342,19.23230540370367,1.6693482793232666,first_green,1
2018-10-17 14:00:00,2018-10-17 14:15:00,long,1225.395,1226.7150000000001,1223.6735587666308,,6.7204892695042036,8.87104583574665,0.7667993390727951,first_green,1
2018-10-18 09:15:00,2018-10-18 09:30:00,long,1220.345,1218.7948276241045,1219.0198276241044,,8.746865813359248,-13.559149759534225,-1.16978923202187,stop_loss,1
2018-10-18 09:45:00,2018-10-18 10:00:00,long,1219.125,1220.875,1217.68689218609,,8.036398220873679,14.063696886528938,1.216876775908816,first_green,1
2018-10-19 10:15:00,2018-10-19 10:30:00,long,1223.7549999999999,1225.645,1222.0621515659548,,6.847846556260405,12.942429991332851,1.1164614397780916,first_green,1
2018-10-19 14:15:00,2018-10-19 14:30:00,long,1227.0349999999999,1227.815,1225.4797807783834,,7.47465195436743,5.830228524408091,0.5015370110906312,first_green,1
2018-10-22 10:00:00,2018-10-22 10:15:00,long,1226.305,1227.165,1225.0831357335312,,9.525851835632436,8.192232578642942,0.7038425000227474,first_green,1
2018-10-22 11:15:00,2018-10-22 11:30:00,long,1225.135,1223.542673785309,1223.767673785309,,8.527429973773456,-13.57845029118089,-1.1645547328665447,stop_loss,1
2018-10-22 11:45:00,2018-10-22 12:30:00,long,1224.0249999999999,1222.2694483148837,1222.4944483148836,,7.595844383701062,-13.334897407686734,-1.147005816391503,stop_loss,3
2018-10-22 12:45:00,2018-10-22 13:00:00,long,1222.965,1223.185,1221.4600917149467,,7.703124032854393,1.6946872872281766,0.14618831073299665,first_green,1
2018-10-22 15:00:00,2018-10-22 15:15:00,long,1222.7949999999998,1223.195,1221.4737257985805,,8.776930544466996,3.5107722177875966,0.30273806872972037,first_green,1
2018-10-23 13:15:00,2018-10-23 14:00:00,long,1234.5149999999999,1234.695,1232.818265261495,,6.839907596177954,1.2311833673124672,0.10608611700770827,first_green,3
2018-10-24 09:30:00,2018-10-24 09:45:00,long,1230.575,1231.095,1229.1808617948675,,8.326711614586726,4.329890039584946,0.3729902803650247,first_green,1
2018-10-24 11:45:00,2018-10-24 12:00:00,long,1230.335,1230.695,1228.6493940062471,,6.893314068162053,2.4815930645376496,0.21357304217836723,first_green,1
2018-10-24 14:45:00,2018-10-24 15:00:00,long,1229.225,1227.3975604544194,1227.6225604544193,,7.254947947857903,-13.257978781043962,-1.1404109132356575,stop_loss,1
2018-10-24 15:15:00,2018-10-24 15:30:00,long,1226.745,1229.2350000000001,1224.952717942841,,6.467994532177711,16.10530638512403,1.3892902571079406,first_green,1
2018-10-25 10:15:00,2018-10-25 10:30:00,long,1234.975,1233.073957462987,1233.298957462987,,6.940595811200728,-13.194367869306326,-1.1342448028800607,stop_loss,1
2018-10-25 10:45:00,2018-10-25 11:00:00,long,1231.435,1231.935,1229.353565363494,,5.572958039934294,2.786479019967147,0.2402189294011835,first_green,1
2018-10-26 13:45:00,2018-10-26 15:00:00,long,1236.155,1233.946701311034,1234.171701311034,,5.8522269763182875,-12.92346515933453,-1.1134473598211347,stop_loss,5
2018-10-26 15:15:00,2018-10-26 15:30:00,long,1234.0449999999998,1231.8528744644304,1232.0778744644304,,5.883918040550602,-12.898286985888461,-1.1143800921351825,stop_loss,1
2018-10-26 15:45:00,2018-10-26 16:00:00,long,1232.865,1233.585,1230.7962284922896,,5.579233698009847,4.017048262567242,0.3480326354633962,first_green,1
2018-10-29 09:00:00,2018-10-29 09:15:00,long,1230.855,1230.895,1229.3783784799891,,7.823401036354648,0.3129360414539013,0.027088864314850632,first_green,1
2018-10-29 10:30:00,2018-10-29 10:45:00,long,1230.5049999999999,1228.8157940047856,1229.0407940047855,,7.890272753847877,-13.328296039675498,-1.153666902563783,stop_loss,1
2018-10-29 15:45:00,2018-10-29 16:00:00,long,1229.745,1229.835,1227.7664608833438,,5.822307900301041,0.524007711027941,0.045488107484200145,first_green,1
2018-10-30 09:30:00,2018-10-30 10:00:00,long,1225.225,1223.350700199896,1223.575700199896,,6.985372791843074,-13.092682827402882,-1.1364215286909747,stop_loss,2
2018-10-30 10:15:00,2018-10-30 11:00:00,long,1224.065,1223.905,1222.4152982285611,,6.963829730357852,-1.1142127568578264,-0.09698722688557561,first_green,3
2018-10-30 12:00:00,2018-10-30 12:15:00,long,1223.065,1221.262019983701,1221.487019983701,,7.278581852522837,-13.123137627095147,-1.1425873570488005,stop_loss,1
2018-10-30 12:30:00,2018-10-30 13:00:00,long,1220.675,1220.7250000000001,1218.8611804961502,,6.314106140055497,0.31570530700392335,0.027566138689135156,first_green,2
2018-10-31 12:45:00,2018-10-31 14:00:00,short,1217.365,1217.495,1219.021926119516,,6.91246157241112,-0.8986200044126282,-0.078458537449976,first_green,5
2018-11-01 09:30:00,2018-11-01 10:15:00,short,1223.435,1225.1346792677352,1224.9096792677353,,7.765208225278801,-13.198363430153934,-1.1525755497637356,stop_loss,3
2018-11-01 10:45:00,2018-11-01 11:00:00,short,1225.695,1224.605,1227.4259087347446,,6.596648015977689,7.19034633741514,0.6297270203334782,first_green,1
2018-11-01 14:00:00,2018-11-01 14:15:00,short,1224.805,1226.7721907452074,1226.5471907452074,,6.564247668170092,-12.91312726207274,-1.129147741496656,stop_loss,1
2018-11-01 14:30:00,2018-11-01 14:45:00,short,1229.395,1229.245,1231.6070930405106,,5.155248224074568,0.7732872336116541,0.06780908273436316,first_green,1
2018-11-05 15:00:00,2018-11-05 15:15:00,long,1228.865,1227.1089213712849,1227.3339213712848,,7.449533761851737,-13.081967033079875,-1.1469552221421246,stop_loss,1
2018-11-05 15:30:00,2018-11-05 15:45:00,long,1227.125,1228.515,1225.4139934272812,,6.647032922269348,9.23937576195506,0.812387294217911,first_green,1
2018-11-07 07:45:00,2018-11-07 08:15:00,long,1228.455,1228.575,1226.309442022091,,5.3115392712867004,0.637384712555032,0.05592950702598455,first_green,2
2018-11-07 14:15:00,2018-11-07 14:30:00,long,1232.165,1232.565,1230.0388826166263,,5.360855900713202,2.1443423602857683,0.18813636684790505,first_green,1
2018-11-07 15:30:00,2018-11-07 15:45:00,long,1231.565,1229.3610687759847,1229.5860687759846,,5.76228705565114,-12.699684363689185,-1.113697736065511,stop_loss,1
2018-11-07 16:00:00,2018-11-07 16:15:00,long,1228.735,1228.9650000000001,1226.6268909343946,,5.3941329463397745,1.2406505776594727,0.1091025145486049,first_green,1
2018-11-08 14:30:00,2018-11-08 14:45:00,short,1224.9750000000001,1224.695,1226.6661529682297,,6.725897896516847,1.883251411026063,0.16556751829098856,first_green,1
2018-11-09 10:15:00,2018-11-09 10:30:00,short,1221.075,1221.065,1222.5797716060677,,7.562097978422014,0.07562097978415136,0.006645526776069181,first_green,1
2018-11-12 11:00:00,2018-11-12 12:00:00,short,1206.895,1206.905,1208.6833208699752,,6.363186586777245,-0.06363186586771458,-0.005591837666206654,first_green,4
2018-11-12 14:15:00,2018-11-12 14:45:00,short,1206.9950000000001,1206.605,1208.4352846443471,,7.900702363021181,3.0812739215790512,0.2707798083738639,first_green,2
2018-11-13 14:15:00,2018-11-13 14:30:00,short,1198.4950000000001,1200.4252359537397,1200.2002359537398,,6.677646839926767,-12.889434016802346,-1.1319465493948024,stop_loss,1
2018-11-13 14:45:00,2018-11-13 15:15:00,short,1200.445,1202.446070796847,1202.221070796847,,6.3931797724136965,-12.793205341569927,-1.126684139167951,stop_loss,2
2018-11-14 08:45:00,2018-11-14 09:00:00,short,1203.2150000000001,1202.2949999999998,1204.4528136536348,,9.147384055891997,8.415593331423382,0.7432459621840669,first_green,1
2018-11-14 14:30:00,2018-11-14 15:30:00,short,1200.7050000000002,1202.4430393799507,1202.2180393799508,,7.497356653811554,-13.030701109858976,-1.1487072993481802,stop_loss,4
2018-11-15 08:15:00,2018-11-15 08:45:00,short,1212.185,1213.765439216021,1213.540439216021,,8.345058174708731,-13.188857199286113,-1.165997853198023,stop_loss,2
2018-11-15 16:00:00,2018-11-15 16:15:00,short,1212.935,1215.7796653010591,1215.5546653010592,,4.305224397337604,-12.246922456379764,-1.0858888346953819,stop_loss,1
2018-11-16 10:15:00,2018-11-16 10:30:00,short,1217.315,1216.565,1218.710826916469,,8.05804038318173,6.0435302873862975,0.537315902961184,first_green,1
2018-11-16 15:45:00,2018-11-16 16:00:00,short,1221.625,1223.8434838443002,1223.6184838443003,,5.649776655456177,-12.533938234033837,-1.1128677318570823,stop_loss,1
2018-11-19 07:45:00,2018-11-19 08:15:00,long,1218.835,1218.825,1217.71313481831,,10.011366627897187,-0.10011366627888083,-0.00891372703529868,first_green,2
2018-11-19 11:15:00,2018-11-19 11:45:00,long,1219.7649999999999,1220.345,1218.3858867021545,,8.143749592113009,4.723374763426804,0.4205600808188147,first_green,2
2018-11-19 14:15:00,2018-11-19 14:45:00,long,1220.345,1220.295,1218.8503282089923,,7.522027150946977,-0.3761013575470068,-0.03345216006668905,first_green,2
2018-11-20 12:00:00,2018-11-20 12:15:00,long,1222.2549999999999,1223.2250000000001,1220.706272487666,,7.258876368367054,7.041110077317891,0.6263206356671929,first_green,1
2018-11-21 12:45:00,2018-11-21 13:00:00,long,1222.7649999999999,1222.7350000000001,1221.4103457587084,,8.311806786047358,-0.24935420357930405,-0.022145872419183175,first_green,1
2018-11-23 09:00:00,2018-11-23 09:15:00,long,1226.185,1225.0580594807977,1225.2830594807976,,12.48308584690568,-14.06769524555762,-1.2494621266144084,stop_loss,1
2018-11-26 12:15:00,2018-11-26 12:30:00,long,1225.805,1226.4950000000001,1224.556928826761,,8.99294201528702,6.205129990548535,0.5528530862621163,first_green,1
2018-11-27 08:45:00,2018-11-27 09:00:00,long,1220.425,1220.675,1219.4295018218688,,11.29017085492545,2.8225427137313623,0.25113054497932946,first_green,1
2018-11-27 16:00:00,2018-11-27 16:45:00,long,1222.235,1220.3795715460103,1220.6045715460102,,6.897819310090972,-12.798410218421624,-1.138000535656337,stop_loss,3
2018-11-28 13:15:00,2018-11-28 13:30:00,short,1213.615,1214.989685507543,1214.7646855075432,,9.754323921217898,-13.409127730378867,-1.195705693882084,stop_loss,1
2018-11-28 13:45:00,2018-11-28 14:00:00,short,1214.275,1215.6321267896674,1215.4071267896675,,9.875998104474428,-13.40298160228563,-1.1987409908973305,stop_loss,1
2018-11-29 09:45:00,2018-11-29 10:30:00,short,1226.275,1225.335,1227.548541583122,,8.75305111549494,8.227868048565721,0.7380991814148743,first_green,3
2018-11-29 12:15:00,2018-11-29 12:30:00,short,1226.295,1226.305,1227.5808861962182,,8.685017599334195,-0.08685017599326296,-0.007776737964371505,first_green,1
2018-11-30 12:00:00,2018-11-30 12:15:00,long,1222.915,1221.6730968995741,1221.898096899574,,10.982095653733527,-13.638698641544543,-1.2212600196672356,stop_loss,1
2018-11-30 12:30:00,2018-11-30 12:45:00,long,1221.5049999999999,1221.765,1220.3939968164696,,10.021240747009708,2.6055225942247113,0.2340227317567543,first_green,1
2018-11-30 15:15:00,2018-11-30 15:30:00,long,1220.5149999999999,1220.9850000000001,1219.2720659719237,,8.962779944628066,4.212506573977473,0.37813752732131184,first_green,1
2018-12-03 13:00:00,2018-12-03 13:15:00,long,1230.245,1228.472570861233,1228.6975708612329,,7.205936069329063,-12.772011061370527,-1.1454024577688813,stop_loss,1
2018-12-03 13:30:00,2018-12-03 13:45:00,long,1228.415,1228.785,1226.7798187527978,,6.799702135248567,2.515889790042774,0.22627461061775628,first_green,1
2018-12-04 10:00:00,2018-12-04 10:15:00,long,1236.7849999999999,1237.785,1235.492885236483,,8.609943525693055,8.609943525695012,0.7739250631874938,first_green,1
2018-12-06 08:30:00,2018-12-06 08:45:00,long,1238.235,1236.8781762860392,1237.1031762860391,,9.848318129332167,-13.3624315805069,-1.198794209049153,stop_loss,1
2018-12-06 09:00:00,2018-12-06 09:30:00,long,1236.245,1234.7987336343908,1235.0237336343907,,9.099697032034184,-13.160585754663654,-1.1842349927386082,stop_loss,2
2018-12-06 10:00:00,2018-12-06 10:15:00,long,1235.125,1235.395,1233.796036712095,,8.337515835773772,2.2511292756587666,0.20316588310397127,first_green,1
2018-12-07 11:15:00,2018-12-07 11:45:00,long,1239.7749999999999,1239.895,1238.5499935105274,,9.049650248002818,1.0859580297614082,0.09795866473474589,first_green,2
2018-12-07 15:15:00,2018-12-07 15:30:00,long,1240.095,1241.065,1238.8215672644994,,8.70764106120981,8.446411829373753,0.7617206413487685,first_green,1
2018-12-10 09:15:00,2018-12-10 09:30:00,long,1248.2949999999998,1246.8770338801603,1247.1020338801602,,9.31267956494901,-13.205064108019796,-1.1886055238770352,stop_loss,1
2018-12-10 11:00:00,2018-12-10 11:15:00,long,1246.425,1246.285,1245.041167071145,,8.004361158541792,-1.1206105621948317,-0.101168282009103,first_green,1
2018-12-10 14:00:00,2018-12-10 14:15:00,long,1245.7749999999999,1246.875,1244.471519964788,,8.49563991782364,9.345203909607163,0.8438947818801036,first_green,1
2018-12-10 15:30:00,2018-12-10 15:45:00,long,1244.355,1245.005,1242.8717729007099,,7.481834733411015,4.86319257671784,0.43823363280725264,first_green,1
2018-12-12 13:30:00,2018-12-12 13:45:00,long,1243.845,1244.175,1242.761798680954,,10.256097195515391,3.384512074519333,0.30465250936966354,first_green,1
2018-12-13 10:30:00,2018-12-13 10:45:00,long,1245.215,1245.685,1244.301102538788,,12.165346510416992,5.717712859896318,0.5142808903055129,first_green,1
2018-12-13 11:30:00,2018-12-13 12:30:00,long,1244.7849999999999,1243.58375454525,1243.80875454525,,11.403047787439036,-13.697859324956175,-1.2304748246510888,stop_loss,4
2018-12-13 12:45:00,2018-12-13 13:00:00,long,1243.7549999999999,1242.5414877011244,1242.7664877011243,,11.226900198505518,-13.62398146913376,-1.2276147704543998,stop_loss,1
2018-12-14 08:45:00,2018-12-14 09:00:00,long,1239.685,1239.875,1238.845150293568,,13.173629622139948,2.502989628207309,0.22623095363960463,first_green,1
2018-12-14 09:45:00,2018-12-14 10:00:00,long,1237.865,1238.065,1236.78221333649,,10.223737341743416,2.044747468349148,0.18470859195081177,first_green,1
2018-12-14 13:45:00,2018-12-14 14:00:00,long,1237.945,1237.815,1236.7995925584053,,9.669256468353582,-1.2570033408848225,-0.11349673075189023,first_green,1
2018-12-14 15:45:00,2018-12-14 16:00:00,long,1234.935,1234.845,1233.4954299616545,,7.6912519087387,-0.6922126717858534,-0.06251866710379665,first_green,1
2018-12-18 07:15:00,2018-12-18 07:30:00,long,1248.2649999999999,1247.1444934764027,1247.3694934764026,,12.362126887738995,-13.851843823248071,-1.2512544510519814,stop_loss,1
2018-12-18 07:45:00,2018-12-18 08:00:00,long,1247.7649999999999,1246.6411193750614,1246.8661193750613,,12.277198281700823,-13.798105277331372,-1.2503113247271174,stop_loss,1
2018-12-18 08:15:00,2018-12-18 08:45:00,long,1246.685,1245.5556845631909,1245.7806845631908,,12.165268835367828,-13.73842588871313,-1.2488069879618702,stop_loss,2
2018-12-18 09:00:00,2018-12-18 09:15:00,long,1245.435,1246.055,1244.497045913021,,11.692357321411372,7.249261539276433,0.6610131653641476,first_green,1
2018-12-18 14:15:00,2018-12-18 14:45:00,long,1248.555,1247.0255789865628,1247.2505789865627,,8.421374216393097,-12.879826688570562,-1.1724903215158997,stop_loss,2
2018-12-18 15:00:00,2018-12-18 15:15:00,long,1247.365,1247.7450000000001,1246.005837111326,,8.058502784641595,3.0622310581646857,0.2795838550085925,first_green,1
2018-12-19 12:00:00,2018-12-19 12:15:00,long,1248.225,1248.595,1247.0483002777598,,9.314588330097935,3.4463976821373374,0.31443875867987153,first_green,1
2018-12-19 14:45:00,2018-12-19 15:15:00,long,1248.0349999999999,1248.2150000000001,1246.9285885085662,,9.914113853607171,1.7845404936521763,0.16268811504032585,first_green,2
2018-12-21 11:00:00,2018-12-21 11:15:00,long,1259.335,1257.6469253369362,1257.871925336936,,7.500335508008731,-12.661126335547625,-1.1537857265115368,stop_loss,1
2018-12-21 11:30:00,2018-12-21 12:00:00,long,1258.7949999999998,1256.8697213364399,1257.0947213364398,,6.435355724277022,-12.389853068369217,-1.1323312494722475,stop_loss,2
2018-12-21 12:15:00,2018-12-21 12:30:00,long,1256.2849999999999,1257.795,1254.586265588979,,6.42297190599619,9.69868757805565,0.8888970460618965,first_green,1
2018-12-24 11:45:00,2018-12-24 12:45:00,long,1262.415,1260.6802616992159,1260.9052616992158,,7.243089819607617,-12.564865326092743,-1.1490324514407821,stop_loss,4
2018-12-24 13:00:00,2018-12-24 13:15:00,long,1260.205,1260.535,1258.5744438832905,,6.687140566110205,2.2067563868174016,0.20238493886743708,first_green,1
2018-12-26 09:45:00,2018-12-26 10:00:00,long,1273.095,1273.325,1271.372228006964,,6.332396212866141,1.4564511289593276,0.13350576914980172,first_green,1
2018-12-26 10:45:00,2018-12-26 11:00:00,long,1272.095,1272.515,1270.349354802866,,6.251508605570144,2.625633614339915,0.24059871999740218,first_green,1
2018-12-26 12:15:00,2018-12-26 12:30:00,long,1272.365,1272.395,1270.8029251260193,,6.99036918016948,0.20971107540489367,0.019205225370229947,first_green,1
2018-12-26 14:15:00,2018-12-26 15:00:00,long,1272.055,1275.045,1270.5675407486704,,7.341380494368738,21.950727678162593,2.0101390994927133,first_green,3
2018-12-27 14:00:00,2018-12-27 14:15:00,long,1271.125,1273.175,1269.4366443123065,,6.500337122723638,13.325691101583162,1.2141991257781128,first_green,1
2018-12-28 10:15:00,2018-12-28 10:30:00,long,1279.385,1277.7236194438756,1277.9486194438755,,7.663843216125687,-12.732560104457207,-1.1566437244228516,stop_loss,1
2018-12-28 11:15:00,2018-12-28 11:30:00,long,1276.415,1276.305,1274.751768662446,,6.599421098396919,-0.7259363208230009,-0.06613632001527373,first_green,1
2018-12-31 15:45:00,2018-12-31 17:15:00,long,1280.495,1278.6592223557263,1278.8842223557263,,6.813199313251744,-12.507518985247444,-1.1396840841439477,stop_loss,6
2019-01-02 09:30:00,2019-01-02 09:45:00,long,1285.435,1285.275,1283.6290640535835,,6.059617099941156,-0.9695387359897032,-0.08859671923433865,first_green,1
2019-01-02 13:45:00,2019-01-02 14:00:00,long,1286.715,1284.9124992228935,1285.1374992228934,,6.93556330002672,-12.50135823796871,-1.1426306745868067,stop_loss,1
2019-01-02 14:15:00,2019-01-02 14:30:00,long,1286.195,1284.3737110646377,1284.5987110646377,,6.8343536424954605,-12.447332669429265,-1.1409519260677234,stop_loss,1
2019-01-03 10:15:00,2019-01-03 10:30:00,long,1288.465,1288.9550000000002,1286.6194597351891,,5.894471649097392,2.888291108059116,0.26550490896522133,first_green,1
2019-01-04 11:00:00,2019-01-04 11:15:00,long,1291.915,1289.9800979025445,1290.2050979025444,,6.366274134737508,-12.31811717628034,-1.1315864810825824,stop_loss,1
2019-01-04 11:30:00,2019-01-04 12:00:00,long,1290.365,1290.685,1288.5447272731121,,5.963342768741541,1.9082696859969133,0.17579783252976627,first_green,2
2019-01-04 15:30:00,2019-01-04 15:45:00,long,1290.315,1288.6259523304138,1288.8509523304137,,7.4175732818234446,-12.52863486564887,-1.1536835204713565,stop_loss,1
2019-01-04 16:00:00,2019-01-04 16:15:00,long,1287.875,1285.7546476726527,1285.9796476726526,,5.713111559173724,-12.113809390888717,-1.1187114378437517,stop_loss,1
2019-01-08 09:30:00,2019-01-08 09:45:00,long,1282.405,1282.505,1281.0703123652636,,8.090338507354701,0.8090338507365739,0.07492389784512211,first_green,1
2019-01-08 15:15:00,2019-01-08 16:00:00,long,1280.855,1281.2250000000001,1279.4441016392384,,7.654766389688579,2.8322635641856793,0.2622442624431058,first_green,3
2019-01-09 11:30:00,2019-01-09 12:00:00,long,1282.055,1280.5743268277004,1280.7993268277003,,8.606680662247198,-12.743681159140067,-1.1791867541358843,stop_loss,2
2019-01-09 12:15:00,2019-01-09 13:45:00,long,1281.135,1281.385,1279.796560145939,,8.050655974225988,2.012663993556497,0.1867846352912236,first_green,6
2019-01-10 11:15:00,2019-01-10 12:15:00,long,1293.5349999999999,1291.6930854773277,1291.9180854773276,,6.66723584707797,-12.28047853281321,-1.139153923627365,stop_loss,4
2019-01-10 12:30:00,2019-01-10 12:45:00,long,1291.835,1292.775,1290.2698913420254,,6.868308609831653,6.456210093242128,0.6005972781573417,first_green,1
2019-01-10 15:45:00,2019-01-10 16:00:00,long,1291.875,1290.1648770028341,1290.389877002834,,7.249089682582966,-12.39683497470285,-1.151502603103767,stop_loss,1
2019-01-11 08:45:00,2019-01-11 09:00:00,long,1292.0149999999999,1293.4650000000001,1290.7805915736355,,8.696309486725182,12.609648755753888,1.1746517352209953,first_green,1
2019-01-14 14:30:00,2019-01-14 14:45:00,long,1294.175,1295.025,1292.7686504271035,,7.6555090128842425,6.50718266095265,0.6044016483394624,first_green,1
2019-01-15 10:00:00,2019-01-15 10:15:00,long,1289.7549999999999,1288.4479290423628,1288.6729290423627,,9.964771451562369,-13.02466336382798,-1.207934607626129,stop_loss,1
2019-01-15 10:30:00,2019-01-15 10:45:00,long,1288.055,1288.7050000000002,1286.8558928987723,,8.965027492381985,5.827267870049106,0.5420700113730725,first_green,1
2019-01-15 15:15:00,2019-01-15 15:30:00,long,1289.945,1288.3894076312022,1288.614407631202,,8.09007818691939,-12.58486389054903,-1.1690976179302677,stop_loss,1
2019-01-16 10:00:00,2019-01-16 10:15:00,long,1289.855,1291.365,1288.5541536082192,,8.250885121088688,12.458836532843844,1.1607827100421975,first_green,1
2019-01-16 12:15:00,2019-01-16 12:30:00,long,1289.575,1289.655,1288.2830293062425,,8.33167600635891,0.6665340805081066,0.06192090918661353,first_green,1
2019-01-17 09:15:00,2019-01-17 09:30:00,long,1291.725,1292.285,1290.6588930896908,,10.098375182821066,5.655090102381542,0.5252756497355284,first_green,1
2019-01-17 15:15:00,2019-01-17 15:30:00,long,1292.445,1291.1830187051426,1291.4080187051425,,10.39564102459299,-13.119104521088342,-1.2169759484724696,stop_loss,1
2019-01-18 09:45:00,2019-01-18 10:00:00,long,1290.695,1289.4401136141746,1289.6651136141745,,10.435410815377988,-13.095254962712243,-1.2184707003574757,stop_loss,1
2019-01-18 10:15:00,2019-01-18 10:30:00,long,1289.815,1288.5438734734466,1288.7688734734465,,10.24211614932062,-13.019025525442574,-1.215079146058152,stop_loss,1
2019-01-18 10:45:00,2019-01-18 11:00:00,long,1287.875,1287.825,1286.6644878419004,,8.824365584896249,-0.44121827924441115,-0.04130483090599393,first_green,1
2019-01-18 11:30:00,2019-01-18 11:45:00,long,1284.625,1284.865,1283.0663574302678,,6.852692842958603,1.6446462823101269,0.15398013929597765,first_green,1
2019-01-18 15:30:00,2019-01-18 15:45:00,long,1282.455,1282.9750000000001,1280.7617893508832,,6.31050271483602,3.2814614117160508,0.30710886461260295,first_green,1
2019-01-22 07:45:00,2019-01-22 08:15:00,short,1278.855,1278.845,1279.8388226202808,,10.86904674799823,0.10869046747988344,0.010164433906934483,first_green,2
2019-01-22 09:30:00,2019-01-22 10:00:00,short,1280.825,1282.2745125100735,1282.0495125100736,,8.73285139169094,-12.65837734086808,-1.1837465915202465,stop_loss,2
2019-01-23 11:00:00,2019-01-23 11:15:00,short,1286.095,1285.685,1287.1553910409436,,10.054630247440183,4.122398401451298,0.38664981518066555,first_green,1
2019-01-24 12:15:00,2019-01-24 12:45:00,short,1279.935,1279.885,1281.1188604771473,,9.014698975427647,0.4507349487709724,0.04223470667796397,first_green,2
2019-01-25 07:45:00,2019-01-25 08:00:00,short,1282.305,1282.075,1283.2726217960435,,11.030417784514986,2.5369960904386475,0.2376961752416899,first_green,1
2019-01-25 08:45:00,2019-01-25 09:00:00,short,1283.315,1284.5795076561014,1284.3545076561015,,10.273724387985984,-12.99120314528381,-1.2164486222677175,stop_loss,1
2019-01-25 09:15:00,2019-01-25 10:00:00,short,1283.9950000000001,1285.314065274904,1285.089065274904,,9.731720213001191,-12.83677419804907,-1.2056550053831834,stop_loss,3
2019-01-25 13:15:00,2019-01-25 14:30:00,short,1283.9850000000001,1285.319768143641,1285.0947681436412,,9.565101751616597,-12.767193108742426,-1.20274505200852,stop_loss,5
2019-01-25 15:45:00,2019-01-25 16:00:00,short,1288.695,1290.4025286924543,1290.1775286924544,,7.138564862671389,-12.18930432595812,-1.1517677203450263,stop_loss,1
2019-01-28 08:30:00,2019-01-28 08:45:00,long,1301.5349999999999,1301.555,1300.2250877648994,,8.056000767283118,0.16112001534734754,0.015268198482530712,first_green,1
2019-01-28 14:00:00,2019-01-28 14:15:00,long,1299.665,1299.565,1298.429123978435,,8.53892832852104,-0.8538928328513274,-0.08091426506784957,first_green,1
2019-01-29 13:00:00,2019-01-29 14:30:00,long,1307.835,1308.605,1306.4225092375225,,7.469728170464248,5.751690691257335,0.5451363084664579,first_green,6
2019-01-30 11:00:00,2019-01-30 14:00:00,long,1313.975,1313.6650000000002,1312.519563311262,,7.259196739700281,-2.25035098930504,-0.21299449326683745,time_stop,12
2019-01-30 15:00:00,2019-01-30 15:15:00,long,1312.225,1310.7457090285807,1310.9707090285806,,8.418840308086471,-12.453914457572623,-1.1793842139717428,stop_loss,1
2019-01-30 15:30:00,2019-01-30 15:45:00,long,1310.595,1311.065,1309.2059940093375,,7.579910146455092,3.5625577688341004,0.3383714707924607,first_green,1
2019-02-04 10:30:00,2019-02-04 10:45:00,long,1311.225,1311.795,1309.961892370039,,8.342477510692413,4.7552121810960415,0.4512679572823475,first_green,1
2019-02-04 11:30:00,2019-02-04 11:45:00,long,1310.745,1310.875,1309.4670968601802,,8.255191413390696,1.0731748837416915,0.10172914984655888,first_green,1
2019-02-04 13:00:00,2019-02-04 13:15:00,long,1310.7749999999999,1310.815,1309.5940629706251,,8.935292654665302,0.3574117061883187,0.03387140804736234,first_green,1
2019-02-04 14:30:00,2019-02-04 14:45:00,long,1310.2549999999999,1310.945,1309.1116718172514,,9.229993323606209,6.368695393288788,0.6035012609776836,first_green,1
2019-02-05 11:30:00,2019-02-05 11:45:00,long,1311.2649999999999,1311.185,1310.154398890287,,9.516317910644906,-0.7613054328509001,-0.07203306326662033,first_green,1
2019-02-05 15:15:00,2019-02-05 15:30:00,long,1313.585,1316.295,1312.275754817221,,8.071009240554334,21.872435041902538,2.069894955998808,first_green,1
2019-02-06 11:15:00,2019-02-06 11:30:00,long,1314.475,1313.1838057091084,1313.4088057091083,,9.962172135702193,-12.863099786497585,-1.2110309555416436,stop_loss,1
2019-02-06 11:45:00,2019-02-06 13:00:00,long,1313.895,1312.574888596119,1312.799888596119,,9.669749825425097,-12.765147017219022,-1.2054585489681928,stop_loss,5
2019-02-06 13:15:00,2019-02-06 14:00:00,long,1312.665,1311.3753354402907,1311.6003354402906,,9.916306824224424,-12.788709474405803,-1.2113341690093666,stop_loss,3
2019-02-07 10:15:00,2019-02-07 10:30:00,long,1303.675,1304.115,1302.618833063248,,9.965819132381082,4.38496041824822,0.41660080872558314,first_green,1
2019-02-11 10:15:00,2019-02-11 10:30:00,long,1311.175,1309.9401131985846,1310.1651131985845,,10.433378326707862,-12.884041189824133,-1.222797247854473,stop_loss,1
2019-02-11 10:45:00,2019-02-11 11:00:00,long,1310.405,1309.1358884212286,1309.3608884212285,,10.060534886224776,-12.767941312740913,-1.2154942101730715,stop_loss,1
2019-02-11 11:15:00,2019-02-11 11:30:00,long,1309.215,1307.811531342794,1308.036531342794,,8.886448566980704,-12.47185203762925,-1.1909257396232895,stop_loss,1
2019-02-11 11:45:00,2019-02-11 12:00:00,long,1307.975,1306.5336673312868,1306.7586673312867,,8.584182393959106,-12.372662518605345,-1.1849822879771374,stop_loss,1
2019-02-11 14:45:00,2019-02-11 15:00:00,long,1306.405,1306.755,1305.1576809952055,,8.346132612149413,2.921146414253433,0.28060183373683995,first_green,1
2019-02-11 16:00:00,2019-02-11 16:30:00,long,1305.0149999999999,1305.865,1303.5335315916598,,7.03193711796846,5.97714655027415,0.5737550630273034,first_green,2
2019-02-13 13:00:00,2019-02-13 13:15:00,long,1311.325,1310.110498071623,1310.3354980716229,,10.543219024534626,-12.804759836599466,-1.2273871263383125,stop_loss,1
2019-02-13 13:30:00,2019-02-13 13:45:00,long,1310.745,1309.5095366025728,1309.7345366025727,,10.292825730224369,-12.716409445788184,-1.2226701141009109,stop_loss,1
2019-02-13 15:00:00,2019-02-13 15:15:00,long,1309.315,1309.375,1308.1567665861653,,8.952196085022903,0.5371317651008857,0.051803029754852035,first_green,1
2019-02-14 10:45:00,2019-02-14 11:00:00,long,1306.685,1305.1652196862071,1305.390219686207,,8.009138964979368,-12.172131729406546,-1.1737746532002789,stop_loss,1
2019-02-14 15:45:00,2019-02-14 16:00:00,short,1312.295,1309.885,1314.4827487785117,,4.72615742471025,11.390039393552088,1.1015890049494996,first_green,1
2019-02-15 11:15:00,2019-02-15 11:30:00,long,1314.5449999999998,1314.9950000000001,1313.4230399574733,,9.24107796931806,4.158485086195648,0.40108380240254676,first_green,1
2019-02-15 14:30:00,2019-02-15 14:45:00,long,1317.5449999999998,1317.625,1316.1657435229874,,7.5247182936154,0.6019774634903954,0.05800226523020716,first_green,1
2019-02-18 10:00:00,2019-02-18 10:15:00,long,1322.0349999999999,1322.025,1320.9273437475076,,9.371157671404262,-0.09371157671182663,-0.009028071639792096,first_green,1
2019-02-20 07:45:00,2019-02-20 09:00:00,long,1342.5449999999998,1342.4550000000002,1341.1997369008816,,7.715804526031436,-0.6944224073404432,-0.06690141137349319,first_green,5
2019-02-20 14:15:00,2019-02-20 14:30:00,long,1343.675,1343.505,1342.2227103161924,,7.145992406730347,-1.214818709143054,-0.11705653623741934,first_green,1
2019-02-21 09:00:00,2019-02-21 09:15:00,long,1337.685,1338.345,1336.3662654242958,,7.867401217222508,5.192484803367499,0.5004797873352581,first_green,1
2019-02-21 11:00:00,2019-02-21 11:15:00,long,1336.125,1334.2328783251414,1334.4578783251413,,6.231096011020076,-11.789991820575874,-1.1349631543954248,stop_loss,1
2019-02-21 11:30:00,2019-02-21 12:00:00,long,1333.805,1333.635,1331.9627624334128,,5.622792861473553,-0.9558747864509132,-0.09227908662995812,first_green,2
2019-02-21 14:00:00,2019-02-21 14:15:00,long,1333.965,1335.2350000000001,1332.3573445689506,,6.441760063485546,8.181035280627992,0.7899702731519107,first_green,1
2019-02-22 11:30:00,2019-02-22 11:45:00,long,1324.085,1322.4462633320659,1322.6712633320658,,7.33982740572416,-12.028044306068194,-1.1591526944891932,stop_loss,1
2019-02-22 12:15:00,2019-02-22 12:30:00,long,1322.085,1322.335,1320.5882235934944,,6.912530812247695,1.7281327030619238,0.1670256151242017,first_green,1
2019-02-22 15:15:00,2019-02-22 15:30:00,long,1322.375,1325.9550000000002,1321.0102361770064,,7.58434037185193,27.15193853123108,2.623164491675509,first_green,1
2019-02-25 09:15:00,2019-02-25 09:45:00,long,1329.615,1330.165,1328.3559226342916,,8.274879281337308,4.551183604735143,0.43682780342134914,first_green,2
2019-02-25 11:00:00,2019-02-25 11:30:00,long,1328.5149999999999,1328.4850000000001,1327.237509313878,,8.16451444963301,-0.24493543348691116,-0.02348353716050825,first_green,2
2019-02-25 14:30:00,2019-02-25 14:45:00,long,1329.5449999999998,1329.885,1328.2407178269355,,7.99633625523355,2.7187543267805707,0.2606797877190333,first_green,1
2019-02-25 15:30:00,2019-02-25 15:45:00,long,1327.065,1330.775,1325.3401799212595,,6.0506460018525825,22.4478966668733,2.150948986348217,first_green,1
2019-02-26 09:30:00,2019-02-26 09:45:00,long,1326.715,1325.392507933603,1325.6175079336028,,9.560338317031187,-12.643471576344893,-1.2050128715176538,stop_loss,1
2019-02-26 10:00:00,2019-02-26 10:45:00,long,1325.0449999999998,1324.875,1323.7910400039739,,8.342201353492175,-1.41817423009238,-0.13557051304555712,first_green,3
2019-02-26 13:30:00,2019-02-26 14:00:00,long,1325.555,1325.4550000000002,1324.2536857850628,,8.03590802318375,-0.803590802317644,-0.07684539126065554,first_green,2
2019-02-26 15:00:00,2019-02-26 15:15:00,long,1324.0449999999998,1324.375,1322.6560763080902,,7.5275786743306865,2.4841009625302903,0.23759404632692885,first_green,1
2019-02-27 08:30:00,2019-02-27 08:45:00,long,1327.5049999999999,1326.1799812906852,1326.404981290685,,9.510240623466101,-12.601246756177192,-1.2045419755997286,stop_loss,1
2019-02-27 10:15:00,2019-02-27 10:30:00,long,1325.965,1326.775,1324.8194784180425,,9.104969878599611,7.375025601667258,0.7071014747850536,first_green,1
2019-02-27 15:00:00,2019-02-27 15:15:00,long,1326.425,1326.375,1325.1708858116708,,8.331280484859446,-0.4165640242425935,-0.03986877787147091,first_green,1
2019-02-28 09:30:00,2019-02-28 10:00:00,short,1321.615,1322.993494783896,1322.7684947838961,,9.057115644393017,-12.48518667293891,-1.195059399609883,stop_loss,2
2019-02-28 10:45:00,2019-02-28 11:30:00,short,1323.7150000000001,1325.2600840215334,1325.0350840215335,,7.890499783619726,-12.191485137582678,-1.1704436962569662,stop_loss,3
2019-02-28 11:45:00,2019-02-28 12:45:00,short,1324.755,1324.685,1326.1374985615112,,7.51222768873886,0.5258559382129501,0.05063296407603814,first_green,4
2019-02-28 13:30:00,2019-02-28 13:45:00,short,1326.545,1326.0249999999999,1327.9734347975423,,7.271566494419363,3.7812145770995897,0.36403481691634487,first_green,1
2019-03-01 12:15:00,2019-03-01 12:30:00,short,1308.675,1310.4623028516012,1310.2373028516013,,6.6545430926258975,-11.893683845553504,-1.1440181714891515,stop_loss,1
2019-03-05 14:15:00,2019-03-05 14:30:00,short,1286.2350000000001,1285.135,1287.548480449002,,7.892525121311966,8.68177763344424,0.83746964093454,first_green,1
2019-03-06 09:00:00,2019-03-06 09:15:00,short,1290.195,1290.355,1291.5358858827142,,7.747401936363628,-1.2395843098188146,-0.11932409913676383,first_green,1
2019-03-06 14:45:00,2019-03-06 15:00:00,short,1286.665,1288.224916590288,1287.9999165902882,,7.779724215702577,-12.135720871940835,-1.168549856700281,stop_loss,1
2019-03-07 15:00:00,2019-03-07 15:15:00,short,1287.445,1285.455,1289.033570012963,,6.518405570248442,12.97162708479446,1.252698958032123,first_green,1
2019-03-08 08:00:00,2019-03-08 08:15:00,short,1290.4950000000001,1291.6925875080271,1291.4675875080272,,10.680141995666032,-12.790404637964484,-1.231341651155194,stop_loss,1
2019-03-08 08:30:00,2019-03-08 08:45:00,short,1292.605,1292.445,1293.803532086003,,8.64006629299298,1.382410606879584,0.133496634648855,first_green,1
2019-03-08 09:45:00,2019-03-08 10:00:00,short,1294.125,1293.325,1295.5720604487867,,7.1585487064816435,5.72683896518499,0.5528449075300987,first_green,1
2019-03-08 11:15:00,2019-03-08 11:30:00,short,1294.585,1294.2949999999998,1296.031256302878,,7.172428414405665,2.080004240179013,0.20051770866829757,first_green,1
2019-03-08 15:45:00,2019-03-08 16:00:00,short,1297.315,1299.527020241089,1299.3020202410892,,5.223082079016856,-11.553563279654613,-1.113234880726018,stop_loss,1
2019-03-11 15:15:00,2019-03-11 15:30:00,short,1296.045,1295.475,1297.5277214400007,,6.98006086947293,3.978634695600713,0.3844282443234315,first_green,1
2019-03-12 11:45:00,2019-03-12 12:00:00,short,1296.4950000000001,1297.9176356154935,1297.6926356154936,,8.649903490176008,-12.305660775704977,-1.1878701644215872,stop_loss,1
2019-03-12 12:15:00,2019-03-12 12:30:00,short,1297.2350000000001,1296.305,1298.4462776480532,,8.527085722318628,7.930189721756866,0.7677843321016424,first_green,1
2019-03-12 14:15:00,2019-03-12 14:30:00,short,1297.115,1298.6465812644685,1298.4215812644686,,7.920283333459622,-12.130557562808983,-1.1722051326760896,stop_loss,1
2019-03-13 10:30:00,2019-03-13 11:00:00,short,1305.9750000000001,1307.3195390581232,1307.0945390581232,,9.216442556432572,-12.391866994070755,-1.2009755696930466,stop_loss,2
2019-03-13 14:45:00,2019-03-13 15:00:00,long,1306.405,1307.595,1305.087681358928,,7.809187109823021,9.292932660689821,0.9033501560652459,first_green,1
2019-03-14 09:00:00,2019-03-14 09:15:00,long,1302.825,1302.655,1301.5917406380006,,8.360301491103105,-1.421251253488136,-0.13784610540029243,first_green,1
2019-03-14 11:15:00,2019-03-14 11:30:00,long,1301.595,1300.057098834055,1300.282098834055,,7.850451520840891,-12.073218547095582,-1.1713761902541613,stop_loss,1
2019-03-15 11:15:00,2019-03-15 11:30:00,long,1301.865,1302.7150000000001,1300.2243354480117,,6.263732519902007,5.324172641917561,0.5180827482193421,first_green,1
2019-03-15 14:30:00,2019-03-15 15:00:00,long,1302.5349999999999,1300.7318616868254,1300.9568616868253,,6.520337447130878,-11.757070265748006,-1.1425730546692703,stop_loss,2
2019-03-15 15:15:00,2019-03-15 15:30:00,long,1301.825,1303.4550000000002,1300.142192101296,,6.097310140023135,9.938615528238374,0.9686191758758103,first_green,1
2019-03-18 14:00:00,2019-03-18 14:15:00,long,1304.5449999999998,1304.815,1303.3279769672554,,8.45131762223599,2.2818557580054852,0.22185282672205642,first_green,1
2019-03-19 10:00:00,2019-03-19 10:15:00,long,1304.645,1305.4550000000002,1303.4919738192868,,8.925341865464292,7.229526911027619,0.7024992264262307,first_green,1
2019-03-20 09:15:00,2019-03-20 09:30:00,long,1304.2849999999999,1303.118225949969,1303.3432259499689,,10.946603019730606,-12.77221233941135,-1.2389108088001675,stop_loss,1
2019-03-20 09:45:00,2019-03-20 10:00:00,long,1302.7849999999999,1303.075,1301.6831387017587,,9.327214001916241,2.7048920605574915,0.2631910209235095,first_green,1
2019-03-20 10:45:00,2019-03-20 11:15:00,long,1302.135,1302.105,1300.929864495547,,8.533528654061032,-0.2560058596215981,-0.02489346624435388,first_green,2
2019-03-21 07:30:00,2019-03-21 08:15:00,long,1318.345,1318.265,1317.1380196982727,,8.519955404334487,-0.6815964323461391,-0.06628111484954638,first_green,3
2019-03-21 11:00:00,2019-03-21 12:00:00,long,1317.945,1317.9650000000001,1316.583455028973,,7.551505512000356,0.15103011024158677,0.014689195308124882,first_green,4
2019-03-21 13:00:00,2019-03-21 13:15:00,long,1314.435,1315.855,1312.9244242655368,,6.806737122965726,9.665566714611826,0.9400389319140869,first_green,1
2019-03-21 16:00:00,2019-03-21 16:15:00,long,1313.055,1310.7153500733612,1310.940350073361,,4.873740904239721,-11.402847549061532,-1.1064005900766378,stop_loss,1
2019-03-22 10:45:00,2019-03-22 11:00:00,long,1310.625,1311.795,1309.247379215278,,7.460506433059745,8.728792526680445,0.8492903221086093,first_green,1
2019-03-26 08:00:00,2019-03-26 08:15:00,long,1318.145,1319.085,1316.9408294357358,,8.553249027762233,8.040054086096966,0.7806203106903615,first_green,1
2019-03-26 09:15:00,2019-03-26 09:30:00,long,1317.7849999999999,1316.1925630851033,1316.4175630851032,,7.546725359573413,-12.017684049170661,-1.164541411416347,stop_loss,1
2019-03-26 09:45:00,2019-03-26 10:00:00,long,1316.635,1317.415,1315.243638578482,,7.395365771977593,5.76838530214232,0.560602003143778,first_green,1
2019-03-26 11:45:00,2019-03-26 12:00:00,long,1315.955,1314.1921403235142,1314.417140323514,,6.700252145205883,-11.811604329070475,-1.1463072368956695,stop_loss,1
2019-03-26 12:15:00,2019-03-26 12:45:00,long,1314.585,1314.425,1312.970238340173,,6.362870039085113,-1.018059206254139,-0.09908583042355343,first_green,2
2019-03-26 13:45:00,2019-03-26 14:00:00,long,1312.915,1314.035,1311.3673663918323,,6.637212699020661,7.433678222903925,0.7236854990026793,first_green,1
2019-03-27 09:45:00,2019-03-27 10:00:00,long,1314.605,1314.585,1313.133805101498,,6.994693662679445,-0.13989387325346167,-0.013594391892158787,first_green,1
2019-03-27 14:00:00,2019-03-27 14:30:00,long,1317.385,1315.524517964965,1315.749517964965,,6.291850156712537,-11.705874183695322,-1.1375741189325215,stop_loss,2
2019-03-27 14:45:00,2019-03-27 15:00:00,long,1315.645,1315.755,1313.856995615535,,5.738768485205091,0.6312645333732907,0.06152110193680559,first_green,1
2019-03-28 10:00:00,2019-03-28 10:30:00,long,1309.215,1307.6896638592584,1307.9146638592583,,7.892206524735189,-12.03826784237447,-1.1730321821799012,stop_loss,2
2019-03-28 10:45:00,2019-03-28 11:45:00,long,1308.485,1306.8715220476643,1307.0965220476642,,7.369526961152376,-11.890569270962448,-1.162047945825433,stop_loss,4
2019-03-28 12:00:00,2019-03-28 12:30:00,long,1307.445,1305.728237984254,1305.953237984254,,6.839361221048735,-11.74155555626177,-1.1508283477022283,stop_loss,2
2019-03-28 12:45:00,2019-03-28 13:15:00,long,1306.565,1304.8637003831657,1305.0887003831656,,6.891111585092608,-11.723845499280984,-1.152408086701507,stop_loss,2
2019-03-28 13:30:00,2019-03-28 13:45:00,long,1304.995,1303.2253679817109,1303.4503679817108,,6.567283119071555,-11.621674480678074,-1.1456657620299269,stop_loss,1
2019-03-28 14:00:00,2019-03-28 14:15:00,long,1303.315,1303.655,1301.6702152495363,,6.149729677293131,2.0909080902791612,0.2067139787768959,first_green,1
2019-03-28 15:00:00,2019-03-28 15:15:00,long,1300.435,1298.069704361256,1298.294704361256,,4.728416336376144,-11.184102538595777,-1.105125663916201,stop_loss,1
2019-03-29 11:00:00,2019-03-29 11:15:00,short,1289.825,1291.7767750860505,1291.5517750860506,,5.8445646384948775,-11.407275650225902,-1.1303006985782516,stop_loss,1
2019-03-29 11:30:00,2019-03-29 11:45:00,short,1291.525,1291.065,1293.3024999466459,,5.661733175536935,2.604397260747196,0.2587904437736145,first_green,1
2019-03-29 14:00:00,2019-03-29 14:15:00,short,1293.015,1294.9578078203197,1294.7328078203197,,5.862263107358262,-11.389250609746465,-1.1309808916564608,stop_loss,1
2019-03-29 14:30:00,2019-03-29 14:45:00,short,1295.605,1297.7430332736428,1297.518033273643,,5.249134148589573,-11.2228234674992,-1.1176142637453725,stop_loss,1
2019-03-29 15:00:00,2019-03-29 15:15:00,short,1297.195,1299.4329470573757,1299.2079470573758,,4.974652059877033,-11.133007938870154,-1.1117764121890146,stop_loss,1
2019-04-01 14:45:00,2019-04-01 15:00:00,short,1290.775,1292.4672569083368,1292.242256908337,,6.805814747787,-11.517187023802556,-1.1533473781731607,stop_loss,1
2019-04-01 15:45:00,2019-04-01 16:00:00,short,1294.4750000000001,1296.5323665805656,1296.3073665805657,,5.4340031321234035,-11.179736442718864,-1.1227920233791107,stop_loss,1
2019-04-02 08:45:00,2019-04-02 09:15:00,short,1288.355,1288.095,1289.6503227392739,,7.665376431553317,1.9929978722037927,0.20072217688832267,first_green,2
2019-04-02 13:00:00,2019-04-02 13:15:00,short,1288.2350000000001,1287.845,1289.7955721639646,,6.365690175024431,2.482619168260165,0.24990834067509154,first_green,1
2019-04-02 14:30:00,2019-04-02 14:45:00,short,1289.635,1288.985,1291.4295372332601,,5.539213818053428,3.6004889817352317,0.36221037265369693,first_green,1
2019-04-03 11:45:00,2019-04-03 13:30:00,short,1291.765,1293.1907690311375,1292.9657690311376,,8.285795522653698,-11.813630654536622,-1.1873799158417375,stop_loss,7
2019-04-03 14:15:00,2019-04-03 14:30:00,short,1293.4950000000001,1293.245,1294.6804120872587,,8.368222909085542,2.0920557272732885,0.21089712403590402,first_green,1
2019-04-05 08:00:00,2019-04-05 08:30:00,short,1289.2350000000001,1289.175,1290.3138651439272,,9.199502625968053,0.5519701575596729,0.05561399433276234,first_green,2
2019-04-05 10:15:00,2019-04-05 10:30:00,short,1289.385,1290.8657835196539,1290.640783519654,,7.904549227363109,-11.704926226172015,-1.179171008759463,stop_loss,1
2019-04-05 13:00:00,2019-04-05 14:00:00,short,1289.585,1289.745,1290.9538491572564,,7.230263672213394,-1.156842187553091,-0.11688650948257044,first_green,4
2019-04-05 15:30:00,2019-04-05 16:00:00,short,1289.9750000000001,1292.0537501039223,1291.8287501039224,,5.337422885666697,-11.095168378256243,-1.1213755832157968,stop_loss,2
2019-04-08 15:30:00,2019-04-08 15:45:00,short,1299.275,1300.645770032736,1300.420770032736,,8.611248353629797,-11.804041187602001,-1.1963744849065672,stop_loss,1
2019-04-08 16:00:00,2019-04-08 16:15:00,short,1303.055,1302.5249999999999,1304.4976792629204,,6.818563528219283,3.613838669957584,0.36737202344430997,first_green,1
2019-04-09 10:30:00,2019-04-09 10:45:00,short,1298.775,1300.2772104361354,1300.0522104361355,,7.709015306462794,-11.580563245695396,-1.176165175004922,stop_loss,1
2019-04-09 11:00:00,2019-04-09 11:15:00,short,1300.075,1301.6359110393207,1301.4109110393208,,7.348605636659142,-11.47051966187537,-1.1684243885837706,stop_loss,1
2019-04-10 13:30:00,2019-04-10 14:00:00,long,1304.245,1302.938610074877,1303.163610074877,,9.051690668710595,-11.825037494932104,-1.2080655596771235,stop_loss,2
2019-04-10 14:15:00,2019-04-10 14:30:00,long,1303.0349999999999,1303.635,1301.9391495388136,,8.905270241134568,5.343162144681956,0.5475199593844474,first_green,1
2019-04-11 10:30:00,2019-04-11 11:00:00,long,1305.665,1304.2771119289548,1304.5021119289547,,8.40339036010045,-11.662965237119257,-1.1934837974541017,stop_loss,2
2019-04-11 11:15:00,2019-04-11 13:00:00,long,1304.7949999999998,1304.685,1303.5931887419508,,8.106967652159586,-0.8917664417367434,-0.09152851520002424,first_green,7
2019-04-11 14:15:00,2019-04-11 14:30:00,long,1302.7749999999999,1301.1678394417763,1301.3928394417762,,7.047528247672821,-11.326509432626022,-1.1627886128432732,stop_loss,1
2019-04-11 15:15:00,2019-04-11 15:30:00,long,1299.185,1297.2435816403731,1297.468581640373,,5.658585069801894,-10.985680944023624,-1.1310869222168047,stop_loss,1
2019-04-12 12:00:00,2019-04-12 12:30:00,short,1293.365,1294.8822004527203,1294.6572004527204,,7.494994356772752,-11.371408831231841,-1.174121591991573,stop_loss,2
2019-04-12 12:45:00,2019-04-12 13:00:00,short,1294.875,1293.875,1296.2907359309863,,6.820909441885049,6.820909441885049,0.7063464153963441,first_green,1
2019-04-15 07:15:00,2019-04-15 08:15:00,short,1288.9550000000002,1288.5049999999999,1290.138340691737,,8.1748721395578,3.678692462803241,0.38027932542381704,first_green,4
2019-04-16 09:45:00,2019-04-16 10:00:00,short,1286.335,1286.245,1287.4400975373553,,8.76199182093495,0.7885792638854205,0.08144077509713195,first_green,1
2019-04-18 10:30:00,2019-04-18 10:45:00,short,1273.875,1275.235740885407,1275.0107408854071,,8.527320937583639,-11.603474242757551,-1.198108567623902,stop_loss,1
2019-04-18 11:00:00,2019-04-18 11:15:00,short,1275.025,1274.925,1276.3431643348663,,7.325200728614201,0.7325200728624194,0.07586307515313497,first_green,1
2019-04-18 11:45:00,2019-04-18 12:00:00,short,1275.635,1277.2061851471215,1276.9811851471216,,7.174087210089529,-11.271819268646762,-1.1671389708027968,stop_loss,1
2019-04-18 12:15:00,2019-04-18 12:30:00,short,1277.295,1276.245,1278.7695933156303,,6.530254814080595,6.8567675547858125,0.7120607348958377,first_green,1
2019-04-18 14:45:00,2019-04-18 15:15:00,short,1276.325,1276.125,1277.7405532031296,,6.814729390435906,1.362945878087491,0.14128751894162608,first_green,2
2019-04-22 11:00:00,2019-04-22 11:15:00,short,1278.345,1278.395,1279.4411364883383,,8.803665861371872,-0.44018329306819326,-0.0456147574064915,first_green,1
2019-04-22 12:00:00,2019-04-22 14:30:00,short,1278.775,1278.335,1279.799340749777,,9.419637875049471,4.144640665022282,0.4295445632675271,first_green,10
2019-04-24 09:45:00,2019-04-24 10:00:00,short,1270.505,1269.905,1271.4882084908127,,9.824244415581637,5.894546649350322,0.6102469675625719,first_green,1
2019-04-24 11:00:00,2019-04-24 11:15:00,short,1272.125,1273.5368020582555,1273.3118020582556,,8.151331407412997,-11.508066458508281,-1.1895851110425484,stop_loss,1
2019-04-24 11:30:00,2019-04-24 13:00:00,short,1273.075,1272.895,1274.3120640196184,,7.796885668593052,1.4034394203472458,0.1455058082245319,first_green,6
2019-04-24 14:45:00,2019-04-24 15:15:00,short,1273.075,1271.0249999999999,1274.2167742703514,,8.450668030272471,17.323869462060102,1.7954512141610781,first_green,2
2019-04-26 09:45:00,2019-04-26 10:15:00,short,1281.545,1281.715,1282.5611412711107,,9.538107813795712,-1.6214783283437963,-0.16729957224750186,first_green,2
2019-04-29 10:15:00,2019-04-29 10:30:00,long,1283.335,1282.2236644644831,1282.448664464483,,10.930410565598113,-12.147353679338567,-1.253854201917639,stop_loss,1
2019-04-29 10:45:00,2019-04-29 11:00:00,long,1282.215,1281.0000729311105,1281.2250729311104,,9.755913563122688,-11.852723469583356,-1.227289471185294,stop_loss,1
2019-04-29 11:15:00,2019-04-29 11:30:00,long,1281.2949999999998,1281.505,1280.154909823253,,8.44495576365828,1.7734407103704661,0.1841959559720957,first_green,1
2019-04-29 14:15:00,2019-04-29 14:30:00,long,1280.365,1280.595,1279.1264397224018,,7.777130338510696,1.7887399778576014,0.1856994804047981,first_green,1
2019-04-30 09:15:00,2019-04-30 09:30:00,long,1282.995,1281.8908181852469,1282.1158181852468,,10.961232818076958,-12.103193944994567,-1.2559197611054922,stop_loss,1
2019-04-30 09:45:00,2019-04-30 10:00:00,long,1282.125,1282.855,1281.141470782177,,9.76753755961652,7.130302418520237,0.7422250267418503,first_green,1
2019-04-30 15:30:00,2019-04-30 15:45:00,long,1283.315,1281.769284395128,1281.9942843951278,,7.287325368615626,-11.264132540049918,-1.1703621878698656,stop_loss,1
2019-04-30 16:00:00,2019-04-30 16:30:00,long,1281.445,1283.2050000000002,1279.9640513406969,,6.479849210490498,11.40453461046469,1.188427423830123,first_green,2
2019-05-01 09:15:00,2019-05-01 09:45:00,long,1279.415,1278.343208705785,1278.5682087057849,,11.366242665743707,-12.182239937079402,-1.2657089197031266,stop_loss,2
2019-05-01 10:00:00,2019-05-01 10:15:00,long,1278.105,1280.015,1277.1434710373942,,9.97825350101136,19.058464186932515,1.986419623620924,first_green,1
2019-05-01 14:30:00,2019-05-01 14:45:00,long,1281.975,1282.395,1281.0260708405192,,10.160954378500907,4.26760083897112,0.4426041668167426,first_green,1
2019-05-02 13:00:00,2019-05-02 13:15:00,short,1271.685,1271.195,1272.8766628783317,,8.100189303138732,3.9690927585380527,0.41119011837138597,first_green,1
2019-05-02 14:45:00,2019-05-02 15:15:00,short,1271.9550000000002,1269.815,1273.1562800800577,,8.043600982248295,17.213306102012154,1.781433019265178,first_green,2
2019-05-03 15:15:00,2019-05-03 15:30:00,short,1271.135,1272.548225150745,1272.3232251507452,,8.168191769947397,-11.54349404539896,-1.189358052098794,stop_loss,1
2019-05-03 15:45:00,2019-05-03 16:00:00,short,1274.315,1276.5025767881425,1276.2775767881426,,4.930656583993603,-10.786189893446155,-1.1146451957239634,stop_loss,1
2019-05-06 10:15:00,2019-05-06 10:30:00,short,1283.415,1281.475,1284.8666222769243,,6.647615458037843,12.896373988593778,1.336435814494703,first_green,1
2019-05-07 14:15:00,2019-05-07 14:30:00,long,1281.095,1279.7595277655632,1279.9845277655631,,8.718874116826209,-11.643814298571016,-1.2026165022613156,stop_loss,1
2019-05-07 14:45:00,2019-05-07 15:00:00,long,1280.2949999999998,1278.9631132264292,1279.188113226429,,8.72081798881707,-11.61514213402253,-1.2032728237180688,stop_loss,1
2019-05-07 15:15:00,2019-05-07 15:30:00,long,1279.585,1279.935,1278.4088068125845,,8.182261497663953,2.8637915241816394,0.2975701642763136,first_green,1
2019-05-08 10:30:00,2019-05-08 10:45:00,long,1286.195,1286.085,1285.139327531808,,9.123170301590179,-1.003548733174007,-0.104198985304884,first_green,1
2019-05-09 08:45:00,2019-05-09 09:00:00,long,1281.375,1282.9850000000001,1280.3330220277423,,9.240666400384367,14.877472904620006,1.5451382302369965,first_green,1
2019-05-09 12:45:00,2019-05-09 13:00:00,long,1284.065,1284.635,1282.8883051972953,,8.214334335653959,4.682170571322233,0.48440768047051497,first_green,1
2019-05-09 14:00:00,2019-05-09 14:15:00,long,1282.985,1283.275,1281.7678576292974,,7.950976138712687,2.305783080228198,0.23826300602189227,first_green,1
2019-05-09 15:00:00,2019-05-09 15:15:00,long,1282.555,1281.1265587710948,1281.3515587710947,,8.046287738853712,-11.493649145813725,-1.1869638455087366,stop_loss,1
2019-05-10 09:30:00,2019-05-10 09:45:00,long,1284.555,1283.0426538834085,1283.2676538834085,,7.499537348408841,-11.341896185099145,-1.1747781712315424,stop_loss,1
2019-05-10 15:15:00,2019-05-10 15:30:00,long,1284.7549999999999,1288.025,1283.4907957755909,,7.614391215742924,24.899059275480955,2.5866073984437596,first_green,1
2019-05-14 09:15:00,2019-05-14 10:00:00,long,1298.475,1297.082432382742,1297.3074323827418,,8.297928998909612,-11.5554272141877,-1.1927083251317778,stop_loss,3
2019-05-14 10:15:00,2019-05-14 10:30:00,long,1297.335,1298.165,1296.1500204676045,,8.15162148992609,6.765845836638061,0.7004340389930501,first_green,1
2019-05-14 11:45:00,2019-05-14 12:00:00,long,1297.2649999999999,1297.095,1296.0214844923003,,7.781502664080475,-1.3228554528924776,-0.1367091917609693,first_green,1
2019-05-15 09:45:00,2019-05-15 10:00:00,long,1293.2849999999999,1294.095,1292.2078799643245,,8.9805330668583,7.2742317841567745,0.7520053226865642,first_green,1
2019-05-16 11:45:00,2019-05-16 12:00:00,long,1294.975,1294.835,1293.6658841768071,,7.402933724521196,-1.0364107214320248,-0.10694240915859547,first_green,1
2019-05-16 13:15:00,2019-05-16 14:30:00,long,1294.235,1294.2350000000001,1292.7907987720052,,6.708695756662495,1.5253808116227662e-12,1.5743905422304055e-13,first_green,5
2019-05-16 15:45:00,2019-05-16 16:00:00,long,1290.845,1292.405,1289.1356419247459,,5.668038072464087,8.842139393043666,0.9126232956005982,first_green,1
2019-05-17 10:45:00,2019-05-17 11:15:00,long,1286.215,1286.335,1284.9419452339116,,7.6279609150950725,0.9153553098123106,0.09426145928414381,first_green,2
2019-05-17 12:45:00,2019-05-17 13:45:00,long,1285.305,1285.155,1284.1451491574799,,8.374439221569544,-1.2561658832361933,-0.12932697421175393,first_green,4
2019-05-17 15:45:00,2019-05-17 16:15:00,long,1283.815,1282.084451536731,1282.3094515367309,,6.4494502893511285,-11.161086287166968,-1.1494471984723358,stop_loss,2
2019-05-20 15:15:00,2019-05-20 15:30:00,short,1277.895,1276.725,1279.502125074673,,6.024457840231322,7.048615673071085,0.7280080551528874,first_green,1
2019-05-22 11:30:00,2019-05-22 12:45:00,short,1273.785,1273.905,1274.7591439105868,,9.957131271997133,-1.1948557526385692,-0.12318508456067788,first_green,5
2019-05-22 14:15:00,2019-05-22 14:30:00,short,1274.025,1275.1821866826435,1274.9571866826436,,10.402092023722593,-12.037162361483352,-1.2413679622217353,stop_loss,1
2019-05-22 14:45:00,2019-05-22 15:00:00,short,1275.135,1276.3356609661569,1276.110660966157,,9.907743658454235,-11.895841073394308,-1.2306128950573498,stop_loss,1
2019-05-22 15:15:00,2019-05-22 15:45:00,short,1276.765,1275.7849999999999,1277.9024321595946,,8.47246938313689,8.303019995476232,0.861589846685569,first_green,2
2019-05-23 09:45:00,2019-05-23 10:00:00,short,1274.895,1274.905,1275.640025319073,,12.962803344140276,-0.12962803344128487,-0.01342236262847268,first_green,1
2019-05-23 11:45:00,2019-05-23 12:00:00,short,1275.815,1275.5449999999998,1277.0212703047519,,8.005910938387643,2.1615959533663385,0.22383042916385523,first_green,1
2019-05-23 13:15:00,2019-05-23 14:15:00,short,1276.615,1277.9757055206867,1277.7507055206868,,8.508100419820902,-11.577019211806952,-1.1981147365241738,stop_loss,4
2019-05-23 15:15:00,2019-05-23 15:30:00,short,1278.335,1279.8000217828376,1279.5750217828377,,7.769020030658576,-11.381783576215978,-1.1814484254341286,stop_loss,1
2019-05-27 14:00:00,2019-05-27 14:15:00,long,1285.985,1286.005,1285.243133308508,,12.94747387979136,0.2589494775985356,0.026959021384273713,first_green,1
2019-05-28 08:00:00,2019-05-28 08:15:00,long,1282.825,1283.255,1282.0372993422895,,12.194920608537014,5.243815861671693,0.5458926507055152,first_green,1
2019-05-29 07:30:00,2019-05-29 08:30:00,short,1280.515,1281.7339029416485,1281.5089029416486,,9.67806424616499,-11.796620979112385,-1.226380253615842,stop_loss,4
2019-05-29 09:30:00,2019-05-29 09:45:00,short,1282.775,1284.1543909263614,1283.9293909263615,,8.307034257020792,-11.458647679107285,-1.1949079768922781,stop_loss,1
2019-05-29 10:00:00,2019-05-29 10:15:00,short,1283.7150000000001,1283.815,1284.9091942171178,,8.006167016247074,-0.8006167016239792,-0.08373847282669802,first_green,1
2019-05-30 12:00:00,2019-05-30 12:15:00,short,1276.855,1276.2849999999999,1278.1703039960496,,7.26745819904452,4.142451173456566,0.43335989376761397,first_green,1
2019-05-30 14:30:00,2019-05-30 15:00:00,short,1277.325,1278.741164959421,1278.516164959421,,8.03354133495612,-11.376819738624572,-1.1888907142712384,stop_loss,2
2019-05-30 15:15:00,2019-05-30 15:30:00,short,1279.755,1281.3621590436765,1281.1371590436765,,6.9028459008130705,-11.093971216595929,-1.1627887912243633,stop_loss,1
2019-05-30 15:45:00,2019-05-30 16:00:00,short,1280.305,1282.082677950925,1281.857677950925,,6.126895764317689,-10.891647507843048,-1.1449109262264336,stop_loss,1
2019-05-31 14:15:00,2019-05-31 14:30:00,long,1296.725,1296.755,1295.2286733078815,,6.339435694135234,0.19018307082532546,0.020049097672466577,first_green,1
2019-06-03 12:15:00,2019-06-03 12:30:00,long,1313.715,1313.845,1312.081007986666,,5.805623419434076,0.7547310445270634,0.07955975239735973,first_green,1
2019-06-04 11:45:00,2019-06-04 12:30:00,long,1324.495,1324.755,1322.5428175214838,,4.860318762108359,1.2636828781492342,0.1331842708668573,first_green,3
2019-06-04 15:00:00,2019-06-04 15:15:00,long,1323.5049999999999,1321.381719366707,1321.606719366707,,4.99999218667787,-10.616386576588337,-1.1185283124390364,stop_loss,1
2019-06-04 15:30:00,2019-06-04 15:45:00,long,1321.7949999999998,1323.035,1319.5051814947626,,4.133448719405907,5.125476412064302,0.5415276351222286,first_green,1
2019-06-05 14:45:00,2019-06-05 15:15:00,long,1334.625,1341.795,1332.1727497065895,,3.8648832399541115,27.71121283047126,2.9238450982212636,first_green,2
2019-06-07 13:00:00,2019-06-07 13:30:00,long,1333.125,1333.675,1331.8028844540536,,7.220956686064153,3.971526177334956,0.4159999492376025,first_green,2
2019-06-10 07:45:00,2019-06-10 08:15:00,long,1328.115,1328.145,1326.3350801144309,,5.369268574489012,0.16107805723452387,0.01685469118200227,first_green,2
2019-06-10 09:00:00,2019-06-10 10:00:00,long,1327.125,1327.655,1325.5241774277968,,5.970224788049879,3.1642191376662727,0.3310797893551212,first_green,4
2019-06-10 11:00:00,2019-06-10 11:15:00,long,1326.165,1326.4750000000001,1324.4106481094568,,5.452259151224411,1.6902003368805096,0.17670343200314084,first_green,1
2019-06-10 14:15:00,2019-06-10 14:45:00,long,1326.935,1325.024849740401,1325.2498497404008,,5.678666692191755,-10.847106656266558,-1.1335192507126526,stop_loss,2
2019-06-10 15:00:00,2019-06-10 15:15:00,long,1325.2549999999999,1327.4550000000002,1323.555510160226,,5.614796076187868,12.352551367614842,1.294506120903346,first_green,1
2019-06-11 09:30:00,2019-06-11 09:45:00,long,1327.2949999999998,1325.9647339473943,1326.1897339473942,,8.661417076670018,-11.521989104552267,-1.2035708954142519,stop_loss,1
2019-06-11 10:00:00,2019-06-11 10:15:00,long,1325.335,1325.375,1324.0405103934168,,7.373072167595549,0.2949228867035537,0.03090020946984725,first_green,1
2019-06-11 10:45:00,2019-06-11 11:00:00,long,1323.7549999999999,1322.0435755591604,1322.2685755591604,,6.421518870724862,-10.98994434267019,-1.1513699545150307,stop_loss,1
2019-06-11 14:45:00,2019-06-11 15:00:00,long,1321.735,1320.216765582175,1320.4417655821749,,7.35955338391611,-11.17352724728146,-1.1739823785221515,stop_loss,1
2019-06-12 12:15:00,2019-06-12 12:30:00,long,1336.485,1337.375,1334.8076447222052,,5.657533644428138,5.0352049435416095,0.5305971917709702,first_green,1
2019-06-12 13:45:00,2019-06-12 14:00:00,long,1335.135,1335.535,1333.4838592741894,,5.754980045978039,2.301992018391739,0.24225675846237735,first_green,1
2019-06-12 15:30:00,2019-06-12 15:45:00,long,1333.5449999999998,1333.905,1331.786812763686,,5.4078636869878975,1.9468309273163318,0.20475634936064976,first_green,1
2019-06-13 12:15:00,2019-06-13 12:30:00,long,1336.425,1336.435,1334.8882043501874,,6.190090392737708,0.061900903927320776,0.006507046009149289,first_green,1
2019-06-17 10:00:00,2019-06-17 10:15:00,long,1338.2949999999998,1336.2167830308883,1336.4417830308882,,5.1332676628393585,-10.668043963904129,-1.12141050063219,stop_loss,1
2019-06-17 11:00:00,2019-06-17 11:30:00,long,1335.245,1335.375,1333.1045099735838,,4.431877052816558,0.5761440168666363,0.0607337564743416,first_green,2
2019-06-17 12:30:00,2019-06-17 12:45:00,long,1333.655,1333.7150000000001,1331.5860155288567,,4.585742001560514,0.2751445200944233,0.028999734331992526,first_green,1
2019-06-19 09:30:00,2019-06-19 09:45:00,long,1344.105,1345.425,1342.375631749909,,5.486695416490262,7.242437949766797,0.7632845115147884,first_green,1
2019-06-19 12:00:00,2019-06-19 12:15:00,long,1342.065,1343.085,1340.2708422769608,,5.2986550870059235,5.404628188745946,0.5685118910683845,first_green,1
2019-06-19 14:45:00,2019-06-19 15:00:00,long,1342.315,1344.275,1340.5881830625206,,5.513111615896284,10.805698767156917,1.1350363535702273,first_green,1
2019-06-20 10:30:00,2019-06-20 10:45:00,long,1380.705,1381.695,1376.705863228386,,2.387302387662479,2.363429363785876,0.24755342378562747,first_green,1
2019-06-21 08:00:00,2019-06-21 08:15:00,long,1403.985,1404.9850000000001,1400.4998099287968,,2.7410434271019066,2.7410434271025297,0.2869283968937252,first_green,1
2019-06-21 09:00:00,2019-06-21 09:30:00,long,1397.2549999999999,1393.077898958152,1393.302898958152,,2.418943707210891,-10.104172279562011,-1.0569317427913483,stop_loss,2
2019-06-25 13:00:00,2019-06-25 13:15:00,long,1428.7749999999999,1429.9950000000001,1424.4696112601782,,2.214585044679583,2.7017937545096555,0.28336581751983597,first_green,1
2019-06-25 14:15:00,2019-06-25 14:30:00,long,1428.395,1428.825,1424.5089714546493,,2.455309807372036,1.0557832171701318,0.11065281558843071,first_green,1
2019-06-25 15:30:00,2019-06-25 16:00:00,long,1425.425,1428.525,1421.6834327741253,,2.550814372963471,7.907524556187108,0.828529814608764,first_green,2
2019-06-26 12:15:00,2019-06-26 12:30:00,long,1407.195,1407.115,1403.3153357775884,,2.4651134016479066,-0.19720907213165317,-0.02062034119803308,first_green,1
2019-06-26 13:15:00,2019-06-26 13:30:00,long,1405.495,1407.2050000000002,1401.5669912313542,,2.4346481408638847,4.1632483208778845,0.4353350770624302,first_green,1
2019-06-26 14:15:00,2019-06-26 14:30:00,long,1402.745,1404.695,1398.7461144199997,,2.3940988495804665,4.668492756682019,0.4876358577881454,first_green,1
2019-06-27 10:00:00,2019-06-27 10:15:00,long,1402.935,1404.925,1400.3475378360517,,3.7045560441926524,7.372066527943412,0.7690933717706899,first_green,1
2019-06-27 16:00:00,2019-06-27 16:15:00,long,1401.155,1402.9950000000001,1398.3082650391239,,3.3736294024148528,6.20747810044382,0.646354516766767,first_green,1
2019-06-28 08:45:00,2019-06-28 09:00:00,long,1416.455,1416.675,1413.5785363116056,,3.3441574454620406,0.7357146380017402,0.07648280104757167,first_green,1
2019-06-28 15:00:00,2019-06-28 15:15:00,long,1413.605,1411.0504767033444,1411.2754767033443,,4.130109692636471,-10.550461427582917,-1.0965862845514036,stop_loss,1
2019-07-01 08:15:00,2019-07-01 08:30:00,long,1390.7949999999998,1387.9286130760165,1388.1536130760164,,3.63248962355784,-10.412120758471312,-1.0851825220897935,stop_loss,1
2019-07-01 08:45:00,2019-07-01 09:00:00,long,1388.2649999999999,1385.2899776012591,1385.514977601259,,3.47952812880951,-10.351674120256774,-1.0818175154147582,stop_loss,1
2019-07-01 10:00:00,2019-07-01 10:15:00,long,1383.065,1384.7350000000001,1379.9302773184245,,3.0442568850070897,5.0839089979620615,0.532742500577659,first_green,1
2019-07-03 08:45:00,2019-07-03 09:00:00,long,1422.805,1424.395,1418.2291150569474,,2.0882541841391933,3.3203241527811462,0.3474737716939196,first_green,1
2019-07-03 14:45:00,2019-07-03 15:00:00,long,1420.205,1416.6448079499057,1416.8698079499056,,2.867574504017176,-10.209115952254772,-1.0674623819619464,stop_loss,1
2019-07-03 15:15:00,2019-07-03 15:30:00,long,1416.565,1418.825,1412.9302935894596,,2.6242529166343633,5.9308115915936375,0.6217833697506027,first_green,1
2019-07-04 09:30:00,2019-07-04 10:45:00,long,1414.565,1411.9512459048372,1412.176245904837,,3.9992462795956656,-10.453046340858178,-1.0941913612855811,stop_loss,5
2019-07-04 11:00:00,2019-07-04 11:15:00,long,1411.2549999999999,1412.9950000000001,1408.800621232793,,3.88166791507054,6.754102172223657,0.7089370325593125,first_green,1
2019-07-05 09:15:00,2019-07-05 09:45:00,long,1413.5449999999998,1413.875,1411.0947125316309,,3.895040353726683,1.2853633167304075,0.13467807523001316,first_green,2
2019-07-05 15:00:00,2019-07-05 15:15:00,long,1411.665,1413.325,1409.4196003637783,,4.251885420220648,7.058129797566624,0.7392893332758107,first_green,1
2019-07-09 14:15:00,2019-07-09 14:45:00,short,1390.085,1392.9011428175531,1392.6761428175532,,3.6913547317880817,-10.395382114965656,-1.086834271918819,stop_loss,2
2019-07-09 15:00:00,2019-07-09 15:15:00,short,1391.4950000000001,1394.296698531401,1394.0716985314011,,3.701961532861116,-10.371780189919672,-1.0873210417353603,stop_loss,1
2019-07-09 15:30:00,2019-07-09 15:45:00,short,1394.265,1393.085,1396.9492196520755,,3.544013019648455,4.181935363185403,0.43960634856678193,first_green,1
2019-07-10 12:30:00,2019-07-10 13:30:00,short,1395.305,1395.115,1397.5171447388987,,4.305036675719983,0.8179569683870318,0.08588949749041032,first_green,4
2019-07-11 08:30:00,2019-07-11 09:00:00,long,1422.605,1420.2850838571158,1420.5100838571157,,4.546916666681204,-10.548465375383248,-1.107402867061839,stop_loss,2
2019-07-11 14:30:00,2019-07-11 14:45:00,long,1419.125,1419.9950000000001,1416.9798858896754,,4.428220352578166,3.852551706743528,0.40557282981485565,first_green,1
2019-07-11 15:45:00,2019-07-11 16:30:00,long,1417.225,1414.2348645684,1414.4598645684,,3.4387716538379807,-10.282392963322025,-1.0813703363056342,stop_loss,3
2019-07-12 12:15:00,2019-07-12 12:45:00,long,1407.085,1404.7285137149674,1404.9535137149674,,4.4489910281806475,-10.483986340140728,-1.105560144383692,stop_loss,2
2019-07-12 15:30:00,2019-07-12 16:00:00,long,1406.0349999999999,1406.415,1403.8830038917793,,4.394410081331209,1.669875830906339,0.17658024498674205,first_green,2
2019-07-15 15:45:00,2019-07-15 16:00:00,long,1411.465,1411.525,1409.293327287333,,4.356516535546198,0.2613909921335247,0.027628472582543556,first_green,1
2019-07-16 15:45:00,2019-07-16 16:00:00,long,1410.615,1408.2131027807934,1408.4381027807933,,4.346361177059029,-10.43951282484562,-1.1033581181576886,stop_loss,1
2019-07-17 11:00:00,2019-07-17 11:30:00,long,1404.205,1402.3909612747673,1402.6159612747672,,5.937855779168404,-10.77150032825797,-1.1415950388288707,stop_loss,2
2019-07-17 11:45:00,2019-07-17 12:30:00,long,1402.735,1400.9194139652564,1401.1444139652563,,5.915149398782065,-10.739462641850402,-1.1414572962953076,stop_loss,3
2019-07-17 12:45:00,2019-07-17 13:00:00,long,1401.225,1401.355,1399.5956734761996,,5.758026542548558,0.7485434505319409,0.07978756750175194,first_green,1
2019-07-18 10:00:00,2019-07-18 10:15:00,long,1419.905,1420.375,1417.6290765516083,,4.122975549013991,1.9377985080366882,0.20650958200380243,first_green,1
2019-07-18 13:45:00,2019-07-18 14:00:00,long,1420.0049999999999,1417.7002212350826,1417.9252212350825,,4.514144188692012,-10.404103667872063,-1.1081845837621334,stop_loss,1
2019-07-18 14:15:00,2019-07-18 14:30:00,long,1418.5249999999999,1422.035,1416.3691193302495,,4.342731533156394,15.242987681379892,1.6281049546247406,first_green,1
2019-07-19 09:00:00,2019-07-19 09:15:00,long,1441.305,1441.9850000000001,1438.679931751466,,3.5810567746953796,2.435118606793086,0.2590408841293207,first_green,1
2019-07-19 10:00:00,2019-07-19 10:30:00,long,1438.935,1438.865,1436.0762872436906,,3.2905041652773463,-0.23033529156920476,-0.024486545507393577,first_green,2
2019-07-19 13:45:00,2019-07-19 14:00:00,long,1437.555,1437.4950000000001,1435.0294756606831,,3.7243871489603886,-0.22346322893742007,-0.02375744278757327,first_green,1
2019-07-19 15:45:00,2019-07-19 16:00:00,long,1435.095,1437.095,1432.264971082609,,3.3234542862329075,6.646908572465815,0.706706559678473,first_green,1
2019-07-23 09:00:00,2019-07-23 09:15:00,long,1415.865,1417.075,1414.166004269807,,5.545681392634812,6.710274485088324,0.7121854272479962,first_green,1
2019-07-24 16:00:00,2019-07-24 16:15:00,long,1425.0449999999998,1426.695,1422.935324210558,,4.474083051314563,7.382237034669435,0.7821106959930939,first_green,1
2019-07-26 15:45:00,2019-07-26 16:00:00,long,1417.815,1421.125,1415.6699476357887,,4.408899495268968,14.593457329340044,1.5430858729721222,first_green,1
2019-07-29 09:15:00,2019-07-29 09:30:00,long,1418.085,1418.325,1416.6002060497835,,6.394021155484816,1.534565077316414,0.1616385896272102,first_green,1
2019-07-29 15:30:00,2019-07-29 15:45:00,short,1420.865,1419.855,1422.3268806050442,,6.49686459286917,6.561833238797803,0.6908908952721844,first_green,1
2019-07-30 14:00:00,2019-07-30 14:15:00,long,1426.7949999999998,1428.255,1425.1935495049106,,5.940892306184146,8.67370276703042,0.9116735137784618,first_green,1
2019-07-31 10:30:00,2019-07-31 11:00:00,long,1430.645,1430.595,1429.2518893480137,,6.84491872080098,-0.3422459360397377,-0.035890903517725434,first_green,2
2019-07-31 12:15:00,2019-07-31 12:30:00,long,1430.5449999999998,1430.9550000000002,1429.2945217151773,,7.624981323399154,3.126242342596011,0.32787454606498845,first_green,1
2019-07-31 15:30:00,2019-07-31 15:45:00,long,1429.805,1431.855,1428.5043221323958,,7.33670450664424,15.040244238620357,1.5761012400218057,first_green,1
2019-08-01 09:00:00,2019-08-01 10:00:00,long,1407.665,1405.2889089927878,1405.5139089927877,,4.453688733493784,-10.582369748576664,-1.1045980849929278,stop_loss,4
2019-08-01 13:00:00,2019-08-01 13:15:00,short,1407.195,1407.155,1409.3678919785284,,4.396828721158792,0.17587314884619173,0.018408646354823636,first_green,1
2019-08-06 07:15:00,2019-08-06 07:30:00,long,1458.7649999999999,1462.545,1454.4805228502164,,2.2299742087606877,8.429302509115846,0.8822546760906952,first_green,1
2019-08-07 08:15:00,2019-08-07 08:45:00,long,1483.7949999999998,1485.825,1480.7439213726443,,3.1383480951501,6.370846633155331,0.665338474662537,first_green,2
2019-08-08 10:00:00,2019-08-08 10:15:00,long,1496.705,1498.605,1492.8696997507172,,2.5007882803155193,4.751497732599714,0.4953979809939128,first_green,1
2019-08-08 15:45:00,2019-08-08 16:00:00,long,1495.195,1491.6544815729455,1491.8794815729455,,2.89642566328919,-10.254848433468624,-1.067862690239909,stop_loss,1
2019-08-09 15:30:00,2019-08-09 15:45:00,long,1495.7749999999999,1499.345,1493.1830688194455,,3.6951272510624786,13.191604286293654,1.377351384474855,first_green,1
2019-08-12 10:00:00,2019-08-12 10:15:00,long,1490.945,1488.4688097337419,1488.6938097337418,,4.269072540383294,-10.571035870446734,-1.0999471272474426,stop_loss,1
2019-08-12 16:00:00,2019-08-12 16:30:00,long,1502.135,1503.9650000000001,1498.362601214518,,2.540576302820607,4.649254634162103,0.48510247830713993,first_green,2
2019-08-13 14:00:00,2019-08-13 15:00:00,long,1527.565,1523.545824133026,1523.7708241330258,,2.5290578065435114,-10.164728102242227,-1.0593014156139635,stop_loss,4
2019-08-13 15:15:00,2019-08-13 15:30:00,long,1525.405,1521.5091373847645,1521.7341373847644,,2.6070924680738434,-10.15687408083094,-1.061293495176329,stop_loss,1
2019-08-14 07:30:00,2019-08-14 08:30:00,long,1499.5249999999999,1499.915,1496.2217722903301,,2.8895634601184756,1.1269297494464945,0.11806633822380175,first_green,4
2019-08-15 09:30:00,2019-08-15 09:45:00,long,1514.615,1511.0718573212105,1511.2968573212104,,2.87742401064226,-10.195123817080347,-1.067809019014813,stop_loss,1
2019-08-15 14:30:00,2019-08-15 14:45:00,long,1512.245,1514.775,1507.444651296495,,1.983650812323499,5.018636555178849,0.52704504532202,first_green,1
2019-08-16 11:45:00,2019-08-16 12:00:00,long,1510.875,1507.447808246618,1507.672808246618,,2.9775737778541815,-10.204716296548266,-1.0702643743187052,stop_loss,1
2019-08-16 12:15:00,2019-08-16 12:30:00,long,1507.325,1509.2250000000001,1503.840023437135,,2.728641135529527,5.184418157506349,0.5451973537629916,first_green,1
2019-08-16 15:15:00,2019-08-16 15:30:00,long,1511.2749999999999,1512.095,1508.138394148563,,3.0358329679267366,2.4893830337004212,0.2614290857184185,first_green,1
2019-08-19 11:15:00,2019-08-19 12:15:00,long,1501.985,1498.8998173342538,1499.1248173342537,,3.3314078233119626,-10.278001669012882,-1.0786663043219347,stop_loss,4
2019-08-19 13:00:00,2019-08-19 13:15:00,long,1498.0249999999999,1499.9750000000001,1495.019032811539,,3.1612919598970772,6.164519321800163,0.6487096757030089,first_green,1
2019-08-19 14:30:00,2019-08-19 14:45:00,long,1496.905,1493.5837236147133,1493.8087236147132,,3.0740638168251055,-10.20981556168533,-1.072667931412419,stop_loss,1
2019-08-20 15:15:00,2019-08-20 15:30:00,long,1503.415,1504.355,1501.007671993285,,3.943221130447071,3.706627862620462,0.3904744170208653,first_green,1
2019-08-21 10:00:00,2019-08-21 10:30:00,long,1499.7749999999999,1497.645740772809,1497.8707407728089,,4.989810787299506,-10.624600660794234,-1.118156182092818,stop_loss,2
2019-08-21 10:45:00,2019-08-21 11:00:00,long,1498.0049999999999,1498.145,1495.7842155531564,,4.2666598036869825,0.5973323725166044,0.06304078732138524,first_green,1
2019-08-21 15:00:00,2019-08-21 15:30:00,long,1499.925,1500.445,1497.9958859589472,,4.912527129686798,2.5545141074370457,0.26955378942563496,first_green,2
2019-08-22 10:30:00,2019-08-22 11:30:00,long,1498.7649999999999,1498.895,1496.9279696338276,,5.162250729670824,0.6710925948577706,0.0707663860075349,first_green,4
2019-08-22 13:30:00,2019-08-22 14:15:00,long,1496.685,1494.4890345968656,1494.7140345968655,,4.812306225468788,-10.567657980417382,-1.1141572549381602,stop_loss,3
2019-08-22 14:45:00,2019-08-22 15:00:00,long,1493.205,1493.845,1490.8478116866743,,4.0126068338561245,2.568068373668321,0.2715099155981954,first_green,1
2019-08-23 10:15:00,2019-08-23 10:30:00,short,1496.395,1495.865,1497.925330593617,,6.18486629304048,3.277979135311286,0.3463303956743703,first_green,1
2019-08-23 15:15:00,2019-08-23 15:30:00,short,1502.095,1504.5458081312079,1504.320808131208,,4.2560205080964115,-10.430689667830052,-1.1010868802414706,stop_loss,1
2019-08-23 15:45:00,2019-08-23 16:30:00,short,1503.565,1506.335059051909,1506.110059051909,,3.7119014280840275,-10.28218615065774,-1.0884065930930529,stop_loss,3
2019-08-26 10:00:00,2019-08-26 10:15:00,long,1537.195,1532.939542141135,1533.164542141135,,2.337526701399521,-9.947246371777206,-1.0558249230927994,stop_loss,1
2019-08-26 11:45:00,2019-08-26 12:00:00,long,1525.905,1526.2350000000001,1520.6359891887307,,1.7833394321257,0.5885020126017567,0.06263035165810578,first_green,1
2019-08-26 16:00:00,2019-08-26 16:15:00,long,1527.335,1530.685,1522.7429111796152,,2.046542732654963,6.85591815439394,0.7295155061306503,first_green,1
2019-08-27 11:15:00,2019-08-27 11:30:00,long,1531.445,1531.415,1529.107660415785,,4.028103516508357,-0.1208431054951408,-0.01283510543464673,first_green,1
2019-08-27 12:15:00,2019-08-27 12:45:00,long,1530.885,1530.9950000000001,1528.6265006542908,,4.168583758314302,0.458544213415104,0.048704906737790515,first_green,2
2019-08-28 15:45:00,2019-08-28 16:45:00,long,1541.405,1538.260462988188,1538.485462988188,,3.22513124962107,-10.14154458238482,-1.0770670140812015,stop_loss,4
2019-08-29 12:30:00,2019-08-29 12:45:00,long,1536.945,1538.415,1533.430495927193,,2.671937774214802,3.9277485280958317,0.4182666941188127,first_green,1
2019-08-29 14:00:00,2019-08-29 14:45:00,long,1536.705,1536.7450000000001,1533.361429948119,,2.8114725922360453,0.11245890368997878,0.0119632606404308,first_green,3
2019-08-30 10:15:00,2019-08-30 10:45:00,long,1527.5449999999998,1524.5669450749679,1524.7919450749678,,3.4146201090537094,-10.168926232880649,-1.0817273923429942,stop_loss,2
2019-08-30 11:00:00,2019-08-30 11:15:00,long,1523.325,1525.385,1520.435713677006,,3.2448201198166053,6.68432944682203,0.7129788361941678,first_green,1
2019-09-03 14:00:00,2019-09-03 14:45:00,long,1530.5149999999999,1531.115,1528.1107419935988,,3.9063716087765314,2.343822965266452,0.24955724319216485,first_green,3
2019-09-04 07:45:00,2019-09-04 08:00:00,long,1542.465,1543.175,1539.7592807032868,,3.4733036738911367,2.4660456084628333,0.2624071169771866,first_green,1
2019-09-04 09:15:00,2019-09-04 10:30:00,long,1539.075,1535.9904898007198,1536.2154898007198,,3.2886575785531105,-10.143897842987204,-1.0786848041516126,stop_loss,5
2019-09-04 10:45:00,2019-09-04 11:00:00,long,1535.7549999999999,1536.125,1532.650915851192,,3.0213711012980218,1.1179073074806254,0.11919779949980058,first_green,1
2019-09-05 10:45:00,2019-09-05 12:45:00,long,1543.815,1540.4582084837095,1540.6832084837094,,2.9955330240455793,-10.055379841884267,-1.0718438627953135,stop_loss,8
2019-09-05 13:00:00,2019-09-05 13:30:00,long,1541.0049999999999,1541.105,1538.1513929754906,,3.2787438429713185,0.32787438429757915,0.035043367619033726,first_green,2
2019-09-06 09:15:00,2019-09-06 09:30:00,long,1515.645,1512.7609693601914,1512.9859693601913,,3.5189764298856416,-10.14883584455427,-1.084617302497914,stop_loss,1
2019-09-06 09:45:00,2019-09-06 10:00:00,long,1509.855,1506.5414225605734,1506.7664225605733,,3.0213566734953425,-10.01149930975511,-1.0728490719150223,stop_loss,1
2019-09-06 15:45:00,2019-09-06 16:00:00,short,1517.385,1522.4807124132342,1522.2557124132343,,1.9107400561481034,-9.736581822577696,-1.0461944744240204,stop_loss,1
2019-09-09 15:30:00,2019-09-09 16:00:00,short,1512.545,1515.1023308318686,1514.8773308318687,,3.9798487112359373,-10.177789815415826,-1.0964700191437442,stop_loss,2
2019-09-10 07:15:00,2019-09-10 07:30:00,short,1490.4850000000001,1490.0149999999999,1493.2021595651775,,3.4068221459954793,1.6012064086187427,0.17297475128943401,first_green,1
2019-09-10 09:30:00,2019-09-10 10:15:00,short,1490.345,1493.1422448537087,1492.9172448537088,,3.6003113714149113,-10.070952455439135,-1.0874722325425186,stop_loss,3
2019-09-10 10:30:00,2019-09-10 10:45:00,short,1491.4750000000001,1494.2851399226045,1494.0601399226045,,3.5726132016977843,-10.039542986114188,-1.087035907817799,stop_loss,1
2019-09-11 12:00:00,2019-09-11 12:30:00,short,1493.575,1493.575,1495.9757635531741,,3.836531984205476,0.0,0.0,first_green,2
2019-09-12 08:00:00,2019-09-12 08:45:00,short,1495.755,1498.0406141217325,1497.8156141217326,,4.4698355024974274,-10.21631914632874,-1.109190749314453,stop_loss,3
2019-09-12 09:00:00,2019-09-12 09:15:00,short,1497.635,1496.415,1499.7340799388485,,4.375757773875031,5.338424484127657,0.5812070219056512,first_green,1
2019-09-12 10:00:00,2019-09-12 10:15:00,short,1500.885,1503.6781979418327,1503.4531979418327,,3.5816598369545596,-10.004284884926173,-1.08761006943232,stop_loss,1
2019-09-12 10:30:00,2019-09-12 11:15:00,short,1501.585,1504.5253849600497,1504.3003849600498,,3.3783057814503756,-9.933519510225436,-1.0828611792840557,stop_loss,3
2019-09-12 11:30:00,2019-09-12 11:45:00,short,1504.685,1504.5349999999999,1507.3383362360469,,3.4479485812374246,0.5171922871859272,0.05653260147065587,first_green,1
2019-09-12 14:45:00,2019-09-12 15:00:00,short,1504.195,1506.5956378230594,1506.3706378230595,,4.205598833759255,-10.09611962893726,-1.1034179483437623,stop_loss,1
2019-09-13 10:00:00,2019-09-13 10:15:00,short,1504.795,1502.2949999999998,1507.0572800195857,,4.033373195746411,10.083432989366946,1.1050798213998754,first_green,1
2019-09-13 11:15:00,2019-09-13 11:30:00,short,1506.2150000000001,1505.385,1508.9193672564113,,3.3833526689289957,2.8081827152115895,0.306910978171511,first_green,1
2019-09-13 13:15:00,2019-09-13 13:30:00,short,1506.875,1504.675,1509.406693036712,,3.6168873946198588,7.957152268163854,0.8689837069888874,first_green,1
2019-09-13 15:00:00,2019-09-13 15:15:00,short,1507.815,1506.645,1510.3742364414043,,3.585734152474869,4.195308958395858,0.4571676071313339,first_green,1
2019-09-16 09:30:00,2019-09-16 09:45:00,short,1505.275,1505.205,1508.6044004612681,,2.7594246746449422,0.1931597272255977,0.021024806362135,first_green,1
2019-09-16 13:00:00,2019-09-16 13:45:00,short,1503.565,1503.095,1506.770615068845,,2.8661309878437344,1.3470815642866334,0.14661772855010197,first_green,3
2019-09-17 12:30:00,2019-09-17 12:45:00,short,1499.275,1498.235,1501.4298251696916,,4.26534853829545,4.435962479828083,0.4826377632061265,first_green,1
2019-09-17 14:30:00,2019-09-17 15:00:00,short,1500.4950000000001,1502.9202032467786,1502.6952032467786,,4.1824182868101865,-10.143214408557574,-1.1022632796898864,stop_loss,2
2019-09-17 15:15:00,2019-09-17 15:45:00,short,1503.355,1503.165,1505.7964983721474,,3.758680473717806,0.7141492900065882,0.0778210635598094,first_green,2
2019-09-18 15:15:00,2019-09-18 15:30:00,short,1501.9650000000001,1503.4998348902157,1503.2748348902157,,7.00744628181228,-10.75527304463641,-1.171777375668222,stop_loss,1
2019-09-18 15:45:00,2019-09-18 16:00:00,short,1503.935,1505.6958525328898,1505.47085253289,,5.958716252137273,-10.49242060534804,-1.1464984399098084,stop_loss,1
2019-09-19 07:45:00,2019-09-19 08:30:00,short,1494.7150000000001,1497.171142145883,1496.9461421458832,,4.090047966662673,-10.045739189603053,-1.1008452107881537,stop_loss,3
2019-09-19 08:45:00,2019-09-19 09:00:00,short,1496.755,1496.5149999999999,1498.908108101535,,4.226617345707441,1.0143881629707854,0.11146676742758727,first_green,1
2019-09-19 11:15:00,2019-09-19 12:45:00,short,1496.7350000000001,1496.845,1499.092552369326,,3.8611655622056573,-0.424728211842236,-0.04665856056098969,first_green,6
2019-09-19 14:00:00,2019-09-19 14:30:00,short,1498.375,1500.694431877648,1500.469431877648,,4.3457313155628094,-10.079627745009377,-1.1074277002757302,stop_loss,2
2019-09-19 14:45:00,2019-09-19 15:00:00,short,1500.435,1502.8127047504345,1502.5877047504346,,4.216388303046702,-10.025326497830738,-1.1045196745882047,stop_loss,1
2019-09-19 15:15:00,2019-09-19 15:30:00,short,1502.325,1502.425,1504.6222046062421,,3.9402566879787972,-0.3940256687975214,-0.043531168154627674,first_green,1
2019-09-19 16:00:00,2019-09-19 16:15:00,short,1503.4950000000001,1501.595,1506.219030072855,,3.322500305491686,6.312750580434505,0.6974959707433731,first_green,1
2019-09-23 07:45:00,2019-09-23 08:00:00,long,1515.365,1515.325,1513.315480749244,,4.423658193176646,-0.1769463277269049,-0.01951677203578768,first_green,1
2019-09-23 08:45:00,2019-09-23 09:00:00,long,1514.725,1515.575,1512.8586876738639,,4.85767046217321,4.129019892847891,0.4554435975675907,first_green,1
2019-09-23 10:00:00,2019-09-23 10:15:00,long,1514.2849999999999,1515.805,1512.136588526157,,4.224634303110769,6.421444140729253,0.7074994797348811,first_green,1
2019-09-23 13:00:00,2019-09-23 13:15:00,long,1518.2649999999999,1518.885,1515.6747633959242,,3.5102223502046677,2.176337857127309,0.23936037311207686,first_green,1
2019-09-24 12:15:00,2019-09-24 12:45:00,long,1520.595,1520.7250000000001,1518.6263656548433,,4.6213494583034604,0.6007754295799542,0.0660356253155587,first_green,2
2019-09-25 08:00:00,2019-09-25 09:15:00,long,1529.125,1529.295,1527.1969790873811,,4.719476403812342,0.8023109886484415,0.08817331746114607,first_green,5
2019-09-25 13:15:00,2019-09-25 14:15:00,long,1529.565,1529.815,1527.529844049221,,4.472018459887346,1.1180046149718366,0.12284070903967362,first_green,4
2019-09-25 15:15:00,2019-09-25 15:45:00,long,1527.445,1527.665,1525.3101862771189,,4.264564113764502,0.9382041050283068,0.10305348782521583,first_green,2
2019-09-26 15:30:00,2019-09-26 15:45:00,long,1503.125,1506.865,1500.5315743233134,,3.5113385296885165,13.132406101035084,1.4421080324840079,first_green,1
2019-10-01 12:15:00,2019-10-01 12:30:00,short,1464.115,1467.4955739573236,1467.2705739573237,,2.896216866182079,-9.79087531257644,-1.0713024010981311,stop_loss,1
2019-10-01 12:45:00,2019-10-01 13:00:00,short,1467.395,1467.065,1470.5972550958556,,2.846353290592165,0.9392965858952074,0.1030523771910024,first_green,1
2019-10-01 13:30:00,2019-10-01 14:30:00,short,1467.945,1467.385,1471.0828296084528,,2.9055425910663986,1.6271038509970246,0.17846730698549834,first_green,4
2019-10-02 10:15:00,2019-10-02 10:30:00,short,1478.945,1481.3440778977451,1481.1190778977452,,4.195417901058636,-10.065134358234335,-1.1034921518834506,stop_loss,1
2019-10-02 14:15:00,2019-10-02 15:15:00,short,1485.355,1488.1410894283138,1487.9160894283139,,3.5516145566965016,-9.895115769857327,-1.087853238357258,stop_loss,4
2019-10-02 16:00:00,2019-10-02 16:15:00,short,1492.195,1496.0676852634654,1495.8426852634655,,2.4868551012424933,-9.630807102955629,-1.0616829533659233,stop_loss,1
2019-10-03 09:15:00,2019-10-03 09:30:00,short,1502.2350000000001,1501.145,1504.3631989590724,,4.251100513348029,4.63369955954997,0.512170159351688,first_green,1
2019-10-03 11:45:00,2019-10-03 12:30:00,short,1500.935,1504.083585278775,1503.858585278775,,3.098514690877442,-9.755937741764923,-1.0769602999554626,stop_loss,3
2019-10-03 14:15:00,2019-10-03 15:00:00,short,1502.4650000000001,1501.245,1505.286547467739,,3.2019245450453204,3.9063479449561065,0.4323868423088992,first_green,3
2019-10-04 16:00:00,2019-10-04 16:15:00,long,1496.665,1500.685,1491.859360758998,,1.8819864555501138,7.565585551311424,0.8365172245351178,first_green,1
2019-10-07 10:30:00,2019-10-07 10:45:00,long,1502.0449999999998,1502.685,1499.8420633488456,,4.114081955536683,2.633012451543889,0.2905212910524554,first_green,1
2019-10-07 11:45:00,2019-10-07 12:00:00,long,1501.135,1501.415,1498.80002926047,,3.8842647161644352,1.0875941205259358,0.1199158495906158,first_green,1
2019-10-07 13:45:00,2019-10-07 14:00:00,long,1501.2649999999999,1499.0740764966915,1499.2990764966914,,4.614809999914252,-10.110695692114495,-1.1144500280002039,stop_loss,1
2019-10-07 14:15:00,2019-10-07 15:00:00,long,1499.575,1499.575,1497.3930812650046,,4.146390311334382,0.0,0.0,first_green,3
2019-10-08 10:30:00,2019-10-08 10:45:00,short,1492.375,1494.7393949812479,1494.514394981248,,4.228806172867873,-9.998568091798811,-1.1051699204551098,stop_loss,1
2019-10-08 11:00:00,2019-10-08 11:45:00,short,1496.545,1499.2790446521983,1499.0540446521984,,3.595826911557602,-9.83115133777456,-1.0896755662768987,stop_loss,3
2019-10-08 12:30:00,2019-10-08 13:00:00,short,1499.945,1502.655162057613,1502.4301620576132,,3.620493229713637,-9.81212338101523,-1.09053735522423,stop_loss,2
2019-10-08 13:15:00,2019-10-08 14:00:00,short,1502.275,1505.0372379885482,1504.8122379885483,,3.536515745222512,-9.768698138552196,-1.0886791073661373,stop_loss,3
2019-10-08 14:30:00,2019-10-08 14:45:00,short,1505.9950000000001,1506.055,1508.9524060184783,,3.025813937829128,-0.18154883626958257,-0.0202880496032871,first_green,1
2019-10-09 11:45:00,2019-10-09 12:30:00,long,1505.095,1502.249113605532,1502.474113605532,,3.414152745165695,-9.71629084610237,-1.0858488183519985,stop_loss,3
2019-10-09 12:45:00,2019-10-09 13:30:00,long,1502.595,1502.765,1499.7425637413473,,3.128489102694338,0.5318431474582651,0.059598176640893674,first_green,3
2019-10-09 14:30:00,2019-10-09 14:45:00,long,1500.605,1501.655,1497.827325292901,,3.2131715554680245,3.3738301332412797,0.3780140263783938,first_green,1
2019-10-10 07:45:00,2019-10-10 08:45:00,long,1508.425,1505.6010037643657,1505.8260037643656,,3.437319305061053,-9.706976778165316,-1.086571883758421,stop_loss,4
2019-10-10 09:30:00,2019-10-10 09:45:00,long,1504.925,1506.555,1502.3118601970139,,3.409428183827208,5.557367939638721,0.6237706831213046,first_green,1
2019-10-10 13:15:00,2019-10-10 13:45:00,long,1506.2549999999999,1506.175,1503.4684244812727,,3.2022121246892805,-0.25617696997490946,-0.028709073004584505,first_green,2
2019-10-11 10:45:00,2019-10-11 11:15:00,short,1502.035,1500.085,1504.3217968019605,,3.9017745093732645,7.608460293278044,0.8527211505317469,first_green,2
2019-10-14 12:30:00,2019-10-14 12:45:00,short,1494.4750000000001,1494.465,1497.074393818807,,3.4398737721254324,0.03439873772200518,0.0038470507730945466,first_green,1
2019-10-14 14:30:00,2019-10-14 14:45:00,short,1496.255,1494.325,1498.671065486041,,3.700923120356078,7.142781622287466,0.7988194074833063,first_green,1
2019-10-15 12:00:00,2019-10-15 12:45:00,short,1494.275,1494.2749999999999,1496.4773128447061,,4.068236532868555,9.250098930507546e-13,1.0324313186920527e-13,first_green,3
2019-10-15 13:30:00,2019-10-15 13:45:00,short,1496.565,1495.405,1498.7866808458905,,4.03277076822794,4.678014091144741,0.5221272002888259,first_green,1
2019-10-16 07:15:00,2019-10-16 07:30:00,short,1483.915,1484.085,1485.4842983487893,,5.7167106648573265,-0.9718408130261614,-0.10832866811542081,first_green,1
2019-10-16 10:30:00,2019-10-16 10:45:00,short,1484.135,1483.5349999999999,1486.4340585222646,,3.901072947025096,2.34064376821559,0.26097639281018126,first_green,1
2019-10-17 14:15:00,2019-10-17 14:30:00,short,1489.2150000000001,1489.065,1491.946535883336,,3.2855678993659225,0.4928351849051872,0.054914160533340965,first_green,1
2019-10-17 15:30:00,2019-10-17 15:45:00,short,1491.195,1490.2649999999999,1493.938601127379,,3.2715683823879655,3.042558595621016,0.33897055614950916,first_green,1
2019-10-18 13:45:00,2019-10-18 14:00:00,short,1488.915,1486.2849999999999,1490.6312349696427,,5.234414434857935,13.76650996367694,1.5324241997863262,first_green,1
2019-10-18 15:15:00,2019-10-18 16:00:00,short,1489.9650000000001,1492.3945971640997,1492.1695971640997,,4.090498491273485,-9.938263534151362,-1.1020594617755501,stop_loss,3
2019-10-21 12:15:00,2019-10-21 14:00:00,short,1490.115,1492.2021938940197,1491.9771938940198,,4.829279992625812,-10.079643713120193,-1.120825227019843,stop_loss,7
2019-10-22 10:30:00,2019-10-22 10:45:00,short,1486.895,1488.6179323193699,1488.39293231937,,5.986823629834576,-10.314891922209258,-1.1502070534765847,stop_loss,1
2019-10-23 10:00:00,2019-10-23 10:30:00,short,1491.285,1492.8505273063547,1492.6255273063548,,6.670561154033924,-10.442945635348526,-1.1678443989415999,stop_loss,2
2019-10-23 10:45:00,2019-10-23 11:30:00,short,1492.785,1494.6520657769902,1494.4270657769903,,5.429722814116218,-10.137649644778783,-1.1370225256215498,stop_loss,3
2019-10-23 11:45:00,2019-10-23 12:00:00,short,1494.515,1494.225,1496.2133762145102,,5.234775317467509,1.5180848420665776,0.17075133149097266,first_green,1
2019-10-24 14:00:00,2019-10-24 15:00:00,short,1489.9650000000001,1491.6834957427523,1491.4584957427523,,5.955432509774546,-10.23438541429508,-1.1506532583650229,stop_loss,4
2019-10-24 15:15:00,2019-10-24 15:30:00,short,1492.385,1494.091505278332,1493.8665052783322,,5.986362158658517,-10.215758621758232,-1.151872560490102,stop_loss,1
2019-10-24 15:45:00,2019-10-24 16:15:00,short,1493.9850000000001,1496.0119611838682,1495.7869611838682,,4.907590584455923,-9.947495621008349,-1.1248639549032464,stop_loss,2
2019-10-28 10:00:00,2019-10-28 10:15:00,long,1505.685,1503.924894630663,1504.1498946306629,,5.744504042912565,-10.110932410108497,-1.1465697433506286,stop_loss,1
2019-10-28 13:00:00,2019-10-28 13:15:00,long,1504.635,1504.4850000000001,1502.963729839725,,5.261352639707978,-0.7892028959554789,-0.08975209607953233,first_green,1
2019-10-28 14:00:00,2019-10-28 14:30:00,long,1503.5149999999999,1501.4629207349121,1501.687920734912,,4.811596754542513,-9.87377793196016,-1.1231473665643579,stop_loss,2
2019-10-28 14:45:00,2019-10-28 15:00:00,long,1500.425,1497.9292371919105,1498.1542371919104,,3.860590012364201,-9.635116970140226,-1.09908564610903,stop_loss,1
2019-10-28 15:45:00,2019-10-28 16:30:00,long,1493.975,1490.7886679622593,1491.0136679622592,,2.952183785376239,-9.406637776642667,-1.075979321849896,stop_loss,3
2019-10-29 11:45:00,2019-10-29 12:00:00,long,1493.225,1493.115,1491.7961191806214,,6.1018943723270445,-0.6712083809553644,-0.07698332744626366,first_green,1
2019-10-29 12:30:00,2019-10-29 12:45:00,long,1492.335,1490.6004204955634,1490.8254204955633,,5.7745894031543745,-10.016484425248496,-1.1490481285275966,stop_loss,1
2019-10-29 15:45:00,2019-10-29 16:00:00,long,1485.315,1486.9850000000001,1482.539639366296,,3.131903109425845,5.230278192741389,0.6017236029507228,first_green,1
2019-10-30 08:45:00,2019-10-30 09:00:00,short,1489.375,1489.395,1490.6667197610545,,6.739260756413,-0.1347852151281374,-0.015483234524223862,first_green,1
2019-10-30 10:45:00,2019-10-30 11:15:00,short,1490.115,1491.6376823527107,1491.4126823527108,,6.708035531758601,-10.214207325565274,-1.1733860366752256,stop_loss,2
2019-10-30 13:00:00,2019-10-30 13:30:00,short,1492.835,1493.0049999999999,1494.4095961165738,,5.51212067732791,-0.9370605151448924,-0.10796419361795447,first_green,2
2019-10-30 14:15:00,2019-10-30 14:30:00,short,1493.9950000000001,1491.725,1495.5139319199423,,5.712580693971453,12.967558175316393,1.4944711939997213,first_green,1
2019-10-31 08:00:00,2019-10-31 08:15:00,short,1498.025,1498.0449999999998,1499.5928251687537,,5.5551092241237345,-0.11110218448111056,-0.012756524386997575,first_green,1
2019-10-31 09:30:00,2019-10-31 09:45:00,short,1498.595,1500.3703878970716,1500.1453878970717,,5.617408596742171,-9.973079235561988,-1.145124971902116,stop_loss,1
2019-10-31 10:00:00,2019-10-31 10:15:00,short,1500.035,1499.625,1501.629645686761,,5.4458678033024945,2.2328057993544683,0.2571104060318738,first_green,1
2019-11-01 12:15:00,2019-11-01 12:30:00,long,1511.7849999999999,1509.985882595145,1510.210882595145,,5.52043423883381,-9.931909321442097,-1.1429372417241361,stop_loss,1
2019-11-01 14:45:00,2019-11-01 15:00:00,long,1506.605,1507.7050000000002,1504.124842078616,,3.4937218189581882,3.843094000854484,0.44352014463106826,first_green,1
2019-11-04 12:30:00,2019-11-04 12:45:00,long,1509.225,1510.335,1507.3489935449204,,4.62396574165087,5.132601973233054,0.5916823990635394,first_green,1
2019-11-05 08:30:00,2019-11-05 08:45:00,long,1504.145,1504.425,1502.6423150193298,,5.781265665184157,1.6187543862514062,0.18633313276019456,first_green,1
2019-11-05 14:15:00,2019-11-05 14:30:00,long,1501.815,1499.392753710215,1499.6177537102149,,3.955618453292238,-9.581482122292629,-1.1024009010942077,stop_loss,1
2019-11-05 14:45:00,2019-11-05 15:00:00,long,1500.065,1500.505,1497.8093641685016,,3.842603555042168,1.6907455642187637,0.19506694913059316,first_green,1
2019-11-06 08:45:00,2019-11-06 09:15:00,short,1485.765,1485.635,1487.3527539510226,,5.461640402987278,0.7100132523889423,0.08187666603908753,first_green,2
2019-11-06 11:45:00,2019-11-06 12:30:00,short,1487.4550000000002,1487.105,1489.239855332847,,4.859506539504376,1.7008272888271945,0.19609432403796317,first_green,3
2019-11-06 15:30:00,2019-11-06 15:45:00,short,1486.675,1489.0125325591086,1488.7875325591087,,4.107755969413782,-9.602013323377816,-1.1065072341866438,stop_loss,1
2019-11-06 16:00:00,2019-11-06 16:15:00,short,1488.755,1487.395,1490.8790459310685,,4.074188354579886,5.5408961622291635,0.640287472181003,first_green,1
2019-11-07 15:00:00,2019-11-07 15:30:00,short,1484.385,1484.175,1486.7840493816157,,3.6129374842296524,0.7587168716883584,0.08753467169509006,first_green,2
2019-11-08 10:00:00,2019-11-08 10:15:00,short,1471.415,1470.825,1473.4340517777391,,4.293853344981669,2.5333734735388336,0.2922163792453978,first_green,1
2019-11-12 11:15:00,2019-11-12 11:45:00,short,1453.545,1456.3679303871754,1456.1429303871755,,3.339521992601569,-9.427238111555335,-1.0866074014571796,stop_loss,2
2019-11-12 12:00:00,2019-11-12 12:15:00,short,1455.635,1455.0449999999998,1458.1711764069332,,3.4115440646353914,2.0128109981353774,0.23263366001956381,first_green,1
2019-11-12 15:00:00,2019-11-12 15:15:00,short,1453.915,1452.745,1456.353051563981,,3.550913247011389,4.154568499003584,0.47989140889606796,first_green,1
2019-11-13 11:15:00,2019-11-13 11:30:00,short,1463.2350000000001,1465.5286119633172,1465.3036119633173,,4.190102431190156,-9.610469063701649,-1.1087685868543016,stop_loss,1
2019-11-13 11:45:00,2019-11-13 12:00:00,short,1465.445,1464.875,1467.702298070411,,3.829210664434356,2.182650078727339,0.25251428133110776,first_green,1
2019-11-13 13:45:00,2019-11-13 14:00:00,short,1465.4850000000001,1465.305,1467.7243445449283,,3.862347350170422,0.6952225230309219,0.08038066335425818,first_green,1
2019-11-14 10:15:00,2019-11-14 10:30:00,short,1467.535,1469.5795011915795,1469.3545011915796,,4.754525342200732,-9.72063272752412,-1.1236602652645595,stop_loss,1
2019-11-14 10:45:00,2019-11-14 11:00:00,short,1469.545,1469.495,1471.4534219458008,,4.5202597689114725,0.22601298844639586,0.026199656795082748,first_green,1
2019-11-14 15:45:00,2019-11-14 16:00:00,short,1469.545,1468.315,1471.654117985606,,4.090396096879837,5.031187199162273,0.5831821682780973,first_green,1
2019-11-15 10:15:00,2019-11-15 11:00:00,short,1466.085,1463.845,1467.6722331419296,,5.443249460930767,12.192878792484969,1.411260854392744,first_green,3
2019-11-15 13:15:00,2019-11-15 13:30:00,short,1466.055,1466.0349999999999,1467.8237788087026,,4.901793315536483,0.09803586631175504,0.011307236327011179,first_green,1
2019-11-15 15:45:00,2019-11-15 16:15:00,short,1467.275,1464.985,1469.4036445641848,,4.073217941928927,9.327669087018021,1.0758019626810247,first_green,2
2019-11-19 07:45:00,2019-11-19 08:30:00,short,1471.755,1473.3800161999459,1473.155016199946,,6.209751289935279,-10.090946443779007,-1.1607124260480763,stop_loss,3
2019-11-19 13:30:00,2019-11-19 15:00:00,short,1467.135,1469.1984704200386,1468.9734704200387,,4.715074522250041,-9.729416804940518,-1.122384346001703,stop_loss,6
2019-11-19 15:15:00,2019-11-19 15:30:00,short,1468.135,1470.185341275116,1469.960341275116,,4.735663195296481,-9.709725714363612,-1.1232646207409143,stop_loss,1
2019-11-19 15:45:00,2019-11-19 16:00:00,short,1469.4950000000001,1467.725,1471.4167993647684,,4.485341882801479,7.939055132559556,0.9210118561016538,first_green,1
2019-11-20 10:00:00,2019-11-20 10:30:00,short,1477.505,1477.495,1479.4838532822855,,4.366051235991408,0.0436605123608671,0.0050534317474356496,first_green,2
2019-11-20 11:45:00,2019-11-20 12:00:00,long,1475.2849999999999,1476.605,1473.3028227682385,,4.358784790687547,5.753595923708276,0.6659343972118922,first_green,1
2019-11-20 14:00:00,2019-11-20 14:15:00,long,1474.245,1472.1394437956335,1472.3644437956334,,4.601972512155475,-9.689711775292562,-1.1196454535511775,stop_loss,1
2019-11-20 14:30:00,2019-11-20 14:45:00,long,1473.0449999999998,1473.2150000000001,1471.0621989870513,,4.352450712028938,0.7399166210462258,0.08573729733348101,first_green,1
2019-11-20 15:45:00,2019-11-20 16:00:00,long,1470.855,1470.775,1468.6238386321534,,3.868789410110318,-0.30950315280854396,-0.03585576603862461,first_green,1
2019-11-21 12:00:00,2019-11-21 12:15:00,long,1470.7549999999999,1468.4758961975394,1468.7008961975394,,4.2018907242912835,-9.576545127255518,-1.1095368207441074,stop_loss,1
2019-11-21 12:30:00,2019-11-21 13:45:00,long,1469.205,1469.195,1466.9413849866537,,3.80240381015521,-0.03802403810151752,-0.004417712349949581,first_green,5
2019-11-21 15:15:00,2019-11-21 15:30:00,long,1467.715,1469.675,1465.4367335798452,,3.777909034357946,7.404701707341712,0.8603032475310346,first_green,1
2019-11-22 11:15:00,2019-11-22 12:00:00,short,1469.905,1472.2433613123576,1472.0183613123577,,4.081457815664481,-9.54392305416946,-1.106465467444795,stop_loss,3
2019-11-22 12:15:00,2019-11-22 12:30:00,short,1471.9550000000002,1470.455,1474.1155856268808,,3.9812054338381277,5.971808150758097,0.694256215230793,first_green,1
2019-11-25 12:00:00,2019-11-25 12:30:00,short,1459.105,1458.815,1460.7105731023657,,5.366722166490337,1.5563494282820025,0.18062086339928365,first_green,2
2019-11-26 08:30:00,2019-11-26 09:00:00,short,1456.7250000000001,1456.615,1458.0298250704502,,6.6066753522631005,0.7267342887497823,0.08430248811987079,first_green,2
2019-11-26 10:30:00,2019-11-26 11:00:00,short,1456.415,1458.2052134969804,1457.9802134969805,,5.508751671457614,-9.861841593756834,-1.143750357656615,stop_loss,2
2019-11-26 11:15:00,2019-11-26 11:30:00,short,1458.685,1457.695,1460.3453786635807,,5.178166915944988,5.126385246785586,0.596249531335802,first_green,1
2019-11-26 13:00:00,2019-11-26 13:15:00,short,1458.045,1457.985,1459.5638254851879,,5.669205521493685,0.3401523312906008,0.03950420939424407,first_green,1
2019-11-27 13:00:00,2019-11-27 13:15:00,short,1459.7250000000001,1458.7749999999999,1460.9405751780635,,7.08420537293302,6.729995104288302,0.7815230330005869,first_green,1
2019-11-28 10:15:00,2019-11-28 10:30:00,short,1457.305,1457.225,1458.450809005653,,7.530233357246902,0.6024186685809164,0.0698196641896472,first_green,1
2019-11-28 16:00:00,2019-11-28 16:15:00,short,1456.285,1455.585,1457.3853018990142,,7.8430431228055895,5.4901301859642695,0.6361890319622953,first_green,1
2019-12-02 07:15:00,2019-12-02 07:30:00,short,1459.885,1460.0449999999998,1461.0163814177997,,7.639722936537801,-1.2223556698449365,-0.1414200352618631,first_green,1
2019-12-02 13:15:00,2019-12-02 14:00:00,short,1458.075,1458.095,1459.6848336704127,,5.367253050526623,-0.10734506101043483,-0.012423643738831404,first_green,3
2019-12-02 15:30:00,2019-12-02 15:45:00,short,1459.335,1458.7549999999999,1461.066917938659,,4.988756177674775,2.893478583052141,0.33488884609006925,first_green,1
2019-12-03 09:45:00,2019-12-03 10:00:00,short,1462.645,1462.165,1463.826058703544,,7.32169365182202,3.514412952874703,0.40641502286013037,first_green,1
2019-12-03 11:45:00,2019-12-03 12:00:00,short,1466.2050000000002,1468.0126965156126,1467.7876965156127,,5.46923302045689,-9.886713474152236,-1.1421624409862525,stop_loss,1
2019-12-03 12:15:00,2019-12-03 12:30:00,short,1468.595,1470.724825056829,1470.4998250568292,,4.531344875960781,-9.650971857955316,-1.1181210837148747,stop_loss,1
2019-12-03 15:30:00,2019-12-03 15:45:00,short,1472.585,1475.064337857543,1474.8393378575431,,3.818101977225562,-9.466364776095068,-1.0998075773101412,stop_loss,1
2019-12-03 16:00:00,2019-12-03 16:15:00,short,1474.055,1476.625117846555,1476.400117846555,,3.6602109066240764,-9.40717337326951,-1.0959440056841643,stop_loss,1
2019-12-04 11:15:00,2019-12-04 11:30:00,long,1475.225,1472.6957283560303,1472.9207283560302,,3.7148866576768325,-9.395957483823203,-1.0976447375849685,stop_loss,1
2019-12-05 09:45:00,2019-12-05 10:00:00,long,1475.195,1473.5157936129401,1473.74079361294,,5.870293355949201,-9.857434097224731,-1.1547235674399765,stop_loss,1
2019-12-06 08:30:00,2019-12-06 09:45:00,long,1472.845,1473.105,1471.679543570493,,7.303554462773235,1.8989241603209746,0.22308856291605242,first_green,5
2019-12-09 14:15:00,2019-12-09 15:15:00,short,1463.9850000000001,1462.645,1465.1244089524123,,7.474683957208025,10.01607650265984,1.1760483337991325,first_green,4
2019-12-10 11:00:00,2019-12-10 13:00:00,short,1463.865,1465.3789031359674,1465.1539031359675,,6.627155889522383,-10.032872083693018,-1.174567035893671,stop_loss,8
2019-12-10 13:15:00,2019-12-10 13:30:00,short,1464.9850000000001,1466.4011379983294,1466.1761379983295,,7.150036217706711,-10.125437977325214,-1.188894989762293,stop_loss,1
2019-12-11 10:00:00,2019-12-11 10:15:00,short,1465.065,1463.995,1466.022460502943,,8.868633439498382,9.489437780264721,1.1175395713048546,first_green,1
2019-12-11 12:00:00,2019-12-11 13:00:00,short,1466.855,1466.915,1468.3102850932137,,5.85114893814077,-0.3510689362881269,-0.04122903497035712,first_green,4
2019-12-13 08:30:00,2019-12-13 08:45:00,long,1466.805,1466.755,1465.2880735310227,,5.6128047928708105,-0.28064023964328527,-0.03296138673990148,first_green,1
2019-12-13 09:30:00,2019-12-13 09:45:00,long,1466.315,1469.155,1464.7323445470518,,5.379257082803272,15.277090115160851,1.7944524784022513,first_green,1
2019-12-13 16:00:00,2019-12-13 16:15:00,long,1468.465,1470.605,1465.6437528152926,,3.0311783123974823,6.486721588530915,0.7585297777522135,first_green,1
2019-12-16 10:30:00,2019-12-16 11:00:00,long,1475.7949999999998,1475.7150000000001,1474.3000342675516,,5.731181590455133,-0.45849452723469053,-0.05351293227884735,first_green,2
2019-12-16 14:15:00,2019-12-16 14:30:00,long,1476.345,1476.9650000000001,1475.0188074607765,,6.45967579705022,4.0049989941719,0.4675037610776654,first_green,1
2019-12-17 09:45:00,2019-12-17 10:00:00,long,1476.635,1477.605,1475.5789264703897,,8.121391271401913,7.8777495332600775,0.9184966508515156,first_green,1
2019-12-17 14:30:00,2019-12-17 14:45:00,long,1478.865,1478.775,1477.6551833940528,,7.105606483586236,-0.6395045835221796,-0.07439144045262183,first_green,1
2019-12-17 15:30:00,2019-12-17 15:45:00,long,1477.635,1476.0885016117643,1476.3135016117642,,6.503891366212324,-10.058257515107474,-1.1702612746280265,stop_loss,1
2019-12-17 16:00:00,2019-12-17 16:30:00,long,1476.335,1477.185,1474.8813865938173,,5.895471435164506,5.011150719889294,0.5847496978113671,first_green,2
2019-12-18 13:45:00,2019-12-18 14:00:00,long,1477.5049999999999,1475.9101061126682,1476.1351061126682,,6.264911662200887,-9.991869314716876,-1.16424629825757,stop_loss,1
2019-12-18 14:15:00,2019-12-18 15:00:00,long,1476.605,1474.9386119032702,1475.16361190327,,5.936835843760048,-9.893072582280924,-1.1560995269146193,stop_loss,3
2019-12-18 15:15:00,2019-12-18 15:30:00,long,1474.0249999999999,1472.14995625701,1472.37495625701,,5.171106446255979,-9.696050786386875,-1.1363600213362812,stop_loss,1
2019-12-19 10:15:00,2019-12-19 10:30:00,long,1475.475,1475.4550000000002,1474.4784811633563,,8.53803400011028,-0.17076068000010897,-0.020069866483523813,first_green,1
2019-12-19 11:30:00,2019-12-19 11:45:00,long,1473.905,1473.925,1472.7544887855247,,7.394873426934891,0.1478974685385633,0.017383576751230055,first_green,1
2019-12-20 10:15:00,2019-12-20 10:30:00,long,1477.615,1476.4919474694248,1476.7169474694247,,9.474116781937328,-10.639930826920168,-1.2505421368344252,stop_loss,1
2019-12-20 12:30:00,2019-12-20 13:00:00,long,1477.455,1477.295,1476.5869882214208,,9.771359022111348,-1.5634174435363937,-0.18432929592472524,first_green,2
2019-12-23 13:15:00,2019-12-23 14:30:00,long,1483.825,1482.3783957240794,1482.6033957240793,,6.939846517743317,-10.039211646800606,-1.184184031142426,stop_loss,5
2019-12-23 14:45:00,2019-12-23 15:00:00,long,1482.705,1481.2734840468984,1481.4984840468983,,7.0058320650153,-10.028960365819794,-1.1864873808104166,stop_loss,1
2019-12-23 15:15:00,2019-12-23 15:30:00,long,1481.435,1482.775,1480.1370857343154,,6.493168287839573,8.700845505705972,1.0324256658766355,first_green,1
2019-12-24 15:15:00,2019-12-24 15:30:00,long,1489.565,1489.575,1488.1317102556568,,5.895059179337985,0.058950591793326235,0.006976956361725019,first_green,1
2019-12-26 09:00:00,2019-12-26 09:15:00,long,1503.0049999999999,1503.575,1501.328165550843,,5.038944211081837,2.872198200317472,0.3399262224644742,first_green,1
2019-12-27 08:00:00,2019-12-27 08:15:00,long,1510.455,1508.6962729755958,1508.9212729755957,,5.513794568043727,-9.69725951383132,-1.1467014640935258,stop_loss,1
2019-12-27 08:30:00,2019-12-27 08:45:00,long,1508.5349999999999,1508.535,1506.8479598616104,,4.998347339434163,1.136492605709046e-12,1.3477668389105467e-13,first_green,1
2019-12-27 09:45:00,2019-12-27 10:00:00,long,1507.685,1508.2350000000001,1506.0033624678276,,5.01440555762604,2.7579230566952337,0.32706215785377907,first_green,1
2019-12-27 13:30:00,2019-12-27 14:15:00,long,1510.0449999999998,1510.005,1508.3653742913343,,5.024516683293822,-0.20098066733042763,-0.02381482957385578,first_green,3
2019-12-30 10:45:00,2019-12-30 11:00:00,long,1513.075,1513.095,1511.885553789753,,7.094734398672743,0.1418946879733258,0.016814547667378287,first_green,1
2019-12-30 12:45:00,2019-12-30 13:00:00,long,1512.125,1510.75942717065,1510.98442717065,,7.399053758574782,-10.103946775609405,-1.1972692968042422,stop_loss,1
2019-12-30 13:15:00,2019-12-30 14:15:00,long,1511.445,1511.765,1510.254608121632,,7.068176426511632,2.2618164564848793,0.2688190383480031,first_green,4
2019-12-31 12:30:00,2019-12-31 13:30:00,long,1523.0349999999999,1521.6541960158534,1521.8791960158533,,7.2845867202557715,-10.058586366189827,-1.1946696871494547,stop_loss,4
2020-01-02 07:15:00,2020-01-02 07:30:00,long,1519.425,1519.405,1517.532709338754,,4.436109134888786,-0.08872218269769504,-0.010569200815488965,first_green,1
2020-01-06 09:30:00,2020-01-06 09:45:00,long,1571.575,1573.945,1568.0980331254161,,2.4142266479789876,5.721717155709937,0.6816285818896394,first_green,1
2020-01-06 15:30:00,2020-01-06 15:45:00,long,1574.385,1571.3039151991834,1571.5289151991833,,2.944061875629748,-9.07090429766642,-1.0787791734809733,stop_loss,1
2020-01-08 09:15:00,2020-01-08 10:15:00,long,1590.5049999999999,1584.8848426943853,1585.1098426943852,,1.5543222634451772,-8.735535624180851,-1.041704066675823,stop_loss,4
2020-01-08 10:30:00,2020-01-08 10:45:00,long,1585.365,1580.1403323178706,1580.3653323178705,,1.6729060424837974,-8.740378135404077,-1.0450029910596128,stop_loss,1
2020-01-08 11:00:00,2020-01-08 11:15:00,long,1581.125,1581.2150000000001,1575.9833987842862,,1.6224757581376918,0.14602281823262836,0.01750427468491479,first_green,1
2020-01-08 13:00:00,2020-01-08 13:30:00,long,1580.865,1575.961628972333,1576.186628972333,,1.7832036702981666,-8.743709213369373,-1.0480936630868525,stop_loss,2
2020-01-08 13:45:00,2020-01-08 14:00:00,long,1577.645,1578.695,1572.9140666371047,,1.7587711506946546,1.8467097082293074,0.22194351927150605,first_green,1
2020-01-08 15:15:00,2020-01-08 15:30:00,long,1572.555,1572.405,1567.835145945325,,1.7638778217185018,-0.2645816732579357,-0.03178064369416518,first_green,1
2020-01-09 08:45:00,2020-01-09 09:00:00,long,1540.745,1545.415,1536.7535748854377,,2.0856170905562923,9.739831812898037,1.1700081715080222,first_green,1
2020-01-10 11:30:00,2020-01-10 12:15:00,long,1549.355,1549.2050000000002,1547.3033067753881,,4.06928965499609,-0.6103934482488583,-0.0731103452506839,first_green,3
2020-01-13 10:30:00,2020-01-13 10:45:00,long,1552.2549999999999,1550.2328517998694,1550.4578517998693,,4.644807829377507,-9.392489792127591,-1.1251983559194307,stop_loss,1
2020-01-13 11:00:00,2020-01-13 11:15:00,long,1550.5149999999999,1548.3215660927444,1548.5465660927443,,4.2287052541394745,-9.275385488218754,-1.114304066380168,stop_loss,1
2020-01-14 07:15:00,2020-01-14 07:30:00,long,1538.435,1536.4559717539878,1536.6809717539877,,4.732385787508741,-9.365525144506245,-1.1282761554789347,stop_loss,1
2020-01-14 14:00:00,2020-01-14 14:30:00,long,1543.2749999999999,1543.7050000000002,1541.054139779413,,3.7270803685557548,1.6026445584800593,0.19361866902485683,first_green,2
2020-01-15 15:15:00,2020-01-15 15:30:00,long,1548.885,1552.055,1547.026184063856,,4.455164699109956,14.122872096178883,1.7053867133159522,first_green,1
2020-01-16 15:45:00,2020-01-16 16:00:00,long,1553.355,1554.425,1551.5193726832283,,4.530679100874874,4.847826637935826,0.5829069932788596,first_green,1
2020-01-17 16:00:00,2020-01-17 16:15:00,long,1555.5049999999999,1555.755,1553.2651236637805,,3.7184007674929664,0.929600191874087,0.11161330469797107,first_green,1
2020-01-20 10:45:00,2020-01-20 11:00:00,long,1559.665,1559.835,1558.3094617760971,,6.145958661483127,1.0448129724525788,0.12541143953182812,first_green,1
2020-01-21 07:45:00,2020-01-21 08:00:00,long,1565.695,1566.355,1564.0413331038137,,5.039523945129377,3.3260858037858014,0.39911302664533577,first_green,1
2020-01-21 09:30:00,2020-01-21 09:45:00,long,1563.2549999999999,1561.1280138300622,1561.353013830062,,4.385946263416058,-9.328847044375928,-1.1182973901473046,stop_loss,1
2020-01-23 08:15:00,2020-01-23 08:30:00,long,1557.615,1555.333482594769,1555.558482594769,,4.045036038273759,-9.228820126108,-1.1094082643927985,stop_loss,1
2020-01-23 09:45:00,2020-01-23 10:00:00,long,1555.2649999999999,1552.8318135174297,1553.0568135174296,,3.756754709197292,-9.140884776750553,-1.1018935682180337,stop_loss,1
2020-01-23 14:00:00,2020-01-23 14:15:00,long,1553.0449999999998,1554.7250000000001,1551.2997879952502,,4.740262347912492,7.963640744494366,0.9626337633640619,first_green,1
2020-01-24 13:15:00,2020-01-24 14:00:00,long,1559.2749999999999,1559.7250000000001,1557.559100779023,,4.832843185499109,2.174779433475918,0.26225316411304694,first_green,3
2020-01-24 15:15:00,2020-01-24 15:30:00,long,1557.425,1560.575,1555.7454463115826,,4.940663024296441,15.563088526534239,1.875498247971016,first_green,1
2020-01-27 09:30:00,2020-01-27 10:00:00,long,1578.205,1578.305,1575.9492364057319,,3.695873338937406,0.3695873338942448,0.04433088655843149,first_green,2
2020-01-28 14:00:00,2020-01-28 14:15:00,long,1578.2949999999998,1576.1585907430697,1576.3835907430696,,4.362195309614879,-9.319434439998574,-1.1177141939561712,stop_loss,1
2020-01-28 14:30:00,2020-01-28 14:45:00,long,1574.625,1572.1240399774429,1572.3490399774428,,3.653246026656234,-9.136622265232948,-1.0988593814346101,stop_loss,1
2020-01-30 08:15:00,2020-01-30 08:30:00,long,1577.125,1577.7450000000001,1575.3320723188622,,4.624726608220144,2.8673304970970364,0.34580312776846334,first_green,1
2020-01-30 11:30:00,2020-01-30 11:45:00,long,1578.945,1579.825,1576.799954892334,,3.868901707547512,3.4046335026422327,0.41024778306766796,first_green,1
2020-01-30 15:30:00,2020-01-30 15:45:00,long,1578.315,1578.4750000000001,1576.0862713194704,,3.727452487216847,0.5963923979550007,0.07178980617867578,first_green,1
2020-02-03 08:00:00,2020-02-03 08:30:00,long,1579.855,1580.135,1577.2175659218813,,3.15039959235434,0.8821118858591293,0.10616379090683944,first_green,2
2020-02-03 09:30:00,2020-02-03 09:45:00,long,1575.575,1576.165,1572.8196679469797,,3.0163974302737744,1.77967448386128,0.21413027128733111,first_green,1
2020-02-03 15:30:00,2020-02-03 15:45:00,long,1576.865,1578.2350000000001,1574.232416559818,,3.1587320589982566,4.327462920827985,0.5204013590184093,first_green,1
2020-02-04 10:30:00,2020-02-04 11:00:00,long,1569.155,1566.314505893371,1566.539505893371,,3.183507218268815,-9.042733491903345,-1.086025810354395,stop_loss,2
2020-02-04 11:15:00,2020-02-04 11:30:00,long,1566.725,1567.155,1564.0831320873672,,3.1431690791036817,1.3515627040147833,0.16276362566951746,first_green,1
2020-02-04 14:15:00,2020-02-04 14:30:00,long,1569.5249999999999,1567.0413392780256,1567.2663392780255,,3.6779390370599057,-9.134752724161574,-1.099616554983623,stop_loss,1
2020-02-04 14:45:00,2020-02-04 15:15:00,long,1566.975,1564.426333357073,1564.6513333570729,,3.5652186100918075,-9.08655374628336,-1.0968297241279348,stop_loss,2
2020-02-04 15:30:00,2020-02-04 15:45:00,long,1565.7849999999999,1563.0865704757614,1563.3115704757613,,3.3401651810518733,-9.013200340383687,-1.0909668125956309,stop_loss,1
2020-02-04 16:00:00,2020-02-04 16:15:00,long,1560.0349999999999,1560.915,1556.8470174000188,,2.5844338591576017,2.2743017960589715,0.2760366383446806,first_green,1
2020-02-06 09:00:00,2020-02-06 09:45:00,short,1557.355,1559.5914596412968,1559.3664596412968,,4.098921876936554,-9.167073350596858,-1.1118590676046811,stop_loss,3
2020-02-06 11:30:00,2020-02-06 11:45:00,short,1562.7250000000001,1562.355,1565.1306233628845,,3.4177828382294093,1.2645796501452855,0.15380628809510713,first_green,1
2020-02-06 12:15:00,2020-02-06 12:45:00,short,1563.875,1566.5791743907641,1566.3541743907642,,3.3176608005780204,-8.97153337416513,-1.0907560197613009,stop_loss,2
2020-02-06 13:00:00,2020-02-06 13:15:00,short,1566.685,1566.345,1569.2505270176782,,3.1972498453838503,1.0870649474302474,0.13252637670820852,first_green,1
2020-02-07 09:45:00,2020-02-07 10:00:00,short,1566.195,1566.155,1568.085375647786,,4.340591528767729,0.17362366115055125,0.021159815535506037,first_green,1
2020-02-07 11:45:00,2020-02-07 12:00:00,short,1567.2050000000002,1569.619020976606,1569.394020976606,,3.7486084737500374,-9.049219488714835,-1.1027856756077208,stop_loss,1
2020-02-07 12:15:00,2020-02-07 12:30:00,short,1568.935,1568.7749999999999,1571.235278291053,,3.557465009876502,0.5691944015805315,0.06955680128895936,first_green,1
2020-02-10 12:45:00,2020-02-10 14:15:00,long,1573.655,1571.307600845303,1571.532600845303,,3.8562880602787604,-9.052247332965953,-1.1060121040389483,stop_loss,6
2020-02-11 12:30:00,2020-02-11 13:00:00,long,1567.7949999999998,1568.315,1565.826001938142,,4.145231048815954,2.155520145385163,0.26409370840598495,first_green,2
2020-02-12 09:30:00,2020-02-12 09:45:00,long,1564.375,1565.075,1562.859070062772,,5.387676897765418,3.7713738284360376,0.461762765421746,first_green,1
2020-02-12 10:45:00,2020-02-12 11:00:00,long,1562.415,1564.165,1560.731686408224,,4.857543583058189,8.500701270351831,1.0396161526585974,first_green,1
2020-02-13 14:15:00,2020-02-13 14:30:00,long,1573.585,1574.135,1571.5189692613963,,3.9680052847237812,2.182402906597899,0.26621094726385436,first_green,1
2020-02-18 07:45:00,2020-02-18 08:45:00,long,1586.205,1584.8906834911184,1585.1156834911183,,7.530847856946645,-9.897917664260405,-1.2065515377444362,stop_loss,4
2020-02-18 15:00:00,2020-02-18 15:15:00,long,1586.815,1588.565,1585.2844089458224,,5.34351228563902,9.351146499868284,1.1433491625496497,first_green,1
2020-02-19 14:45:00,2020-02-19 15:30:00,long,1607.995,1605.7689706764882,1605.993970676488,,4.098945413824479,-9.12437268664725,-1.1124421303357173,stop_loss,3
2020-02-19 15:45:00,2020-02-19 16:00:00,long,1604.865,1602.3256728053723,1602.5506728053722,,3.534201670276725,-8.974494412632437,-1.0972204796807445,stop_loss,1
2020-02-20 07:30:00,2020-02-20 07:45:00,long,1609.0249999999999,1609.185,1606.9389656080639,,3.910224506518701,0.6256359210433122,0.076700557104234,first_green,1
2020-02-20 08:30:00,2020-02-20 09:15:00,long,1608.0249999999999,1605.7812034499145,1606.0062034499144,,4.04123282766968,-9.067704276816832,-1.111452538389957,stop_loss,3
2020-02-24 14:15:00,2020-02-24 14:30:00,long,1680.695,1682.255,1675.4507276884653,,1.5513606362517018,2.420122592552923,0.2974673905794345,first_green,1
2020-02-24 15:15:00,2020-02-24 15:45:00,long,1676.185,1677.315,1670.5907469156148,,1.4553878441979131,1.6445882639438008,0.20199300656493271,first_green,2
2020-02-25 08:15:00,2020-02-25 08:30:00,long,1645.7849999999999,1640.427424163957,1640.652424163957,,1.5871016166652696,-8.503017270790263,-1.0438376377061738,stop_loss,1
2020-02-25 13:45:00,2020-02-25 14:00:00,long,1643.7849999999999,1648.575,1637.473304193135,,1.2872391370678788,6.165875466555385,0.7589085638110673,first_green,1
2020-02-26 12:15:00,2020-02-26 12:45:00,long,1648.195,1649.105,1643.6639455926668,,1.7965082342326446,1.6348224931518536,0.20083625535974978,first_green,2
2020-02-26 15:15:00,2020-02-26 15:30:00,long,1642.365,1637.942020743321,1638.167020743321,,1.9400199740876847,-8.580668102932567,-1.053597215765641,stop_loss,1
2020-02-26 15:45:00,2020-02-26 16:00:00,long,1637.695,1632.8841148245983,1633.1091148245982,,1.771241892857506,-8.52124136439846,-1.049063592173391,stop_loss,1
2020-02-27 09:45:00,2020-02-27 10:00:00,long,1644.185,1649.295,1640.1069437503897,,1.9865858485569097,10.151453686126061,1.253047944223076,first_green,1
2020-02-27 11:30:00,2020-02-27 11:45:00,long,1644.845,1647.055,1640.5428897734903,,1.8890235352949534,4.174742013001915,0.5137013892349727,first_green,1
2020-02-28 08:00:00,2020-02-28 08:15:00,long,1630.865,1633.135,1625.2188309863802,,1.441193897085574,3.2715101463842267,0.40204251670898444,first_green,1
2020-02-28 14:30:00,2020-02-28 15:00:00,long,1620.0249999999999,1621.055,1612.2889919706708,,1.052920714253054,1.0845083356808563,0.13314360534467254,first_green,2
2020-03-03 13:15:00,2020-03-03 13:30:00,short,1602.415,1602.5449999999998,1606.08825790643,,2.2182255039278074,-0.28836931551035266,-0.0353909263415224,first_green,1
2020-03-04 07:15:00,2020-03-04 07:30:00,short,1643.405,1642.915,1647.7805382468532,,1.862032277541686,0.9123958159954431,0.1119862225755661,first_green,1
2020-03-04 09:15:00,2020-03-04 09:30:00,long,1633.985,1634.9750000000001,1629.407933485801,,1.7805453365200756,1.7627398831552958,0.21629574246498173,first_green,1
2020-03-04 15:30:00,2020-03-04 15:45:00,long,1643.185,1638.200300027984,1638.425300027984,,1.7131502688084286,-8.539540096988508,-1.047271887161536,stop_loss,1
2020-03-06 08:30:00,2020-03-06 08:45:00,long,1674.155,1674.075,1669.4555865395566,,1.730584572887754,-0.1384467658308944,-0.017023401042133485,first_green,1
2020-03-09 11:15:00,2020-03-09 11:30:00,long,1665.395,1668.115,1653.5759171776376,,0.6880725384175153,1.8715573044956604,0.23013630083492065,first_green,1
2020-03-10 11:45:00,2020-03-10 12:45:00,long,1659.0449999999998,1661.845,1652.2781503387284,,1.2024894330343532,3.3669704124964075,0.4137819133215524,first_green,4
2020-03-10 16:00:00,2020-03-10 16:30:00,long,1653.7849999999999,1656.9650000000001,1647.1326070856665,,1.2244440073724072,3.893731943444611,0.47802347831087777,first_green,2
2020-03-11 11:00:00,2020-03-11 11:15:00,long,1657.185,1657.885,1652.8253681120468,,1.8706205427655342,1.3094343799359591,0.16056401503400772,first_green,1
2020-03-11 15:30:00,2020-03-11 15:45:00,long,1660.885,1662.515,1656.0603073401085,,1.690986582891288,2.756308130112984,0.33784535407831695,first_green,1
2020-03-12 11:45:00,2020-03-12 12:00:00,long,1636.2649999999999,1636.645,1630.8191690201772,,1.4993820695187783,0.5697651864172993,0.06977814798293383,first_green,1
2020-03-13 07:15:00,2020-03-13 09:30:00,short,1582.9850000000001,1593.9514896558567,1593.7264896558568,,0.7603047621322381,-8.337874309221663,-1.020946815312272,stop_loss,9
2020-03-13 09:45:00,2020-03-13 10:00:00,short,1590.515,1584.625,1600.4036140590615,,0.8237717645077258,4.852015692950587,0.5956345312721363,first_green,1
2020-03-13 14:45:00,2020-03-13 15:00:00,short,1593.845,1589.115,1602.585274480904,,0.9333907200540856,4.414938105855842,0.5411729357395213,first_green,1
2020-03-16 10:45:00,2020-03-16 11:00:00,short,1539.565,1536.5249999999999,1548.9357054729917,,0.8717730441972708,2.6501900543598698,0.3244152757508086,first_green,1
2020-03-17 15:15:00,2020-03-17 15:30:00,short,1486.925,1496.1286491114604,1495.9036491114605,,0.9105772828527339,-8.380633800243622,-1.0250594490559515,stop_loss,1
2020-03-18 12:15:00,2020-03-18 12:30:00,short,1509.385,1507.305,1521.7345614050932,,0.6603313315838079,1.3734891696942724,0.16842703410844093,first_green,1
2020-03-19 08:30:00,2020-03-19 08:45:00,short,1481.4950000000001,1491.301342496595,1491.076342496595,,0.8514710806888232,-8.349817043180375,-1.023483139244826,stop_loss,1
2020-03-19 09:00:00,2020-03-19 09:15:00,short,1490.155,1485.305,1500.214780009819,,0.8089005425044048,3.9231676311462897,0.4821178987280057,first_green,1
2020-03-20 09:30:00,2020-03-20 10:00:00,short,1507.015,1515.0256679444497,1514.8006679444497,,1.0464316593804197,-8.38261654985588,-1.028899254579732,stop_loss,2
2020-03-20 10:15:00,2020-03-20 10:30:00,short,1513.875,1505.395,1521.678317228118,,1.04137928108821,8.830896303628041,1.086717321890199,first_green,1
2020-03-23 14:15:00,2020-03-23 14:30:00,short,1518.055,1515.825,1525.8174153135399,,1.049710663080206,2.3408547786688785,0.28728171708492334,first_green,1
2020-03-25 07:15:00,2020-03-25 07:30:00,long,1608.635,1609.845,1598.322869465473,,0.7907330338308786,0.9567869709353918,0.11733753717999752,first_green,1
2020-03-27 11:00:00,2020-03-27 11:15:00,long,1617.395,1617.7250000000001,1611.8510874029578,,1.4712595279019192,0.4855156442078608,0.059524747950791365,first_green,1
2020-03-27 14:00:00,2020-03-27 14:15:00,long,1617.855,1620.7250000000001,1611.4365350995179,,1.270981168527001,3.647715953672643,0.4471474167887911,first_green,1
2020-03-30 08:15:00,2020-03-30 08:30:00,long,1613.315,1616.335,1606.8630557712024,,1.2657994272170707,3.822714270195531,0.46807596174196675,first_green,1
2020-03-31 12:00:00,2020-03-31 12:15:00,long,1610.2649999999999,1605.4782702992463,1605.7032702992462,,1.792395567315882,-8.579713097569924,-1.049323395895802,stop_loss,1
2020-03-31 12:30:00,2020-03-31 12:45:00,long,1606.0349999999999,1606.925,1600.8813146967989,,1.5823579307636426,1.4082985583798002,0.1726919568502403,first_green,1
2020-03-31 13:45:00,2020-03-31 14:30:00,long,1599.945,1600.755,1594.5622776739576,,1.5156820404991302,1.2277024528045575,0.15048147590324085,first_green,3
2020-04-01 12:45:00,2020-04-01 13:00:00,long,1592.7849999999999,1592.885,1588.264547511316,,1.8054751897380277,0.18054751897404908,0.02212167924571062,first_green,1
2020-04-01 14:15:00,2020-04-01 14:30:00,long,1590.135,1592.9550000000002,1585.9628048778236,,1.9562882234634884,5.5167327901673575,0.6759031918260655,first_green,1
2020-04-01 15:45:00,2020-04-01 16:00:00,long,1582.415,1583.275,1576.7196611131844,,1.4355261693746701,1.2345525056623992,0.151000672144548,first_green,1
2020-04-02 11:45:00,2020-04-02 12:15:00,long,1589.435,1589.375,1584.1690941935244,,1.5531790156002032,-0.09319074093592744,-0.011394051129088355,first_green,2
2020-04-03 11:45:00,2020-04-03 12:00:00,long,1610.585,1611.2150000000001,1605.803166117589,,1.710360840843112,1.0775273297313472,0.13174861684706854,first_green,1
2020-04-03 14:00:00,2020-04-03 14:15:00,long,1608.405,1611.615,1603.7422792276311,,1.754631177294491,5.632366079115379,0.688439251825329,first_green,1
2020-04-07 07:30:00,2020-04-07 07:45:00,long,1658.195,1658.605,1651.8638502696508,,1.294462538791182,0.5307296409044905,0.06475916973416339,first_green,1
2020-04-07 11:00:00,2020-04-07 11:15:00,long,1645.845,1655.325,1637.3775682683508,,0.9680341380113647,9.176963628347755,1.119583871525778,first_green,1
2020-04-08 14:15:00,2020-04-08 14:30:00,long,1647.465,1642.6606439285931,1642.885643928593,,1.7949478613185608,-8.62356865538448,-1.0491335455228716,stop_loss,1
2020-04-09 14:30:00,2020-04-09 14:45:00,long,1657.705,1662.825,1653.1845151664668,,1.8135546886774865,9.285400006028945,1.1326218732158426,first_green,1
2020-04-13 12:45:00,2020-04-13 13:00:00,long,1688.985,1689.025,1684.1872987046086,,1.7136039654786355,0.0685441586194727,0.008337326052085597,first_green,1
2020-04-14 07:15:00,2020-04-14 07:45:00,long,1715.915,1716.425,1711.0201846798163,,1.6796407601855552,0.8566167876946179,0.10419187786248466,first_green,2
2020-04-14 09:30:00,2020-04-14 09:45:00,long,1710.405,1711.515,1705.314968566962,,1.6156428453374423,1.7933635583247667,0.21807330948792272,first_green,1
2020-04-15 10:00:00,2020-04-15 10:30:00,long,1713.7949999999998,1708.5346871452655,1708.7596871452654,,1.6340903760308845,-8.595826610832976,-1.0446844131618065,stop_loss,2
2020-04-15 15:45:00,2020-04-15 16:00:00,long,1715.105,1717.185,1708.1797467729593,,1.1850348919596092,2.464872575275901,0.30035002790630916,first_green,1
2020-04-16 15:45:00,2020-04-16 16:00:00,long,1728.865,1722.5142704302602,1722.7392704302601,,1.3407103264413374,-8.51448871458646,-1.0367303188033916,stop_loss,1
2020-04-17 09:00:00,2020-04-17 09:15:00,long,1694.935,1688.581019813599,1688.8060198135988,,1.3365262115753076,-8.492261066955137,-1.036710838207494,stop_loss,1
2020-04-17 13:00:00,2020-04-17 13:30:00,long,1690.825,1683.1931406255148,1683.4181406255148,,1.1030737325495918,-8.418503606506986,-1.030377247443765,stop_loss,2
2020-04-17 13:45:00,2020-04-17 14:00:00,long,1684.5449999999998,1686.575,1677.3462244731252,,1.1320349866785115,2.298031022957605,0.2819924016830012,first_green,1
2020-04-20 10:45:00,2020-04-20 11:00:00,long,1674.615,1675.255,1669.2680652555744,,1.525174931997517,0.9761119564785634,0.11969474672705145,first_green,1
2020-04-21 12:15:00,2020-04-21 12:30:00,long,1689.725,1684.6269942079343,1684.8519942079342,,1.6740080892983722,-8.534102935207732,-1.0461727339553462,stop_loss,1
2020-04-22 09:30:00,2020-04-22 09:45:00,long,1681.895,1683.9850000000001,1676.784050380143,,1.5918990526080588,3.3270690199510744,0.4089259639500533,first_green,1
2020-04-22 15:00:00,2020-04-22 15:15:00,long,1695.455,1697.7150000000001,1689.4237773157204,,1.3503785147174487,3.051855443261729,0.37471672301056497,first_green,1
2020-04-23 10:15:00,2020-04-23 10:30:00,long,1712.055,1716.9550000000002,1707.1111565447693,,1.6489323019139273,8.079768279378394,0.9911317064086478,first_green,1
2020-04-24 15:00:00,2020-04-24 15:15:00,long,1730.875,1732.075,1726.1518065609484,,1.730240925994182,2.076289111193097,0.254065393570036,first_green,1
2020-04-27 10:00:00,2020-04-27 10:15:00,long,1714.855,1718.365,1711.0608152378047,,2.1552596473137355,7.564961362071192,0.9250999147361287,first_green,1
2020-04-27 13:00:00,2020-04-27 14:15:00,long,1717.355,1717.875,1712.6508906160186,,1.7423841681334873,0.9060397674293817,0.11054164721821814,first_green,5
2020-04-28 08:15:00,2020-04-28 08:45:00,long,1694.325,1695.075,1690.2422981116736,,2.0081384924718564,1.5061038693538924,0.1837018769713378,first_green,2
2020-04-29 11:00:00,2020-04-29 11:15:00,long,1704.475,1706.765,1701.0728286002911,,2.410929700840894,5.521029014926108,0.6730995387816772,first_green,1
2020-04-29 14:00:00,2020-04-29 14:15:00,long,1703.415,1706.815,1699.7760278752114,,2.257835005516581,7.676639018756581,0.9343297731904592,first_green,1
2020-04-30 11:15:00,2020-04-30 11:30:00,long,1716.215,1716.595,1712.2138345871426,,2.0582478841114753,0.7821341959625853,0.09497232950655385,first_green,1
2020-04-30 13:15:00,2020-04-30 13:30:00,long,1714.845,1715.105,1711.0814371581807,,2.1887094560912224,0.5690644585836979,0.0690834751345105,first_green,1
2020-04-30 15:30:00,2020-04-30 15:45:00,long,1712.185,1707.7937331564337,1708.0187331564337,,1.9774941334716771,-8.683704421660849,-1.0540051822046306,stop_loss,1
2020-05-01 13:30:00,2020-05-01 13:45:00,short,1677.695,1677.445,1682.922364653911,,1.5719314653948617,0.39298286634871543,0.04782524590339256,first_green,1
2020-05-01 14:30:00,2020-05-01 14:45:00,short,1683.415,1680.205,1688.856110133287,,1.5103611646208115,4.84825933843286,0.5899531384895521,first_green,1
2020-05-04 13:45:00,2020-05-04 14:00:00,short,1708.825,1704.375,1713.2214650069734,,1.8719953583239282,8.330379344541566,1.0121768268237719,first_green,1
2020-05-05 11:15:00,2020-05-05 11:30:00,short,1702.2250000000001,1696.975,1706.9158336641096,,1.758959840673737,9.23453916353752,1.1192040425924745,first_green,1
2020-05-06 11:00:00,2020-05-06 11:15:00,short,1705.795,1703.325,1708.9983816901351,,2.5829186724261426,6.379809120892642,0.7710601604568316,first_green,1
2020-05-06 12:30:00,2020-05-06 15:00:00,long,1701.885,1703.695,1698.196029654765,,2.247246014289113,4.0675152858631725,0.4906518162548776,first_green,10
2020-05-06 15:45:00,2020-05-06 16:00:00,long,1695.635,1690.9213835895132,1691.146383589513,,1.8491650732245268,-8.716254834850142,-1.0501268051050732,stop_loss,1
2020-05-07 11:15:00,2020-05-07 11:45:00,short,1691.4650000000001,1691.5249999999999,1694.7526261355574,,2.518048499113912,-0.15108290994612475,-0.01825025034044744,first_green,2
2020-05-07 15:00:00,2020-05-07 15:15:00,short,1695.305,1694.155,1699.2595735969512,,2.0932786167881394,2.407270409306551,0.29080252821358654,first_green,1
2020-05-07 16:00:00,2020-05-07 16:15:00,short,1697.7450000000001,1695.205,1702.000978147192,,1.9464485574255068,4.943979335861159,0.5968075756394834,first_green,1
2020-05-08 07:30:00,2020-05-08 07:45:00,long,1714.105,1715.2450000000001,1710.4181970808336,,2.2502972508363634,2.5653388659536795,0.30921099527008244,first_green,1
2020-05-08 15:45:00,2020-05-08 16:30:00,long,1712.595,1718.005,1707.4514307203492,,1.6142128878070163,8.73289172303609,1.051798800767266,first_green,3
2020-05-11 11:45:00,2020-05-11 12:45:00,long,1703.995,1699.905284155123,1700.1302841551228,,2.154012968607517,-8.809300967784688,-1.0582190280038726,stop_loss,4
2020-05-11 13:00:00,2020-05-11 13:15:00,long,1701.435,1697.2590214360239,1697.4840214360238,,2.101409730017166,-8.775441986682404,-1.0569479171695317,stop_loss,1
2020-05-11 13:30:00,2020-05-11 13:45:00,long,1695.725,1699.375,1691.1949725647346,,1.827954976166066,6.672035663006308,0.8057346345378859,first_green,1
2020-05-12 10:30:00,2020-05-12 11:00:00,short,1702.145,1705.2786723540044,1705.0536723540044,,2.8526300909060045,-8.939208052073134,-1.0773548796894035,stop_loss,2
2020-05-12 13:45:00,2020-05-12 14:00:00,long,1702.425,1703.2250000000001,1699.0688527354919,,2.4656302627120414,1.9725042101700816,0.2383685628042427,first_green,1
2020-05-12 15:30:00,2020-05-12 16:00:00,long,1701.085,1701.305,1697.4440850073963,,2.274139753011256,0.5003107456625383,0.06042437146896957,first_green,2
2020-05-14 13:45:00,2020-05-14 14:30:00,long,1716.0149999999999,1717.295,1713.0347922270516,,2.7787325347073324,3.5567776444259414,0.42950025552545046,first_green,3
2020-05-15 13:30:00,2020-05-15 13:45:00,long,1731.195,1732.525,1727.7160331680311,,2.382917872861257,3.16928077090584,0.38229740731603357,first_green,1
2020-05-18 15:15:00,2020-05-18 15:30:00,long,1755.175,1755.405,1750.387291915581,,1.7331916020365328,0.3986340684684341,0.04803968745474039,first_green,1
2020-05-18 16:00:00,2020-05-18 16:15:00,long,1748.885,1743.1423853274532,1743.3673853274531,,1.5040941643461498,-8.637433217066187,-1.0407784909517888,stop_loss,1
2020-05-19 10:00:00,2020-05-19 10:15:00,long,1729.065,1730.665,1725.2285269061563,,2.1575593636583004,3.4520949818530844,0.41704971229105176,first_green,1
2020-05-19 13:15:00,2020-05-19 13:30:00,long,1734.595,1735.365,1730.526668120188,,2.036718962289642,1.5682736009629874,0.1892667615985102,first_green,1
2020-05-19 14:30:00,2020-05-19 14:45:00,long,1732.565,1735.905,1728.6534283824244,,2.119344902507718,7.078611974375604,0.8538767346077681,first_green,1
2020-05-20 15:45:00,2020-05-20 16:00:00,long,1744.5149999999999,1748.285,1740.1005899208985,,1.8819424905195874,7.094923189259238,0.8540212468814588,first_green,1
2020-05-21 13:15:00,2020-05-21 13:30:00,long,1732.415,1733.2350000000001,1728.7791473695597,,2.28980766071474,1.8776422817864615,0.22553169320860939,first_green,1
2020-05-22 12:30:00,2020-05-22 12:45:00,long,1733.855,1735.005,1730.3707941391542,,2.3908166293291875,2.749439123728783,0.3300608649228676,first_green,1
2020-05-25 14:30:00,2020-05-25 14:45:00,long,1727.205,1728.125,1724.8789534712078,,3.584180628688777,3.2974461783939355,0.3955208929022552,first_green,1
2020-05-26 07:45:00,2020-05-26 08:15:00,long,1732.485,1733.615,1729.8356297163623,,3.1498860604390946,3.5593712482965207,0.4265164469379528,first_green,2
2020-05-26 09:45:00,2020-05-26 10:00:00,long,1731.575,1728.5950552671923,1728.8200552671922,,3.032406731795961,-9.03640446814623,-1.08167132985299,stop_loss,1
2020-05-26 10:15:00,2020-05-26 10:30:00,long,1728.7749999999999,1729.375,1725.6344098987522,,2.6528523856112924,1.5917114313671374,0.19104689904033514,first_green,1
2020-05-26 12:00:00,2020-05-26 12:30:00,long,1725.675,1722.5349241958777,1722.7599241958776,,2.8594457849476234,-8.97887652251342,-1.0771849567965697,stop_loss,2
2020-05-26 12:45:00,2020-05-26 13:15:00,long,1722.385,1724.675,1719.4532793215535,,2.8355545911008373,6.493420013620814,0.7811112487064881,first_green,2
2020-05-27 08:45:00,2020-05-27 09:00:00,short,1707.355,1706.145,1710.6582597350337,,2.5215357700424437,3.0510582817514487,0.3663048313055879,first_green,1
2020-05-27 10:15:00,2020-05-27 10:30:00,short,1709.655,1708.365,1713.056605207598,,2.450876782147034,3.1616310489695847,0.3792327213982732,first_green,1
2020-05-28 12:45:00,2020-05-28 13:00:00,short,1723.305,1722.055,1726.6569552914198,,2.489537770481611,3.1119222131020137,0.37291666842924104,first_green,1
2020-05-28 14:15:00,2020-05-28 14:30:00,short,1724.555,1724.135,1727.8648568767348,,2.523552956986991,1.0598922419347199,0.12689370436295364,first_green,1
2020-05-29 11:15:00,2020-05-29 11:45:00,short,1722.075,1725.7188516839826,1725.4938516839827,,2.4438757838595344,-8.9051208904608,-1.065811570900848,stop_loss,2
2020-05-29 12:00:00,2020-05-29 12:15:00,short,1725.9850000000001,1725.915,1729.4812835822559,,2.3833839106066477,0.16683687374285552,0.02002125924665447,first_green,1
2020-05-29 13:30:00,2020-05-29 14:45:00,short,1726.575,1729.9936612589918,1729.7686612589919,,2.609357240248305,-8.920508508106465,-1.070452055416465,stop_loss,5
2020-05-29 15:00:00,2020-05-29 15:30:00,short,1729.4750000000001,1733.0486945726607,1732.8236945726608,,2.4818930712982756,-8.869527798822453,-1.0671903618313987,stop_loss,2
2020-06-01 13:15:00,2020-06-01 13:30:00,long,1733.945,1734.335,1730.3056060690708,,2.2775572514534934,0.8882473280670903,0.10716069966642279,first_green,1
2020-06-01 14:15:00,2020-06-01 14:30:00,long,1733.245,1729.349026966335,1729.574026966335,,2.258569752642975,-8.799326850948143,-1.0612916515421196,stop_loss,1
2020-06-03 07:15:00,2020-06-03 07:45:00,long,1725.2649999999999,1726.185,1722.1765490015166,,2.677442622057877,2.4632472122934415,0.29788395556603714,first_green,2
2020-06-03 08:45:00,2020-06-03 09:45:00,long,1724.155,1721.2156794979749,1721.4406794979748,,3.048758778240332,-8.96127918261084,-1.0828936744323425,stop_loss,4
2020-06-03 11:15:00,2020-06-03 11:30:00,long,1718.665,1714.9730451927499,1715.1980451927498,,2.3804478911267553,-8.788506035053818,-1.0648984519582954,stop_loss,1
2020-06-03 11:45:00,2020-06-03 12:00:00,long,1716.2849999999999,1717.4950000000001,1712.4343603957893,,2.1375498204149426,2.5864352827026442,0.3142335103698551,first_green,1
2020-06-04 12:15:00,2020-06-04 13:00:00,short,1705.325,1708.8749790223876,1708.6499790223877,,2.4774291889379794,-8.794821650180456,-1.0676695998636219,stop_loss,3
2020-06-04 13:15:00,2020-06-04 13:45:00,short,1707.565,1711.1067034792381,1710.8817034792382,,2.476981460649351,-8.772733857190063,-1.067838443022826,stop_loss,2
2020-06-04 14:00:00,2020-06-04 14:15:00,short,1712.2350000000001,1709.975,1715.9438948775096,,2.209143549359145,4.99266442155215,0.6093459304292324,first_green,1
2020-06-04 15:45:00,2020-06-04 16:00:00,short,1715.275,1713.7649999999999,1720.042643914556,,1.721177798094719,2.5989784751234013,0.3167182841382268,first_green,1
2020-06-09 10:30:00,2020-06-09 10:45:00,short,1698.405,1702.1713637937787,1701.9463637937788,,2.319010635272734,-8.734237694079054,-1.063534845077247,stop_loss,1
2020-06-09 11:00:00,2020-06-09 11:15:00,short,1701.7050000000002,1705.5943136793298,1705.36931367933,,2.235241145732317,-8.693553964697267,-1.0614030401570484,stop_loss,1
2020-06-09 11:30:00,2020-06-09 12:00:00,short,1704.925,1708.9222398561567,1708.6972398561568,,2.165527944534908,-8.656134609516114,-1.0596462602007337,stop_loss,2
2020-06-09 12:15:00,2020-06-09 12:30:00,short,1708.915,1706.875,1713.0817660218572,,1.955293492059505,3.9887987238013194,0.4895883256460541,first_green,1
2020-06-10 11:45:00,2020-06-10 12:00:00,short,1720.2350000000001,1719.685,1723.040186035394,,2.907907846167541,1.5993493153926766,0.19606542776865882,first_green,1
2020-06-10 14:30:00,2020-06-10 15:00:00,short,1721.585,1724.6559841822825,1724.4309841822826,,2.8676269201976416,-8.80643691261436,-1.079058766876017,stop_loss,2
2020-06-10 15:15:00,2020-06-10 15:30:00,short,1724.285,1724.105,1727.3854946240797,,2.625131067822697,0.4725235922082526,0.058055253056114434,first_green,1
2020-06-11 07:15:00,2020-06-11 08:30:00,long,1731.195,1727.9238460197644,1728.1488460197643,,2.6723488454905273,-8.741664562504262,-1.073863633112369,stop_loss,5
2020-06-11 09:00:00,2020-06-11 09:15:00,long,1728.185,1728.045,1725.3729624373036,,2.8870638211099826,-0.40418893495502994,-0.04978596369304297,first_green,1
2020-06-11 11:45:00,2020-06-11 12:00:00,long,1731.955,1733.865,1728.4561286834673,,2.3200400083790527,4.431276416004181,0.5458903249671124,first_green,1
2020-06-11 13:30:00,2020-06-11 13:45:00,long,1731.485,1732.185,1728.1150920636671,,2.412113263370418,1.6884792843594023,0.20772080817193078,first_green,1
2020-06-11 14:30:00,2020-06-11 14:45:00,long,1726.685,1727.595,1723.0773272706788,,2.2543122500212758,2.0514241475195454,0.2522401748373974,first_green,1
2020-06-15 09:15:00,2020-06-15 09:30:00,long,1720.2749999999999,1720.135,1717.045532080016,,2.5199040801080455,-0.3527865712148055,-0.04335079445550752,first_green,1
2020-06-15 12:30:00,2020-06-15 12:45:00,long,1718.165,1713.7437235809557,1713.9687235809556,,1.9391161613634282,-8.573368558023752,-1.0536189653710062,stop_loss,1
2020-06-15 13:00:00,2020-06-15 13:15:00,long,1714.115,1709.4256596182731,1709.650659618273,,1.817879755213171,-8.524656945244896,-1.0503993828339924,stop_loss,1
2020-06-15 14:00:00,2020-06-15 14:15:00,long,1709.885,1710.9750000000001,1705.2430151332126,,1.7437201090146632,1.9006549188262367,0.2348133462904848,first_green,1
2020-06-16 09:15:00,2020-06-16 09:30:00,long,1723.985,1726.145,1720.6262776866513,,2.4113556405266996,5.208528183537869,0.6431016912042921,first_green,1
2020-06-16 14:15:00,2020-06-16 14:30:00,long,1726.555,1731.435,1722.5576909823383,,2.029389091479355,9.903418766419012,1.2208213021405125,first_green,1
2020-06-16 15:45:00,2020-06-16 16:00:00,long,1724.935,1719.526937539414,1719.7519375394138,,1.5698930747037076,-8.490079804439135,-1.043410628698938,stop_loss,1
2020-06-17 10:45:00,2020-06-17 11:15:00,long,1723.915,1720.959871209628,1721.184871209628,,2.9726175159722557,-8.784467604213333,-1.0824136944723601,stop_loss,2
2020-06-17 11:30:00,2020-06-17 11:45:00,long,1723.595,1720.22452698526,1720.4495269852598,,2.5731161755898135,-8.672618633616787,-1.0715313718939952,stop_loss,1
2020-06-17 12:00:00,2020-06-17 12:30:00,long,1720.065,1716.350280920964,1716.575280920964,,2.313076143009979,-8.592428079702307,-1.0644751038418983,stop_loss,2
2020-06-17 12:45:00,2020-06-17 13:45:00,long,1716.5249999999999,1718.9750000000001,1712.5855893525354,,2.043581032230698,5.006773528965768,0.6219204391847748,first_green,4
2020-06-18 09:30:00,2020-06-18 09:45:00,long,1725.925,1725.9550000000002,1723.5044452979146,,3.33106366247451,0.0999319098749018,0.01239385334871968,first_green,1
2020-06-19 11:30:00,2020-06-19 11:45:00,long,1729.2849999999999,1729.9550000000002,1726.7942919931218,,3.2373411972243957,2.1690186021413167,0.26899981778277265,first_green,1
2020-06-22 09:15:00,2020-06-22 09:30:00,long,1751.215,1751.875,1747.9653443901493,,2.4829382421232653,1.6387392398015583,0.20309844464731558,first_green,1
2020-06-22 10:15:00,2020-06-22 11:45:00,long,1747.945,1748.935,1744.454137367947,,2.3125490420057937,2.289423551585757,0.28359752426516566,first_green,6
2020-06-22 13:30:00,2020-06-22 13:45:00,long,1745.325,1747.9550000000002,1741.4884177505376,,2.105653956861936,5.5378699065471215,0.6855059605117502,first_green,1
2020-06-23 10:00:00,2020-06-23 10:15:00,long,1749.895,1751.875,1746.1981884044606,,2.189010464838821,4.3342407203809055,0.5355966753591351,first_green,1
2020-06-24 09:45:00,2020-06-24 10:00:00,long,1766.745,1769.825,1763.5643475780857,,2.547651800977889,7.846767547012292,0.9683547874579083,first_green,1
2020-06-24 14:45:00,2020-06-24 15:30:00,long,1775.195,1771.5106944346874,1771.7356944346873,,2.3481047385033853,-8.65113535600484,-1.0650419558931252,stop_loss,3
2020-06-25 12:00:00,2020-06-25 12:15:00,long,1762.975,1764.315,1759.4805177453718,,2.318278749512186,3.1064935243466665,0.3834616696723649,first_green,1
2020-06-25 15:15:00,2020-06-25 15:30:00,long,1757.855,1760.055,1753.9306526628195,,2.0663181641532824,4.545899961137315,0.5606027731430779,first_green,1
2020-06-26 12:30:00,2020-06-26 12:45:00,long,1761.7549999999999,1762.625,1759.14232578552,,3.1080472606041236,2.704001116725955,0.33299214849612824,first_green,1
2020-06-26 14:00:00,2020-06-26 14:15:00,long,1762.2749999999999,1764.785,1759.7259303797046,,3.1882514597682006,8.002511164018879,0.9846729881427998,first_green,1
2020-06-26 15:45:00,2020-06-26 16:15:00,long,1759.965,1756.5751245027554,1756.8001245027554,,2.5742185507646167,-8.726280389789157,-1.0710928439983818,stop_loss,2
2020-06-29 09:15:00,2020-06-29 09:30:00,long,1772.0049999999999,1772.335,1768.9186339685348,,2.6326318499027153,0.8687685104683031,0.1069218610611467,first_green,1
2020-06-29 15:30:00,2020-06-29 15:45:00,long,1768.915,1768.825,1765.7419300185893,,2.5613798257786318,-0.2305241843198672,-0.028363698414211002,first_green,1
2020-06-30 12:30:00,2020-06-30 13:00:00,long,1770.455,1770.4650000000001,1768.264495564446,,3.7100409356865676,0.0371004093576755,0.004565158526003757,first_green,2
2020-06-30 15:00:00,2020-06-30 15:15:00,long,1766.0149999999999,1768.665,1763.3942835788907,,3.1010428336585014,8.217763509195311,1.0111738830859696,first_green,1
2020-07-01 13:45:00,2020-07-01 14:00:00,long,1780.645,1781.645,1777.2574865908523,,2.405156024918756,2.405156024918756,0.29520178349688203,first_green,1
2020-07-01 14:45:00,2020-07-01 15:00:00,long,1777.875,1779.925,1773.9107461610092,,2.0567580954005376,4.216354095571009,0.5171212750901563,first_green,1
2020-07-02 15:15:00,2020-07-02 15:30:00,long,1769.075,1766.2606110725067,1766.4856110725066,,3.152887530382951,-8.873451755141733,-1.0868930880220102,stop_loss,1
2020-07-02 15:45:00,2020-07-02 16:00:00,long,1765.2949999999998,1761.6520064859876,1761.8770064859875,,2.3820608196123825,-8.677832115830572,-1.0658280944880394,stop_loss,1
2020-07-06 13:15:00,2020-07-06 13:30:00,long,1775.0449999999998,1775.355,1772.686321402098,,3.442679243518642,1.067230565491374,0.13142952171437383,first_green,1
2020-07-07 10:30:00,2020-07-07 11:00:00,long,1782.075,1779.6975571159728,1779.9225571159727,,3.7737781512436372,-8.97194201157163,-1.1045323904618194,stop_loss,2
2020-07-07 11:15:00,2020-07-07 11:30:00,long,1779.325,1776.7993687987582,1777.0243687987581,,3.5209520187940195,-8.892626276741558,-1.097799247388478,stop_loss,1
2020-07-07 12:30:00,2020-07-07 12:45:00,long,1775.955,1776.7150000000001,1773.2955532932656,,3.037541788811005,2.308531759497027,0.28577372807498647,first_green,1
2020-07-09 13:45:00,2020-07-09 14:00:00,long,1811.705,1808.8836636697713,1809.1086636697712,,3.1135996296396473,-8.784511752888752,-1.086660575280741,stop_loss,1
2020-07-13 13:45:00,2020-07-13 14:00:00,long,1807.565,1809.655,1805.4229850546124,,3.7637415061913537,7.866219747939621,0.9757168149084191,first_green,1
2020-07-14 10:45:00,2020-07-14 11:00:00,long,1798.135,1800.795,1795.5217774103162,,3.0926015021114677,8.226319995616757,1.0179002778029487,first_green,1
2020-07-14 13:15:00,2020-07-14 13:30:00,long,1798.0249999999999,1794.7999640421458,1795.0249640421457,,2.700708264840963,-8.709881265785754,-1.0749991010643904,stop_loss,1
2020-07-15 12:30:00,2020-07-15 13:15:00,long,1809.905,1806.994430172696,1807.2194301726959,,3.008838988611898,-8.757435975469722,-1.0837811021379302,stop_loss,3
2020-07-15 14:15:00,2020-07-15 14:30:00,long,1804.135,1805.9750000000001,1801.1931474149812,,2.7392785261000023,5.040272488024403,0.6254562208080245,first_green,1
2020-07-16 09:45:00,2020-07-16 10:15:00,long,1806.315,1806.925,1804.4490251986374,,4.32543584641102,2.6385158663102897,0.32690687974695,first_green,2
2020-07-16 11:30:00,2020-07-16 11:45:00,long,1804.925,1806.4650000000001,1802.7858550173053,,3.776158534988083,5.815284143882369,0.7199138031589836,first_green,1
2020-07-16 14:45:00,2020-07-16 15:30:00,long,1805.235,1806.905,1802.9510266969276,,3.5430750365836774,5.916935311094999,0.7311819265810291,first_green,3
2020-07-22 07:30:00,2020-07-22 07:45:00,long,1855.475,1856.135,1851.2821776142152,,1.9335617840868125,1.2761507774974545,0.15741186706065682,first_green,1
2020-07-22 10:30:00,2020-07-22 11:00:00,long,1855.605,1851.5070734775022,1851.7320734775021,,2.0940938234815385,-8.581442619843825,-1.0580956025612365,stop_loss,2
2020-07-22 11:15:00,2020-07-22 12:15:00,long,1850.805,1850.9850000000001,1846.0165307689767,,1.6892283343089216,0.3040611001757134,0.03759030105777592,first_green,4
2020-07-23 13:30:00,2020-07-23 13:45:00,long,1881.055,1882.185,1876.7007459798092,,1.8578562523568385,2.099377565163008,0.2595163246700865,first_green,1
2020-07-23 14:30:00,2020-07-23 14:45:00,long,1876.235,1878.155,1871.6782275856237,,1.7764386200495879,3.410762150495338,0.4213508653499278,first_green,1
2020-07-24 08:30:00,2020-07-24 08:45:00,long,1884.145,1884.845,1880.3157040016226,,2.1161470433428016,1.4813029303400573,0.18280122515905495,first_green,1
2020-07-24 13:30:00,2020-07-24 13:45:00,long,1888.7849999999999,1890.385,1884.6093877799196,,1.941525274638832,3.1064404394223963,0.3831773439846388,first_green,1
2020-07-27 15:15:00,2020-07-27 16:00:00,long,1935.745,1936.865,1930.3511367046247,,1.504454658766156,1.6849892178182726,0.2076433789043966,first_green,3
2020-07-30 08:30:00,2020-07-30 08:45:00,long,1956.905,1958.575,1952.393014368419,,1.799437298667719,3.005060288775222,0.3701252921354985,first_green,1
2020-07-30 10:00:00,2020-07-30 10:15:00,long,1955.5449999999998,1950.3510793707096,1950.5760793707095,,1.6354754872392063,-8.494529871870208,-1.045281463880425,stop_loss,1
2020-07-30 10:30:00,2020-07-30 10:45:00,long,1950.5049999999999,1955.7150000000001,1944.876160273724,,1.439961334256096,7.50219855147464,0.9255903975520231,first_green,1
2020-07-30 12:15:00,2020-07-30 12:30:00,long,1950.055,1953.635,1943.224661162013,,1.1894090837424387,4.258084519797844,0.5241321235909565,first_green,1
2020-07-30 15:45:00,2020-07-30 16:00:00,long,1949.605,1954.7150000000001,1943.9443531176332,,1.4370640739983431,7.343397418131716,0.9027236826798086,first_green,1
2020-07-31 13:00:00,2020-07-31 14:45:00,long,1974.7749999999999,1974.655,1969.648541622819,,1.5903905121080801,-0.19084686145279603,-0.02340797314068549,first_green,7
2020-08-03 15:45:00,2020-08-03 16:15:00,long,1967.385,1969.105,1963.4468807062253,,2.070174374737523,3.560699924548596,0.43675670331241245,first_green,2
2020-08-04 09:45:00,2020-08-04 10:00:00,long,1972.2949999999998,1975.295,1969.3434357811084,,2.7651424096435115,8.295427228931164,1.0164102074414483,first_green,1
2020-08-04 13:00:00,2020-08-04 13:15:00,long,1974.7549999999999,1975.655,1971.404860664262,,2.4423563155212507,2.1981206839693477,0.2686455427090105,first_green,1
2020-08-04 14:30:00,2020-08-04 14:45:00,long,1971.585,1971.7450000000001,1968.0092437851424,,2.289789564569457,0.3663663303313005,0.04474577974171339,first_green,1
2020-08-05 16:00:00,2020-08-05 16:15:00,long,2035.2949999999998,2039.085,2029.1683329382274,,1.336557886937346,5.065554391492797,0.6186071418256173,first_green,1
2020-08-06 10:45:00,2020-08-06 11:00:00,long,2047.705,2042.5054882113952,2042.7304882113951,,1.6486661237423987,-8.57225894587181,-1.045230569262158,stop_loss,1
2020-08-07 07:15:00,2020-08-07 07:30:00,long,2053.665,2062.0249999999996,2046.4585714933492,,1.1350807703311057,9.489275239967672,1.160075339994594,first_green,1
2020-08-07 10:00:00,2020-08-07 10:15:00,long,2057.545,2057.875,2050.621433992517,,1.1848809702829999,0.39101072019330374,0.047663299467824875,first_green,1
2020-08-07 13:00:00,2020-08-07 13:45:00,long,2058.5350000000003,2058.785,2052.8625526925407,,1.4463914234648125,0.3615978558655454,0.04407268793326301,first_green,3
2020-08-10 13:00:00,2020-08-10 13:15:00,long,2030.365,2031.105,2025.8976097510053,,1.836750915604891,1.359195677547636,0.16564480798751313,first_green,1
2020-08-11 08:30:00,2020-08-11 08:45:00,long,2013.305,2008.220801303358,2008.445801303358,,1.6893487243219334,-8.588984582371456,-1.0463039307603106,stop_loss,1
2020-08-11 09:15:00,2020-08-11 09:30:00,long,2004.0349999999999,1997.7925639444159,1998.0175639444158,,1.3606141523258004,-8.493546842216428,-1.0373913404183353,stop_loss,1
2020-08-12 09:15:00,2020-08-12 09:45:00,short,1893.105,1907.1105924960323,1906.8855924960324,,0.592585173183873,-8.299506454804023,-1.0163273095888068,stop_loss,2
2020-08-12 14:15:00,2020-08-12 14:30:00,short,1939.395,1929.665,1952.289423974232,,0.6317014269872273,6.146454884585733,0.7545897373503659,first_green,1
2020-08-14 15:15:00,2020-08-14 15:30:00,short,1951.295,1949.075,1957.3662081563218,,1.344179272360247,2.984077984639785,0.3656603336336633,first_green,1
2020-08-17 15:45:00,2020-08-17 16:00:00,short,1960.885,1960.135,1965.7975035420657,,1.662747372481091,1.2470605293608183,0.15267164564417382,first_green,1
2020-08-18 07:30:00,2020-08-18 07:45:00,short,1992.9850000000001,1991.2849999999999,1997.7384734702157,,1.7190313692497783,2.922353327725092,0.3576332150904334,first_green,1
2020-08-18 08:45:00,2020-08-18 09:00:00,short,1996.9650000000001,1996.605,2001.808292564439,,1.6886603034405279,0.6079177092388051,0.0743296002069702,first_green,1
2020-08-18 09:30:00,2020-08-18 09:45:00,short,2005.395,2003.995,2011.0446806720379,,1.447904078238617,2.0270657095341953,0.24780161592656796,first_green,1
2020-08-18 13:15:00,2020-08-18 13:30:00,long,2005.245,2007.845,1999.968984874785,,1.5514101373487104,4.033666357106859,0.4927961611736796,first_green,1
2020-08-18 14:30:00,2020-08-18 14:45:00,long,2002.165,2006.935,1996.9197441469953,,1.562430460138869,7.452793294862377,0.9093931990500635,first_green,1
2020-08-19 07:30:00,2020-08-19 07:45:00,long,1991.955,1993.635,1986.8067946712324,,1.5955034763851894,2.68044584032722,0.3263273107256304,first_green,1
2020-08-19 08:45:00,2020-08-19 09:00:00,long,1987.085,1988.4950000000001,1981.9121327587945,,1.589192266198269,2.2407610953396895,0.27257610417070993,first_green,1
2020-08-19 13:00:00,2020-08-19 13:15:00,long,1986.935,1988.095,1980.4526884992536,,1.2690353611648097,1.4720810189512832,0.17894851240433543,first_green,1
2020-08-19 14:30:00,2020-08-19 14:45:00,long,1985.185,1985.7050000000002,1979.4290086523783,,1.4298080420986954,0.7435001818916207,0.09034065004546525,first_green,1
2020-08-20 07:30:00,2020-08-20 07:45:00,short,1952.905,1947.875,1960.6317117595406,,1.065371884666238,5.358820579871147,0.6509884355125736,first_green,1
2020-08-20 14:30:00,2020-08-20 15:30:00,short,1936.035,1943.7857504065832,1943.5607504065833,,1.0956008471622527,-8.491728711595691,-1.029897350808112,stop_loss,4
2020-08-20 15:45:00,2020-08-20 16:00:00,short,1941.805,1933.145,1949.8866248265444,,1.0176158106465554,8.812552920199252,1.0715666943058284,first_green,1
2020-08-21 13:15:00,2020-08-21 13:30:00,short,1936.815,1932.395,1943.0007819477137,,1.3330603392112246,5.892126699313709,0.7145418376142058,first_green,1
2020-08-21 16:00:00,2020-08-21 16:30:00,short,1938.325,1934.965,1947.4047137090977,,0.9098030139405191,3.0569381268402602,0.3700557206592865,first_green,2
2020-08-24 10:15:00,2020-08-24 10:30:00,short,1942.425,1947.568932332581,1947.343932332581,,1.6809325041543126,-8.646603057005743,-1.0457416335064413,stop_loss,1
2020-08-24 10:45:00,2020-08-24 11:15:00,short,1944.685,1950.3418345112561,1950.1168345112562,,1.5182304834285778,-8.588378594699952,-1.0414224696156786,stop_loss,2
2020-08-24 15:15:00,2020-08-24 15:30:00,short,1958.555,1947.645,1963.4957346181927,,1.6647940893556339,18.162903514870102,2.208173650903556,first_green,1
2020-08-25 14:30:00,2020-08-25 14:45:00,short,1929.555,1925.5449999999998,1934.4954921531253,,1.674066629778429,6.713007185411866,0.8116600281337586,first_green,1
2020-08-26 12:00:00,2020-08-26 12:15:00,short,1922.855,1918.635,1927.5313939751084,,1.7721978965642253,7.4786751235010795,0.9024047209158123,first_green,1
2020-08-27 10:45:00,2020-08-27 11:00:00,short,1944.7150000000001,1943.745,1949.1050178849425,,1.8920634201722364,1.835301517567551,0.2209558196396701,first_green,1
2020-08-28 08:00:00,2020-08-28 08:15:00,short,1942.4850000000001,1942.0049999999999,1947.0111974559927,,1.836150673628256,0.8813523233420137,0.10604928412142867,first_green,1
2020-08-28 08:45:00,2020-08-28 09:00:00,short,1944.525,1942.5149999999999,1949.3908002226005,,1.7084515410213226,3.4339875974532315,0.41308724321731466,first_green,1
2020-08-28 09:45:00,2020-08-28 10:15:00,short,1946.195,1951.6031333339672,1951.3781333339673,,1.605509316741354,-8.682808453863935,-1.0434100351085673,stop_loss,2
2020-08-28 11:45:00,2020-08-28 12:00:00,short,1953.555,1959.9814916640203,1959.7564916640204,,1.3383653943480418,-8.600994050190804,-1.0362815935568066,stop_loss,1
2020-08-28 12:15:00,2020-08-28 12:30:00,short,1959.7250000000001,1958.685,1966.1060565878543,,1.2973336370491373,1.3492269825313505,0.1629824129721332,first_green,1
2020-08-28 14:30:00,2020-08-28 15:00:00,short,1960.355,1957.605,1966.8539931663106,,1.2743100672461438,3.5043526849268956,0.4231424667832277,first_green,2
2020-08-31 10:45:00,2020-08-31 11:00:00,long,1957.495,1958.585,1952.751640243335,,1.7478103550667596,1.9051132870230223,0.2297949250989438,first_green,1
2020-08-31 15:30:00,2020-08-31 15:45:00,long,1961.135,1967.345,1956.3217054467418,,1.723405038261826,10.702345287606002,1.2901765996839765,first_green,1
2020-09-01 09:30:00,2020-09-01 09:45:00,long,1985.145,1988.165,1980.9999560610063,,2.00770174440243,6.063259268095302,0.7285809377290117,first_green,1
2020-09-01 13:15:00,2020-09-01 13:30:00,long,1987.225,1988.915,1982.7820962095602,,1.8765137595490267,3.1713082536379575,0.38038185828750654,first_green,1
2020-09-02 10:30:00,2020-09-02 10:45:00,long,1959.565,1961.565,1955.0110725291404,,1.832505769831981,3.665011539663962,0.4391813468259855,first_green,1
2020-09-02 14:00:00,2020-09-02 14:15:00,long,1965.5049999999999,1960.6896608430652,1960.9146608430651,,1.8199659347555668,-8.76375322991569,-1.0490159860323165,stop_loss,1
2020-09-02 14:30:00,2020-09-02 14:45:00,long,1958.695,1958.835,1953.2035596044798,,1.5173344170900007,0.2124268183927519,0.025494221901108158,first_green,1
2020-09-03 09:00:00,2020-09-03 09:15:00,long,1932.475,1933.4950000000001,1928.1762181128813,,1.9384287915459804,1.9771973673773056,0.23727651850787418,first_green,1
2020-09-03 10:45:00,2020-09-03 11:00:00,short,1937.375,1933.395,1942.6617365518287,,1.5771214416011479,6.276943337572598,0.752827374880891,first_green,1
2020-09-08 09:15:00,2020-09-08 09:30:00,short,1932.275,1931.0149999999999,1935.4318291754207,,2.6461735704201894,3.334178698730016,0.39913467913015344,first_green,1
2020-09-09 15:30:00,2020-09-09 15:45:00,short,1930.695,1935.6680158719528,1935.4430158719529,,1.761125826573298,-8.758106688055074,-1.0473882156395073,stop_loss,1
2020-09-09 16:00:00,2020-09-09 16:15:00,short,1935.755,1941.2063759304085,1940.9813759304086,,1.595744014859691,-8.699000513699389,-1.0430508641161453,stop_loss,1
2020-09-10 13:30:00,2020-09-10 14:00:00,short,1949.145,1952.7462979863556,1952.5212979863556,,2.463707481593006,-8.872544792430059,-1.0666410372867505,stop_loss,2
2020-09-10 15:30:00,2020-09-10 15:45:00,short,1953.2350000000001,1957.442636302065,1957.217636302065,,2.083049673099534,-8.764715423537988,-1.056495241577356,stop_loss,1
2020-09-10 16:00:00,2020-09-10 16:15:00,short,1955.9950000000001,1960.9695690563724,1960.7445690563725,,1.7420775148917524,-8.666084899382422,-1.047372718941318,stop_loss,1
2020-09-11 08:15:00,2020-09-11 08:30:00,long,1938.735,1941.655,1935.4162119540874,,2.486586106770957,7.260831431771376,0.8798392544520709,first_green,1
2020-09-14 09:30:00,2020-09-14 10:00:00,long,1944.685,1946.775,1941.8240516176704,,2.8908610780766955,6.041899653180714,0.7305269864038457,first_green,2
2020-09-14 12:30:00,2020-09-14 12:45:00,long,1943.905,1940.8791085616017,1941.1041085616016,,2.958239994740345,-8.95131307281217,-1.0803315676271161,stop_loss,1
2020-09-14 13:00:00,2020-09-14 13:15:00,long,1941.915,1943.2150000000001,1939.0730578924013,,2.907635158794963,3.7799257064339806,0.4574336671124587,first_green,1
2020-09-15 09:45:00,2020-09-15 10:15:00,long,1964.075,1964.575,1961.2664691990813,,2.945590129498861,1.4727950647494306,0.17802902493945552,first_green,2
2020-09-16 09:15:00,2020-09-16 09:30:00,long,1958.125,1959.315,1955.3969020005911,,3.0337849281936125,3.6102040645505644,0.43620133890274637,first_green,1
2020-09-17 07:15:00,2020-09-17 07:30:00,long,1938.475,1939.065,1933.751202946091,,1.7539890069043405,1.0348535140738162,0.1248995232578709,first_green,1
2020-09-17 12:30:00,2020-09-17 12:45:00,long,1938.385,1941.195,1934.1763182549334,,1.9692805821926809,5.533678435961326,0.6676674954797556,first_green,1
2020-09-18 15:00:00,2020-09-18 15:15:00,long,1950.995,1947.8670590395593,1948.0920590395592,,2.8598271705870317,-8.945370546660074,-1.077507604552093,stop_loss,1
2020-09-18 15:30:00,2020-09-18 15:45:00,long,1948.105,1951.285,1944.889071314722,,2.5745427890904824,8.187046069307899,0.9888278973839281,first_green,1
2020-09-21 11:00:00,2020-09-21 11:15:00,long,1948.375,1944.872292388468,1945.0972923884678,,2.5322617529649225,-8.869772516501751,-1.068645537267656,stop_loss,1
2020-09-21 11:30:00,2020-09-21 11:45:00,long,1943.915,1940.0091959880156,1940.2341959880155,,2.2489214758083937,-8.783846522850304,-1.0611279490207361,stop_loss,1
2020-09-21 15:00:00,2020-09-21 15:15:00,short,1932.865,1923.7849999999999,1937.0636275532452,,1.966328155995986,17.85425965644386,2.1626114450142486,first_green,1
2020-09-22 07:15:00,2020-09-22 08:00:00,short,1914.105,1913.995,1918.710495610496,,1.8023066192290964,0.1982537281154301,0.023884508705085725,first_green,3
2020-09-22 13:45:00,2020-09-22 14:00:00,short,1906.915,1904.995,1912.0961416694063,,1.6021586336779454,3.076144576661772,0.3705746961788978,first_green,1
2020-09-23 11:45:00,2020-09-23 12:00:00,short,1881.065,1887.9124796954932,1887.6874796954933,,1.2546208673231352,-8.590990914537137,-1.0339751891052271,stop_loss,1
2020-09-23 12:15:00,2020-09-23 13:15:00,short,1885.915,1893.1444085129508,1892.919408512951,,1.1831439766513316,-8.553431136849648,-1.0321226267120045,stop_loss,4
2020-09-23 13:30:00,2020-09-23 13:45:00,short,1892.675,1892.325,1898.9899257842696,,1.3089370242245864,0.4581279584784862,0.055424245977957434,first_green,1
2020-09-28 13:15:00,2020-09-28 14:30:00,short,1857.055,1861.9235225216198,1861.69852252162,,1.7803263461449577,-8.667558912039729,-1.0484545943197923,stop_loss,5
2020-09-28 15:00:00,2020-09-28 15:30:00,short,1865.025,1870.5071028911793,1870.2821028911794,,1.5684145350686678,-8.598209857267484,-1.0427992384127438,stop_loss,2
2020-09-29 09:30:00,2020-09-29 09:45:00,short,1880.645,1884.2010847510514,1883.9760847510515,,2.4688117165550745,-8.779303698458675,-1.0675455645278558,stop_loss,1
2020-09-29 12:15:00,2020-09-29 13:30:00,short,1884.335,1883.965,1888.4179033058153,,2.008833466936598,0.7432683827667788,0.0906217885378585,first_green,5
2020-09-29 14:15:00,2020-09-29 14:30:00,short,1887.925,1887.375,1891.8750853256606,,2.0768490545385054,1.1422669799960836,0.1392374985995942,first_green,1
2020-09-30 08:15:00,2020-09-30 08:30:00,short,1891.545,1890.815,1894.5388032140975,,2.741191071861741,2.001069482459121,0.24383700189863886,first_green,1
2020-09-30 15:30:00,2020-09-30 15:45:00,short,1887.695,1892.1166511571819,1891.891651157182,,1.9567004755798758,-8.651846922106213,-1.0536141774888415,stop_loss,1
2020-10-01 15:45:00,2020-10-01 16:00:00,short,1907.165,1903.885,1911.8744303015876,,1.7390552940203086,5.704101364386565,0.6964749003492456,first_green,1
2020-10-02 12:00:00,2020-10-02 12:15:00,long,1906.225,1906.125,1900.5150063195147,,1.4368176937298143,-0.14368176937285074,-0.01751315423372079,first_green,1
2020-10-07 15:15:00,2020-10-07 15:45:00,short,1889.865,1889.875,1894.124399037693,,1.9260606189240248,-0.01926060618922273,-0.00234774903959395,first_green,2
2020-10-08 09:45:00,2020-10-08 10:00:00,short,1892.9950000000001,1892.135,1895.8307230901182,,2.893023167126669,2.4879999237293036,0.30327361758171817,first_green,1
2020-10-08 15:30:00,2020-10-08 16:00:00,short,1898.175,1896.925,1901.4720872887342,,2.490086514582048,3.11260814322756,0.37912250739345016,first_green,2
2020-10-09 11:00:00,2020-10-09 11:30:00,short,1912.9650000000001,1916.3339666796478,1916.108966679648,,2.6138362625254783,-8.8059272745031,-1.0715656439543177,stop_loss,2
2020-10-09 15:00:00,2020-10-09 15:15:00,long,1913.195,1915.515,1910.0009903802152,,2.565990799301706,5.953098654380378,0.726359740944206,first_green,1
2020-10-12 10:00:00,2020-10-12 11:30:00,long,1926.2649999999999,1922.4219237350153,1922.6469237350152,,2.2693501857179887,-8.72128583567114,-1.062187743850906,stop_loss,6
2020-10-12 11:45:00,2020-10-12 12:15:00,long,1923.365,1919.637292242646,1919.862292242646,,2.3378709834135445,-8.714899800563455,-1.0642360184139006,stop_loss,2
2020-10-12 12:30:00,2020-10-12 12:45:00,long,1920.0249999999999,1922.055,1916.6288670033136,,2.4048208912204734,4.8817864091780425,0.597738663939538,first_green,1
2020-10-13 14:45:00,2020-10-13 15:00:00,long,1919.905,1921.255,1916.6477364129105,,2.51109430573463,3.389977312742093,0.41445832181067804,first_green,1
2020-10-13 15:45:00,2020-10-13 16:00:00,long,1916.075,1911.7487787559648,1911.9737787559648,,1.9964226511815473,-8.636966085614677,-1.0548617074309616,stop_loss,1
2020-10-14 08:00:00,2020-10-14 08:15:00,long,1894.665,1895.285,1891.3843854845106,,2.489222228130913,1.5433177814414605,0.18898898272649986,first_green,1
2020-10-15 07:45:00,2020-10-15 08:00:00,short,1900.925,1900.705,1904.1796812678215,,2.510241770558098,0.5522531895228501,0.06759494460337162,first_green,1
2020-10-15 10:45:00,2020-10-15 11:00:00,short,1902.565,1901.7549999999999,1906.3514266636853,,2.1580815441858716,1.748046050790929,0.21392200930991234,first_green,1
2020-10-16 10:45:00,2020-10-16 11:30:00,short,1907.795,1910.9764864094384,1910.7514864094385,,2.765372974602093,-8.797996535724582,-1.0761038505983351,stop_loss,3
2020-10-16 11:45:00,2020-10-16 12:00:00,short,1911.445,1909.625,1914.5023508001866,,2.6669470263609325,4.853843587976727,0.5952866121508906,first_green,1
2020-10-16 13:00:00,2020-10-16 13:15:00,long,1907.575,1909.145,1904.5600293206446,,2.708459916371654,4.252282068703324,0.520734749014404,first_green,1
2020-10-19 09:00:00,2020-10-19 09:15:00,short,1907.7250000000001,1910.6049226337245,1910.3799226337246,,3.079772583719773,-8.869506770578422,-1.0847482322617688,stop_loss,1
2020-10-19 09:30:00,2020-10-19 09:45:00,short,1910.115,1908.855,1912.9161832913237,,2.911049840105951,3.6679227985334717,0.449809908513548,first_green,1
2020-10-19 10:45:00,2020-10-19 11:00:00,short,1911.025,1909.0349999999999,1913.7330452671981,,3.0145559522933425,5.998966345064464,0.7348473912547466,first_green,1
2020-10-20 12:15:00,2020-10-20 12:30:00,short,1904.4650000000001,1907.9529600989906,1907.7279600989907,,2.506482196243969,-8.742509889328966,-1.0689557926465345,stop_loss,1
2020-10-20 12:45:00,2020-10-20 13:00:00,short,1906.685,1906.7749999999999,1909.9923227384152,,2.466253149627435,-0.22196278346626727,-0.027212342767323525,first_green,1
2020-10-20 14:45:00,2020-10-20 15:15:00,long,1903.945,1900.853985826334,1901.078985826334,,2.8458129371564826,-8.796448124352263,-1.0785062411998165,stop_loss,2
2020-10-21 12:00:00,2020-10-21 12:15:00,long,1915.7749999999999,1915.905,1912.344757143989,,2.3713041421915206,0.3082695384851565,0.03789819131094706,first_green,1
2020-10-21 14:45:00,2020-10-21 15:00:00,long,1915.975,1918.125,1912.8306506818826,,2.5871552248204095,5.562383733364116,0.683766268465179,first_green,1
2020-10-22 15:15:00,2020-10-22 15:30:00,long,1905.215,1906.505,1901.8132109237533,,2.3954529642243956,3.0901343238499277,0.37921222365248203,first_green,1
2020-10-26 09:45:00,2020-10-26 10:00:00,short,1900.425,1900.5249999999999,1903.13862068551,,3.0057815765203983,-0.3005781576517665,-0.036851134181678805,first_green,1
2020-10-26 12:00:00,2020-10-26 12:15:00,short,1902.545,1901.885,1905.8407184909954,,2.4746651266059487,1.6332789835601287,0.20025982249495922,first_green,1
2020-10-26 13:00:00,2020-10-26 13:15:00,short,1904.435,1904.155,1907.6993573204215,,2.4996904484652416,0.6999133255701995,0.08577492367281975,first_green,1
2020-10-27 13:30:00,2020-10-27 14:45:00,short,1902.405,1905.5437721443882,1905.3187721443883,,2.801053820652394,-8.79186970719591,-1.0772194903548793,stop_loss,5
2020-10-27 15:00:00,2020-10-27 15:15:00,short,1905.515,1904.375,1908.519437610164,,2.709210168234226,3.0884995917872886,0.37943873294074104,first_green,1
2020-10-30 10:15:00,2020-10-30 10:30:00,short,1873.525,1870.615,1877.0709206229274,,2.2976752834176364,6.68623507474551,0.8206613484759242,first_green,1
2020-10-30 11:45:00,2020-10-30 12:00:00,short,1874.275,1873.675,1878.0785102337024,,2.1464618887066216,1.2878771332242658,0.1577490168643752,first_green,1
2020-10-30 14:00:00,2020-10-30 14:30:00,short,1879.085,1883.28317848479,1883.05817848479,,2.0556110137127463,-8.629821930865962,-1.056629723749197,stop_loss,2
2020-10-30 14:45:00,2020-10-30 15:00:00,short,1882.175,1886.724975630861,1886.4999756308612,,1.8834175249055871,-8.5695038410572,-1.0520234145123044,stop_loss,1
2020-10-30 15:15:00,2020-10-30 15:30:00,short,1887.295,1886.5149999999999,1891.9848769470182,,1.7323079539467565,1.3512002040788167,0.16631566431527336,first_green,1
2020-11-02 14:15:00,2020-11-02 14:30:00,short,1891.255,1888.735,1894.6637223158925,,2.384379948160519,6.008637469365007,0.7392799314427176,first_green,1
2020-11-03 10:30:00,2020-11-03 11:30:00,short,1895.355,1898.9279497177686,1898.7029497177687,,2.432148454715017,-8.68994413484524,-1.0672053104040846,stop_loss,4
2020-11-03 11:45:00,2020-11-03 12:00:00,short,1900.275,1898.845,1903.7713149367814,,2.3227272196690394,3.3214999241268743,0.4090020566958707,first_green,1
2020-11-03 14:15:00,2020-11-03 14:30:00,short,1900.775,1900.605,1904.0067626902096,,2.5154351978365046,0.4276239836323888,0.05260287227000943,first_green,1
2020-11-03 15:30:00,2020-11-03 16:30:00,short,1905.595,1904.565,1909.0628555894418,,2.3444917103008804,2.414826461609843,0.29701352130576075,first_green,4
2020-11-04 09:45:00,2020-11-04 10:15:00,long,1891.7649999999999,1893.585,1883.8244973668466,,1.0246701152329696,1.8648996097241723,0.22920463402420815,first_green,2
2020-11-04 12:30:00,2020-11-04 13:15:00,long,1890.475,1891.565,1883.8578683475448,,1.2303001398082645,1.3410271523911872,0.1647239404093965,first_green,3
2020-11-06 14:30:00,2020-11-06 15:00:00,long,1952.605,1954.2050000000002,1947.914096190702,,1.7362135094057314,2.777941615049407,0.34108565535466445,first_green,2
2020-11-09 09:00:00,2020-11-09 10:00:00,long,1956.975,1959.7150000000001,1953.31504575709,,2.2271741333528348,6.102457125387294,0.7486432392722451,first_green,4
2020-11-09 13:45:00,2020-11-09 14:00:00,long,1954.0149999999999,1950.2187329697908,1950.4437329697907,,2.286754670764299,-8.68113136279903,-1.0630028497159825,stop_loss,1
2020-11-10 07:45:00,2020-11-10 08:00:00,long,1879.245,1883.4850000000001,1874.752741173317,,1.8130987210913787,7.687538577427874,0.9438458832371066,first_green,1
2020-11-10 09:00:00,2020-11-10 09:15:00,short,1887.945,1887.7749999999999,1892.698392794921,,1.717536911453497,0.2919812749472195,0.035763928489503195,first_green,1
2020-11-10 15:00:00,2020-11-10 15:15:00,short,1880.355,1878.0449999999998,1885.7462523361128,,1.5144639916795846,3.498411820780102,0.42847187554677646,first_green,1
2020-11-11 12:00:00,2020-11-11 12:15:00,short,1881.055,1878.065,1885.0032107205116,,2.0702044904012262,6.189911426299685,0.7573050709949569,first_green,1
2020-11-12 11:45:00,2020-11-12 12:00:00,short,1872.195,1871.0349999999999,1876.3237406225353,,1.9834325015530267,2.3007817018016734,0.2809573441520174,first_green,1
2020-11-12 16:00:00,2020-11-12 16:15:00,short,1876.7150000000001,1876.5249999999999,1881.1121919099244,,1.8636508170084896,0.3540936552321385,0.04320939451640988,first_green,1
2020-11-13 14:15:00,2020-11-13 14:30:00,short,1881.685,1885.18575734504,1884.96075734504,,2.501929986365067,-8.758649776543407,-1.0686864063177897,stop_loss,1
2020-11-13 15:15:00,2020-11-13 15:30:00,short,1887.935,1891.7600817506166,1891.5350817506167,,2.2704536928279273,-8.684670986056215,-1.0624985807506637,stop_loss,1
2020-11-13 15:45:00,2020-11-13 16:00:00,short,1891.015,1895.1590500808888,1894.934050080889,,2.080123259322092,-8.62013496105228,-1.057411871590291,stop_loss,1
2020-11-16 10:15:00,2020-11-16 10:30:00,short,1893.505,1893.0449999999998,1896.560832748325,,2.6606681582161373,1.223907352780125,0.15053179865698096,first_green,1
2020-11-17 10:45:00,2020-11-17 12:00:00,short,1889.885,1889.845,1893.312659050531,,2.372936321488638,0.0949174528594592,0.011669772112767967,first_green,5
2020-11-17 15:45:00,2020-11-17 16:00:00,short,1889.535,1889.375,1892.7580924054555,,2.523617982081145,0.4037788771331898,0.049641766314011126,first_green,1
2020-11-18 09:15:00,2020-11-18 10:15:00,short,1881.035,1883.98387840767,1883.7588784076702,,2.9865001964120514,-8.806825943701737,-1.0826028061187816,stop_loss,4
2020-11-19 09:45:00,2020-11-19 10:00:00,short,1864.415,1858.415,1867.608282537619,,2.5405977200811547,15.243586320486928,1.8789442930012648,first_green,1
2020-11-19 13:45:00,2020-11-19 15:00:00,short,1861.7050000000002,1861.175,1865.8521201993444,,1.9654494947457906,1.0416882322156622,0.12779952702697206,first_green,5
2020-11-23 14:30:00,2020-11-23 15:00:00,short,1867.915,1865.825,1871.3087498015077,,2.4025222829948825,5.021271571459108,0.6158379734037541,first_green,2
2020-11-24 07:45:00,2020-11-24 08:30:00,short,1825.795,1829.7825163115617,1829.5575163115618,,2.170385992711051,-8.654449548320239,-1.0598004051991783,stop_loss,3
2020-11-24 08:45:00,2020-11-24 09:15:00,short,1828.375,1832.324454742152,1832.0994547421521,,2.186756757684059,-8.636496846568361,-1.0604115274790247,stop_loss,2
2020-11-25 10:15:00,2020-11-25 10:45:00,short,1812.325,1810.915,1815.6567534741841,,2.4380211191833197,3.4376097780486803,0.42320057919212417,first_green,2
2020-11-25 14:00:00,2020-11-25 15:00:00,short,1812.435,1811.595,1816.2386498966036,,2.1378096248235114,1.7957600848515747,0.22084051446216393,first_green,4
2020-11-27 07:45:00,2020-11-27 08:00:00,short,1809.875,1809.735,1812.6363205482357,,2.946405032124463,0.4124967044977196,0.05070037960263196,first_green,1
2020-11-30 08:30:00,2020-11-30 09:15:00,short,1772.525,1777.671801524879,1777.446801524879,,1.6532564263838188,-8.508982696327932,-1.0457149681600468,stop_loss,3
2020-11-30 09:30:00,2020-11-30 10:15:00,short,1778.895,1778.395,1783.8160680016676,,1.6491801253103238,0.8245900626551619,0.10160396073180837,first_green,3
2020-12-01 10:00:00,2020-12-01 10:45:00,short,1790.7250000000001,1793.9360964880768,1793.711096488077,,2.7185287050238163,-8.729457977437653,-1.0753492061955514,stop_loss,3
2020-12-01 11:00:00,2020-12-01 11:15:00,short,1793.685,1793.695,1796.9876878591201,,2.451326228576956,-0.024513262285747264,-0.0030278368488189157,first_green,1
2020-12-01 12:30:00,2020-12-01 12:45:00,short,1795.765,1799.5484392056287,1799.3234392056288,,2.2751278363565173,-8.607807853888241,-1.0632299688144191,stop_loss,1
2020-12-01 13:00:00,2020-12-01 13:15:00,short,1798.935,1802.792659315057,1802.5676593150572,,2.222720016051451,-8.574496574684886,-1.0619380956169744,stop_loss,1
2020-12-01 13:30:00,2020-12-01 14:00:00,short,1806.345,1804.945,1810.7015021645138,,1.8484894590969432,2.5878852427358887,0.32135872935032306,first_green,2
2020-12-02 08:15:00,2020-12-02 09:30:00,short,1811.855,1814.919935567605,1814.6949355676052,,2.8378876389579313,-8.697942761508916,-1.0792271495756667,stop_loss,5
2020-12-02 09:45:00,2020-12-02 10:00:00,short,1814.895,1814.215,1817.7284220099534,,2.8367370471481417,1.928981192060917,0.2399924888037551,first_green,1
2020-12-02 10:45:00,2020-12-02 11:15:00,short,1823.935,1823.635,1827.7009169623666,,2.13560089592783,0.6406802687782518,0.07966187332272538,first_green,2
2020-12-02 12:45:00,2020-12-02 13:00:00,short,1830.805,1828.375,1835.00155184666,,1.9168349715241149,4.657908980803721,0.5790468195773842,first_green,1
2020-12-03 09:30:00,2020-12-03 09:45:00,short,1837.285,1841.094647938833,1840.8696479388332,,2.2472896221340966,-8.561382276923942,-1.0627676703093898,stop_loss,1
2020-12-03 10:00:00,2020-12-03 10:15:00,short,1842.255,1839.675,1846.0318648044022,,2.1272507945975097,5.488307050061904,0.683106262366891,first_green,1
2020-12-03 15:15:00,2020-12-03 15:30:00,long,1838.075,1838.935,1834.080249820481,,2.014659005496483,1.7326067447267737,0.21528254868329016,first_green,1
2020-12-04 10:00:00,2020-12-04 10:15:00,long,1840.095,1842.035,1837.263791584421,,2.844153364488905,5.517657527108631,0.6852197772954256,first_green,1
2020-12-04 15:45:00,2020-12-04 16:00:00,long,1839.5249999999999,1842.885,1834.8356677709767,,1.7201138009871024,5.7795823713168835,0.7165199298962933,first_green,1
2020-12-07 10:00:00,2020-12-07 10:15:00,long,1838.135,1835.0293752414298,1835.2543752414297,,2.805167183418638,-8.711796656753638,-1.0781080560147578,stop_loss,1
2020-12-07 10:30:00,2020-12-07 10:45:00,long,1834.205,1830.7752776316408,1831.0002776316408,,2.514681030846668,-8.624657780783087,-1.0702088899248736,stop_loss,1
2020-12-07 11:00:00,2020-12-07 11:15:00,long,1828.135,1830.915,1823.955315917078,,1.9229426781873022,5.345780645360648,0.6651220390935599,first_green,1
2020-12-07 13:15:00,2020-12-07 13:30:00,long,1829.615,1830.7050000000002,1825.39851739656,,1.909330148649532,2.081169862028268,0.2585093079978259,first_green,1
2020-12-08 07:45:00,2020-12-08 08:00:00,long,1867.715,1868.385,1864.419558199301,,2.444546366727181,1.637846065707389,0.20331113110781757,first_green,1
2020-12-08 09:15:00,2020-12-08 09:30:00,long,1865.7549999999999,1865.805,1862.6112904882066,,2.563835769681487,0.12819178848454071,0.015904777401541722,first_green,1
2020-12-08 10:15:00,2020-12-08 10:30:00,long,1862.0449999999998,1865.175,1858.5680805558536,,2.318223215917512,7.256038665822065,0.9002221795129017,first_green,1
2020-12-08 13:00:00,2020-12-08 14:00:00,long,1863.5049999999999,1864.2250000000001,1860.1004384168687,,2.37282107393385,1.708431173232976,0.2114809741047656,first_green,4
2020-12-09 09:15:00,2020-12-09 09:30:00,long,1858.455,1860.645,1854.984788083129,,2.3291622366337816,5.100865298228109,0.6310853782021256,first_green,1
2020-12-09 13:45:00,2020-12-09 14:00:00,long,1854.125,1857.595,1849.4417065487678,,1.7285781464341208,5.998166168126446,0.740931576492831,first_green,1
2020-12-10 11:00:00,2020-12-10 11:15:00,long,1833.495,1829.3119389127653,1829.5369389127652,,2.049092712266532,-8.571479988818117,-1.0568460150161822,stop_loss,1
2020-12-11 13:00:00,2020-12-11 13:15:00,long,1832.175,1828.3962333042175,1828.6212333042174,,2.276177960186855,-8.601145469628122,-1.0633131038869066,stop_loss,1
2020-12-11 13:30:00,2020-12-11 13:45:00,long,1826.805,1832.775,1822.6802215735347,,1.9558632563508385,11.676503640414559,1.447350471408448,first_green,1
2020-12-14 13:45:00,2020-12-14 14:00:00,short,1827.7050000000002,1827.195,1831.904968808481,,1.9277985607092618,0.9831772659621443,0.1214294732309412,first_green,1
2020-12-14 16:00:00,2020-12-14 16:30:00,short,1832.385,1837.5548152515896,1837.3298152515897,,1.6379078600710815,-8.467681035694003,-1.045502205553094,stop_loss,2
2020-12-15 07:45:00,2020-12-15 08:00:00,short,1839.075,1838.235,1841.7751275367934,,2.991704078608878,2.5130314260318927,0.3110964162076991,first_green,1
2020-12-15 09:00:00,2020-12-15 09:15:00,short,1839.905,1842.9043169671093,1842.6793169671093,,2.9139659379213607,-8.739907479186044,-1.0811010431278667,stop_loss,1
2020-12-15 09:30:00,2020-12-15 09:45:00,short,1842.885,1842.835,1845.8674977930687,,2.7032426958347235,0.13516213479161324,0.016764471751212952,first_green,1
2020-12-15 15:45:00,2020-12-15 16:00:00,short,1852.895,1848.7549999999999,1857.4447442961057,,1.772133279378851,7.33663177662862,0.9099412473671726,first_green,1
2020-12-16 10:00:00,2020-12-16 10:15:00,long,1854.355,1854.7250000000001,1851.610809585237,,2.944801066194285,1.0895763944922336,0.13483029384899886,first_green,1
2020-12-16 14:15:00,2020-12-16 14:30:00,long,1857.585,1858.4750000000001,1853.689476343661,,2.0751558746322405,1.8468887284229016,0.22846735856727168,first_green,1
2020-12-18 08:15:00,2020-12-18 08:30:00,long,1881.655,1881.535,1878.5376466867735,,2.5946484755911166,-0.3113578170706508,-0.03849419297156664,first_green,1
2020-12-18 10:15:00,2020-12-18 10:30:00,long,1878.5349999999999,1880.065,1875.4211374716583,,2.5973072201767122,3.9738800468708892,0.4913511711177196,first_green,1
2020-12-18 12:15:00,2020-12-18 12:30:00,long,1878.805,1878.9750000000001,1875.7177158284783,,2.622885318530592,0.44589050415039144,0.05506457797704971,first_green,1
2020-12-21 10:00:00,2020-12-21 10:15:00,long,1894.395,1896.9850000000001,1889.565394503122,,1.6768879071203626,4.343139679441983,0.5362756858038191,first_green,1
2020-12-21 11:15:00,2020-12-21 11:30:00,long,1894.305,1895.105,1889.2583787656329,,1.6069295725721793,1.2855436580576705,0.1585219026448828,first_green,1
2020-12-22 09:00:00,2020-12-22 10:15:00,long,1870.085,1870.085,1866.013497395895,,1.992576095626442,0.0,0.0,first_green,5
2020-12-23 12:30:00,2020-12-23 12:45:00,long,1867.355,1863.8441411298727,1864.0691411298726,,2.468997934140099,-8.6683032974018,-1.0684752476880375,stop_loss,1
2020-12-23 13:00:00,2020-12-23 13:15:00,long,1865.815,1865.935,1862.4254839334105,,2.3870982892605506,0.2864517947110055,0.035403284021200396,first_green,1
2020-12-23 14:15:00,2020-12-23 14:30:00,long,1860.055,1861.035,1856.0239977968404,,2.007397596339944,1.9672496444131817,0.24311571926997422,first_green,1
2020-12-24 12:30:00,2020-12-24 13:00:00,long,1873.555,1875.2250000000001,1870.162434287107,,2.3866132428339606,3.985644115532888,0.4922528084433177,first_green,2
2020-12-28 07:45:00,2020-12-28 08:00:00,long,1888.465,1888.915,1884.9466129720902,,2.304097389956501,1.0368438254805301,0.12789951657688686,first_green,1
2020-12-28 12:45:00,2020-12-28 13:00:00,long,1879.325,1879.2350000000001,1875.204574442174,,1.96807304576221,-0.1771265741184378,-0.021842404076194623,first_green,1
2020-12-29 12:45:00,2020-12-29 13:00:00,long,1877.2849999999999,1879.005,1873.334802312573,,2.0527721148745894,3.5307680375848167,0.43542124625176265,first_green,1
2020-12-31 07:15:00,2020-12-31 07:30:00,long,1887.135,1890.105,1884.1133240724093,,2.686483519613795,7.978856053253045,0.9828982561899593,first_green,1
2020-12-31 08:45:00,2020-12-31 09:00:00,long,1887.445,1888.645,1884.2844599431653,,2.574759242054725,3.089711090465787,0.3796819462563236,first_green,1
2020-12-31 12:30:00,2020-12-31 12:45:00,long,1892.7649999999999,1892.845,1889.3216252178127,,2.365514797018814,0.18924118376187088,0.02323302139923871,first_green,1
2021-01-04 07:30:00,2021-01-04 07:45:00,long,1920.835,1921.4850000000001,1917.106559207423,,2.18478113374427,1.420107736933974,0.17433561002073264,first_green,1
2021-01-04 12:30:00,2021-01-04 12:45:00,long,1929.195,1933.305,1925.2060467938843,,2.042986455382048,8.396674331620478,1.0303455036020244,first_green,1
2021-01-04 14:45:00,2021-01-04 15:00:00,long,1931.805,1933.7350000000001,1927.770575396825,,2.025163402643881,3.908565367102819,0.4783829640740323,first_green,1
2021-01-06 13:15:00,2021-01-06 13:30:00,long,1956.0249999999999,1951.64384425441,1951.8688442544099,,1.9681987324882093,-8.62298518530352,-1.0541365660415039,stop_loss,1
2021-01-06 14:00:00,2021-01-06 14:15:00,long,1945.485,1946.835,1940.6885571526743,,1.7009653335241324,2.2963032002578108,0.2814585814887537,first_green,1
2021-01-07 10:15:00,2021-01-07 10:30:00,long,1918.105,1920.765,1913.5274726742118,,1.7835663633368781,4.744286526476242,0.5810997533569199,first_green,1
2021-01-07 16:00:00,2021-01-07 16:15:00,long,1913.565,1915.405,1908.043199613764,,1.4807098971248407,2.7245062107095857,0.33322464980559946,first_green,1
2021-01-08 10:15:00,2021-01-08 10:30:00,long,1885.575,1892.085,1879.257916739919,,1.2953756362662212,8.432895392093089,1.0305388946094804,first_green,1
2021-01-08 14:30:00,2021-01-08 15:00:00,long,1889.975,1884.6477000137866,1884.8727000137865,,1.6079176073578758,-8.56585944750981,-1.044097759952936,stop_loss,2
2021-01-08 15:15:00,2021-01-08 15:30:00,long,1883.585,1877.9495980066654,1878.1745980066653,,1.512394706958218,-8.52295214630112,-1.0415865586840116,stop_loss,1
2021-01-11 07:15:00,2021-01-11 07:30:00,short,1834.925,1841.9047631524468,1841.6797631524469,,1.2082371761493156,-8.433209321503393,-1.0333098281793052,stop_loss,1
2021-01-11 07:45:00,2021-01-11 08:30:00,short,1840.655,1847.8380610855281,1847.6130610855282,,1.1699053563207047,-8.4035016387382,-1.032336594524569,stop_loss,3
2021-01-11 10:15:00,2021-01-11 10:30:00,short,1854.625,1852.735,1861.9137138118588,,1.1139501960221327,2.1053658704819425,0.2593050089201008,first_green,1
2021-01-12 12:00:00,2021-01-12 12:15:00,short,1862.605,1861.935,1866.754614263332,,1.9578994765700586,1.3117926493020817,0.16146079068613822,first_green,1
2021-01-13 13:45:00,2021-01-13 14:00:00,short,1855.015,1854.495,1859.04137944743,,2.0186391227873046,1.0496923438498207,0.12914828490199326,first_green,1
2021-01-14 07:30:00,2021-01-14 07:45:00,short,1842.265,1847.081162257653,1846.856162257653,,1.7708873810930645,-8.528880967374164,-1.0490071984767817,stop_loss,1
2021-01-14 14:00:00,2021-01-14 14:30:00,short,1842.165,1842.315,1846.6825314245898,,1.7950310340002145,-0.2692546551001954,-0.0332039748929273,first_green,2
2021-01-15 10:00:00,2021-01-15 10:15:00,short,1852.295,1851.915,1856.057061594681,,2.155317174773638,0.8190205264142176,0.1010084472134576,first_green,1
2021-01-15 11:45:00,2021-01-15 12:00:00,short,1855.185,1854.425,1858.8944530382832,,2.18643650025603,1.661691740194563,0.2048819575706805,first_green,1
2021-01-18 07:30:00,2021-01-18 07:45:00,short,1829.605,1833.733734014423,1833.508734014423,,2.0786861292951504,-8.582342127329943,-1.0576371236279445,stop_loss,1
2021-01-18 08:00:00,2021-01-18 08:30:00,short,1838.345,1838.315,1843.1339084103954,,1.6899846894863064,0.05069954068454308,0.006264475623474259,first_green,2
2021-01-19 10:30:00,2021-01-19 10:45:00,short,1843.625,1843.645,1847.189914604192,,2.2702671845926727,-0.04540534369181216,-0.005610232563906054,first_green,1
2021-01-20 11:45:00,2021-01-20 12:00:00,short,1856.815,1853.055,1859.4865827832145,,3.029363409310125,11.390406419006043,1.4074053866584293,first_green,1
2021-01-21 07:45:00,2021-01-21 08:30:00,short,1873.565,1872.2549999999999,1876.352907658297,,2.913177959926297,3.816263127503952,0.4698864383479671,first_green,3
2021-01-21 15:00:00,2021-01-21 15:15:00,long,1867.405,1869.055,1863.8023831428409,,2.2570292997216383,3.7240983445409084,0.45800041065183605,first_green,1
2021-01-21 16:00:00,2021-01-21 16:15:00,long,1861.165,1867.055,1856.328876898758,,1.6832743662066452,9.914486016957309,1.2179177156361882,first_green,1
2021-01-22 08:30:00,2021-01-22 08:45:00,long,1859.2749999999999,1861.255,1856.436082549155,,2.8762048930843624,5.694885688307744,0.6974489516808315,first_green,1
2021-01-22 11:45:00,2021-01-22 12:15:00,long,1859.315,1855.9663759188438,1856.1913759188437,,2.6186075100226893,-8.768732167158534,-1.0720317151341134,stop_loss,2
2021-01-22 12:30:00,2021-01-22 12:45:00,long,1855.455,1851.9055057921646,1852.1305057921645,,2.453793911795448,-8.709727277139523,-1.0676794681938722,stop_loss,1
2021-01-22 13:30:00,2021-01-22 13:45:00,long,1848.065,1849.345,1844.0412048607354,,2.0219342802526006,2.5880758787232736,0.3181076460651778,first_green,1
2021-01-22 14:30:00,2021-01-22 14:45:00,long,1847.5349999999999,1843.1249659524017,1843.3499659524016,,1.9455802332510295,-8.580075070971036,-1.05376300346446,stop_loss,1
2021-01-22 15:00:00,2021-01-22 15:15:00,long,1843.715,1838.7834145201832,1839.0084145201831,,1.725426929062895,-8.509090389851298,-1.0478053571883001,stop_loss,1
2021-01-22 15:30:00,2021-01-22 15:45:00,long,1839.185,1843.145,1834.2925104791375,,1.6555163930958954,6.555844916659806,0.8094038797863305,first_green,1
2021-01-25 11:30:00,2021-01-25 12:30:00,short,1854.415,1857.7070169461715,1857.4820169461716,,2.646214989864991,-8.71138458984871,-1.0733611857869787,stop_loss,4
2021-01-25 12:45:00,2021-01-25 13:00:00,short,1858.4550000000002,1861.8980949399709,1861.673094939971,,2.5152172035447022,-8.660131626452033,-1.0699171417242124,stop_loss,1
2021-01-25 13:15:00,2021-01-25 13:45:00,short,1863.325,1863.2949999999998,1866.9614441064034,,2.2199041674733095,0.06659712502464346,0.00824981743769237,first_green,2
2021-01-25 15:30:00,2021-01-25 15:45:00,short,1866.915,1865.115,1870.8743628276243,,2.038894708784469,3.670010475811951,0.45461860364031953,first_green,1
2021-01-28 10:15:00,2021-01-28 10:30:00,short,1840.435,1838.225,1843.8902880508451,,2.3389942681084968,5.169177332519863,0.639599352493769,first_green,1
2021-01-28 15:45:00,2021-01-28 16:00:00,short,1846.785,1851.3324001522667,1851.1074001522668,,1.8727608744592885,-8.516193085675134,-1.052054412380565,stop_loss,1
2021-01-29 09:00:00,2021-01-29 09:15:00,short,1850.035,1845.855,1853.0890964096295,,2.6435090198044406,11.04986770278273,1.3686535850082202,first_green,1
2021-01-29 11:15:00,2021-01-29 11:30:00,short,1852.075,1849.7649999999999,1856.732145881605,,1.7395109110631746,4.0182702045562335,0.4960119478164381,first_green,1
2021-01-29 12:45:00,2021-01-29 13:30:00,short,1855.605,1860.692460429918,1860.467460429918,,1.6681270455321635,-8.486530336220708,-1.0462728701328896,stop_loss,3
2021-01-29 13:45:00,2021-01-29 14:45:00,short,1862.685,1868.1275575889963,1867.9025575889964,,1.550531122492434,-8.438854927696228,-1.0431236255972378,stop_loss,4
2021-02-01 08:30:00,2021-02-01 08:45:00,short,1865.9650000000001,1865.675,1870.857325279623,,1.6492951360826988,0.4782955894642977,0.05927651646714494,first_green,1
2021-02-02 09:30:00,2021-02-02 09:45:00,long,1847.645,1848.155,1843.7271718208463,,2.0598361280185515,1.0505164252894426,0.1301741619792406,first_green,1
2021-02-02 13:45:00,2021-02-02 14:00:00,long,1845.695,1840.8771358051968,1841.1021358051967,,1.7576636224052344,-8.468184632894232,-1.0489890383117557,stop_loss,1
2021-02-02 15:30:00,2021-02-02 15:45:00,long,1833.625,1837.795,1827.570693586836,,1.3298864158517323,5.54562635410182,0.6887659321195042,first_green,1
2021-02-03 14:30:00,2021-02-03 14:45:00,short,1837.2050000000002,1837.225,1840.3900362969882,,2.53228006531143,-0.05064560130560677,-0.006279363289726845,first_green,1
2021-02-04 08:45:00,2021-02-04 09:00:00,short,1823.7350000000001,1823.665,1827.4668079262212,,2.161225193687824,0.15128576355850148,0.018757664216402178,first_green,1
2021-02-04 09:30:00,2021-02-04 09:45:00,short,1825.2350000000001,1825.395,1828.8938764627944,,2.2044077203967958,-0.35270523526316655,-0.043729270891442434,first_green,1
2021-02-04 14:30:00,2021-02-04 15:00:00,short,1814.4550000000002,1818.7790927378198,1818.55409273782,,1.967453354998551,-8.507450764348205,-1.0548901950726741,stop_loss,2
2021-02-05 10:15:00,2021-02-05 10:30:00,short,1807.265,1810.8561538380616,1810.6311538380617,,2.3895239253814906,-8.581148015773456,-1.066841864877298,stop_loss,1
2021-02-08 07:30:00,2021-02-08 07:45:00,short,1815.125,1813.165,1818.0129904495698,,2.777728113234746,5.444347101940203,0.6786726044374632,first_green,1
2021-02-08 13:00:00,2021-02-08 13:30:00,short,1815.275,1818.7723451032641,1818.5473451032642,,2.4556282655710127,-8.588179490031509,-1.068758029150249,stop_loss,2
2021-02-08 13:45:00,2021-02-08 14:00:00,short,1822.005,1821.235,1825.5348896471835,,2.2703805168379625,1.748192997965706,0.21813713089150488,first_green,1
2021-02-08 15:00:00,2021-02-08 15:15:00,short,1825.095,1825.075,1828.888643444271,,2.1136839246601338,0.04227367849316423,0.0052719767405090545,first_green,1
2021-02-08 15:45:00,2021-02-08 16:00:00,short,1828.885,1833.3835093465975,1833.1585093465976,,1.876366283047546,-8.440851261929852,-1.0526499374990357,stop_loss,1
2021-02-09 09:30:00,2021-02-09 09:45:00,short,1840.795,1843.9965995013602,1843.7715995013602,,2.686813162615588,-8.602099681677762,-1.0755896115339312,stop_loss,1
2021-02-09 10:00:00,2021-02-09 10:15:00,short,1842.905,1840.735,1845.870435284336,,2.689676457623668,5.836597913043555,0.7317644095834331,first_green,1
2021-02-09 11:00:00,2021-02-09 11:30:00,short,1843.925,1847.4764219896897,1847.2514219896898,,2.402176570030728,-8.53114269392461,-1.067640245494195,stop_loss,2
2021-02-09 11:45:00,2021-02-09 12:15:00,short,1846.295,1845.205,1849.641721614923,,2.3812333459102777,2.595544347042549,0.3256918636853089,first_green,2
2021-02-09 15:45:00,2021-02-09 16:00:00,short,1845.7450000000001,1842.095,1849.6369060055467,,2.0493336577075194,7.480067850632632,0.9378438212018047,first_green,1
2021-02-10 11:45:00,2021-02-10 12:15:00,long,1841.5249999999999,1841.9850000000001,1838.4710094731188,,2.6177272224847967,1.204154522343697,0.15062260211725137,first_green,2
2021-02-10 15:00:00,2021-02-10 15:15:00,long,1838.605,1842.155,1835.4991495690278,,2.5749870135342703,9.141203898046543,1.1430041719326332,first_green,1
2021-02-12 12:45:00,2021-02-12 13:00:00,short,1820.905,1820.5249999999999,1824.3109626028586,,2.3548049320173985,0.8948258741668684,0.11156904649545388,first_green,1
2021-02-15 14:30:00,2021-02-15 14:45:00,short,1823.9650000000001,1821.625,1826.7634966313933,,2.866758712576981,6.708215387430553,0.8361632362713382,first_green,1
2021-02-16 10:45:00,2021-02-16 11:00:00,short,1823.755,1822.875,1826.5228240196298,,2.9045868095718004,2.5560363924235014,0.31793928868276106,first_green,1
2021-02-16 12:30:00,2021-02-16 12:45:00,short,1824.335,1823.055,1827.0488069457756,,2.9647559278812206,3.7948875876878816,0.47166214309845494,first_green,1
2021-02-18 11:00:00,2021-02-18 11:15:00,short,1787.555,1786.125,1791.1299958186892,,2.25322290070154,3.222108748003346,0.4000004678395464,first_green,1
2021-02-19 07:15:00,2021-02-19 08:00:00,short,1769.875,1773.9571200647479,1773.732120064748,,2.09050213244514,-8.533680700252514,-1.058333678035146,stop_loss,3
2021-02-19 08:15:00,2021-02-19 08:30:00,short,1776.855,1772.845,1781.1149093130277,,1.88782974654127,7.570197283630475,0.9413345931418182,first_green,1
2021-02-19 16:00:00,2021-02-19 16:15:00,short,1783.145,1779.195,1788.2666437285275,,1.5738910082737374,6.216869482681334,0.7712367765837748,first_green,1
2021-02-22 08:15:00,2021-02-22 08:30:00,short,1793.2250000000001,1792.705,1797.0748189119852,,2.0978782042122925,1.090896666190831,0.1350712882575787,first_green,1
2021-02-22 10:15:00,2021-02-22 10:30:00,short,1794.675,1793.745,1798.743535963105,,1.9857704345121236,1.8467665040964014,0.22858345322092646,first_green,1
2021-02-22 11:30:00,2021-02-22 12:00:00,short,1797.295,1797.145,1801.5433814098092,,1.9027941617668123,0.2854191242651949,0.03530756434762556,first_green,2
2021-02-22 15:15:00,2021-02-22 15:30:00,short,1799.435,1799.055,1803.211637724854,,2.140663066025629,0.8134519650894859,0.10061859984586406,first_green,1
2021-02-23 14:15:00,2021-02-23 14:30:00,short,1811.895,1810.675,1815.6497302963173,,2.1536946419821708,2.6275074632183073,0.32492347085398054,first_green,1
2021-02-24 15:00:00,2021-02-24 15:15:00,long,1806.735,1803.2176969751251,1803.442696975125,,2.4581914935465203,-8.646204375972589,-1.068341218381155,stop_loss,1
2021-02-24 15:30:00,2021-02-24 15:45:00,long,1802.5349999999999,1798.4741111673272,1798.6991111673271,,2.104204822161383,-8.544941863971031,-1.058656548668314,stop_loss,1
2021-02-24 16:00:00,2021-02-24 16:30:00,long,1790.885,1785.634565241216,1785.859565241216,,1.6018780087143698,-8.410555976285574,-1.0447722457458286,stop_loss,2
2021-02-25 08:00:00,2021-02-25 08:15:00,short,1800.4950000000001,1796.405,1803.632099381711,,2.559404742225752,10.467965395703699,1.3037521297044778,first_green,1
2021-02-26 10:45:00,2021-02-26 11:00:00,short,1767.835,1767.675,1773.6439607935724,,1.3866984533251938,0.22187175253214453,0.027543652933089437,first_green,1
2021-03-02 08:15:00,2021-03-02 09:00:00,short,1717.875,1723.3706064793887,1723.1456064793888,,1.5284449064368515,-8.399731731203014,-1.0426895843732202,stop_loss,3
2021-03-02 09:15:00,2021-03-02 09:30:00,short,1723.875,1717.225,1728.9371638551079,,1.5872327581454035,10.555097841667077,1.3136674731083686,first_green,1
2021-03-02 11:00:00,2021-03-02 11:15:00,short,1721.625,1721.575,1726.49328310924,,1.6558650887066626,0.08279325443525783,0.010270561279612806,first_green,1
2021-03-02 12:45:00,2021-03-02 13:30:00,short,1729.865,1729.595,1734.969630226702,,1.5792381950602814,0.4263943126662473,0.05289315543124471,first_green,3
2021-03-02 15:00:00,2021-03-02 15:15:00,short,1733.395,1729.175,1738.3503582851115,,1.6270252416808522,6.86604651989324,0.8516034073013674,first_green,1
2021-03-03 14:45:00,2021-03-03 15:00:00,short,1725.255,1714.585,1728.6281727992778,,2.3952695603020167,25.557526208422694,3.163194011965528,first_green,1
2021-03-04 07:45:00,2021-03-04 08:00:00,short,1717.2250000000001,1717.2549999999999,1721.1687357667427,,2.064933460285055,-0.061948003808025794,-0.0076070005127460635,first_green,1
2021-03-04 09:15:00,2021-03-04 09:30:00,short,1720.695,1719.715,1724.8192927608732,,1.974495397251056,1.9350054893060706,0.2376164973779708,first_green,1
2021-03-04 14:15:00,2021-03-04 15:00:00,short,1717.395,1722.5384610217307,1722.3134610217307,,1.6566634463468854,-8.520983862411208,-1.0457460166921753,stop_loss,3
2021-03-09 08:45:00,2021-03-09 09:00:00,short,1692.935,1692.745,1696.119730226991,,2.5518431854763106,0.48485020524063827,0.05965968432421151,first_green,1
2021-03-09 09:30:00,2021-03-09 09:45:00,short,1694.605,1698.017876205794,1697.792876205794,,2.5497051102760047,-8.701827902652251,-1.0705799050762903,stop_loss,1
2021-03-09 10:00:00,2021-03-09 10:30:00,short,1697.2350000000001,1697.095,1700.5303116264247,,2.4599766583772964,0.3443967321730676,0.042484601115555506,first_green,2
2021-03-09 13:30:00,2021-03-09 13:45:00,short,1707.375,1711.5256607636873,1711.3006607636873,,2.065193903127559,-8.571919303117697,-1.0573151918986927,stop_loss,1
2021-03-09 16:00:00,2021-03-09 16:15:00,short,1713.295,1718.7016025866594,1718.4766025866595,,1.5604864984192648,-8.436930338800583,-1.0434228592866606,stop_loss,1
2021-03-10 09:15:00,2021-03-10 09:45:00,short,1715.315,1715.445,1718.3628255914641,,2.6460597264475996,-0.3439877644378751,-0.042653359288001326,first_green,2
2021-03-10 16:00:00,2021-03-10 16:15:00,short,1719.925,1718.935,1724.4487786241757,,1.782551546245826,1.7647260307833839,0.21884360006241274,first_green,1
2021-03-11 08:00:00,2021-03-11 08:15:00,short,1735.385,1733.5149999999999,1738.232250710814,,2.8337091517200985,5.2990361137169195,0.6567739162897562,first_green,1
2021-03-11 10:30:00,2021-03-11 11:15:00,short,1738.655,1736.555,1741.830359245394,,2.5450751748741847,5.344657867235556,0.6613424931512991,first_green,3
2021-03-12 14:15:00,2021-03-12 15:00:00,short,1704.125,1700.185,1707.8752730149988,,2.1584800890636493,8.504411550910897,1.0505901794995862,first_green,3
2021-03-15 11:15:00,2021-03-15 11:45:00,short,1729.335,1729.175,1732.6705598303915,,2.433219930986007,0.3893151889579603,0.04796795984358111,first_green,2
2021-03-15 13:45:00,2021-03-15 14:00:00,short,1730.555,1729.685,1733.772958532554,,2.522445167071575,2.1945272953525685,0.2703577411576069,first_green,1
2021-03-15 15:00:00,2021-03-15 16:15:00,short,1731.115,1729.0149999999999,1734.8432574549063,,2.17866130887141,4.575188748630259,0.5632658220093149,first_green,5
2021-03-16 09:00:00,2021-03-16 09:15:00,long,1731.245,1728.6616509442438,1728.8866509442437,,3.449043396919491,-8.910083002693835,-1.0954057243777098,stop_loss,1
2021-03-16 09:30:00,2021-03-16 09:45:00,long,1727.7549999999999,1730.015,1724.9751224978427,,2.918032548047795,6.594753558588653,0.8129854636567408,first_green,1
2021-03-16 14:00:00,2021-03-16 14:15:00,long,1731.565,1733.425,1728.7322957979707,,2.8694347644748075,5.337148661922855,0.6566163875025741,first_green,1
2021-03-17 11:15:00,2021-03-17 11:30:00,long,1734.5049999999999,1735.935,1732.1537207876659,,3.462626958008091,4.95155654995179,0.6081795783753644,first_green,1
2021-03-17 13:15:00,2021-03-17 13:30:00,long,1731.195,1728.093574773684,1728.3185747736838,,2.834762260880915,-8.791803186504637,-1.0782220924574746,stop_loss,1
2021-03-18 09:30:00,2021-03-18 09:45:00,long,1743.225,1739.225379875273,1739.4503798752728,,2.1543895547444905,-8.61673981965774,-1.0596086473777744,stop_loss,1
2021-03-18 12:15:00,2021-03-18 12:30:00,long,1734.405,1735.055,1729.9145949344747,,1.8061756571937706,1.1740141771761152,0.1447530880878474,first_green,1
2021-03-18 13:45:00,2021-03-18 15:00:00,long,1730.455,1725.7412497245618,1725.9662497245617,,1.8074953735184605,-8.520081814775711,-1.050125310207404,stop_loss,5
2021-03-19 12:00:00,2021-03-19 12:15:00,long,1737.155,1737.255,1733.3855894564863,,2.1467799959126164,0.2146779995915545,0.02652934692195152,first_green,1
2021-03-19 15:15:00,2021-03-19 17:30:00,long,1736.5049999999999,1738.055,1732.0661347082162,,1.8231307584791157,2.825852675642961,0.34918833938691796,first_green,9
2021-03-22 08:15:00,2021-03-22 08:30:00,long,1732.995,1729.506636280283,1729.7316362802828,,2.482008496002898,-8.658148389485795,-1.0689472640271358,stop_loss,1
2021-03-22 09:00:00,2021-03-22 09:15:00,long,1730.725,1730.835,1727.1597612637686,,2.2657812574567324,0.24923593832052907,0.03085347381712904,first_green,1
2021-03-22 11:30:00,2021-03-22 11:45:00,long,1728.715,1731.335,1725.1240558833326,,2.24973542731018,5.894306819552938,0.7296131365117731,first_green,1
2021-03-22 14:30:00,2021-03-22 14:45:00,long,1732.125,1732.045,1728.4666898361659,,2.2123356416898114,-0.17698685133502395,-0.021868020046742674,first_green,1
2021-03-23 11:30:00,2021-03-23 11:45:00,long,1737.585,1737.855,1735.1017713746885,,3.2590505015069553,0.8799436354068186,0.10872941671494635,first_green,1
2021-03-23 15:15:00,2021-03-23 15:45:00,long,1734.885,1731.1694314445244,1731.3944314445243,,2.3191543804712413,-8.61697709137234,-1.0644594129649603,stop_loss,2
2021-03-23 16:00:00,2021-03-23 16:15:00,long,1731.2749999999999,1727.1188359634182,1727.343835963418,,2.053749179100209,-8.535718478335449,-1.0572349558314416,stop_loss,1
2021-03-24 08:00:00,2021-03-24 09:15:00,long,1731.425,1728.8095029528938,1729.0345029528937,,3.368456625616737,-8.810188357605709,-1.0941226847664496,stop_loss,5
2021-03-24 09:30:00,2021-03-24 09:45:00,long,1728.075,1728.665,1725.572862242581,,3.209359725354112,1.8935222379586634,0.23579836811564106,first_green,1
2021-03-24 13:00:00,2021-03-24 14:15:00,long,1731.435,1731.505,1728.6405018929913,,2.87529053299099,0.20127033730984,0.025049220761539683,first_green,5
2021-03-25 09:15:00,2021-03-25 09:30:00,long,1731.615,1733.365,1728.9554564436355,,3.021382036837423,5.28741856446549,0.6580076478958626,first_green,1
2021-03-25 12:30:00,2021-03-25 13:00:00,long,1732.0049999999999,1732.765,1729.76731908263,,3.5969005282743898,2.7336444014893213,0.33963734243820354,first_green,2
2021-03-25 14:00:00,2021-03-25 14:15:00,long,1728.5449999999998,1728.375,1726.061113729174,,3.2431234390303953,-0.5513309846346658,-0.06844113677689416,first_green,1
2021-03-26 07:45:00,2021-03-26 08:00:00,short,1728.4550000000002,1728.105,1730.8516975104797,,3.3605289871262642,1.176185145494651,0.146034281952466,first_green,1
2021-03-26 11:45:00,2021-03-26 12:00:00,short,1731.015,1728.5449999999998,1733.7474940391928,,2.948629275906427,7.2831143114896255,0.9039360981478987,first_green,1
2021-03-26 16:00:00,2021-03-26 16:45:00,short,1728.555,1732.3413951551645,1732.1163951551646,,2.2674596202198543,-8.58549812053143,-1.0631774880902018,stop_loss,3
2021-03-29 13:45:00,2021-03-29 14:15:00,short,1726.4650000000001,1726.315,1728.773165975454,,3.4892880522151537,0.5233932078325904,0.06498666109597828,first_green,2
2021-03-31 09:00:00,2021-03-31 09:30:00,short,1683.4850000000001,1686.5600210401644,1686.3350210401645,,2.8263526234303837,-8.691093783972,-1.0789467855952848,stop_loss,2
2021-03-31 09:45:00,2021-03-31 10:00:00,short,1687.2450000000001,1687.405,1690.363294907158,,2.57622737695534,-0.4121963803124795,-0.051310092458729285,first_green,1
2021-03-31 15:45:00,2021-03-31 16:00:00,short,1688.665,1687.345,1692.3860754110794,,2.158624948683723,2.8493849322623768,0.3547361593558796,first_green,1
2021-04-01 08:45:00,2021-04-01 09:00:00,short,1714.415,1712.225,1717.10114296909,,2.992964176937997,6.554591547494376,0.8152953976019895,first_green,1
2021-04-01 15:00:00,2021-04-01 15:15:00,short,1716.7350000000001,1716.445,1719.988792073004,,2.47585462707569,0.717997841852423,0.08912677684793055,first_green,1
2021-04-01 16:00:00,2021-04-01 16:15:00,short,1718.565,1722.323263364147,1722.098263364147,,2.280529449306754,-8.570830280187547,-1.063680506322583,stop_loss,1
2021-04-05 14:30:00,2021-04-05 14:45:00,short,1726.545,1725.095,1729.0206532021602,,3.2461267480360596,4.706883784652434,0.5857040068192196,first_green,1
2021-04-06 09:45:00,2021-04-06 10:00:00,long,1733.5349999999999,1731.0495238650253,1731.2745238650252,,3.560334552235935,-8.849126562107656,-1.0995365518435056,stop_loss,1
2021-04-06 10:15:00,2021-04-06 10:30:00,long,1729.985,1731.385,1727.230125169333,,2.9133550396213703,4.078697055470183,0.5081900580075189,first_green,1
2021-04-09 08:30:00,2021-04-09 09:15:00,long,1750.625,1748.4039390639225,1748.6289390639224,,4.0259919268195885,-8.941973397622343,-1.1127220096005945,stop_loss,3
2021-04-09 09:30:00,2021-04-09 09:45:00,long,1748.195,1748.7050000000002,1746.0878681696347,,3.8031651200509846,1.9396142112268322,0.24203516488658372,first_green,1
2021-04-09 13:15:00,2021-04-09 13:30:00,long,1744.7549999999999,1745.335,1742.1576601071151,,3.0872429665785464,1.7906009206160343,0.2233053908689536,first_green,1
2021-04-09 15:30:00,2021-04-09 15:45:00,long,1739.345,1735.9675431225915,1736.1925431225914,,2.545029521551733,-8.595727460772759,-1.0713729033416184,stop_loss,1
2021-04-09 16:00:00,2021-04-09 16:15:00,long,1738.445,1734.8296417740712,1735.0546417740711,,2.3601065039608913,-8.532630463162906,-1.066364668570758,stop_loss,1
2021-04-12 11:30:00,2021-04-12 11:45:00,long,1737.335,1737.7350000000001,1734.563933726717,,2.879857115131214,1.1519428460527474,0.14434876706366268,first_green,1
2021-04-13 08:45:00,2021-04-13 09:00:00,long,1725.975,1727.305,1723.458642204403,,3.172503844524102,4.2194301132175465,0.5285416892333088,first_green,1
2021-04-13 10:00:00,2021-04-13 10:15:00,long,1724.645,1726.765,1721.9500035234564,,2.9661275721831055,6.288190453028534,0.7866429579600409,first_green,1
2021-04-13 13:00:00,2021-04-13 14:00:00,long,1726.575,1729.635,1723.9203641234812,,3.0171459306306296,9.232466547729562,1.1527004615083898,first_green,4
2021-04-14 12:45:00,2021-04-14 13:00:00,long,1743.055,1744.265,1740.2034197634596,,2.8168609445333566,3.408401742885464,0.4243261278413119,first_green,1
2021-04-15 13:15:00,2021-04-15 14:30:00,long,1747.165,1744.6301875713941,1744.855187571394,,3.4812463138941423,-8.82430642349716,-1.0974105071101834,stop_loss,5
2021-04-15 15:00:00,2021-04-15 15:15:00,long,1744.875,1747.9750000000001,1742.560395080803,,3.4645071261639666,10.739972091108768,1.33932144284713,first_green,1
2021-04-16 09:30:00,2021-04-16 09:45:00,long,1762.315,1762.355,1760.1041526691836,,3.6392450328394976,0.14556980131344752,0.01809261066669466,first_green,1
2021-04-19 07:15:00,2021-04-19 07:45:00,long,1777.095,1777.7150000000001,1774.2746824311755,,2.852933719409894,1.7688189060344717,0.21983339991692064,first_green,2
2021-04-19 14:30:00,2021-04-19 14:45:00,long,1783.205,1779.5828637836557,1779.8078637836556,,2.3698199383574017,-8.583810624938897,-1.066232257310552,stop_loss,1
2021-04-19 15:15:00,2021-04-19 15:30:00,long,1776.385,1776.875,1772.3510374390276,,1.990385753682061,0.9752890193042281,0.12146865336347792,first_green,1
2021-04-20 08:30:00,2021-04-20 08:45:00,long,1770.055,1771.295,1767.234372709907,,2.8474445606492416,3.5308312552050856,0.4396185218639963,first_green,1
2021-04-20 09:45:00,2021-04-20 10:15:00,long,1768.485,1768.645,1765.4497301469985,,2.648992446250508,0.4238387914002981,0.05271359969587771,first_green,2
2021-04-20 12:45:00,2021-04-20 13:00:00,long,1764.915,1767.635,1760.933053423842,,2.0194812652835905,5.4929890415714215,0.6830829967147537,first_green,1
2021-04-20 15:15:00,2021-04-20 15:30:00,long,1770.405,1765.9845579240719,1766.2095579240718,,1.9199881291968246,-8.487196311584162,-1.0536296285177835,stop_loss,1
2021-04-21 10:45:00,2021-04-21 11:00:00,long,1782.2749999999999,1782.575,1779.1351039704934,,2.558677394486534,0.7676032183464256,0.09554456490947603,first_green,1
2021-04-21 12:00:00,2021-04-21 12:30:00,long,1778.7749999999999,1778.945,1775.6566435460604,,2.5769664624549735,0.438084298617533,0.05451589723981381,first_green,2
2021-04-22 09:15:00,2021-04-22 09:30:00,long,1789.0149999999999,1790.4550000000002,1786.3681237882486,,3.0364076623027354,4.372427033716795,0.5440375313386893,first_green,1
2021-04-22 11:45:00,2021-04-22 12:15:00,long,1790.355,1787.3541071070965,1787.5791071070964,,2.8992207511632984,-8.700250947124271,-1.081055000564002,stop_loss,2
2021-04-22 12:30:00,2021-04-22 13:00:00,long,1787.615,1789.305,1784.8231972719718,,2.874907875891991,4.8585943102576215,0.6053436308494758,first_green,2
2021-04-22 14:00:00,2021-04-22 14:15:00,long,1785.2649999999999,1787.035,1782.099754018857,,2.5395568573215432,4.495015637459662,0.5591982457430256,first_green,1
2021-04-22 15:15:00,2021-04-22 15:30:00,long,1782.805,1786.855,1779.2607202057245,,2.2711411465356943,9.19812164346946,1.1426863100766487,first_green,1
2021-04-26 09:30:00,2021-04-26 09:45:00,long,1778.065,1775.4412260657584,1775.6662260657583,,3.365283766214837,-8.82974382712098,-1.0937979176729025,stop_loss,1
2021-04-26 14:00:00,2021-04-26 14:15:00,long,1779.565,1776.6304858869557,1776.8554858869556,,2.971189772143182,-8.718998318887092,-1.083040718967542,stop_loss,1
2021-04-26 14:30:00,2021-04-26 15:00:00,long,1777.0449999999998,1774.010623035181,1774.2356230351809,,2.8578162435653374,-8.671691779159868,-1.080088931751602,stop_loss,2
2021-04-26 15:15:00,2021-04-26 15:30:00,long,1772.395,1773.785,1769.0853293762,,2.4192751500198457,3.3627924585278275,0.4199813691442714,first_green,1
2021-04-27 11:00:00,2021-04-27 11:15:00,long,1778.355,1778.435,1775.8627734003671,,3.216164564344609,0.2572931651473347,0.032099809869500444,first_green,1
2021-04-28 10:15:00,2021-04-28 10:30:00,long,1767.2849999999999,1768.505,1764.9662019022526,,3.456986667686528,4.217523734578444,0.5261346389689946,first_green,1
2021-04-28 12:30:00,2021-04-28 12:45:00,long,1764.715,1766.115,1761.9510994731006,,2.9040835009031016,4.065716901264606,0.5065305304495481,first_green,1
2021-04-28 15:30:00,2021-04-28 15:45:00,long,1764.655,1769.355,1761.6204135372589,,2.648387946507638,12.44742334858602,1.548810705414725,first_green,1
2021-04-29 09:15:00,2021-04-29 09:30:00,long,1781.805,1779.2836392216125,1779.5086392216124,,3.513333290161361,-8.858380759216278,-1.0979811195686273,stop_loss,1
2021-04-29 09:45:00,2021-04-29 10:15:00,long,1779.645,1781.115,1777.2028062676145,,3.29447034047269,4.8428714004949445,0.6019178497211877,first_green,2
2021-04-29 12:30:00,2021-04-29 13:00:00,long,1776.205,1773.225806132248,1773.4508061322479,,2.925662601271488,-8.716116080819306,-1.0816935955868463,stop_loss,2
2021-04-30 09:30:00,2021-04-30 10:00:00,short,1771.015,1770.995,1773.376616322084,,3.4027761538507115,0.06805552307772604,0.008468776156899945,first_green,2
2021-04-30 14:00:00,2021-04-30 14:15:00,short,1769.785,1772.6401077002986,1772.4151077002987,,3.0554725356785903,-8.723703164666539,-1.0855478275564021,stop_loss,1
2021-04-30 14:30:00,2021-04-30 14:45:00,short,1772.105,1770.635,1774.7279755170941,,3.055466028560682,4.491535061984286,0.5604322230306507,first_green,1
2021-05-03 09:30:00,2021-05-03 09:45:00,short,1776.605,1778.912661280971,1778.687661280971,,3.8535509817230285,-8.89269039476976,-1.108034850436651,stop_loss,1
2021-05-03 10:00:00,2021-05-03 10:15:00,short,1779.575,1777.405,1781.8535956963476,,3.512430797058218,7.621974829616589,0.9523409543335993,first_green,1
2021-05-03 12:45:00,2021-05-03 13:30:00,short,1776.9550000000002,1779.9361931378128,1779.7111931378129,,2.9107048141539478,-8.67737321815392,-1.0816343371997748,stop_loss,3
2021-05-03 13:45:00,2021-05-03 14:00:00,short,1780.9950000000001,1778.365,1783.700984412981,,2.9566952283774808,7.776108450633097,0.9719198630205756,first_green,1
2021-05-03 15:30:00,2021-05-03 15:45:00,short,1784.805,1784.825,1788.3427060021613,,2.267065569651924,-0.04534131139299724,-0.005653381029334658,first_green,1
2021-05-04 12:15:00,2021-05-04 13:00:00,long,1785.095,1782.0780320615256,1782.3030320615255,,2.8725609664967555,-8.66642433723377,-1.080588317974327,stop_loss,3
2021-05-04 13:15:00,2021-05-04 13:30:00,long,1782.615,1783.625,1779.7256651840178,,2.768260713395407,2.795943320529336,0.3495614265308461,first_green,1
2021-05-05 15:30:00,2021-05-05 15:45:00,long,1773.5349999999999,1781.555,1770.5931744886561,,2.7212429446822983,21.824368416352602,2.72619839928472,first_green,1
2021-05-06 07:15:00,2021-05-06 07:45:00,long,1788.495,1788.445,1786.0769618969098,,3.3332737097778535,-0.1666636854887411,-0.020677920639901183,first_green,2
2021-05-06 13:30:00,2021-05-06 13:45:00,long,1791.635,1791.815,1789.1185255937232,,3.2027212988755047,0.5764898337977947,0.07152864322843727,first_green,1
2021-05-06 14:15:00,2021-05-06 14:30:00,long,1790.615,1793.335,1787.864552015091,,2.9307979819545262,7.971770510916391,0.988929808861676,first_green,1
2021-05-07 15:30:00,2021-05-07 15:45:00,long,1818.665,1838.415,1816.0762523055341,,3.1215621542395495,61.6508525462311,7.629171449276836,first_green,1
2021-05-10 10:15:00,2021-05-10 10:30:00,long,1834.245,1834.7250000000001,1831.500378477384,,3.000436997752626,1.4402097589219973,0.1748875012620136,first_green,1
2021-05-11 15:30:00,2021-05-11 15:45:00,long,1838.455,1835.3302917919239,1835.5552917919238,,2.841204664226661,-8.877935535133068,-1.0775940142436562,stop_loss,1
2021-05-11 16:00:00,2021-05-11 16:15:00,long,1826.855,1822.651935269567,1822.876935269567,,2.0654439290509057,-8.68119453088076,-1.0565601656198829,stop_loss,1
2021-05-12 11:15:00,2021-05-12 11:30:00,long,1831.175,1831.2150000000001,1828.3961643707976,,2.9489929430872737,0.11795971772405418,0.014394518185903784,first_green,1
2021-05-13 08:45:00,2021-05-13 09:00:00,long,1816.815,1818.935,1814.095932192648,,3.0139232047295805,6.389517194026382,0.7796789746352157,first_green,1
2021-05-13 10:45:00,2021-05-13 11:00:00,long,1818.155,1815.0324314409206,1815.2574314409205,,2.833767410633868,-8.848633020189032,-1.077651311923191,stop_loss,1
2021-05-13 13:00:00,2021-05-13 13:15:00,long,1811.5449999999998,1811.615,1808.0344333621715,,2.332647294600831,0.16328531062244003,0.01993980095574152,first_green,1
2021-05-17 15:30:00,2021-05-17 16:00:00,long,1846.7849999999999,1843.8517155911193,1844.0767155911192,,3.023804278704754,-8.869677946231047,-1.0830784238398732,stop_loss,2
2021-05-18 12:45:00,2021-05-18 13:15:00,long,1868.2849999999999,1868.585,1865.810658718399,,3.300736179519001,0.9902208538563008,0.12124439026701031,first_green,2
2021-05-18 14:30:00,2021-05-18 14:45:00,long,1865.735,1869.9750000000001,1863.3258003893663,,3.39101139844674,14.37788832941498,1.7599205899278885,first_green,1
2021-05-19 11:00:00,2021-05-19 11:30:00,long,1868.105,1864.742398154412,1864.967398154412,,2.615235605229401,-8.79399607279173,-1.071710819623686,stop_loss,2
2021-05-19 11:45:00,2021-05-19 12:15:00,long,1864.145,1860.55853452815,1860.7835345281499,,2.4345283745928805,-8.73135195571655,-1.0669350918175788,stop_loss,2
2021-05-19 12:30:00,2021-05-19 13:15:00,long,1859.965,1855.9625274629539,1856.1875274629538,,2.160639054685566,-8.647898478848138,-1.0595636362126541,stop_loss,3
2021-05-19 13:30:00,2021-05-19 13:45:00,long,1856.655,1857.4750000000001,1852.6232913856056,,2.0190285866107396,1.655603441021137,0.2033877143483362,first_green,1
2021-05-19 14:45:00,2021-05-19 15:00:00,long,1853.205,1862.4750000000001,1849.1218896394278,,1.9946249879976947,18.490173638739048,2.2703280541996445,first_green,1
2021-05-20 10:00:00,2021-05-20 10:15:00,long,1871.235,1871.145,1867.6816215749507,,2.304989339246321,-0.20744904053198024,-0.02532800879452382,first_green,1
2021-05-20 12:45:00,2021-05-20 13:15:00,long,1866.745,1867.7050000000002,1863.1115632360554,,2.254058979838679,2.1638966206457266,0.2642126621072893,first_green,2
2021-05-24 09:30:00,2021-05-24 10:00:00,long,1883.195,1880.6239844704096,1880.8489844704095,,3.4933232127527307,-8.981388229865692,-1.0959072935204268,stop_loss,2
2021-05-24 11:45:00,2021-05-24 12:15:00,long,1878.315,1879.155,1875.5283864406292,,2.932928036949363,2.463659551037225,0.30144115145609723,first_green,2
2021-05-24 14:30:00,2021-05-24 14:45:00,long,1880.655,1880.7050000000002,1878.11252172458,,3.2169778064074843,0.1608488903209594,0.019665851418895864,first_green,1
2021-05-25 08:30:00,2021-05-25 08:45:00,long,1876.805,1874.3141515918708,1874.5391515918707,,3.609905357383602,-8.99172701293636,-1.0993005530258144,stop_loss,1
2021-05-25 09:00:00,2021-05-25 09:15:00,long,1875.2549999999999,1877.2050000000002,1872.773987852174,,3.2877787386656903,6.411168540398993,0.7859695494474342,first_green,1
2021-05-25 11:15:00,2021-05-25 11:30:00,long,1880.865,1882.385,1877.430729964702,,2.379849815926034,3.617371720207528,0.44259769452524306,first_green,1
2021-05-25 14:15:00,2021-05-25 15:00:00,long,1882.455,1883.7050000000002,1879.6788157342278,,2.9472432509334374,3.684054063667467,0.45025829712083715,first_green,3
2021-05-26 08:45:00,2021-05-26 09:00:00,long,1903.915,1901.2020885376671,1901.427088537667,,3.2924405067544824,-8.932099589823181,-1.090437301892136,stop_loss,1
2021-05-26 09:15:00,2021-05-26 09:30:00,long,1900.985,1905.365,1898.3856018513557,,3.142639087855712,13.764759204808362,1.6850054318475878,first_green,1
2021-05-27 11:15:00,2021-05-27 11:30:00,long,1898.745,1895.6866507839788,1895.9116507839788,,2.895295108155138,-8.854823524175826,-1.0794113195534278,stop_loss,1
2021-05-27 11:45:00,2021-05-27 12:00:00,long,1894.925,1895.335,1891.870020318839,,2.6780031030914837,1.0979812722677276,0.1342071119256216,first_green,1
2021-05-27 14:30:00,2021-05-27 14:45:00,long,1893.495,1894.575,1890.4197560767238,,2.661249066218147,2.8741489915160106,0.3511916540427251,first_green,1
2021-05-28 09:00:00,2021-05-28 09:30:00,long,1891.245,1888.818332487034,1889.043332487034,,3.7204415941331166,-9.028274750369816,-1.1021952673030093,stop_loss,2
2021-05-28 09:45:00,2021-05-28 10:00:00,long,1889.155,1890.595,1886.7949823156025,,3.4612472435348773,4.984196030690412,0.6101649193225016,first_green,1
2021-05-28 14:30:00,2021-05-28 15:00:00,long,1891.485,1888.9265740664005,1889.1515740664004,,3.506031658039792,-8.969922317949639,-1.0964247447326623,stop_loss,2
2021-05-28 15:15:00,2021-05-28 15:30:00,long,1885.0049999999999,1891.2350000000001,1881.907329892085,,2.6337989859701465,16.408567682594658,2.0111889849348428,first_green,1
2021-05-31 07:15:00,2021-05-31 08:30:00,long,1907.625,1905.1287609204942,1905.353760920494,,3.6102151826686657,-9.01196022440274,-1.0990648681726878,stop_loss,5
2021-05-31 09:45:00,2021-05-31 10:00:00,long,1903.805,1904.265,1901.302707807516,,3.2678565406161786,1.503214008683561,0.18383144917356775,first_green,1
2021-05-31 13:00:00,2021-05-31 14:00:00,long,1904.825,1902.2641550294154,1902.4891550294153,,3.502325730425253,-8.968913232108683,-1.0963248857836592,stop_loss,4
2021-06-01 08:00:00,2021-06-01 08:15:00,long,1910.875,1910.7450000000001,1908.8093957133765,,3.9496759919195785,-0.5134578789490782,-0.06293557814618164,first_green,1
2021-06-02 09:45:00,2021-06-02 10:00:00,long,1895.865,1898.7250000000001,1893.0796012156802,,2.928551581520738,8.375657523149684,1.0267829569325206,first_green,1
2021-06-02 12:15:00,2021-06-02 12:30:00,long,1896.355,1896.2250000000001,1893.2556228604867,,2.638634406420689,-0.3430224728343776,-0.04194391135642678,first_green,1
2021-06-02 14:15:00,2021-06-02 14:30:00,long,1895.0249999999999,1897.9750000000001,1892.4026075607844,,3.118246331223369,9.198826677109789,1.1249269773226005,first_green,1
2021-06-03 08:45:00,2021-06-03 09:00:00,long,1901.115,1899.0630116447576,1899.2880116447575,,4.488404453029867,-9.21015367123555,-1.1231534943034938,stop_loss,1
2021-06-03 09:15:00,2021-06-03 09:30:00,long,1898.885,1896.4979284079798,1896.7229284079797,,3.7821306728724324,-9.028216686522104,-1.1040668592244263,stop_loss,1
2021-06-03 09:45:00,2021-06-03 10:00:00,long,1896.985,1897.545,1894.6365556170845,,3.472369540762293,1.9445269428274843,0.23845572161473608,first_green,1
2021-06-03 10:45:00,2021-06-03 11:00:00,long,1896.405,1893.694907850363,1893.919907850363,,3.2833905422616803,-8.898290932775494,-1.0905399021250677,stop_loss,1
2021-06-04 13:00:00,2021-06-04 13:15:00,short,1870.905,1871.0149999999999,1874.0651667120321,,2.5749534992735494,-0.28324488491983285,-0.03480829020224831,first_green,1
2021-06-04 15:45:00,2021-06-04 16:00:00,short,1882.7050000000002,1887.4997693078205,1887.2747693078206,,1.7805218760820465,-8.537191643340973,-1.049236621116706,stop_loss,1
2021-06-07 13:45:00,2021-06-07 14:00:00,short,1886.635,1886.205,1889.2763762947554,,3.0723495392259808,1.3211103018673673,0.1627939195387818,first_green,1
2021-06-08 10:30:00,2021-06-08 11:00:00,long,1894.705,1891.8465728714482,1892.071572871448,,3.0828777944326577,-8.81218152161606,-1.0854399947355446,stop_loss,2
2021-06-08 11:15:00,2021-06-08 11:30:00,long,1890.945,1891.765,1888.10057419773,,2.846445689532143,2.3340854654168233,0.28828313937590194,first_green,1
2021-06-09 09:15:00,2021-06-09 09:45:00,long,1893.085,1890.806226695736,1891.031226695736,,3.9450988874509325,-8.989986027404596,-1.1095544476757802,stop_loss,2
2021-06-09 10:00:00,2021-06-09 10:15:00,long,1891.715,1891.545,1889.5420262574823,,3.718343970092705,-0.6321184749151849,-0.07823380313969479,first_green,1
2021-06-09 11:45:00,2021-06-09 12:45:00,long,1889.375,1889.915,1886.8177998828983,,3.1590345481559075,1.705878656004075,0.21116845583911006,first_green,4
2021-06-09 14:15:00,2021-06-09 14:30:00,long,1888.995,1891.345,1886.559359937829,,3.318449363124934,7.798356003344048,0.9648387857052806,first_green,1
2021-06-10 12:15:00,2021-06-10 12:30:00,short,1883.515,1880.815,1886.704734338999,,2.5400372702084475,6.858100629562924,0.8464654773874966,first_green,1
2021-06-11 11:15:00,2021-06-11 12:15:00,long,1896.235,1893.4980724632321,1893.723072463232,,3.2322546076078438,-8.846446641406443,-1.0895726475809964,stop_loss,4
2021-06-11 12:30:00,2021-06-11 12:45:00,long,1892.055,1892.445,1888.9654280193724,,2.620775074625901,1.0221022791037677,0.12623107745838857,first_green,1
2021-06-11 14:15:00,2021-06-11 14:30:00,long,1888.5149999999999,1889.2050000000002,1885.3750541762263,,2.5795440266721164,1.7798853784044875,0.21974901438619085,first_green,1
2021-06-11 15:30:00,2021-06-11 16:00:00,long,1886.955,1883.3099039653373,1883.5349039653372,,2.369546973272178,-8.63722627622125,-1.0657876263471935,stop_loss,2
2021-06-14 12:30:00,2021-06-14 12:45:00,short,1860.575,1858.455,1864.1307031114104,,2.273104612026723,4.818981777496922,0.5962252566017027,first_green,1
2021-06-15 07:15:00,2021-06-15 07:45:00,short,1864.905,1864.605,1867.783520713078,,2.8120459787600858,0.8436137936278979,0.10422019846408254,first_green,2
2021-06-16 15:30:00,2021-06-16 16:00:00,short,1857.4850000000001,1857.2549999999999,1860.2171429159941,,2.9634766113714575,0.681599620616163,0.08418300472271091,first_green,2
2021-06-18 10:45:00,2021-06-18 11:00:00,short,1788.7450000000001,1792.4493728397633,1792.2243728397634,,2.327530277000999,-8.62203994184904,-1.0646668265695884,stop_loss,1
2021-06-18 13:00:00,2021-06-18 13:15:00,short,1794.2050000000002,1791.7949999999998,1798.1927368438521,,2.02540710331016,4.8812311189781115,0.6043528182447377,first_green,1
2021-06-21 11:15:00,2021-06-21 11:30:00,short,1783.935,1783.7849999999999,1788.6940596810011,,1.6997041747047648,0.2549556262058693,0.03151883146137277,first_green,1
2021-06-22 12:15:00,2021-06-22 12:30:00,short,1779.905,1778.815,1783.3581242837795,,2.3426990550360656,2.5535419699891198,0.31565617406822394,first_green,1
2021-06-22 13:15:00,2021-06-22 13:45:00,short,1782.075,1785.7205079307848,1785.495507930785,,2.3669042771666966,-8.62856831381963,-1.0657797042289798,stop_loss,2
2021-06-22 14:00:00,2021-06-22 14:15:00,short,1784.625,1784.495,1787.8872233687807,,2.475135059096416,0.32176755768280424,0.0398501222338731,first_green,1
2021-06-23 15:15:00,2021-06-23 15:30:00,short,1785.665,1781.5449999999998,1788.7602278733277,,2.6089348442333233,10.7488115582416,1.331081318924219,first_green,1
2021-06-24 11:30:00,2021-06-24 11:45:00,short,1780.7450000000001,1779.895,1783.6357221969777,,2.8028012816084256,2.382381089367544,0.29404416684829504,first_green,1
2021-06-24 14:30:00,2021-06-24 14:45:00,short,1783.615,1786.586112335373,1786.361112335373,,2.952565241685435,-8.772403010564972,-1.0819340116213219,stop_loss,1
2021-06-24 15:00:00,2021-06-24 15:15:00,short,1787.335,1784.645,1790.2203213503983,,2.8025110002195928,7.538754590590857,0.9323051658106449,first_green,1
2021-06-25 10:30:00,2021-06-25 10:45:00,short,1783.2450000000001,1782.7849999999999,1785.6284171382433,,3.400576248314722,1.5642650742256692,0.19300020656028594,first_green,1
2021-06-25 14:30:00,2021-06-25 15:30:00,short,1784.645,1787.2183388139736,1786.9933388139737,,3.453037664143709,-8.885835847253666,-1.0958124094619814,stop_loss,4
2021-06-28 07:45:00,2021-06-28 08:15:00,short,1780.685,1783.5484768600065,1783.3234768600066,,3.064907600964539,-8.776291993420255,-1.0852764727295505,stop_loss,2
2021-06-28 08:30:00,2021-06-28 09:00:00,short,1783.545,1782.7549999999999,1786.1542506054793,,3.090828851887415,2.4417547929916483,0.30276892466413363,first_green,2
2021-06-28 13:30:00,2021-06-28 14:00:00,short,1778.165,1777.5249999999999,1781.167649320564,,2.687910101565454,1.7202624650021594,0.21314510343149248,first_green,2
2021-06-29 08:45:00,2021-06-29 09:00:00,short,1778.045,1777.235,1779.9761951967707,,4.18142718554199,3.3869560202897344,0.4194293779078641,first_green,1
2021-06-29 12:45:00,2021-06-29 13:00:00,short,1771.675,1771.575,1774.4965974509357,,2.8649088422357263,0.2864908842233121,0.03544091662215833,first_green,1
2021-06-30 14:45:00,2021-06-30 15:00:00,short,1760.685,1760.5049999999999,1763.9131610478037,,2.5043161087413526,0.4507768995736029,0.05575929990312177,first_green,1
2021-07-01 09:15:00,2021-07-01 09:30:00,short,1777.605,1777.745,1780.0608954649674,,3.2922666177008875,-0.46091732647770506,-0.05700568366892244,first_green,1
2021-07-02 11:15:00,2021-07-02 11:30:00,short,1781.2350000000001,1784.0066886553195,1783.7816886553196,,3.174440010824481,-8.79855936499419,-1.088350022500761,stop_loss,1
2021-07-02 11:45:00,2021-07-02 12:15:00,short,1783.045,1781.5149999999999,1785.7960988915765,,2.9305794818326207,4.483786607204496,0.5561414039622025,first_green,2
2021-07-02 13:45:00,2021-07-02 14:00:00,short,1786.665,1786.7749999999999,1789.6492244374408,,2.705400883851765,-0.2975940972234235,-0.03686049836594453,first_green,1
2021-07-05 09:45:00,2021-07-05 10:30:00,short,1789.505,1792.0703945332114,1791.8453945332114,,3.449324176272319,-8.848877385082394,-1.0961376369697713,stop_loss,3
2021-07-05 11:00:00,2021-07-05 11:15:00,short,1792.4650000000001,1792.335,1795.167871148219,,2.9785575450992927,0.3872124808632331,0.0480970023620151,first_green,1
2021-07-05 14:00:00,2021-07-05 14:15:00,short,1792.925,1791.155,1795.5130839829476,,3.1110370977956756,5.50653566309829,0.6839036181446022,first_green,1
2021-07-07 07:45:00,2021-07-07 08:30:00,long,1798.495,1801.835,1795.9305118709412,,3.145029813524317,10.504399577171675,1.302404157053427,first_green,3
2021-07-07 12:15:00,2021-07-07 12:30:00,long,1803.735,1805.305,1800.7721169323147,,2.731006400324568,4.287680048510019,0.5298892882825622,first_green,1
2021-07-07 16:00:00,2021-07-07 16:15:00,long,1804.695,1801.2794261579563,1801.5044261579562,,2.5394716507150044,-8.673752942793485,-1.0705202296323555,stop_loss,1
2021-07-09 07:30:00,2021-07-09 07:45:00,long,1803.745,1800.998561075474,1801.223561075474,,3.204792057592756,-8.801765651983935,-1.089234761076838,stop_loss,1
2021-07-09 08:00:00,2021-07-09 08:30:00,long,1801.445,1802.4650000000001,1798.9676878660973,,3.252994612431302,3.3180545046806085,0.41173656966405764,first_green,2
2021-07-09 14:15:00,2021-07-09 14:45:00,long,1801.575,1798.030041894807,1798.255041894807,,2.4298433611373462,-8.613692917413282,-1.067771939545852,stop_loss,2
2021-07-12 13:00:00,2021-07-12 13:15:00,long,1802.075,1799.1465282223137,1799.3715282223136,,2.975967419104752,-8.715036598162365,-1.0832263173068732,stop_loss,1
2021-07-12 13:30:00,2021-07-12 13:45:00,long,1799.7949999999998,1800.175,1796.9175932120966,,2.7885026097458265,1.0596309917037183,0.13206335704692232,first_green,1
2021-07-13 09:00:00,2021-07-13 09:15:00,long,1806.7649999999999,1810.695,1804.8400474243256,,4.169612029032125,16.38657527409652,2.0416087386586206,first_green,1
2021-07-13 11:15:00,2021-07-13 11:30:00,long,1807.135,1808.565,1804.496836460343,,3.0579119648064714,4.372814109673449,0.5420437279585841,first_green,1
2021-07-15 13:15:00,2021-07-15 13:30:00,long,1827.955,1824.994205701336,1825.219205701336,,2.9527819003981923,-8.742579815896669,-1.08224302540209,stop_loss,1
2021-07-16 11:15:00,2021-07-16 11:30:00,long,1822.095,1824.365,1819.7256556809355,,3.400243423441429,7.7185525712119825,0.9580709657666782,first_green,1
2021-07-16 14:00:00,2021-07-16 14:15:00,long,1819.805,1816.81510398624,1817.04010398624,,2.9207766874433725,-8.732818574870127,-1.0813773823247412,stop_loss,1
2021-07-19 08:45:00,2021-07-19 09:00:00,long,1811.055,1808.475548605347,1808.700548605347,,3.4206744688161637,-8.823463529241783,-1.095563663157744,stop_loss,1
2021-07-19 09:15:00,2021-07-19 09:45:00,long,1806.425,1803.4193505831818,1803.6443505831817,,2.8884450755843876,-8.681653256941578,-1.0809163494826193,stop_loss,2
2021-07-19 10:00:00,2021-07-19 10:15:00,long,1803.735,1805.065,1800.9292212941873,,2.8548398935379184,3.796937058405873,0.47402170286803313,first_green,1
2021-07-19 15:15:00,2021-07-19 15:30:00,long,1798.805,1795.0422356380775,1795.2672356380774,,2.266838744477788,-8.52958004194631,-1.063599487411205,stop_loss,1
2021-07-20 11:15:00,2021-07-20 12:00:00,long,1813.7849999999999,1815.505,1811.2666427584888,,3.175966158611884,5.4626617928132495,0.6829849124059366,first_green,3
2021-07-21 07:45:00,2021-07-21 08:00:00,long,1806.7849999999999,1806.9850000000001,1804.693598262994,,3.8308632373456524,0.7661726474701758,0.09562964229273882,first_green,1
2021-07-21 10:30:00,2021-07-21 10:45:00,long,1809.085,1806.1919147263804,1806.4169147263804,,3.0035732139711118,-8.689593433578086,-1.084330138254787,stop_loss,1
2021-07-21 11:00:00,2021-07-21 11:15:00,long,1807.5049999999999,1804.4627223916239,1804.6877223916238,,2.8368043862945953,-8.63034646376694,-1.079864334040407,stop_loss,1
2021-07-21 11:30:00,2021-07-21 11:45:00,long,1803.7749999999999,1807.155,1800.7101534907367,,2.60061624182537,8.790082897370034,1.102828474373663,first_green,1
2021-07-21 13:45:00,2021-07-21 14:15:00,long,1802.405,1802.325,1799.1846927301456,,2.4818950951522964,-0.19855160761200313,-0.02484234990518288,first_green,2
2021-07-21 15:00:00,2021-07-21 15:15:00,long,1800.7549999999999,1797.355462526503,1797.580462526503,,2.517522160515667,-8.558410925031689,-1.0708764668485897,stop_loss,1
2021-07-22 08:30:00,2021-07-22 08:45:00,short,1800.095,1798.925,1801.8814301206226,,4.461731986933677,5.2202264247127275,0.6549374568272265,first_green,1
2021-07-22 09:45:00,2021-07-22 10:30:00,short,1801.7050000000002,1801.395,1803.8347237642358,,3.7486659592824156,1.1620864473781967,0.14555878335302636,first_green,3
2021-07-22 14:45:00,2021-07-22 15:00:00,short,1797.825,1795.105,1800.513229634132,,2.9709248392995726,8.08091556289492,1.0118183229084257,first_green,1
2021-07-22 15:45:00,2021-07-22 16:00:00,short,1803.2250000000001,1803.2549999999999,1807.2424391290203,,1.9929936025299542,-0.05978980807539109,-0.007467443571960706,first_green,1
2021-07-23 11:00:00,2021-07-23 11:15:00,short,1809.025,1805.7749999999999,1811.5312218207232,,3.194681708525095,10.382715552707285,1.296772685133878,first_green,1
2021-07-23 16:00:00,2021-07-23 16:15:00,short,1802.685,1800.845,1806.8802262163154,,1.914685259596608,3.523020877657602,0.43859375040232246,first_green,1
2021-07-26 08:45:00,2021-07-26 09:00:00,short,1808.365,1807.635,1810.3782508054514,,3.994209428587997,2.9157728828693106,0.36259764457728805,first_green,1
2021-07-26 10:30:00,2021-07-26 10:45:00,short,1810.175,1808.065,1812.7727891313727,,3.098263321011125,6.537335607333164,0.812229127652435,first_green,1
2021-07-27 10:30:00,2021-07-27 10:45:00,short,1797.395,1799.9820983159882,1799.7570983159883,,3.414327873604029,-8.833201892032603,-1.0952542908468095,stop_loss,1
2021-07-27 14:45:00,2021-07-27 15:00:00,short,1797.775,1800.4960531959268,1800.271053195927,,3.2222450742903495,-8.76790025745696,-1.0901423096138632,stop_loss,1
2021-07-27 15:15:00,2021-07-27 16:30:00,short,1802.4750000000001,1801.215,1805.3188928066922,,2.8204211305797853,3.5537306245311453,0.4430546738735185,first_green,5
2021-07-29 11:00:00,2021-07-29 11:15:00,long,1816.2749999999999,1817.285,1813.7449590529372,,3.1738062188211997,3.2055442810101047,0.39920302522092804,first_green,1
2021-07-30 16:00:00,2021-07-30 16:15:00,long,1822.995,1824.2050000000002,1820.245905058344,,2.923825376333067,3.5378287053637822,0.4401448570093642,first_green,1
2021-08-02 07:45:00,2021-08-02 08:15:00,long,1810.425,1811.345,1808.1698911528088,,3.568217176810764,3.2827598026661624,0.40796256958769855,first_green,2
2021-08-02 09:30:00,2021-08-02 11:00:00,long,1808.485,1808.525,1805.9056205311717,,3.122815049501667,0.12491260198066312,0.015507605795731695,first_green,6
2021-08-03 09:30:00,2021-08-03 10:00:00,long,1809.375,1809.585,1807.416374009399,,4.112698056593108,0.8636665918847023,0.10721801967695055,first_green,2
2021-08-03 15:15:00,2021-08-03 15:30:00,long,1808.735,1809.435,1806.4938203985337,,3.5951587576227935,2.516611130336119,0.31233552167889184,first_green,1
2021-08-04 11:45:00,2021-08-04 12:15:00,long,1812.125,1812.165,1810.0592264679776,,3.9034714475930112,0.15613885790357845,0.019363206750356576,first_green,2
2021-08-05 11:45:00,2021-08-05 12:00:00,long,1808.965,1810.315,1806.6869525454126,,3.5399079726582827,4.7788757630891645,0.5926127646207049,first_green,1
2021-08-05 15:30:00,2021-08-05 16:00:00,long,1810.305,1810.905,1807.6485829457376,,3.0401948831929873,1.8241169299155158,0.22586814786374157,first_green,2
2021-08-06 09:15:00,2021-08-06 09:30:00,short,1801.275,1800.645,1803.084978962961,,4.464463948852186,2.8126122877773643,0.34807034385056806,first_green,1
2021-08-06 15:00:00,2021-08-06 15:30:00,short,1799.4950000000001,1780.165,1801.7543604232217,,3.5796047748360342,69.1937602975811,8.555518544685365,first_green,2
2021-08-09 08:30:00,2021-08-09 08:45:00,short,1743.045,1742.5149999999999,1750.8549288673364,,1.0577051212760595,0.5605837142765232,0.06786233383210856,first_green,1
2021-08-09 10:45:00,2021-08-09 11:00:00,short,1751.365,1746.5349999999999,1757.7321644153594,,1.2975953941347533,6.267385753671059,0.7585794373942694,first_green,1
2021-08-09 14:30:00,2021-08-09 14:45:00,short,1746.2350000000001,1744.315,1751.5813436013768,,1.5482865114246902,2.972710101935518,0.3591239439802683,first_green,1
2021-08-11 12:15:00,2021-08-11 13:15:00,short,1733.105,1735.930800087684,1735.705800087684,,3.1855979619278005,-9.001863000141554,-1.0865118395932778,stop_loss,4
2021-08-11 13:30:00,2021-08-11 13:45:00,short,1735.785,1738.577019716406,1738.3520197164062,,3.218751592907758,-8.98681790961169,-1.0876502812042739,stop_loss,1
2021-08-11 14:00:00,2021-08-11 14:15:00,short,1737.2350000000001,1737.365,1739.89151189833,,3.101861415194181,-0.40324198397487676,-0.0489363514921997,first_green,1
2021-08-12 10:45:00,2021-08-12 11:00:00,short,1756.325,1754.945,1758.9297039470055,,3.1631708705114616,4.365175801306163,0.5298106917627512,first_green,1
2021-08-13 09:30:00,2021-08-13 09:45:00,short,1758.595,1756.975,1760.6754712567881,,3.965465306987112,6.424053797319591,0.7786697339434229,first_green,1
2021-08-13 12:45:00,2021-08-13 13:15:00,short,1758.4550000000002,1760.9994697432448,1760.774469743245,,3.563787261956961,-9.067948859410325,-1.097004929965221,stop_loss,2
2021-08-13 13:30:00,2021-08-13 14:15:00,short,1759.7350000000001,1759.625,1762.0693968753312,,3.5312876488290437,0.38844164137164444,0.04712137904336669,first_green,3
2021-08-13 16:00:00,2021-08-13 16:30:00,short,1762.625,1765.6154884807952,1765.3904884807953,,2.981172409387277,-8.915161749537102,-1.0813599483644223,stop_loss,2
2021-08-16 15:30:00,2021-08-16 15:45:00,short,1775.885,1778.930177875273,1778.7051778752732,,2.9154579663720264,-8.878088095484834,-1.0797822016734007,stop_loss,1
2021-08-17 14:45:00,2021-08-17 15:00:00,long,1793.465,1791.0338042204132,1791.2588042204131,,3.7167666209335826,-9.0361873225224,-1.1019855092108153,stop_loss,1
2021-08-17 15:45:00,2021-08-17 16:15:00,long,1790.335,1787.1094873838824,1787.3344873838823,,2.725309109043785,-8.790518914040977,-1.074987186786447,stop_loss,2
2021-08-18 11:15:00,2021-08-18 11:30:00,long,1787.935,1787.935,1785.5926257687556,,3.481658890556088,0.0,0.0,first_green,1
2021-08-18 13:45:00,2021-08-18 14:00:00,long,1786.925,1784.5791294203673,1784.8041294203672,,3.8452832273402535,-9.02053679337248,-1.1060885101432587,stop_loss,1
2021-08-18 14:15:00,2021-08-18 14:45:00,long,1785.095,1786.825,1782.9104993471535,,3.7229545867337763,6.440711435049501,0.7919429997632389,first_green,2
2021-08-19 15:00:00,2021-08-19 15:15:00,long,1786.955,1787.505,1783.609668374186,,2.4359015533602637,1.339745854348588,0.1644082146463906,first_green,1
2021-08-20 11:00:00,2021-08-20 11:30:00,long,1785.565,1783.0043859628377,1783.2293859628376,,3.490408834143427,-8.93758985614329,-1.096334409889598,stop_loss,2
2021-08-20 12:00:00,2021-08-20 13:00:00,long,1782.715,1779.8864372262756,1780.1114372262755,,3.1226072118825976,-8.832490516494278,-1.0864200403657038,stop_loss,4
2021-08-20 13:15:00,2021-08-20 13:30:00,long,1780.575,1783.9950000000001,1778.017292826381,,3.1699573552266584,10.841254154875402,1.3371350853901287,first_green,1
2021-08-20 16:00:00,2021-08-20 16:15:00,long,1782.2949999999998,1783.085,1779.321983278477,,2.7362529595024587,2.161639838007465,0.2657233624961113,first_green,1
2021-08-23 09:00:00,2021-08-23 10:30:00,long,1786.415,1786.545,1784.107706891337,,3.528086601545605,0.4586512582013137,0.056343079911267815,first_green,6
2021-08-24 10:30:00,2021-08-24 12:15:00,long,1802.2749999999999,1802.885,1800.1686543499034,,3.865213921696308,2.35778049223524,0.2896010918113942,first_green,7
2021-08-25 07:45:00,2021-08-25 08:00:00,long,1793.735,1794.125,1791.564815690868,,3.7542299737423024,1.4641496897598736,0.17970823876987335,first_green,1
2021-08-25 10:15:00,2021-08-25 10:30:00,long,1793.075,1793.9750000000001,1790.6340215143027,,3.339247520563023,3.0053227685070247,0.36870460156595275,first_green,1
2021-08-25 14:30:00,2021-08-25 14:45:00,long,1791.135,1794.005,1788.6121438300238,,3.233852472497746,9.281156596068913,1.1375995326864787,first_green,1
2021-08-26 09:30:00,2021-08-26 10:00:00,long,1785.235,1785.635,1783.5326885315453,,4.806257671489202,1.9225030685961177,0.2349746256266634,first_green,2
2021-08-26 11:30:00,2021-08-26 12:00:00,long,1784.7749999999999,1785.415,1782.6818397007855,,3.9110974038960094,2.503102338493837,0.3057577578938048,first_green,2
2021-08-26 15:45:00,2021-08-26 16:00:00,long,1782.425,1785.915,1779.2065937295595,,2.545611361526557,8.884183651727708,1.0843876461632531,first_green,1
2021-08-27 10:45:00,2021-08-27 11:00:00,long,1800.705,1798.3741284303585,1798.5991284303584,,3.901008088812059,-9.092748847153283,-1.106844122520829,stop_loss,1
2021-08-27 11:30:00,2021-08-27 11:45:00,long,1796.0049999999999,1796.9650000000001,1793.4718859917994,,3.2340787380796474,3.1047155885573146,0.3789801788993414,first_green,1
2021-08-27 14:00:00,2021-08-27 14:15:00,long,1794.655,1794.595,1792.5290306294073,,3.8570884686539513,-0.2314253081190266,-0.028222419772312726,first_green,1
2021-08-30 09:15:00,2021-08-30 09:30:00,long,1813.495,1813.4950000000001,1811.1649367868308,,3.5189918172229366,8.001261033366374e-13,9.758262100279503e-14,first_green,1
2021-08-30 10:45:00,2021-08-30 11:00:00,long,1813.225,1814.195,1811.012872334644,,3.706600441360643,3.595402428119925,0.43849187150958724,first_green,1
2021-08-31 12:15:00,2021-08-31 13:00:00,long,1814.815,1815.2350000000001,1812.832120921585,,4.139668412551918,1.738660733272107,0.21181321875452266,first_green,3
2021-08-31 15:45:00,2021-08-31 16:00:00,long,1810.895,1808.2521715074909,1808.4771715074908,,3.3967705170578038,-8.977081904995316,-1.093058709787312,stop_loss,1
2021-09-01 10:30:00,2021-09-01 11:00:00,long,1812.975,1810.3550896263039,1810.5800896263038,,3.419904946695249,-8.95984444690125,-1.093949236042876,stop_loss,2
2021-09-01 11:15:00,2021-09-01 11:30:00,long,1809.885,1810.885,1807.2795342233928,,3.13493514139119,3.13493514139119,0.38380853395902226,first_green,1
2021-09-01 14:45:00,2021-09-01 15:00:00,long,1811.465,1812.395,1809.236037248908,,3.667985728620125,3.41122672761695,0.4172344286796351,first_green,1
2021-09-02 14:15:00,2021-09-02 14:30:00,long,1815.165,1815.255,1813.5358010960974,,5.023531263031111,0.452117813673531,0.05524187365002654,first_green,1
2021-09-02 15:30:00,2021-09-02 15:45:00,long,1812.945,1813.635,1810.9452709926916,,4.09328558623162,2.8243670545000414,0.345046752574138,first_green,1
2021-09-03 10:45:00,2021-09-03 11:00:00,long,1812.0349999999999,1812.565,1810.4315627346389,,5.10935040403745,2.7079557141408706,0.3305399041482808,first_green,1
2021-09-06 11:45:00,2021-09-06 13:15:00,long,1825.415,1823.2793945032088,1823.5043945032087,,4.2914629643201065,-9.164871895877816,-1.117763714371062,stop_loss,6
2021-09-07 07:45:00,2021-09-07 08:00:00,long,1822.0149999999999,1820.225269836228,1820.450269836228,,5.225425276813824,-9.352101236449123,-1.1437947610452757,stop_loss,1
2021-09-07 08:15:00,2021-09-07 08:30:00,long,1821.445,1819.647732664911,1819.872732664911,,5.1855051072557,-9.319738945207428,-1.1431054344121268,stop_loss,1
2021-09-07 08:45:00,2021-09-07 09:00:00,long,1818.975,1817.0180960222956,1817.2430960222955,,4.694082959199655,-9.185869614531843,-1.1299148237410603,stop_loss,1
2021-09-08 10:30:00,2021-09-08 10:45:00,short,1799.105,1798.985,1801.4886546950706,,3.400969230753386,0.4081163076908084,0.050342862264520706,first_green,1
2021-09-08 14:30:00,2021-09-08 14:45:00,short,1799.075,1797.145,1801.221288952383,,3.77756991035312,7.290709926981762,0.8992265453620445,first_green,1
2021-09-09 10:30:00,2021-09-09 11:00:00,short,1791.035,1793.257297836963,1793.0322978369632,,4.068488529792036,-9.041393259465536,-1.1126522023085077,stop_loss,2
2021-09-09 11:15:00,2021-09-09 12:00:00,short,1793.795,1793.685,1795.9060617156733,,3.8385329035867195,0.4222386193950279,0.052106482337038726,first_green,3
2021-09-09 14:30:00,2021-09-09 14:45:00,short,1799.4750000000001,1799.085,1801.6569586412188,,3.714293800333457,1.44857458213042,0.1787384933118057,first_green,1
2021-09-10 08:45:00,2021-09-10 09:00:00,short,1802.525,1801.975,1805.088036183285,,3.1634578329385197,1.7399018081167612,0.21458924520341796,first_green,1
2021-09-10 11:30:00,2021-09-10 11:45:00,short,1802.785,1801.895,1805.386962242305,,3.1178033688345157,2.7748449982630308,0.34204954458206954,first_green,1
2021-09-10 14:45:00,2021-09-10 15:30:00,short,1797.365,1800.331801317065,1800.106801317065,,2.961317330544328,-8.785640156506002,-1.0820628389808948,stop_loss,3
2021-09-13 14:45:00,2021-09-13 15:15:00,short,1789.885,1789.225,1792.0446957068255,,3.7493150683921517,2.474547945139127,0.30559860720852056,first_green,2
2021-09-14 08:45:00,2021-09-14 09:00:00,short,1793.025,1792.925,1794.622580390645,,5.072399532479335,0.5072399532486255,0.06259465913935552,first_green,1
2021-09-15 11:15:00,2021-09-15 11:30:00,short,1802.375,1800.375,1804.5664495085748,,3.6983896251205106,7.396779250241021,0.9126379559165323,first_green,1
2021-09-15 14:15:00,2021-09-15 14:30:00,short,1802.795,1802.055,1804.9093794539885,,3.841943346209974,2.8430380761954157,0.3499844829669075,first_green,1
2021-09-15 15:30:00,2021-09-15 15:45:00,short,1805.9550000000002,1796.825,1808.4545895787653,,3.25270746000677,29.697219109862164,3.6525996417821958,first_green,1
2021-09-17 09:45:00,2021-09-17 10:00:00,short,1764.315,1763.175,1766.360493311804,,4.011099264041769,4.572653161008017,0.5573227707084061,first_green,1
2021-09-17 11:45:00,2021-09-17 12:00:00,short,1763.9750000000001,1766.734501136617,1766.509501136617,,3.241706319157089,-8.94549227229182,-1.0887748664813168,stop_loss,1
2021-09-17 12:15:00,2021-09-17 12:30:00,short,1766.065,1765.2849999999999,1768.660182102491,,3.157290816677677,2.46268683700922,0.3005569432879175,first_green,1
2021-09-20 08:15:00,2021-09-20 09:30:00,short,1749.085,1752.2255942469826,1752.0005942469827,,2.812428836893064,-8.832697825194247,-1.0771712319822146,stop_loss,5
2021-09-20 10:00:00,2021-09-20 10:15:00,short,1753.075,1751.175,1755.8231183864916,,2.975788682368566,5.653998496500546,0.6913821505432877,first_green,1
2021-09-20 12:00:00,2021-09-20 12:15:00,short,1757.405,1757.245,1760.3069389820378,,2.822924478866643,0.451667916618894,0.05513554936559249,first_green,1
2021-09-20 12:45:00,2021-09-20 13:45:00,short,1758.9750000000001,1757.185,1761.8184256353998,,2.8814130590800167,5.15772937575378,0.6295223542037938,first_green,4
2021-09-21 11:30:00,2021-09-21 11:45:00,short,1761.255,1763.7467175470176,1763.5217175470177,,3.6202031843798235,-9.020523798287892,-1.0992624777162683,stop_loss,1
2021-09-21 12:00:00,2021-09-21 12:45:00,short,1764.2250000000001,1766.9127819665612,1766.6877819665613,,3.3228385149067297,-8.931065438160752,-1.0913600972619129,stop_loss,3
2021-09-21 13:00:00,2021-09-21 13:45:00,short,1766.315,1766.215,1768.7397264355204,,3.3657813884312224,0.3365781388435814,0.04124176588963342,first_green,3
2021-09-21 15:15:00,2021-09-21 15:30:00,short,1768.855,1771.8837052986858,1771.6587052986858,,2.9111264147071636,-8.816943997367597,-1.0802509450994628,stop_loss,1
2021-09-22 08:45:00,2021-09-22 09:15:00,short,1778.2450000000001,1780.443729091995,1780.218729091995,,4.124121302705114,-9.067825487173605,-1.1139974077052723,stop_loss,2
2021-09-22 09:30:00,2021-09-22 09:45:00,short,1780.155,1779.395,1782.2982262445746,,3.7873876595601406,2.8784146212656725,0.354605586752148,first_green,1
2021-09-23 08:45:00,2021-09-23 09:00:00,short,1765.9850000000001,1763.735,1768.3289528842895,,3.466121150026318,7.798772587560003,0.9599169057881374,first_green,1
2021-09-23 11:30:00,2021-09-23 11:45:00,short,1769.185,1769.0249999999999,1772.4602176722196,,2.4865283512134084,0.3978445361943489,0.04885171491262927,first_green,1
2021-09-23 12:30:00,2021-09-23 13:00:00,short,1770.775,1774.5941160437387,1774.3691160437388,,2.2661806437494225,-8.65480685455336,-1.0626023192522902,stop_loss,2
2021-09-23 13:15:00,2021-09-23 13:30:00,short,1774.165,1772.175,1777.9535670364774,,2.1441561187542266,4.266870676320931,0.5252645606741888,first_green,1
2021-09-27 15:45:00,2021-09-27 16:00:00,short,1753.085,1753.115,1756.487983083579,,2.390240024558099,-0.07170720073667776,-0.008815794631697698,first_green,1
2021-09-29 13:15:00,2021-09-29 14:15:00,short,1742.945,1741.575,1745.6193237944128,,3.041429432836569,4.166758322985768,0.5122790302588088,first_green,4
2021-09-30 15:30:00,2021-09-30 15:45:00,short,1728.515,1732.1306793625322,1731.9056793625323,,2.401932806465031,-8.684618878524402,-1.0663583830680698,stop_loss,1
2021-09-30 16:00:00,2021-09-30 16:15:00,short,1737.055,1741.407422511571,1741.182422511571,,1.967928514006684,-8.565256365525002,-1.0545134401358556,stop_loss,1
2021-10-01 09:30:00,2021-10-01 10:00:00,short,1754.385,1757.293844231348,1757.068844231348,,3.01845361006319,-8.780211371223809,-1.0838349697690515,stop_loss,2
2021-10-01 13:00:00,2021-10-01 13:15:00,short,1754.815,1754.925,1757.768805510873,,2.7351525856365106,-0.3008667844197425,-0.037240095732432754,first_green,1
2021-10-04 15:00:00,2021-10-04 15:15:00,short,1753.415,1752.735,1756.433324566695,,2.6764373529305496,1.819977399992944,0.22529054943372775,first_green,1
2021-10-04 15:45:00,2021-10-04 16:00:00,short,1757.325,1751.415,1760.7921479857978,,2.331283980430096,13.77788832434206,1.704571026160074,first_green,1
2021-10-05 08:45:00,2021-10-05 09:00:00,long,1757.745,1758.445,1755.601982466894,,3.7878137497629867,2.651469624834263,0.3266422178942863,first_green,1
2021-10-05 11:45:00,2021-10-05 12:15:00,long,1757.075,1757.105,1754.1202995508866,,2.749510514468955,0.08248531543399362,0.010153313514056473,first_green,2
2021-10-05 13:30:00,2021-10-05 14:15:00,long,1756.145,1756.025,1753.5804053543168,,3.167824661455614,-0.3801389593743279,-0.04679102025026773,first_green,3
2021-10-06 07:15:00,2021-10-06 08:00:00,long,1753.325,1753.775,1751.2028346540753,,3.8278053279087008,1.7225123975590895,0.21204756776572573,first_green,3
2021-10-07 08:45:00,2021-10-07 09:00:00,long,1757.365,1760.065,1755.5552135081696,,4.490884496881977,12.125388141581542,1.4918886908417788,first_green,1
2021-10-07 11:30:00,2021-10-07 12:00:00,long,1762.905,1759.9019280501973,1760.1269280501972,,2.936517022088223,-8.818571899151264,-1.0809914228520547,stop_loss,2
2021-10-07 12:15:00,2021-10-07 12:30:00,long,1759.745,1761.085,1756.9591275241555,,2.9203810332229643,3.913310584519197,0.48099832695823747,first_green,1
2021-10-07 15:30:00,2021-10-07 15:45:00,long,1759.835,1756.768752160317,1756.993752160317,,2.8669066816795707,-8.790646419272745,-1.0791905573520841,stop_loss,1
2021-10-07 16:00:00,2021-10-07 16:30:00,long,1755.335,1756.7350000000001,1752.0668832402732,,2.4857177381037014,3.480004833345408,0.42838126753987854,first_green,2
2021-10-08 10:15:00,2021-10-08 10:30:00,long,1755.565,1756.395,1753.1129126114613,,3.3164869449357086,2.752684164296397,0.33848712076062637,first_green,1
2021-10-11 07:15:00,2021-10-11 07:30:00,long,1755.125,1756.385,1752.6432986440911,,3.279684520847703,4.132402496268075,0.5077162072704559,first_green,1
2021-10-11 10:15:00,2021-10-11 10:45:00,long,1755.165,1757.045,1752.6421052525727,,3.2302292978699505,6.07283107999586,0.7451757557136556,first_green,2
2021-10-11 12:00:00,2021-10-11 12:30:00,long,1753.2949999999998,1753.4750000000001,1750.6540614233527,,3.091594283365465,0.5564869710066834,0.06815758669738264,first_green,2
2021-10-11 16:00:00,2021-10-11 16:15:00,long,1751.065,1754.645,1748.2643416943183,,2.9157794105559076,10.438490289789938,1.2782708953595407,first_green,1
2021-10-12 08:15:00,2021-10-12 08:30:00,short,1759.935,1762.1510018698525,1761.9260018698526,,4.114610927030396,-9.117985508015142,-1.1130084322907043,stop_loss,1
2021-10-12 08:45:00,2021-10-12 09:30:00,short,1761.585,1760.825,1763.5904046734954,,4.073693052397521,3.0960067198220793,0.37897587955418854,first_green,3
2021-10-13 15:45:00,2021-10-13 16:00:00,long,1760.445,1764.2050000000002,1755.8604071004029,,1.7836137867730613,6.7063878382671,0.8201382505152613,first_green,1
2021-10-15 09:30:00,2021-10-15 09:45:00,long,1791.445,1791.615,1789.820356339841,,5.043511554563011,0.8573969642760788,0.1046383303422042,first_green,1
2021-10-15 10:30:00,2021-10-15 10:45:00,long,1790.125,1788.0102101317734,1788.2352101317733,,4.337017941661688,-9.171881601343035,-1.11906085633269,stop_loss,1
2021-10-15 11:00:00,2021-10-15 11:15:00,long,1786.945,1787.635,1784.798880164641,,3.808325483884103,2.6277445838802387,0.32151047142467065,first_green,1
2021-10-15 12:15:00,2021-10-15 12:30:00,long,1783.835,1781.0288567504801,1781.25385675048,,3.169019086192554,-8.89272151631893,-1.0871706752586292,stop_loss,1
2021-10-15 12:45:00,2021-10-15 13:00:00,long,1781.735,1783.285,1779.1018203613833,,3.097950591179826,4.801823416329293,0.588641951072691,first_green,1
2021-10-15 14:00:00,2021-10-15 14:15:00,long,1781.235,1782.125,1778.602103387798,,3.102843058407768,2.761530321983224,0.3380307437350525,first_green,1
2021-10-15 15:00:00,2021-10-15 15:15:00,long,1778.565,1775.5246930929536,1775.7496930929535,,2.904254872538389,-8.82982614880175,-1.0799202386911169,stop_loss,1
2021-10-15 15:30:00,2021-10-15 15:45:00,long,1774.2749999999999,1770.8157302689242,1771.040730268924,,2.5212165079369124,-8.72156795139445,-1.0695674815981016,stop_loss,1
2021-10-18 09:15:00,2021-10-18 09:30:00,long,1762.565,1765.315,1759.9805290625025,,3.14667508898538,8.653356494709795,1.064047561959692,first_green,1
2021-10-18 13:15:00,2021-10-18 13:30:00,long,1761.175,1762.2050000000002,1757.6922209618403,,2.3412693194501424,2.411507399034115,0.29574084049399807,first_green,1
2021-10-19 12:30:00,2021-10-19 13:00:00,long,1780.325,1777.7507034089774,1777.9757034089773,,3.4734449912143197,-8.941677599987653,-1.095773348013909,stop_loss,2
2021-10-19 13:15:00,2021-10-19 14:00:00,long,1778.945,1776.2846721536164,1776.5096721536163,,3.341561710079018,-8.889649667732254,-1.0923900247492444,stop_loss,3
2021-10-21 10:00:00,2021-10-21 11:15:00,long,1783.665,1784.105,1781.0432471424601,,3.095476423514168,1.3620096263464028,0.16782665030178945,first_green,5
2021-10-21 14:00:00,2021-10-21 14:15:00,long,1784.435,1781.8352510252555,1782.0602510252554,,3.418878908552732,-8.888226937285367,-1.0947468563594658,stop_loss,1
2021-10-21 14:30:00,2021-10-21 14:45:00,long,1778.0449999999998,1778.295,1775.0699868534089,,2.721587507872374,0.6803968769687123,0.08403324210069399,first_green,1
2021-10-26 10:15:00,2021-10-26 10:30:00,long,1803.2649999999999,1800.806995227333,1801.0319952273328,,3.626709493342383,-8.91446924371223,-1.1007610922976991,stop_loss,1
2021-10-26 10:45:00,2021-10-26 11:15:00,long,1801.7849999999999,1802.2050000000002,1799.4626387419348,,3.47756982534674,1.4605793266466747,0.1808504161623159,first_green,2
2021-10-28 12:00:00,2021-10-28 12:30:00,long,1801.0149999999999,1798.4645598397112,1798.6895598397111,,3.474535711946523,-8.86159541810551,-1.09675587608841,stop_loss,2
2021-10-28 12:45:00,2021-10-28 13:15:00,long,1798.605,1796.1175994780779,1796.3425994780778,,3.561558095613595,-8.85902146588533,-1.0994518865336622,stop_loss,2
2021-10-29 10:00:00,2021-10-29 10:15:00,long,1793.5149999999999,1796.415,1790.9596530816284,,3.144591946767426,9.11931664562582,1.1348752606351664,first_green,1
2021-10-29 11:30:00,2021-10-29 12:00:00,long,1792.825,1794.085,1789.9046357214154,,2.7593549515087825,3.476787238901041,0.43145302428183546,first_green,2
2021-10-29 14:30:00,2021-10-29 15:00:00,long,1794.155,1791.085937811804,1791.3109378118038,,2.8364406495399592,-8.705212746565433,-1.0791121941474189,stop_loss,2
2021-10-29 15:15:00,2021-10-29 15:30:00,long,1786.915,1783.287135704276,1783.5121357042758,,2.364258421548571,-8.577208713401,-1.0661207678139357,stop_loss,1
2021-10-29 15:45:00,2021-10-29 16:00:00,long,1783.7649999999999,1778.9755659899113,1779.2005659899112,,1.757897590157816,-8.419334504554632,-1.0492941730568555,stop_loss,1
2021-11-01 11:30:00,2021-11-01 12:00:00,short,1784.785,1787.6010416720765,1787.3760416720766,,3.088626206499587,-8.697700106970025,-1.086837661634208,stop_loss,2
2021-11-01 12:15:00,2021-11-01 12:30:00,short,1786.7150000000001,1786.395,1789.320398525347,,3.0632607190787193,0.9802434301056917,0.12282190109767147,first_green,1
2021-11-01 14:30:00,2021-11-01 15:15:00,short,1787.935,1791.2316380165164,1791.0066380165165,,2.599090623923698,-8.568260959198332,-1.073250818875811,stop_loss,3
2021-11-01 15:30:00,2021-11-01 16:00:00,short,1790.625,1794.2047524049804,1793.9797524049804,,2.373362905887581,-8.49605157024223,-1.0670690330725674,stop_loss,2
2021-11-02 10:15:00,2021-11-02 10:30:00,long,1792.395,1793.2350000000001,1790.1346646623772,,3.5131091636356615,2.951011697454467,0.37162627421627564,first_green,1
2021-11-02 12:45:00,2021-11-02 13:45:00,long,1792.335,1789.6933870880353,1789.9183870880352,,3.2889761853806125,-8.68820195844611,-1.093105519252137,stop_loss,4
2021-11-02 14:00:00,2021-11-02 14:15:00,long,1790.245,1791.345,1787.652256866703,,3.057172039160186,3.362889243076622,0.4242610792691282,first_green,1
2021-11-03 10:30:00,2021-11-03 10:45:00,short,1783.145,1781.895,1785.558656253162,,3.287489270500687,4.109361588125859,0.5178865044939115,first_green,1
2021-11-03 13:15:00,2021-11-03 14:30:00,short,1783.565,1776.2749999999999,1785.9901971278991,,3.2760810853344693,23.882631112088905,3.0059412144840474,first_green,5
2021-11-04 09:30:00,2021-11-04 09:45:00,short,1775.155,1774.945,1777.5425672665692,,3.3527218808792925,0.7040715949847733,0.08795563707898804,first_green,1
2021-11-04 12:15:00,2021-11-04 13:00:00,short,1777.2450000000001,1780.2593531164782,1780.0343531164783,,2.870417928940598,-8.65245322969672,-1.0806638638438117,stop_loss,3
2021-11-04 13:15:00,2021-11-04 14:00:00,short,1779.4750000000001,1782.3900148209011,1782.1650148209012,,2.968376977170851,-8.652862882474276,-1.08364266183654,stop_loss,3
2021-11-04 14:30:00,2021-11-04 14:45:00,short,1783.385,1786.9892474543656,1786.7642474543657,,2.3565441752769627,-8.493568344842021,-1.066582871789762,stop_loss,1
2021-11-04 15:00:00,2021-11-04 15:15:00,short,1792.435,1792.385,1796.4243001009581,,1.990853478943637,0.09954267394709132,0.012533526868020041,first_green,1
2021-11-04 15:45:00,2021-11-04 16:15:00,short,1794.355,1798.5798751172758,1798.354875117276,,1.9856522037209963,-8.389132587064724,-1.0562517562181153,stop_loss,2
2021-11-05 09:15:00,2021-11-05 09:45:00,short,1797.355,1796.725,1799.35358622838,,3.963495743779355,2.4970023185814263,0.3152228265431318,first_green,2
2021-11-05 11:30:00,2021-11-05 11:45:00,long,1794.565,1795.115,1792.0040145323242,,3.095539047611559,1.7025464761862168,0.21476107808572711,first_green,1
2021-11-08 08:45:00,2021-11-08 09:00:00,long,1817.485,1814.6215600478765,1814.8465600478764,,3.0062790988906976,-8.608299678997072,-1.0852776656216205,stop_loss,1
2021-11-08 09:15:00,2021-11-08 09:30:00,long,1816.235,1816.115,1813.456676775975,,2.847172735031821,-0.34166072820350774,-0.0431915188852824,first_green,1
2021-11-08 10:45:00,2021-11-08 11:45:00,long,1815.115,1815.855,1812.3514598591955,,2.8620941175931103,2.1179496470189276,0.26777248105561857,first_green,4
2021-11-09 09:45:00,2021-11-09 10:00:00,long,1821.465,1822.9550000000002,1819.0822666883266,,3.321734252033542,4.949384035530763,0.6253322571605268,first_green,1
2021-11-10 13:15:00,2021-11-10 13:30:00,long,1823.645,1824.875,1821.4249941736668,,3.570792572210914,4.39207486381949,0.5540525999572056,first_green,1
2021-11-11 14:30:00,2021-11-11 14:45:00,long,1856.805,1858.305,1853.3342997486443,,2.2871927643402694,3.430789146510404,0.4321894405643508,first_green,1
2021-11-12 10:00:00,2021-11-12 10:15:00,long,1856.595,1853.967071997207,1854.192071997207,,3.307105941469858,-8.690836311791555,-1.0936357642585968,stop_loss,1
2021-11-12 10:30:00,2021-11-12 11:00:00,long,1853.315,1850.3430875894287,1850.5680875894286,,2.88506118858483,-8.574149151612984,-1.081910147238041,stop_loss,2
2021-11-12 11:15:00,2021-11-12 11:30:00,long,1851.335,1852.195,1848.189651397221,,2.512781891431563,2.160992426630893,0.27341961372423657,first_green,1
2021-11-12 12:30:00,2021-11-12 12:45:00,long,1849.695,1846.3072775224393,1846.5322775224392,,2.500686528294177,-8.471631961235166,-1.071141240370051,stop_loss,1
2021-11-12 13:00:00,2021-11-12 13:15:00,long,1846.495,1848.265,1843.0705352106745,,2.303366773416293,4.0769591889473205,0.5168690901765404,first_green,1
2021-11-16 09:30:00,2021-11-16 09:45:00,long,1863.715,1863.785,1861.3459300204495,,3.333793800357579,0.2333655660255763,0.02954745980675814,first_green,1
2021-11-16 14:45:00,2021-11-16 15:00:00,long,1872.425,1876.585,1869.555774524309,,2.7528593661505973,11.45189496318671,1.449868626653816,first_green,1
2021-11-18 12:15:00,2021-11-18 12:30:00,long,1863.555,1860.5200377504534,1860.7450377504533,,2.8211069252052057,-8.56195301993243,-1.0800722500938233,stop_loss,1
2021-11-18 12:45:00,2021-11-18 13:00:00,long,1860.945,1863.155,1857.9362060195235,,2.6275641105742578,5.806916684369205,0.734513567343054,first_green,1
2021-11-19 09:15:00,2021-11-19 09:45:00,long,1858.145,1855.9196499001016,1856.1446499001015,,3.9594650812998258,-8.811196014214707,-1.1124803103273417,stop_loss,2
2021-11-19 11:15:00,2021-11-19 11:30:00,long,1852.825,1860.2150000000001,1850.3558088645104,,3.198735111010732,23.638652470369628,2.992882929872805,first_green,1
2021-11-22 08:15:00,2021-11-22 08:30:00,long,1845.955,1843.3628166517158,1843.5878166517157,,3.361541478327221,-8.713731844686313,-1.0950496716542852,stop_loss,1
2021-11-22 08:45:00,2021-11-22 09:00:00,long,1843.2549999999999,1840.6203368068366,1840.8453368068365,,3.29324060929588,-8.676579819542553,-1.0933740452351475,stop_loss,1
2021-11-22 12:30:00,2021-11-22 12:45:00,long,1842.165,1838.9307720663194,1839.1557720663193,,2.6298802906640186,-8.505632298301588,-1.074770009104862,stop_loss,1
2021-11-23 09:30:00,2021-11-23 09:45:00,short,1808.7450000000001,1807.815,1811.7440622890479,,2.6317043100370983,2.447485008334669,0.310096927094954,first_green,1
2021-11-26 08:15:00,2021-11-26 08:30:00,short,1798.125,1800.6204642646078,1800.3954642646079,,3.4789201432516963,-8.681520896908822,-1.0990986748865512,stop_loss,1
2021-11-26 08:45:00,2021-11-26 09:00:00,short,1802.2450000000001,1801.975,1804.6972370444835,,3.2121935683810703,0.8672922634635609,0.11010354835296672,first_green,1
2021-11-29 07:45:00,2021-11-29 09:00:00,short,1794.895,1793.905,1798.5354154174663,,2.164376146549152,2.14273238508368,0.2719469858440039,first_green,5
2021-11-29 10:45:00,2021-11-29 12:00:00,short,1797.025,1796.935,1800.5915858455844,,2.2106814374924633,0.1989613293746434,0.025234216670144617,first_green,5
2021-11-30 12:00:00,2021-11-30 12:15:00,short,1796.925,1795.685,1800.369736527219,,2.2890234028278007,2.8383890195064936,0.3599694752274964,first_green,1
2021-12-01 08:00:00,2021-12-01 08:15:00,short,1790.425,1786.555,1794.4344999207929,,1.9683697857183333,7.617591070729735,0.9652076509418095,first_green,1
2021-12-01 11:45:00,2021-12-01 12:30:00,short,1781.9750000000001,1786.4919437987442,1786.2669437987443,,1.843272616924893,-8.325958816413563,-1.0524237992272283,stop_loss,3
2021-12-01 13:00:00,2021-12-01 13:45:00,short,1786.075,1785.2849999999999,1790.1375989521985,,1.942206866443172,1.5343434244904768,0.19445680198698778,first_green,3
2021-12-02 12:00:00,2021-12-02 13:00:00,short,1773.085,1776.4972975287656,1776.2722975287656,,2.476782718864383,-8.451519550870083,-1.0705927193709612,stop_loss,4
2021-12-02 13:15:00,2021-12-02 14:30:00,short,1776.555,1779.9225742368283,1779.6975742368284,,2.5053074476276302,-8.436808815964634,-1.0715973539664077,stop_loss,5
2021-12-02 14:45:00,2021-12-02 15:00:00,short,1780.265,1776.7849999999999,1783.5097110232944,,2.4199451235681417,8.421409030017728,1.0725146168693647,first_green,1
2021-12-03 12:15:00,2021-12-03 12:45:00,short,1770.775,1770.495,1773.4894383737494,,2.900443869686787,0.8121242835128808,0.10315209315783809,first_green,2
2021-12-03 15:00:00,2021-12-03 15:15:00,short,1774.075,1769.945,1776.648208722578,,3.0604227252903047,12.639545855449292,1.6050000001020597,first_green,1
2021-12-06 08:15:00,2021-12-06 09:15:00,short,1783.855,1783.7849999999999,1786.2195011719941,,3.3439210814444427,0.23407447570165843,0.029604552888053373,first_green,4
2021-12-06 13:00:00,2021-12-06 13:15:00,short,1782.115,1781.965,1785.0387281966116,,2.704523119312003,0.4056784678970464,0.05130435865205633,first_green,1
2021-12-07 08:15:00,2021-12-07 08:45:00,short,1781.025,1783.1383361391165,1782.9133361391166,,4.187975082757343,-8.850599092110203,-1.119152514925218,stop_loss,2
2021-12-07 13:30:00,2021-12-07 14:00:00,short,1781.795,1784.3572455767314,1784.1322455767315,,3.3741333299637413,-8.64535820000144,-1.0962671626122247,stop_loss,2
2021-12-07 14:30:00,2021-12-07 15:15:00,short,1783.085,1778.405,1785.4902768616469,,3.269712909421685,15.302256416093693,1.9457219560145764,first_green,3
2021-12-08 12:00:00,2021-12-08 12:30:00,short,1789.525,1792.0492586194905,1791.8242586194906,,3.437116807700102,-8.676171728032347,-1.097857630321624,stop_loss,2
2021-12-08 12:45:00,2021-12-08 13:00:00,short,1791.895,1790.0149999999999,1794.377203420926,,3.1750540469563777,5.969101608278336,0.7573915917410048,first_green,1
2021-12-10 14:00:00,2021-12-10 15:00:00,short,1771.915,1774.1548439087335,1773.9298439087336,,3.91894019024216,-8.77781431380488,-1.1116711815861349,stop_loss,4
2021-12-10 15:15:00,2021-12-10 15:30:00,short,1775.325,1777.800534616167,1777.575534616167,,3.4987723266514674,-8.6613320087125,-1.099976244925803,stop_loss,1
2021-12-10 16:00:00,2021-12-10 16:30:00,short,1784.025,1780.365,1788.0787789911512,,1.9370703046059754,7.0896773148580285,0.902861258097535,first_green,2
2021-12-13 10:15:00,2021-12-13 11:00:00,short,1786.4750000000001,1786.2749999999999,1788.275082671679,,4.372120915502953,0.8744241831017836,0.11110600815558144,first_green,3
2021-12-13 13:30:00,2021-12-13 14:15:00,short,1787.645,1789.9544441410249,1789.729444141025,,3.7767215748311527,-8.722127513276023,-1.107942446416085,stop_loss,3
2021-12-13 14:30:00,2021-12-13 14:45:00,short,1789.4550000000002,1791.7903463169466,1791.5653463169467,,3.720033900177608,-8.68756746769579,-1.1066175718142126,stop_loss,1
2021-12-15 10:30:00,2021-12-15 10:45:00,short,1769.4550000000002,1768.7549999999999,1771.4711777165169,,3.883011332459588,2.7181079327227713,0.347191616227977,first_green,1
2021-12-15 14:00:00,2021-12-15 14:45:00,short,1769.7150000000001,1771.8895063627242,1771.6645063627243,,4.019292443021103,-8.739976990998118,-1.115413832086962,stop_loss,3
2021-12-16 08:00:00,2021-12-16 09:00:00,short,1783.4550000000002,1785.9471739823023,1785.7221739823024,,3.446487261161448,-8.58924588260225,-1.0992424938519414,stop_loss,4
2021-12-16 11:00:00,2021-12-16 11:15:00,short,1786.395,1785.635,1788.630057257762,,3.4864042552257377,2.649667233971529,0.3400360314531624,first_green,1
2021-12-16 13:15:00,2021-12-16 13:30:00,short,1787.835,1786.975,1789.9847238206567,,3.6278787197127174,3.119975698953399,0.40005138880465413,first_green,1
2021-12-16 15:15:00,2021-12-16 15:30:00,short,1788.795,1786.615,1791.7926234100426,,2.6043088719261167,5.6773933407991,0.7272427859672911,first_green,1
2021-12-17 12:00:00,2021-12-17 12:15:00,long,1806.915,1807.9650000000001,1804.4469440704925,,3.168862841118722,3.3273059831752345,0.42543606384548555,first_green,1
2021-12-17 16:00:00,2021-12-17 16:30:00,long,1807.0049999999999,1807.835,1803.7748184580148,,2.4237798674824935,2.0117372900108443,0.25695150232642544,first_green,2
2021-12-20 12:15:00,2021-12-20 13:00:00,long,1798.875,1796.4983607210895,1796.7233607210894,,3.641074231071238,-8.653520034992708,-1.1045714317475332,stop_loss,3
2021-12-20 14:00:00,2021-12-20 14:15:00,long,1795.7549999999999,1797.815,1793.5102170402608,,3.4803563075081247,7.169533993467338,0.9176833738258823,first_green,1
2021-12-20 15:30:00,2021-12-20 15:45:00,long,1794.7749999999999,1796.175,1791.875255616267,,2.7004340147450114,3.7806076206432615,0.48280117649467824,first_green,1
2021-12-21 08:30:00,2021-12-21 08:45:00,long,1789.685,1790.815,1787.7906818091435,,4.13870274001078,4.676734096212633,0.596520693014739,first_green,1
2021-12-22 09:15:00,2021-12-22 09:45:00,long,1786.7749999999999,1786.685,1785.2050688749193,,5.001309673242885,-0.45011787059145025,-0.05732735567956945,first_green,2
2021-12-23 12:30:00,2021-12-23 13:45:00,long,1805.605,1806.2150000000001,1803.8106869587327,,4.3752601953832695,2.6689087191843517,0.3399629752282783,first_green,5
2021-12-27 15:30:00,2021-12-27 15:45:00,long,1803.885,1808.345,1801.9929578656734,,4.152792666061946,18.52145529063643,2.357241373796008,first_green,1
2021-12-28 15:00:00,2021-12-28 15:15:00,long,1816.695,1818.525,1815.0531276542717,,4.813749593932708,8.8091617568976,1.114581169943836,first_green,1
2021-12-29 10:00:00,2021-12-29 10:15:00,long,1804.475,1802.6852153895659,1802.9102153895658,,5.06496880726087,-9.06520322356389,-1.143789757708243,stop_loss,1
2021-12-29 10:30:00,2021-12-29 10:45:00,long,1802.405,1804.035,1800.619165310391,,4.425338067322688,7.213301049736464,0.912738457531623,first_green,1
2021-12-29 12:00:00,2021-12-29 12:15:00,long,1802.965,1800.9143798047694,1801.1393798047693,,4.338775122662087,-8.89717988909466,-1.1232457882464906,stop_loss,1
2021-12-29 12:30:00,2021-12-29 12:45:00,long,1798.895,1796.6209193214593,1796.8459193214592,,3.8547591705360267,-8.766033350143603,-1.109805339709775,stop_loss,1
2021-12-29 13:00:00,2021-12-29 13:45:00,long,1795.975,1796.825,1793.6448488026867,,3.3803804072802204,2.8733233461886485,0.36478319560560984,first_green,3
2021-12-29 15:00:00,2021-12-29 15:15:00,long,1793.675,1790.9258760580935,1791.1508760580934,,3.1234523118577804,-8.586757531931177,-1.0891398382877993,stop_loss,1
2021-12-30 07:45:00,2021-12-30 09:00:00,long,1798.875,1796.9809263351524,1797.2059263351523,,4.710705125559013,-8.922422521183982,-1.1348053143121395,stop_loss,5
2021-12-30 09:45:00,2021-12-30 10:00:00,long,1796.975,1799.415,1795.2210580251358,,4.470049707452874,10.906921286185257,1.3911520648732323,first_green,1
2021-12-31 10:15:00,2021-12-31 10:30:00,long,1816.2849999999999,1817.645,1814.4663771712294,,4.326062001632968,5.883444322221387,0.747818612240561,first_green,1
2022-01-03 07:15:00,2022-01-03 07:30:00,long,1824.845,1825.105,1822.8269094899606,,3.9057632382888974,1.0154984419550779,0.12883465766602867,first_green,1
2022-01-03 13:45:00,2022-01-03 14:30:00,long,1823.875,1821.4751739097362,1821.7001739097361,,3.625449642642416,-8.70044864135079,-1.1034565480923622,stop_loss,3
2022-01-03 14:45:00,2022-01-03 15:00:00,long,1822.225,1819.9350866054763,1820.1600866054762,,3.8078940119262454,-8.71974750283626,-1.1089634076647583,stop_loss,1
2022-01-03 15:15:00,2022-01-03 15:30:00,long,1814.885,1811.8674216139057,1812.0924216139056,,2.8078610149104675,-8.472940709750711,-1.080570701657039,stop_loss,1
2022-01-04 13:15:00,2022-01-04 14:00:00,long,1804.455,1801.7749992522606,1801.9999992522605,,3.185330854510932,-8.536689071886405,-1.0916496665864936,stop_loss,3
2022-01-04 14:30:00,2022-01-04 14:45:00,long,1799.645,1801.065,1796.7686883020644,,2.7113361575310067,3.8500973436942267,0.4936878019928348,first_green,1
2022-01-05 09:00:00,2022-01-05 09:15:00,long,1813.2949999999998,1814.895,1811.5536272978393,,4.483975854573436,7.1743613673181095,0.9188153679077316,first_green,1
2022-01-05 14:30:00,2022-01-05 14:45:00,long,1817.5049999999999,1817.775,1815.2547733897986,,3.477964849513356,0.9390505093693337,0.11998791533980717,first_green,1
2022-01-06 07:15:00,2022-01-06 07:45:00,long,1805.5049999999999,1803.277860057272,1803.5028600572718,,3.910094650689649,-8.708327976397788,-1.1123797568781997,stop_loss,2
2022-01-06 09:00:00,2022-01-06 09:15:00,long,1802.335,1802.425,1799.8125377917174,,3.094906966065968,0.2785416269456838,0.0356794245338541,first_green,1
2022-01-06 10:00:00,2022-01-06 10:15:00,long,1801.165,1798.207540786892,1798.4325407868919,,2.857309699872364,-8.450376896590363,-1.0823434065989144,stop_loss,1
2022-01-06 10:30:00,2022-01-06 10:45:00,long,1797.845,1794.6187213927794,1794.8437213927793,,2.5943463739570567,-8.370084206017967,-1.0749680484372854,stop_loss,1
2022-01-06 11:00:00,2022-01-06 12:15:00,long,1795.665,1798.385,1792.5296628335698,,2.4767451311159396,6.736746756635424,0.8675303023620089,first_green,5
2022-01-07 11:45:00,2022-01-07 12:15:00,short,1792.405,1791.955,1794.7981023386546,,3.2519599360842064,1.4633819712380407,0.1880404330109099,first_green,2
2022-01-07 14:00:00,2022-01-07 14:15:00,short,1793.145,1793.305,1795.3499506799478,,3.531113622626099,-0.5649781796204649,-0.07256398134214351,first_green,1
2022-01-10 11:00:00,2022-01-10 12:00:00,short,1796.2450000000001,1798.8958373256394,1798.6708373256395,,3.2090028690121577,-8.506544583260897,-1.092751479096237,stop_loss,4
2022-01-10 12:15:00,2022-01-10 13:15:00,short,1799.585,1802.2764047497856,1802.0514047497857,,3.1475987779175614,-8.471462301306465,-1.091225902812369,stop_loss,4
2022-01-10 13:30:00,2022-01-10 13:45:00,short,1800.825,1800.745,1803.2726100708821,,3.163115731801134,0.25304925854457977,0.03268494477607844,first_green,1
2022-01-12 09:45:00,2022-01-12 10:00:00,long,1816.485,1817.385,1814.6370011787842,,4.189778940754354,3.7708010466792996,0.4870132976643516,first_green,1
2022-01-13 10:45:00,2022-01-13 11:00:00,long,1822.475,1819.83702042557,1820.06202042557,,3.212680964411553,-8.474986763277403,-1.093245712638517,stop_loss,1
2022-01-13 11:15:00,2022-01-13 11:30:00,long,1819.905,1821.4750000000001,1817.337532917966,,3.011117896495985,4.727455097499189,0.6114976160692887,first_green,1
2022-01-13 15:15:00,2022-01-13 15:30:00,long,1823.075,1820.5111673177191,1820.736167317719,,3.3105252786057844,-8.48763290480665,-1.0962018367985484,stop_loss,1
2022-01-14 11:00:00,2022-01-14 11:15:00,long,1824.575,1822.106995121621,1822.3319951216208,,3.4425005978757186,-8.496108269380358,-1.1003118638611664,stop_loss,1
2022-01-14 11:30:00,2022-01-14 11:45:00,long,1822.585,1823.4750000000001,1820.2532508956833,,3.3023730340154454,2.939112000274077,0.3816877203265409,first_green,1
2022-01-18 08:00:00,2022-01-18 08:15:00,long,1816.325,1816.635,1814.4209510622272,,4.048033110536325,1.25489026426604,0.1628109413839729,first_green,1
2022-01-20 12:00:00,2022-01-20 13:45:00,long,1838.725,1839.345,1836.391010199729,,3.303694972853514,2.048290883169569,0.26563954989355204,first_green,7
2022-01-21 10:00:00,2022-01-21 10:15:00,long,1838.245,1835.8054486184265,1836.0304486184264,,3.484186983086385,-8.499853168248578,-1.1016007132966306,stop_loss,1
2022-01-21 10:30:00,2022-01-21 10:45:00,long,1833.565,1830.5556929413985,1830.7806929413985,,2.7635822135215338,-8.316467462175929,-1.0808100526501965,stop_loss,1
2022-01-21 11:00:00,2022-01-21 11:30:00,long,1831.825,1833.065,1828.7519240157976,,2.4971300205159186,3.096441225439762,0.4035045037527216,first_green,2
2022-01-21 14:00:00,2022-01-21 14:15:00,long,1832.195,1836.2350000000001,1829.7006204100041,,3.0795679331849284,12.441454450067699,1.6196412190844671,first_green,1
2022-01-24 12:45:00,2022-01-24 13:00:00,long,1838.375,1839.285,1835.6869291832056,,2.8692380373612534,2.6110066139989754,0.3385327478408063,first_green,1
2022-01-25 11:15:00,2022-01-25 11:45:00,long,1837.835,1837.9650000000001,1835.4528044279361,,3.240389933440413,0.42125069134760734,0.05457150601933132,first_green,2
2022-01-26 13:15:00,2022-01-26 13:30:00,long,1844.925,1844.865,1842.8184187579895,,3.6648459237976994,-0.21989075542766198,-0.028482167600944124,first_green,1
2022-01-26 14:00:00,2022-01-26 14:15:00,long,1843.385,1844.9650000000001,1841.2667751498918,,3.6444412172049487,5.758217123184383,0.7459075932942034,first_green,1
2022-01-27 07:45:00,2022-01-27 08:45:00,long,1813.5249999999999,1810.4216500281302,1810.6466500281301,,2.687005252813621,-8.338717675732745,-1.0781697855364516,stop_loss,4
2022-01-27 09:00:00,2022-01-27 09:15:00,long,1810.975,1812.095,1808.2587572122004,,2.8396926571903878,3.18045577605357,0.41233427476763196,first_green,1
2022-01-27 12:15:00,2022-01-27 12:30:00,short,1816.055,1814.735,1819.129281680085,,2.5115609571884407,3.315260463489153,0.4293685931745016,first_green,1
2022-01-28 14:45:00,2022-01-28 15:15:00,short,1788.355,1791.8621554542235,1791.6371554542236,,2.355017639494447,-8.259412959145486,-1.0685525116460806,stop_loss,2
2022-01-31 07:45:00,2022-01-31 08:00:00,short,1789.155,1788.825,1791.1203205459556,,3.922457063671167,1.2944108310111997,0.16791154027216068,first_green,1
2022-01-31 10:30:00,2022-01-31 10:45:00,short,1791.165,1790.855,1793.6345344785327,,3.122904965279608,0.9681005392365081,0.1255297314917947,first_green,1
2022-01-31 13:00:00,2022-01-31 13:15:00,short,1791.7450000000001,1791.665,1794.2421245828182,,3.0893699855299874,0.24714959884287666,0.03203684772101873,first_green,1
2022-01-31 16:00:00,2022-01-31 16:15:00,short,1797.4850000000001,1797.055,1800.8917861066375,,2.2646445561266857,0.9737971591346191,0.12621866666718687,first_green,1
2022-02-01 11:15:00,2022-02-01 12:30:00,short,1804.7350000000001,1807.2448235863242,1807.0198235863243,,3.377763670410259,-8.47759092902415,-1.0984758741754292,stop_loss,5
2022-02-01 12:45:00,2022-02-01 13:45:00,short,1806.825,1806.385,1809.0217242443468,,3.5035804542450157,1.5415753998679982,0.20029824004190844,first_green,4
2022-02-02 11:45:00,2022-02-02 12:15:00,short,1801.045,1803.4676417243313,1803.2426417243314,,3.503871435960373,-8.488625137450025,-1.1023824755003544,stop_loss,2
2022-02-02 12:30:00,2022-02-02 13:00:00,short,1802.355,1802.095,1804.5077255351152,,3.567121017638051,0.9274514645858608,0.12077712451442378,first_green,2
2022-02-02 14:30:00,2022-02-02 14:45:00,short,1804.335,1804.475,1806.4970672676811,,3.5527808246297803,-0.49738931544771686,-0.06475284191783187,first_green,1
2022-02-04 10:30:00,2022-02-04 10:45:00,short,1808.605,1808.7549999999999,1810.3119018790442,,4.499442968092142,-0.6749164452132074,-0.08787851360493079,first_green,1
2022-02-04 12:15:00,2022-02-04 12:30:00,short,1813.045,1813.0349999999999,1815.0724371720396,,3.7872544075194403,0.03787254407602108,0.004932335333557415,first_green,1
2022-02-07 09:15:00,2022-02-07 09:30:00,short,1811.2350000000001,1811.2949999999998,1813.0741097581526,,4.175126042966086,-0.250507562576788,-0.03262448025940073,first_green,1
2022-02-07 10:00:00,2022-02-07 10:15:00,short,1812.875,1811.445,1814.7231611292498,,4.154339498172373,5.9407054823867576,0.7737420603475978,first_green,1
2022-02-07 14:00:00,2022-02-07 14:15:00,short,1813.445,1812.905,1815.5521168478906,,3.650837185244851,1.9714520800320867,0.2562743497307859,first_green,1
2022-02-07 15:30:00,2022-02-07 15:45:00,short,1816.185,1814.165,1818.609650062826,,3.1747546955965156,6.413004485104904,0.8331099118054216,first_green,1
2022-02-08 09:30:00,2022-02-08 09:45:00,long,1817.5149999999999,1815.5927974673075,1815.8177974673074,,4.544950608287658,-8.736315570212314,-1.1325710960629813,stop_loss,1
2022-02-08 13:30:00,2022-02-08 13:45:00,long,1817.875,1817.9850000000001,1815.758271008302,,3.6338430307284026,0.399722733380587,0.05196697377489421,first_green,1
2022-02-09 08:30:00,2022-02-09 08:45:00,long,1826.855,1827.335,1825.407821245902,,5.31576363975174,2.551566547080932,0.3316798278310539,first_green,1
2022-02-09 09:45:00,2022-02-09 10:00:00,long,1826.095,1826.765,1824.6139950501552,,5.198658598966922,3.4831012613082164,0.4523955170239312,first_green,1
2022-02-09 13:15:00,2022-02-09 13:45:00,long,1826.405,1826.7050000000002,1824.8599481086405,,4.988794819049704,1.4966384457158186,0.19416823582295528,first_green,2
2022-02-10 10:15:00,2022-02-10 10:30:00,long,1833.0349999999999,1831.2938464152433,1831.5188464152432,,5.086350449205136,-8.856117317961878,-1.1484018520696346,stop_loss,1
2022-02-10 10:45:00,2022-02-10 11:00:00,long,1831.065,1831.385,1829.3944134906944,,4.602903310162871,1.4729290592518256,0.19154949367629226,first_green,1
2022-02-10 14:30:00,2022-02-10 14:45:00,long,1831.245,1831.585,1829.6433724073067,,4.80338284089386,1.6331501659046115,0.2122840550145824,first_green,1
2022-02-10 15:30:00,2022-02-10 15:45:00,long,1830.225,1828.3002044545265,1828.5252044545264,,4.528376010960088,-8.71619797412478,-1.1323688608309819,stop_loss,1
2022-02-11 08:45:00,2022-02-11 09:00:00,long,1822.585,1823.345,1820.5262936734528,,3.72832335420891,2.8335257491987376,0.36916387257361283,first_green,1
2022-02-15 10:15:00,2022-02-15 10:30:00,long,1870.5049999999999,1867.084989194154,1867.309989194154,,2.404563601800687,-8.223633501501793,-1.0704222970351867,stop_loss,1
2022-02-15 10:45:00,2022-02-15 11:00:00,long,1864.5249999999999,1860.4303733357758,1860.6553733357757,,1.9800482765381546,-8.107558469564006,-1.0581451440988097,stop_loss,1
2022-02-15 11:15:00,2022-02-15 11:45:00,long,1856.825,1857.555,1852.2298882333985,,1.6630234691376942,1.214007132470547,0.15886447100282547,first_green,2
2022-02-15 13:45:00,2022-02-15 14:15:00,long,1853.225,1848.6550582526759,1848.8800582526758,,1.7594743896643714,-8.040695466674691,-1.0517843536425953,stop_loss,2
2022-02-15 14:30:00,2022-02-15 14:45:00,long,1849.7949999999998,1849.9650000000001,1844.9228418298574,,1.5649557596589072,0.2660424791424839,0.0348921348740467,first_green,1
2022-02-16 12:30:00,2022-02-16 13:30:00,long,1855.065,1855.175,1852.8942004231697,,3.512704340796579,0.38639747748727227,0.050672572988295646,first_green,4
2022-02-16 14:45:00,2022-02-16 15:00:00,long,1852.335,1852.275,1850.0210845309057,,3.2958607140519867,-0.19775164284293933,-0.02593007428375458,first_green,1
2022-02-17 13:30:00,2022-02-17 14:00:00,long,1884.405,1885.625,1879.8555462624795,,1.6762119478709876,2.0449785764026505,0.26816406328926545,first_green,2
2022-02-18 12:30:00,2022-02-18 13:30:00,long,1889.7749999999999,1890.4550000000002,1886.6218282553095,,2.420090554981361,1.6456615773880299,0.21565587131286254,first_green,4
2022-02-21 07:15:00,2022-02-21 07:30:00,long,1891.685,1893.025,1888.0418180835304,,2.09571618616879,2.8082596894664835,0.36781034566033666,first_green,1
2022-02-21 09:00:00,2022-02-21 09:15:00,long,1888.065,1890.2150000000001,1884.6251084377227,,2.2216095543624936,4.776460541879564,0.6250197022422127,first_green,1
2022-02-21 14:15:00,2022-02-21 14:30:00,long,1893.975,1894.905,1890.6708720572624,,2.316507485403092,2.1543519614250233,0.281466098201253,first_green,1
2022-02-23 11:00:00,2022-02-23 11:30:00,long,1893.235,1890.0893778511047,1890.3143778511046,,2.622531296929899,-8.249492533793543,-1.077038380361874,stop_loss,2
2022-02-25 13:30:00,2022-02-25 13:45:00,long,1903.895,1898.1544327953825,1898.3794327953824,,1.384952621782024,-7.9504136005509,-1.040793628588469,stop_loss,1
2022-02-25 15:15:00,2022-02-25 15:30:00,long,1890.715,1890.9950000000001,1883.163702292416,,1.0089554831081387,0.2825075352704807,0.03707971938637663,first_green,1
2022-02-28 09:30:00,2022-02-28 10:00:00,long,1900.815,1895.0300917775116,1895.2550917775116,,1.370459581449076,-7.927982901312787,-1.0404682938991399,stop_loss,2
2022-03-01 15:00:00,2022-03-01 15:15:00,long,1916.5349999999999,1918.615,1911.390513147269,,1.4772726135356886,3.0727270361544607,0.4043163214414779,first_green,1
2022-03-02 07:15:00,2022-03-02 07:30:00,long,1935.315,1937.115,1931.5911095483957,,2.042888064160553,3.6771985154889024,0.48336545432599076,first_green,1
2022-03-02 10:45:00,2022-03-02 11:00:00,long,1935.195,1936.515,1929.7350415174224,,1.3950077416187525,1.8414102189369816,0.24176008008343108,first_green,1
2022-03-02 12:00:00,2022-03-02 12:15:00,long,1933.105,1926.8743441444196,1927.0993441444195,,1.2690184154622044,-7.90681702113892,-1.0374646841927913,stop_loss,1
2022-03-03 11:30:00,2022-03-03 11:45:00,long,1924.365,1928.9650000000001,1919.4665318703649,,1.5518159216182088,7.138353239443973,0.9390690881850766,first_green,1
2022-03-03 16:00:00,2022-03-03 16:15:00,long,1926.305,1927.755,1920.8174367950985,,1.3884790814618926,2.013294668119807,0.26423385861048243,first_green,1
