entry_time,exit_time,direction,entry_price,exit_price,stop_price,take_profit,size_oz,pnl,r_multiple,exit_reason,bars_held
2019-01-03 10:15:00,2019-01-03 12:30:00,long,1288.34,1287.0298529753572,1287.1098529753572,1290.3082352394285,16.258219220428792,-21.30065753763312,-1.0650328768816562,stop_loss,9
2019-01-04 11:00:00,2019-01-04 11:15:00,long,1291.79,1290.5700654550628,1290.6500654550628,1293.6138952718993,17.507495297481416,-21.35799830872197,-1.070179468071418,stop_loss,1
2019-01-04 11:30:00,2019-01-04 14:30:00,long,1290.24,1291.39,1289.0264850097226,1292.1816239844438,16.410743046325834,18.872354503276203,0.9476603166947228,time_stop,12
2019-01-04 15:30:00,2019-01-04 15:45:00,long,1290.19,1289.1339682694595,1289.2139682694594,1291.7516507688651,20.442396259250863,-21.58781909805242,-1.0819645483816545,stop_loss,1
2019-01-04 16:00:00,2019-01-04 16:15:00,long,1287.75,1286.4064318241767,1286.4864318241766,1289.7717090813173,15.756373213613486,-21.16976161620567,-1.0633127689748894,stop_loss,1
2019-01-08 09:30:00,2019-01-08 10:00:00,long,1282.28,1283.6536668103847,1281.3902082435095,1283.7036668103847,22.327597542873125,30.670679700272856,1.5438070766162062,take_profit,2
2019-01-08 15:15:00,2019-01-08 16:45:00,long,1280.73,1282.184958251479,1279.7894010928258,1282.234958251479,21.186770942732778,30.825867205323643,1.546842379234659,take_profit,6
2019-01-09 11:30:00,2019-01-09 11:45:00,long,1281.93,1281.0128845518002,1281.0928845518001,1283.26938471712,23.87950834342038,-21.90026599716841,-1.0955662688724146,stop_loss,1
2019-01-09 12:00:00,2019-01-09 12:45:00,long,1281.1599999999999,1280.1790688227254,1280.2590688227253,1282.601489883639,22.139432290536188,-21.717259380943464,-1.0887970158186135,stop_loss,3
2019-01-10 11:15:00,2019-01-10 11:45:00,long,1293.4099999999999,1292.252056984885,1292.332056984885,1295.1347088241835,18.46356439984806,-21.379755430926796,-1.0742154259345518,stop_loss,2
2019-01-10 12:30:00,2019-01-10 13:00:00,long,1291.71,1293.329449235173,1290.666594228017,1293.3794492351728,19.033736731523774,30.824170392347582,1.5520800044022554,take_profit,2
2019-01-10 15:45:00,2019-01-10 16:00:00,long,1291.75,1290.6799180018893,1290.7599180018892,1293.334131196977,20.121120419193893,-21.531248742397185,-1.080801388321956,stop_loss,1
2019-01-11 08:45:00,2019-01-11 09:00:00,long,1291.8899999999999,1293.1567023214552,1291.0670610490904,1293.2067023214552,24.155493660142753,30.597819895202598,1.5392421516267272,take_profit,1
2019-01-14 14:30:00,2019-01-14 15:00:00,long,1294.05,1295.5001062110896,1293.112433618069,1295.5501062110895,21.26749917174011,30.840132643283955,1.546670442793634,take_profit,2
2019-01-15 10:00:00,2019-01-15 10:15:00,long,1289.6299999999999,1288.8286193615752,1288.9086193615751,1290.7842090214795,27.726516974632393,-22.219493874423886,-1.110898457400546,stop_loss,1
2019-01-15 10:30:00,2019-01-15 11:00:00,long,1287.93,1289.1590475746432,1287.1305952658481,1289.2090475746431,24.964742734326986,30.682856509213995,1.5374534602261987,take_profit,2
2019-01-15 15:15:00,2019-01-15 15:30:00,long,1289.82,1288.8529384208014,1288.9329384208013,1291.2392985267177,22.566978111946952,-21.823657490679008,-1.0901853962294228,stop_loss,1
2019-01-16 10:00:00,2019-01-16 10:15:00,long,1289.73,1291.0675694845663,1288.8627690721462,1291.1175694845663,23.03267939967927,30.807809112809885,1.54234522963387,take_profit,1
2019-01-16 12:15:00,2019-01-16 13:30:00,long,1289.45,1288.5086862041617,1288.5886862041616,1290.8281020733416,23.262448182970246,-21.897263399605084,-1.0928813637799122,stop_loss,5
2019-01-17 09:15:00,2019-01-17 09:45:00,long,1291.6,1292.6871807043296,1290.889262059794,1292.7371807043296,28.129176574388136,30.581498000358902,1.5296505826250326,take_profit,2
2019-01-17 15:15:00,2019-01-17 15:30:00,long,1292.32,1291.5486791367616,1291.6286791367615,1293.4261133811813,29.007711296650914,-22.374252917900627,-1.1157205058519126,stop_loss,1
2019-01-18 09:45:00,2019-01-18 10:00:00,long,1290.57,1289.8034090761164,1289.8834090761163,1291.6685454782137,29.142371115477538,-22.34027719757095,-1.1165177068572616,stop_loss,1
2019-01-18 10:15:00,2019-01-18 10:30:00,long,1289.69,1288.9125823156312,1288.9925823156311,1290.8058682949904,28.625897222558514,-22.25427873174232,-1.1147088778976355,stop_loss,1
2019-01-18 10:45:00,2019-01-18 11:15:00,long,1287.75,1286.8629918946003,1286.9429918946003,1289.0412129686397,24.68339321896794,-21.894369853991883,-1.0991315941743856,stop_loss,2
2019-01-18 11:30:00,2019-01-18 14:15:00,long,1284.5,1286.112552074381,1283.460904953512,1286.162552074381,19.12809585989859,30.845050657838634,1.5518812064702208,take_profit,11
2019-01-18 15:30:00,2019-01-18 17:00:00,long,1282.33,1284.0860913590577,1281.2011929005887,1284.1360913590577,17.662539302315743,31.017032647815302,1.555705452219196,take_profit,6
2019-01-22 07:45:00,2019-01-22 09:00:00,short,1278.98,1279.7158817468537,1279.6358817468538,1277.9305892050338,30.492743424126207,-22.439053297307442,-1.1219732068832278,stop_loss,5
2019-01-22 09:30:00,2019-01-22 10:00:00,short,1280.95,1281.8463416733823,1281.7663416733824,1279.6438533225885,24.444122317199156,-21.910285502159105,-1.097998182144082,stop_loss,2
2019-01-23 11:00:00,2019-01-23 11:15:00,short,1286.22,1285.1389162229937,1286.926927360629,1285.0889162229937,28.16546119825761,30.449223173338694,1.5292713752719571,take_profit,1
2019-01-24 12:15:00,2019-01-24 14:15:00,short,1280.06,1278.8472154910426,1280.8492403180983,1278.7972154910426,25.305136007558716,30.68967694702691,1.5366479399830602,take_profit,8
2019-01-25 07:45:00,2019-01-25 08:30:00,short,1282.43,1283.1550811973623,1283.0750811973624,1281.3978700842204,31.055335402638313,-22.51763977823017,-1.1240153957781502,stop_loss,3
2019-01-25 08:45:00,2019-01-25 09:00:00,short,1283.44,1284.2130051040676,1284.1330051040677,1282.3311918334919,28.84275678366958,-22.29559820915637,-1.115439265209391,stop_loss,1
2019-01-25 09:15:00,2019-01-25 09:45:00,short,1284.1200000000001,1284.929376849936,1284.849376849936,1282.9529970401027,27.34332255239096,-22.131052274235877,-1.109682669537631,stop_loss,2
2019-01-25 13:15:00,2019-01-25 14:15:00,short,1284.1100000000001,1284.9298454290943,1284.8498454290943,1282.9262473134495,26.896597022787564,-22.051052127319167,-1.1081306944044673,stop_loss,4
2019-01-25 15:45:00,2019-01-25 16:00:00,short,1288.82,1289.8883524616363,1289.8083524616363,1287.2386360613818,20.089212130224862,-21.46235923166001,-1.080942784183967,stop_loss,1
2019-01-28 08:30:00,2019-01-28 10:00:00,long,1301.4099999999999,1300.4567251765995,1300.5367251765995,1302.8072397174403,22.687356845619963,-21.627286090428107,-1.0916091908941348,stop_loss,6
2019-01-28 14:00:00,2019-01-28 14:45:00,long,1299.54,1300.8082677563361,1298.71608265229,1300.858267756336,23.99396374593353,30.430770565666577,1.5393143011992785,take_profit,3
2019-01-29 13:00:00,2019-01-29 14:45:00,long,1307.71,1309.1666568133094,1306.7683394916817,1309.2166568133093,21.058443395001532,30.674925049017986,1.5469023076168538,take_profit,7
2019-01-30 11:00:00,2019-01-30 11:30:00,long,1313.85,1312.7997088741747,1312.8797088741746,1315.4024658013204,20.50029504795316,-21.531277965663435,-1.0824494812645888,stop_loss,2
2019-01-30 11:45:00,2019-01-30 14:45:00,long,1313.37,1312.3570846926245,1312.4370846926245,1314.8626644918006,21.275448745434755,-21.550227705530578,-1.0857526930552694,stop_loss,12
2019-01-30 15:00:00,2019-01-30 15:15:00,long,1312.1,1311.1838060190537,1311.2638060190536,1313.437910369514,23.684804963644396,-21.69987574757611,-1.0956715807848725,stop_loss,1
2019-01-30 15:30:00,2019-01-30 15:45:00,long,1310.47,1311.9016063900401,1309.543996006225,1311.95160639004,21.340827611798005,30.551665177793968,1.5460045525330273,take_profit,1
2019-02-04 10:30:00,2019-02-04 13:30:00,long,1311.1,1310.69,1310.2579282466927,1312.4473148052914,23.540505724712105,-9.651607347128538,-0.4868943749622201,time_stop,12
2019-02-04 14:30:00,2019-02-04 15:00:00,long,1310.1299999999999,1311.2995500615982,1309.3677812115009,1311.3495500615982,25.98137439468027,30.386518023707563,1.5344020368501377,take_profit,2
2019-02-05 11:30:00,2019-02-05 12:15:00,long,1311.1399999999999,1312.2746411836938,1310.3995992601913,1312.3246411836938,26.829071991250537,30.441370001562163,1.5324690031877277,take_profit,3
2019-02-05 15:15:00,2019-02-05 15:30:00,long,1313.46,1314.8065281949644,1312.5871698781473,1314.8565281949643,22.828207908782836,30.738825589683596,1.5427150842434771,take_profit,1
2019-02-06 11:15:00,2019-02-06 11:30:00,long,1314.35,1313.5592038060722,1313.6392038060721,1315.4872739102843,28.118644011638562,-22.236116662811412,-1.1125498429554863,stop_loss,1
2019-02-06 11:45:00,2019-02-06 13:00:00,long,1313.77,1312.959925730746,1313.0399257307458,1314.9381188308064,27.315238665964667,-22.12737200183194,-1.109577892782958,stop_loss,5
2019-02-06 13:15:00,2019-02-06 14:00:00,long,1312.54,1311.7502236268604,1311.8302236268603,1313.6756421970233,28.034038490933852,-22.140621243825755,-1.1127115568049266,stop_loss,3
2019-02-07 10:15:00,2019-02-07 10:45:00,long,1303.55,1304.6265780658687,1302.845888708832,1304.6765780658686,28.196702951793267,30.35595192771632,1.528988498512758,take_profit,2
2019-02-11 10:15:00,2019-02-11 10:30:00,long,1311.05,1310.2967421323897,1310.3767421323896,1312.1272125881765,29.579051035236432,-22.280652908737633,-1.1188251988556455,stop_loss,1
2019-02-11 10:45:00,2019-02-11 11:00:00,long,1310.28,1309.5039256141524,1309.5839256141523,1311.3937190173563,28.545465720459735,-22.1534047777381,-1.11493024542558,stop_loss,1
2019-02-11 11:15:00,2019-02-11 11:30:00,long,1309.09,1308.2243542285294,1308.3043542285293,1310.347033234353,25.234604996902405,-21.844229110298276,-1.1018270611323697,stop_loss,1
2019-02-11 11:45:00,2019-02-11 12:00:00,long,1307.85,1306.9591115541912,1307.039111554191,1309.1474215132941,24.395183276530908,-21.73338691444802,-1.0986572202544234,stop_loss,1
2019-02-11 14:45:00,2019-02-11 15:15:00,long,1306.28,1305.3684539968037,1305.4484539968037,1307.610473605114,23.736877337667487,-21.6372556655101,-1.096206342995363,stop_loss,2
2019-02-11 16:00:00,2019-02-11 16:15:00,long,1304.8899999999999,1303.8223543944398,1303.9023543944397,1306.4702329688962,19.941394824510258,-21.290342553126777,-1.0810007147802323,stop_loss,1
2019-02-13 13:00:00,2019-02-13 13:15:00,long,1311.2,1310.4603320477488,1310.5403320477487,1312.2554687236022,29.79142796764853,-22.035764519470867,-1.1212731340470665,stop_loss,1
2019-02-13 13:30:00,2019-02-13 13:45:00,long,1310.62,1309.8663577350485,1309.9463577350484,1311.6978276239222,29.107999561807308,-21.93701871796468,-1.1187573941870925,stop_loss,1
2019-02-13 15:00:00,2019-02-13 15:30:00,long,1309.19,1310.3754489747573,1308.4178443907767,1310.4254489747573,25.337515498029546,30.03633177003542,1.53524621280633,take_profit,2
2019-02-14 10:45:00,2019-02-14 11:00:00,long,1306.56,1305.6168131241382,1305.696813124138,1307.941099001379,22.735027521742637,-21.44337958086411,-1.09267981504011,stop_loss,1
2019-02-14 15:45:00,2019-02-14 16:00:00,short,1312.42,1310.1364013029208,1313.8784991856746,1310.0864013029209,13.425918102866893,30.659409086799442,1.5657181844932462,take_profit,1
2019-02-15 11:15:00,2019-02-15 11:45:00,long,1314.4199999999998,1315.566757378695,1313.6720266383154,1315.616757378695,26.261643053573398,30.115732948343684,1.5331526995996836,take_profit,2
2019-02-15 14:30:00,2019-02-15 15:30:00,long,1317.4199999999998,1316.4204956819917,1316.5004956819917,1318.891206908813,21.428111340157223,-21.417489811245932,-1.0870033978450706,stop_loss,4
2019-02-18 10:00:00,2019-02-18 11:00:00,long,1321.9099999999999,1323.0415000026583,1321.1715624983385,1323.0915000026582,26.6243329735833,30.125432830387975,1.5322894627003136,take_profit,4
2019-02-20 07:45:00,2019-02-20 08:30:00,long,1342.4199999999998,1341.443157933921,1341.5231579339209,1343.854947305726,21.988996207874475,-21.479776486701553,-1.0892018818315345,stop_loss,3
2019-02-20 14:15:00,2019-02-20 15:00:00,long,1343.55,1345.0491089960612,1342.5818068774618,1345.0991089960612,20.32414482093524,30.4681083383166,1.5483574104836242,take_profit,3
2019-02-21 09:00:00,2019-02-21 09:30:00,long,1337.56,1338.9166502140845,1336.680843616197,1338.9666502140844,22.451788802801275,30.459224085901198,1.5431272968936809,take_profit,2
2019-02-21 11:00:00,2019-02-21 11:15:00,long,1336.0,1334.8085855500942,1334.8885855500941,1337.7782631198493,17.814733202025103,-21.224730558108945,-1.0719803490108522,stop_loss,1
2019-02-21 11:30:00,2019-02-21 11:45:00,long,1333.68,1332.3718416222753,1332.4518416222752,1335.64505340436,16.086770891415124,-21.04404411214405,-1.0651381787975305,stop_loss,1
2019-02-21 12:00:00,2019-02-21 12:30:00,long,1333.27,1335.1966429864124,1332.0345981334924,1335.2466429864123,15.95838154943153,30.746103886705136,1.5595273397626677,take_profit,2
2019-02-21 14:00:00,2019-02-21 14:15:00,long,1333.84,1335.5048324597858,1332.7682297126337,1335.5548324597858,18.4521877434948,30.719801109433398,1.553348212215361,take_profit,1
2019-02-22 11:30:00,2019-02-22 11:45:00,long,1323.96,1322.9375088880438,1323.0175088880437,1325.46798577913,21.048417232734078,-21.521819541217194,-1.0848814370608464,stop_loss,1
2019-02-22 12:15:00,2019-02-22 14:00:00,long,1321.96,1323.506561500273,1320.9621490623294,1323.556561500273,19.837534621881787,30.67996730653311,1.5498923154627016,take_profit,7
2019-02-22 15:15:00,2019-02-22 15:30:00,long,1322.25,1323.65574807786,1321.3401574513375,1323.7057480778599,21.823844672158295,30.678827699400102,1.5450454366268669,take_profit,1
2019-02-25 09:15:00,2019-02-25 10:30:00,long,1329.49,1328.5706150895278,1328.6506150895277,1330.8330158567558,23.728827937021805,-21.815926348489448,-1.095307884382761,stop_loss,5
2019-02-25 11:00:00,2019-02-25 12:00:00,long,1328.3899999999999,1329.7026567318633,1327.5383395425852,1329.7526567318632,23.335577092732116,30.63160236269213,1.5412911570980812,take_profit,4
2019-02-25 14:30:00,2019-02-25 15:00:00,long,1329.4199999999998,1328.4704785512904,1328.5504785512903,1330.8112343179353,22.926693177200256,-21.769386919732188,-1.092004630959544,stop_loss,2
2019-02-25 15:30:00,2019-02-25 15:45:00,long,1326.94,1328.7298080839898,1325.7901199475064,1328.7798080839898,17.298945788806403,30.961793017306714,1.5565172037799044,take_profit,1
2019-02-26 09:30:00,2019-02-26 09:45:00,long,1326.59,1325.7783386224019,1325.8583386224018,1327.7606582041567,27.27168180348132,-22.135370822029508,-1.1093401981426823,stop_loss,1
2019-02-26 10:00:00,2019-02-26 11:45:00,long,1324.9199999999998,1326.2075573290945,1324.0840266693158,1326.2575573290944,23.815790295388496,30.6641953430081,1.5401894795388391,take_profit,7
2019-02-26 13:30:00,2019-02-26 14:15:00,long,1325.43,1324.482457190042,1324.5624571900419,1326.818068495933,23.019836828291258,-21.812280873056565,-1.0922144695127867,stop_loss,3
2019-02-26 15:00:00,2019-02-26 15:15:00,long,1323.9199999999998,1325.3515186047036,1322.9940508720601,1325.4015186047036,21.52069564489775,30.807276201839105,1.5460013531078316,take_profit,1
2019-02-27 08:30:00,2019-02-27 08:45:00,long,1327.3799999999999,1326.56665419379,1326.64665419379,1328.5533532899356,27.256832654106073,-22.169230529779004,-1.1090890536531335,stop_loss,1
2019-02-27 10:15:00,2019-02-27 10:45:00,long,1325.84,1327.0118896874212,1325.0763189453617,1327.0618896874212,26.116066825620422,30.605149388950064,1.5345276412237392,take_profit,2
2019-02-27 15:00:00,2019-02-27 15:15:00,long,1326.3,1327.5877218008845,1325.4639238744471,1327.6377218008845,23.92791175796658,30.812493620376113,1.540196833192799,take_profit,1
2019-02-28 09:30:00,2019-02-28 10:00:00,short,1321.74,1322.5889965225972,1322.5089965225973,1320.5096055638442,26.095281516534424,-22.154803263732454,-1.1040316797919054,stop_loss,2
2019-02-28 10:45:00,2019-02-28 11:15:00,short,1323.8400000000001,1324.8000560143555,1324.7200560143556,1322.4319103770313,22.751814440526516,-21.8430162911246,-1.0909033046703518,stop_loss,2
2019-02-28 11:30:00,2019-02-28 12:00:00,short,1324.72,1325.7125630698029,1325.632563069803,1323.2598990883155,21.89348414857188,-21.73066383518604,-1.0876651736709069,stop_loss,2
2019-02-28 12:45:00,2019-02-28 13:15:00,short,1325.15,1326.1261918022929,1326.046191802293,1323.7160931163316,22.244929851654078,-21.71531816376222,-1.0892666054244793,stop_loss,2
2019-02-28 13:30:00,2019-02-28 14:15:00,short,1326.67,1325.196336215955,1327.6222898650283,1325.146336215955,20.888905647142213,30.783223740529266,1.5474949783293985,take_profit,3
2019-03-01 12:15:00,2019-03-01 12:30:00,short,1308.8,1309.9215352344008,1309.841535234401,1307.1335436249585,19.158122478940097,-21.486509385098863,-1.0768096914608367,stop_loss,1
2019-03-05 14:15:00,2019-03-05 15:00:00,short,1286.3600000000001,1287.3156536326678,1287.235653632668,1284.9589541877315,22.738313215642595,-21.7299516252646,-1.0913603244655075,stop_loss,3
2019-03-06 09:00:00,2019-03-06 10:00:00,short,1290.32,1288.9397217251046,1291.2139239218095,1288.8897217251047,22.224963646287275,30.67663448130855,1.5440668285296755,take_profit,4
2019-03-06 14:45:00,2019-03-06 15:00:00,short,1286.79,1287.7599443935255,1287.6799443935256,1285.3660889703592,22.393286680279317,-21.720242868147654,-1.0898932569067559,stop_loss,1
2019-03-07 15:00:00,2019-03-07 15:15:00,short,1287.57,1285.925525319506,1288.6290466753087,1285.875525319506,18.7766412110147,30.87771105623173,1.5527877277122288,take_profit,1
2019-03-08 08:00:00,2019-03-08 08:15:00,short,1290.6200000000001,1291.3483916720181,1291.2683916720182,1289.5825733247711,30.76395908667212,-22.408211597034633,-1.1233822139493745,stop_loss,1
2019-03-08 08:30:00,2019-03-08 09:30:00,short,1292.73,1293.6090213906687,1293.5290213906687,1291.4515657749303,24.908317448488475,-21.8949438427863,-1.1001224759864991,stop_loss,4
2019-03-08 09:45:00,2019-03-08 10:15:00,short,1294.25,1292.7564688546274,1295.2147069658579,1292.7064688546275,20.584995508520958,30.744331919330552,1.5481707899190071,take_profit,2
2019-03-08 11:15:00,2019-03-08 12:45:00,short,1294.71,1293.2173266102634,1295.6741708685854,1293.1673266102634,20.66021477322653,30.838952818239004,1.5481419718962113,take_profit,6
2019-03-08 15:45:00,2019-03-08 16:00:00,short,1297.44,1298.844680160726,1298.7646801607261,1295.3205117428383,15.084135568050167,-21.188385974141514,-1.060391936387179,stop_loss,1
2019-03-11 15:15:00,2019-03-11 15:30:00,short,1296.17,1294.6384304639994,1297.1584809600006,1294.5884304639994,20.17163624147087,30.894263558724212,1.549417336273113,take_profit,1
2019-03-12 11:45:00,2019-03-12 12:00:00,short,1296.6200000000001,1297.4984237436622,1297.4184237436623,1295.3425220101406,25.05069149387753,-22.005122203376146,-1.1001974210248147,stop_loss,1
2019-03-12 12:15:00,2019-03-12 12:30:00,short,1297.3600000000001,1296.1179705087436,1298.1675184320354,1296.0679705087437,24.714057101038087,30.695587768086842,1.5380819087015352,take_profit,1
2019-03-12 14:15:00,2019-03-12 14:30:00,short,1297.24,1298.1910541763123,1298.1110541763123,1295.8463133179002,22.981863079684405,-21.856996861370266,-1.0918427374272093,stop_loss,1
2019-03-13 10:30:00,2019-03-13 11:00:00,short,1306.1000000000001,1306.9263593720823,1306.8463593720824,1304.9058250046687,26.76289006132274,-22.11576502617832,-1.1071869705028823,stop_loss,2
2019-03-13 14:45:00,2019-03-13 15:00:00,long,1306.28,1307.63513988381,1305.4017875726186,1307.68513988381,22.694397926762825,30.754083769614116,1.5430661666343957,take_profit,1
2019-03-14 09:00:00,2019-03-14 10:00:00,long,1302.7,1301.7978270920005,1301.8778270920004,1304.0154766527996,24.316065713479254,-21.93729571583789,-1.0973031332236056,stop_loss,4
2019-03-14 11:15:00,2019-03-14 11:30:00,long,1301.47,1300.5147325560367,1300.5947325560367,1302.8704279103415,22.790903517444843,-21.771408148723577,-1.0914006348021732,stop_loss,1
2019-03-15 11:15:00,2019-03-15 13:15:00,long,1301.74,1303.4400421887874,1300.6462236320078,1303.4900421887874,18.198046358937752,30.937446563702977,1.5542868163335115,take_profit,8
2019-03-15 14:30:00,2019-03-15 15:00:00,long,1302.4099999999999,1301.2779077912169,1301.3579077912168,1304.0933475340526,18.97786883837368,-21.48469745122812,-1.076038962490239,stop_loss,2
2019-03-15 15:15:00,2019-03-15 15:30:00,long,1301.7,1303.4449950919513,1300.5781280675305,1303.4949950919513,17.75915590062126,30.98963988378199,1.5554316330119362,take_profit,1
2019-03-18 14:00:00,2019-03-18 14:30:00,long,1304.4199999999998,1305.668157901594,1303.6086513115035,1305.718157901594,24.632415276426027,30.745143762619364,1.5383742147995325,take_profit,2
2019-03-19 10:00:00,2019-03-19 10:15:00,long,1304.52,1305.6998945927608,1303.7513158795246,1305.7498945927607,26.079591840860463,30.771169394439276,1.5349537753310367,take_profit,1
2019-03-20 09:15:00,2019-03-20 09:30:00,long,1304.1599999999999,1303.4521506333126,1303.5321506333125,1305.1645589866996,32.027603311023796,-22.670718720218403,-1.1274190980266916,stop_loss,1
2019-03-20 09:45:00,2019-03-20 10:00:00,long,1302.6599999999999,1303.7853187181238,1301.9254258011724,1303.8353187181237,27.31265139712823,30.735437858782255,1.5319333566578197,take_profit,1
2019-03-20 10:45:00,2019-03-20 11:45:00,long,1302.01,1303.2454778714164,1301.2065763303647,1303.2954778714163,25.048602193598096,30.946993720102206,1.5377663343888888,take_profit,4
2019-03-21 07:30:00,2019-03-21 07:45:00,long,1318.22,1317.3353464655152,1317.415346465515,1319.5074456551758,25.087236948480633,-22.19351283693279,-1.0994216722743102,stop_loss,1
2019-03-21 08:00:00,2019-03-21 08:30:00,long,1317.47,1318.7068281414527,1316.6657324115922,1318.7568281414526,25.04408625400064,30.97523065591506,1.5378316362358362,take_profit,2
2019-03-21 11:00:00,2019-03-21 12:30:00,long,1317.82,1316.8323033526488,1316.9123033526487,1319.272314635762,22.258644862963333,-21.984788905729577,-1.0881351718477474,stop_loss,6
2019-03-21 13:00:00,2019-03-21 13:15:00,long,1314.31,1315.8712807834272,1313.3029495103578,1315.9212807834272,20.01898409884843,31.255255177268026,1.5503500564129005,take_profit,1
2019-03-21 16:00:00,2019-03-21 16:15:00,long,1312.93,1311.4402333822406,1311.5202333822406,1315.185626588415,14.344670950839097,-21.370211925303288,-1.0567469813741721,stop_loss,1
2019-03-22 10:45:00,2019-03-22 11:00:00,long,1310.5,1311.9194621703703,1309.5815861435187,1311.9694621703702,21.97255374902789,31.189208833172156,1.545558312685592,take_profit,1
2019-03-26 08:00:00,2019-03-26 08:15:00,long,1318.02,1319.2544486018817,1317.217219623824,1319.3044486018816,25.215210590315735,31.126881459367773,1.5377164645725245,take_profit,1
2019-03-26 09:15:00,2019-03-26 09:30:00,long,1317.6599999999999,1316.6683753900688,1316.7483753900688,1319.1185993758895,22.272906835530005,-22.086362552812453,-1.0877554194220074,stop_loss,1
2019-03-26 09:45:00,2019-03-26 11:30:00,long,1316.51,1315.502425718988,1315.582425718988,1317.994118849619,21.842301684733854,-22.007741415643167,-1.0862464620220371,stop_loss,7
2019-03-26 11:45:00,2019-03-26 12:00:00,long,1315.83,1314.724760215676,1314.804760215676,1317.4703836549181,19.7186473907325,-21.793833589291925,-1.0780305263443117,stop_loss,1
2019-03-26 12:15:00,2019-03-26 13:30:00,long,1314.46,1313.303492226782,1313.383492226782,1316.182412437149,18.73906964048465,-21.671879702093587,-1.0743143728175595,stop_loss,5
2019-03-26 13:45:00,2019-03-26 14:15:00,long,1312.79,1314.3908091820456,1311.7582442612215,1314.4408091820455,19.50986034280233,31.231563577185735,1.5515389174776366,take_profit,2
2019-03-27 09:45:00,2019-03-27 10:30:00,long,1314.48,1315.9992745584022,1313.4992034009988,1316.0492745584022,20.587218103293175,31.277636692611143,1.5490210304046284,take_profit,3
2019-03-27 14:00:00,2019-03-27 14:15:00,long,1317.26,1316.08967864331,1316.16967864331,1319.004514170704,18.576567951927938,-21.74055420814447,-1.0733728634306359,stop_loss,1
2019-03-27 14:30:00,2019-03-27 14:45:00,long,1316.0,1314.8063045444867,1314.8863045444866,1317.7819127288212,18.147643113312935,-21.662759112639012,-1.0718329230885204,stop_loss,1
2019-03-27 15:00:00,2019-03-27 15:30:00,long,1315.1599999999999,1313.9031401429502,1313.98314014295,1317.0429757712795,17.136808622148017,-21.538566835120612,-1.0679775077046794,stop_loss,2
2019-03-28 10:00:00,2019-03-28 10:30:00,long,1309.09,1308.1431092395055,1308.2231092395054,1310.477025216791,23.214626258331357,-21.9817151123446,-1.0922838304958928,stop_loss,2
2019-03-28 10:45:00,2019-03-28 11:00:00,long,1308.36,1307.3543480317762,1307.4343480317762,1309.841043149158,21.69344664170935,-21.81605731279026,-1.086425571106861,stop_loss,1
2019-03-28 12:00:00,2019-03-28 12:30:00,long,1307.32,1306.2454919895026,1306.3254919895026,1308.9112128167958,20.147599873839543,-21.648757456735208,-1.0804417854411417,stop_loss,2
2019-03-28 12:45:00,2019-03-28 13:00:00,long,1306.44,1305.3758002554437,1305.4558002554436,1308.0147195912903,20.31462826778758,-21.618822213337566,-1.0812843129074168,stop_loss,1
2019-03-28 13:15:00,2019-03-28 13:30:00,long,1305.85,1304.788725730459,1304.868725730459,1307.4200388312654,20.33112955954811,-21.57690467225174,-1.0815266459981128,stop_loss,1
2019-03-28 13:45:00,2019-03-28 14:00:00,long,1304.6599999999999,1303.5745135124876,1303.6545135124875,1306.2687783800195,19.798635531539084,-21.491151340666548,-1.0795634759825083,stop_loss,1
2019-03-28 14:15:00,2019-03-28 14:30:00,long,1303.1,1301.910371344951,1301.990371344951,1304.8754058480781,17.901735058011347,-21.296417000103137,-1.0720961914924585,stop_loss,1
2019-03-28 15:00:00,2019-03-28 15:15:00,long,1300.31,1298.8031362408374,1298.8831362408373,1302.5929820146603,13.891785557084797,-20.933028206029096,-1.056067020755279,stop_loss,1
2019-03-29 11:00:00,2019-03-29 11:15:00,short,1289.95,1291.1811833907004,1291.1011833907005,1288.1081065748795,17.182161821337576,-21.154392250757017,-1.0694937059083611,stop_loss,1
2019-03-29 11:30:00,2019-03-29 13:45:00,short,1291.65,1292.9149999644305,1292.8349999644306,1289.7540000569113,16.656127521518645,-21.07000072227003,-1.067510550549572,stop_loss,9
2019-03-29 14:00:00,2019-03-29 14:15:00,short,1293.14,1294.3652052135465,1294.2852052135465,1291.3076716583257,17.19811461398543,-21.071219688222797,-1.0698564755500772,stop_loss,1
2019-03-29 14:30:00,2019-03-29 14:45:00,short,1295.73,1297.0853555157619,1297.005355515762,1293.6894311747808,15.40999967212077,-20.886028053497302,-1.0627276073308336,stop_loss,1
2019-03-29 15:00:00,2019-03-29 15:15:00,short,1297.32,1298.741964704917,1298.6619647049172,1295.1728564721325,14.613987947493108,-20.780575059420155,-1.0596140865007777,stop_loss,1
2019-04-01 14:45:00,2019-04-01 15:00:00,short,1290.9,1291.9581712722245,1291.8781712722246,1289.3349259644408,20.00661379984998,-21.170423977489474,-1.081785268358984,stop_loss,1
2019-04-01 15:45:00,2019-04-01 16:00:00,short,1294.6000000000001,1295.901577720377,1295.821577720377,1292.645475647397,15.985519136287962,-20.806395556449825,-1.0654890791355007,stop_loss,1
2019-04-02 08:45:00,2019-04-02 09:00:00,short,1288.48,1289.4235484928492,1289.3435484928493,1287.0983224114411,22.564964672847264,-21.291138408261187,-1.092641004717598,stop_loss,1
2019-04-02 13:00:00,2019-04-02 13:30:00,short,1288.3600000000001,1286.7453896917714,1289.400381442643,1286.6953896917714,18.688682977875885,30.174940183297544,1.5519407037164248,take_profit,2
2019-04-02 14:30:00,2019-04-02 15:30:00,short,1289.76,1287.895826951189,1290.956358155507,1287.845826951189,16.302566876155176,30.39080579696621,1.5582064954629322,take_profit,4
2019-04-03 11:45:00,2019-04-03 12:00:00,short,1291.89,1292.770512687425,1292.690512687425,1290.60917970012,24.439950492867226,-21.519686489006652,-1.099935955115543,stop_loss,1
2019-04-03 12:15:00,2019-04-03 14:00:00,short,1292.44,1293.322227776402,1293.2422277764022,1291.1564355577566,24.33405031692169,-21.468175101953005,-1.0997223012630124,stop_loss,7
2019-04-03 14:15:00,2019-04-03 15:00:00,short,1293.6200000000001,1292.4055604402577,1294.4102747248392,1292.3555604402577,24.64777641770653,29.933234741350084,1.5367308627892862,take_profit,3
2019-04-05 08:00:00,2019-04-05 09:00:00,short,1289.3600000000001,1288.2592105131446,1290.0792434292848,1288.2092105131446,27.165185527397043,29.903150637039115,1.5304825070843104,take_profit,4
2019-04-05 10:15:00,2019-04-05 10:30:00,short,1289.51,1290.4271890131026,1290.3471890131027,1288.1704975790358,23.409513491488433,-21.470948576471283,-1.0955578713383234,stop_loss,1
2019-04-05 13:00:00,2019-04-05 13:30:00,short,1289.71,1290.7025661048376,1290.6225661048377,1288.2498942322597,21.428853752441213,-21.26955390019471,-1.0876648821119206,stop_loss,2
2019-04-05 13:45:00,2019-04-05 14:15:00,short,1290.3400000000001,1289.0103570073888,1291.202276870382,1288.960357007389,22.62928203508159,30.088866285770965,1.5420139844668794,take_profit,2
2019-04-05 15:30:00,2019-04-05 15:45:00,short,1290.1000000000001,1288.1726665558162,1291.335833402615,1288.1226665558163,15.837801586652974,30.524724680304907,1.559541472261495,take_profit,1
2019-04-08 15:30:00,2019-04-08 15:45:00,short,1299.4,1300.2438466884907,1300.1638466884908,1298.1778452984151,25.70402407965797,-21.690255600503498,-1.1047330586167725,stop_loss,1
2019-04-08 16:00:00,2019-04-08 16:30:00,short,1303.18,1301.6911421195516,1304.1417861752802,1301.6411421195517,20.368927799596428,30.32643867071464,1.5480133929090287,take_profit,2
2019-04-09 10:30:00,2019-04-09 10:45:00,short,1298.9,1299.8314736240902,1299.7514736240903,1297.5376422014556,23.079054340961395,-21.497530387548384,-1.093954760002586,stop_loss,1
2019-04-09 11:00:00,2019-04-09 11:15:00,short,1300.2,1301.1706073595471,1301.0906073595472,1298.7750282247246,22.016672969632484,-21.36954481706705,-1.0898263405779656,stop_loss,1
2019-04-10 13:30:00,2019-04-10 13:45:00,long,1304.12,1303.3190733832514,1303.3990733832513,1305.2734825867976,27.13933906075759,-21.736619014722553,-1.1109682984944216,stop_loss,1
2019-04-10 14:00:00,2019-04-10 15:15:00,long,1303.43,1302.6424663355588,1302.7224663355587,1304.5620538631063,27.591618085406516,-21.72932809866499,-1.1130688248778817,stop_loss,5
2019-04-11 10:30:00,2019-04-11 11:00:00,long,1305.54,1304.68474128597,1304.7647412859699,1306.7804139424481,25.12521258146244,-21.488557002152312,-1.1031913586421453,stop_loss,2
2019-04-11 11:15:00,2019-04-11 11:30:00,long,1304.6699999999998,1303.788792494634,1303.868792494634,1305.9519320085853,24.25783926319561,-21.376190022686725,-1.0998492893091267,stop_loss,1
2019-04-11 14:15:00,2019-04-11 14:30:00,long,1302.6499999999999,1301.6485596278508,1301.7285596278507,1304.1243045954384,21.046191471246,-21.076505819285615,-1.0868205935163613,stop_loss,1
2019-04-11 15:15:00,2019-04-11 15:30:00,long,1299.06,1297.8357210935822,1297.915721093582,1300.8908462502686,16.910787554867706,-20.703520494337077,-1.0699130251822653,stop_loss,1
2019-04-12 12:00:00,2019-04-12 12:15:00,short,1293.49,1294.4314669684802,1294.3514669684803,1292.1116528504317,22.41438285558874,-21.102401077405684,-1.0928648490621253,stop_loss,1
2019-04-12 12:45:00,2019-04-12 13:45:00,short,1295.0,1293.5398816736144,1295.943823953991,1293.4898816736145,20.413812941848107,29.806582387799033,1.5470240188454187,take_profit,4
2019-04-15 07:15:00,2019-04-15 09:00:00,short,1289.0800000000002,1287.867769928814,1289.8688937944914,1287.817769928814,24.498429251866124,29.697732635940756,1.5366201124296328,take_profit,7
2019-04-16 09:45:00,2019-04-16 10:00:00,short,1286.46,1287.2767316915701,1287.1967316915702,1285.2812292934877,26.313588106323607,-21.491141325356864,-1.108587700129235,stop_loss,1
2019-04-18 10:30:00,2019-04-18 10:45:00,short,1274.0,1274.8371605902712,1274.7571605902713,1272.7885430555657,25.54685524146483,-21.3868204135175,-1.1056579027327156,stop_loss,1
2019-04-18 11:00:00,2019-04-18 11:45:00,short,1275.15,1276.1087762232441,1276.0287762232442,1273.7439580428095,21.96269976687041,-21.05731433472317,-1.091035690183555,stop_loss,3
2019-04-18 12:00:00,2019-04-18 12:15:00,short,1275.76,1276.734066995837,1276.6540669958372,1274.3294928066607,21.53997833984754,-20.98138199189193,-1.0894787531274615,stop_loss,1
2019-04-18 14:45:00,2019-04-18 15:30:00,short,1276.45,1274.9900765833286,1277.3937021354197,1274.9400765833286,20.362591372303882,29.727823968538928,1.547017180396854,take_profit,3
2019-04-22 11:00:00,2019-04-22 12:00:00,short,1278.47,1279.280757658892,1279.2007576588921,1277.3007877457726,26.377659370525596,-21.385889358299114,-1.109475417775591,stop_loss,4
2019-04-22 12:15:00,2019-04-22 14:30:00,short,1279.23,1278.20484344784,1279.9019728451,1278.15484344784,28.621550662628593,29.341570194775084,1.5255922313458972,take_profit,9
2019-04-24 09:45:00,2019-04-24 10:00:00,short,1270.63,1269.6312442764665,1271.2854723272085,1269.5812442764666,29.431582645897443,29.394961620241574,1.5237191290549734,take_profit,1
2019-04-24 11:00:00,2019-04-24 11:15:00,short,1272.25,1273.1212013721704,1273.0412013721705,1270.9840778045273,24.4569569444622,-21.30693444912761,-1.1011120592226316,stop_loss,1
2019-04-24 11:30:00,2019-04-24 13:30:00,short,1273.2,1271.9304650457404,1274.0247093464122,1271.8804650457405,23.411598411816826,29.721842518889943,1.5393725799065712,take_profit,8
2019-04-24 14:45:00,2019-04-24 15:15:00,short,1273.2,1272.0321074449585,1273.961182846901,1271.9821074449585,25.44356824193089,29.71535392344372,1.5343127604575937,take_profit,2
2019-04-26 09:45:00,2019-04-26 10:30:00,short,1281.67,1282.4274275140738,1282.3474275140738,1280.586115977482,28.677073212947946,-21.720804274592577,-1.118093815704119,stop_loss,3
2019-04-29 10:15:00,2019-04-29 10:30:00,long,1283.21,1282.5391096429887,1282.6191096429886,1284.1554245712182,32.803373043766854,-22.007466652508608,-1.1353889076893218,stop_loss,1
2019-04-29 10:45:00,2019-04-29 11:00:00,long,1282.09,1281.3500486207402,1281.43004862074,1283.1459222068156,29.30394947790596,-21.68349783393497,-1.1212210512987344,stop_loss,1
2019-04-29 11:15:00,2019-04-29 11:45:00,long,1281.1699999999998,1282.3360961885296,1280.4099398821688,1282.3860961885296,25.387221914894315,29.603942712317554,1.5342157300102148,take_profit,2
2019-04-29 14:15:00,2019-04-29 15:00:00,long,1280.24,1281.5111309627716,1279.4142931482677,1281.5611309627716,23.44055002674962,29.79600892339861,1.5394458216070368,take_profit,3
2019-04-30 09:15:00,2019-04-30 09:30:00,long,1282.87,1282.2038787901645,1282.2838787901644,1283.8077939357368,33.12389051533835,-22.064526024532842,-1.136490539256176,stop_loss,1
2019-04-30 09:45:00,2019-04-30 10:00:00,long,1282.0,1282.9990978323444,1281.3443138547848,1283.0490978323444,29.54231360935836,29.515661489549363,1.5237440041019965,take_profit,1
2019-04-30 15:30:00,2019-04-30 15:45:00,long,1283.19,1282.2295229300853,1282.3095229300852,1284.5987633118636,22.067033564108172,-21.194879739365266,-1.090859833530549,stop_loss,1
2019-04-30 16:00:00,2019-04-30 16:15:00,long,1281.32,1280.252700893798,1280.332700893798,1282.8996785699233,19.636528761114903,-20.95804959564725,-1.0810291425337881,stop_loss,1
2019-05-01 09:15:00,2019-05-01 09:45:00,long,1279.29,1278.6454724705234,1278.7254724705233,1280.1932440471626,34.26796778804016,-22.086648618608912,-1.1417114238416148,stop_loss,2
2019-05-01 10:00:00,2019-05-01 10:15:00,long,1277.98,1278.9556308934464,1277.3389806915961,1279.0056308934463,30.109916573948297,29.376164808636254,1.521999229439185,take_profit,1
2019-05-01 14:30:00,2019-05-01 15:15:00,long,1281.85,1281.1373805603462,1281.217380560346,1282.862191103446,30.60258508423738,-21.807997034685012,-1.1264583333760751,stop_loss,3
2019-05-02 13:00:00,2019-05-02 15:15:00,short,1271.81,1272.6844419188876,1272.6044419188877,1270.5388929297794,24.31414276442321,-21.261305655030966,-1.1006996208255617,stop_loss,9
2019-05-03 15:15:00,2019-05-03 15:30:00,short,1271.26,1272.1321501004968,1272.0521501004969,1269.9925598392051,24.330807520543452,-21.22011622421052,-1.100990961119296,stop_loss,1
2019-05-03 15:45:00,2019-05-03 16:00:00,short,1274.44,1275.8283845254284,1275.7483845254285,1272.3465847593145,14.698439958866864,-20.407086586828676,-1.0611441043860794,stop_loss,1
2019-05-06 10:15:00,2019-05-06 10:30:00,short,1283.54,1282.041602904614,1284.5077481846163,1281.991602904614,19.829949073534305,29.713138093437166,1.5483336669653696,take_profit,1
2019-05-07 14:15:00,2019-05-07 14:30:00,long,1280.97,1280.149685177042,1280.229685177042,1282.1545037167327,26.002212702184064,-21.330000509306444,-1.1080621345393027,stop_loss,1
2019-05-07 14:45:00,2019-05-07 15:00:00,long,1280.1699999999998,1279.3520754842862,1279.432075484286,1281.350679225142,26.02862905772533,-21.289453816731132,-1.108412172649593,stop_loss,1
2019-05-07 15:15:00,2019-05-07 16:00:00,long,1279.46,1280.6646060665767,1278.6758712083897,1280.7146060665766,24.440608213255548,29.441304924509907,1.5362349647980322,take_profit,3
2019-05-08 10:30:00,2019-05-08 11:15:00,long,1286.07,1287.146050632738,1285.3662183545387,1287.196050632738,27.314533304901698,29.391820845685054,1.5289552372921247,take_profit,3
2019-05-09 08:45:00,2019-05-09 09:00:00,long,1281.25,1282.3114431704082,1280.555348018495,1282.3614431704082,27.75814558859107,29.463694058206794,1.5280215110138755,take_profit,1
2019-05-09 12:45:00,2019-05-09 13:45:00,long,1283.94,1283.075536798197,1283.1555367981969,1285.1951411228852,24.655303371375624,-21.313602493846602,-1.1019805643095006,stop_loss,4
2019-05-09 14:00:00,2019-05-09 15:00:00,long,1282.86,1281.968571752865,1282.048571752865,1284.1582851954158,23.78343505700218,-21.201225823709095,-1.0985915886985687,stop_loss,4
2019-05-09 15:15:00,2019-05-09 15:30:00,long,1280.99,1282.3228370267254,1280.1257268582967,1282.3728370267254,22.280165422650867,29.695829436876686,1.5421479187687357,take_profit,1
2019-05-10 09:30:00,2019-05-10 09:45:00,long,1284.43,1283.4917692556057,1283.5717692556057,1285.8031691910312,22.50623198077885,-21.11603878483766,-1.0932150246567756,stop_loss,1
2019-05-10 15:15:00,2019-05-10 15:30:00,long,1284.6299999999999,1285.9284845060363,1283.7871971837271,1285.9784845060362,22.86811075696501,29.69388750024345,1.5406741422375374,take_profit,1
2019-05-14 09:15:00,2019-05-14 09:45:00,long,1298.35,1297.4916215884946,1297.5716215884945,1299.5954054584085,24.83714301173635,-21.319667364744898,-1.1027777734035629,stop_loss,2
2019-05-14 10:00:00,2019-05-14 13:00:00,long,1297.47,1297.5900000000001,1296.682322386998,1298.7302841808032,24.4897865200979,2.9387743824146435,0.15234659208198104,time_stop,12
2019-05-15 09:45:00,2019-05-15 10:00:00,long,1293.1599999999999,1294.2589280380537,1292.4419199762162,1294.3089280380536,26.871565144190352,29.52991636334072,1.5303698775291072,take_profit,1
2019-05-16 11:45:00,2019-05-16 12:00:00,long,1294.85,1296.1963902114055,1293.9772561178713,1296.2463902114055,22.17717519069138,29.859131593374116,1.5427094236648347,take_profit,1
2019-05-16 13:15:00,2019-05-16 15:30:00,long,1294.11,1293.067199181337,1293.1471991813369,1295.6504813098609,20.16482730116121,-21.027898417847997,-1.0830909139763898,stop_loss,9
2019-05-16 15:45:00,2019-05-16 16:00:00,long,1290.72,1292.4933152802712,1289.5804279498307,1292.5433152802711,16.9999399634641,30.146253300903286,1.5561238800193573,take_profit,1
2019-05-17 10:45:00,2019-05-17 12:30:00,long,1286.09,1285.161296822608,1285.2412968226079,1287.4479250838274,22.897226570115386,-21.26472706913024,-1.0942614592839819,stop_loss,7
2019-05-17 12:45:00,2019-05-17 13:15:00,long,1285.18,1284.3267661049867,1284.4067661049867,1286.4171742320216,25.077042812574344,-21.39658291438854,-1.1034615793692564,stop_loss,2
2019-05-17 13:30:00,2019-05-17 14:00:00,long,1284.55,1285.6673731004923,1283.8203918121922,1285.7173731004923,26.51783059300372,29.630310588036426,1.5314700673106172,take_profit,2
2019-05-17 15:45:00,2019-05-17 16:15:00,long,1283.69,1282.6063010244873,1282.6863010244872,1285.2959183608205,19.33536589973637,-20.953716216709218,-1.079705172518533,stop_loss,2
2019-05-20 15:15:00,2019-05-20 15:30:00,short,1278.02,1276.355733253682,1279.0914167164487,1276.305733253682,18.07418086259092,30.08025817654608,1.5533328169773037,take_profit,1
2019-05-22 11:30:00,2019-05-22 12:00:00,short,1273.91,1274.6394292737245,1274.5594292737246,1272.870913162041,29.91109396292908,-21.818027545683535,-1.1231850845606635,stop_loss,2
2019-05-22 12:15:00,2019-05-22 13:00:00,short,1274.5800000000002,1273.573582440599,1275.2402609746257,1273.523582440599,29.354307945508847,29.542690960428597,1.5242723681676267,take_profit,3
2019-05-22 14:15:00,2019-05-22 14:30:00,short,1274.15,1274.8514577884291,1274.7714577884292,1273.1556675385136,31.282236247488694,-21.943168255277694,-1.1287295798515116,stop_loss,1
2019-05-22 14:45:00,2019-05-22 15:00:00,short,1275.26,1275.9904406441046,1275.9104406441047,1274.2192949694324,29.820865585157826,-21.782372265780776,-1.1229935440305103,stop_loss,1
2019-05-22 15:15:00,2019-05-22 15:45:00,short,1276.89,1275.726739029766,1277.6482881063964,1275.676739029766,25.52214403890938,29.688914037158863,1.5340620015293023,take_profit,2
2019-05-23 09:45:00,2019-05-23 10:00:00,short,1275.02,1274.2753063263222,1275.5166835460486,1274.2253063263222,39.08427459888489,29.105812034076674,1.4993322802863633,take_profit,1
2019-05-23 11:45:00,2019-05-23 13:00:00,short,1275.94,1276.8241802031678,1276.7441802031678,1274.6533116749315,24.21189635094603,-21.407679434655147,-1.099480190739333,stop_loss,5
2019-05-23 13:15:00,2019-05-23 13:45:00,short,1276.74,1277.5771370137911,1277.4971370137912,1275.5285807779342,25.65970493297027,-21.480688762347675,-1.1056611928128395,stop_loss,2
2019-05-23 14:00:00,2019-05-23 15:00:00,short,1277.44,1278.3079847009108,1278.2279847009108,1276.179224478543,24.60066923606682,-21.35300452907078,-1.1015248137526783,stop_loss,4
2019-05-23 15:15:00,2019-05-23 15:30:00,short,1278.46,1279.3666811885585,1279.2866811885585,1277.1373100983064,23.397465974587654,-21.214042259094395,-1.0967724935648109,stop_loss,1
2019-05-27 14:00:00,2019-05-27 15:00:00,long,1285.86,1285.285422205672,1285.3654222056718,1286.6513244709247,39.02281323170241,-22.421641955144246,-1.1617541283037538,stop_loss,4
2019-05-28 08:00:00,2019-05-28 08:30:00,long,1282.7,1283.4902140348913,1282.1748662281932,1283.5402140348913,36.666797388500086,28.97461791090763,1.5047861655752122,take_profit,2
2019-05-29 07:30:00,2019-05-29 07:45:00,short,1280.64,1281.382601961099,1281.302601961099,1279.5798368622418,29.147095816756398,-21.64469051386081,-1.1207361352617213,stop_loss,1
2019-05-29 08:00:00,2019-05-29 09:15:00,short,1281.24,1281.9685190378864,1281.8885190378865,1280.2023695393818,29.713288803818905,-21.64669657179805,-1.123357982304808,stop_loss,5
2019-05-29 09:30:00,2019-05-29 09:45:00,short,1282.9,1283.7495939509076,1283.6695939509077,1281.668649678548,24.982446979574803,-21.22493583271527,-1.1039509210091625,stop_loss,1
2019-05-29 10:00:00,2019-05-29 10:30:00,short,1283.8400000000001,1284.7161294780785,1284.6361294780786,1282.5661928350746,24.096445026741208,-21.111605804823217,-1.1004861673920376,stop_loss,2
2019-05-30 12:00:00,2019-05-30 15:00:00,short,1276.98,1277.9368693306997,1277.8568693306997,1275.5770090708806,21.829554667856236,-20.88803136450294,-1.0912336618457044,stop_loss,12
2019-05-30 15:15:00,2019-05-30 15:30:00,short,1279.88,1280.881439362451,1280.801439362451,1278.4056970200786,20.72832104496202,-20.75815661194248,-1.086820688652957,stop_loss,1
2019-05-30 15:45:00,2019-05-30 16:00:00,short,1280.43,1281.54511863395,1281.4651186339502,1278.77381018568,18.411778118991705,-20.531316864641134,-1.0772858273207198,stop_loss,1
2019-05-31 14:15:00,2019-05-31 14:30:00,long,1296.6,1295.5224488719211,1295.602448871921,1298.196081804926,19.063997269011015,-20.54243176291335,-1.0801963906892644,stop_loss,1
2019-06-03 12:15:00,2019-06-03 13:15:00,long,1313.59,1315.2829248142227,1312.5006719911107,1315.3329248142227,17.42012227999017,29.490957274590926,1.5541001428477959,take_profit,4
2019-06-04 11:45:00,2019-06-04 12:15:00,long,1324.37,1322.9885450143224,1323.0685450143224,1326.4523279770838,14.626098667951611,-20.205296925852277,-1.0614696634768963,stop_loss,2
2019-06-04 12:30:00,2019-06-04 13:00:00,long,1323.3,1325.23974729069,1322.0564079433188,1325.28974729069,15.274139406501765,29.627970531384584,1.5597938892170786,take_profit,2
2019-06-04 15:00:00,2019-06-04 15:15:00,long,1323.3799999999999,1322.0344795778046,1322.1144795778046,1325.4048326755124,15.056299404931641,-20.25855833202171,-1.0632150999674501,stop_loss,1
2019-06-04 15:30:00,2019-06-04 16:45:00,long,1321.6699999999998,1324.062473072253,1320.1434543298417,1324.112473072253,12.455269196757374,29.798896160905475,1.5672463123918368,take_profit,5
2019-06-05 14:45:00,2019-06-05 15:15:00,long,1334.5,1337.0657336463046,1332.8651664710596,1337.1157336463045,11.666713899395333,29.933680393487908,1.5694158462529162,take_profit,2
2019-06-07 13:00:00,2019-06-07 14:00:00,long,1333.0,1334.3602565823428,1332.1185896360357,1334.4102565823428,21.707258274136255,29.527440952009037,1.5432727341948163,take_profit,4
2019-06-10 07:45:00,2019-06-10 08:45:00,long,1327.99,1326.7233867429538,1326.8033867429538,1329.8885812112737,16.173809945247438,-20.48596209359566,-1.0674187647280005,stop_loss,4
2019-06-10 09:00:00,2019-06-10 09:30:00,long,1327.0,1325.8527849518646,1325.9327849518645,1328.7075440770168,17.94491691927343,-20.58667872733042,-1.0749614617407177,stop_loss,2
2019-06-10 11:00:00,2019-06-10 12:00:00,long,1326.04,1327.861308683246,1324.8704320729712,1327.911308683246,16.339292122077133,29.758894620033935,1.5572491696767612,take_profit,4
2019-06-10 14:15:00,2019-06-10 14:30:00,long,1326.81,1325.6065664936007,1325.6865664936006,1328.6074936102389,17.063252694869355,-20.534490021163567,-1.071210267046717,stop_loss,1
2019-06-10 14:45:00,2019-06-10 15:00:00,long,1326.26,1325.0483149868292,1325.128314986829,1328.0706960210734,16.902548503259304,-20.480564705792446,-1.0706910483649266,stop_loss,1
2019-06-11 09:30:00,2019-06-11 09:45:00,long,1327.1699999999998,1326.3531559649296,1326.4331559649295,1328.3489504561126,25.904260315140725,-21.15974052133072,-1.1085711442208905,stop_loss,1
2019-06-11 10:00:00,2019-06-11 10:30:00,long,1325.21,1324.2670069289445,1324.3470069289444,1326.590788913689,22.06863630061719,-20.810571119126454,-1.0927006284095335,stop_loss,2
2019-06-11 10:45:00,2019-06-11 11:00:00,long,1323.6299999999999,1322.5590503727735,1322.6390503727735,1325.215519403562,19.177018236566955,-20.537620531764393,-1.0807306424079692,stop_loss,1
2019-06-11 14:45:00,2019-06-11 15:00:00,long,1321.61,1320.66784372145,1320.74784372145,1322.9894500456799,21.994137610027714,-20.721914840577522,-1.0927906018784421,stop_loss,1
2019-06-12 12:15:00,2019-06-12 13:30:00,long,1336.36,1335.161763148137,1335.241763148137,1338.1491789629808,16.920333085583003,-20.274566648941157,-1.0715411943960225,stop_loss,5
2019-06-12 13:45:00,2019-06-12 15:15:00,long,1335.01,1333.8292395161263,1333.9092395161263,1336.771216774198,17.152133588912246,-20.252561555909598,-1.0726770275386304,stop_loss,6
2019-06-12 15:30:00,2019-06-12 15:45:00,long,1333.4199999999998,1335.2453997187347,1332.2478751757906,1335.2953997187346,16.073275948571055,29.340153395669123,1.5573424272165464,take_profit,1
2019-06-13 12:15:00,2019-06-13 12:30:00,long,1336.3,1335.1954695667916,1335.2754695667916,1337.9392486931333,18.446075821579356,-20.37425211820239,-1.0780845521097913,stop_loss,1
2019-06-17 10:00:00,2019-06-17 10:15:00,long,1338.1699999999998,1336.8545220205922,1336.934522020592,1340.1467647670522,15.263580462422402,-20.078903985233662,-1.0647522670038019,stop_loss,1
2019-06-17 11:00:00,2019-06-17 11:15:00,long,1335.12,1333.613006649056,1333.6930066490559,1337.4031893615102,13.186928816326754,-19.872614045575695,-1.0560619290531403,stop_loss,1
2019-06-17 12:30:00,2019-06-17 14:30:00,long,1333.53,1335.6869167692196,1332.1506770192377,1335.7369167692195,13.613863304011756,29.36397005428639,1.5637503320851158,take_profit,8
2019-06-19 09:30:00,2019-06-19 09:45:00,long,1343.98,1345.7746594667638,1342.8270878332726,1345.8246594667637,16.33831526451485,29.32171216043198,1.5566315618455937,take_profit,1
2019-06-19 12:00:00,2019-06-19 15:00:00,long,1341.94,1343.8037682379088,1340.7438948513072,1343.8537682379088,15.797345155865877,29.442590144784372,1.5581976550686905,take_profit,12
2019-06-20 10:30:00,2019-06-20 11:45:00,long,1380.58,1377.833908818924,1377.913908818924,1384.8457458897212,7.109348394172111,-19.52291892843162,-1.0300064756103515,stop_loss,5
2019-06-21 08:00:00,2019-06-21 08:30:00,long,1403.86,1401.4565399525313,1401.5365399525313,1407.5775360759499,8.140929834213892,-19.566399605778024,-1.0344314076272092,stop_loss,2
2019-06-21 09:00:00,2019-06-21 09:15:00,long,1397.1299999999999,1394.4152659721012,1394.4952659721012,1401.3455744446378,7.164287635850686,-19.449135430697485,-1.0303635961553697,stop_loss,1
2019-06-25 13:00:00,2019-06-25 15:00:00,long,1428.6499999999999,1425.6997408401187,1425.7797408401186,1433.2424146558096,6.562854815433439,-19.36212253420275,-1.0278720476248693,stop_loss,8
2019-06-25 15:30:00,2019-06-25 16:00:00,long,1425.3,1429.241005040933,1422.8056218494169,1429.291005040933,7.536295128108712,29.700577089835832,1.5799549238401662,take_profit,2
2019-06-26 12:15:00,2019-06-26 13:00:00,long,1407.07,1404.403557185059,1404.483557185059,1411.2083085039055,7.291006377231828,-19.441051568257834,-1.0309305117970504,stop_loss,3
2019-06-26 13:15:00,2019-06-26 14:00:00,long,1405.37,1402.6713274875694,1402.7513274875694,1409.5598760198886,7.186423222305316,-19.393802812727206,-1.03054982996926,stop_loss,3
2019-06-26 14:15:00,2019-06-26 15:15:00,long,1402.62,1406.8354779520002,1399.9540762799998,1406.8854779520002,7.0445006390943865,29.695937126954803,1.5812447747005076,take_profit,4
2019-06-27 10:00:00,2019-06-27 13:00:00,long,1402.81,1405.5199596415448,1401.0850252240346,1405.5699596415448,10.921605049574202,29.597108905238592,1.5710140689032455,take_profit,12
2019-06-27 16:00:00,2019-06-27 16:15:00,long,1401.03,1404.016517291601,1399.1321766927492,1404.066517291601,9.958085860353112,29.73999561319302,1.573654027849135,take_profit,1
2019-06-28 08:45:00,2019-06-28 09:30:00,long,1416.33,1414.3323575410705,1414.4123575410704,1419.3982279342872,9.886184645281215,-19.749062204230402,-1.0417178914804506,stop_loss,3
2019-06-28 15:00:00,2019-06-28 15:15:00,long,1413.48,1411.8469844688964,1411.9269844688963,1415.964824849766,12.181893180910352,-19.893220762672104,-1.0515126850940584,stop_loss,1
2019-07-01 08:15:00,2019-07-01 08:30:00,long,1390.6699999999998,1388.8290753840108,1388.9090753840107,1393.4874793855822,10.721005712144414,-19.736563323645594,-1.0454306784478629,stop_loss,1
2019-07-01 08:45:00,2019-07-01 09:00:00,long,1388.1399999999999,1386.2266517341727,1386.3066517341726,1391.0733572253234,10.275957978735146,-19.66148637832559,-1.0436360082211824,stop_loss,1
2019-07-01 10:00:00,2019-07-01 10:30:00,long,1382.94,1386.2337041936808,1380.8501848789497,1386.2837041936807,8.996052606711745,29.630336197298632,1.5760744385968561,take_profit,2
2019-07-03 08:45:00,2019-07-03 09:00:00,long,1422.68,1427.5109439392563,1419.6294100379648,1427.5609439392563,6.1821967797609805,29.865846064475864,1.5836097277502421,take_profit,1
2019-07-03 14:45:00,2019-07-03 15:00:00,long,1420.08,1417.7765386332703,1417.8565386332702,1423.6375381867672,8.508840951718925,-19.599786407931326,-1.035979937046351,stop_loss,1
2019-07-03 15:15:00,2019-07-03 15:30:00,long,1416.44,1420.2670201712433,1414.016862392973,1420.3170201712433,7.791501194248182,29.81823223465365,1.5793655961366138,take_profit,1
2019-07-04 09:30:00,2019-07-04 10:45:00,long,1414.44,1412.7674972698915,1412.8474972698914,1416.9880043681737,11.892925308929016,-19.890950048161326,-1.0502353926856178,stop_loss,5
2019-07-04 11:00:00,2019-07-04 12:00:00,long,1411.1299999999999,1413.698004018354,1409.4937474885287,1413.7480040183539,11.550621918592782,29.662043501434415,1.5694423692863226,take_profit,4
2019-07-05 09:15:00,2019-07-05 10:15:00,long,1413.4199999999998,1415.98363996626,1411.7864750210872,1416.03363996626,11.606224854286886,29.754181893851143,1.5693913465385643,take_profit,4
2019-07-05 15:00:00,2019-07-05 15:15:00,long,1411.54,1413.885092945303,1410.0430669091854,1413.935092945303,12.705021146799163,29.7944554612857,1.566598373496487,take_profit,1
2019-07-09 14:15:00,2019-07-09 14:45:00,short,1390.21,1392.0174285450355,1391.9374285450356,1387.4461143279432,11.044251607334775,-19.961695613650676,-1.0463116116900115,stop_loss,2
2019-07-09 15:00:00,2019-07-09 15:15:00,short,1391.6200000000001,1393.4177990209341,1393.3377990209342,1388.8715215665056,11.082921728227003,-19.92486583209475,-1.0465712222588333,stop_loss,1
2019-07-09 15:30:00,2019-07-09 16:00:00,short,1394.39,1391.5768323711197,1396.1794797680504,1391.5268323711198,10.616706990139463,29.866576429968227,1.5720589185231988,take_profit,2
2019-07-10 12:30:00,2019-07-10 12:45:00,short,1395.43,1396.9847631592656,1396.9047631592657,1393.0703789451748,12.92283130026318,-20.091942019053256,-1.054245998414934,stop_loss,1
2019-07-11 08:30:00,2019-07-11 08:45:00,long,1422.48,1421.0033892380773,1421.0833892380772,1424.7145772190765,13.617202551705581,-20.107307835130488,-1.0572815290996216,stop_loss,1
2019-07-11 14:30:00,2019-07-11 15:30:00,long,1419.0,1417.4899239264503,1417.5699239264502,1421.2881217176796,13.270424816085086,-20.039351000610612,-1.0559410799744013,stop_loss,4
2019-07-11 15:45:00,2019-07-11 16:00:00,long,1417.1,1415.1765763789333,1415.2565763789332,1420.0494777937065,10.273079989267737,-19.75948471246422,-1.0433975126963146,stop_loss,1
2019-07-12 12:15:00,2019-07-12 12:30:00,long,1406.96,1405.4590091433115,1405.5390091433114,1409.2335853707016,13.299254710151844,-19.962059720709803,-1.0562987436712679,stop_loss,1
2019-07-12 12:45:00,2019-07-12 13:45:00,long,1405.6399999999999,1407.8811628961662,1404.208023189896,1407.9311628961661,13.169344008503728,29.51464515870873,1.5650832334385412,take_profit,4
2019-07-12 15:30:00,2019-07-12 16:15:00,long,1405.9099999999999,1408.1554625154351,1404.4753359278527,1408.205462515435,13.18582160244856,29.60826814351516,1.5651486358577966,take_profit,3
2019-07-15 15:45:00,2019-07-15 16:30:00,long,1411.34,1413.6064508935112,1409.8922181915555,1413.6564508935112,13.107252032300705,29.706943080085985,1.5654644092720438,take_profit,3
2019-07-16 15:45:00,2019-07-16 16:00:00,long,1410.49,1408.9587351871955,1409.0387351871955,1412.812023700487,13.116734292231227,-20.085193680599364,-1.0551243296840698,stop_loss,1
2019-07-17 11:00:00,2019-07-17 11:15:00,long,1404.08,1402.9406408498448,1403.0206408498448,1405.7749746402483,17.931297942797208,-20.430188385283092,-1.0755173540420262,stop_loss,1
2019-07-17 11:30:00,2019-07-17 11:45:00,long,1403.11,1401.9803484878764,1402.0603484878764,1404.7894424193978,18.058206894536475,-20.39948072465166,-1.0762157716879572,stop_loss,1
2019-07-17 12:15:00,2019-07-17 12:30:00,long,1402.1399999999999,1400.9993570072393,1401.0793570072392,1403.8370287884172,17.832602808613952,-20.340633436328574,-1.075425944965422,stop_loss,1
2019-07-17 12:45:00,2019-07-17 13:45:00,long,1401.1,1402.7879482920537,1400.0137823174664,1402.8379482920536,17.375286968950405,29.32858596318381,1.5539687110568459,take_profit,4
2019-07-18 10:00:00,2019-07-18 12:00:00,long,1419.78,1422.1576516782845,1418.262717701072,1422.2076516782845,12.477573309904717,29.66732312121364,1.567046343297151,take_profit,8
2019-07-18 13:45:00,2019-07-18 14:00:00,long,1419.8799999999999,1418.4134808233882,1418.4934808233882,1422.0984306825785,13.697131697339017,-20.087106298723015,-1.0576984446731024,stop_loss,1
2019-07-18 14:15:00,2019-07-18 14:30:00,long,1418.3999999999999,1420.6496060477334,1416.9627462201663,1420.6996060477334,13.185675220512653,29.662574719515682,1.5652114325933957,take_profit,1
2019-07-19 09:00:00,2019-07-19 09:30:00,long,1441.18,1439.3499545009774,1439.4299545009774,1443.9800727984364,10.862852828909222,-19.879514926090426,-1.045713097199246,stop_loss,2
2019-07-19 10:00:00,2019-07-19 12:15:00,long,1438.81,1436.8241914957937,1436.9041914957936,1441.85929360673,9.954162565680532,-19.767060675180016,-1.0419769351555301,stop_loss,9
2019-07-19 13:45:00,2019-07-19 14:30:00,long,1437.43,1435.6663171071223,1435.7463171071222,1440.1238926286048,11.24391869077996,-19.83070704383752,-1.0475148855751488,stop_loss,3
2019-07-19 15:45:00,2019-07-19 16:30:00,long,1434.97,1437.9386975118837,1433.0833140550728,1437.9886975118836,10.013077261365444,29.72579755211432,1.5734985040121274,take_profit,3
2019-07-23 09:00:00,2019-07-23 09:15:00,long,1415.74,1417.502262112206,1414.6073361798713,1417.5522621122059,16.731340220117787,29.485006956340587,1.555856275170503,take_profit,1
2019-07-24 16:00:00,2019-07-24 16:15:00,long,1424.9199999999998,1427.1203208420714,1423.5135494737053,1427.1703208420713,13.516261957389577,29.74011289174249,1.5644495138186918,take_profit,1
2019-07-26 15:45:00,2019-07-26 16:00:00,long,1417.69,1419.9280558551588,1416.2599650905258,1419.9780558551588,13.334942974434071,29.844347202140757,1.565035818588276,take_profit,1
2019-07-29 09:15:00,2019-07-29 12:15:00,long,1417.96,1418.79,1416.9701373665225,1419.543780213564,19.325027551034914,16.039772867357573,0.8385001836911762,time_stop,12
2019-07-29 15:30:00,2019-07-29 16:15:00,short,1420.99,1422.0445870700294,1421.9645870700294,1419.430660687953,19.660841805390522,-20.73406955385747,-1.082086046962958,stop_loss,3
2019-07-30 14:00:00,2019-07-30 14:15:00,long,1426.6699999999998,1428.3282138614284,1425.602366336607,1428.3782138614283,17.90851555725535,29.69614873464914,1.5531674564839915,take_profit,1
2019-07-31 10:30:00,2019-07-31 13:30:00,long,1430.52,1431.21,1429.5912595653424,1432.005984695452,20.650685220634724,14.248972802239086,0.7429417028175904,time_stop,12
2019-07-31 15:30:00,2019-07-31 15:45:00,long,1429.68,1431.0173897254447,1428.8128814215972,1431.0673897254446,22.1510930474733,29.624644249058306,1.5423377595115009,take_profit,1
2019-08-01 09:00:00,2019-08-01 09:30:00,long,1407.54,1406.0259393285253,1406.1059393285252,1409.8344970743597,13.435187217064007,-20.34168857925598,-1.0557856453295362,stop_loss,2
2019-08-01 13:00:00,2019-08-01 14:30:00,short,1407.32,1405.0522485562362,1408.7685946523522,1405.0022485562363,13.272305122425184,30.098289103452064,1.5654837880846744,take_profit,6
2019-08-06 07:15:00,2019-08-06 07:30:00,long,1458.6399999999999,1463.1601089597689,1455.7836819001443,1463.2101089597688,6.752184500709303,30.52060965966952,1.5824949469029947,take_profit,1
2019-08-07 08:15:00,2019-08-07 08:30:00,long,1483.6699999999998,1481.555947581763,1481.6359475817628,1486.924483869179,9.511764715989267,-20.108369199538025,-1.0393303531819824,stop_loss,1
2019-08-07 08:45:00,2019-08-07 09:00:00,long,1482.28,1485.5021212953638,1480.2349241903976,1485.5521212953638,9.440829133671198,30.419496597493666,1.575551028590145,take_profit,1
2019-08-08 10:00:00,2019-08-08 13:00:00,long,1496.58,1496.51,1494.0231331671448,1500.6709869325682,7.574915528716911,-0.5302440870097015,-0.027377256844374233,time_stop,12
2019-08-08 15:45:00,2019-08-08 16:00:00,long,1495.07,1492.7796543819638,1492.8596543819638,1498.606552988858,8.761973526153108,-20.067947670973076,-1.0361934347946022,stop_loss,1
2019-08-09 15:30:00,2019-08-09 15:45:00,long,1495.6499999999999,1498.3647265925913,1493.9220458796303,1498.4147265925913,11.18481889403775,30.363725284963376,1.5710640465447512,take_profit,1
2019-08-12 10:00:00,2019-08-12 10:15:00,long,1490.82,1489.2392064891612,1489.3192064891612,1493.221269617342,12.918220397470908,-20.42103897590618,-1.0533051345319424,stop_loss,1
2019-08-12 16:00:00,2019-08-12 16:45:00,long,1502.01,1505.9838920378475,1499.4950674763454,1506.0338920378474,7.692746856700506,30.57014548301824,1.580118750889107,take_profit,3
2019-08-13 14:00:00,2019-08-13 15:00:00,long,1527.44,1524.8305494220174,1524.9105494220173,1531.4871209247726,7.672764878688244,-20.021700747418173,-1.0316274216607655,stop_loss,4
2019-08-13 15:15:00,2019-08-13 15:30:00,long,1525.28,1522.7527582565097,1522.8327582565096,1529.1955867895847,7.914149146542969,-20.000968087351694,-1.0326898640940256,stop_loss,1
2019-08-14 07:30:00,2019-08-14 07:45:00,long,1499.3999999999999,1497.1178481935535,1497.1978481935535,1502.9234428903142,8.776794661873591,-20.029977792403376,-1.0363281040688208,stop_loss,1
2019-08-15 09:30:00,2019-08-15 09:45:00,long,1514.49,1512.197904880807,1512.277904880807,1518.029352190709,8.719233678751422,-19.985312958168805,-1.0361648101412169,stop_loss,1
2019-08-15 14:30:00,2019-08-15 15:00:00,long,1512.12,1508.8397675309966,1508.9197675309965,1517.240371950405,6.014501703980035,-19.728963774270955,-1.024998183967817,stop_loss,2
2019-08-16 11:45:00,2019-08-16 12:00:00,long,1510.75,1508.5352054977454,1508.6152054977454,1514.1656712036076,8.997749286930336,-19.92816565335822,-1.0374743329699587,stop_loss,1
2019-08-16 12:15:00,2019-08-16 13:00:00,long,1507.2,1510.867308333723,1504.8766822914233,1510.917308333723,8.250481330355994,30.25705894004044,1.5784790518252438,take_profit,3
2019-08-16 15:15:00,2019-08-16 16:30:00,long,1511.1499999999999,1514.445712908199,1509.0589294323754,1514.495712908199,9.195769762482366,30.306617107041212,1.5760888031355578,take_profit,5
2019-08-19 11:15:00,2019-08-19 11:30:00,long,1501.86,1499.8732115561693,1499.9532115561692,1504.910861510129,10.116285733533982,-20.098919589873873,-1.0419553623050122,stop_loss,1
2019-08-19 11:45:00,2019-08-19 12:15:00,long,1501.1399999999999,1499.017309964248,1499.0973099642479,1504.4083040572032,9.4235633185167,-20.00330395749279,-1.0391640428061695,stop_loss,2
2019-08-19 13:00:00,2019-08-19 13:30:00,long,1497.8999999999999,1501.0563650010247,1495.8960218743593,1501.1063650010246,9.585639702507935,30.25577766943005,1.57504962785758,take_profit,2
2019-08-19 14:30:00,2019-08-19 14:45:00,long,1496.78,1494.635815743142,1494.715815743142,1500.0826948109725,9.335370025914267,-20.016753441508477,-1.0387562300866011,stop_loss,1
2019-08-20 15:15:00,2019-08-20 16:00:00,long,1503.29,1501.60511466219,1501.68511466219,1505.857816540496,11.982096090923498,-20.188458019826008,-1.0498477979175116,stop_loss,3
2019-08-21 10:00:00,2019-08-21 10:15:00,long,1499.6499999999999,1498.3004938485394,1498.3804938485393,1501.6812098423368,15.115730943435398,-20.398771891987078,-1.0630166304494786,stop_loss,1
2019-08-21 10:30:00,2019-08-21 10:45:00,long,1498.71,1497.2132829612408,1497.2932829612407,1500.9767472620151,13.516260021478093,-20.230016674446638,-1.056468580394845,stop_loss,1
2019-08-21 11:00:00,2019-08-21 12:15:00,long,1497.29,1499.627062690207,1495.7980858186206,1499.6770626902069,12.807878682213492,29.932815408898094,1.5664860079594038,take_profit,5
2019-08-21 15:00:00,2019-08-21 15:15:00,long,1499.8,1498.4339239726314,1498.5139239726313,1501.8577216437895,14.904345514796235,-20.36046911138089,-1.062204720636627,stop_loss,1
2019-08-22 10:30:00,2019-08-22 12:00:00,long,1498.6399999999999,1497.3353130892183,1497.4153130892182,1500.5994990572503,15.618196261906196,-20.376856232926873,-1.0653228178529868,stop_loss,6
2019-08-22 13:30:00,2019-08-22 14:15:00,long,1496.56,1495.166023064577,1495.246023064577,1498.6623630966767,14.525861379268465,-20.24871572985008,-1.0608838693003213,stop_loss,3
2019-08-22 14:45:00,2019-08-22 15:30:00,long,1493.08,1495.5443342008805,1491.5085411244495,1495.5943342008804,12.120043155045137,29.86783686312603,1.5681824317657547,take_profit,3
2019-08-23 10:15:00,2019-08-23 13:00:00,short,1496.52,1497.6202203957446,1497.5402203957447,1494.8876473668086,18.727213395719822,-20.604062133432436,-1.0784144292092241,stop_loss,11
2019-08-23 15:15:00,2019-08-23 15:30:00,short,1502.22,1503.783872087472,1503.703872087472,1499.845804660045,12.847924762833456,-20.092510918535094,-1.053913002795421,stop_loss,1
2019-08-23 15:45:00,2019-08-23 16:30:00,short,1503.69,1505.466706034606,1505.386706034606,1500.9752703446306,11.212603437277275,-19.921500190653646,-1.0471501829829377,stop_loss,3
2019-08-26 10:00:00,2019-08-26 10:15:00,long,1537.07,1534.30302809409,1534.38302809409,1541.369155049456,7.065443770935641,-19.54988441696531,-1.0297732923161447,stop_loss,1
2019-08-26 11:45:00,2019-08-26 12:45:00,long,1525.78,1531.3502781986872,1522.2673261258205,1531.4002781986871,5.393483660899999,30.043204451287,1.5857658291686576,take_profit,4
2019-08-26 16:00:00,2019-08-26 16:45:00,long,1527.21,1532.0582280750773,1524.148607453077,1532.1082280750772,6.208166794703091,30.098608548841923,1.5836675632956707,take_profit,3
2019-08-27 11:15:00,2019-08-27 12:00:00,long,1531.32,1529.6817736105234,1529.7617736105233,1533.8131622231626,12.235598691702748,-20.044680667792626,-1.0513404217385869,stop_loss,3
2019-08-27 12:15:00,2019-08-27 15:15:00,long,1530.76,1529.1743337695273,1529.2543337695272,1533.1690659687565,12.636096251655585,-20.036631111253243,-1.0531326255320252,stop_loss,12
2019-08-28 15:45:00,2019-08-28 16:30:00,long,1541.28,1544.3441728125995,1539.3336419921254,1544.3941728125994,9.754459391379807,29.889349268671957,1.5743109953063705,take_profit,3
2019-08-29 12:30:00,2019-08-29 14:00:00,long,1536.82,1534.3969972847956,1534.4769972847955,1540.5688043443272,8.128649925945513,-19.695740841511597,-1.0341442199280368,stop_loss,6
2019-08-30 10:15:00,2019-08-30 10:30:00,long,1527.4199999999998,1525.5046300499785,1525.5846300499784,1530.3565919200341,10.355436714833056,-19.834492302939417,-1.0435879425829064,stop_loss,1
2019-08-30 10:45:00,2019-08-30 11:00:00,long,1525.7,1523.782563665543,1523.862563665543,1528.6398981351317,10.322201659711402,-19.79216451392381,-1.0435389234988446,stop_loss,1
2019-09-03 14:00:00,2019-09-03 15:00:00,long,1530.3899999999999,1532.9045418734945,1528.7871613290658,1532.9545418734945,11.808302604210596,29.6924713531833,1.5688053446010999,take_profit,4
2019-09-04 07:45:00,2019-09-04 09:00:00,long,1542.34,1540.4561871355245,1540.5361871355244,1545.2261005831606,10.525586865878575,-19.828235944095688,-1.044350498643987,stop_loss,5
2019-09-04 09:15:00,2019-09-04 09:30:00,long,1538.95,1536.9636598671466,1537.0436598671465,1542.0001442125658,9.938694672800922,-19.741628096761325,-1.041965228880839,stop_loss,1
2019-09-04 10:45:00,2019-09-04 11:45:00,long,1535.6299999999999,1538.8910230920617,1533.5606105674613,1538.9410230920616,9.136535139038662,29.794452069839192,1.5758382838851834,take_profit,4
2019-09-05 10:45:00,2019-09-05 11:00:00,long,1543.69,1541.5221389891396,1541.6021389891396,1547.0305776173768,9.08424366958571,-19.693377664450324,-1.0383167268241464,stop_loss,1
2019-09-05 11:15:00,2019-09-05 13:00:00,long,1541.21,1538.8910280059417,1538.9710280059417,1544.7923551904933,8.453545406455742,-19.60353504807107,-1.0357306836406286,stop_loss,7
2019-09-05 13:15:00,2019-09-05 14:30:00,long,1539.8,1542.8918583861805,1537.836338508637,1542.9418583861805,9.618788385135248,29.73993153347646,1.5745373628703017,take_profit,5
2019-09-06 09:15:00,2019-09-06 09:30:00,long,1515.52,1513.6673129067942,1513.7473129067941,1518.3562993491291,10.68858925026651,-19.802611348546584,-1.0451292279988629,stop_loss,1
2019-09-06 09:45:00,2019-09-06 10:00:00,long,1509.73,1507.5909483737155,1507.6709483737154,1513.0244826020553,9.182828999750159,-19.64254530580829,-1.038852838354656,stop_loss,1
2019-09-06 15:45:00,2019-09-06 16:00:00,short,1517.51,1520.8371416088228,1520.7571416088228,1512.3145734258833,5.810844172594468,-19.333501429024466,-1.0246370530261317,stop_loss,1
2019-09-09 15:30:00,2019-09-09 16:00:00,short,1512.67,1514.3048872212457,1514.2248872212458,1510.182180446007,12.110181777218028,-19.79878143453584,-1.0514506768766376,stop_loss,2
2019-09-10 07:15:00,2019-09-10 08:45:00,short,1490.6100000000001,1487.7616964638107,1492.4214397101184,1487.7116964638108,10.373168493840257,29.545932502493734,1.5723976460709264,take_profit,6
2019-09-10 09:30:00,2019-09-10 10:15:00,short,1490.47,1492.2648299024725,1492.1848299024725,1487.726272156044,10.992029686044884,-19.728823569377987,-1.0466518573559864,stop_loss,3
2019-09-10 10:30:00,2019-09-10 10:45:00,short,1491.6000000000001,1493.4034266150697,1493.3234266150698,1488.8425174158888,10.914304898671816,-19.683147939249388,-1.0464191508361338,stop_loss,1
2019-09-11 12:00:00,2019-09-11 14:45:00,short,1493.7,1491.189185543281,1495.3005090354495,1491.139185543281,11.727917078710218,29.446623748428657,1.5687599389365496,take_profit,11
2019-09-12 08:00:00,2019-09-12 08:30:00,short,1495.88,1497.3337427478216,1497.2537427478217,1493.6820116034855,13.706736962822339,-19.92606945599959,-1.0582350663010156,stop_loss,2
2019-09-12 09:00:00,2019-09-12 09:15:00,short,1497.76,1495.5709813985616,1499.1593866258988,1495.5209813985616,13.427081560104217,29.392131298098928,1.5642700601289428,take_profit,1
2019-09-12 10:00:00,2019-09-12 10:15:00,short,1501.01,1502.802131961222,1502.722131961222,1498.270588862045,11.008767460427784,-19.729164019492412,-1.0467253703638761,stop_loss,1
2019-09-12 10:30:00,2019-09-12 11:15:00,short,1501.71,1503.6002566400332,1503.5202566400333,1498.813589375947,10.390241846744301,-19.640223642358798,-1.044192628951472,stop_loss,3
2019-09-12 11:30:00,2019-09-12 13:30:00,short,1504.81,1502.0297746815497,1506.5788908240313,1501.9797746815498,10.61101317974983,29.501007496749462,1.5717336992647164,take_profit,8
2019-09-12 14:45:00,2019-09-12 15:00:00,short,1504.32,1505.850425215373,1505.770425215373,1501.999319655403,12.981521324065769,-19.867247568253106,-1.0551562391166425,stop_loss,1
2019-09-13 10:00:00,2019-09-13 10:15:00,short,1504.92,1502.5569013124418,1506.428186679724,1502.5069013124419,12.45800113460263,29.439486130778658,1.5668476053580687,take_profit,1
2019-09-13 11:15:00,2019-09-13 14:15:00,short,1506.3400000000001,1505.31,1508.1429115042743,1503.4553415931616,10.454129498187667,10.767753383135389,0.5712981461144436,time_stop,12
2019-09-13 15:00:00,2019-09-13 15:30:00,short,1507.94,1505.2601477958356,1509.6461576276029,1505.2101477958356,11.059591177828098,29.63806979506078,1.5706943841582497,take_profit,2
2019-09-16 09:30:00,2019-09-16 11:00:00,short,1505.4,1501.8986395079808,1507.6196003075122,1501.8486395079808,8.527968716596046,29.859492741466187,1.5774734217548882,take_profit,6
2019-09-16 13:00:00,2019-09-16 16:00:00,short,1503.69,1500.3206772598987,1505.8270767125632,1500.2706772598988,8.885221976200821,29.93718045526146,1.5766035539548984,take_profit,12
2019-09-17 12:30:00,2019-09-17 13:30:00,short,1499.4,1497.1515198189957,1500.8365501131277,1497.1015198189957,13.259736056636571,29.814253728697093,1.5651943920766442,take_profit,4
2019-09-17 14:30:00,2019-09-17 15:00:00,short,1500.6200000000001,1502.1668021645191,1502.0868021645192,1498.2731165367697,13.026912764289378,-20.150056860803286,-1.0545404158345757,stop_loss,2
2019-09-17 15:15:00,2019-09-17 15:30:00,short,1503.48,1505.1876655814315,1505.1076655814315,1500.8757350697094,11.714693695967668,-20.004779221616044,-1.049150145406139,stop_loss,1
2019-09-17 15:45:00,2019-09-17 16:00:00,short,1504.6000000000001,1501.9462817692904,1506.2898238941937,1501.8962817692905,11.260104814991543,29.88114542724545,1.570411117885292,take_profit,1
2019-09-18 15:15:00,2019-09-18 15:30:00,short,1502.0900000000001,1503.0432232601438,1502.9632232601439,1500.6928427837702,21.858506672404694,-20.836036992141526,-1.0916146003563387,stop_loss,1
2019-09-18 15:45:00,2019-09-18 16:00:00,short,1504.06,1505.1639016885931,1505.0839016885932,1502.4217572982507,18.601086995504122,-20.533771344005434,-1.0781325012851974,stop_loss,1
2019-09-19 07:45:00,2019-09-19 08:30:00,short,1494.8400000000001,1496.4074280972554,1496.3274280972555,1492.4601150443916,12.776830608986234,-20.026763290396413,-1.0537841124203216,stop_loss,3
2019-09-19 08:45:00,2019-09-19 10:00:00,short,1496.88,1494.6333513583627,1498.3154054010233,1494.5833513583627,13.21199105254788,29.682701751532456,1.5651666351791034,take_profit,5
2019-09-19 11:15:00,2019-09-19 12:15:00,short,1496.8600000000001,1498.5117015795508,1498.431701579551,1494.345277472719,12.104033593984148,-19.99225140611857,-1.0509002478847111,stop_loss,4
2019-09-19 14:00:00,2019-09-19 14:15:00,short,1498.5,1499.976287918432,1499.896287918432,1496.2659393305087,13.596009795104116,-20.07162499939582,-1.0572947734803573,stop_loss,1
2019-09-19 14:30:00,2019-09-19 14:45:00,short,1499.82,1501.3439931541582,1501.2639931541582,1497.5096109533467,13.119037933965759,-19.993324000505993,-1.0554019247041089,stop_loss,1
2019-09-19 15:00:00,2019-09-19 15:15:00,short,1501.3,1502.8361981788405,1502.7561981788406,1498.970082913855,12.981622002054193,-19.942344077952068,-1.0549375772902152,stop_loss,1
2019-09-19 16:00:00,2019-09-19 16:30:00,short,1503.6200000000001,1500.764367922288,1505.43602004857,1500.7143679222881,10.38751177030639,29.66291181889806,1.572467264312813,take_profit,2
2019-09-23 07:45:00,2019-09-23 09:30:00,long,1515.24,1513.7936538328295,1513.8736538328294,1517.4261538674732,13.84953235713053,-20.031218041840003,-1.0585503161073664,stop_loss,7
2019-09-23 10:00:00,2019-09-23 10:30:00,long,1514.1599999999999,1516.4016389054323,1512.7277256841046,1516.4516389054322,13.184061745451164,29.553905740226455,1.5650904861972987,take_profit,2
2019-09-23 13:00:00,2019-09-23 15:00:00,long,1518.1399999999999,1516.333175597283,1516.4131755972828,1520.902919044347,10.96944240471859,-19.819856221044024,-1.0463278141506756,stop_loss,8
2019-09-24 12:15:00,2019-09-24 15:15:00,long,1520.47,1520.54,1519.157577103229,1522.569876634834,14.402873618504486,1.008201153294397,0.05333646660093798,time_stop,12
2019-09-25 08:00:00,2019-09-25 08:15:00,long,1529.0,1527.634652724921,1527.7146527249208,1531.0565556401268,14.70783646183662,-20.081304435477698,-1.0622399887960237,stop_loss,1
2019-09-25 13:15:00,2019-09-25 14:45:00,long,1529.44,1528.0032293661475,1528.0832293661474,1531.6108330141644,13.903982323153423,-19.976833495512142,-1.0589635403389897,stop_loss,6
2019-09-25 15:15:00,2019-09-25 16:00:00,long,1527.32,1525.8167908514126,1525.8967908514126,1529.5971346377396,13.226841087520006,-19.8827085296705,-1.0562109933591506,stop_loss,3
2019-09-26 15:30:00,2019-09-26 15:45:00,long,1503.0,1505.716320721799,1501.2710495488757,1505.766320721799,10.864854925943625,29.51243057468162,1.5710807212738205,take_profit,1
2019-10-01 12:15:00,2019-10-01 12:30:00,short,1464.24,1466.423715971549,1466.343715971549,1460.8740544455216,8.957397738861367,-19.560412505868136,-1.0380279472523186,stop_loss,1
2019-10-01 12:45:00,2019-10-01 13:45:00,short,1467.52,1469.7348367305704,1469.6548367305704,1464.1042612310873,8.808495559622216,-19.509379506517277,-1.0374735917057933,stop_loss,4
2019-10-02 10:15:00,2019-10-02 10:30:00,short,1479.07,1480.5993852651634,1480.5193852651635,1476.7509835757385,12.947338125876323,-19.801468152804272,-1.0551958143378126,stop_loss,1
2019-10-02 14:15:00,2019-10-02 14:30:00,short,1485.48,1487.2673929522093,1487.1873929522094,1482.7481712764652,10.967644057683302,-19.603489691043368,-1.0468550604571767,stop_loss,1
2019-10-02 15:15:00,2019-10-02 15:30:00,short,1486.26,1488.0845754401303,1488.0045754401303,1483.4686792957914,10.711414798806985,-19.54378437095119,-1.0458564291114576,stop_loss,1
2019-10-02 16:00:00,2019-10-02 16:15:00,short,1492.32,1494.8317901756436,1494.7517901756437,1488.42913571897,7.668335782041301,-19.261250480868252,-1.0328975751284748,stop_loss,1
2019-10-03 09:15:00,2019-10-03 09:30:00,short,1502.3600000000001,1500.1399211103228,1503.7787993060483,1500.0899211103228,13.116203988833751,29.119007588311334,1.5647589339897277,take_profit,1
2019-10-03 11:45:00,2019-10-03 12:00:00,short,1501.06,1503.0890568525167,1503.0090568525168,1497.941509035973,9.577708884384212,-19.433715843270438,-1.0410454933095576,stop_loss,1
2019-10-03 12:15:00,2019-10-03 13:00:00,short,1502.8,1499.751790954487,1504.7363806534456,1499.701790954487,9.620335582100235,29.324793942228283,1.5741786306782608,take_profit,3
2019-10-03 14:15:00,2019-10-03 14:30:00,short,1502.5900000000001,1504.5510316451594,1504.4710316451594,1499.5803493677454,9.934591657088207,-19.482048621284648,-1.0425298533418097,stop_loss,1
2019-10-03 14:45:00,2019-10-03 15:15:00,short,1503.3500000000001,1500.3783318528008,1505.2385425919997,1500.3283318528008,9.87444883185352,29.343585064768963,1.5735245579253707,take_profit,2
2019-10-04 16:00:00,2019-10-04 16:15:00,long,1496.54,1501.616015190402,1493.3362405059986,1501.666015190402,5.83907886863287,29.63925303513654,1.5843933353631368,take_profit,1
2019-10-07 10:30:00,2019-10-07 13:30:00,long,1501.9199999999998,1501.01,1500.451375565897,1504.2697990945642,12.778136078840216,-11.628103831742736,-0.619627441072619,time_stop,12
2019-10-07 13:45:00,2019-10-07 14:00:00,long,1501.1399999999999,1499.7493843311277,1499.8293843311276,1503.2369850701955,14.300932840318787,-19.887101287236533,-1.0610400149334114,stop_loss,1
2019-10-07 14:15:00,2019-10-07 14:30:00,long,1499.45,1497.915387510003,1497.995387510003,1501.7773799839952,12.8578934843843,-19.731883936187405,-1.0549974653387497,stop_loss,1
2019-10-07 14:45:00,2019-10-07 16:00:00,long,1498.6,1497.0657167815841,1497.145716781584,1500.9268531494652,12.833668472015693,-19.690482167325545,-1.0550099175916163,stop_loss,5
2019-10-08 10:30:00,2019-10-08 10:45:00,short,1492.5,1494.0062633208317,1493.9262633208318,1490.2179786866689,13.058183193246874,-19.669062380689372,-1.0560906242427028,stop_loss,1
2019-10-08 11:00:00,2019-10-08 11:30:00,short,1496.67,1498.422696434799,1498.342696434799,1493.9936857043217,11.110844271454475,-19.47393714218474,-1.047826968680984,stop_loss,2
2019-10-08 11:45:00,2019-10-08 12:15:00,short,1498.63,1500.3647427358794,1500.2847427358795,1495.982411622593,11.2078580700515,-19.442750371788126,-1.048345883783205,stop_loss,2
2019-10-08 12:30:00,2019-10-08 13:00:00,short,1500.07,1501.8067747050754,1501.7267747050755,1497.4191604718792,11.170641469080733,-19.40088754296689,-1.0482865894528959,stop_loss,2
2019-10-08 13:15:00,2019-10-08 14:00:00,short,1502.4,1504.1714919923654,1504.0914919923655,1499.6936128122154,10.91842854338841,-19.34190873382559,-1.0472955239285848,stop_loss,3
2019-10-08 14:30:00,2019-10-08 15:00:00,short,1506.1200000000001,1503.01543358029,1508.0916040123188,1502.96543358029,9.347592375414777,29.020221393851646,1.5746399379959826,take_profit,2
2019-10-09 11:45:00,2019-10-09 12:00:00,long,1504.97,1503.142742403688,1503.222742403688,1507.7656121540992,10.581033451906634,-19.334273751827123,-1.0457860364543758,stop_loss,1
2019-10-09 12:15:00,2019-10-09 12:45:00,long,1504.09,1502.1115482970577,1502.1915482970576,1507.127522724708,9.717983607156354,-19.226561216743512,-1.0421396024328342,stop_loss,2
2019-10-09 13:00:00,2019-10-09 15:00:00,long,1501.28,1504.370698770475,1499.3170632684532,1504.420698770475,9.379145598458074,28.988113769260384,1.574527961499618,take_profit,8
2019-10-10 07:45:00,2019-10-10 08:30:00,long,1508.3,1506.4873358429106,1506.5673358429106,1511.0722626513432,10.659102952935266,-19.32137386951079,-1.0461716713378053,stop_loss,3
2019-10-10 09:30:00,2019-10-10 10:00:00,long,1504.8,1507.537349123185,1503.0579067980093,1507.587349123185,10.579228978379641,28.959043167942337,1.571298894948459,take_profit,2
2019-10-10 13:15:00,2019-10-10 14:00:00,long,1506.1299999999999,1509.0523472199757,1504.2722829875152,1509.1023472199756,9.951957616593988,29.08307567417034,1.5730852440582987,take_profit,3
2019-10-11 10:45:00,2019-10-11 11:15:00,short,1502.16,1499.770750077909,1503.684531201307,1499.720750077909,12.165108268904811,29.065483983709882,1.567203032671855,take_profit,2
2019-10-14 12:30:00,2019-10-14 14:15:00,short,1494.6000000000001,1496.412929212538,1496.3329292125381,1491.8273132599393,10.735705738344635,-19.46307455025616,-1.0461646092760828,stop_loss,7
2019-10-14 14:30:00,2019-10-14 15:00:00,short,1496.38,1493.8528634815566,1497.9907103240273,1493.8028634815566,11.526151949948884,29.12815950984473,1.568957795045985,take_profit,2
2019-10-15 12:00:00,2019-10-15 13:15:00,short,1494.4,1495.9482085631373,1495.8682085631374,1492.0508662989803,12.684538647093433,-19.638311352875096,-1.0544881715094903,stop_loss,5
2019-10-15 13:30:00,2019-10-15 14:00:00,short,1496.69,1494.370207097717,1498.171120563927,1494.320207097717,12.547440155128571,29.10746261368919,1.566241775843457,take_profit,2
2019-10-16 07:15:00,2019-10-16 09:00:00,short,1484.04,1482.4160817612913,1485.0861988991928,1482.3660817612913,17.819256527619004,28.93701567542976,1.5522079405374654,take_profit,7
2019-10-16 10:30:00,2019-10-16 12:15:00,short,1484.26,1481.8576709095844,1485.7927056815097,1481.8076709095844,12.200881630817342,29.310532870429896,1.5673779508987924,take_profit,7
2019-10-17 14:15:00,2019-10-17 15:15:00,short,1489.3400000000001,1491.241023922224,1491.161023922224,1486.4263617244417,10.301337303582565,-19.58308864500775,-1.043931328426606,stop_loss,4
2019-10-17 15:30:00,2019-10-17 16:30:00,short,1491.32,1493.2290674182525,1493.1490674182526,1488.3934921307957,10.234623008765583,-19.538585324132377,-1.0437381362773133,stop_loss,4
2019-10-18 13:45:00,2019-10-18 14:00:00,short,1489.04,1487.2593493657143,1490.1841566464284,1487.2093493657144,16.327081061056596,29.072827247403175,1.55629969012028,take_profit,1
2019-10-18 15:15:00,2019-10-18 16:00:00,short,1490.0900000000001,1491.6397314427331,1491.5597314427332,1487.738429691627,12.749869413171298,-19.758873520331193,-1.0544317129469327,stop_loss,3
2019-10-21 12:15:00,2019-10-21 12:45:00,short,1490.24,1491.5614625960131,1491.4814625960132,1488.2536598463787,15.062367791255488,-19.904355643537098,-1.0644401210772172,stop_loss,2
2019-10-21 13:00:00,2019-10-21 16:00:00,short,1491.51,1492.7998845930906,1492.7198845930907,1489.5741846510548,15.422592878287835,-19.893364939212585,-1.0661220090385353,stop_loss,12
2019-10-22 10:30:00,2019-10-22 10:45:00,short,1487.02,1488.0986215462465,1488.0186215462465,1485.4222055260054,18.645472700901326,-20.111408595143004,-1.0801104285208107,stop_loss,1
2019-10-23 10:00:00,2019-10-23 10:30:00,short,1491.41,1492.3836848709032,1492.3036848709032,1489.980104206555,20.789820401799766,-20.242733594024436,-1.089517012768808,stop_loss,2
2019-10-23 10:45:00,2019-10-23 11:30:00,short,1492.91,1494.0847105179935,1494.0047105179935,1491.1584631712105,16.93512777119826,-19.893872716388547,-1.0730786803314563,stop_loss,3
2019-10-23 11:45:00,2019-10-23 13:00:00,short,1494.64,1492.8783987045226,1495.7722508096736,1492.8283987045227,16.338495491645055,28.781914824234832,1.5558401728902576,take_profit,5
2019-10-24 14:00:00,2019-10-24 15:00:00,short,1490.0900000000001,1491.1656638285015,1491.0856638285015,1488.4969378743979,18.637654645785556,-20.047850950571096,-1.080348404461311,stop_loss,4
2019-10-24 15:15:00,2019-10-24 15:30:00,short,1492.51,1493.5776701855548,1493.4976701855549,1490.9297277031123,18.747901017793684,-20.0165749584306,-1.0809986989280072,stop_loss,1
2019-10-24 15:45:00,2019-10-24 16:15:00,short,1494.1100000000001,1495.391307455912,1495.3113074559121,1492.187908070541,15.3805003341668,-19.70714975382383,-1.066594109281702,stop_loss,2
2019-10-28 10:00:00,2019-10-28 10:15:00,long,1505.56,1504.456596420442,1504.536596420442,1507.1974457272927,18.01566439268128,-19.87854857899715,-1.0781705297869741,stop_loss,1
2019-10-28 13:00:00,2019-10-28 13:45:00,long,1504.51,1503.31581989315,1503.39581989315,1506.29268817096,16.512176278608838,-19.718512432713467,-1.0718016768636307,stop_loss,3
2019-10-28 14:00:00,2019-10-28 14:15:00,long,1503.3899999999999,1502.091947156608,1502.171947156608,1505.338884549427,15.071678872682643,-19.563835615374053,-1.0656785955009578,stop_loss,1
2019-10-28 14:30:00,2019-10-28 14:45:00,long,1502.36,1500.9558625993202,1501.0358625993201,1504.4786198410875,13.834647087927095,-19.425745401362953,-1.060416690865206,stop_loss,1
2019-10-28 15:00:00,2019-10-28 15:30:00,long,1498.01,1496.3121468330874,1496.3921468330873,1500.5985650670602,11.2989995120573,-19.184042104490825,-1.0494482451411757,stop_loss,2
2019-10-28 15:45:00,2019-10-28 16:00:00,long,1493.85,1491.795778641506,1491.875778641506,1497.00875417359,9.239974018533873,-18.980951980800118,-1.040522304986589,stop_loss,1
2019-10-29 11:45:00,2019-10-29 12:30:00,long,1493.1,1492.0674127870811,1492.147412787081,1494.6241395406703,19.109843076286793,-19.732579601458035,-1.0839818117595736,stop_loss,3
2019-10-29 12:45:00,2019-10-29 14:30:00,long,1486.4099999999999,1488.7923454139182,1484.889784116301,1488.842345413918,11.948518095967222,28.465497289047345,1.5671099344927633,take_profit,7
2019-10-29 15:45:00,2019-10-29 17:00:00,long,1485.19,1488.1003846759513,1483.3397595775307,1488.1503846759513,9.848048810009887,28.66161034467285,1.5729764848975702,take_profit,5
2019-10-30 08:45:00,2019-10-30 10:30:00,short,1489.5,1490.4411465073695,1490.3611465073695,1488.1221655882086,21.225866975010792,-19.976650569420325,-1.0928994071453595,stop_loss,7
2019-10-30 10:45:00,2019-10-30 11:00:00,short,1490.24,1491.1851215684737,1491.1051215684738,1488.8558054904418,21.0821560517302,-19.925200394419047,-1.092472552893415,stop_loss,1
2019-10-30 11:15:00,2019-10-30 12:00:00,short,1490.91,1489.539220040228,1491.7979874748576,1489.489220040228,20.49440788837044,28.0933236207736,1.5436928994883758,take_profit,3
2019-10-30 13:00:00,2019-10-30 14:00:00,short,1492.96,1494.0897307443825,1494.0097307443825,1491.280430808988,17.390139570955903,-19.646175322410084,-1.0762100190244386,stop_loss,4
2019-10-30 14:15:00,2019-10-30 14:30:00,short,1494.1200000000001,1492.5498059520617,1495.1326212799615,1492.4998059520617,17.988632242435212,28.245643277625597,1.5506231984363166,take_profit,1
2019-10-31 08:00:00,2019-10-31 09:45:00,short,1498.15,1499.275216779169,1499.1952167791692,1496.4776531533296,17.481697057304157,-19.670698857228363,-1.0765391463228555,stop_loss,7
2019-10-31 10:00:00,2019-10-31 11:00:00,short,1500.16,1501.3030971245073,1501.2230971245074,1498.4590446007885,17.15066410642497,-19.6048748234436,-1.075251826155587,stop_loss,4
2019-11-01 12:15:00,2019-11-01 12:30:00,long,1511.6599999999999,1510.5305883967633,1510.6105883967632,1513.3390585651784,17.33696472306032,-19.580569123127525,-1.0762331955861622,stop_loss,1
2019-11-01 14:45:00,2019-11-01 15:00:00,long,1506.48,1509.0755017828099,1504.8265613857438,1509.1255017828098,10.979815428590781,28.498130519830287,1.5697599901387698,take_profit,1
2019-11-04 12:30:00,2019-11-04 13:30:00,long,1509.1,1511.051073552085,1507.8493290299468,1511.101073552085,14.561341475211872,28.41024823516518,1.56002145952285,take_profit,4
2019-11-05 08:30:00,2019-11-05 09:00:00,long,1504.02,1505.5728639793815,1503.0182100128866,1505.6228639793815,18.23562602895113,28.31744680183041,1.5500893394393156,take_profit,2
2019-11-05 14:15:00,2019-11-05 14:30:00,long,1501.69,1500.1451691401433,1500.2251691401432,1504.033729375771,12.509910161192154,-19.32569527104582,-1.0546138139168804,stop_loss,1
2019-11-05 14:45:00,2019-11-05 15:15:00,long,1499.94,1498.3562427790011,1498.436242779001,1502.3460115535984,12.160374568616417,-19.259081033097694,-1.0532000770355614,stop_loss,2
2019-11-06 08:45:00,2019-11-06 10:15:00,short,1485.89,1484.246395785576,1486.948502634015,1484.196395785576,17.23919461241958,28.33441291825107,1.5527634619007382,take_profit,6
2019-11-06 11:45:00,2019-11-06 13:15:00,short,1487.5800000000002,1485.7261543116304,1488.7699035552312,1485.6761543116304,15.38309693328539,28.517887923545842,1.5579797877063146,take_profit,6
2019-11-06 15:30:00,2019-11-06 15:45:00,short,1486.8,1488.2883550394058,1488.208355039406,1484.5466319369505,13.037506163908652,-19.40443800033841,-1.056803858232845,stop_loss,1
2019-11-06 16:00:00,2019-11-06 16:15:00,short,1488.88,1486.6643510068604,1490.2960306207124,1486.6143510068605,12.939429672791759,28.669234326322584,1.5646900291077008,take_profit,1
2019-11-07 15:00:00,2019-11-07 15:30:00,short,1484.51,1482.0010139929432,1486.1093662544104,1481.9510139929432,11.492031327530215,28.833345793431914,1.5687376172518999,take_profit,2
2019-11-08 10:00:00,2019-11-08 11:00:00,short,1471.54,1469.4363447704116,1472.8860345184926,1469.3863447704116,13.697742173888125,28.8153269576535,1.5628538500960838,take_profit,4
2019-11-12 11:15:00,2019-11-12 11:30:00,short,1453.67,1455.4819535914503,1455.4019535914504,1450.8988742536794,10.678845285856278,-19.349572068248527,-1.0461906141104724,stop_loss,1
2019-11-12 11:45:00,2019-11-12 13:00:00,short,1455.8400000000001,1453.0652640248563,1457.605459984465,1453.0152640248564,10.454252978630805,29.007791833061255,1.571678769023487,take_profit,5
2019-11-12 15:00:00,2019-11-12 15:30:00,short,1454.04,1451.489411665087,1455.6653677093204,1451.439411665087,11.391010648692502,29.05377888342569,1.569237730199165,take_profit,2
2019-11-13 11:15:00,2019-11-13 11:30:00,short,1463.3600000000001,1464.8190746422115,1464.7390746422116,1461.1534805724618,13.467500506640292,-19.650088483207526,-1.0580099129889315,stop_loss,1
2019-11-13 11:45:00,2019-11-13 12:30:00,short,1465.57,1463.2122153915614,1467.074865380274,1463.1622153915614,12.315645311964253,29.03763895953805,1.5667744366668985,take_profit,3
2019-11-13 13:45:00,2019-11-13 15:00:00,short,1465.6100000000001,1463.2713658187433,1467.1028963632857,1463.2213658187434,12.453284769690017,29.123677431321706,1.5665080569356495,take_profit,5
2019-11-14 10:15:00,2019-11-14 10:30:00,short,1467.66,1468.9530007943863,1468.8730007943864,1465.7191987289818,15.374854645440113,-19.87969927012668,-1.0659521414744026,stop_loss,1
2019-11-14 10:45:00,2019-11-14 12:00:00,short,1469.67,1467.6843499244792,1470.9422812972005,1467.6343499244792,14.627230268104254,29.044560886522515,1.560700514807731,take_profit,5
2019-11-14 15:45:00,2019-11-14 16:00:00,short,1469.67,1467.470274148687,1471.0760786570706,1467.420274148687,13.276668789368092,29.205031555295225,1.5644401116905202,take_profit,1
2019-11-15 10:15:00,2019-11-15 11:00:00,short,1466.21,1464.566951315275,1467.2681554279532,1464.516951315275,17.697259013319105,29.077458145072402,1.5527479624645752,take_profit,3
2019-11-15 13:15:00,2019-11-15 14:00:00,short,1466.18,1467.4391858724684,1467.3591858724685,1464.2933026040505,15.930148112954676,-20.05901745016133,-1.0678434179612915,stop_loss,3
2019-11-15 15:45:00,2019-11-15 16:15:00,short,1467.4,1465.179445798203,1468.8190963761233,1465.129445798203,13.20874880776835,29.330742665572256,1.564766311265878,take_profit,2
2019-11-19 07:45:00,2019-11-19 08:30:00,short,1471.88,1472.8933441332972,1472.8133441332973,1470.3866493867245,20.145998009471793,-20.414828892313217,-1.0857132938922711,stop_loss,3
2019-11-19 13:30:00,2019-11-19 15:00:00,short,1467.26,1468.5656469466924,1468.4856469466924,1465.298964885292,15.308094589885448,-19.986966960962032,-1.065271651200875,stop_loss,6
2019-11-19 15:15:00,2019-11-19 15:30:00,short,1468.26,1469.5568941834106,1469.4768941834106,1466.312969306543,15.385352083265118,-19.953173626510477,-1.0657411310617877,stop_loss,1
2019-11-19 15:45:00,2019-11-19 16:00:00,short,1469.6200000000001,1467.6200806775805,1470.9011995765122,1467.5700806775806,14.581989765761373,29.162803091871034,1.5609740738941773,take_profit,1
2019-11-20 10:00:00,2019-11-20 11:30:00,short,1477.63,1475.5692231655623,1478.9492355215236,1475.5192231655624,14.205776309857294,29.274934734558844,1.562099261895161,take_profit,6
2019-11-20 11:45:00,2019-11-20 13:45:00,long,1475.1599999999999,1473.758548512159,1473.838548512159,1477.2743223805453,14.226261623092721,-19.937415518096607,-1.0605394906555639,stop_loss,8
2019-11-20 14:00:00,2019-11-20 14:15:00,long,1474.12,1472.7862958637556,1472.8662958637556,1476.125926617991,14.963211187458482,-19.956496652209623,-1.0638109085605958,stop_loss,1
2019-11-20 14:30:00,2019-11-20 15:15:00,long,1472.9199999999998,1471.5181326580341,1471.598132658034,1475.0349877471451,14.161426165556898,-19.852440857153134,-1.0605204451764094,stop_loss,3
2019-11-20 15:45:00,2019-11-20 17:30:00,long,1470.73,1469.1625590881024,1469.2425590881023,1473.1099054590366,12.558362307221596,-19.68449086677212,-1.0537836490579395,stop_loss,7
2019-11-21 12:00:00,2019-11-21 12:15:00,long,1470.6299999999999,1469.1805974650263,1469.2605974650262,1472.8210440559578,13.612106319651241,-19.72942140603287,-1.0584196377301611,stop_loss,1
2019-11-21 12:30:00,2019-11-21 15:00:00,long,1469.08,1467.490923324436,1467.5709233244359,1471.4945226809025,12.326076175484506,-19.587080151687562,-1.0530125481993977,stop_loss,10
2019-11-21 15:15:00,2019-11-21 15:30:00,long,1467.59,1469.970150848165,1466.0711557198968,1470.020150848165,12.221015768703765,29.08786104732004,1.5670802328751485,take_profit,1
2019-11-22 11:15:00,2019-11-22 11:30:00,short,1470.03,1471.5189075415717,1471.4389075415718,1467.7757479334853,13.215910249630788,-19.67726843941046,-1.0567815826371953,stop_loss,1
2019-11-22 11:45:00,2019-11-22 12:00:00,short,1470.3700000000001,1471.8447723190084,1471.7647723190084,1468.138364289587,13.321630225478566,-19.646371500599454,-1.057357031617036,stop_loss,1
2019-11-22 12:15:00,2019-11-22 14:45:00,short,1472.0800000000002,1469.8253753313275,1473.5203904179205,1469.7753753313275,12.872446323498728,29.022535027125492,1.5652871892386198,take_profit,10
2019-11-25 12:00:00,2019-11-25 13:30:00,short,1459.23,1457.56738869081,1460.3003820682438,1457.51738869081,17.37640601559343,28.89020915460226,1.5532877077414313,take_profit,6
2019-11-26 08:30:00,2019-11-26 09:30:00,short,1456.8500000000001,1455.50818659152,1457.7198833803002,1455.45818659152,21.447902386051908,28.779083005379363,1.542521030827584,take_profit,4
2019-11-26 10:30:00,2019-11-26 10:45:00,short,1456.54,1457.6634756646536,1457.5834756646536,1454.8704389365541,17.934996117179775,-20.14953168330823,-1.0766668574168228,stop_loss,1
2019-11-26 11:00:00,2019-11-26 11:15:00,short,1457.25,1458.354374425135,1458.274374425135,1455.611000919784,18.230085086425415,-20.132839737481248,-1.078096444070621,stop_loss,1
2019-11-26 13:00:00,2019-11-26 14:15:00,short,1458.17,1456.5999194824665,1459.1825503234586,1456.5499194824665,18.40320112431115,28.894507545533326,1.5506197382572922,take_profit,5
2019-11-27 13:00:00,2019-11-27 13:15:00,short,1459.8500000000001,1458.6033864767326,1460.6603834520424,1458.5533864767326,23.0655700324064,28.753851524273013,1.5383008131840756,take_profit,1
2019-11-28 10:15:00,2019-11-28 13:15:00,short,1457.43,1456.37,1458.1938726704352,1456.2078037273036,24.54527396372533,26.01799040155309,1.3876658257669203,time_stop,12
2019-11-28 16:00:00,2019-11-28 16:15:00,short,1456.41,1455.2863446410518,1457.1435345993427,1455.2363446410518,25.63137439854255,28.800831200133274,1.5318368894327326,take_profit,1
2019-12-02 07:15:00,2019-12-02 09:00:00,short,1460.01,1458.8531931543469,1460.7642542785331,1458.803193154347,25.003638891002467,28.924380635350648,1.533709358471062,take_profit,7
2019-12-02 13:15:00,2019-12-02 15:15:00,short,1458.2,1459.3532224469418,1459.2732224469419,1456.482844084893,17.626308905121732,-20.327055086115717,-1.074541862432983,stop_loss,8
2019-12-02 15:30:00,2019-12-02 15:45:00,short,1459.46,1460.694611959106,1460.614611959106,1457.6126208654305,16.34860622624336,-20.18418476163331,-1.0692873474668247,stop_loss,1
2019-12-03 09:45:00,2019-12-03 10:30:00,short,1462.77,1463.6373724690293,1463.5573724690294,1461.5102040495528,23.922512705113345,-20.749728910419094,-1.1016037557149363,stop_loss,3
2019-12-03 11:45:00,2019-12-03 12:00:00,short,1466.3300000000002,1467.4651310104084,1467.3851310104085,1464.6417903833467,17.812412156209454,-20.219421408686387,-1.075819968525963,stop_loss,1
2019-12-03 12:15:00,2019-12-03 12:30:00,short,1468.72,1470.0698833712195,1469.9898833712195,1466.688186606049,14.768277164983528,-19.935451766571163,-1.0629979113145642,stop_loss,1
2019-12-03 15:30:00,2019-12-03 15:45:00,short,1472.71,1474.2928919050287,1474.2128919050288,1470.305372951954,12.452072319521081,-19.710284475401192,-1.053230707898715,stop_loss,1
2019-12-03 16:00:00,2019-12-03 16:15:00,short,1474.18,1475.8234118977032,1475.7434118977033,1471.6785409636748,11.944835617743875,-19.630284970308253,-1.0511701363648667,stop_loss,1
2019-12-04 11:15:00,2019-12-04 11:30:00,long,1475.1,1473.4838189040202,1473.56381890402,1477.5578897535677,12.131016062961438,-19.605918835985026,-1.0520771933786233,stop_loss,1
2019-12-05 09:45:00,2019-12-05 10:00:00,long,1475.07,1474.0205290752933,1474.1005290752933,1476.6211534795307,19.181829221854553,-20.130772051023992,-1.0825192359679392,stop_loss,1
2019-12-06 08:30:00,2019-12-06 10:15:00,long,1472.72,1473.9131535248075,1471.9430290469952,1473.9631535248075,23.882442577051986,28.495420541821936,1.5356475299277796,take_profit,7
2019-12-09 14:15:00,2019-12-09 15:15:00,short,1464.1100000000001,1462.9446304507605,1464.8696059682748,1462.8946304507606,24.50343439577783,28.555556296629366,1.534176399227894,take_profit,4
2019-12-10 11:00:00,2019-12-10 11:30:00,short,1463.99,1464.9292687573115,1464.8492687573116,1462.6151699883014,21.72785402004468,-20.408294444453876,-1.0931024191432526,stop_loss,2
2019-12-10 11:45:00,2019-12-10 13:15:00,short,1464.72,1465.637585080107,1465.5575850801072,1463.3798638718288,22.241620554630536,-20.4085791783318,-1.095512685099039,stop_loss,6
2019-12-10 13:30:00,2019-12-10 14:15:00,short,1466.8400000000001,1467.789513998966,1467.709513998966,1465.4487776016547,21.377956419003677,-20.29866888912505,-1.0920054192285247,stop_loss,3
2019-12-11 10:00:00,2019-12-11 10:15:00,short,1465.19,1464.2187087968607,1465.828307001962,1464.1687087968608,29.05785927589396,28.223643096736804,1.5216677870584392,take_profit,1
2019-12-11 12:00:00,2019-12-11 15:00:00,short,1466.98,1465.477695900572,1467.9501900621424,1465.427695900572,19.17591516340595,28.80805596027026,1.5484637062873308,take_profit,12
2019-12-13 08:30:00,2019-12-13 09:00:00,long,1466.68,1465.5887156873487,1465.6687156873486,1468.2980549002425,18.453661549453646,-20.13819135989702,-1.0791073281757695,stop_loss,2
2019-12-13 09:30:00,2019-12-13 09:45:00,long,1466.19,1467.8281658164783,1465.1348963647013,1467.8781658164783,17.64909287602717,28.9121406413575,1.5526112901832068,take_profit,1
2019-12-13 16:00:00,2019-12-13 16:15:00,long,1468.34,1471.2993303303545,1466.4591685435284,1471.3493303303544,9.93148337148111,29.390539966635743,1.573416012462052,take_profit,1
2019-12-16 10:30:00,2019-12-16 11:30:00,long,1475.6699999999998,1477.2146301146113,1474.6733561783676,1477.2646301146112,18.801328024840526,29.041097461856634,1.5498316259882592,take_profit,4
2019-12-16 14:15:00,2019-12-16 14:45:00,long,1476.22,1477.5846053751718,1475.3358716405178,1477.6346053751718,21.2597067018292,29.01111003989158,1.5434471256763005,take_profit,2
2019-12-17 09:45:00,2019-12-17 10:00:00,long,1476.51,1477.5864784315845,1475.8059509802597,1477.6364784315845,26.77985665883975,28.827938094166054,1.5289822177177406,take_profit,1
2019-12-17 14:30:00,2019-12-17 15:00:00,long,1478.74,1477.8534555960352,1477.9334555960352,1480.0304710463438,23.448166787422952,-20.787841048622226,-1.0991885872701626,stop_loss,2
2019-12-17 15:30:00,2019-12-17 15:45:00,long,1477.51,1476.5490010745095,1476.6290010745095,1478.9195982807848,21.419336025893582,-20.58395890560278,-1.0908060131349016,stop_loss,1
2019-12-17 16:00:00,2019-12-17 16:15:00,long,1476.21,1475.1609243958783,1475.2409243958782,1477.760520966595,19.430108472067722,-20.38365278348565,-1.0825528985144797,stop_loss,1
2019-12-18 13:45:00,2019-12-18 14:00:00,long,1477.3799999999999,1476.3867374084455,1476.4667374084454,1478.841220146487,20.572918428832587,-20.434310274459783,-1.0875980257373266,stop_loss,1
2019-12-18 14:15:00,2019-12-18 15:00:00,long,1476.48,1475.4390746021802,1475.5190746021801,1478.017480636512,19.509951784123462,-20.30840432233421,-1.0832530810210947,stop_loss,3
2019-12-18 15:15:00,2019-12-18 15:30:00,long,1473.8999999999999,1472.7199708380067,1472.7999708380066,1475.6600466591892,17.00590494988727,-20.06746376695083,-1.0727253447126517,stop_loss,1
2019-12-19 10:15:00,2019-12-19 11:00:00,long,1475.35,1474.6056541089042,1474.6856541089041,1476.4129534257531,28.098098736846726,-20.914704342372875,-1.1204191989025118,stop_loss,3
2019-12-19 11:30:00,2019-12-19 12:15:00,long,1473.78,1474.9572119621068,1473.0129925236831,1475.0072119621068,24.282719021435575,28.58590730451391,1.5348115871827093,take_profit,3
2019-12-20 10:15:00,2019-12-20 10:30:00,long,1477.49,1476.81129831295,1476.8912983129499,1478.4479226992803,31.204520136564263,-21.178560460274333,-1.1336224729783093,stop_loss,1
2019-12-20 12:30:00,2019-12-20 14:00:00,long,1477.33,1478.2058792304845,1476.7513254809471,1478.2558792304844,32.211270955806185,28.213183217700628,1.5135956425352963,take_profit,6
2019-12-23 13:15:00,2019-12-23 13:45:00,long,1483.7,1482.8055971493861,1482.885597149386,1485.0030445609823,22.957026833551712,-20.532830241548783,-1.0982314832758926,stop_loss,2
2019-12-23 14:45:00,2019-12-23 15:00:00,long,1482.58,1481.6956560312656,1481.7756560312655,1483.866950349975,23.193065603184287,-20.510647682636275,-1.099459936432172,stop_loss,1
2019-12-23 15:15:00,2019-12-23 15:30:00,long,1481.31,1482.644441883397,1480.444723822877,1482.6944418833968,21.512416071490872,28.707069018859062,1.5422149813877657,take_profit,1
2019-12-24 15:15:00,2019-12-24 16:15:00,long,1489.44,1490.9188423939663,1488.4844735037711,1490.9688423939663,19.540635817787475,28.89752065239969,1.547672827287019,take_profit,4
2019-12-26 09:00:00,2019-12-26 10:45:00,long,1502.8799999999999,1504.6186234124336,1501.7621103672288,1504.6686234124336,16.754239210478957,29.12931254885432,1.5552728654652888,take_profit,7
2019-12-27 08:00:00,2019-12-27 08:15:00,long,1510.33,1509.2275153170638,1509.3075153170637,1511.9659754926977,18.374504045876034,-20.25760926712692,-1.078240780849835,stop_loss,1
2019-12-27 08:30:00,2019-12-27 09:30:00,long,1508.4099999999999,1507.2053065744071,1507.285306574407,1510.2095094809486,16.668661253214683,-20.08062662517988,-1.0711304949237712,stop_loss,4
2019-12-27 09:45:00,2019-12-27 10:00:00,long,1507.56,1509.3037467009838,1506.4389083118851,1509.3537467009837,16.68638940953233,29.096836484203358,1.5554006148382546,take_profit,1
2019-12-27 13:30:00,2019-12-27 14:45:00,long,1509.9199999999998,1511.6616007559098,1508.8002495275562,1511.7116007559098,16.75834626235063,29.186348518311135,1.5553471945488073,take_profit,5
2019-12-30 10:45:00,2019-12-30 12:30:00,long,1512.95,1512.0770358598354,1512.1570358598353,1514.2187426242638,23.738196834182936,-20.722594588411496,-1.1008872860042698,stop_loss,7
2019-12-30 12:45:00,2019-12-30 13:00:00,long,1512.0,1511.1596181137668,1511.2396181137667,1513.2166110179733,24.70086938228207,-20.758163203082532,-1.1052102916288864,stop_loss,1
2019-12-30 13:15:00,2019-12-30 14:30:00,long,1511.32,1512.539751336926,1510.5264054144213,1512.589751336926,23.614799882274905,28.804183727645654,1.5369955378875568,take_profit,5
2019-12-31 12:30:00,2019-12-31 13:30:00,long,1522.9099999999999,1522.059464010569,1522.1394640105689,1524.1428575830896,24.396246186284934,-20.749885388451908,-1.1038238331463335,stop_loss,4
2020-01-02 07:15:00,2020-01-02 09:00:00,long,1519.3,1521.2684433719955,1518.0384728925026,1521.3184433719955,14.868238511325726,29.26728555086871,1.560365496941705,take_profit,7
2020-01-06 09:30:00,2020-01-06 10:30:00,long,1571.45,1575.108764666223,1569.1320220836108,1575.1587646662229,8.117083584292391,29.698498610986533,1.578429475256656,take_profit,4
2020-01-06 15:30:00,2020-01-06 15:45:00,long,1574.26,1572.2759434661223,1572.3559434661222,1577.3064904542043,9.912845104791998,-19.667645099480332,-1.042015559189831,stop_loss,1
2020-01-08 09:15:00,2020-01-08 09:30:00,long,1590.3799999999999,1586.7032284629233,1586.7832284629233,1596.1348344593223,5.236719098430048,-19.254219728772757,-1.02224216889376,stop_loss,1
2020-01-08 09:45:00,2020-01-08 10:15:00,long,1587.98,1584.3502327052759,1584.4302327052758,1593.6596276715586,5.295212953642763,-19.220390797732225,-1.0225366885651421,stop_loss,2
2020-01-08 10:30:00,2020-01-08 10:45:00,long,1585.24,1581.8268882119137,1581.9068882119136,1590.572978860938,5.627873942570414,-19.208562895250946,-1.024001595231781,stop_loss,1
2020-01-08 11:00:00,2020-01-08 13:30:00,long,1581.0,1577.492265856191,1577.5722658561908,1586.4843746300946,5.461309153122399,-19.156820586304615,-1.0233390329131609,stop_loss,10
2020-01-08 13:45:00,2020-01-08 14:45:00,long,1577.52,1574.2860444247365,1574.3660444247364,1582.5663289204217,5.923229343939432,-19.155460560397334,-1.0253649736310066,stop_loss,4
2020-01-08 15:15:00,2020-01-08 15:30:00,long,1572.43,1569.2034306302166,1569.2834306302166,1577.4645109916537,5.924957978296412,-19.117287930025096,-1.025424514955293,stop_loss,1
2020-01-09 08:45:00,2020-01-09 09:00:00,long,1540.62,1544.8275201221998,1537.9590499236251,1544.8775201221997,6.991884921512291,29.4184964993688,1.5812097188730831,take_profit,1
2020-01-10 11:30:00,2020-01-10 11:45:00,long,1549.23,1547.7822045169255,1547.8622045169254,1551.4184727729194,13.64523712781024,-19.755512679124333,-1.0584882762005472,stop_loss,1
2020-01-10 12:00:00,2020-01-10 13:30:00,long,1548.22,1550.359040299099,1546.8518498130632,1550.409040299099,13.612820333153666,29.118371277009306,1.5634543045950318,take_profit,6
2020-01-13 10:30:00,2020-01-13 10:45:00,long,1552.1299999999999,1550.8519011999128,1550.9319011999128,1554.0469580801391,15.593554909443135,-19.93010381885059,-1.0667724564903251,stop_loss,1
2020-01-13 11:00:00,2020-01-13 11:15:00,long,1550.3899999999999,1548.9977107284963,1549.0777107284962,1552.4896628344056,14.206287914780225,-19.779262251639956,-1.0609621687360586,stop_loss,1
2020-01-14 07:15:00,2020-01-14 07:30:00,long,1538.31,1537.0606478359919,1537.1406478359918,1540.180963462413,15.908980430830649,-19.87591912842058,-1.0684139495887306,stop_loss,1
2020-01-14 14:00:00,2020-01-14 15:30:00,long,1543.1499999999999,1545.4689175686258,1541.6694265196086,1545.5189175686257,12.538012534705473,29.07461754238053,1.5662293019141997,take_profit,6
2020-01-15 15:15:00,2020-01-15 15:30:00,long,1548.76,1550.6927369985538,1547.5207893759039,1550.7427369985537,15.026983894982044,29.04320775050335,1.55965173391205,take_profit,1
2020-01-16 15:45:00,2020-01-16 16:30:00,long,1553.23,1551.9262484554856,1552.0062484554855,1555.1880024712232,15.264278594798805,-19.900826793867008,-1.0653727469097232,stop_loss,3
2020-01-17 16:00:00,2020-01-17 16:30:00,long,1555.3799999999999,1557.7192014253005,1553.8867491091871,1557.7692014253005,12.482753546224908,29.19967488700597,1.566516008590788,take_profit,2
2020-01-20 10:45:00,2020-01-20 13:45:00,long,1559.54,1560.0,1558.6363078507313,1560.9859074388298,20.690986656908702,9.517853862178756,0.5090229016289645,time_stop,12
2020-01-21 07:45:00,2020-01-21 09:00:00,long,1565.57,1564.3875554025424,1564.4675554025423,1567.333911355932,16.978012276861055,-20.0755588923425,-1.0725660048445216,stop_loss,5
2020-01-21 09:30:00,2020-01-21 09:45:00,long,1563.1299999999999,1561.7820092200413,1561.8620092200413,1565.1587852479336,14.729733912591895,-19.85554550541645,-1.06309194141186,stop_loss,1
2020-01-23 08:15:00,2020-01-23 08:30:00,long,1557.49,1556.0389883965129,1556.1189883965128,1559.6836185655798,13.593944539925463,-19.724971264592384,-1.0583510743428028,stop_loss,1
2020-01-23 09:45:00,2020-01-23 10:00:00,long,1555.1399999999999,1553.5878756782865,1553.6678756782865,1557.4953989147414,12.633447790077875,-19.608681582075466,-1.0543432363829266,stop_loss,1
2020-01-23 14:00:00,2020-01-23 14:15:00,long,1552.9199999999998,1554.731559471733,1551.7565253301668,1554.7815594717329,15.951175282887334,28.89650266898886,1.5570252784214473,take_profit,1
2020-01-24 13:15:00,2020-01-24 14:45:00,long,1559.1499999999999,1557.9260671860154,1558.0060671860153,1560.980292502375,16.274191257963075,-19.91851670167984,-1.0699341770967064,stop_loss,6
2020-01-24 15:15:00,2020-01-24 15:30:00,long,1557.3,1559.0415239343117,1556.180297541055,1559.0915239343117,16.590786435484176,28.89325166645078,1.555345279810212,take_profit,1
2020-01-27 09:30:00,2020-01-27 10:15:00,long,1578.08,1576.4961576038213,1576.5761576038212,1580.4861478338858,12.391279111643842,-19.625833199904122,-1.0531970638699968,stop_loss,3
2020-01-28 14:00:00,2020-01-28 14:15:00,long,1578.1699999999998,1576.8157271620464,1576.8957271620463,1580.2088365407255,14.5928553530482,-19.762707632816504,-1.0627809034432596,stop_loss,1
2020-01-28 14:30:00,2020-01-28 14:45:00,long,1574.5,1572.9026933182952,1572.982693318295,1576.9276906907278,12.229402277763803,-19.534105971528295,-1.052725003431763,stop_loss,1
2020-01-30 08:15:00,2020-01-30 08:45:00,long,1577.0,1578.8624561932138,1575.8047148792414,1578.9124561932138,15.491438198120301,28.85212501387802,1.558168976479632,take_profit,2
2020-01-30 11:30:00,2020-01-30 13:00:00,long,1578.82,1581.0580481148436,1577.3899699282226,1581.1080481148435,12.988810650889066,29.0695831912834,1.5650357003067052,take_profit,6
2020-01-30 15:30:00,2020-01-30 15:45:00,long,1578.19,1580.517310592565,1576.704180879647,1580.567310592565,12.540240422635698,29.18503436891219,1.5663485283539433,take_profit,1
2020-02-03 08:00:00,2020-02-03 09:00:00,long,1579.73,1577.8917106145875,1577.9717106145874,1582.5432630166601,10.630160892501415,-19.54131193391251,-1.0454987675314638,stop_loss,4
2020-02-03 09:30:00,2020-02-03 10:15:00,long,1575.45,1578.3390208565552,1573.6131119646532,1578.3890208565551,10.154030120362332,29.335204795815823,1.5727800502601554,take_profit,3
2020-02-03 15:30:00,2020-02-03 16:30:00,long,1576.74,1579.498089002861,1574.9849443732119,1579.548089002861,10.660908157354749,29.403733549310942,1.5715108745062691,take_profit,4
2020-02-04 10:30:00,2020-02-04 11:00:00,long,1569.03,1567.2063372622474,1567.2863372622473,1571.8198603804044,10.764291688384047,-19.63043765040554,-1.0458804321889894,stop_loss,2
2020-02-04 11:15:00,2020-02-04 12:15:00,long,1566.6,1569.3679924401415,1564.8387547249115,1569.4179924401415,10.634540063759465,29.43632650086914,1.571610995522839,take_profit,4
2020-02-04 14:15:00,2020-02-04 14:30:00,long,1569.3999999999999,1567.8142261853504,1567.8942261853504,1571.8092381034392,12.477907312666357,-19.787138678048926,-1.0531288293245746,stop_loss,1
2020-02-04 14:45:00,2020-02-04 15:15:00,long,1566.85,1565.2208889047154,1565.3008889047153,1569.3285777524552,12.103284181975111,-19.717594550237557,-1.0516425195348749,stop_loss,2
2020-02-04 15:30:00,2020-02-04 15:45:00,long,1565.6599999999999,1563.9310469838408,1564.0110469838407,1568.2983248258543,11.3465310674289,-19.61761911197344,-1.0485156333843098,stop_loss,1
2020-02-04 16:00:00,2020-02-04 16:45:00,long,1559.9099999999999,1557.7046782666791,1557.784678266679,1563.3105147733131,8.784863531783177,-19.37345047089802,-1.0376413597742344,stop_loss,3
2020-02-06 09:00:00,2020-02-06 09:30:00,short,1557.48,1558.9009730941978,1558.8209730941978,1555.3344430492834,13.894323881688425,-19.743460397948272,-1.0596581693891365,stop_loss,2
2020-02-06 09:45:00,2020-02-06 10:30:00,short,1559.03,1560.484926344006,1560.404926344006,1556.8301178495904,13.52248987567282,-19.674226756671153,-1.0581849350321069,stop_loss,3
2020-02-06 11:30:00,2020-02-06 12:00:00,short,1562.8500000000001,1564.5337489085898,1564.45374890859,1560.2840017462568,11.568568504541986,-19.47856459346749,-1.049883120463212,stop_loss,2
2020-02-06 12:15:00,2020-02-06 12:45:00,short,1564.0,1565.732782927176,1565.652782927176,1561.3555473165181,11.201786804242358,-19.410264928256606,-1.048403210539338,stop_loss,2
2020-02-06 13:00:00,2020-02-06 14:00:00,short,1566.81,1564.1234378478098,1568.5203513451188,1564.0734378478098,10.802050413084967,29.020379805844186,1.5707662404320057,take_profit,4
2020-02-07 09:45:00,2020-02-07 10:00:00,short,1566.32,1567.660250431857,1567.5802504318572,1564.3035993090282,14.70607884367922,-19.70982852116648,-1.0634794466065218,stop_loss,1
2020-02-07 11:45:00,2020-02-07 12:00:00,short,1567.3300000000002,1568.8693473177373,1568.7893473177373,1564.9950442916206,12.672735497473592,-19.507741396427843,-1.0548190269907596,stop_loss,1
2020-02-07 12:15:00,2020-02-07 14:00:00,short,1569.06,1566.6563698228767,1570.593518860702,1566.6063698228768,12.03435285131664,28.92613367557336,1.5673952493957295,take_profit,7
2020-02-10 12:45:00,2020-02-10 14:00:00,long,1573.53,1572.035067230202,1572.115067230202,1575.7938924316768,13.083843795512314,-19.559466844829203,-1.0565397888207408,stop_loss,5
2020-02-11 12:30:00,2020-02-11 14:30:00,long,1567.6699999999998,1569.7202645993148,1566.357334625428,1569.7702645993147,14.073381354729671,28.854155584260816,1.5619095612875118,take_profit,8
2020-02-12 09:30:00,2020-02-12 10:30:00,long,1564.25,1563.159380041848,1563.2393800418479,1565.8669919330434,18.336614638555034,-19.9982778897511,-1.0791593312150736,stop_loss,4
2020-02-12 10:45:00,2020-02-12 11:00:00,long,1562.29,1564.0355344978943,1561.167790938816,1564.0855344978943,16.477635765461745,28.762281672351556,1.5554450220290763,take_profit,1
2020-02-13 14:15:00,2020-02-13 15:45:00,long,1573.46,1575.6137661211776,1572.082646174264,1575.6637661211776,13.467038301738752,29.00485084688562,1.5636985071912606,take_profit,6
2020-02-18 07:45:00,2020-02-18 08:15:00,long,1586.08,1585.2737889940788,1585.3537889940787,1587.2419376094738,25.621873362170387,-20.65663629689877,-1.1101608201302988,stop_loss,2
2020-02-18 15:00:00,2020-02-18 15:15:00,long,1586.69,1588.2726304577895,1585.6696059638816,1588.3226304577895,18.194513588060985,28.795191369130084,1.550999321605015,take_profit,1
2020-02-19 14:45:00,2020-02-19 15:15:00,long,1607.87,1606.455980450992,1606.535980450992,1610.0044312784125,13.960187878746233,-19.739978568370155,-1.0599691361790156,stop_loss,2
2020-02-19 15:45:00,2020-02-19 16:00:00,long,1604.74,1603.1171152035815,1603.1971152035815,1607.2086156742698,12.04476421316256,-19.547264717986856,-1.051850922496371,stop_loss,1
2020-02-20 07:30:00,2020-02-20 08:30:00,long,1608.8999999999999,1607.4293104053759,1607.5093104053758,1611.1251033513984,13.334815420483386,-19.611374285136456,-1.0575254178280906,stop_loss,4
2020-02-20 08:45:00,2020-02-20 09:15:00,long,1607.37,1605.960268802328,1606.040268802328,1609.497569916275,13.916621897213442,-19.618696054704547,-1.0601625352101178,stop_loss,2
2020-02-24 14:15:00,2020-02-24 15:00:00,long,1680.57,1676.9938184589769,1677.0738184589768,1686.1638904656368,5.281799212696229,-18.888672847834393,-1.022882106967625,stop_loss,3
2020-02-24 15:15:00,2020-02-24 16:00:00,long,1676.06,1681.9772032900107,1672.3304979437432,1682.0272032900107,4.941236467267137,29.23830068083432,1.5865933845200397,take_profit,3
2020-02-25 08:15:00,2020-02-25 08:30:00,long,1645.6599999999999,1642.1582827759714,1642.2382827759714,1651.1347475584457,5.402792503326717,-18.91905156675082,-1.0233800734432814,stop_loss,1
2020-02-25 13:45:00,2020-02-25 14:30:00,long,1643.6599999999999,1650.3424755273224,1639.452202795423,1650.3924755273224,4.38447699981474,29.29916025137079,1.5881172980613603,take_profit,3
2020-02-26 12:15:00,2020-02-26 14:00:00,long,1648.07,1644.969297061778,1645.049297061778,1652.9031247011553,6.126914417724169,-18.997741537271803,-1.0264839018056555,stop_loss,7
2020-02-26 15:15:00,2020-02-26 15:30:00,long,1642.24,1639.361347162214,1639.441347162214,1646.7178445404575,6.599458372046964,-18.99754957054305,-1.0285851817416607,stop_loss,1
2020-02-26 15:45:00,2020-02-26 16:00:00,long,1637.57,1634.4327432163989,1634.5127432163988,1642.4616108537618,6.028802650959585,-18.913902013715013,-1.0261672491591287,stop_loss,1
2020-02-27 09:45:00,2020-02-27 10:00:00,long,1644.06,1648.3599266662509,1641.3412958335932,1648.4099266662508,6.765638654212998,29.09175006346859,1.5816088853588282,take_profit,1
2020-02-27 11:30:00,2020-02-27 13:30:00,long,1644.72,1649.2589175749438,1641.8519265156601,1649.3089175749437,6.433570687253494,29.20144706201784,1.5825666949354338,take_profit,8
2020-02-28 08:00:00,2020-02-28 08:15:00,long,1630.74,1626.8958873242536,1626.9758873242536,1636.7625802811945,4.917588283456873,-18.903763454538417,-1.0212533489008968,stop_loss,1
2020-02-28 14:30:00,2020-02-28 15:45:00,long,1619.8999999999999,1628.101741897951,1614.7426613137804,1628.1517418979508,3.581798673473281,29.37698825025121,1.590305077280721,take_profit,5
2020-03-03 13:15:00,2020-03-03 14:30:00,short,1602.54,1605.0688386042866,1604.9888386042867,1598.6218582331412,7.567384313941469,-19.136693586568416,-1.0326685473921746,stop_loss,5
2020-03-04 07:15:00,2020-03-04 09:00:00,short,1643.53,1638.9127592033565,1646.4470254979021,1638.8627592033565,6.339687283357711,29.271862762681227,1.5828592516466131,take_profit,7
2020-03-04 09:15:00,2020-03-04 10:00:00,long,1633.86,1638.6922042818119,1630.8086223238674,1638.7422042818118,6.079736810331358,29.378530247173114,1.5836139589041864,take_profit,3
2020-03-04 15:30:00,2020-03-04 15:45:00,long,1643.06,1639.8068666853228,1639.8868666853227,1648.1370133034836,5.8649695410586125,-19.079527803584487,-1.0252116731528076,stop_loss,1
2020-03-06 08:30:00,2020-03-06 09:00:00,long,1674.03,1670.817057693038,1670.8970576930378,1679.0427076911394,5.9280284681340065,-19.04641346214334,-1.0255351015632008,stop_loss,2
2020-03-09 11:15:00,2020-03-09 12:15:00,long,1665.27,1677.8270216771866,1657.3906114517583,1677.8770216771866,2.3522229224125266,29.536914226309403,1.5936543299402135,take_profit,4
2020-03-10 11:45:00,2020-03-10 14:00:00,long,1658.9199999999998,1666.0879729720227,1654.4087668924856,1666.1379729720227,4.121523260514103,29.542967334928704,1.5889165558931835,take_profit,9
2020-03-10 16:00:00,2020-03-10 19:00:00,long,1653.6599999999999,1653.98,1649.225071390444,1660.7558857752888,4.20575837020286,1.3458426784656037,0.07215448729223581,time_stop,12
2020-03-11 11:00:00,2020-03-11 12:00:00,long,1657.06,1661.6602740138167,1654.1535787413645,1661.7102740138166,6.418522349718421,29.526961572511457,1.5827967126749447,take_profit,4
2020-03-11 15:30:00,2020-03-11 16:00:00,long,1660.76,1657.463538226739,1657.543538226739,1665.9063388372176,5.818189379698421,-19.17943887976865,-1.0248720506069684,stop_loss,2
2020-03-12 11:45:00,2020-03-12 12:00:00,long,1636.1399999999999,1632.4294460134515,1632.5094460134515,1641.9488863784773,5.144015189094775,-19.08714606676087,-1.0220352046261632,stop_loss,1
2020-03-13 07:15:00,2020-03-13 07:30:00,short,1583.1100000000001,1590.3509931039046,1590.2709931039046,1571.652411033753,2.6026348984106895,-18.845661351372808,-1.011171634833206,stop_loss,1
2020-03-13 09:45:00,2020-03-13 10:30:00,short,1590.64,1580.142145003668,1597.2324093727077,1580.092145003668,2.821390205802432,29.618545268585457,1.5924155195508505,take_profit,3
2020-03-13 14:45:00,2020-03-13 15:30:00,short,1593.97,1584.6970405537024,1599.796849653936,1584.6470405537025,3.2022443405126078,29.694281906709385,1.59141903378847,take_profit,3
2020-03-16 10:45:00,2020-03-16 11:30:00,short,1539.69,1529.744580828809,1545.9371369819944,1529.694580828809,2.996314142798307,29.79960011869741,1.5919963336574932,take_profit,3
2020-03-17 15:15:00,2020-03-17 15:30:00,short,1487.05,1493.115766074307,1493.035766074307,1477.4727742811087,3.1371062380781565,-19.028952590431405,-1.0133650394965006,stop_loss,1
2020-03-18 12:15:00,2020-03-18 12:45:00,short,1509.51,1496.3871345012337,1517.743040936729,1496.3371345012338,2.2761852309761648,29.87007263637842,1.5939269098278206,take_profit,2
2020-03-19 08:30:00,2020-03-19 08:45:00,short,1481.6200000000001,1488.0875616643966,1488.0075616643967,1471.3999013369655,2.9431678814568856,-19.035119761993613,-1.0125243409305678,stop_loss,1
2020-03-19 09:00:00,2020-03-19 09:30:00,short,1490.28,1479.5995679895263,1496.986520006546,1479.5495679895264,2.7975158612276756,29.878677954063754,1.5925445685763642,take_profit,2
2020-03-20 09:30:00,2020-03-20 10:00:00,short,1507.14,1512.4104452962997,1512.3304452962998,1498.8352875259206,3.626153898833945,-19.111445759767868,-1.0154129357758495,stop_loss,2
2020-03-20 10:15:00,2020-03-20 10:30:00,short,1514.0,1505.7264616233408,1519.202211485412,1505.6764616233409,3.6106049531076767,29.872478642492116,1.5903887029314216,take_profit,1
2020-03-23 14:15:00,2020-03-23 14:30:00,short,1518.18,1509.9500903322244,1523.35494354236,1509.9000903322244,3.641175089039554,29.966542067350673,1.5903380588424176,take_profit,1
2020-03-25 07:15:00,2020-03-25 09:30:00,long,1608.51,1601.5552463103156,1601.6352463103156,1619.5096059034952,2.7495979421233967,-19.122776433131236,-1.011636780546766,stop_loss,9
2020-03-27 11:00:00,2020-03-27 11:45:00,long,1617.27,1623.1335067701784,1613.5740582686385,1623.1835067701784,5.104128911130363,29.928094426276427,1.5864716481930328,take_profit,3
2020-03-27 14:00:00,2020-03-27 14:45:00,long,1617.73,1624.5263625605144,1613.4510233996787,1624.5763625605143,4.422650788117561,30.057938234591493,1.5883149629759454,take_profit,3
2020-03-30 08:15:00,2020-03-30 08:45:00,long,1613.19,1620.022073844051,1608.8887038474682,1620.072073844051,4.413677746658302,30.154572289013746,1.5883755969765756,take_profit,2
2020-03-31 12:00:00,2020-03-31 12:15:00,long,1610.1399999999999,1607.018846866164,1607.098846866164,1615.005845014137,6.262375953023183,-19.545834331036467,-1.0263058111444132,stop_loss,1
2020-03-31 12:30:00,2020-03-31 13:15:00,long,1605.9099999999999,1602.394209797866,1602.474209797866,1611.4072643234142,5.531697649736962,-19.448288398111547,-1.0232843087887737,stop_loss,3
2020-03-31 13:45:00,2020-03-31 15:00:00,long,1599.82,1605.5115704811117,1596.231518449305,1605.5615704811116,5.285482380608483,30.082695495907448,1.5860665300089118,take_profit,5
2020-04-01 12:45:00,2020-04-01 14:00:00,long,1592.6599999999999,1589.5663650075442,1589.646365007544,1597.4818159879292,6.313644966281656,-19.53211299763066,-1.0265460150947932,stop_loss,5
2020-04-01 14:15:00,2020-04-01 14:30:00,long,1590.01,1594.4103414636547,1587.2285365852158,1594.4603414636547,6.826606840631988,30.039401136902026,1.5820238512812386,take_profit,1
2020-04-01 15:45:00,2020-04-01 16:15:00,long,1582.29,1578.4131074087898,1578.4931074087897,1588.3650281459365,5.016743434013092,-19.44937545132781,-1.02106986122945,stop_loss,2
2020-04-02 11:45:00,2020-04-02 12:00:00,long,1589.31,1585.7193961290163,1585.7993961290163,1594.926966193574,5.414777036743262,-19.442319388643536,-1.0227881022581766,stop_loss,1
2020-04-03 11:45:00,2020-04-03 14:45:00,long,1610.46,1615.5106228079053,1607.2721107450593,1615.5606228079052,5.950725094206541,30.05486788437371,1.5843156408515708,take_profit,12
2020-04-07 07:30:00,2020-04-07 08:45:00,long,1658.07,1664.773226379039,1653.8492335131004,1664.823226379039,4.508745599113997,30.223142436357175,1.5881538104144526,take_profit,5
2020-04-07 11:00:00,2020-04-07 11:15:00,long,1645.72,1654.7019271804259,1640.075045512234,1654.7519271804258,3.3819242739588424,30.37619755841281,1.5911425326620277,take_profit,1
2020-04-08 14:15:00,2020-04-08 14:30:00,long,1647.34,1644.2070959523953,1644.2870959523952,1652.2246464761674,6.273227295732376,-19.653419186343605,-1.0262045576121845,stop_loss,1
2020-04-09 14:30:00,2020-04-09 14:45:00,long,1657.58,1662.351850489102,1654.566343444311,1662.401850489102,6.341881966687555,30.26251256456521,1.5834088592790203,take_profit,1
2020-04-13 12:45:00,2020-04-13 15:00:00,long,1688.86,1693.9275480484173,1685.661532469739,1693.9775480484172,5.99436417848472,30.376728494183375,1.5843675136524422,take_profit,9
2020-04-14 07:15:00,2020-04-14 08:15:00,long,1715.79,1712.4467897865443,1712.5267897865442,1721.0111363415292,5.894052601061795,-19.705056854514794,-1.0245157359676216,stop_loss,4
2020-04-14 09:30:00,2020-04-14 10:30:00,long,1710.28,1715.659366861907,1706.8866457113081,1715.709366861907,5.656386247874116,30.427776739961068,1.5852653169265332,take_profit,4
2020-04-15 10:00:00,2020-04-15 10:15:00,long,1713.6699999999998,1710.2331247635104,1710.3131247635104,1719.0410003783832,5.735982641504849,-19.713856697521148,-1.0238316870196191,stop_loss,1
2020-04-15 15:45:00,2020-04-15 16:45:00,long,1714.98,1722.3169367755102,1710.3631645153062,1722.36693677551,4.162060882721769,30.536777552353538,1.5891700711091374,take_profit,4
2020-04-16 15:45:00,2020-04-16 16:00:00,long,1728.74,1724.57618028684,1724.65618028684,1735.2741115410558,4.720243615503524,-19.654243417150777,-1.0195895033617985,stop_loss,1
2020-04-17 09:00:00,2020-04-17 09:15:00,long,1694.81,1690.6440132090659,1690.7240132090658,1701.3475788654946,4.708119831361083,-19.61396502758508,-1.0195791137106531,stop_loss,1
2020-04-17 13:00:00,2020-04-17 13:15:00,long,1690.7,1685.6820937503433,1685.7620937503432,1698.6006499994512,3.8879003651305557,-19.50911954023153,-1.0162011986366666,stop_loss,1
2020-04-17 13:30:00,2020-04-17 15:00:00,long,1685.4199999999998,1693.2221318872816,1680.5124175704486,1693.2721318872816,3.903972994233122,30.45931218539326,1.589811684119851,take_profit,6
2020-04-20 10:45:00,2020-04-20 11:45:00,long,1674.49,1680.1433970607206,1670.9253768370497,1680.1933970607206,5.391870898466626,30.48238708917636,1.5859732718679764,take_profit,4
2020-04-21 12:15:00,2020-04-21 12:30:00,long,1689.6,1686.2713294719563,1686.3513294719562,1694.79787284487,5.935028653736924,-19.755754962788565,-1.024625458109506,stop_loss,1
2020-04-22 09:30:00,2020-04-22 10:00:00,long,1681.77,1687.1716795945142,1678.3627002534286,1687.2216795945142,5.647123115577386,30.503949701124018,1.585325623303216,take_profit,2
2020-04-22 15:00:00,2020-04-22 15:30:00,long,1695.33,1701.7133041965649,1691.309184877147,1701.7633041965648,4.800630834841852,30.64388695420509,1.5875647105195847,take_profit,2
2020-04-23 10:15:00,2020-04-23 10:30:00,long,1711.93,1717.153433018913,1708.6341043631796,1717.2034330189128,5.875106182838794,30.688223625059063,1.5848296167386844,take_profit,1
2020-04-24 15:00:00,2020-04-24 16:30:00,long,1730.75,1735.738073001655,1727.6012043739656,1735.788073001655,6.169061313639289,30.771728184118704,1.5841209129018878,take_profit,6
2020-04-27 10:00:00,2020-04-27 10:15:00,long,1714.73,1718.7271304130084,1712.20054349187,1718.7771304130083,7.703890806131629,30.793456239684037,1.580232907804837,take_profit,1
2020-04-27 13:00:00,2020-04-27 15:00:00,long,1717.23,1714.0139270773457,1714.0939270773456,1722.247716676247,6.233351115262622,-20.0469117391934,-1.0255096108964883,stop_loss,8
2020-04-28 08:15:00,2020-04-28 09:30:00,long,1694.2,1698.5048820142151,1691.4781987411156,1698.554882014215,7.167367478730021,30.85467134845496,1.5816298123028834,take_profit,5
2020-04-29 11:00:00,2020-04-29 11:30:00,long,1704.35,1707.9289828263559,1702.0818857335273,1707.9789828263558,8.628250991792719,30.88036212111499,1.5779552552799987,take_profit,2
2020-04-29 14:00:00,2020-04-29 14:15:00,long,1703.29,1707.121570266441,1700.8640185834743,1707.171570266441,8.092238365761455,31.00597991120532,1.579389784414898,take_profit,1
2020-04-30 11:15:00,2020-04-30 14:00:00,long,1716.09,1713.3425563914284,1713.4225563914283,1720.3579097737143,7.3829608955826505,-20.28426872490209,-1.0299912619494014,stop_loss,11
2020-04-30 15:30:00,2020-04-30 15:45:00,long,1712.06,1709.2024887709558,1709.2824887709558,1716.5040179664707,7.075781768331243,-20.219125857272196,-1.0288027638424553,stop_loss,1
2020-05-01 13:30:00,2020-05-01 14:00:00,short,1677.82,1681.384909769274,1681.304909769274,1672.2441443691614,5.627871699007345,-20.062854800011845,-1.0229561180336075,stop_loss,2
2020-05-01 14:30:00,2020-05-01 14:45:00,short,1683.54,1677.7861491911603,1687.1674067555246,1677.7361491911604,5.395727767414686,31.046212578817368,1.5862160481662069,take_profit,1
2020-05-04 13:45:00,2020-05-04 14:00:00,short,1708.95,1704.3104373258952,1711.8809766713155,1704.2604373258953,6.6989928551145,31.080397204684036,1.5829408399973979,take_profit,1
2020-05-05 11:15:00,2020-05-05 11:30:00,short,1702.3500000000001,1697.3964440916168,1705.4772224427397,1697.3464440916168,6.298481459094212,31.19988004553912,1.5840113708201078,take_profit,1
2020-05-06 11:00:00,2020-05-06 11:15:00,short,1705.92,1702.5530595305227,1708.0555877934235,1702.5030595305227,9.25232500157508,31.152027484560808,1.576587242091392,take_profit,1
2020-05-06 12:30:00,2020-05-06 13:15:00,long,1701.76,1699.22068643651,1699.30068643651,1705.694901701584,8.059751584092513,-20.466236515845655,-1.032529402182615,stop_loss,3
2020-05-06 15:45:00,2020-05-06 16:00:00,long,1695.51,1692.4375890596755,1692.5175890596754,1700.2978575045192,6.610229781455599,-20.30934229860312,-1.0267342960560255,stop_loss,1
2020-05-07 11:15:00,2020-05-07 12:00:00,short,1691.5900000000001,1693.8617507570382,1693.7817507570383,1688.083198788739,9.006455304327622,-20.4604216558355,-1.0365005006810344,stop_loss,3
2020-05-07 15:00:00,2020-05-07 15:45:00,short,1695.43,1698.1463823979675,1698.0663823979676,1691.211788163252,7.471975386941211,-20.29674241913303,-1.0303446116396477,stop_loss,3
2020-05-07 16:00:00,2020-05-07 17:00:00,short,1697.8700000000001,1700.7873187647947,1700.7073187647948,1693.330289976329,6.928509812595134,-20.21267168834711,-1.0281956334947502,stop_loss,4
2020-05-08 07:30:00,2020-05-08 08:00:00,long,1713.98,1717.8625897804443,1711.5221313872225,1717.9125897804443,7.981698231539866,30.989659984366845,1.5796571713639402,take_profit,2
2020-05-08 15:45:00,2020-05-08 16:00:00,long,1712.47,1708.9609538135662,1709.0409538135661,1717.9564738982942,5.739189211796148,-20.13908001687532,-1.0233301027896404,stop_loss,1
2020-05-11 11:45:00,2020-05-11 12:30:00,long,1703.87,1701.213522770082,1701.2935227700818,1707.9923635678688,7.622682045019639,-20.24948128349931,-1.0310501482687164,stop_loss,3
2020-05-11 12:45:00,2020-05-11 13:00:00,long,1702.07,1699.3526307745813,1699.4326307745812,1706.28979076067,7.4313325447328715,-20.193674360909384,-1.0303332575616997,stop_loss,1
2020-05-11 13:15:00,2020-05-11 15:00:00,long,1698.08,1702.592493053843,1695.228441841348,1702.642493053843,6.8589800103730925,30.951099653257753,1.5824657267297482,take_profit,7
2020-05-12 10:30:00,2020-05-12 10:45:00,short,1702.27,1704.2891149026696,1704.2091149026696,1699.1674161557285,10.118370283732824,-20.43015223061388,-1.0412559358343276,stop_loss,1
2020-05-12 13:45:00,2020-05-12 14:15:00,long,1702.3,1705.8298904154753,1700.062568490328,1705.8798904154753,8.751026442067623,30.89016436342623,1.5776529472372083,take_profit,2
2020-05-12 15:30:00,2020-05-12 16:30:00,long,1700.96,1704.7936426587773,1698.5327233382643,1704.8436426587773,8.092032911541288,31.021962565914624,1.5794007824538188,take_profit,4
2020-05-14 13:45:00,2020-05-14 14:00:00,long,1715.8899999999999,1713.8231948180344,1713.9031948180343,1719.0688882911447,9.917251442751141,-20.49702667273281,-1.0402656489554667,stop_loss,1
2020-05-14 14:15:00,2020-05-14 15:00:00,long,1715.47,1713.41081594004,1713.49081594004,1718.6366944959361,9.934726588473408,-20.457430631045124,-1.0404206974067594,stop_loss,3
2020-05-15 13:30:00,2020-05-15 14:00:00,long,1731.07,1734.7308979541,1728.7506887786874,1734.7808979541,8.460157249444746,30.971772365857948,1.578441875527333,take_profit,2
2020-05-18 15:15:00,2020-05-18 15:45:00,long,1755.05,1751.7781946103873,1751.8581946103873,1760.1568886233802,6.166942775237987,-20.177036609456188,-1.0250641847589694,stop_loss,2
2020-05-18 16:00:00,2020-05-18 16:15:00,long,1748.76,1745.0015902183022,1745.0815902183022,1754.6454556507165,5.340168246603549,-20.07054057394658,-1.02174852850761,stop_loss,1
2020-05-19 10:00:00,2020-05-19 10:45:00,long,1728.94,1732.9822379667667,1726.3823512707709,1733.0322379667666,7.664534151638065,30.98187094533067,1.5804507947363202,take_profit,3
2020-05-19 13:15:00,2020-05-19 14:15:00,long,1734.47,1731.677778746792,1731.757778746792,1738.809554005133,7.250569897902284,-20.24519536679311,-1.0294961186906493,stop_loss,4
2020-05-19 14:30:00,2020-05-19 16:00:00,long,1732.44,1736.5623430587475,1729.832285588283,1736.6123430587475,7.52561679915925,31.023174174807313,1.5808261212289019,take_profit,6
2020-05-20 15:45:00,2020-05-20 16:00:00,long,1744.3899999999999,1749.0487040843748,1741.4470599472656,1749.0987040843747,6.68946882362994,31.164255730943385,1.583010187396305,take_profit,1
2020-05-21 13:15:00,2020-05-21 14:15:00,long,1732.29,1736.118242805803,1729.8660982463732,1736.168242805803,8.147621583461447,31.191073711291768,1.5793721012310171,take_profit,4
2020-05-22 12:30:00,2020-05-22 14:45:00,long,1733.73,1731.3271960927696,1731.4071960927695,1737.446486251569,8.529095516755426,-20.493744032801768,-1.0344411337310477,stop_loss,9
2020-05-25 14:30:00,2020-05-25 15:00:00,long,1727.08,1729.5111162973783,1725.5293023141385,1729.5611162973782,12.74937667325749,30.99521741177187,1.5677564489482176,take_profit,2
2020-05-26 07:45:00,2020-05-26 08:00:00,long,1732.36,1730.5137531442415,1730.5937531442414,1735.1859949692134,11.228565969451214,-20.730704615775174,-1.0452937819756642,stop_loss,1
2020-05-26 09:45:00,2020-05-26 10:00:00,long,1731.45,1729.5333701781283,1729.6133701781282,1734.388607714995,10.775692354171833,-20.653013317321307,-1.0435580425882411,stop_loss,1
2020-05-26 10:15:00,2020-05-26 11:45:00,long,1728.6499999999999,1726.4762732658348,1726.5562732658348,1731.999962774664,9.432774382674683,-20.504273852966993,-1.0382093798080239,stop_loss,6
2020-05-26 12:00:00,2020-05-26 12:30:00,long,1725.55,1723.5266161305851,1723.606616130585,1728.659414191064,10.141405238987339,-20.51995577376602,-1.041165310291483,stop_loss,2
2020-05-26 12:45:00,2020-05-26 13:00:00,long,1722.26,1720.2255195477026,1720.3055195477025,1725.3871687236763,10.062829443999226,-20.47262979861944,-1.0409315938186472,stop_loss,1
2020-05-27 08:45:00,2020-05-27 10:00:00,short,1707.48,1709.762173156689,1709.682173156689,1703.9565229492976,8.91240460537256,-20.339650551932152,-1.0363277518649843,stop_loss,5
2020-05-27 10:15:00,2020-05-27 11:30:00,short,1709.78,1706.2016211118953,1712.0477368050654,1706.1516211118953,8.636795433513418,30.905726440163328,1.577951585965236,take_profit,5
2020-05-28 12:45:00,2020-05-28 14:00:00,short,1723.43,1725.7446368609465,1725.6646368609465,1719.8545810224857,8.792386216594387,-20.35118123260637,-1.0358000001691747,stop_loss,5
2020-05-28 14:15:00,2020-05-28 14:45:00,short,1724.68,1721.1994859981496,1726.8865712511565,1721.1494859981497,8.885771516572746,30.927052180675364,1.577340409935252,take_profit,2
2020-05-29 11:15:00,2020-05-29 11:45:00,short,1722.2,1724.5592344559884,1724.4792344559885,1718.5532248704185,8.629626507048258,-20.359312197738824,-1.0350995044804345,stop_loss,2
2020-05-29 12:00:00,2020-05-29 13:45:00,short,1726.1100000000001,1728.520855721504,1728.440855721504,1722.380630845594,8.421037506395189,-20.301906453291117,-1.034322158708438,stop_loss,7
2020-05-29 15:00:00,2020-05-29 15:15:00,short,1729.6000000000001,1731.9124630484405,1731.8324630484406,1726.0280591224953,8.773995006796309,-20.289539240416598,-1.0358348596433944,stop_loss,1
2020-06-01 13:15:00,2020-06-01 14:15:00,long,1733.82,1731.3137373793804,1731.3937373793804,1737.702020192991,8.05644054986969,-20.191555805381686,-1.0329725229742432,stop_loss,4
2020-06-01 14:30:00,2020-06-01 14:45:00,long,1730.35,1734.3542971000109,1727.8160643124932,1734.4042971000108,7.69816595818,30.825743621743147,1.580267849635497,take_profit,1
2020-06-03 07:15:00,2020-06-03 08:30:00,long,1725.1399999999999,1723.001032667678,1723.0810326676778,1728.4343477317152,9.503943374835874,-20.3286244070116,-1.0388544289868389,stop_loss,5
2020-06-03 08:45:00,2020-06-03 09:15:00,long,1724.03,1722.1404529986498,1722.2204529986498,1726.9252752021603,10.791458676475745,-20.390968382328673,-1.044209959697225,stop_loss,2
2020-06-03 09:30:00,2020-06-03 09:45:00,long,1722.83,1720.8545500138607,1720.9345500138606,1725.862719977823,10.280867284258054,-20.309339134186636,-1.0422063365348266,stop_loss,1
2020-06-03 11:15:00,2020-06-03 11:30:00,long,1718.54,1716.1486967951666,1716.2286967951666,1722.2380851277335,8.413543940281135,-20.119334588400243,-1.0346125077110744,stop_loss,1
2020-06-03 11:45:00,2020-06-03 13:00:00,long,1716.1599999999999,1720.2173489111578,1713.5929069305262,1720.2673489111578,7.559528181804587,30.671643437312962,1.5805227162994289,take_profit,5
2020-06-04 12:15:00,2020-06-04 12:30:00,short,1705.45,1707.7466526815917,1707.6666526815918,1701.9033557094533,8.782321133366178,-20.16994138154485,-1.0360904532605801,stop_loss,1
2020-06-04 12:45:00,2020-06-04 13:15:00,short,1707.22,1709.5474709346377,1709.4674709346377,1703.6240465045796,8.643945293666176,-20.11853143160577,-1.0355955660057616,stop_loss,2
2020-06-04 13:30:00,2020-06-04 13:45:00,short,1709.32,1711.6717688204806,1711.5917688204806,1705.6851698872308,8.533781505614504,-20.06948126569843,-1.035214850771215,stop_loss,1
2020-06-04 14:00:00,2020-06-04 14:30:00,short,1712.3600000000001,1708.4538454639899,1714.8325965850065,1708.40384546399,7.824422269299758,30.56340253888496,1.5797783430167498,take_profit,2
2020-06-04 15:45:00,2020-06-04 16:45:00,short,1715.4,1710.364513157807,1718.5784292763708,1710.3145131578071,6.10608728408047,30.747122176269166,1.5842689593970676,take_profit,4
2020-06-09 10:30:00,2020-06-09 10:45:00,short,1698.53,1700.9709091958525,1700.8909091958526,1694.752545286636,8.2465098049303,-20.128981616542628,-1.0338852507078466,stop_loss,1
2020-06-09 11:00:00,2020-06-09 11:15:00,short,1701.8300000000002,1704.35287578622,1704.27287578622,1697.9213987420485,7.9533322891459335,-20.065269452046817,-1.0327482880837418,stop_loss,1
2020-06-09 11:30:00,2020-06-09 12:00:00,short,1705.05,1707.644826570771,1707.5648265707712,1701.026277486766,7.70982482663433,-20.005658316141812,-1.0318113387737087,stop_loss,2
2020-06-09 12:15:00,2020-06-09 15:00:00,short,1709.04,1704.6454495766855,1711.8178440145714,1704.5954495766855,6.965423872572818,30.60990642777989,1.5820004292042702,take_profit,11
2020-06-10 11:45:00,2020-06-10 12:30:00,short,1720.3600000000001,1717.4178015622465,1722.230124023596,1717.3678015622465,10.379034000596539,30.537177621946963,1.5732638053043313,take_profit,3
2020-06-10 14:30:00,2020-06-10 14:45:00,short,1721.71,1723.6873227881883,1723.6073227881884,1718.6742835388986,10.262436788666031,-20.292150124571332,-1.0421646756671878,stop_loss,1
2020-06-10 15:00:00,2020-06-10 17:15:00,short,1723.53,1725.5883038326724,1725.5083038326725,1720.3647138677238,9.821833512287501,-20.21631756221194,-1.0404386822078056,stop_loss,9
2020-06-11 07:15:00,2020-06-11 08:15:00,long,1731.07,1728.959230679843,1729.0392306798428,1734.3192309122512,9.54817371606006,-20.153992143389342,-1.0393939376599102,stop_loss,4
2020-06-11 08:30:00,2020-06-11 08:45:00,long,1729.28,1727.3638486694736,1727.4438486694735,1732.2178421288422,10.538254630826186,-20.19289063228378,-1.0435693935842358,stop_loss,1
2020-06-11 09:00:00,2020-06-11 09:45:00,long,1728.06,1731.0095067335426,1726.1853082915359,1731.0595067335425,10.300063948313968,30.380107971471926,1.5733289480216306,take_profit,3
2020-06-11 11:45:00,2020-06-11 14:15:00,long,1731.83,1729.4174191223117,1729.4974191223116,1735.5621294043012,8.304194243285364,-20.034540235959053,-1.034296774343452,stop_loss,10
2020-06-11 14:30:00,2020-06-11 15:15:00,long,1726.56,1724.0748848471192,1724.154884847119,1730.4081842446092,8.037093605630991,-19.973103104474802,-1.0332624406378643,stop_loss,3
2020-06-15 09:15:00,2020-06-15 10:00:00,long,1720.1499999999999,1723.544765781316,1717.9970213866773,1723.594765781316,8.959768244072901,30.416314643502304,1.576776360113122,take_profit,3
2020-06-15 12:30:00,2020-06-15 12:45:00,long,1718.04,1715.162482387304,1715.2424823873039,1722.516028180314,6.91721187072477,-19.904398988760445,-1.0285967815311905,stop_loss,1
2020-06-15 13:00:00,2020-06-15 13:15:00,long,1713.99,1710.9337730788488,1711.0137730788488,1718.751963073842,6.488488194191744,-19.830292296660314,-1.026879670844783,stop_loss,1
2020-06-15 14:00:00,2020-06-15 15:30:00,long,1709.76,1706.585343422142,1706.6653434221419,1714.7114505245731,6.227363900220011,-19.769741768549274,-1.0258510106007617,stop_loss,6
2020-06-16 09:15:00,2020-06-16 09:45:00,long,1723.86,1727.3926371342384,1721.620851791101,1727.4426371342383,8.588986247789082,30.341771764403376,1.5776700801665582,take_profit,2
2020-06-16 14:15:00,2020-06-16 14:30:00,long,1726.43,1730.643796285506,1723.7651273215588,1730.6937962855059,7.239631698955489,30.50633316148905,1.58123737752851,take_profit,1
2020-06-16 15:45:00,2020-06-16 16:00:00,long,1724.81,1721.274625026276,1721.354625026276,1730.3385999579584,5.601044613108492,-19.801792951895088,-1.0231523353060892,stop_loss,1
2020-06-17 10:45:00,2020-06-17 11:15:00,long,1723.79,1721.8899141397521,1721.969914139752,1726.7021373763966,10.611645427712073,-20.163037431159218,-1.0439539703852383,stop_loss,2
2020-06-17 11:30:00,2020-06-17 11:45:00,long,1723.47,1721.2930179901732,1721.3730179901731,1726.825171215723,9.191199367357383,-20.00907567146863,-1.03815006501011,stop_loss,1
2020-06-17 12:00:00,2020-06-17 12:15:00,long,1719.94,1717.533520613976,1717.6135206139759,1723.6623670176386,8.267325163627262,-19.89514758382735,-1.034386722048994,stop_loss,1
2020-06-17 12:45:00,2020-06-17 13:00:00,long,1716.3999999999999,1713.6937262350236,1713.7737262350236,1720.602038023962,7.308442680857871,-19.77864669003821,-1.030461409266162,stop_loss,1
2020-06-17 13:15:00,2020-06-17 13:45:00,long,1714.85,1719.0450633982123,1712.1968353761172,1719.0950633982122,7.219459286381869,30.286089407184967,1.5811545806280092,take_profit,2
2020-06-18 09:30:00,2020-06-18 10:30:00,long,1725.8,1728.3319250155578,1724.1862968652765,1728.3819250155577,11.907386028780042,30.148608556171848,1.569015366628602,take_profit,4
2020-06-19 11:30:00,2020-06-19 13:00:00,long,1729.1599999999999,1731.7667552073367,1727.4995279954144,1731.8167552073367,11.608315783034671,30.260037615836126,1.569888080099013,take_profit,6
2020-06-22 09:15:00,2020-06-22 10:00:00,long,1751.09,1748.8435629267663,1748.9235629267662,1754.5562993171739,8.925162744047208,-20.049816472871555,-1.0369269899358375,stop_loss,3
2020-06-22 10:15:00,2020-06-22 10:30:00,long,1747.82,1745.4127582452982,1745.492758245298,1751.543586807523,8.291233079424854,-19.959002466756065,-1.0343754574866575,stop_loss,1
2020-06-22 13:30:00,2020-06-22 15:15:00,long,1745.2,1749.2423543994269,1742.6422785003583,1749.2923543994268,7.528491987171552,30.432832705392435,1.580451350935996,take_profit,7
2020-06-23 10:00:00,2020-06-23 10:30:00,long,1749.77,1753.6632657019088,1747.305458936307,1753.7132657019088,7.837829024417151,30.51475091818885,1.5797122471455793,take_profit,2
2020-06-24 09:45:00,2020-06-24 10:00:00,long,1766.62,1769.9626959167083,1764.499565052057,1770.0126959167083,9.138540657196662,30.547362539485054,1.5764199321235277,take_profit,1
2020-06-24 14:45:00,2020-06-24 15:00:00,long,1775.07,1772.6837962897914,1772.7637962897913,1778.7599259363335,8.428906614688039,-20.11308823696973,-1.0346890431429803,stop_loss,1
2020-06-25 12:00:00,2020-06-25 12:30:00,long,1762.85,1760.4403451635812,1760.5203451635812,1766.57744773827,8.326791260263157,-20.064692832141805,-1.0343398510154005,stop_loss,2
2020-06-25 15:15:00,2020-06-25 15:45:00,long,1757.73,1761.8659704929926,1755.1137684418798,1761.9159704929925,7.3993527390847325,30.603504596098098,1.5808885418247198,take_profit,2
2020-06-26 12:30:00,2020-06-26 14:15:00,long,1761.6299999999999,1764.366852495445,1759.8882171903467,1764.416852495445,11.149281671183962,30.51393936420116,1.5712937803021376,take_profit,7
2020-06-26 15:45:00,2020-06-26 16:00:00,long,1759.84,1757.650083001837,1757.7300830018369,1763.2158671970608,9.23290112859326,-20.21928712386446,-1.0379161834657844,stop_loss,1
2020-06-29 09:15:00,2020-06-29 10:00:00,long,1771.8799999999999,1769.7424226456899,1769.8224226456898,1775.1721237668958,9.448109651191455,-20.196065231424576,-1.0388806767494543,stop_loss,3
2020-06-29 15:30:00,2020-06-29 16:30:00,long,1768.79,1772.1246079801715,1766.6746200123928,1772.1746079801715,9.170846109219006,30.581176620726822,1.576363584654825,take_profit,4
2020-06-30 12:30:00,2020-06-30 14:30:00,long,1770.33,1768.7896637096308,1768.8696637096307,1772.666538064591,13.326373391150813,-20.52709655339964,-1.0547819023108023,stop_loss,8
2020-06-30 15:00:00,2020-06-30 15:15:00,long,1765.8899999999999,1768.635430849183,1764.1428557192605,1768.685430849183,11.115242572172521,30.516129853795686,1.5713818712334937,take_profit,1
2020-07-01 13:45:00,2020-07-01 14:30:00,long,1780.52,1778.181657727235,1778.261657727235,1784.1333476364243,8.626223307088617,-20.171062613275804,-1.035424214019595,stop_loss,3
2020-07-01 14:45:00,2020-07-01 15:00:00,long,1777.75,1781.9285374282567,1775.1071641073395,1781.9785374282567,7.3559704094650105,30.737197677098543,1.5810809289600813,take_profit,1
2020-07-02 15:15:00,2020-07-02 15:30:00,long,1768.95,1767.1437407150045,1767.2237407150044,1771.7120148559932,11.29731621914847,-20.405882316368043,-1.046342980278382,stop_loss,1
2020-07-02 15:45:00,2020-07-02 16:00:00,long,1765.1699999999998,1762.811337657325,1762.891337657325,1768.8158597482795,8.540662163820038,-20.14453822730923,-1.035108317060271,stop_loss,1
2020-07-06 13:15:00,2020-07-06 14:15:00,long,1774.9199999999998,1777.385923837762,1773.3475476013987,1777.435923837762,12.350768897695241,30.45605543951802,1.568202535069293,take_profit,4
2020-07-07 10:30:00,2020-07-07 10:45:00,long,1781.95,1780.4350380773153,1780.5150380773152,1784.2459390762958,13.576602961128138,-20.56803652551793,-1.0557506082462784,stop_loss,1
2020-07-07 11:00:00,2020-07-07 11:15:00,long,1780.79,1779.259803240134,1779.339803240134,1783.1103148157856,13.40561002037678,-20.513221017206796,-1.0551649281076307,stop_loss,1
2020-07-07 11:30:00,2020-07-07 12:00:00,long,1777.6299999999999,1775.9565140182788,1776.0365140182787,1780.1795775707537,12.174406299193663,-20.37369827747783,-1.050204395217532,stop_loss,2
2020-07-07 12:30:00,2020-07-07 15:00:00,long,1775.83,1778.61674315385,1774.0570355288437,1778.66674315385,10.918999614449918,30.42844742245922,1.5717986452557915,take_profit,10
2020-07-09 13:45:00,2020-07-09 14:00:00,long,1811.58,1809.7691091131808,1809.8491091131807,1814.3494254189106,11.219572198176003,-20.317421047686445,-1.0462189734830365,stop_loss,1
2020-07-13 13:45:00,2020-07-13 14:00:00,long,1807.44,1809.6748159417468,1806.0119900364084,1809.7248159417468,13.570787966350254,30.328213289264834,1.564986238699549,take_profit,1
2020-07-14 10:45:00,2020-07-14 11:00:00,long,1798.01,1800.7474374289961,1796.2678516068775,1800.797437428996,11.15856544313848,30.545874697950232,1.5712998041973383,take_profit,1
2020-07-14 13:15:00,2020-07-14 13:30:00,long,1797.8999999999999,1795.819976028097,1795.899976028097,1801.1000383550445,9.750367435425323,-20.280998000545555,-1.0399995205676518,stop_loss,1
2020-07-15 12:30:00,2020-07-15 12:45:00,long,1809.78,1807.9096201151306,1807.9896201151305,1812.644607815791,10.869428758763014,-20.329960910411398,-1.0446832544735383,stop_loss,1
2020-07-15 14:15:00,2020-07-15 14:45:00,long,1804.01,1807.0979760906866,1802.0487649433207,1807.1479760906866,9.901794597110547,30.57650497076764,1.5745058605648237,take_profit,2
2020-07-16 09:45:00,2020-07-16 10:30:00,long,1806.19,1808.1303731214537,1804.9460167990917,1808.1803731214536,15.660098692335115,30.386434581917786,1.5598065311788276,take_profit,3
2020-07-16 11:30:00,2020-07-16 12:00:00,long,1804.8,1807.0317546482079,1803.37390334487,1807.0817546482078,13.702908913432749,30.581530661523345,1.5649392628332681,take_profit,2
2020-07-16 14:45:00,2020-07-16 15:00:00,long,1805.11,1803.507351131285,1803.587351131285,1807.5462381899436,12.874166875297647,-20.632768978341623,-1.052540018676431,stop_loss,1
2020-07-22 07:30:00,2020-07-22 08:45:00,long,1855.35,1859.7723438781702,1852.5547850761434,1859.8223438781702,6.9982347058212016,30.948600409287288,1.5821122878339702,take_profit,5
2020-07-22 10:30:00,2020-07-22 10:45:00,long,1855.48,1852.8180489850015,1852.8980489850014,1859.6111216239979,7.600247710815428,-20.23148710804532,-1.0309843213659773,stop_loss,1
2020-07-22 11:00:00,2020-07-22 11:15:00,long,1854.24,1851.2559708084962,1851.335970808496,1858.8864467064063,6.743391001115593,-20.122475597053306,-1.0275479324498449,stop_loss,1
2020-07-22 12:00:00,2020-07-22 12:30:00,long,1846.56,1851.6332543831131,1843.3579660105543,1851.683254383113,6.103232954486401,30.96325333750894,1.584384925280395,take_profit,2
2020-07-23 13:30:00,2020-07-23 14:15:00,long,1880.93,1877.9471639865396,1878.0271639865396,1885.574537621537,6.753631890171609,-20.144976423658697,-1.0275592557171558,stop_loss,3
2020-07-23 14:30:00,2020-07-23 15:00:00,long,1876.11,1872.9921517237492,1873.0721517237491,1880.970557242001,6.440214961539814,-20.07961311652086,-1.0263344290843455,stop_loss,2
2020-07-24 08:30:00,2020-07-24 09:00:00,long,1884.02,1888.0545823982693,1881.4671360010818,1888.1045823982693,7.647973688233694,30.85638002497457,1.5804141544473518,take_profit,2
2020-07-24 13:30:00,2020-07-24 14:00:00,long,1888.6599999999999,1893.0639863680854,1885.8762585199465,1893.1139863680853,7.03583633529069,30.985727308700824,1.5820385620007857,take_profit,2
2020-07-27 15:15:00,2020-07-27 15:30:00,long,1935.62,1931.9440911364165,1932.0240911364165,1941.3734541817335,5.4639652041828395,-20.08503812436668,-1.0222475048825919,stop_loss,1
2020-07-30 08:30:00,2020-07-30 09:00:00,long,1956.78,1961.5427846736864,1953.7720095789462,1961.5927846736863,6.518554944371911,31.046473583637134,1.583377606640712,take_profit,2
2020-07-30 10:00:00,2020-07-30 10:15:00,long,1955.4199999999998,1952.0273862471397,1952.1073862471396,1960.7201820045764,5.9378621374035605,-20.144872749942845,-1.024150114069548,stop_loss,1
2020-07-30 10:30:00,2020-07-30 10:45:00,long,1950.3799999999999,1956.3340957080277,1946.6274401824826,1956.3840957080276,5.230976983183197,31.145737604363323,1.586675762031438,take_profit,1
2020-07-30 12:15:00,2020-07-30 15:15:00,long,1949.93,1953.3100000000002,1945.3764407746753,1957.2156947605195,4.324495308887831,14.61679414404134,0.7422764990520238,time_stop,12
2020-07-30 15:45:00,2020-07-30 16:00:00,long,1949.48,1955.4680233411914,1945.7062354117554,1955.5180233411913,5.225837127832432,31.292434698725046,1.586750630880434,take_profit,1
2020-07-31 13:00:00,2020-07-31 14:30:00,long,1974.6499999999999,1971.1523610818795,1971.2323610818794,1980.1182222689927,5.78869343436239,-20.24675944109394,-1.023407973140686,stop_loss,6
2020-08-03 15:45:00,2020-08-03 16:30:00,long,1967.26,1964.5545871374836,1964.6345871374835,1971.4606605800263,7.520025032763602,-20.344772450083724,-1.030471397905489,stop_loss,3
2020-08-04 09:45:00,2020-08-04 10:00:00,long,1972.1699999999998,1975.2683351668175,1970.2022905207389,1975.3183351668174,10.012901350641863,31.023324376569185,1.574589744813989,take_profit,1
2020-08-04 13:00:00,2020-08-04 14:15:00,long,1974.6299999999999,1972.3165737761747,1972.3965737761746,1978.2034819581204,8.849420384016332,-20.47248118203681,-1.0358194056944972,stop_loss,5
2020-08-04 14:30:00,2020-08-04 15:15:00,long,1971.46,1975.2241399625148,1969.0761625234284,1975.2741399625147,8.273878896021746,31.144038197522615,1.5790254157461008,take_profit,3
2020-08-05 16:00:00,2020-08-05 16:15:00,long,2035.1699999999998,2041.6551115325572,2031.0855552921516,2041.705111532557,4.844200884230073,31.415183020344774,1.5877584338689312,take_profit,1
2020-08-06 10:45:00,2020-08-06 11:00:00,long,2047.58,2044.1836588075967,2044.2636588075966,2052.8861459078453,5.9851203117624685,-20.32751065632837,-1.0241229702731374,stop_loss,1
2020-08-07 07:15:00,2020-08-07 07:30:00,long,2053.54,2061.1768570737604,2048.7357143288996,2061.2268570737606,4.122995043618682,31.486723863938565,1.5895926255382873,take_profit,1
2020-08-07 10:00:00,2020-08-07 13:00:00,long,2057.42,2057.6399999999994,2052.8042893283446,2064.805137074649,4.305083414311136,0.9471183511456308,0.047663299467693515,time_stop,12
2020-08-10 13:00:00,2020-08-10 15:00:00,long,2030.24,2034.9552162655943,2027.2617398340035,2035.0052162655943,6.672658729213438,31.463028974747235,1.5832116748661005,take_profit,8
2020-08-11 08:30:00,2020-08-11 08:45:00,long,2013.18,2009.8605342022386,2009.9405342022385,2018.3631452764184,6.154051623644319,-20.428163882345913,-1.0246954297388187,stop_loss,1
2020-08-11 09:15:00,2020-08-11 09:30:00,long,2003.9099999999999,1999.818375962944,1999.8983759629439,2010.3285984592897,4.9593339856669365,-20.291730143543116,-1.0199420482231023,stop_loss,1
2020-08-12 09:15:00,2020-08-12 09:30:00,short,1893.23,1902.4970616640214,1902.4170616640215,1878.5307013375655,2.1611262327929235,-20.027290063026314,-1.0087078984473594,stop_loss,1
2020-08-12 09:45:00,2020-08-12 10:00:00,short,1903.6200000000001,1912.8167521490798,1912.7367521490798,1889.0331965614726,2.1733995901464866,-19.988217351488547,-1.0087750548322192,stop_loss,1
2020-08-12 14:15:00,2020-08-12 14:45:00,short,1939.52,1925.8159477608192,1948.1162826494879,1925.7659477608192,2.300339548601519,31.52397334188876,1.5941835323431581,take_profit,2
2020-08-14 15:15:00,2020-08-14 15:30:00,short,1951.42,1944.9940446332566,1955.4674721042147,1944.9440446332567,4.901186811294142,31.494807693447747,1.5876466103502145,take_profit,1
2020-08-17 15:45:00,2020-08-17 16:15:00,short,1961.01,1964.365002361377,1964.285002361377,1955.7699962217964,6.076455622241651,-20.38652296142357,-1.0244274633030457,stop_loss,2
2020-08-18 07:30:00,2020-08-18 08:30:00,short,1993.1100000000001,1996.358982313477,1996.2789823134772,1988.039628298437,6.2668805001728165,-20.360983905735203,-1.0252446975357685,stop_loss,4
2020-08-18 08:45:00,2020-08-18 09:15:00,short,1997.0900000000001,2000.3988617096259,2000.318861709626,1991.923821264599,6.138049034068816,-20.309955420635422,-1.0247765334022927,stop_loss,2
2020-08-18 09:30:00,2020-08-18 10:00:00,short,2005.52,1999.5436739498261,2009.2864537813587,1999.4936739498262,5.251170659509445,31.382708006334834,1.5867249134324943,take_profit,2
2020-08-18 13:15:00,2020-08-18 14:15:00,long,2005.12,2001.5226565831902,2001.60265658319,2010.7477494668958,5.640921187353773,-20.29233069806965,-1.0227444382079944,stop_loss,4
2020-08-18 14:30:00,2020-08-18 14:45:00,long,2002.04,2007.5849395765383,1998.5431627646635,2007.6349395765383,5.662394618084233,31.39763601579304,1.585701364794823,take_profit,1
2020-08-19 07:30:00,2020-08-19 08:30:00,long,1991.83,1988.317863114155,1988.397863114155,1997.321419017352,5.787434555899642,-20.326262378188755,-1.0233090936232372,stop_loss,4
2020-08-19 08:45:00,2020-08-19 09:00:00,long,1986.96,1992.427725057286,1983.5114218391964,1992.4777250572859,5.7480544632171915,31.428781419176467,1.5855012710547502,take_profit,1
2020-08-19 13:00:00,2020-08-19 14:45:00,long,1986.81,1982.4084589995025,1982.4884589995024,1993.724465600796,4.601477262279789,-20.253590832781228,-1.0185119150762927,stop_loss,7
2020-08-20 07:30:00,2020-08-20 08:00:00,short,1953.03,1944.8381741231565,1958.181141173027,1944.7881741231565,3.8525376811739767,31.559317868155617,1.5902934129894015,take_profit,2
2020-08-20 14:30:00,2020-08-20 14:45:00,short,1936.16,1941.257166937722,1941.1771669377222,1928.1325328996447,3.9679931628722405,-20.225523558899418,-1.0159452537643183,stop_loss,1
2020-08-20 15:45:00,2020-08-20 16:00:00,short,1941.93,1933.3596001850192,1947.3177498843631,1933.3096001850192,3.6875566767518624,31.603835060165647,1.5907196879823318,take_profit,1
2020-08-21 13:15:00,2020-08-21 13:30:00,short,1936.94,1930.3918325891054,1941.0638546318091,1930.3418325891055,4.833060936517314,31.64769211937051,1.5878754213074735,take_profit,1
2020-08-21 16:00:00,2020-08-21 16:45:00,short,1938.45,1928.814972043629,1944.503142472732,1928.764972043629,3.303100200132484,31.825462770971143,1.5917398276638481,take_profit,3
2020-08-24 10:15:00,2020-08-24 10:30:00,short,1942.55,1945.9092882217205,1945.8292882217206,1937.3031388452468,6.116506291151406,-20.547107541944808,-1.0243955378700902,stop_loss,1
2020-08-24 10:45:00,2020-08-24 11:15:00,short,1944.81,1948.511223007504,1948.431223007504,1939.0160431879933,5.527605668606841,-20.458901277057397,-1.022091983795018,stop_loss,2
2020-08-24 15:15:00,2020-08-24 15:30:00,short,1958.68,1953.4598830739278,1961.9738230787952,1953.4098830739279,6.0646168732055505,31.658009189963664,1.584820071144096,take_profit,1
2020-08-25 14:30:00,2020-08-25 15:00:00,short,1929.68,1924.4601417033332,1932.973661435417,1924.4101417033332,6.084138103544546,31.758338757854037,1.584819326157059,take_profit,2
2020-08-26 12:00:00,2020-08-26 12:15:00,short,1922.98,1918.041846426551,1926.0975959834057,1917.991846426551,6.448111886181882,31.841766752747848,1.5839620014055107,take_profit,1
2020-08-27 10:45:00,2020-08-27 12:00:00,short,1944.8400000000001,1940.2073142560614,1947.7666785899619,1940.1573142560615,6.890504245865928,31.92154078837242,1.5829157871412525,take_profit,5
2020-08-28 08:00:00,2020-08-28 09:30:00,short,1942.6100000000001,1945.7074649706617,1945.6274649706618,1937.7820560469413,6.70434769870985,-20.766482147889313,-1.0265123210303202,stop_loss,6
2020-08-28 09:45:00,2020-08-28 10:00:00,short,1946.32,1949.8554222226448,1949.775422222645,1940.791324443768,5.842585961099622,-20.65600824458478,-1.023152018724557,stop_loss,1
2020-08-28 11:45:00,2020-08-28 12:00:00,short,1953.68,1957.8943277760134,1957.8143277760134,1947.0650755583786,4.873171756748216,-20.537143091747566,-1.0193501832302878,stop_loss,1
2020-08-28 12:15:00,2020-08-28 12:45:00,short,1959.8500000000001,1953.0935396396223,1964.1040377252364,1953.0435396396224,4.726383817836982,31.9336249131466,1.588246460602931,take_profit,2
2020-08-28 14:30:00,2020-08-28 15:30:00,short,1960.48,1953.597740622602,1964.8126621108736,1953.547740622602,4.655355483232936,32.039363929601,1.5884597509059746,take_profit,4
2020-08-31 10:45:00,2020-08-31 12:00:00,long,1957.37,1962.3795837404423,1954.2077601622234,1962.4295837404422,6.398680075113325,32.054723664580436,1.5841884225849368,take_profit,5
2020-08-31 15:30:00,2020-08-31 15:45:00,long,1961.01,1966.0941808568089,1957.8011369644946,1966.1441808568088,6.325689275435961,32.16094832029269,1.5844181570087323,take_profit,1
2020-09-01 09:30:00,2020-09-01 10:00:00,long,1985.02,1989.3913802015932,1982.2566373740042,1989.4413802015931,7.368773173351438,32.21170916001945,1.5819061025398096,take_profit,2
2020-09-01 13:15:00,2020-09-01 16:15:00,long,1987.1,1990.26,1984.1380641397068,1991.8390973764688,6.896508489207566,21.79296682589647,1.066869827386254,time_stop,12
2020-09-02 10:30:00,2020-09-02 11:00:00,long,1959.44,1964.2475226355837,1956.4040483527604,1964.2975226355836,6.742729831439709,32.415826290271255,1.5835306994940552,take_profit,2
2020-09-02 14:00:00,2020-09-02 14:15:00,long,1965.3799999999999,1962.2397738953769,1962.3197738953768,1970.2763617673968,6.710430108484209,-21.07226779991043,-1.026141859217223,stop_loss,1
2020-09-02 14:30:00,2020-09-02 15:00:00,long,1958.57,1954.8290397363198,1954.9090397363198,1964.4275364218881,5.597790573949436,-20.94111210154791,-1.021852190200914,stop_loss,2
2020-09-03 09:00:00,2020-09-03 09:15:00,long,1932.35,1936.8853673462597,1929.4841454085877,1936.9353673462597,7.136233182490658,32.36543895116391,1.5825531971686204,take_profit,1
2020-09-03 10:45:00,2020-09-03 12:45:00,short,1937.5,1931.9108143447158,1941.0244910345525,1931.860814344716,5.821021335620005,32.534768948150344,1.5858135544934897,take_profit,8
2020-09-08 09:15:00,2020-09-08 11:15:00,short,1932.4,1929.082715546218,1934.504552783614,1929.032715546218,9.779373179648617,32.4409626165822,1.576241983385115,take_profit,8
2020-09-09 15:30:00,2020-09-09 15:45:00,short,1930.82,1934.0653439146352,1933.9853439146352,1925.7554497365834,6.5225421089322335,-21.167892341175158,-1.0252737150077245,stop_loss,1
2020-09-09 16:00:00,2020-09-09 16:15:00,short,1935.88,1939.4442506202722,1939.3642506202723,1930.3051990075644,5.913395858467037,-21.076824856455637,-1.0229604608619336,stop_loss,1
2020-09-10 13:30:00,2020-09-10 14:00:00,short,1949.27,1951.600865324237,1951.520865324237,1945.6686154812207,9.134975476613539,-21.292397576194208,-1.0355418865529156,stop_loss,2
2020-09-10 15:30:00,2020-09-10 15:45:00,short,1953.3600000000001,1956.0950908680434,1956.0150908680434,1949.1118546111309,7.728177965537955,-21.137268980155877,-1.030130795507908,stop_loss,1
2020-09-10 16:00:00,2020-09-10 16:15:00,short,1956.1200000000001,1959.366379370915,1959.286379370915,1951.0537930065364,6.466925723760142,-20.99409426285343,-1.0252654501020233,stop_loss,1
2020-09-11 08:15:00,2020-09-11 08:30:00,long,1938.61,1942.1000405823067,1936.3974746360582,1942.1500405823067,9.235940228961658,32.23380621483658,1.5774013890124037,take_profit,1
2020-09-14 09:30:00,2020-09-14 10:00:00,long,1944.56,1947.5616782744848,1942.652701078447,1947.6116782744848,10.747774980215064,32.261362657163964,1.5737849167560096,take_profit,2
2020-09-14 12:30:00,2020-09-14 12:45:00,long,1943.78,1941.8327390410677,1941.9127390410677,1946.7676175342917,11.012784397275418,-21.444765105952623,-1.0428435027344387,stop_loss,1
2020-09-14 13:00:00,2020-09-14 13:45:00,long,1941.79,1944.771404914772,1939.8953719282674,1944.8214049147718,10.831071876389021,32.291810924514245,1.57360959612806,take_profit,3
2020-09-15 09:45:00,2020-09-15 10:30:00,long,1963.95,1961.9976461327208,1962.0776461327207,1966.9457661876468,10.994415535200371,-21.464989688623742,-1.042726965985427,stop_loss,3
2020-09-16 09:15:00,2020-09-16 09:45:00,long,1958.0,1960.8599711993695,1956.181268000394,1960.9099711993695,11.294960703876342,32.30326231109672,1.572508318976744,take_profit,2
2020-09-17 07:15:00,2020-09-17 08:00:00,long,1938.35,1943.3387168575027,1935.2008019640607,1943.3887168575027,6.5436065804314065,32.64420045666456,1.584122941958778,take_profit,3
2020-09-17 12:30:00,2020-09-17 13:45:00,long,1938.26,1942.699260528071,1935.4542121699558,1942.7492605280709,7.367770709747879,32.70745369166081,1.5821796931812089,take_profit,5
2020-09-18 15:00:00,2020-09-18 15:15:00,long,1950.87,1948.8547060263727,1948.9347060263726,1953.9664703578035,10.715589766696686,-21.595063480685067,-1.0413373890944255,stop_loss,1
2020-09-18 15:30:00,2020-09-18 15:45:00,long,1947.98,1951.3603239309632,1945.836047543148,1951.4103239309632,9.652558342070014,32.62877395871761,1.5766785873258098,take_profit,1
2020-09-21 11:00:00,2020-09-21 11:15:00,long,1948.25,1945.984861592312,1946.064861592312,1951.746221452301,9.500489143967018,-21.519922851822844,-1.036610953209398,stop_loss,1
2020-09-21 11:30:00,2020-09-21 11:45:00,long,1943.79,1941.2561306586772,1941.3361306586771,1947.7161909461167,8.442521174918953,-21.392245568595428,-1.0326015728110447,stop_loss,1
2020-09-21 15:00:00,2020-09-21 15:15:00,short,1932.99,1928.5614639432051,1935.7890850354968,1928.5114639432052,7.386006184623172,32.70919470431372,1.582137020002652,take_profit,1
2020-09-22 07:15:00,2020-09-22 08:30:00,short,1914.23,1909.367471348804,1917.3003304069975,1909.317471348804,6.754803237334667,32.84542427473161,1.5837151077010978,take_profit,5
2020-09-22 13:45:00,2020-09-22 15:30:00,short,1907.04,1910.574094446271,1910.494094446271,1901.5134488859665,6.023335188151637,-21.287035436475122,-1.023160918511158,stop_loss,7
2020-09-23 11:45:00,2020-09-23 12:00:00,short,1881.19,1885.6849864636622,1885.6049864636623,1874.1260216581406,4.7027538411358965,-21.13881485784101,-1.0181201008561118,stop_loss,1
2020-09-23 12:15:00,2020-09-23 12:45:00,short,1886.04,1890.7896056753004,1890.7096056753005,1878.5686309195191,4.437273372017906,-21.07529879059591,-1.0171320675797275,stop_loss,2
2020-09-23 13:00:00,2020-09-23 13:15:00,short,1888.76,1893.0772207247212,1892.9972207247213,1881.980446840446,4.880124890027715,-21.068576314455466,-1.0188803003660352,stop_loss,1
2020-09-23 13:30:00,2020-09-23 14:45:00,short,1892.8,1886.1140791634457,1897.0099505228463,1886.0640791634457,4.901727243262825,32.772560310836596,1.5881233758618738,take_profit,5
2020-09-28 13:15:00,2020-09-28 13:30:00,short,1857.18,1860.35568168108,1860.27568168108,1852.2269093102723,6.687242560425284,-21.236553696079906,-1.025842450303876,stop_loss,1
2020-09-28 15:00:00,2020-09-28 15:30:00,short,1865.15,1868.7347352607862,1868.6547352607863,1859.5424235827422,5.894625313074215,-21.130671208899717,-1.0228262604867853,stop_loss,2
2020-09-29 09:30:00,2020-09-29 09:45:00,short,1880.77,1883.0707231673675,1882.9907231673676,1877.2168429322116,9.283840572472153,-21.359547087233505,-1.036024301081506,stop_loss,1
2020-09-29 12:15:00,2020-09-29 14:00:00,short,1884.46,1887.2619355372103,1887.1819355372104,1880.1049031404636,7.558636296121783,-21.178811650951136,-1.029390850336565,stop_loss,7
2020-09-29 14:15:00,2020-09-29 15:00:00,short,1888.05,1883.8865756526286,1890.683390217107,1883.8365756526287,7.7967036524179205,32.46098581571588,1.5810130683728152,take_profit,3
2020-09-30 08:15:00,2020-09-30 08:45:00,short,1891.67,1888.526609904963,1893.6658688093983,1888.476609904963,10.319658786492063,32.43871321362223,1.5749482532296144,take_profit,2
2020-09-30 15:30:00,2020-09-30 15:45:00,short,1887.82,1890.6977674381212,1890.6177674381213,1883.343572099006,7.385017868351683,-21.252363951486313,-1.0285942279940343,stop_loss,1
2020-10-01 15:45:00,2020-10-01 16:00:00,short,1907.29,1902.3166076783066,1910.4296202010585,1902.2666076783066,6.567373272462747,32.662123806960565,1.5840745068516981,take_profit,1
2020-10-02 12:00:00,2020-10-02 15:00:00,long,1906.1,1910.1200000000001,1902.293337546343,1912.190659925851,5.433731593895185,21.84360100745978,1.0560432002943791,time_stop,12
2020-10-07 15:15:00,2020-10-07 16:15:00,short,1889.99,1885.496641026461,1892.8295993584618,1885.446641026461,7.299645698952767,32.7999285050447,1.5823918822030765,take_profit,4
2020-10-08 09:45:00,2020-10-08 10:00:00,short,1893.1200000000001,1895.0904820600788,1895.0104820600789,1890.0952287038742,10.999135902875809,-21.673599972983943,-1.0423172489648462,stop_loss,1
2020-10-08 15:30:00,2020-10-08 16:00:00,short,1898.3,1894.8331068920168,1900.4980581924895,1894.7831068920168,9.440296881906985,32.728500197198585,1.5772526495563932,take_profit,2
2020-10-09 11:00:00,2020-10-09 11:15:00,short,1913.0900000000001,1915.265977786432,1915.185977786432,1909.7364355417092,9.931297476506012,-21.610282699322862,-1.0381683434422835,stop_loss,1
2020-10-09 15:00:00,2020-10-09 15:30:00,long,1913.07,1916.426943594437,1910.9406602534768,1916.476943594437,9.75539876608371,32.748323398984276,1.576518542857472,take_profit,2
2020-10-12 10:00:00,2020-10-12 11:30:00,long,1926.1399999999999,1923.6479491566768,1923.7279491566767,1929.9992813493168,8.639144170731054,-21.529186516260282,-1.0331667967204654,stop_loss,6
2020-10-12 11:45:00,2020-10-12 12:15:00,long,1923.24,1920.8248614950974,1920.9048614950973,1926.9762216078445,8.905251900865832,-21.507416761638524,-1.0342592098207297,stop_loss,2
2020-10-12 12:30:00,2020-10-12 14:45:00,long,1919.8999999999999,1923.472541863132,1917.6359113355425,1923.522541863132,9.16571073466326,32.74488530494353,1.5779160592141583,take_profit,9
2020-10-13 14:45:00,2020-10-13 15:30:00,long,1919.78,1917.5284909419404,1917.6084909419403,1923.2544144928954,9.586638135075475,-21.584402597461857,-1.0368407397164676,stop_loss,3
2020-10-13 15:45:00,2020-10-13 16:00:00,long,1915.95,1913.1358525039766,1913.2158525039765,1920.3246359936377,7.598091460565025,-21.382150058306237,-1.029259577296498,stop_loss,1
2020-10-14 08:00:00,2020-10-14 11:00:00,long,1894.54,1896.25,1892.3529236563404,1898.0393221498553,9.479110549317017,16.209279039332444,0.7818657107957903,time_stop,12
2020-10-15 07:45:00,2020-10-15 09:00:00,short,1901.05,1897.6283399809904,1903.219787511881,1897.5783399809904,9.569580839473,32.74385215710461,1.576956268885237,take_profit,5
2020-10-15 10:45:00,2020-10-15 11:15:00,short,1902.69,1898.701144892069,1905.214284442457,1898.651144892069,8.251623451540917,32.91453035340352,1.580192406545384,take_profit,2
2020-10-16 10:45:00,2020-10-16 11:00:00,short,1907.92,1909.9709909396256,1909.8909909396257,1904.766414496599,10.601405285208333,-21.743386187260555,-1.0405887203190916,stop_loss,1
2020-10-16 11:15:00,2020-10-16 11:30:00,short,1909.38,1911.4445789224324,1911.3645789224324,1906.2046737241085,10.50690741314232,-21.69233958512076,-1.0403108181265366,stop_loss,1
2020-10-16 11:45:00,2020-10-16 12:15:00,short,1911.57,1908.3588258131342,1913.6082338667911,1908.3088258131343,10.209035700922177,32.78299191559187,1.5754689582903962,take_profit,2
2020-10-16 13:00:00,2020-10-16 14:00:00,long,1907.45,1910.6159687246459,1905.4400195470964,1910.6659687246458,10.385159848980885,32.879091282321156,1.5751241361936008,take_profit,4
2020-10-19 09:00:00,2020-10-19 09:15:00,short,1907.8500000000001,1909.6999484224832,1909.6199484224833,1905.0180825240272,11.830698687772182,-21.886182374316636,-1.04519905720625,stop_loss,1
2020-10-19 09:30:00,2020-10-19 11:45:00,short,1910.24,1912.187455527549,1912.107455527549,1907.2520711559214,11.189532391152586,-21.79111670583848,-1.0428390389060151,stop_loss,9
2020-10-20 12:15:00,2020-10-20 12:30:00,short,1904.5900000000001,1906.8453067326604,1906.7653067326605,1901.1095092277435,9.585945544163883,-21.61924752466782,-1.0367764227447998,stop_loss,1
2020-10-20 12:45:00,2020-10-20 15:00:00,short,1906.81,1903.3321890790237,1909.0148818256102,1903.2821890790237,9.4377545065601,32.822725692407566,1.5773230476937747,take_profit,9
2020-10-21 12:00:00,2020-10-21 14:15:00,long,1915.6499999999999,1919.258925713078,1913.363171429326,1919.308925713078,9.128265714871647,32.94323285421025,1.5781356588591064,take_profit,9
2020-10-21 14:45:00,2020-10-21 15:15:00,long,1915.85,1919.1539726059916,1913.7537671212551,1919.2039726059916,9.989665516418423,33.00558120926643,1.5761476883093763,take_profit,2
2020-10-22 15:15:00,2020-10-22 15:30:00,long,1905.09,1902.7421406158355,1902.8221406158355,1908.718575014663,9.262777318681598,-21.747698651091696,-1.0352755556885644,stop_loss,1
2020-10-26 09:45:00,2020-10-26 10:15:00,short,1900.55,1897.7054712687893,1902.3590804570065,1897.6554712687894,11.58775497635039,32.96170196045764,1.572361649363814,take_profit,2
2020-10-26 12:00:00,2020-10-26 12:45:00,short,1902.67,1904.9471456606636,1904.8671456606637,1899.1545669429383,9.571101656439492,-21.794792604731036,-1.0364108768172264,stop_loss,3
2020-10-26 13:00:00,2020-10-26 14:00:00,short,1904.56,1901.1280188582168,1906.7362382136143,1901.0780188582169,9.64302288036446,33.09467267519403,1.5770245740162487,take_profit,4
2020-10-27 13:30:00,2020-10-27 14:45:00,short,1902.53,1904.5525147629255,1904.4725147629256,1899.4219763793192,10.837345812832657,-21.918691897383322,-1.0411837281892466,stop_loss,5
2020-10-27 15:00:00,2020-10-27 15:30:00,short,1905.64,1902.4852665491587,1907.642958406776,1902.4352665491588,10.488418919481637,33.08816601172629,1.575036925464426,take_profit,2
2020-10-30 10:15:00,2020-10-30 10:30:00,short,1873.65,1869.9176846688777,1876.0139470819515,1869.8676846688777,8.914769430113289,33.272730617433446,1.5788489343176884,take_profit,1
2020-10-30 11:45:00,2020-10-30 13:00:00,short,1874.4,1877.015673489135,1876.935673489135,1870.3429224173842,8.337267685451476,-21.807570056656566,-1.0315498033728383,stop_loss,5
2020-10-30 14:00:00,2020-10-30 14:30:00,short,1879.21,1881.9387856565265,1881.8587856565266,1874.9719429495574,7.96477187564237,-21.734155251758548,-1.0302025193328908,stop_loss,2
2020-10-30 14:45:00,2020-10-30 15:00:00,short,1882.3,1885.2633170872407,1885.1833170872408,1877.6866926604146,7.301834849996105,-21.637651979203376,-1.027745821073215,stop_loss,1
2020-10-30 15:15:00,2020-10-30 16:00:00,short,1887.42,1882.4674645898474,1890.5465846313455,1882.4174645898474,6.719866040601927,33.28037451756351,1.584008109200473,take_profit,3
2020-11-02 14:15:00,2020-11-02 14:45:00,short,1891.38,1887.7940295297149,1893.6524815439284,1887.744029529715,9.274790676560114,33.25912548422149,1.577997621088016,take_profit,2
2020-11-03 10:30:00,2020-11-03 11:15:00,short,1895.48,1897.7919664785124,1897.7119664785125,1891.90885363438,9.472950911583743,-21.901144960175394,-1.0358428322154924,stop_loss,3
2020-11-03 11:45:00,2020-11-03 14:45:00,short,1900.4,1900.1399999999999,1902.730876624521,1896.6705974007666,9.05217649675729,2.3535658891588715,0.11154601546259889,time_stop,12
2020-11-03 15:30:00,2020-11-03 16:15:00,short,1905.72,1908.1119037262945,1908.0319037262946,1902.0209540379287,9.12850024379377,-21.83449374861019,-1.0346035170453007,stop_loss,3
2020-11-04 09:45:00,2020-11-04 12:45:00,long,1891.6399999999999,1889.27,1886.3463315778977,1900.1098694753634,3.9784404806462454,-9.428903939131168,-0.44770465601975235,time_stop,12
2020-11-06 14:30:00,2020-11-06 14:45:00,long,1952.48,1949.2727307938014,1949.3527307938014,1957.4836307299179,6.728453978961727,-21.579963252048316,-1.025581424151575,stop_loss,1
2020-11-06 15:00:00,2020-11-06 15:15:00,long,1949.71,1954.8594979252864,1946.460313796696,1954.9094979252864,6.46170912929323,33.27455775509948,1.584613899043788,take_profit,1
2020-11-09 09:00:00,2020-11-09 09:30:00,long,1956.85,1954.3300305047267,1954.4100305047266,1960.7539511924372,8.633335852577261,-21.755742990943524,-1.0327872951505757,stop_loss,2
2020-11-09 13:45:00,2020-11-09 14:00:00,long,1953.8899999999999,1951.4291553131939,1951.5091553131938,1957.6993514988897,8.82945651736595,-21.727921158144717,-1.033601519848507,stop_loss,1
2020-11-10 07:45:00,2020-11-10 08:00:00,long,1879.12,1883.8617427484617,1876.1251607822112,1883.9117427484616,7.004752932923539,33.21473642445654,1.5833046129143937,take_profit,1
2020-11-10 09:00:00,2020-11-10 11:30:00,short,1888.07,1883.049714352084,1891.2389285299473,1882.999714352084,6.640900250166942,33.339216215154195,1.5842217962546667,take_profit,10
2020-11-10 15:00:00,2020-11-10 15:30:00,short,1880.48,1874.7793308414798,1884.0741682240753,1874.7293308414799,5.873741957404006,33.484259621679165,1.5860885754692113,take_profit,2
2020-11-11 12:00:00,2020-11-11 12:30:00,short,1881.18,1877.0185752314544,1883.812140480341,1876.9685752314545,8.045993508758057,33.48279667490336,1.581004053403205,take_profit,2
2020-11-12 11:45:00,2020-11-12 12:30:00,short,1872.32,1867.9660100026288,1875.072493748357,1867.9160100026288,7.718510105606534,33.60631579441917,1.5818346544729318,take_profit,3
2020-11-12 16:00:00,2020-11-12 16:45:00,short,1876.8400000000001,1879.851461273283,1879.771461273283,1872.1496619627476,7.270218316762614,-21.8939809092415,-1.0272901439050355,stop_loss,3
2020-11-13 14:15:00,2020-11-13 14:30:00,short,1881.81,1884.0738382300265,1883.9938382300265,1878.3158588319573,9.739080115757261,-22.047701891342413,-1.0366327500361385,stop_loss,1
2020-11-13 15:15:00,2020-11-13 15:30:00,short,1888.06,1890.5400545004109,1890.460054500411,1884.2199127993422,8.843332547100639,-21.931946682067263,-1.0333325764003392,stop_loss,1
2020-11-13 15:45:00,2020-11-13 16:00:00,short,1891.14,1893.832700053926,1893.752700053926,1886.9596799137187,8.106792110755054,-21.829159553795535,-1.0306196648481398,stop_loss,1
2020-11-16 10:15:00,2020-11-16 12:30:00,short,1893.63,1890.4204450684535,1895.6672218322167,1890.3704450684536,10.375383540255077,33.30036340831273,1.5754567719581365,take_profit,9
2020-11-17 10:45:00,2020-11-17 11:00:00,short,1890.01,1892.3751060336872,1892.2951060336873,1886.3538303461003,9.279026128354523,-21.945880682912442,-1.0350093163383052,stop_loss,1
2020-11-17 11:15:00,2020-11-17 11:45:00,short,1892.4,1888.8761802474028,1894.6336373453735,1888.8261802474028,9.473188149861372,33.38180752255236,1.5776149874536893,take_profit,2
2020-11-17 15:45:00,2020-11-17 16:00:00,short,1889.66,1891.8887282703038,1891.8087282703038,1886.2220347675143,9.878601561528892,-22.016718571245626,-1.0372313247354528,stop_loss,1
2020-11-18 09:15:00,2020-11-18 10:00:00,short,1881.16,1883.0559189384467,1882.9759189384467,1878.2545296984854,11.664836221875097,-22.115583906930702,-1.0440548299299965,stop_loss,3
2020-11-19 09:45:00,2020-11-19 10:00:00,short,1864.54,1861.1838319598728,1866.6688550250794,1861.1338319598729,9.929359018037667,33.32459739528641,1.5765131963374852,take_profit,1
2020-11-19 13:45:00,2020-11-19 14:00:00,short,1861.8300000000002,1864.6747467995629,1864.594746799563,1857.4064051206997,7.669713204663685,-21.818392092530793,-1.0289357419683347,stop_loss,1
2020-11-19 14:15:00,2020-11-19 15:30:00,short,1863.4,1859.032022782644,1866.1612357608476,1858.982022782644,7.663662245732377,33.47470209087154,1.5818921655626694,take_profit,5
2020-11-23 14:30:00,2020-11-23 15:15:00,short,1868.04,1864.470000211725,1870.302499867672,1864.420000211725,9.382598407838953,33.495874329454665,1.5779005511935853,take_profit,3
2020-11-24 07:45:00,2020-11-24 08:15:00,short,1825.92,1828.5083442077078,1828.4283442077078,1821.9066492676675,8.489711794488677,-21.974296348372324,-1.0318935494395465,stop_loss,2
2020-11-24 08:30:00,2020-11-24 09:00:00,short,1828.3,1830.8693521225707,1830.7893521225708,1824.317036603887,8.536827963964503,-21.934117049233638,-1.0321368758057854,stop_loss,2
2020-11-24 09:15:00,2020-11-24 10:15:00,short,1830.98,1827.0392089718437,1833.4742443925977,1826.9892089718437,8.50249584241092,33.50655933270966,1.5799538488897311,take_profit,4
2020-11-25 10:15:00,2020-11-25 12:15:00,short,1812.45,1808.946129627537,1814.6711689827894,1808.896129627537,9.577981622077207,33.560006033592366,1.5774893308941185,take_profit,8
2020-11-25 14:00:00,2020-11-25 15:15:00,short,1812.56,1815.1757665977357,1815.0957665977357,1808.5027734436228,8.416167216575499,-22.014729086076667,-1.0315486449231408,stop_loss,5
2020-11-27 07:45:00,2020-11-27 09:15:00,short,1810.0,1807.104591415215,1811.8408803654904,1807.054591415215,11.569141944161776,33.497392903721604,1.5728390823558995,take_profit,6
2020-11-30 08:30:00,2020-11-30 08:45:00,short,1772.65,1776.011201016586,1775.931201016586,1767.4000783734625,6.511152754248363,-21.885293256725927,-1.0243813163520123,stop_loss,1
2020-11-30 09:00:00,2020-11-30 09:15:00,short,1774.1000000000001,1777.412719243893,1777.332719243893,1768.9276492097713,6.595262019784395,-21.848251411455347,-1.0247469680984698,stop_loss,1
2020-11-30 09:30:00,2020-11-30 09:45:00,short,1779.02,1782.3807120011118,1782.3007120011118,1773.770860798221,6.485462283747947,-21.79577092974953,-1.0243849505756113,stop_loss,1
2020-11-30 10:00:00,2020-11-30 10:45:00,short,1781.49,1776.1552626270375,1784.8554608581014,1776.1052626270375,6.309193094335736,33.65788819359,1.585143193723568,take_profit,3
2020-12-01 10:00:00,2020-12-01 10:15:00,short,1790.8500000000001,1792.9207309920512,1792.8407309920512,1787.6648304127182,10.699917902835837,-22.156651613803934,-1.0401862433042752,stop_loss,1
2020-12-01 11:00:00,2020-12-01 12:00:00,short,1793.81,1796.09179190608,1796.0117919060801,1790.2871329502718,9.65411164408926,-22.028673809876675,-1.0363340421858258,stop_loss,4
2020-12-01 12:30:00,2020-12-01 12:45:00,short,1795.89,1798.3422928037523,1798.2622928037524,1792.0943315139962,8.941681860341381,-21.927622079557143,-1.033722650034342,stop_loss,1
2020-12-01 13:00:00,2020-12-01 13:15:00,short,1799.06,1801.5617728767047,1801.4817728767048,1795.1851633972722,8.740882553517576,-21.86770289085214,-1.033033650995703,stop_loss,1
2020-12-01 13:30:00,2020-12-01 15:00:00,short,1806.47,1809.4543347763424,1809.3743347763425,1801.823064357852,7.273506158058253,-21.7065773734338,-1.0275450339442873,stop_loss,6
2020-12-02 08:15:00,2020-12-02 08:30:00,short,1811.98,1813.9532903784034,1813.8732903784035,1808.9507353945546,11.134733460072892,-21.97206240284782,-1.0422544797736675,stop_loss,1
2020-12-02 09:45:00,2020-12-02 10:15:00,short,1815.02,1816.9889480066356,1816.9089480066357,1811.997683189383,11.137066519213265,-21.928304922773354,-1.042351615671207,stop_loss,2
2020-12-02 10:45:00,2020-12-02 11:45:00,short,1824.06,1826.6506113082444,1826.5706113082445,1820.0430219068087,8.361900913316134,-21.662435064456233,-1.031864749329065,stop_loss,4
2020-12-02 12:45:00,2020-12-02 13:45:00,short,1830.93,1826.5036780302291,1833.7277012311067,1826.4536780302292,7.488347178864274,33.14583563507906,1.582128184581043,take_profit,4
2020-12-03 09:30:00,2020-12-03 09:45:00,short,1837.41,1839.8797652925555,1839.7997652925555,1833.5863755319115,8.794357277680234,-21.71999837474658,-1.0334760908316567,stop_loss,1
2020-12-03 10:00:00,2020-12-03 10:15:00,short,1842.38,1838.401344208638,1844.8979098696016,1838.351344208638,8.329531588476998,33.140339093827926,1.5801422598148456,take_profit,1
2020-12-03 15:15:00,2020-12-03 15:45:00,long,1837.95,1835.206833213654,1835.2868332136538,1842.2110668581538,7.900102457659545,-21.671298670583155,-1.030039425397643,stop_loss,2
2020-12-04 10:00:00,2020-12-04 10:15:00,long,1839.97,1842.9399556432845,1838.0825277229471,1842.9899556432845,11.12384437741939,33.037324383735196,1.573509544692118,take_profit,1
2020-12-04 15:45:00,2020-12-04 16:15:00,long,1839.3999999999999,1844.3519543776247,1836.2737785139843,1844.4019543776246,6.7372137961477065,33.36237535082794,1.5840062515648015,take_profit,2
2020-12-07 10:00:00,2020-12-07 10:15:00,long,1838.01,1836.0095834942865,1836.0895834942864,1841.0826664091417,11.002169171759101,-22.008920809838852,-1.0416576298745166,stop_loss,1
2020-12-07 10:30:00,2020-12-07 10:45:00,long,1834.08,1831.8635184210939,1831.9435184210938,1837.4983705262496,9.868902986411285,-21.87424167339143,-1.037444741293247,stop_loss,1
2020-12-07 11:00:00,2020-12-07 11:30:00,long,1828.01,1832.41832968845,1825.2235439447188,1832.46832968845,7.551161954000112,33.288011424113314,1.582056060096461,take_profit,2
2020-12-07 13:15:00,2020-12-07 14:45:00,long,1829.49,1833.9375814436694,1826.6790115977067,1833.9875814436693,7.5089448810106,33.396643914318915,1.5822126622937462,take_profit,6
2020-12-08 07:45:00,2020-12-08 09:15:00,long,1867.59,1865.313038799534,1865.393038799534,1871.1051379207454,9.638017392987537,-21.94539165324763,-1.0364139339297214,stop_loss,6
2020-12-08 10:15:00,2020-12-08 10:30:00,long,1861.9199999999998,1865.578714073756,1859.6020537039024,1865.6287140737559,9.11602633507007,33.352933848851855,1.578429181002127,take_profit,1
2020-12-08 13:00:00,2020-12-08 13:15:00,long,1863.3799999999999,1861.0302922779124,1861.1102922779123,1867.0115323553398,9.339160782651115,-21.944298208811944,-1.0352468290174153,stop_loss,1
2020-12-08 13:30:00,2020-12-08 14:45:00,long,1861.1699999999998,1864.8300457553696,1858.8512214028938,1864.8800457553696,9.122594445275205,33.38911307738931,1.578436923619031,take_profit,5
2020-12-09 09:15:00,2020-12-09 10:30:00,long,1858.33,1861.9815593779956,1856.0165253887526,1862.0315593779956,9.172374260246029,33.49346924848759,1.5783874870478534,take_profit,5
2020-12-09 13:45:00,2020-12-09 15:00:00,long,1854.0,1858.9455130146478,1850.8778043658453,1858.9955130146477,6.817971840575659,33.71836847106886,1.5839856287502563,take_profit,5
2020-12-10 11:00:00,2020-12-10 11:15:00,long,1833.37,1830.6512926085102,1830.73129260851,1837.5919318263836,8.092780093862654,-22.00190105888523,-1.030317874675282,stop_loss,1
2020-12-11 13:00:00,2020-12-11 13:15:00,long,1832.05,1829.6008222028117,1829.6808222028117,1835.8406844755011,8.994882053406913,-22.030065413530934,-1.0337669887396677,stop_loss,1
2020-12-11 13:30:00,2020-12-11 13:45:00,long,1826.68,1831.0297636548967,1823.9301477156898,1831.0797636548966,7.733657127610535,33.639580693112386,1.5818172051331425,take_profit,1
2020-12-14 13:45:00,2020-12-14 15:15:00,short,1827.8300000000002,1823.4000332709538,1830.629979205654,1823.3500332709539,7.619232970280498,33.75294855919543,1.5821427245248854,take_profit,6
2020-12-14 16:00:00,2020-12-14 16:30:00,short,1832.51,1835.8865435010598,1835.8065435010599,1827.2355303983043,6.492011942222449,-21.920560732313913,-1.0242678429616374,stop_loss,2
2020-12-15 07:45:00,2020-12-15 09:00:00,short,1839.2,1841.080085024529,1841.000085024529,1836.3198639607538,11.864638816747604,-22.3065297608109,-1.0444423451724802,stop_loss,5
2020-12-15 09:15:00,2020-12-15 09:30:00,short,1841.24,1843.2974343129724,1843.2174343129725,1838.0761050992442,10.777979048979326,-22.1749839198679,-1.0404564639518523,stop_loss,1
2020-12-15 15:45:00,2020-12-15 16:00:00,short,1853.02,1848.2169394174873,1856.0531628640704,1848.1669394174874,7.011953060630977,33.67883535194573,1.5835155571129285,take_profit,1
2020-12-16 10:00:00,2020-12-16 10:30:00,long,1854.23,1857.107136442414,1852.4005397234912,1857.157136442414,11.662321162572432,33.55408921997297,1.5726695350305435,take_profit,2
2020-12-16 14:15:00,2020-12-16 15:15:00,long,1857.46,1854.7829842291076,1854.8629842291075,1861.6152252334282,8.241329035094278,-22.06216780006138,-1.030804587671962,stop_loss,4
2020-12-18 08:15:00,2020-12-18 10:00:00,long,1881.53,1879.3717644578492,1879.451764457849,1884.8551768674415,10.277341864507333,-22.180924490814153,-1.0384941929715679,stop_loss,7
2020-12-18 10:15:00,2020-12-18 10:45:00,long,1878.4099999999999,1881.681453363564,1876.3340916477723,1881.731453363564,10.267493393820303,33.58962579858669,1.5759141582786103,take_profit,2
2020-12-18 12:15:00,2020-12-18 13:45:00,long,1878.68,1881.92310311629,1876.621810552319,1881.9731031162898,10.388525977703194,33.69106097194709,1.575706803833686,take_profit,6
2020-12-21 10:00:00,2020-12-21 11:45:00,long,1894.27,1890.9702630020813,1891.0502630020812,1899.4215791966699,6.661704567819815,-21.981873031638855,-1.024846749921388,stop_loss,7
2020-12-22 09:00:00,2020-12-22 09:15:00,long,1869.96,1867.1656649305967,1867.2456649305966,1874.3029361110455,7.885899261823615,-22.035844861095793,-1.0294731482865562,stop_loss,1
2020-12-23 12:30:00,2020-12-23 12:45:00,long,1867.23,1864.959427419915,1865.039427419915,1870.7349161281359,9.751286683958792,-22.14100416514428,-1.0365201321002668,stop_loss,1
2020-12-23 13:00:00,2020-12-23 14:00:00,long,1865.69,1863.3503226222738,1863.4303226222737,1869.3054838043622,9.433479058655024,-22.07129754678972,-1.0354032840212004,stop_loss,4
2020-12-23 14:15:00,2020-12-23 15:00:00,long,1859.93,1864.1797356833706,1857.2426651978935,1864.2297356833706,7.915826718103551,33.64017126730261,1.5813942051579448,take_profit,3
2020-12-24 12:30:00,2020-12-24 12:45:00,long,1873.43,1871.0882895247382,1871.1682895247382,1877.0487367604192,9.435229311155698,-22.0945753144308,-1.0353714592893077,stop_loss,1
2020-12-28 07:45:00,2020-12-28 08:15:00,long,1888.34,1885.9144086480603,1885.9944086480602,1892.0929461631035,9.078976097562734,-22.02188590671452,-1.0341065377538041,stop_loss,2
2020-12-28 12:45:00,2020-12-28 13:15:00,long,1879.2,1876.373049628116,1876.4530496281159,1883.5951205950146,7.736406257867719,-21.87043654772559,-1.0291232054349253,stop_loss,2
2020-12-29 12:45:00,2020-12-29 15:00:00,long,1877.1599999999999,1874.4465348750487,1874.5265348750486,1881.373544199922,8.053185505691365,-21.852038014456006,-1.030378226482649,stop_loss,9
2020-12-31 07:15:00,2020-12-31 07:30:00,long,1887.01,1890.18312098943,1884.9955493816062,1890.23312098943,10.506129514779403,33.337220081017776,1.5751793369649454,take_profit,1
2020-12-31 08:45:00,2020-12-31 09:30:00,long,1887.32,1890.6412427272903,1885.2129732954436,1890.6912427272903,10.076167279808978,33.46539729702688,1.5762698783590876,take_profit,3
2020-12-31 12:30:00,2020-12-31 15:15:00,long,1892.6399999999999,1896.2629331009996,1890.3444168118751,1896.3129331009995,9.27767917229196,33.61241097375219,1.5782190424383142,take_profit,11
2021-01-04 07:30:00,2021-01-04 08:15:00,long,1920.71,1924.6370035120822,1918.2243728049486,1924.6870035120821,8.595379547347694,33.75408567011337,1.5798843526898823,take_profit,3
2021-01-04 12:30:00,2021-01-04 12:45:00,long,1929.07,1933.2748834198567,1926.4106978625894,1933.3248834198566,8.059414169044144,33.888897013172226,1.5811980747517211,take_profit,1
2021-01-04 14:45:00,2021-01-04 15:15:00,long,1931.68,1935.9333862433868,1928.9903835978835,1935.9833862433868,7.993777515307726,34.00062331630448,1.5814099884428034,take_profit,2
2021-01-06 13:15:00,2021-01-06 13:30:00,long,1955.8999999999999,1953.0492295029399,1953.1292295029398,1960.333232795296,7.7841872466738,-22.190931346408473,-1.02887283522212,stop_loss,1
2021-01-06 14:00:00,2021-01-06 14:30:00,long,1945.36,1942.0823714351163,1942.1623714351163,1950.4762057038138,6.7311803316860646,-22.062308930516714,-1.0250185405767533,stop_loss,2
2021-01-07 10:15:00,2021-01-07 12:15:00,long,1917.98,1914.8483151161413,1914.9283151161412,1922.862695814174,7.038632985906666,-22.042780524993308,-1.026215026467205,stop_loss,8
2021-01-07 16:00:00,2021-01-07 16:15:00,long,1913.44,1919.2799204119851,1909.7587997425094,1919.329920411985,5.8229932700491265,34.00581725661162,1.586417473513358,take_profit,1
2021-01-08 10:15:00,2021-01-08 10:30:00,long,1885.45,1892.1382221440865,1881.238611159946,1892.1882221440865,5.106062815920978,34.15048239453919,1.5881274320897527,take_profit,1
2021-01-08 14:30:00,2021-01-08 15:00:00,long,1889.85,1886.3684666758577,1886.4484666758576,1895.2924533186276,6.341821428373931,-22.07926263864305,-1.0235188053082207,stop_loss,2
2021-01-08 15:15:00,2021-01-08 15:30:00,long,1883.46,1879.7730653377769,1879.8530653377768,1889.2310954595573,5.968435919997247,-22.00523327269566,-1.0221794979647945,stop_loss,1
2021-01-11 07:15:00,2021-01-11 07:30:00,short,1835.05,1839.6331754349646,1839.5531754349647,1827.8449193040565,4.770799681873608,-21.865411907100462,-1.0177652416956198,stop_loss,1
2021-01-11 07:45:00,2021-01-11 08:15:00,short,1840.78,1845.4987073903521,1845.4187073903522,1833.3580681754365,4.621980932302067,-21.809775583320555,-1.0172461837464277,stop_loss,2
2021-01-11 08:30:00,2021-01-11 10:00:00,short,1846.02,1850.6545226445348,1850.574522644535,1838.7327637687442,4.697835366620494,-21.77222438689938,-1.017564958228042,stop_loss,6
2021-01-11 10:15:00,2021-01-11 10:45:00,short,1854.75,1847.0253719340174,1859.6091425412392,1846.9753719340174,4.394366480829944,33.94484665003236,1.589710118693638,take_profit,2
2021-01-12 12:00:00,2021-01-12 14:00:00,short,1862.73,1858.353744785779,1865.496409508888,1858.3037447857791,7.743156872933966,33.88603063970781,1.5819260308933611,take_profit,8
2021-01-13 13:45:00,2021-01-13 15:00:00,short,1855.14,1850.8951952560749,1857.8242529649533,1850.845195256075,8.005398576043072,33.981353852599796,1.581372843523792,take_profit,5
2021-01-14 07:30:00,2021-01-14 07:45:00,short,1842.39,1845.5307748384353,1845.4507748384353,1837.4927602585037,7.042817165244768,-22.119902944300033,-1.0261371725209378,stop_loss,1
2021-01-14 14:00:00,2021-01-14 16:00:00,short,1842.29,1845.381687616393,1845.301687616393,1837.4712998137709,7.1429180264571475,-22.083671207308416,-1.0265631799143022,stop_loss,8
2021-01-15 10:00:00,2021-01-15 11:30:00,short,1852.42,1855.0080410631206,1854.9280410631206,1848.407134299007,8.559696545026497,-22.152846146379243,-1.03189740438316,stop_loss,6
2021-01-15 11:45:00,2021-01-15 13:00:00,short,1855.31,1851.4032500924977,1857.782968692189,1851.3532500924978,8.663176690490891,33.84486473425065,1.5797813857660148,take_profit,5
2021-01-18 07:30:00,2021-01-18 07:45:00,short,1829.73,1832.4124893429487,1832.3324893429487,1825.5660170512822,8.258037451020943,-22.152097456034568,-1.0307397992682208,stop_loss,1
2021-01-18 08:00:00,2021-01-18 09:45:00,short,1838.47,1833.4118310289116,1841.6626056069304,1833.3618310289116,6.717757501423023,33.979552548994505,1.584338810941272,take_profit,7
2021-01-19 10:30:00,2021-01-19 13:30:00,short,1843.75,1844.6899999999998,1846.1266097361279,1839.9474244221954,9.052857540335252,-8.509686087913572,-0.39552139575567646,time_stop,12
2021-01-20 11:45:00,2021-01-20 12:00:00,short,1856.94,1854.1403116979047,1858.7210551888097,1854.0903116979048,12.070423271011324,33.793422833189524,1.571926754255407,take_profit,1
2021-01-21 07:45:00,2021-01-21 09:15:00,short,1873.69,1870.76623183115,1875.5486051055314,1870.71623183115,11.603151621315089,33.92492536874219,1.5730981046747383,take_profit,6
2021-01-21 15:00:00,2021-01-21 15:45:00,long,1867.28,1864.7982554285607,1864.8782554285606,1871.122791314303,9.007421918061093,-22.354120447811678,-1.0333091207746468,stop_loss,3
2021-01-21 16:00:00,2021-01-21 16:15:00,long,1861.04,1866.1485313079916,1857.8159179325053,1866.1985313079915,6.696113188659509,34.20730386612255,1.5844917099027935,take_profit,1
2021-01-22 08:30:00,2021-01-22 09:00:00,long,1859.1499999999999,1862.1281786142345,1857.2573883661032,1862.1781786142344,11.443041283971475,34.07942083372741,1.5735814791029779,take_profit,2
2021-01-22 11:45:00,2021-01-22 12:15:00,long,1859.19,1857.027583945896,1857.1075839458958,1862.5218656865668,10.432781604834993,-22.560014431257564,-1.0384169147381745,stop_loss,2
2021-01-22 12:30:00,2021-01-22 12:45:00,long,1855.33,1853.0336705281097,1853.1136705281097,1858.8761271550243,9.782061804880573,-22.46283681839874,-1.0360957163700468,stop_loss,1
2021-01-22 13:30:00,2021-01-22 14:30:00,long,1847.94,1845.177469907157,1845.257469907157,1852.232048148549,8.065276232350474,-22.280568298959658,-1.029822591818584,stop_loss,4
2021-01-22 14:45:00,2021-01-22 15:00:00,long,1845.37,1842.2778360657724,1842.3578360657723,1850.1894622947639,7.167865207612194,-22.16421428038274,-1.0265589794402878,stop_loss,1
2021-01-22 15:15:00,2021-01-22 15:30:00,long,1840.9099999999999,1837.5828280363037,1837.6628280363036,1846.1054751419138,6.635452903666751,-22.07729286750638,-1.024636822716609,stop_loss,1
2021-01-25 11:30:00,2021-01-25 12:30:00,short,1854.54,1856.6646779641142,1856.5846779641142,1851.268515257417,10.516229170001857,-22.34360038307789,-1.0391259657530383,stop_loss,4
2021-01-25 12:45:00,2021-01-25 13:00:00,short,1858.5800000000002,1860.8053966266473,1860.7253966266474,1855.1473653973646,10.001700656277285,-22.257750901213807,-1.0372891422528945,stop_loss,1
2021-01-25 13:15:00,2021-01-25 15:15:00,short,1863.45,1865.9542960709355,1865.8742960709355,1859.5711262865032,8.832708019300197,-22.1197159884533,-1.0329992697505204,stop_loss,8
2021-01-25 15:30:00,2021-01-25 16:30:00,short,1867.04,1862.866679650534,1869.6795752184162,1862.816679650534,8.095567713260577,33.785397478229804,1.581057558181653,take_profit,4
2021-01-28 10:15:00,2021-01-28 12:15:00,short,1840.56,1842.94352536723,1842.86352536723,1836.8743594124317,9.305923440151105,-22.18090458510089,-1.0347293766059644,stop_loss,8
2021-01-28 15:45:00,2021-01-28 16:00:00,short,1846.91,1849.8716001015111,1849.7916001015112,1842.2994398375822,7.4236771748797015,-21.985963074709115,-1.027762353269621,stop_loss,1
2021-01-29 09:00:00,2021-01-29 09:15:00,short,1850.16,1846.952297163062,1852.1960642730864,1846.902297163062,10.484981862684204,33.63270606617662,1.5754428184507663,take_profit,1
2021-01-29 11:15:00,2021-01-29 12:30:00,short,1852.2,1855.3847639210699,1855.30476392107,1847.2323777262882,6.897581565339295,-21.967168911928855,-1.025766854431998,stop_loss,5
2021-01-29 12:45:00,2021-01-29 13:00:00,short,1855.73,1859.051640286612,1858.971640286612,1850.5433755414208,6.592782097736952,-21.898850616696834,-1.024678864070862,stop_loss,1
2021-01-29 13:30:00,2021-01-29 13:45:00,short,1859.3600000000001,1862.853631089536,1862.7736310895361,1853.8981902567427,6.247784188813403,-21.827453082749578,-1.0234354556487242,stop_loss,1
2021-01-29 14:30:00,2021-01-29 14:45:00,short,1865.06,1868.7215206567116,1868.6415206567117,1859.3295669492613,5.942720280446641,-21.75939306391476,-1.0223368808022948,stop_loss,1
2021-02-01 08:30:00,2021-02-01 09:45:00,short,1866.0900000000001,1860.9215197017359,1869.3515501864154,1860.871519701736,6.51238075189552,33.65911161096755,1.5846698664309071,take_profit,5
2021-02-02 09:30:00,2021-02-02 12:00:00,long,1847.52,1851.6490167244308,1844.9081145472308,1851.6990167244307,8.158005113119406,33.68453955006211,1.5808567408854235,take_profit,10
2021-02-02 13:45:00,2021-02-02 14:00:00,long,1845.57,1842.4280905367978,1842.5080905367977,1850.4690551411234,6.980984975081137,-21.933622755679675,-1.0261274870995893,stop_loss,1
2021-02-02 15:30:00,2021-02-02 16:15:00,long,1833.5,1839.9079268407086,1829.4637957245573,1839.9579268407085,5.284984420126369,33.865793518454375,1.5876121235230758,take_profit,3
2021-02-03 14:30:00,2021-02-03 15:00:00,short,1837.3300000000002,1839.5333575313255,1839.4533575313255,1833.9326279498796,10.077911036415124,-22.205241182111717,-1.0376761797387892,stop_loss,2
2021-02-04 08:45:00,2021-02-04 09:15:00,short,1823.8600000000001,1826.427871950814,1826.3478719508141,1819.8794048786976,8.58347947121961,-22.041276174531966,-1.032155995799443,stop_loss,2
2021-02-04 09:30:00,2021-02-04 10:00:00,short,1825.3600000000001,1821.5071984396861,1827.7992509751964,1821.4571984396862,8.736499639103851,33.65999944122194,1.5795019042695997,take_profit,2
2021-02-04 14:30:00,2021-02-04 14:45:00,short,1814.5800000000002,1817.39272849188,1817.31272849188,1810.2076344129923,7.822890318921494,-22.00366648888155,-1.0292747707054106,stop_loss,1
2021-02-05 10:15:00,2021-02-05 10:30:00,short,1807.39,1809.7141025587077,1809.6341025587078,1803.7994359060679,9.506618958928488,-22.094357447104226,-1.0356489946012075,stop_loss,1
2021-02-08 07:30:00,2021-02-08 09:00:00,short,1815.25,1817.2553269663797,1817.1753269663798,1812.1694768537923,11.057674663710625,-22.174253188592477,-1.0415513839451138,stop_loss,6
2021-02-08 13:00:00,2021-02-08 13:15:00,short,1815.4,1817.6615634021762,1817.5815634021762,1811.9094985565182,9.73856211922452,-22.024375678656497,-1.036670948880113,stop_loss,1
2021-02-08 13:30:00,2021-02-08 13:45:00,short,1817.98,1820.1896643620803,1820.1096643620804,1814.5725370206712,9.955203427948453,-21.997658231997086,-1.0375646047444678,stop_loss,1
2021-02-08 15:00:00,2021-02-08 15:30:00,short,1825.22,1827.829095629514,1827.7490956295142,1821.1734469927774,8.365538413967561,-21.826489714414734,-1.0316318604430534,stop_loss,2
2021-02-08 15:45:00,2021-02-08 16:00:00,short,1829.01,1831.939006231065,1831.859006231065,1824.4515900302958,7.410862577852807,-21.706462668096798,-1.0280799666661389,stop_loss,1
2021-02-09 09:30:00,2021-02-09 09:45:00,short,1840.92,1842.9843996675734,1842.9043996675734,1837.7449605318825,10.617911845499679,-21.919613684172116,-1.0403144594847444,stop_loss,1
2021-02-09 10:00:00,2021-02-09 10:15:00,short,1843.03,1839.9168690300414,1845.006956856224,1839.8668690300415,10.635710861857271,33.11036087157238,1.5747086033555031,take_profit,1
2021-02-09 11:00:00,2021-02-09 11:15:00,short,1844.05,1846.3476146597932,1846.2676146597933,1840.501816544331,9.511373916004747,-21.853472144187407,-1.0360747975968847,stop_loss,1
2021-02-09 11:30:00,2021-02-09 11:45:00,short,1845.5900000000001,1847.925851415842,1847.8458514158422,1841.9806377346529,9.330780892216994,-21.795317757996024,-1.0354633285854364,stop_loss,1
2021-02-09 12:00:00,2021-02-09 12:45:00,short,1846.52,1843.0071519242667,1848.7467800473332,1842.9571519242668,9.433021764434642,33.13677235354405,1.5775460535225139,take_profit,3
2021-02-09 15:45:00,2021-02-09 16:00:00,short,1845.8700000000001,1841.7686335940837,1848.4646040036978,1841.7186335940837,8.121292561709067,33.308396485212725,1.580729236550718,take_profit,1
2021-02-10 11:45:00,2021-02-10 13:00:00,long,1841.3999999999999,1839.2840063154126,1839.3640063154126,1844.6575898953397,10.382230135976819,-21.96873339965825,-1.0392928527261827,stop_loss,5
2021-02-10 15:00:00,2021-02-10 15:15:00,long,1838.48,1841.7429071263705,1836.4094330460184,1841.7929071263704,10.187652942793477,33.24136538802987,1.575852024536592,take_profit,1
2021-02-12 12:45:00,2021-02-12 14:00:00,short,1821.03,1817.4469732236173,1823.3006417352392,1817.3969732236174,9.319259804113578,33.39115741420564,1.5779797934548123,take_profit,5
2021-02-15 14:30:00,2021-02-15 14:45:00,short,1824.0900000000001,1821.1549369265142,1825.955664420929,1821.1049369265143,11.377974693336096,33.39507337346823,1.5731998962732352,take_profit,1
2021-02-16 10:45:00,2021-02-16 13:15:00,short,1823.88,1820.9776543790617,1825.7252160130865,1820.9276543790618,11.540260090586774,33.49382333840444,1.572902901532772,take_profit,10
2021-02-18 11:00:00,2021-02-18 12:00:00,short,1787.68,1783.9166711267317,1790.063330545793,1783.8666711267317,8.962777067879726,33.72987772421959,1.5790209544838465,take_profit,4
2021-02-19 07:15:00,2021-02-19 07:45:00,short,1770.0,1772.6514133764986,1772.5714133764986,1765.885738597602,8.333440399861564,-22.09539534844652,-1.0311112949520622,stop_loss,2
2021-02-19 08:15:00,2021-02-19 08:30:00,short,1776.98,1772.4860967327704,1779.8199395420183,1772.4360967327705,7.529924144287752,33.83875071400576,1.5823939914001857,take_profit,1
2021-02-19 16:00:00,2021-02-19 16:45:00,short,1783.27,1786.7644291523516,1786.6844291523516,1777.8069133562374,6.282809181269524,-21.954831561690423,-1.0234299780227767,stop_loss,3
2021-02-22 08:15:00,2021-02-22 09:00:00,short,1793.3500000000001,1789.2935264938828,1795.9165459413234,1789.2435264938829,8.341287338510702,33.836211095580346,1.5805185641936434,take_profit,3
2021-02-22 10:15:00,2021-02-22 11:15:00,short,1794.8,1797.5923573087366,1797.5123573087367,1790.4602283060212,7.917824660151235,-22.109395559068624,-1.029494639125251,stop_loss,4
2021-02-22 11:30:00,2021-02-22 14:30:00,short,1797.42,1794.02,1800.252254273206,1792.8883931628704,7.567029202812055,25.727899289561677,1.2004571878186054,time_stop,12
2021-02-22 15:15:00,2021-02-22 15:30:00,short,1799.56,1795.5815864268222,1802.077758483236,1795.5315864268223,8.532671714447194,33.946496964226185,1.5801410658198716,take_profit,1
2021-02-23 14:15:00,2021-02-23 15:45:00,short,1812.02,1808.064954350595,1814.523153530878,1808.014954350595,8.609579605005944,34.051280359985334,1.5800251964639482,take_profit,6
2021-02-24 15:00:00,2021-02-24 15:15:00,long,1806.61,1804.33513131675,1804.41513131675,1810.1217898931998,9.849884101655954,-22.407192876498264,-1.036448649803263,stop_loss,1
2021-02-24 15:30:00,2021-02-24 15:45:00,long,1802.4099999999999,1799.7727407782181,1799.852740778218,1806.5016147548508,8.436527505248865,-22.249309963032804,-1.031283492623085,stop_loss,1
2021-02-24 16:00:00,2021-02-24 16:30:00,long,1790.76,1787.3297101608107,1787.4097101608106,1796.1204637427031,6.426276583848269,-22.04399126939484,-1.02387853106443,stop_loss,2
2021-02-25 08:00:00,2021-02-25 08:15:00,short,1800.6200000000001,1797.3237606595085,1802.7113995878074,1797.2737606595085,10.273407953893553,33.86361145854364,1.5760925648587425,take_profit,1
2021-02-26 10:45:00,2021-02-26 13:00:00,short,1767.96,1761.8137751535228,1771.8326405290484,1761.7637751535228,5.565589736871935,34.20736592606109,1.5870889126875978,take_profit,9
2021-03-02 08:15:00,2021-03-02 08:45:00,short,1718.0,1721.593737652926,1721.513737652926,1712.3780197553185,6.153545099450588,-22.114226722873465,-1.0227677783323716,stop_loss,2
2021-03-02 09:00:00,2021-03-02 10:15:00,short,1721.9,1716.568232289517,1725.263604819052,1716.518232289517,6.415056411874792,34.20359063776136,1.5851349957293324,take_profit,5
2021-03-02 11:00:00,2021-03-02 11:30:00,short,1721.75,1725.0755220728267,1724.9955220728268,1716.5571646834771,6.669534625563059,-22.1796846127922,-1.0246493470710702,stop_loss,2
2021-03-02 12:45:00,2021-03-02 14:45:00,short,1729.99,1733.4730868178012,1733.3930868178013,1724.545061091518,6.347696556116299,-22.109578198010897,-1.023508069080534,stop_loss,8
2021-03-02 15:00:00,2021-03-02 15:15:00,short,1733.52,1728.284284495881,1736.8235721900744,1728.234284495881,6.5255251215322785,34.16579305132503,1.584864868353649,take_profit,1
2021-03-03 14:45:00,2021-03-03 15:00:00,short,1725.38,1721.8319490141039,1727.6287818661851,1721.781949014104,9.616706372644385,34.12056452653542,1.5777657403096008,take_profit,1
2021-03-04 07:45:00,2021-03-04 09:00:00,short,1717.3500000000001,1720.0591571778284,1719.9791571778285,1713.1433485154746,8.251357589127036,-22.354224639411314,-1.0304280020512149,stop_loss,5
2021-03-04 09:15:00,2021-03-04 10:00:00,short,1720.82,1716.4707543884017,1723.5695285072488,1716.4207543884017,7.8738618370117335,34.2453590409541,1.5818150639761765,take_profit,3
2021-03-04 14:15:00,2021-03-04 15:00:00,short,1717.52,1720.878974014487,1720.7989740144872,1712.2736415768204,6.623382254671961,-22.247768881458118,-1.0243978755691479,stop_loss,3
2021-03-09 08:45:00,2021-03-09 09:30:00,short,1693.06,1695.2631534846605,1695.1831534846606,1689.662954424543,10.2081186875598,-22.490052258325964,-1.0376798006257726,stop_loss,3
2021-03-09 09:45:00,2021-03-09 10:30:00,short,1696.6000000000001,1698.822018603587,1698.742018603587,1693.1727702342612,10.097215132766864,-22.436199869425884,-1.037347948269901,stop_loss,3
2021-03-09 13:30:00,2021-03-09 13:45:00,short,1707.5,1710.1971071757914,1710.1171071757915,1703.3126285187334,8.24710216636005,-22.243318432374622,-1.030568102345955,stop_loss,1
2021-03-09 16:00:00,2021-03-09 16:15:00,short,1713.42,1716.9544017244395,1716.8744017244396,1707.8929572408967,6.235251525557938,-22.037883744245853,-1.023158858286208,stop_loss,1
2021-03-10 09:15:00,2021-03-10 10:00:00,short,1715.44,1712.2389860357719,1717.4718837276428,1712.188986035772,10.578847382990077,33.863038198390136,1.5753922927183712,take_profit,3
2021-03-10 16:00:00,2021-03-10 17:15:00,short,1720.05,1715.2746361342126,1723.065852416117,1715.2246361342127,7.149790823939753,34.14285274857959,1.5834209393892404,take_profit,5
2021-03-11 08:00:00,2021-03-11 08:45:00,short,1735.51,1732.5229325751318,1737.4081671405427,1732.4729325751318,11.395729688178491,34.03981293416143,1.5736588001487606,take_profit,3
2021-03-11 10:30:00,2021-03-11 11:30:00,short,1738.78,1735.4429501382463,1740.896906163596,1735.3929501382463,10.250373698952702,34.206008135014,1.5763806252446384,take_profit,4
2021-03-12 14:15:00,2021-03-12 14:45:00,short,1704.25,1706.8301820099991,1706.7501820099992,1700.2497087840013,8.706362653474324,-22.46400029102278,-1.0319976704415823,stop_loss,2
2021-03-12 15:00:00,2021-03-12 15:15:00,short,1706.65,1702.7383324338377,1709.1260422288515,1702.6883324338378,8.773098869254886,34.31744630159993,1.5798064833397214,take_profit,1
2021-03-15 11:15:00,2021-03-15 11:30:00,short,1729.46,1731.7637065535941,1731.6837065535942,1725.9020695142492,9.799493613734889,-22.5751576598647,-1.0359759698826372,stop_loss,1
2021-03-15 13:45:00,2021-03-15 14:45:00,short,1730.68,1732.9053056883693,1732.8253056883693,1727.247510898609,10.136573064315595,-22.556973700591403,-1.0372907229182515,stop_loss,4
2021-03-15 15:00:00,2021-03-15 15:30:00,short,1731.24,1733.8055049699376,1733.7255049699377,1727.2631920480999,8.730995982916887,-22.399413586678428,-1.0321866184004989,stop_loss,2
2021-03-15 16:00:00,2021-03-15 16:15:00,short,1733.95,1729.5905328010667,1736.7059169993333,1729.5405328010668,7.858050545829705,34.256913602104646,1.581857218482251,take_profit,1
2021-03-16 09:00:00,2021-03-16 09:15:00,long,1731.12,1729.4677672961625,1729.5477672961624,1733.63557232614,13.817705772848708,-22.830065369903455,-1.0508830530014195,stop_loss,1
2021-03-16 09:30:00,2021-03-16 10:00:00,long,1727.6299999999999,1730.5452026689677,1725.776748331895,1730.5952026689677,11.697811554923032,34.10149146599425,1.5730203939052727,take_profit,2
2021-03-16 14:00:00,2021-03-16 14:15:00,long,1731.44,1734.4115511488314,1729.5515305319805,1734.4615511488314,11.515776203188851,34.21971800627107,1.5735235327620156,take_profit,1
2021-03-17 11:15:00,2021-03-17 12:30:00,long,1734.3799999999999,1736.8380311598228,1732.8124805251107,1736.8880311598227,13.917295156937929,34.20914515620569,1.5681024696657422,take_profit,5
2021-03-17 13:15:00,2021-03-17 13:30:00,long,1731.07,1729.072383182456,1729.1523831824559,1734.1381869080703,11.412107615233147,-22.797018095811517,-1.041718449310632,stop_loss,1
2021-03-18 09:30:00,2021-03-18 09:45:00,long,1743.1,1740.5035865835152,1740.5835865835152,1747.1262614663756,8.678405268125196,-22.53272787185146,-1.0317912786014636,stop_loss,1
2021-03-18 12:15:00,2021-03-18 13:30:00,long,1734.28,1731.2063966229832,1731.2863966229831,1739.0697654032267,7.279985772990355,-22.375788856497067,-1.0267236470315746,stop_loss,5
2021-03-18 13:45:00,2021-03-18 14:15:00,long,1730.33,1727.2574998163745,1727.3374998163745,1735.1180002938008,7.2677149815899496,-22.33005561547204,-1.0267334987772685,stop_loss,2
2021-03-19 12:00:00,2021-03-19 13:30:00,long,1737.03,1741.000704579748,1734.5170596376577,1741.0507045797478,8.636885550870854,34.29452101160151,1.5801029898086527,take_profit,6
2021-03-19 15:15:00,2021-03-19 15:30:00,long,1736.3799999999999,1733.3407564721442,1733.4207564721441,1741.114789644569,7.357477390011909,-22.361165538938053,-1.0270339359525085,stop_loss,1
2021-03-19 15:45:00,2021-03-19 17:45:00,long,1734.4099999999999,1739.3981400506743,1731.2611624683284,1739.4481400506743,6.900275037412367,34.419538274785936,1.5841211242253828,take_profit,8
2021-03-22 08:15:00,2021-03-22 08:30:00,long,1732.87,1730.614424186855,1730.694424186855,1736.3509213010316,10.018811553940548,-22.598189017523843,-1.0367718741477847,stop_loss,1
2021-03-22 09:00:00,2021-03-22 09:45:00,long,1730.6,1728.1431741758458,1728.2231741758458,1734.4029213186466,9.151485773222431,-22.48360657703141,-1.0336583350731632,stop_loss,3
2021-03-22 11:30:00,2021-03-22 12:00:00,long,1728.59,1732.3703403911115,1726.1960372555552,1732.4203403911115,9.067192274562805,34.27707318950503,1.579114127771647,take_profit,2
2021-03-22 14:30:00,2021-03-22 16:00:00,long,1732.0,1735.8521975080898,1729.561126557444,1735.9021975080898,8.92833316745523,34.39370277906682,1.5794987312061974,take_profit,6
2021-03-23 11:30:00,2021-03-23 12:00:00,long,1737.46,1740.0587772003323,1735.8045142497924,1740.1087772003323,13.194835444048906,34.29043751413054,1.5697973842458999,take_profit,2
2021-03-23 15:15:00,2021-03-23 15:30:00,long,1734.76,1732.3529542963495,1732.4329542963494,1738.4832731258407,9.416421385540556,-22.66575663982818,-1.0343783535812925,stop_loss,1
2021-03-23 15:45:00,2021-03-23 16:00:00,long,1733.6699999999998,1731.2622412045055,1731.3422412045054,1737.394414072791,9.394062416617828,-22.618636409034707,-1.034367822024676,stop_loss,1
2021-03-24 08:00:00,2021-03-24 08:15:00,long,1731.3,1729.6263353019292,1729.7063353019291,1733.8498635169133,13.692889206433374,-22.91730527940157,-1.0501987652087479,stop_loss,1
2021-03-24 08:30:00,2021-03-24 09:15:00,long,1729.8799999999999,1728.2126054389082,1728.2926054389081,1732.4198312977464,13.718101388323058,-22.87348764339394,-1.050397048069074,stop_loss,3
2021-03-24 09:30:00,2021-03-24 10:45:00,long,1727.95,1730.568946941247,1726.2819081617208,1730.618946941247,13.027036077017748,34.11711628742036,1.5700256311718985,take_profit,5
2021-03-24 13:00:00,2021-03-24 13:15:00,long,1731.31,1729.3670012619943,1729.4470012619943,1734.2907979808092,11.7007737820329,-22.734588692178928,-1.042941521305359,stop_loss,1
2021-03-24 13:30:00,2021-03-24 15:00:00,long,1730.44,1733.2902186671265,1728.627363333046,1733.3402186671265,12.000782070015045,34.20485307607335,1.5724158730144824,take_profit,6
2021-03-25 09:15:00,2021-03-25 09:45:00,long,1731.49,1734.2768464601222,1729.7169709624236,1734.3268464601222,12.307450614691106,34.29897517868078,1.57179967223301,take_profit,2
2021-03-25 12:30:00,2021-03-25 12:45:00,long,1731.8799999999999,1730.3082127217533,1730.3882127217532,1734.2668596451945,14.673717619090098,-23.063962678268435,-1.053626948805968,stop_loss,1
2021-03-25 14:00:00,2021-03-25 14:15:00,long,1728.4199999999998,1726.6840758194494,1726.7640758194493,1731.0694786888807,13.19138738352352,-22.89924833406668,-1.0483113906660453,stop_loss,1
2021-03-26 07:45:00,2021-03-26 09:45:00,short,1728.5800000000002,1726.0735226554887,1730.17779834032,1726.0235226554887,13.642609518767882,34.19489167880857,1.5687069395815711,take_profit,8
2021-03-26 11:45:00,2021-03-26 12:15:00,short,1731.14,1728.2753396915277,1732.9616626927952,1728.2253396915278,12.003610062696856,34.38626530498718,1.5725525476271658,take_profit,2
2021-03-26 16:00:00,2021-03-26 16:15:00,short,1728.68,1731.1342634367763,1731.0542634367764,1724.881178501158,9.23878151889828,-22.67440368219641,-1.0336946603147574,stop_loss,1
2021-03-29 13:45:00,2021-03-29 15:15:00,short,1726.5900000000001,1724.1779562928493,1728.1287773169695,1724.1279562928494,14.2255491499144,34.312646307815655,1.5675066694519435,take_profit,6
2021-03-31 09:00:00,2021-03-31 09:30:00,short,1683.6100000000001,1685.5900140267763,1685.5100140267764,1680.5699775571582,11.557060809279074,-22.883142510677942,-1.0421049523174641,stop_loss,2
2021-03-31 09:45:00,2021-03-31 10:45:00,short,1687.3700000000001,1684.0938187656984,1689.4488632714385,1684.0438187656985,10.540766034003298,34.53345987576639,1.5759483941600565,take_profit,4
2021-03-31 15:45:00,2021-03-31 16:30:00,short,1688.79,1691.3507169407194,1691.2707169407195,1684.8208528948487,8.861098950810181,-22.690766196730802,-1.0322487417595996,stop_loss,3
2021-04-01 08:45:00,2021-04-01 09:30:00,short,1714.54,1716.4107619793933,1716.3307619793934,1711.6747808329706,12.249811533134878,-22.91648167092307,-1.0446737204165037,stop_loss,3
2021-04-01 15:00:00,2021-04-01 15:30:00,short,1716.8600000000001,1719.1091947153361,1719.0291947153362,1713.3892884554625,10.091608480403256,-22.69799246336285,-1.036880045592188,stop_loss,2
2021-04-01 16:00:00,2021-04-01 16:15:00,short,1718.69,1721.1255089094313,1721.0455089094314,1714.92118574491,9.27411809504817,-22.587197247607776,-1.0339629367053593,stop_loss,1
2021-04-05 14:30:00,2021-04-05 15:00:00,short,1726.67,1724.0793032510294,1728.3204354681068,1724.0293032510294,13.208691782731321,34.21971485967784,1.569704965164495,take_profit,2
2021-04-06 09:45:00,2021-04-06 10:00:00,long,1733.4099999999999,1731.823015910017,1731.9030159100168,1735.8211745439728,14.511455681974274,-23.029449289785624,-1.053086160983179,stop_loss,1
2021-04-06 10:15:00,2021-04-06 10:45:00,long,1729.86,1732.7485331527112,1728.0234167795554,1732.7985331527111,11.88210460257161,34.32185306851116,1.572775532606789,take_profit,2
2021-04-09 08:30:00,2021-04-09 09:00:00,long,1750.5,1749.0892927092816,1749.1692927092815,1752.6291316651495,16.450738487324973,-23.20717672177099,-1.0601184051202832,stop_loss,2
2021-04-09 09:30:00,2021-04-09 10:00:00,long,1748.07,1746.5852454464232,1746.6652454464231,1750.317607285723,15.550548125094949,-23.08874713934911,-1.0569494505614732,stop_loss,2
2021-04-09 13:15:00,2021-04-09 14:00:00,long,1744.6299999999999,1747.3504958857436,1742.89844007141,1747.4004958857436,12.588952559566614,34.24819364412398,1.5711243029048843,take_profit,3
2021-04-09 15:30:00,2021-04-09 15:45:00,long,1739.22,1737.0383620817277,1737.1183620817276,1742.582620669236,10.404752403937866,-22.699402374666466,-1.038065548448844,stop_loss,1
2021-04-09 16:00:00,2021-04-09 16:15:00,long,1738.32,1735.9797611827141,1736.059761182714,1741.9363821076574,9.65456535420735,-22.593988605938748,-1.0353944899043863,stop_loss,1
2021-04-12 11:30:00,2021-04-12 12:15:00,long,1737.21,1740.1158040248351,1735.3626224844782,1740.165804024835,11.787756004077561,34.25290884042277,1.5729346061756175,take_profit,3
2021-04-13 08:45:00,2021-04-13 09:45:00,long,1725.85,1724.0924281362688,1724.1724281362688,1728.5341149819699,13.021761803685559,-22.886682162365723,-1.0476879719608532,stop_loss,4
2021-04-13 10:00:00,2021-04-13 10:30:00,long,1724.52,1727.344662908313,1722.7233356823044,1727.394662908313,12.133133406749677,34.272011895659524,1.5721706500722434,take_profit,2
2021-04-13 13:00:00,2021-04-13 13:30:00,long,1726.45,1724.6002427489877,1724.6802427489877,1729.28161160162,12.356334104594923,-22.856218605905113,-1.0452039396669592,stop_loss,2
2021-04-13 13:45:00,2021-04-13 14:00:00,long,1724.78,1727.464482029431,1723.0709487316055,1727.514482029431,12.768487314501266,34.276774738798096,1.5707440022867618,take_profit,1
2021-04-14 12:45:00,2021-04-14 15:00:00,long,1742.93,1745.9216855856434,1741.028946508973,1745.9716855856434,11.514958991488827,34.44913683411177,1.5736987937288232,take_profit,9
2021-04-15 13:15:00,2021-04-15 13:30:00,long,1747.04,1745.420125047596,1745.500125047596,1749.5037999238464,14.260541889579802,-23.10029461463778,-1.0519522704587358,stop_loss,1
2021-04-15 15:00:00,2021-04-15 15:15:00,long,1744.75,1747.1689119138102,1743.2069300538687,1747.2189119138102,14.201074117983763,34.35114737289309,1.5675970618667472,take_profit,1
2021-04-16 09:30:00,2021-04-16 10:00:00,long,1762.19,1764.498237152871,1760.7161017794558,1764.548237152871,14.914159378570943,34.425416781457145,1.5660763550000691,take_profit,2
2021-04-19 07:15:00,2021-04-19 09:15:00,long,1776.97,1779.9283387400797,1775.0897882874503,1779.9783387400796,11.727830251971803,34.69489457148598,1.5734072500101277,take_profit,8
2021-04-19 14:30:00,2021-04-19 14:45:00,long,1783.08,1780.7352425224371,1780.815242522437,1786.7036119641004,9.767135691499638,-22.90156444701409,-1.0353238705656098,stop_loss,1
2021-04-19 15:15:00,2021-04-19 16:00:00,long,1776.26,1773.4906916260184,1773.5706916260183,1780.5628933983705,8.208203520415983,-22.73104674443348,-1.0297474253134764,stop_loss,3
2021-04-20 08:30:00,2021-04-20 09:30:00,long,1769.93,1767.9695818066048,1768.0495818066047,1772.9386691094328,11.714909187054538,-22.966121104275445,-1.042543727922285,stop_loss,4
2021-04-20 09:45:00,2021-04-20 10:30:00,long,1768.36,1771.5476211765347,1766.3364867646658,1771.5976211765346,10.863776793371734,34.6296049636988,1.575290500142658,take_profit,3
2021-04-20 12:45:00,2021-04-20 13:00:00,long,1764.79,1768.9874096812352,1762.135368949228,1769.0374096812352,8.30708859923038,34.86825410928886,1.581164990899461,take_profit,1
2021-04-20 15:15:00,2021-04-20 15:30:00,long,1770.28,1767.403038616048,1767.483038616048,1774.7551382143233,7.909294698231157,-22.754735421107274,-1.0286024685428041,stop_loss,1
2021-04-21 10:45:00,2021-04-21 11:45:00,long,1782.1499999999999,1779.9767359803288,1780.0567359803288,1785.4992224314735,10.546439515965076,-22.920197535683585,-1.0382178259637298,stop_loss,4
2021-04-21 12:00:00,2021-04-21 14:00:00,long,1778.6499999999999,1781.926246884202,1776.5710956973735,1781.976246884202,10.597237184753293,34.71916530770007,1.575948868864821,take_profit,8
2021-04-22 09:15:00,2021-04-22 09:30:00,long,1788.8899999999999,1791.663334625868,1787.1254158588322,1791.713334625868,12.524242848134614,34.73391635351231,1.5716647119093226,take_profit,1
2021-04-22 11:45:00,2021-04-22 12:15:00,long,1790.23,1788.2994047380644,1788.3794047380643,1793.1909524190971,11.979684914717037,-23.127922935834697,-1.0432293336341125,stop_loss,2
2021-04-22 12:30:00,2021-04-22 13:45:00,long,1787.49,1785.5487981813146,1785.6287981813146,1790.4679229098967,11.8865627975863,-23.074217320592574,-1.0429829797052477,stop_loss,5
2021-04-22 14:00:00,2021-04-22 14:45:00,long,1785.1399999999999,1788.4662623798856,1783.0298360125712,1788.5162623798856,10.46228823620825,34.80031576762072,1.5763051590786252,take_profit,3
2021-04-22 15:15:00,2021-04-22 15:30:00,long,1782.68,1786.410565113894,1780.3171468038163,1786.460565113894,9.372882128034696,34.966147083487215,1.5788391424059884,take_profit,1
2021-04-26 09:30:00,2021-04-26 09:45:00,long,1777.94,1776.2608173771723,1776.3408173771722,1780.4986921965246,13.892520135419016,-23.328078398680073,-1.0500255560921894,stop_loss,1
2021-04-26 14:00:00,2021-04-26 14:15:00,long,1779.44,1777.5536572579706,1777.6336572579705,1782.3301483872474,12.273429684856447,-23.15189500583783,-1.044288383449335,stop_loss,1
2021-04-26 14:30:00,2021-04-26 14:45:00,long,1776.9199999999998,1774.967082023454,1775.0470820234539,1779.9166687624734,11.812432321162799,-23.068711426730697,-1.0427140969341662,stop_loss,1
2021-04-26 15:15:00,2021-04-26 15:30:00,long,1772.27,1769.9835529174668,1770.0635529174667,1775.8003153320533,10.005941041122739,-22.87805470147416,-1.0362573843865213,stop_loss,1
2021-04-27 11:00:00,2021-04-27 11:15:00,long,1778.23,1776.488515600245,1776.5685156002448,1780.8883750396083,13.260325111706432,-23.092649317717672,-1.048149714804253,stop_loss,1
2021-04-28 10:15:00,2021-04-28 10:45:00,long,1767.1599999999999,1769.583384637597,1765.6141346015017,1769.633384637597,14.222220143815186,34.465909809045876,1.5676556574405238,take_profit,2
2021-04-28 12:30:00,2021-04-28 13:00:00,long,1764.59,1767.488160562026,1762.7473996487338,1767.538160562026,11.969263880043306,34.68884853362474,1.572864435868923,take_profit,2
2021-04-28 15:30:00,2021-04-28 15:45:00,long,1764.53,1767.7168922269238,1762.5069423581726,1767.7668922269238,10.935895779444262,34.85152125396052,1.5752849355519596,take_profit,1
2021-04-29 09:15:00,2021-04-29 09:30:00,long,1781.68,1780.0690928144084,1780.1490928144083,1784.129451496947,14.497058200664714,-23.353415225392066,-1.0522565971032414,stop_loss,1
2021-04-29 09:45:00,2021-04-29 10:00:00,long,1779.52,1777.8118708450766,1777.8918708450765,1782.1250066478776,13.602694646131914,-23.235159310578723,-1.049136150997607,stop_loss,1
2021-04-29 10:15:00,2021-04-29 10:30:00,long,1778.57,1781.1691740994456,1776.9142661878464,1781.2191740994456,13.34784206135302,34.69336536936054,1.569801909199999,take_profit,1
2021-04-29 12:30:00,2021-04-29 13:00:00,long,1776.08,1774.163870754832,1774.243870754832,1779.0178067922686,12.074237262627253,-23.135799132016025,-1.0435699176462978,stop_loss,2
2021-04-30 09:30:00,2021-04-30 09:45:00,short,1771.14,1772.7944108813892,1772.7144108813893,1768.6209425897773,14.051978942892916,-23.247746868173103,-1.050812656940822,stop_loss,1
2021-04-30 14:00:00,2021-04-30 14:15:00,short,1769.91,1771.7434051335324,1771.6634051335325,1767.1045517863483,12.590982333061842,-23.084371645650375,-1.045625508030058,stop_loss,1
2021-04-30 14:30:00,2021-04-30 14:45:00,short,1772.23,1769.4821594484329,1773.9786503447294,1769.432159448433,12.598816213955066,34.619538094447456,1.5714065192331825,take_profit,1
2021-05-03 09:30:00,2021-05-03 09:45:00,short,1776.73,1778.1984408539806,1778.1184408539807,1774.5084946336308,15.917252311139078,-23.373543576793907,-1.0576185868995183,stop_loss,1
2021-05-03 10:00:00,2021-05-03 10:15:00,short,1779.7,1777.319497923896,1781.219063797565,1777.269497923896,14.517768338697547,34.55957767066634,1.5670849900576238,take_profit,1
2021-05-03 12:45:00,2021-05-03 13:15:00,short,1777.0800000000002,1778.9974620918751,1778.9174620918752,1774.1400606529999,12.039723463092718,-23.085713337138223,-1.043538313173193,stop_loss,2
2021-05-03 13:30:00,2021-05-03 13:45:00,short,1779.28,1781.1289118862426,1781.0489118862426,1776.4497409820117,12.480194296341992,-23.07477957712386,-1.0452255426751946,stop_loss,1
2021-05-03 15:30:00,2021-05-03 16:00:00,short,1784.93,1787.3684706681076,1787.2884706681077,1781.1564469310279,9.340889743580881,-22.77748565374895,-1.0339202861760057,stop_loss,2
2021-05-04 12:15:00,2021-05-04 12:30:00,long,1784.97,1783.0286880410172,1783.108688041017,1787.9480991343728,11.811378203881917,-22.929569759265355,-1.0429804362529544,stop_loss,1
2021-05-04 13:00:00,2021-05-04 14:30:00,long,1783.04,1786.0284153783589,1781.1409903885256,1786.0784153783588,11.552758991253134,34.52444263193518,1.5736704860796804,take_profit,6
2021-05-05 15:30:00,2021-05-05 15:45:00,long,1773.4099999999999,1776.4979472121,1771.4487829924374,1776.5479472120999,11.221526819234388,34.6514824569609,1.5745056259418981,take_profit,1
2021-05-06 07:15:00,2021-05-06 08:30:00,long,1788.37,1790.899240643296,1786.75797459794,1790.949240643296,13.695288042857543,34.63867913964287,1.5689831190402033,take_profit,5
2021-05-06 13:30:00,2021-05-06 14:00:00,long,1791.51,1789.7523503958155,1789.8323503958154,1794.1942393666952,13.200867163592518,-23.20249894498065,-1.047685762152229,stop_loss,2
2021-05-06 14:15:00,2021-05-06 14:30:00,long,1790.49,1793.373811183903,1788.6563680100608,1793.423811183903,12.052595447321167,34.75740954604238,1.5727317148292552,take_profit,1
2021-05-07 15:30:00,2021-05-07 15:45:00,long,1818.54,1821.251330874097,1816.8141682036894,1821.301330874097,12.845712682133822,34.8289773948492,1.5710284628509266,take_profit,1
2021-05-10 10:15:00,2021-05-10 11:15:00,long,1834.12,1836.9975962907902,1832.2902523182559,1837.0475962907901,12.154242669507616,34.97500362314006,1.5726738279277264,take_profit,4
2021-05-11 15:30:00,2021-05-11 15:45:00,long,1838.33,1836.316861194616,1836.396861194616,1841.4230220886145,11.540375317591552,-23.232377380538797,-1.0413834742632642,stop_loss,1
2021-05-11 16:00:00,2021-05-11 16:15:00,long,1826.73,1823.997956846378,1824.077956846378,1830.9732690457952,8.394540100135712,-22.93424580838148,-1.0301654216639213,stop_loss,1
2021-05-12 11:15:00,2021-05-12 12:45:00,long,1831.05,1833.9640913378157,1829.1974429138652,1834.0140913378157,11.992512551992846,34.94727694640915,1.5730102784016304,take_profit,6
2021-05-13 08:45:00,2021-05-13 09:15:00,long,1816.69,1819.5403389945088,1814.877288128432,1819.5903389945088,12.294677942042538,35.04399996313074,1.5724170174066472,take_profit,2
2021-05-13 10:45:00,2021-05-13 11:00:00,long,1818.03,1816.0182876272804,1816.0982876272803,1821.1207397963515,11.573563941663704,-23.282681777905804,-1.041414033025681,stop_loss,1
2021-05-13 13:00:00,2021-05-13 13:15:00,long,1811.4199999999998,1808.9996222414477,1809.0796222414476,1815.1646044136835,9.532747958098456,-23.07285113566492,-1.0341825159240172,stop_loss,1
2021-05-17 15:30:00,2021-05-17 16:00:00,long,1846.6599999999999,1844.7744770607462,1844.8544770607461,1849.5488367028058,12.331100930763604,-23.2505736712066,-1.0443084927145785,stop_loss,2
2021-05-18 12:45:00,2021-05-18 14:15:00,long,1868.1599999999999,1866.4304391455994,1866.5104391455993,1870.7992973670407,13.468787398860822,-23.295087441311885,-1.0484977561067308,stop_loss,6
2021-05-18 14:30:00,2021-05-18 14:45:00,long,1865.61,1868.129812918009,1864.0038669262442,1868.179812918009,13.803958486875462,34.783392914891046,1.5688693291876263,take_profit,1
2021-05-19 11:00:00,2021-05-19 11:30:00,long,1867.98,1865.8082654362747,1865.8882654362747,1871.3267753019607,10.632592416860406,-23.09116845369921,-1.0382457704659467,stop_loss,2
2021-05-19 11:45:00,2021-05-19 12:15:00,long,1864.02,1861.6990230187666,1861.7790230187666,1867.6055631699735,9.90388518458951,-22.986689538210197,-1.035698715636024,stop_loss,2
2021-05-19 12:30:00,2021-05-19 13:00:00,long,1859.84,1857.2416849753024,1857.3216849753023,1863.869304039516,8.79493039081838,-22.851999775632162,-1.0317672726467308,stop_loss,2
2021-05-19 13:15:00,2021-05-19 14:00:00,long,1857.4099999999999,1854.730055353768,1854.810055353768,1861.569911433971,8.501219968990108,-22.78279894233466,-1.0307698858573275,stop_loss,3
2021-05-19 14:45:00,2021-05-19 15:00:00,long,1853.08,1857.3853177179437,1850.357926426285,1857.4353177179437,8.103063767240398,34.88626400672859,1.581631650046946,take_profit,1
2021-05-20 10:00:00,2021-05-20 10:30:00,long,1871.11,1874.8502703200525,1868.741081049967,1874.9002703200524,9.34050878973225,34.936027800425585,1.5788933260045637,take_profit,2
2021-05-20 12:45:00,2021-05-20 14:00:00,long,1866.62,1870.4456658815407,1864.197708824037,1870.4956658815406,9.163547533347792,35.056671152205745,1.5793583857728737,take_profit,5
2021-05-24 09:30:00,2021-05-24 09:45:00,long,1883.07,1881.4259896469398,1881.5059896469397,1885.5724165648965,14.237050048474252,-23.405857676727027,-1.0511505565442043,stop_loss,1
2021-05-24 10:00:00,2021-05-24 11:30:00,long,1881.8,1880.1520522976164,1880.2320522976163,1884.3087163238138,14.171443297322181,-23.353797421281413,-1.0510221099073063,stop_loss,6
2021-05-24 11:45:00,2021-05-24 12:45:00,long,1878.19,1881.1123877966625,1876.3322576270862,1881.1623877966624,11.935656249189663,34.880616167789256,1.5730856114772296,take_profit,4
2021-05-24 14:30:00,2021-05-24 15:00:00,long,1880.53,1883.1919768271146,1878.8350144830533,1883.2419768271145,13.122905990995474,34.93287165243312,1.5705012228717354,take_profit,2
2021-05-25 08:30:00,2021-05-25 08:45:00,long,1876.68,1875.0894343945804,1875.1694343945803,1879.0969049686714,14.77128915039371,-23.49470447032497,-1.0529602949470689,stop_loss,1
2021-05-25 09:00:00,2021-05-25 09:15:00,long,1875.1299999999999,1877.7264129576809,1873.4759919014493,1877.7764129576808,13.461851818540794,34.95252649604042,1.5697704019443885,take_profit,1
2021-05-25 11:15:00,2021-05-25 12:45:00,long,1880.74,1884.3532213709846,1878.4504866431348,1884.4032213709845,9.755748712000658,35.24967973615575,1.5781612979676027,take_profit,6
2021-05-25 14:15:00,2021-05-25 14:45:00,long,1882.33,1880.3992104894853,1880.4792104894852,1885.2912632168236,12.106409839975417,-23.374929129015445,-1.043224796523555,stop_loss,2
2021-05-26 08:45:00,2021-05-26 09:00:00,long,1903.79,1902.0513923584447,1902.1313923584446,1906.4437722264884,13.48098605321294,-23.438145367816315,-1.0482332276757793,stop_loss,1
2021-05-26 09:15:00,2021-05-26 09:30:00,long,1900.86,1903.5826913585538,1899.1270679009037,1903.6326913585538,12.875744066638408,35.05667710518807,1.5711471672629107,take_profit,1
2021-05-27 11:15:00,2021-05-27 11:30:00,long,1898.62,1896.6511005226525,1896.7311005226525,1901.6422391637557,11.849706040719154,-23.330880030291674,-1.042352703761807,stop_loss,1
2021-05-27 11:45:00,2021-05-27 14:30:00,long,1894.8,1892.683346879226,1892.763346879226,1898.0586449932384,10.967131103055129,-23.213612275218033,-1.0392801303196522,stop_loss,11
2021-05-27 14:45:00,2021-05-27 15:15:00,long,1892.45,1890.3148489998769,1890.3948489998768,1895.7382416001974,10.845828146490028,-23.1574808141424,-1.0389265800883387,stop_loss,2
2021-05-28 09:00:00,2021-05-28 09:15:00,long,1891.12,1889.5722216580225,1889.6522216580224,1893.4684453471637,15.154535916389218,-23.455862474105732,-1.0545041425615718,stop_loss,1
2021-05-28 09:30:00,2021-05-28 09:45:00,long,1890.51,1888.9579360214584,1889.0379360214583,1892.8653023656668,15.07854835075661,-23.402871743906918,-1.0543454640328755,stop_loss,1
2021-05-28 14:30:00,2021-05-28 15:00:00,long,1891.36,1889.7243827109335,1889.8043827109334,1893.8489876625063,14.23858058665016,-23.28886857929065,-1.0514265305240558,stop_loss,2
2021-05-28 15:15:00,2021-05-28 15:30:00,long,1884.8799999999999,1888.1341814484424,1882.8148865947232,1888.1841814484424,10.703143148809417,34.8299698748803,1.5757882545954451,take_profit,1
2021-05-31 07:15:00,2021-05-31 08:30:00,long,1907.5,1905.9058406136628,1905.9858406136627,1909.9226550181397,14.643679215691225,-23.34435867220508,-1.05283459635874,stop_loss,5
2021-05-31 09:45:00,2021-05-31 11:30:00,long,1903.68,1906.2991116719832,1902.0118052050107,1906.349111671983,13.263544331911781,34.738703771575324,1.5700274811130364,take_profit,7
2021-05-31 13:00:00,2021-05-31 13:15:00,long,1904.7,1903.0627700196103,1903.1427700196102,1907.1915679686238,14.253291616947529,-23.335916354504356,-1.0513732724179254,stop_loss,1
2021-06-01 08:00:00,2021-06-01 09:00:00,long,1910.75,1912.903311239065,1909.3729304755843,1912.953311239065,16.08414157726638,34.63416282904088,1.563691012607906,take_profit,4
2021-06-02 09:45:00,2021-06-02 10:00:00,long,1895.74,1898.6610920366077,1893.8830674771202,1898.7110920366076,11.965027939540809,34.95094783198083,1.5730738735070144,take_profit,1
2021-06-02 12:15:00,2021-06-02 14:45:00,long,1896.23,1899.4860022821476,1894.1637485736578,1899.5360022821476,10.786756698442247,35.121704427099075,1.5758015896020834,take_profit,10
2021-06-03 08:45:00,2021-06-03 09:00:00,long,1900.99,1899.6920077631717,1899.7720077631716,1902.9387875789255,18.35676299615565,-23.82693586230795,-1.0656818636284928,stop_loss,1
2021-06-03 09:15:00,2021-06-03 09:30:00,long,1898.76,1897.2386189386532,1897.3186189386531,1901.066209698155,15.47872491820055,-23.54903894434713,-1.055502324919666,stop_loss,1
2021-06-03 09:45:00,2021-06-03 10:45:00,long,1896.86,1895.2143704113896,1895.2943704113895,1899.3650073417764,14.220249179606075,-23.40126280737097,-1.0510976546316644,stop_loss,4
2021-06-03 11:00:00,2021-06-03 13:15:00,long,1893.75,1896.8048531767834,1891.8094667645105,1896.8548531767833,11.448832692517348,34.97450292119774,1.5742338862919547,take_profit,9
2021-06-04 13:00:00,2021-06-04 15:15:00,short,1871.03,1873.2167778080213,1873.1367778080214,1867.6591555071655,10.578614065695735,-23.13307847848606,-1.0379726802206344,stop_loss,9
2021-06-04 15:45:00,2021-06-04 16:00:00,short,1882.8300000000002,1885.9565128718805,1885.8765128718805,1877.9555794049916,7.300321427017871,-22.824548910435098,-1.0262595312622294,stop_loss,1
2021-06-07 13:45:00,2021-06-07 16:00:00,short,1886.76,1888.6009175298368,1888.5209175298369,1883.9425319522609,12.604153074964968,-23.20320634444961,-1.0454308612665908,stop_loss,9
2021-06-08 10:30:00,2021-06-08 10:45:00,long,1894.58,1892.7443819142989,1892.8243819142988,1897.388988937122,12.615766416486283,-23.157728999082416,-1.0455679971922696,stop_loss,1
2021-06-08 11:00:00,2021-06-08 11:15:00,long,1892.68,1890.820155834268,1890.900155834268,1895.5277506651717,12.418026619018452,-23.095594357286842,-1.0449477552811595,stop_loss,1
2021-06-09 09:15:00,2021-06-09 09:30:00,long,1892.96,1891.5108177971574,1891.5908177971573,1895.1506915245482,16.108857530618746,-23.344669641500023,-1.0584290387603865,stop_loss,1
2021-06-09 09:45:00,2021-06-09 10:00:00,long,1891.6399999999999,1890.1145316720388,1890.1945316720387,1893.9527493247379,15.226394984947595,-23.227383298563396,-1.0553453842276617,stop_loss,1
2021-06-09 10:15:00,2021-06-09 10:30:00,long,1890.07,1892.398564468779,1888.583397207013,1892.448564468779,14.773829994656428,34.40181559334102,1.566366267952732,take_profit,1
2021-06-09 11:45:00,2021-06-09 12:15:00,long,1889.25,1887.4651999219323,1887.5451999219322,1891.9776801249086,12.923286928358413,-23.065483518625985,-1.0469263235197628,stop_loss,2
2021-06-09 14:15:00,2021-06-09 14:30:00,long,1888.87,1891.4180160663157,1887.2462399585525,1891.4680160663156,13.539863672050249,34.499790172109236,1.5692072727965605,take_profit,1
2021-06-10 12:15:00,2021-06-10 12:45:00,short,1883.64,1880.2876167050679,1885.7664895593327,1880.237616705068,10.371313172394139,34.76861702564464,1.5764870700725697,take_profit,2
2021-06-11 11:15:00,2021-06-11 11:30:00,long,1896.11,1894.3553816421547,1894.4353816421547,1898.7893893725523,13.211384139000943,-23.18093714283562,-1.0477720787098406,stop_loss,1
2021-06-11 12:30:00,2021-06-11 14:00:00,long,1891.93,1889.7902853462483,1889.8702853462482,1895.225543446003,10.718797624329067,-22.93516834737638,-1.0388403315256338,stop_loss,6
2021-06-11 14:15:00,2021-06-11 15:00:00,long,1888.3899999999999,1891.6892755453584,1886.2967027841507,1891.7392755453584,10.524924045149993,34.724624518919754,1.5761142375667072,take_profit,3
2021-06-11 15:30:00,2021-06-11 15:45:00,long,1886.83,1884.4699359768915,1884.5499359768914,1890.4781024369734,9.693255639217812,-22.876703900910645,-1.0350867340518188,stop_loss,1
2021-06-14 12:30:00,2021-06-14 13:00:00,short,1860.7,1856.9572500144955,1863.0704687409404,1856.9072500144955,9.304273733313353,34.82357038048927,1.5789071253560552,take_profit,2
2021-06-15 07:15:00,2021-06-15 09:00:00,short,1865.03,1867.0290138087187,1866.9490138087187,1861.95957790605,11.529430941148306,-23.047491658024107,-1.0416880793855983,stop_loss,7
2021-06-16 15:30:00,2021-06-16 18:30:00,short,1857.6100000000001,1859.5114286106627,1859.4314286106628,1854.6957142229398,12.1218268287683,-23.04878834571761,-1.0439215676813274,stop_loss,10
2021-06-18 10:45:00,2021-06-18 11:00:00,short,1788.8700000000001,1791.2695818931757,1791.1895818931757,1785.1586689709193,9.498670724904448,-22.792838280717262,-1.0344889741704284,stop_loss,1
2021-06-18 13:00:00,2021-06-18 15:15:00,short,1794.3300000000002,1790.1264140332246,1796.9884912292348,1790.0764140332246,8.270615567347255,34.76624353549643,1.5811923396812342,take_profit,9
2021-06-21 11:15:00,2021-06-21 14:15:00,short,1784.06,1783.4099999999999,1787.2327064540007,1778.9836696735988,6.952074436455308,4.518848383696582,0.2048724044988323,time_stop,12
2021-06-22 12:15:00,2021-06-22 13:00:00,short,1780.03,1782.412082855853,1782.332082855853,1776.346667430635,9.58520197216166,-22.832745287774785,-1.034751138429499,stop_loss,3
2021-06-22 13:15:00,2021-06-22 13:30:00,short,1782.2,1784.5603386205232,1784.4803386205233,1778.551458207163,9.656576194975012,-22.792789735024297,-1.0350825089221047,stop_loss,1
2021-06-22 13:45:00,2021-06-22 14:00:00,short,1784.76,1787.0259552391244,1786.9459552391245,1781.2624716174007,10.052666068660264,-22.778891345449043,-1.03659727270169,stop_loss,1
2021-06-22 14:15:00,2021-06-22 14:45:00,short,1785.8300000000002,1782.2739882823507,1788.083757323531,1782.2239882823508,9.730027296333159,34.60009107880948,1.5778148252795818,take_profit,2
2021-06-23 15:15:00,2021-06-23 15:30:00,short,1785.79,1782.5384236017837,1787.8534852488851,1782.4884236017838,10.660759737104293,34.66427474822218,1.5757691507477172,take_profit,1
2021-06-24 11:30:00,2021-06-24 13:15:00,short,1780.8700000000001,1782.8771481313186,1782.7971481313186,1777.7865629898906,11.45093553022406,-22.983723851337206,-1.0415121176726527,stop_loss,7
2021-06-24 14:30:00,2021-06-24 14:45:00,short,1783.74,1785.6507415569154,1785.5707415569154,1780.8108135089353,12.0288314197233,-22.983988074794432,-1.0436981395313476,stop_loss,1
2021-06-24 15:00:00,2021-06-24 15:30:00,short,1787.46,1784.4323238929085,1789.3835475669323,1784.3823238929085,11.424575073085153,34.58991298245379,1.5740063615480082,take_profit,2
2021-06-25 10:30:00,2021-06-25 13:30:00,short,1783.3700000000001,1783.1799999999998,1784.958944758829,1780.8276883858741,13.87392059323816,2.636044912719162,0.11957621493419907,time_stop,12
2021-06-25 14:30:00,2021-06-25 15:15:00,short,1784.77,1786.4155592093157,1786.3355592093158,1782.265105265095,14.084529904490246,-23.176927893216394,-1.051099951713031,stop_loss,3
2021-06-25 15:30:00,2021-06-25 16:00:00,short,1785.24,1786.9832477763762,1786.9032477763762,1782.5788035577982,13.229424958566335,-23.062165641756106,-1.048098666438157,stop_loss,2
2021-06-28 07:45:00,2021-06-28 08:15:00,short,1780.81,1782.6489845733377,1782.5689845733377,1777.9956246826596,12.483160822793437,-22.956340179610823,-1.0454807854557373,stop_loss,2
2021-06-28 08:30:00,2021-06-28 08:45:00,short,1783.67,1785.4895004036528,1785.4095004036528,1780.8867993541558,12.596590715021836,-22.919501890629864,-1.0459902164046275,stop_loss,1
2021-06-28 09:00:00,2021-06-28 09:15:00,short,1785.66,1782.8495463818995,1787.447783511313,1782.7995463818995,12.23075136966103,34.37395943895283,1.5720324079041728,take_profit,1
2021-06-28 13:30:00,2021-06-28 14:30:00,short,1778.29,1775.137174058065,1780.2917662137093,1775.087174058065,10.957664985203511,34.54761042838141,1.5750220581916485,take_profit,4
2021-06-29 08:45:00,2021-06-29 09:15:00,short,1778.17,1776.160058456778,1779.457463464514,1776.110058456778,17.090798594188577,34.351506101301695,1.5611639464899878,take_profit,2
2021-06-29 12:45:00,2021-06-29 13:45:00,short,1771.8,1768.840296052335,1773.6810649672905,1768.790296052335,11.734034796989633,34.72926911068926,1.573419312533478,take_profit,4
2021-06-30 14:45:00,2021-06-30 15:15:00,short,1760.81,1757.416628215676,1762.9621073652024,1757.366628215676,10.288492422738948,34.9126798905538,1.5767669583737285,take_profit,2
2021-07-01 09:15:00,2021-07-01 10:45:00,short,1777.73,1775.1603781707013,1779.3672636433116,1775.1103781707013,13.566395229213711,34.86050532588183,1.5694612408917321,take_profit,6
2021-07-02 11:15:00,2021-07-02 11:30:00,short,1781.3600000000001,1783.1377924368796,1783.0577924368797,1778.6435321009928,13.123799002892865,-23.331390610469768,-1.047120012000384,stop_loss,1
2021-07-02 11:45:00,2021-07-02 13:30:00,short,1783.17,1785.0840659277176,1785.0040659277176,1780.235494515652,12.12324135844383,-23.204683217692974,-1.0436189336440507,stop_loss,7
2021-07-02 13:45:00,2021-07-02 15:00:00,short,1786.79,1783.6568272667296,1788.7794829582938,1783.6068272667296,11.152854790780287,34.94382052859678,1.574867842023333,take_profit,5
2021-07-05 09:45:00,2021-07-05 10:15:00,short,1789.63,1791.270263022141,1791.1902630221412,1787.1335791645747,14.265737165966156,-23.399561156916416,-1.0512734063838471,stop_loss,2
2021-07-05 11:00:00,2021-07-05 14:00:00,short,1792.5900000000001,1791.58,1794.3919140988128,1789.7069374419,12.326615944657167,12.449882104106429,0.5605150659877497,time_stop,12
2021-07-07 07:45:00,2021-07-07 08:30:00,long,1798.37,1801.0554540043292,1796.6603412472941,1801.1054540043292,13.006339885279713,34.92792752659305,1.570754397671037,take_profit,3
2021-07-07 12:15:00,2021-07-07 13:00:00,long,1803.61,1806.7204086055308,1801.6347446215432,1806.7704086055307,11.292847964811376,35.12537149070133,1.574686817438802,take_profit,3
2021-07-07 16:00:00,2021-07-07 16:15:00,long,1804.57,1802.3629507719709,1802.4429507719708,1807.9732787648466,10.519977219475342,-23.218107601126388,-1.0376107891372373,stop_loss,1
2021-07-09 07:30:00,2021-07-09 07:45:00,long,1803.62,1801.8590407169827,1801.9390407169826,1806.3095348528277,13.284124983851507,-23.39280320707403,-1.0475918725742897,stop_loss,1
2021-07-09 08:00:00,2021-07-09 08:15:00,long,1801.32,1799.5884585773983,1799.6684585773983,1803.9624662761626,13.492418232447324,-23.362681060547533,-1.0484395964310138,stop_loss,1
2021-07-09 08:30:00,2021-07-09 09:15:00,long,1800.76,1799.0395892835732,1799.119589283573,1803.3846571462832,13.55548462172117,-23.32100100956834,-1.0487682744320157,stop_loss,3
2021-07-09 14:15:00,2021-07-09 14:30:00,long,1801.45,1799.156694596538,1799.236694596538,1804.9912886455395,10.025692885899442,-22.991975668683722,-1.036145034424436,stop_loss,1
2021-07-09 14:45:00,2021-07-09 15:15:00,long,1798.87,1802.4181111280416,1796.6211805449739,1802.4681111280415,9.846916006077901,34.93795225805676,1.577766111953449,take_profit,2
2021-07-12 13:00:00,2021-07-12 13:15:00,long,1801.95,1800.0676854815424,1800.1476854815423,1804.8337032295324,12.325158546689321,-23.199824874725493,-1.044387369230308,stop_loss,1
2021-07-12 13:30:00,2021-07-12 15:30:00,long,1799.6699999999998,1802.6892339070967,1797.7517288080644,1802.7392339070966,11.5559325680515,34.89006343758534,1.5739348637407928,take_profit,8
2021-07-13 09:00:00,2021-07-13 09:15:00,long,1806.6399999999999,1808.6432827473857,1805.3566982828838,1808.6932827473856,17.32810949407161,34.71310279428592,1.5610380011707392,take_profit,1
2021-07-13 11:15:00,2021-07-13 13:30:00,long,1807.01,1809.7740411089676,1805.2512243068952,1809.8240411089675,12.683037957118616,35.05643830007235,1.5715711331490032,take_profit,9
2021-07-15 13:15:00,2021-07-15 13:30:00,long,1827.83,1825.926137134224,1826.006137134224,1830.7481805852415,12.268867451712616,-23.3582411464418,-1.0438629468810927,stop_loss,1
2021-07-16 11:15:00,2021-07-16 11:30:00,long,1821.97,1824.4473006070023,1820.3904371206236,1824.4973006070022,14.13683213220848,35.021182822208765,1.5683456729371679,take_profit,1
2021-07-16 14:00:00,2021-07-16 14:15:00,long,1819.68,1817.7567359908267,1817.8367359908266,1822.6292224146775,12.152387027673477,-23.37224859587021,-1.0434012705731717,stop_loss,1
2021-07-19 08:45:00,2021-07-19 09:00:00,long,1810.93,1809.2803657368981,1809.360365736898,1813.4414148209632,14.241096580224845,-23.49260086288243,-1.0509672870174402,stop_loss,1
2021-07-19 09:15:00,2021-07-19 09:45:00,long,1806.3,1804.3662337221213,1804.4462337221212,1809.266026044606,12.032977512280755,-23.268966135721296,-1.0431553863907101,stop_loss,2
2021-07-19 10:00:00,2021-07-19 10:30:00,long,1803.61,1806.5528306195333,1801.7394808627914,1806.6028306195333,11.900327326075008,35.020647637643854,1.573269452845719,take_profit,2
2021-07-19 15:15:00,2021-07-19 15:30:00,long,1798.68,1796.241490425385,1796.321490425385,1802.4536153193842,9.467772163438594,-23.087253070817955,-1.0339197266192932,stop_loss,1
2021-07-20 11:15:00,2021-07-20 11:45:00,long,1813.6599999999999,1811.901095172326,1811.981095172326,1816.3462477242783,13.272733763280197,-23.345475492663372,-1.047650110167808,stop_loss,2
2021-07-21 07:45:00,2021-07-21 08:00:00,long,1806.6599999999999,1808.8408285194728,1805.2657321753293,1808.8908285194727,15.9488481675825,34.78170293660742,1.5641388841402737,take_profit,1
2021-07-21 10:30:00,2021-07-21 10:45:00,long,1808.96,1807.1012764842535,1807.1812764842534,1811.8059576251944,12.540751302276908,-23.309789350671046,-1.04497607373586,stop_loss,1
2021-07-21 11:00:00,2021-07-21 11:15:00,long,1807.3799999999999,1805.4218149277492,1805.5018149277491,1810.3850961156013,11.851819076121743,-23.208055193877343,-1.0425943114881957,stop_loss,1
2021-07-21 11:30:00,2021-07-21 11:45:00,long,1803.6499999999999,1806.8691696098806,1801.6067689938243,1806.9191696098806,10.871748466160417,34.99800226853113,1.575528953970912,take_profit,1
2021-07-21 13:45:00,2021-07-21 14:45:00,long,1802.28,1800.0531284867636,1800.1331284867636,1805.714994421178,10.37951709012399,-23.11385092914693,-1.0372635248577717,stop_loss,4
2021-07-21 15:00:00,2021-07-21 15:15:00,long,1800.6299999999999,1798.4336416843353,1798.5136416843352,1804.0161733050634,10.507323686866053,-23.077847755027996,-1.0378007823192275,stop_loss,1
2021-07-22 08:30:00,2021-07-22 08:45:00,short,1800.22,1798.3644745380025,1801.4109534137483,1798.3144745380025,18.633059789238594,34.574116873855075,1.5580168296908299,take_profit,1
2021-07-22 09:45:00,2021-07-22 10:00:00,short,1801.8300000000002,1803.3298158428238,1803.2498158428239,1799.5582946514821,15.678268777481911,-23.51451590051454,-1.0563453354914145,stop_loss,1
2021-07-22 14:45:00,2021-07-22 15:00:00,short,1797.95,1795.132555056926,1799.7421530894212,1795.0825550569261,12.394714211435263,34.921424875855124,1.572100597713972,take_profit,1
2021-07-22 15:45:00,2021-07-22 16:30:00,short,1803.3500000000001,1799.1147315957119,1806.0282927526803,1799.064731595712,8.319877725827173,35.23691525973751,1.5813313910699567,take_profit,3
2021-07-23 11:00:00,2021-07-23 11:15:00,short,1809.15,1806.526696724562,1810.8208145471488,1806.476696724562,13.37882895796831,35.09672582696366,1.57007447649702,take_profit,1
2021-07-23 16:00:00,2021-07-23 16:30:00,short,1802.81,1798.3850920359303,1805.6068174775435,1798.3350920359303,8.01758987795521,35.47709730360854,1.5821225373477465,take_profit,2
2021-07-26 08:45:00,2021-07-26 09:15:00,short,1808.49,1806.3925324741851,1809.8321672036343,1806.3425324741852,16.759975681224972,35.15350472481622,1.5627468173379506,take_profit,2
2021-07-26 10:30:00,2021-07-26 10:45:00,short,1810.3,1807.5790249265356,1812.0318594209152,1807.5290249265356,13.029346625936114,35.45252739269949,1.5711292964104322,take_profit,1
2021-07-27 10:30:00,2021-07-27 10:45:00,short,1797.52,1799.1747322106587,1799.0947322106588,1795.0004284629458,14.374445130460403,-23.785857367719238,-1.0508022884516086,stop_loss,1
2021-07-27 14:45:00,2021-07-27 15:00:00,short,1797.9,1799.6440354639512,1799.5640354639513,1795.237543257678,13.574428269042073,-23.674284304070394,-1.0480758984607026,stop_loss,1
2021-07-27 15:15:00,2021-07-27 15:30:00,short,1802.6000000000001,1804.5759285377949,1804.495928537795,1799.5665143395286,11.889151423480149,-23.492113587817425,-1.042195683226002,stop_loss,1
2021-07-27 15:45:00,2021-07-27 16:30:00,short,1803.94,1800.9269638947974,1805.8543975657517,1800.8769638947974,11.749909031007629,35.40290014327294,1.5738821230791091,take_profit,3
2021-07-29 11:00:00,2021-07-29 11:15:00,long,1816.1499999999999,1818.7987103435335,1814.4633060352915,1818.8487103435334,13.378125207765063,35.43477861489483,1.5703562109985332,take_profit,1
2021-07-30 16:00:00,2021-07-30 16:15:00,long,1822.87,1825.7523679377662,1821.037270038896,1825.8023679377661,12.350795307916453,35.59953640145254,1.572718293987005,take_profit,1
2021-08-02 07:45:00,2021-08-02 08:45:00,long,1810.3,1812.6554494370039,1808.7965941018724,1812.7054494370038,15.103620190238988,35.57581367381956,1.566742181827003,take_profit,4
2021-08-02 09:30:00,2021-08-02 11:45:00,long,1808.36,1806.5604136874479,1806.6404136874478,1811.1113381000832,13.246222732853292,-23.837721123058426,-1.0465228173869305,stop_loss,9
2021-08-03 09:30:00,2021-08-03 10:15:00,long,1809.25,1811.2892010566409,1807.9442493395993,1811.3392010566408,17.407877745365138,35.4981626922238,1.5617078501152095,take_profit,3
2021-08-03 15:15:00,2021-08-03 15:45:00,long,1808.61,1810.9505915748973,1807.1158802656892,1811.0005915748973,15.260720853866514,35.71911465742127,1.5665354798202713,take_profit,2
2021-08-04 11:45:00,2021-08-04 12:45:00,long,1812.0,1814.1534917674906,1810.6228176453185,1814.2034917674905,16.608390558542936,35.76603233908999,1.5636939873431455,take_profit,4
2021-08-05 11:45:00,2021-08-05 12:15:00,long,1808.84,1811.219917284893,1807.3213016969416,1811.269917284893,15.107881819159513,35.95550907953924,1.5670770686320683,take_profit,2
2021-08-05 15:30:00,2021-08-05 16:00:00,long,1810.18,1808.3290552971584,1808.4090552971584,1813.0135115245466,12.996580561092232,-24.055951944607987,-1.045173629572712,stop_loss,2
2021-08-06 09:15:00,2021-08-06 10:00:00,short,1801.4,1799.5193557728417,1802.606652641974,1799.4693557728417,19.03456951642591,35.79725327751217,1.5585630543035862,take_profit,3
2021-08-06 15:00:00,2021-08-06 15:15:00,short,1799.6200000000001,1801.2062402821477,1801.1262402821478,1797.210015548564,15.296170455311263,-24.263401738811147,-1.0531123758593532,stop_loss,1
2021-08-09 08:30:00,2021-08-09 10:30:00,short,1743.17,1748.4566192448908,1748.376619244891,1734.8394092081749,4.415760058020502,-23.344442103551053,-1.015365056716684,stop_loss,8
2021-08-09 10:45:00,2021-08-09 12:15:00,short,1751.49,1744.7483579569498,1755.7347762769064,1744.6983579569498,5.40534787181408,36.44092046993376,1.5882208161895413,take_profit,6
2021-08-09 14:30:00,2021-08-09 15:30:00,short,1746.3600000000001,1740.707233491865,1749.9242290675845,1740.657233491865,6.457882986528196,36.504904659701886,1.5859717209382838,take_profit,4
2021-08-11 12:15:00,2021-08-11 13:15:00,short,1733.23,1735.0438667251226,1734.9638667251227,1730.4558132398038,13.317277349173715,-24.155766252894836,-1.0461396477830602,stop_loss,4
2021-08-11 13:30:00,2021-08-11 13:45:00,short,1735.91,1737.7013464776041,1737.6213464776042,1733.1718456358335,13.464294246665178,-24.11921607218835,-1.0467468166422536,stop_loss,1
2021-08-11 14:00:00,2021-08-11 15:00:00,short,1737.3600000000001,1739.21100793222,1739.13100793222,1734.5263873084482,12.983473242545243,-24.032511959714416,-1.0451720167620324,stop_loss,4
2021-08-12 10:45:00,2021-08-12 12:45:00,short,1756.45,1753.721649123194,1758.1864692980037,1753.6716491231941,13.214036725424775,36.05252868595886,1.5712059406651748,take_profit,8
2021-08-13 09:30:00,2021-08-13 10:15:00,short,1758.72,1760.1869808378585,1760.1069808378586,1756.5008306594261,16.595668451557444,-24.34552760988762,-1.0576792395513144,stop_loss,3
2021-08-13 12:45:00,2021-08-13 13:15:00,short,1758.5800000000002,1760.2063131621633,1760.1263131621633,1756.1058989405392,14.85415997262296,-24.15751587635321,-1.0517359626480918,stop_loss,2
2021-08-13 13:30:00,2021-08-13 15:15:00,short,1759.8600000000001,1757.4199766663135,1761.4162645835543,1757.3699766663135,14.728130607744044,35.93698234448027,1.5678717870159544,take_profit,7
2021-08-13 16:00:00,2021-08-13 16:15:00,short,1762.75,1764.6736589871969,1764.593658987197,1759.800145620485,12.471255352074891,-23.990442439645793,-1.0433919724610017,stop_loss,1
2021-08-16 15:30:00,2021-08-16 15:45:00,short,1776.01,1777.9701185835154,1777.8901185835155,1773.0018102663753,12.203890397008376,-23.921072358361197,-1.0425505075591255,stop_loss,1
2021-08-17 14:45:00,2021-08-17 15:00:00,long,1793.34,1791.7892028136089,1791.8692028136088,1795.6932754982258,15.567692944849036,-24.14233441747148,-1.0543922715790768,stop_loss,1
2021-08-17 15:45:00,2021-08-17 16:15:00,long,1790.21,1788.1296582559216,1788.2096582559216,1793.4105467905256,11.42236539365718,-23.762423544541495,-1.0399931662860848,stop_loss,2
2021-08-18 11:15:00,2021-08-18 13:45:00,long,1787.81,1786.1684171791705,1786.2484171791705,1790.3085325133272,14.601280932284666,-23.969211940542376,-1.0512300717789873,stop_loss,10
2021-08-18 14:00:00,2021-08-18 14:15:00,long,1785.62,1784.0777944030845,1784.1577944030844,1787.9595289550646,15.560856209329854,-23.998039538824834,-1.0547118682685153,stop_loss,1
2021-08-18 14:30:00,2021-08-18 14:45:00,long,1783.2,1785.5788387418672,1781.6819757863332,1785.6288387418672,14.957057179052661,35.58042708185317,1.5670624489717193,take_profit,1
2021-08-19 15:00:00,2021-08-19 15:15:00,long,1786.83,1784.5197789161239,1784.5997789161238,1790.3983537342017,10.212591021505498,-23.593343098885335,-1.0358708831955292,stop_loss,1
2021-08-20 11:00:00,2021-08-20 11:30:00,long,1785.44,1783.8029239752252,1783.8829239752251,1787.93132163964,14.597327792169626,-23.896935354340375,-1.0513783519410953,stop_loss,2
2021-08-20 12:00:00,2021-08-20 13:00:00,long,1782.59,1780.7742914841838,1780.8542914841837,1785.367133625306,13.067490914275616,-23.726754533400285,-1.0460906881950207,stop_loss,4
2021-08-20 13:15:00,2021-08-20 13:30:00,long,1780.45,1783.1282209851936,1778.744861884254,1783.1782209851935,13.273940417014526,35.550545781057096,1.5706768621624967,take_profit,1
2021-08-20 16:00:00,2021-08-20 16:30:00,long,1782.1699999999998,1785.2912178362908,1780.187988852318,1785.3412178362908,11.455537406694802,35.75522767807402,1.5747730984972785,take_profit,2
2021-08-23 09:00:00,2021-08-23 10:15:00,long,1786.29,1784.6718045942248,1784.7518045942247,1788.7511126492404,14.80729510216644,-23.961096906282883,-1.0520089968410793,stop_loss,5
2021-08-24 10:30:00,2021-08-24 11:15:00,long,1802.1499999999999,1800.6657695666022,1800.7457695666021,1804.3967686934361,16.185798686404272,-24.02345499920925,-1.0569707065857814,stop_loss,3
2021-08-24 11:30:00,2021-08-24 12:30:00,long,1801.26,1803.4351580761463,1799.8692762024086,1803.4851580761463,16.308446172835172,35.473448402239924,1.564047498082322,take_profit,4
2021-08-25 07:45:00,2021-08-25 08:30:00,long,1793.61,1795.874863263074,1792.1632104605785,1795.924863263074,15.725501512958893,35.61611067011797,1.565440723313467,take_profit,3
2021-08-25 10:15:00,2021-08-25 10:45:00,long,1792.95,1795.503710384744,1791.322681009535,1795.553710384744,14.024738509271916,35.81512037444549,1.5692746165360927,take_profit,2
2021-08-25 14:30:00,2021-08-25 14:45:00,long,1791.01,1793.651046581308,1789.3280958866826,1793.701046581308,13.612163364079334,35.95035751690836,1.5702717892156453,take_profit,1
2021-08-26 09:30:00,2021-08-26 09:45:00,long,1785.11,1783.895125687697,1783.9751256876968,1786.9257988996849,20.236826245208224,-24.585200367842273,-1.0704923876879189,stop_loss,1
2021-08-26 11:30:00,2021-08-26 13:00:00,long,1784.6499999999999,1786.8327043191618,1783.2545598005238,1786.8827043191618,16.422834798722164,35.846192448054616,1.564169012747017,take_profit,6
2021-08-26 15:45:00,2021-08-26 16:00:00,long,1782.3,1780.0743958197063,1780.1543958197062,1785.7329666884698,10.714360301647238,-23.845925076518512,-1.0372855351115953,stop_loss,1
2021-08-27 10:45:00,2021-08-27 11:00:00,long,1800.58,1799.0960856202391,1799.176085620239,1802.8262630076174,16.340800217561817,-24.24834841963823,-1.056983532011086,stop_loss,1
2021-08-27 11:30:00,2021-08-27 13:45:00,long,1795.8799999999999,1794.1112573278663,1794.1912573278662,1798.5819882754138,13.5559952875893,-23.977067328401354,-1.0473725223623616,stop_loss,9
2021-08-27 14:00:00,2021-08-27 14:15:00,long,1794.53,1793.0326870862716,1793.1126870862715,1796.7977006619656,16.118270954465814,-24.134095247094482,-1.0564448395446253,stop_loss,1
2021-08-30 09:15:00,2021-08-30 12:15:00,long,1813.37,1815.3300000000002,1811.8166245245538,1815.8554007607136,14.675373559440489,28.76373217650723,1.2617683431866058,time_stop,12
2021-08-31 12:15:00,2021-08-31 13:15:00,long,1814.69,1816.755071016976,1813.3680806143902,1816.805071016976,17.288416444588595,35.701807729130046,1.5621762109368666,take_profit,4
2021-08-31 15:45:00,2021-08-31 16:00:00,long,1810.77,1809.0781143383272,1809.158114338327,1813.3490170586765,14.222656733767698,-24.063108998755858,-1.049631311886539,stop_loss,1
2021-09-01 10:30:00,2021-09-01 10:45:00,long,1812.85,1811.1733930842026,1811.2533930842026,1815.4045710652756,14.328617780434211,-24.023459664491657,-1.050106259222844,stop_loss,1
2021-09-01 11:00:00,2021-09-01 11:15:00,long,1811.45,1809.6686399552564,1809.7486399552563,1814.17217607159,13.418161190077418,-23.902576217934197,-1.0470212053275156,stop_loss,1
2021-09-01 14:45:00,2021-09-01 15:00:00,long,1811.34,1813.6675602678315,1809.854024832605,1813.7175602678315,15.330887534434869,35.68356469574515,1.566352062203169,take_profit,1
2021-09-02 14:15:00,2021-09-02 15:15:00,long,1815.04,1813.8738673973985,1813.9538673973984,1816.7778121641625,21.04041923145218,-24.535918838199244,-1.0736558315331928,stop_loss,4
2021-09-02 15:30:00,2021-09-02 15:45:00,long,1812.82,1811.406847328461,1811.486847328461,1814.9530442744622,17.10502776526252,-24.17201568322796,-1.060008130882396,stop_loss,1
2021-09-03 10:45:00,2021-09-03 12:45:00,long,1811.9099999999999,1813.5703330830515,1810.8410418230926,1813.6203330830515,21.28733370699148,35.34406440367916,1.5532254852621352,take_profit,8
2021-09-06 11:45:00,2021-09-06 12:30:00,long,1825.29,1823.9362630021392,1824.016263002139,1827.3279791965774,17.920463641853576,-24.259594650796092,-1.0628073143312013,stop_loss,3
2021-09-06 12:45:00,2021-09-06 15:15:00,long,1823.79,1822.5110880259292,1822.5910880259291,1825.7082591585133,18.998424290324056,-24.297312313372064,-1.066727167406872,stop_loss,10
2021-09-07 07:45:00,2021-09-07 08:00:00,long,1821.8899999999999,1820.7668465574855,1820.8468465574854,1823.5590455080232,21.788591034827515,-24.47193102830539,-1.0766905392241137,stop_loss,1
2021-09-07 08:15:00,2021-09-07 08:30:00,long,1821.32,1820.1918217766074,1820.2718217766073,1822.9970851574283,21.637446168321485,-24.41089557692831,-1.076322898353101,stop_loss,1
2021-09-07 08:45:00,2021-09-07 09:00:00,long,1818.85,1817.6153973481971,1817.695397348197,1820.6973642428845,19.60075014289364,-24.199138103740374,-1.0692879059952018,stop_loss,1
2021-09-08 10:30:00,2021-09-08 13:30:00,short,1799.23,1798.1599999999999,1800.819103130047,1796.6874349919246,14.210959244308956,15.20572639141291,0.6733357827874041,time_stop,12
2021-09-08 14:30:00,2021-09-08 14:45:00,short,1799.2,1796.9606251174582,1800.6308593015885,1796.9106251174583,15.80385384068249,35.390753338186514,1.5650559632632894,take_profit,1
2021-09-09 10:30:00,2021-09-09 10:45:00,short,1791.16,1792.5715318913087,1792.4915318913088,1789.0295489739062,17.035921500360665,-24.046746495589634,-1.0600811745645071,stop_loss,1
2021-09-09 11:00:00,2021-09-09 11:15:00,short,1792.23,1793.6702494368938,1793.5902494368938,1790.0536009009702,16.640903255406347,-23.967051543002142,-1.0588127425971303,stop_loss,1
2021-09-09 11:45:00,2021-09-09 14:00:00,short,1794.92,1796.4326341154722,1796.3526341154723,1792.6277854152447,15.766653143004412,-23.849177430924048,-1.0558411942979313,stop_loss,9
2021-09-09 14:30:00,2021-09-09 15:00:00,short,1799.6000000000001,1797.322577449367,1801.0546390941458,1797.272577449367,15.495353394073737,35.28946724969451,1.5656272128247222,take_profit,2
2021-09-10 08:45:00,2021-09-10 11:00:00,short,1802.65,1799.9660947378295,1804.3586907888566,1799.9160947378296,13.232777929501028,35.515522318122564,1.5707378301996209,take_profit,9
2021-09-10 11:30:00,2021-09-10 12:30:00,short,1802.91,1800.1845736082082,1804.64464149487,1800.1345736082083,13.075760536593853,35.63702285918352,1.5711756001756465,take_profit,4
2021-09-10 14:45:00,2021-09-10 15:15:00,short,1797.49,1799.39786754471,1799.31786754471,1794.565411928464,12.447855379524787,-23.748859279838072,-1.043766847456455,stop_loss,2
2021-09-13 14:45:00,2021-09-13 15:00:00,short,1790.01,1791.5297971378836,1791.4497971378837,1787.706324579386,15.769952956213697,-23.967129367413268,-1.0555633831287614,stop_loss,1
2021-09-13 15:15:00,2021-09-13 15:30:00,short,1791.3300000000002,1788.9576676220217,1792.8439577362367,1788.9076676220218,14.965806726220636,35.50386785918028,1.5669739789934047,take_profit,1
2021-09-14 08:45:00,2021-09-14 10:15:00,short,1793.15,1794.2950535937632,1794.2150535937633,1791.4459142499788,21.340340749983273,-24.435833867897966,-1.075113590967061,stop_loss,6
2021-09-15 11:15:00,2021-09-15 11:30:00,short,1802.5,1800.2124538575201,1803.96096633905,1800.1624538575202,15.523790202389945,35.5113863941439,1.5657760766531008,take_profit,1
2021-09-15 14:15:00,2021-09-15 15:00:00,short,1802.92,1804.4095863026591,1804.3295863026592,1800.6646619157457,16.140024679606228,-24.041959687320674,-1.0567542404810617,stop_loss,3
2021-09-15 15:30:00,2021-09-15 15:45:00,short,1806.0800000000002,1803.463771115984,1807.7463930525103,1803.413771115984,13.623840881586416,35.643086025647236,1.5699950741365376,take_profit,1
2021-09-17 09:45:00,2021-09-17 10:00:00,short,1764.44,1762.308140467409,1765.8036622078694,1762.258140467409,16.700587457955418,35.603306572113276,1.5633340282430046,take_profit,1
2021-09-17 11:45:00,2021-09-17 12:00:00,short,1764.1000000000001,1765.8696674244113,1765.7896674244114,1761.3965321209423,13.520510751832935,-23.926807438919884,-1.0473465954566783,stop_loss,1
2021-09-17 12:15:00,2021-09-17 13:30:00,short,1766.19,1763.471805757343,1767.9201214016607,1763.421805757343,13.176712883855686,35.816865098042044,1.571100293914657,take_profit,5
2021-09-20 08:15:00,2021-09-20 08:45:00,short,1749.21,1751.2337294979884,1751.1537294979885,1746.1000328032185,11.7654986034628,-23.81018658236864,-1.0411579903904935,stop_loss,2
2021-09-20 09:15:00,2021-09-20 09:45:00,short,1751.21,1753.1222779100387,1753.0422779100388,1748.278355343938,12.455166432937395,-23.817739635561825,-1.0436614989252553,stop_loss,2
2021-09-20 10:00:00,2021-09-20 11:30:00,short,1753.2,1755.1120789243275,1755.0320789243276,1750.2686737210759,12.430518434141902,-23.768132316387064,-1.0436662410869062,stop_loss,6
2021-09-20 12:00:00,2021-09-20 12:45:00,short,1757.53,1759.544625988025,1759.464625988025,1754.4345984191598,11.747053289728049,-23.665918840201233,-1.0413516620241374,stop_loss,3
2021-09-20 13:15:00,2021-09-20 13:45:00,short,1759.96,1757.1463323407752,1761.7497922870155,1757.0963323407752,12.671203750219366,35.65255619544084,1.5720637973676845,take_profit,2
2021-09-21 11:30:00,2021-09-21 11:45:00,short,1761.38,1762.9711450313453,1762.8911450313453,1758.962167949848,15.054893726171432,-23.95451934982694,-1.052939988115311,stop_loss,1
2021-09-21 12:00:00,2021-09-21 12:30:00,short,1764.3500000000001,1766.0718546443743,1765.9918546443744,1761.7230325690016,13.827179458804796,-23.808393169738043,-1.0487253852063243,stop_loss,2
2021-09-21 12:45:00,2021-09-21 13:00:00,short,1765.81,1767.5300600049889,1767.450060004989,1763.1859039920175,13.81327631780606,-23.759664132118672,-1.0487787030697482,stop_loss,1
2021-09-21 13:15:00,2021-09-21 15:00:00,short,1767.5800000000002,1769.3003068410367,1769.2203068410367,1764.9555090543417,13.78222789349853,-23.709660929909834,-1.048771362770987,stop_loss,7
2021-09-21 15:15:00,2021-09-21 15:30:00,short,1768.98,1770.9291368657905,1770.8491368657906,1765.989381014735,12.069562047308679,-23.52522834035495,-1.042800504053025,stop_loss,1
2021-09-22 08:45:00,2021-09-22 09:15:00,short,1778.3700000000001,1779.7658193946634,1779.6858193946634,1776.2646889685388,17.109196756938452,-23.881348660444257,-1.0607986174427813,stop_loss,2
2021-09-22 09:30:00,2021-09-22 10:00:00,short,1780.28,1778.043892005787,1781.708817496383,1777.993892005787,15.722686962776619,35.157626007972425,1.565006027623143,take_profit,2
2021-09-23 08:45:00,2021-09-23 09:00:00,short,1766.1100000000001,1763.6597835900914,1767.6726352561932,1763.6097835900914,14.421257542522314,35.335201882208686,1.5680027698069812,take_profit,1
2021-09-23 11:30:00,2021-09-23 12:15:00,short,1769.31,1771.5734784481463,1771.4934784481463,1765.8164344829656,10.353129840846645,-23.434086265616877,-1.0366387861844213,stop_loss,3
2021-09-23 12:30:00,2021-09-23 13:00:00,short,1770.9,1773.3760773624924,1773.2960773624925,1767.066276220012,9.414957988815837,-23.31216434492324,-1.0333879036012055,stop_loss,2
2021-09-23 13:15:00,2021-09-23 15:15:00,short,1774.29,1770.2988618277573,1776.8157113576515,1770.2488618277573,8.913268457588707,35.5740859805291,1.5802035969596229,take_profit,8
2021-09-27 15:45:00,2021-09-27 16:45:00,short,1753.21,1755.5586553890525,1755.4786553890526,1749.580151377516,9.954571178181894,-23.3798572433437,-1.035263178526791,stop_loss,4
2021-09-29 13:15:00,2021-09-29 13:30:00,short,1743.07,1744.9328825296086,1744.8528825296087,1740.217387952626,12.640615105218924,-23.547981043019778,-1.044871155935037,stop_loss,1
2021-09-29 13:45:00,2021-09-29 14:15:00,short,1745.3500000000001,1742.5812477754787,1747.111720140326,1742.5312477754787,12.76572558701447,35.345131116676704,1.5716186476753622,take_profit,2
2021-09-30 15:30:00,2021-09-30 15:45:00,short,1728.64,1730.980452908355,1730.900452908355,1725.0232753466325,9.980445091939423,-23.358761742104925,-1.0353911376362848,stop_loss,1
2021-09-30 16:00:00,2021-09-30 16:15:00,short,1737.18,1740.011615007714,1739.931615007714,1732.7774159876576,8.181961701818956,-23.16816554741121,-1.0290738347391084,stop_loss,1
2021-10-01 09:30:00,2021-10-01 09:45:00,short,1754.51,1756.3792294875652,1756.2992294875653,1751.6472328198954,12.556953949347092,-23.471828596118318,-1.0447119838768066,stop_loss,1
2021-10-01 10:00:00,2021-10-01 10:45:00,short,1755.71,1752.766614013073,1757.5808662418294,1752.716614013073,11.983929220432108,35.2733293357457,1.5732744122043363,take_profit,3
2021-10-01 13:00:00,2021-10-01 15:00:00,short,1754.94,1751.8392741217356,1756.9092036739155,1751.7892741217356,11.42130475357647,35.41433521295973,1.5746090256368401,take_profit,8
2021-10-04 15:00:00,2021-10-04 15:30:00,short,1753.54,1755.6322163777966,1755.5522163777966,1750.320453795525,11.212364734244487,-23.458693130815377,-1.0397571557823841,stop_loss,2
2021-10-04 15:45:00,2021-10-04 16:00:00,short,1757.45,1753.801708815149,1759.761431990532,1753.751708815149,9.74062254829049,35.53662737789037,1.5783683879929329,take_profit,1
2021-10-05 08:45:00,2021-10-05 09:45:00,long,1757.62,1756.111321644596,1756.191321644596,1759.905885368646,15.808918596086162,-23.85057330825653,-1.055995808781823,stop_loss,4
2021-10-05 11:45:00,2021-10-05 13:30:00,long,1756.95,1754.900199700591,1754.980199700591,1760.1016804790545,11.44184955231998,-23.45350663813904,-1.0406132540562227,stop_loss,7
2021-10-05 14:00:00,2021-10-05 14:30:00,long,1754.36,1757.113545551676,1752.6077840302023,1757.163545551676,12.835890123336858,35.34420815091736,1.5714647047727677,take_profit,2
2021-10-06 07:15:00,2021-10-06 07:30:00,long,1753.2,1751.705223102717,1751.7852231027168,1755.4636430356531,15.94734839132961,-23.837727948285035,-1.0565460180708,stop_loss,1
2021-10-07 08:45:00,2021-10-07 09:00:00,long,1757.24,1759.120438924619,1756.0334756721131,1759.170438924619,18.660431539341566,35.089801816766986,1.5585586474766533,take_profit,1
2021-10-07 11:30:00,2021-10-07 11:45:00,long,1762.78,1760.847952033465,1760.9279520334649,1765.7432767464563,12.194308480556648,-23.559988903160438,-1.043195425521076,stop_loss,1
2021-10-07 12:00:00,2021-10-07 12:15:00,long,1760.8799999999999,1758.9260402737527,1759.0060402737527,1763.8783355619953,12.026578763271266,-23.499450547971296,-1.0426903518146224,stop_loss,1
2021-10-07 12:30:00,2021-10-07 13:15:00,long,1758.8999999999999,1761.735054642741,1757.0968408482868,1761.785054642741,12.47273449182099,35.360883828715025,1.5722708891490413,take_profit,3
2021-10-07 15:30:00,2021-10-07 15:45:00,long,1759.71,1757.7358347735446,1757.8158347735446,1762.7406643623287,11.91081263575416,-23.513912124331423,-1.0422349639210884,stop_loss,1
2021-10-07 16:00:00,2021-10-07 16:15:00,long,1755.21,1752.9512554935156,1753.0312554935156,1758.6959912103753,10.333482986286919,-23.340697928125493,-1.0367183943605265,stop_loss,1
2021-10-08 10:15:00,2021-10-08 12:00:00,long,1755.44,1758.005559881108,1753.8052750743077,1758.055559881108,13.743803339789093,35.260550462399685,1.5694138143891778,take_profit,7
2021-10-11 07:15:00,2021-10-11 08:15:00,long,1755.0,1757.5971481129693,1753.345532429394,1757.6471481129693,13.622424153069364,35.379453183211616,1.5697787971861998,take_profit,4
2021-10-11 10:15:00,2021-10-11 11:45:00,long,1755.04,1753.2780701683819,1753.3580701683818,1757.731087730589,13.442069624811161,-23.683983470642175,-1.0475644099391235,stop_loss,6
2021-10-11 12:00:00,2021-10-11 13:15:00,long,1753.1699999999998,1755.9370011484234,1751.4093742822351,1755.9870011484234,12.814336236301775,35.457283082132655,1.5716010055428278,take_profit,5
2021-10-11 16:00:00,2021-10-11 16:15:00,long,1750.94,1753.877368859394,1749.072894462879,1753.927368859394,12.1215239577614,35.60538700192578,1.5732205818012948,take_profit,1
2021-10-12 08:15:00,2021-10-12 08:30:00,short,1760.06,1761.4673345799017,1761.3873345799018,1757.9362646721572,17.10448564940122,-24.071734125835945,-1.0602711638883417,stop_loss,1
2021-10-12 08:45:00,2021-10-12 10:00:00,short,1761.71,1759.620901681605,1763.046936448997,1759.570901681605,16.945631052717573,35.40108933637683,1.5626010645176465,take_profit,5
2021-10-13 15:45:00,2021-10-13 16:15:00,long,1760.32,1765.1602324262367,1757.263604733602,1765.2102324262366,7.4355677206272945,35.98987598885953,1.5836408593647668,take_profit,2
2021-10-15 09:30:00,2021-10-15 10:15:00,long,1791.32,1790.1569042265608,1790.2369042265607,1793.0529532375026,21.048936110138495,-24.481928625093445,-1.0738623508296923,stop_loss,3
2021-10-15 10:30:00,2021-10-15 10:45:00,long,1790.0,1788.660140087849,1788.7401400878489,1792.0157758594419,18.056809062359523,-24.19359460402116,-1.0634991233774027,stop_loss,1
2021-10-15 11:00:00,2021-10-15 11:15:00,long,1786.82,1789.0591944910493,1785.389253443094,1789.1091944910493,15.86630600664719,35.52774500338799,1.565053209627724,take_profit,1
2021-10-15 12:15:00,2021-10-15 12:30:00,long,1783.71,1781.9092378336534,1781.9892378336533,1786.4632194661547,13.233507003572733,-23.830398740117303,-1.0464910268045766,stop_loss,1
2021-10-15 12:45:00,2021-10-15 14:30:00,long,1781.61,1779.7745469075887,1779.8545469075887,1784.4187249478578,12.944838845644712,-23.759644490002845,-1.0455722800829963,stop_loss,7
2021-10-15 15:00:00,2021-10-15 15:15:00,long,1778.44,1776.4831287286358,1776.5631287286358,1781.4429940341831,12.082095580742116,-23.643105739830695,-1.0426241273019092,stop_loss,1
2021-10-15 15:30:00,2021-10-15 15:45:00,long,1774.1499999999999,1771.9138201792828,1771.9938201792827,1777.5998877131474,10.49506709248665,-23.46885724929071,-1.037102656852302,stop_loss,1
2021-10-18 09:15:00,2021-10-18 09:30:00,long,1762.44,1765.1467689999974,1760.7170193750017,1765.1967689999974,13.106539818121831,35.47637567692365,1.5709805210374368,take_profit,1
2021-10-18 13:15:00,2021-10-18 15:00:00,long,1761.05,1764.71496430737,1758.7281473078936,1764.76496430737,9.756547861869988,35.75739967690211,1.5784654727795282,take_profit,7
2021-10-19 12:30:00,2021-10-19 13:00:00,long,1780.2,1778.5538022726516,1778.6338022726516,1782.7059163637575,14.509522853524945,-23.885543546382554,-1.0510791189407256,stop_loss,2
2021-10-19 13:15:00,2021-10-19 14:00:00,long,1778.82,1777.116448102411,1777.1964481024108,1781.4176830361425,13.967530489590898,-23.794413070175104,-1.049274679866239,stop_loss,3
2021-10-21 10:00:00,2021-10-21 10:15:00,long,1783.54,1781.71216476164,1781.79216476164,1786.336536381376,12.947113840147344,-23.665190912079343,-1.0457709046277093,stop_loss,1
2021-10-21 14:00:00,2021-10-21 14:15:00,long,1784.31,1782.646834016837,1782.7268340168368,1786.8430655730608,14.263881149041795,-23.723201914966648,-1.0505316567250205,stop_loss,1
2021-10-21 14:30:00,2021-10-21 15:15:00,long,1777.9199999999998,1781.0433473563635,1775.9366579022726,1781.0933473563634,11.361955683307155,35.487334246578214,1.5747900273698368,take_profit,3
2021-10-26 10:15:00,2021-10-26 10:30:00,long,1803.1399999999999,1801.5713301515552,1801.6513301515552,1805.5218717575115,15.185112878671344,-23.820428718000166,-1.0537392492254123,stop_loss,1
2021-10-26 10:45:00,2021-10-26 11:00:00,long,1801.6599999999999,1800.03175916129,1800.11175916129,1804.1371853419357,14.570070925830747,-23.723584504336966,-1.0516715474748661,stop_loss,1
2021-10-28 12:00:00,2021-10-28 12:15:00,long,1800.8899999999999,1799.2597065598075,1799.3397065598074,1803.370469504308,14.520174747348408,-23.672145641049703,-1.0516031339137926,stop_loss,1
2021-10-28 12:30:00,2021-10-28 12:45:00,long,1799.43,1797.8064816765689,1797.8864816765688,1801.89962931749,14.55323660819567,-23.627446298635384,-1.0518296406239518,stop_loss,1
2021-10-28 13:00:00,2021-10-28 13:15:00,long,1797.8,1796.0958949150006,1796.1758949150005,1800.398568135999,13.80202099262032,-23.520094156792137,-1.0492578963878776,stop_loss,1
2021-10-29 10:00:00,2021-10-29 10:15:00,long,1793.3899999999999,1796.065703379596,1791.6864353877522,1796.115703379596,13.130639206902108,35.133695702165596,1.5706497777421415,take_profit,1
2021-10-29 11:30:00,2021-10-29 12:15:00,long,1792.7,1795.7650552304904,1790.7530904809437,1795.8150552304903,11.525527745814395,35.32637910146967,1.5743182723642453,take_profit,3
2021-10-29 14:30:00,2021-10-29 15:00:00,long,1794.03,1792.0539585412025,1792.1339585412024,1797.063666334076,11.872004345808437,-23.459572786341013,-1.0421931702119338,stop_loss,2
2021-10-29 15:15:00,2021-10-29 15:30:00,long,1786.79,1784.4414238028505,1784.5214238028504,1790.4197219154391,9.901758345754196,-23.25503396076413,-1.0352644095007466,stop_loss,1
2021-10-29 15:45:00,2021-10-29 16:00:00,long,1783.6399999999999,1780.5170439932742,1780.5970439932742,1788.508729610761,7.366647160076257,-23.005714997988555,-1.0262902256303104,stop_loss,1
2021-11-01 11:30:00,2021-11-01 12:00:00,short,1784.91,1786.7173611147177,1786.6373611147178,1782.1462222164519,12.950605177217192,-23.406420209363443,-1.0463134195382189,stop_loss,2
2021-11-01 12:15:00,2021-11-01 13:00:00,short,1786.8400000000001,1784.1109082396301,1788.5769323502313,1784.0609082396302,12.852290391043056,35.07507980807827,1.5712136169303004,take_profit,3
2021-11-01 14:30:00,2021-11-01 14:45:00,short,1788.06,1790.1877586776775,1790.1077586776776,1784.7835861157157,10.935716868640657,-23.2685664638749,-1.0390671034004144,stop_loss,1
2021-11-01 15:00:00,2021-11-01 15:15:00,short,1789.3,1791.494700084324,1791.414700084324,1785.9164798650813,10.567537282053474,-23.1925749640202,-1.0378304236108717,stop_loss,1
2021-11-01 15:30:00,2021-11-01 16:00:00,short,1790.75,1793.0665016033201,1792.9865016033202,1787.1715974346876,9.97128139699153,-23.09848934328725,-1.0357701509720192,stop_loss,2
2021-11-02 10:15:00,2021-11-02 10:45:00,long,1792.27,1794.631024360131,1790.7631097749181,1794.681024360131,14.768554127181433,34.8689160581896,1.5668190826593273,take_profit,2
2021-11-02 12:45:00,2021-11-02 13:15:00,long,1792.21,1790.5189247253568,1790.5989247253567,1794.7877204394294,13.85678747375774,-23.432870682858066,-1.0496562769344457,stop_loss,2
2021-11-02 14:00:00,2021-11-02 14:15:00,long,1790.12,1792.8355926755164,1788.391504577802,1792.8855926755164,12.888354610314542,34.99952137922972,1.5710731082315235,take_profit,1
2021-11-03 10:30:00,2021-11-03 12:00:00,short,1783.27,1780.7454333299604,1784.8791041687748,1780.6954333299605,13.888138145441923,35.061530670887926,1.568926809730282,take_profit,6
2021-11-03 13:15:00,2021-11-03 13:30:00,short,1783.69,1785.386798085266,1785.306798085266,1781.1031230635745,13.865419715662275,-23.526817624944947,-1.0494805138186212,stop_loss,1
2021-11-04 09:30:00,2021-11-04 09:45:00,short,1775.28,1772.783261582326,1776.871711511046,1772.7332615823261,14.054387530151109,35.09012928340522,1.568587272471964,take_profit,1
2021-11-04 12:15:00,2021-11-04 12:45:00,short,1777.3700000000001,1779.3095687443188,1779.2295687443188,1774.39469000909,12.0676962008368,-23.40612636707596,-1.043020727383346,stop_loss,2
2021-11-04 13:00:00,2021-11-04 13:30:00,short,1778.69,1780.5966773073135,1780.5166773073136,1775.7673163082984,12.259362027774072,-23.37464738049678,-1.0437953653223968,stop_loss,2
2021-11-04 14:30:00,2021-11-04 14:45:00,short,1783.51,1785.8428316362438,1785.7628316362438,1779.9054693820099,9.919582433054849,-23.140715718158418,-1.0355108649545206,stop_loss,1
2021-11-04 15:00:00,2021-11-04 15:45:00,short,1792.56,1795.2995334006387,1795.2195334006387,1788.304746558978,8.38525573197238,-22.971688150635615,-1.0300804644832482,stop_loss,3
2021-11-04 16:00:00,2021-11-04 16:15:00,short,1795.73,1798.6068274535517,1798.5268274535517,1791.2550760743172,7.957203183026344,-22.891500570418692,-1.0286038382161669,stop_loss,1
2021-11-05 09:15:00,2021-11-05 10:00:00,short,1797.48,1795.3981746897282,1798.81239081892,1795.3481746897282,16.668638810224515,34.70119416290463,1.562473473030484,take_profit,3
2021-11-05 11:30:00,2021-11-05 13:00:00,long,1794.44,1792.6526763548827,1792.7326763548826,1797.1717178321878,13.048811083167562,-23.32244858961459,-1.0468569624913884,stop_loss,6
2021-11-08 08:45:00,2021-11-08 09:00:00,long,1817.36,1815.5210400319177,1815.6010400319176,1820.1743359489317,12.639229549960167,-23.2430371697788,-1.0454814216648414,stop_loss,1
2021-11-08 09:15:00,2021-11-08 10:45:00,long,1816.11,1814.1777845173167,1814.2577845173166,1819.0735447722932,11.977770912109893,-23.143634404411266,-1.0431915188852825,stop_loss,6
2021-11-08 11:00:00,2021-11-08 11:30:00,long,1813.34,1816.3415064251776,1811.432808484264,1816.3915064251776,11.60823403416332,34.8421890385076,1.573783440421473,take_profit,2
2021-11-09 09:45:00,2021-11-09 10:15:00,long,1821.34,1823.831582199118,1819.7515111255511,1823.881582199118,13.981092469670662,34.835041121654925,1.5685235441026615,take_profit,2
2021-11-10 13:15:00,2021-11-10 13:30:00,long,1823.52,1825.8380062147555,1822.0399961157777,1825.8880062147555,15.052987468787913,34.892918503287675,1.5662163048806315,take_profit,1
2021-11-11 14:30:00,2021-11-11 15:15:00,long,1856.68,1860.332080268113,1854.3661998324296,1860.382080268113,9.658684476381481,35.27429099212184,1.5783905279718997,take_profit,3
2021-11-12 10:00:00,2021-11-12 10:15:00,long,1856.47,1854.7880479981382,1854.868047998138,1859.0331232029791,13.994685431204132,-23.538389176440983,-1.0499390742712287,stop_loss,1
2021-11-12 10:30:00,2021-11-12 11:00:00,long,1853.19,1851.278725059619,1851.358725059619,1856.1200399046097,12.216482118702432,-23.34905613308809,-1.0436854118602648,stop_loss,2
2021-11-12 11:15:00,2021-11-12 12:30:00,long,1851.21,1849.0331009314807,1849.1131009314806,1854.565038509631,10.64669243574515,-23.176774846185445,-1.0381515740080012,stop_loss,5
2021-11-12 12:45:00,2021-11-12 14:00:00,long,1847.47,1851.0977441682508,1845.1714098948435,1851.1477441682507,9.69232654906812,35.16128111516358,1.5782475353532566,take_profit,5
2021-11-16 09:30:00,2021-11-16 10:15:00,long,1863.59,1866.0670079781871,1862.010620013633,1866.117007978187,14.15049491368628,35.05088879649835,1.5683420073499488,take_profit,3
2021-11-16 14:45:00,2021-11-16 15:00:00,long,1872.3,1875.3105071740704,1870.3871830162059,1875.3605071740703,11.720467996362753,35.2845529865129,1.573860541586725,take_profit,1
2021-11-18 12:15:00,2021-11-18 12:30:00,long,1863.43,1861.4766918336356,1861.5566918336356,1866.4272930661832,12.00532819492055,-23.45010560302336,-1.0427052000500174,stop_loss,1
2021-11-18 12:45:00,2021-11-18 13:30:00,long,1860.82,1863.9793802458416,1858.8141373463488,1864.0293802458416,11.1885921478093,35.349017010568296,1.5750730689815502,take_profit,3
2021-11-19 09:15:00,2021-11-19 09:45:00,long,1858.02,1856.6064332667345,1856.6864332667344,1860.153706773225,16.882152657719516,-23.864049382862014,-1.059989498841222,stop_loss,2
2021-11-19 11:15:00,2021-11-19 11:30:00,long,1852.7,1855.2838038778557,1851.0538725763404,1855.3338038778556,13.647636719115097,35.262816678414666,1.5696256806847564,take_profit,1
2021-11-22 08:15:00,2021-11-22 08:30:00,long,1845.83,1844.1718777678107,1844.2518777678106,1848.354995571503,14.280436740043895,-23.67870964403926,-1.050693158215598,stop_loss,1
2021-11-22 08:45:00,2021-11-22 09:00:00,long,1843.1299999999999,1841.4435578712244,1841.5235578712243,1845.7003074060408,13.999207866074435,-23.608853914833645,-1.0497994907920536,stop_loss,1
2021-11-22 12:30:00,2021-11-22 12:45:00,long,1842.04,1839.953848044213,1840.0338480442128,1845.2498431292595,11.186440545035381,-23.33661482132106,-1.0398773381892397,stop_loss,1
2021-11-23 09:30:00,2021-11-23 10:00:00,short,1808.8700000000001,1805.7210002250158,1810.8693748593653,1805.6710002250159,11.201014278626687,35.271991442991414,1.5749921832988185,take_profit,2
2021-11-26 08:15:00,2021-11-26 08:30:00,short,1798.25,1799.8436428430718,1799.763642843072,1795.828171451085,14.84205500246595,-23.652934731158577,-1.052852626606134,stop_loss,1
2021-11-26 08:45:00,2021-11-26 09:30:00,short,1802.3700000000001,1804.0848246963221,1804.0048246963222,1799.7542804858847,13.712947028470468,-23.515300223776705,-1.0489349103790184,stop_loss,3
2021-11-29 07:45:00,2021-11-29 10:30:00,short,1795.02,1797.5269436116441,1797.4469436116442,1791.1368902213694,9.217863057764381,-23.108662905672993,-1.032963271011364,stop_loss,11
2021-11-29 10:45:00,2021-11-29 13:45:00,short,1797.15,1793.3956417647103,1799.5277238970564,1793.3456417647103,9.389238406898466,35.2505645360388,1.5789714861081516,take_profit,12
2021-11-30 12:00:00,2021-11-30 13:45:00,short,1797.05,1793.4256143709663,1799.346491018146,1793.3756143709663,9.752059767424157,35.34522527452953,1.5782276527079955,take_profit,7
2021-12-01 08:00:00,2021-12-01 08:15:00,short,1790.55,1786.3232000844873,1793.2229999471954,1786.2732000844874,8.404866651207534,35.52568965121892,1.5812944253693282,take_profit,1
2021-12-01 11:45:00,2021-12-01 12:00:00,short,1782.1000000000001,1785.0412958658296,1784.9612958658297,1777.521926614673,7.876591779029682,-23.16738683648654,-1.0279593595878396,stop_loss,1
2021-12-01 12:15:00,2021-12-01 13:00:00,short,1784.3500000000001,1787.2682602108428,1787.1882602108428,1779.8087836626516,7.924194065988797,-23.12486024577029,-1.0281862810514386,stop_loss,3
2021-12-01 13:15:00,2021-12-01 15:30:00,short,1786.52,1789.2385136370751,1789.1585136370752,1782.2983781806797,8.506560165017769,-23.125199813201025,-1.0303201010128593,stop_loss,9
2021-12-02 12:00:00,2021-12-02 12:15:00,short,1773.21,1775.4148650191771,1775.3348650191772,1769.8102159693167,10.541104681109374,-23.2417129748618,-1.0376494503311589,stop_loss,1
2021-12-02 13:00:00,2021-12-02 13:15:00,short,1776.04,1778.2423609905434,1778.1623609905434,1772.6442224151303,10.53163965697481,-23.194472346981318,-1.0376938703436314,stop_loss,1
2021-12-02 13:30:00,2021-12-02 14:15:00,short,1776.67,1778.8839745275604,1778.8039745275605,1773.2556407559034,10.452585980597362,-23.141759108177165,-1.0374887323942819,stop_loss,3
2021-12-02 14:45:00,2021-12-02 15:00:00,short,1780.39,1776.9789749084862,1782.5531406821963,1776.9289749084862,10.290254764620586,35.10031720019149,1.5768854608433551,take_profit,1
2021-12-03 12:15:00,2021-12-03 12:30:00,short,1770.9,1772.7896255824996,1772.7096255824997,1768.0045990680007,12.339275904284385,-23.316611418256016,-1.0442080399247142,stop_loss,1
2021-12-03 12:45:00,2021-12-03 13:00:00,short,1771.48,1773.3564628747063,1773.2764628747063,1768.60565940047,12.403727589817494,-23.275134330262148,-1.0445319528314803,stop_loss,1
2021-12-03 15:00:00,2021-12-03 15:15:00,short,1774.2,1771.5052440292504,1775.9154724817186,1771.4552440292505,12.962193268260128,34.9299477036544,1.57085351089403,take_profit,1
2021-12-06 08:15:00,2021-12-06 08:30:00,short,1783.98,1785.6363341146628,1785.5563341146628,1781.4578654165396,14.150645819522747,-23.438197415385225,-1.0507506620936384,stop_loss,1
2021-12-06 08:45:00,2021-12-06 09:00:00,short,1785.01,1782.5328941601795,1786.5894411498878,1782.4828941601795,14.09312993812737,34.91017447108477,1.56834323329903,take_profit,1
2021-12-06 13:00:00,2021-12-06 14:15:00,short,1782.24,1779.1713565902808,1784.1891521310745,1779.1213565902808,11.455796265439231,35.15375371302641,1.5743478206740351,take_profit,5
2021-12-07 08:15:00,2021-12-07 08:45:00,short,1781.15,1782.488890759411,1782.4088907594112,1779.1357747849424,17.792963403623975,-23.822834283650504,-1.06354800796008,stop_loss,2
2021-12-07 13:30:00,2021-12-07 14:00:00,short,1781.92,1783.558163717821,1783.478163717821,1779.4269380514866,14.344931336261492,-23.49934604969446,-1.0513424867264962,stop_loss,2
2021-12-07 14:30:00,2021-12-07 15:15:00,short,1783.21,1780.6943713475766,1784.8135179077647,1780.6443713475767,13.90988696957491,34.99211021263357,1.5688185583972043,take_profit,3
2021-12-08 12:00:00,2021-12-08 12:30:00,short,1789.65,1791.2628390796604,1791.1828390796604,1787.1974574725434,14.59692499233418,-23.54249107050613,-1.0521907361715064,stop_loss,2
2021-12-08 12:45:00,2021-12-08 13:15:00,short,1792.02,1789.4223163510123,1793.6748022806173,1789.3723163510124,13.492640390035,35.04961132286414,1.5697849099038959,take_profit,2
2021-12-10 14:00:00,2021-12-10 14:45:00,short,1772.04,1773.463229272489,1773.383229272489,1769.8908331640175,16.67455569228494,-23.731715767006754,-1.0595579635125785,stop_loss,3
2021-12-10 15:00:00,2021-12-10 15:15:00,short,1773.49,1774.8865376731455,1774.8065376731456,1771.3835397229673,16.97656537749476,-23.708413110289513,-1.060765446847247,stop_loss,1
2021-12-10 16:00:00,2021-12-10 16:30:00,short,1784.15,1779.8759690761053,1786.8525193274343,1779.8259690761054,8.252622220853967,35.271962575150994,1.5814987447111508,take_profit,2
2021-12-13 10:15:00,2021-12-13 10:30:00,short,1786.6000000000001,1787.8800551144527,1787.8000551144528,1784.679911816876,18.64365620342816,-23.864907475293784,-1.0666636048931932,stop_loss,1
2021-12-13 10:45:00,2021-12-13 11:15:00,short,1787.3600000000001,1785.4635566176123,1788.5765271139924,1785.4135566176124,18.3519832047185,34.80349710228073,1.5588993953158274,take_profit,2
2021-12-13 13:30:00,2021-12-13 14:15:00,short,1787.77,1789.2396294273499,1789.15962942735,1785.54659291624,16.11601749178753,-23.68457355761669,-1.0575693047552164,stop_loss,3
2021-12-13 14:30:00,2021-12-13 14:45:00,short,1789.5800000000002,1791.066897544631,1790.9868975446311,1787.3289639285906,15.884541910279314,-23.618686363980814,-1.0568627049675543,stop_loss,1
2021-12-15 10:30:00,2021-12-15 11:15:00,short,1769.5800000000002,1771.0041184776778,1770.924118477678,1767.4294104357157,16.59130947813545,-23.627990396681295,-1.059518562781865,stop_loss,3
2021-12-15 14:00:00,2021-12-15 14:15:00,short,1769.8400000000001,1771.2196709084828,1771.139670908483,1767.7605265464276,17.12235729244483,-23.623218241032642,-1.0615540437796818,stop_loss,1
2021-12-15 14:30:00,2021-12-15 15:30:00,short,1770.8600000000001,1772.2818590996612,1772.2018590996613,1768.7130254405422,16.548818893700044,-23.530088732651038,-1.0596187781713649,stop_loss,4
2021-12-16 08:00:00,2021-12-16 09:00:00,short,1783.5800000000002,1785.171449321535,1785.091449321535,1781.1616810855444,14.660844216191288,-23.33199058098517,-1.0529293300543394,stop_loss,4
2021-12-16 11:00:00,2021-12-16 13:00:00,short,1786.52,1788.0900381718413,1788.0100381718414,1784.1359389250538,14.840196365709025,-23.299674771784606,-1.05368989970308,stop_loss,8
2021-12-16 13:15:00,2021-12-16 14:00:00,short,1787.96,1785.7169612579662,1789.3931492137713,1785.6669612579662,15.39676364537134,34.53553735850597,1.5651117974878799,take_profit,3
2021-12-16 15:15:00,2021-12-16 15:45:00,short,1788.92,1785.772535029288,1790.9184156066951,1785.722535029288,11.076239954064759,34.86207726261961,1.5749801793818154,take_profit,2
2021-12-17 12:00:00,2021-12-17 13:15:00,long,1806.79,1809.3725929914747,1805.1446293803283,1809.4225929914746,13.495229996667002,34.852686407731504,1.5696117097253555,take_profit,5
2021-12-17 16:00:00,2021-12-17 16:30:00,long,1806.8799999999999,1804.6465456386766,1804.7265456386765,1810.3255269781173,10.343548818631396,-23.101844220532872,-1.0371496147941413,stop_loss,2
2021-12-20 12:15:00,2021-12-20 12:30:00,long,1798.75,1797.2355738140598,1797.3155738140597,1801.0450818975046,15.496201090355031,-23.467852713829323,-1.0557714302653258,stop_loss,1
2021-12-20 14:00:00,2021-12-20 14:15:00,long,1795.6299999999999,1797.9744351570548,1794.1334780268405,1798.0244351570548,14.82184780377586,34.74886108368955,1.5665891975548552,take_profit,1
2021-12-20 15:30:00,2021-12-20 15:45:00,long,1794.6499999999999,1797.6930606759818,1792.7168370775112,1797.7430606759817,11.510006934488954,35.02564948262238,1.5741356512592164,take_profit,1
2021-12-21 08:30:00,2021-12-21 09:00:00,long,1789.56,1791.530606070247,1788.2971212060957,1791.5806060702469,17.674514806999444,34.829506167342856,1.5604079186052924,take_profit,2
2021-12-22 09:15:00,2021-12-22 10:00:00,long,1786.6499999999999,1788.2745932000857,1785.603379249946,1788.3245932000857,21.39306807503249,34.755032923672175,1.5522272036001885,take_profit,3
2021-12-23 12:30:00,2021-12-23 13:00:00,long,1805.48,1804.2037913058218,1804.2837913058218,1807.3939339106853,18.775936949628885,-23.962013976457992,-1.0668779623399103,stop_loss,2
2021-12-27 15:30:00,2021-12-27 15:45:00,long,1803.76,1805.7281782766152,1802.4986385771156,1805.778178276615,17.76811513807472,34.97081823115569,1.5603602907994671,take_profit,1
2021-12-28 15:00:00,2021-12-28 15:15:00,long,1816.57,1815.3954184361812,1815.4754184361811,1818.32133050211,20.53931600178159,-24.12510190913947,-1.07308728983231,stop_loss,1
2021-12-29 10:00:00,2021-12-29 10:15:00,long,1804.35,1803.2268102597106,1803.3068102597106,1806.019103584463,21.504914742506983,-24.154099604579155,-1.0766878707776963,stop_loss,1
2021-12-29 10:30:00,2021-12-29 10:45:00,long,1802.28,1804.134890335583,1801.0894435402606,1804.1848903355828,18.802466731289478,34.87651382498827,1.5580028317086347,take_profit,1
2021-12-29 12:00:00,2021-12-29 12:15:00,long,1802.84,1801.5429198698462,1801.622919869846,1804.787328208246,18.45001877631758,-23.931152755725044,-1.0657310870647576,stop_loss,1
2021-12-29 12:30:00,2021-12-29 12:45:00,long,1798.77,1797.3239462143063,1797.4039462143062,1800.9556860571101,16.402933166155886,-23.71952360140081,-1.058562847845187,stop_loss,1
2021-12-29 13:00:00,2021-12-29 14:45:00,long,1795.85,1794.2165658684578,1794.2965658684577,1798.3354946104673,14.393819117846165,-23.51135543033337,-1.05149880408544,stop_loss,7
2021-12-29 15:00:00,2021-12-29 15:15:00,long,1793.55,1791.7872507053955,1791.8672507053955,1796.242398871367,13.259745383099629,-23.373606820693066,-1.047541247086798,stop_loss,1
2021-12-30 07:45:00,2021-12-30 08:15:00,long,1798.75,1797.5572842234349,1797.6372842234348,1800.5303452425044,20.010572731463185,-23.866925794920274,-1.0718961676330998,stop_loss,2
2021-12-30 09:45:00,2021-12-30 10:00:00,long,1796.85,1798.670871439855,1795.6807053500904,1798.720871439855,19.001494727214126,34.59927906334303,1.5572391783338184,take_profit,1
2021-12-31 10:15:00,2021-12-31 10:30:00,long,1816.1599999999999,1818.0498643506885,1814.9475847808196,1818.0998643506884,18.382765516595185,34.740933216881686,1.558760003001666,take_profit,1
2022-01-03 07:15:00,2022-01-03 09:00:00,long,1824.72,1823.2946063266404,1823.3746063266403,1826.8726298773754,16.61746074184048,-23.686423408721307,-1.0594621496919578,stop_loss,7
2022-01-03 13:45:00,2022-01-03 14:00:00,long,1823.75,1822.2201159398242,1822.300115939824,1826.0698144962814,15.387198408023709,-23.54062957519862,-1.055176825649232,stop_loss,1
2022-01-03 14:15:00,2022-01-03 15:00:00,long,1822.4199999999998,1820.9049979277054,1820.9849979277053,1824.716003315671,15.513965361604022,-23.503689672334637,-1.0557490484121803,stop_loss,3
2022-01-03 15:15:00,2022-01-03 15:30:00,long,1814.76,1812.8182810759372,1812.8982810759371,1817.7387502785007,11.932824432799585,-23.170191018685873,-1.042971040883734,stop_loss,1
2022-01-04 13:15:00,2022-01-04 13:30:00,long,1804.33,1802.6133328348403,1802.6933328348402,1806.9486674642553,13.545347003929475,-23.252852442338778,-1.0488798221794364,stop_loss,1
2022-01-04 14:30:00,2022-01-04 15:00:00,long,1799.52,1802.5380658111312,1797.602458868043,1802.5880658111312,11.537024478094247,34.81949913952045,1.5739249400355912,take_profit,2
2022-01-05 09:00:00,2022-01-05 09:15:00,long,1813.1699999999998,1814.9774642156378,1812.009084865226,1815.0274642156378,19.116262085550932,34.55195965639061,1.5569305296291778,take_profit,1
2022-01-05 14:30:00,2022-01-05 15:00:00,long,1817.3799999999999,1819.730241717548,1815.8798489265323,1819.780241717548,14.839480028685044,34.876365030139176,1.5666700235168085,take_profit,2
2022-01-06 07:15:00,2022-01-06 07:30:00,long,1805.3799999999999,1803.9652400381813,1804.0452400381812,1807.5156159389098,16.730509802200842,-23.669655408967675,-1.0599358703350095,stop_loss,1
2022-01-06 09:00:00,2022-01-06 09:30:00,long,1802.21,1800.4483585278117,1800.5283585278116,1804.9006263555016,13.251264126458407,-23.343976444090597,-1.0475725660451387,stop_loss,2
2022-01-06 10:00:00,2022-01-06 10:15:00,long,1801.04,1799.1383605245946,1799.2183605245946,1803.9546231606487,12.207238403272967,-23.213766433347658,-1.0439164835193988,stop_loss,1
2022-01-06 10:30:00,2022-01-06 10:45:00,long,1797.72,1795.6391475951864,1795.7191475951863,1800.9213638477022,11.090653051086022,-23.078012072306088,-1.0399829591665335,stop_loss,1
2022-01-06 11:00:00,2022-01-06 12:30:00,long,1795.54,1798.834359644192,1793.44977522238,1798.884359644192,10.594364798071835,34.90164784661753,1.5760791276922452,take_profit,6
2022-01-07 11:45:00,2022-01-07 13:00:00,short,1792.53,1790.027357505435,1794.125401559103,1789.977357505435,13.924022433736337,34.84685023794427,1.5686599278315738,take_profit,5
2022-01-07 14:00:00,2022-01-07 14:30:00,short,1793.27,1790.9680526080556,1794.739967119965,1790.9180526080556,15.159591325263078,34.896581714132225,1.56598563374607,take_profit,2
2022-01-10 11:00:00,2022-01-10 12:00:00,short,1796.3700000000001,1798.0672248837598,1797.9872248837598,1793.7824401859848,13.822378191278224,-23.45968421897404,-1.0494674555179633,stop_loss,4
2022-01-10 12:15:00,2022-01-10 13:15:00,short,1799.71,1801.4342698331902,1801.3542698331903,1797.0791682668955,13.566492643092609,-23.392294006681258,-1.0486538148332434,stop_loss,4
2022-01-10 13:30:00,2022-01-10 14:00:00,short,1800.95,1798.3892159243924,1802.5817400472547,1798.3392159243924,13.641995270431401,34.9342042480359,1.5693578642726236,take_profit,2
2022-01-12 09:45:00,2022-01-12 10:45:00,long,1816.36,1815.0480007858562,1815.128000785856,1818.33119874263,18.125058976791852,-23.78006313385958,-1.0649351063551813,stop_loss,4
2022-01-13 10:45:00,2022-01-13 11:00:00,long,1822.35,1820.66134695038,1820.74134695038,1824.923844879392,13.85164954911416,-23.390630253377957,-1.0497310467405172,stop_loss,1
2022-01-13 11:15:00,2022-01-13 11:45:00,long,1819.78,1822.4686315541696,1818.0683552786438,1822.5186315541696,12.990848364446517,34.92760482808423,1.570788330442449,take_profit,2
2022-01-13 15:15:00,2022-01-13 15:30:00,long,1822.95,1821.3107782118127,1821.3907782118126,1825.4447548611,14.305580134644815,-23.45001864936979,-1.0513076462925308,stop_loss,1
2022-01-14 11:00:00,2022-01-14 11:15:00,long,1824.45,1822.874663414414,1822.954663414414,1826.8425385369378,14.885392637254686,-23.4495036122798,-1.0534996607259313,stop_loss,1
2022-01-14 11:30:00,2022-01-14 13:15:00,long,1822.46,1820.8255005971223,1820.9055005971222,1824.9471990446045,14.28869844076865,-23.354869069336402,-1.0514635128529641,stop_loss,7
2022-01-18 08:00:00,2022-01-18 09:00:00,long,1816.2,1814.850634041485,1814.9306340414848,1818.2309855336246,17.46152345369651,-23.561985332231725,-1.0630235902131044,stop_loss,4
2022-01-20 12:00:00,2022-01-20 12:30:00,long,1838.6,1836.9640067998193,1837.0440067998193,1841.089589120289,14.214676184127995,-23.255113580002014,-1.0514141064309535,stop_loss,2
2022-01-20 12:45:00,2022-01-20 14:15:00,long,1837.62,1836.0583793510216,1836.1383793510215,1839.9905930383654,14.896815371283953,-23.263174487814442,-1.0539949278211598,stop_loss,6
2022-01-21 10:00:00,2022-01-21 10:15:00,long,1838.12,1836.5636324122843,1836.6436324122842,1840.482188140345,14.918305639055161,-23.218367360260505,-1.054187047091509,stop_loss,1
2022-01-21 10:30:00,2022-01-21 10:45:00,long,1833.44,1831.5037952942657,1831.5837952942657,1836.409927529175,11.840540058172612,-22.925709379069605,-1.0430986947467498,stop_loss,1
2022-01-21 11:00:00,2022-01-21 12:00:00,long,1831.7,1834.9279477164828,1829.6512826771984,1834.9779477164827,10.705534878606706,34.55690686512475,1.5755944856601845,take_profit,4
2022-01-21 14:00:00,2022-01-21 14:15:00,long,1832.07,1834.6806715626622,1830.407080273336,1834.730671562662,13.230782109686393,34.541226605538306,1.5699324031110846,take_profit,1
2022-01-24 12:45:00,2022-01-24 15:15:00,long,1838.25,1841.067275537914,1836.4579527888038,1841.1172755379139,12.315976322893723,34.697498820015625,1.5720989493538065,take_profit,10
2022-01-25 11:15:00,2022-01-25 12:30:00,long,1837.71,1836.041869618624,1836.121869618624,1840.2510086102016,13.941050608865584,-23.25549006894811,-1.0503736978639076,stop_loss,5
2022-01-26 13:15:00,2022-01-26 13:45:00,long,1844.8,1843.3156125053265,1843.3956125053264,1847.0470199914778,15.731908126423468,-23.352247690214714,-1.0569643352018914,stop_loss,2
2022-01-26 14:00:00,2022-01-26 14:30:00,long,1843.26,1845.4694398401155,1841.8478500999279,1845.5194398401154,15.612358534738956,34.49456694481895,1.564592993989267,take_profit,2
2022-01-27 07:45:00,2022-01-27 08:30:00,long,1813.3999999999999,1811.4011000187534,1811.4811000187533,1816.4702399699943,11.525342589374597,-23.038007085760317,-1.0416905522860849,stop_loss,3
2022-01-27 08:45:00,2022-01-27 09:00:00,long,1811.4199999999998,1814.2920429972671,1809.5937231267078,1814.342042997267,12.084642798250234,34.70761372319095,1.5726218949978432,take_profit,1
2022-01-27 12:15:00,2022-01-27 12:45:00,short,1816.18,1812.9507662079095,1818.2295211200567,1812.9007662079096,10.802191143692328,34.88280066983257,1.575604057205976,take_profit,2
2022-01-28 14:45:00,2022-01-28 15:00:00,short,1788.48,1790.748103636149,1790.668103636149,1784.9790341821615,10.149923489142072,-23.021078372356342,-1.0365613395445592,stop_loss,1
2022-01-31 07:45:00,2022-01-31 09:00:00,short,1789.28,1787.2336580843141,1790.5902136973036,1787.1836580843142,16.91559352653031,34.615088062043085,1.561838286301771,take_profit,5
2022-01-31 10:30:00,2022-01-31 12:00:00,short,1791.29,1788.705829889565,1792.9363563190218,1788.655829889565,13.503925156259108,34.89643976235641,1.5696299036713899,take_profit,6
2022-01-31 13:00:00,2022-01-31 13:45:00,short,1791.8700000000001,1793.6147497218788,1793.5347497218788,1789.2064004449942,13.396647615571565,-23.37379720137455,-1.0480552715813916,stop_loss,3
2022-01-31 16:00:00,2022-01-31 17:00:00,short,1797.6100000000001,1794.026094819587,1799.8811907377583,1793.976094819587,9.798964669825462,35.118560242873784,1.5779851162790615,take_profit,4
2022-02-01 11:15:00,2022-02-01 11:30:00,short,1804.8600000000001,1806.463215724216,1806.3832157242161,1802.4228548412543,14.656856913490403,-23.498103471290964,-1.0525204662268717,stop_loss,1
2022-02-01 12:45:00,2022-02-01 14:45:00,short,1806.95,1804.656827472697,1808.4144828295646,1804.606827472697,15.212577615467723,34.88506505725689,1.5658582545382222,take_profit,8
2022-02-02 11:45:00,2022-02-02 12:00:00,short,1801.17,1802.7150944828877,1802.6350944828878,1798.82584882738,15.253848200517472,-23.568636697425017,-1.054603986933489,stop_loss,1
2022-02-02 12:15:00,2022-02-02 14:00:00,short,1802.43,1803.9393926918776,1803.8593926918777,1800.1429716929958,15.601864830227466,-23.549340754406945,-1.0559678249752626,stop_loss,7
2022-02-02 14:30:00,2022-02-02 15:15:00,short,1804.46,1805.9813781784542,1805.9013781784543,1802.1537949144736,15.439454557545156,-23.489249251083557,-1.0555024359295644,stop_loss,3
2022-02-04 10:30:00,2022-02-04 10:45:00,short,1808.73,1809.9479345860293,1809.8679345860294,1806.909304662353,19.51528203872163,-23.768336951075206,-1.0703028108839492,stop_loss,1
2022-02-04 12:15:00,2022-02-04 13:15:00,short,1813.17,1811.0574003498245,1814.5216247813598,1811.0074003498246,16.394770220019044,34.63558583152035,1.5630074849990616,take_profit,4
2022-02-07 09:15:00,2022-02-07 09:45:00,short,1811.3600000000001,1812.6660731721017,1812.5860731721018,1809.3982829246374,18.130116041635684,-23.67925816906932,-1.0652489605190487,stop_loss,2
2022-02-07 10:00:00,2022-02-07 10:15:00,short,1813.0,1811.0786281288003,1814.2321074194997,1811.0286281288004,18.00288677622648,34.59024025223377,1.5594191227091496,take_profit,1
2022-02-07 14:00:00,2022-02-07 15:00:00,short,1813.57,1815.0547445652603,1814.9747445652604,1811.3224086955831,15.839656119816185,-23.517843339490256,-1.0569498554956822,stop_loss,4
2022-02-07 15:30:00,2022-02-07 15:45:00,short,1816.31,1813.7737065996523,1817.9264333752174,1813.7237065996524,13.736189504402386,34.83900678594017,1.5690677012942136,take_profit,1
2022-02-08 09:30:00,2022-02-08 09:45:00,long,1817.3899999999999,1816.1785316448718,1816.2585316448717,1819.200349368205,19.685316938692537,-23.848138531892985,-1.0707045845668972,stop_loss,1
2022-02-08 13:30:00,2022-02-08 15:00:00,long,1817.75,1819.9578442578113,1816.338847338868,1820.0078442578113,15.749973416699824,34.77348836874137,1.5645679724262513,take_profit,6
2022-02-09 08:30:00,2022-02-09 11:30:00,long,1826.73,1827.17,1825.7652141639346,1828.2736573377047,23.10892536254162,10.167927159519573,0.4560597632677383,time_stop,12
2022-02-09 13:15:00,2022-02-09 14:45:00,long,1826.28,1827.8780553507834,1825.2499654057603,1827.9280553507833,21.6648060711642,34.62155926570858,1.5514579410442906,take_profit,6
2022-02-10 10:15:00,2022-02-10 10:30:00,long,1832.9099999999999,1831.8192309434953,1831.8992309434952,1834.527230490407,22.146248646286075,-24.15644274102444,-1.0791476544370866,stop_loss,1
2022-02-10 10:45:00,2022-02-10 11:00:00,long,1830.94,1832.6719589432594,1829.826275660463,1832.7219589432593,20.055618047391977,34.73550703977345,1.5551055874194908,take_profit,1
2022-02-10 14:30:00,2022-02-10 15:15:00,long,1831.12,1829.9722482715379,1830.0522482715378,1832.8284027655393,20.984186099321295,-24.08463586586484,-1.0749237841226935,stop_loss,3
2022-02-10 15:30:00,2022-02-10 15:45:00,long,1830.1,1828.8868029696844,1828.9668029696843,1831.913115248505,19.729783178095634,-23.936114360435145,-1.0705967257764928,stop_loss,1
2022-02-11 08:45:00,2022-02-11 09:15:00,long,1822.46,1821.0075291156352,1821.087529115635,1824.655953414984,16.255251555147773,-23.6102796018787,-1.0582890325115675,stop_loss,2
2022-02-15 10:15:00,2022-02-15 10:30:00,long,1870.3799999999999,1868.1699927961026,1868.2499927961026,1873.7880115262356,10.451907804597967,-23.098791542631382,-1.037558558418746,stop_loss,1
2022-02-15 10:45:00,2022-02-15 11:00:00,long,1864.3999999999999,1861.740248890517,1861.820248890517,1868.5276017751723,8.611854551981223,-22.905389699336908,-1.0310107435193476,stop_loss,1
2022-02-15 11:15:00,2022-02-15 11:30:00,long,1856.7,1853.556592155599,1853.636592155599,1861.6014525510416,7.237244167896474,-22.749610089211554,-1.0261147075620833,stop_loss,1
2022-02-15 13:45:00,2022-02-15 14:15:00,long,1853.1,1850.1233721684505,1850.2033721684504,1857.734604530479,7.638237503147422,-22.73619033585318,-1.0276183219427029,stop_loss,2
2022-02-15 14:30:00,2022-02-15 15:15:00,long,1849.6699999999998,1846.3418945532383,1846.4218945532382,1854.8669687148185,6.797703866708989,-22.623475264266464,-1.0246297422639672,stop_loss,3
2022-02-16 12:30:00,2022-02-16 14:30:00,long,1854.94,1853.4128002821133,1853.4928002821132,1857.255519548619,15.225550234749504,-23.252456023180557,-1.055279170532689,stop_loss,8
2022-02-16 14:45:00,2022-02-16 15:15:00,long,1852.21,1854.6281765003675,1850.6673896872703,1854.6781765003675,14.253701606238268,34.467966267455985,1.567587407145251,take_profit,2
2022-02-17 13:30:00,2022-02-17 15:00:00,long,1884.28,1889.082750653355,1881.247030841653,1889.132750653355,7.272359814206472,34.927330849113744,1.5835145043059728,take_profit,6
2022-02-18 12:30:00,2022-02-18 12:45:00,long,1889.6499999999999,1887.4678855035397,1887.5478855035396,1893.013383194336,10.525924122519475,-22.968771616389272,-1.0380569184669248,stop_loss,1
2022-02-21 07:15:00,2022-02-21 08:15:00,long,1891.56,1889.051212055687,1889.131212055687,1895.4460607109008,9.091267187429123,-22.80806151834937,-1.0329382399098483,stop_loss,4
2022-02-21 09:00:00,2022-02-21 09:30:00,long,1887.94,1891.5592176664293,1885.6467389584818,1891.6092176664292,9.608650572867537,34.775797903867456,1.5781969871311063,take_profit,2
2022-02-21 14:15:00,2022-02-21 15:00:00,long,1893.85,1897.32440313892,1891.647248038175,1897.37440313892,10.03503617257598,34.86576117717397,1.5773011211128036,take_profit,3
2022-02-23 11:00:00,2022-02-23 11:30:00,long,1893.11,1891.082918567403,1891.162918567403,1896.225330292155,11.388546348011042,-23.08551084632114,-1.0410871361929788,stop_loss,2
2022-02-25 13:30:00,2022-02-25 13:45:00,long,1903.77,1900.0129551969217,1900.0929551969216,1909.6532716849254,6.017945742260977,-22.60969177616888,-1.021756601913839,stop_loss,1
2022-02-25 15:15:00,2022-02-25 16:00:00,long,1890.59,1885.4758015282773,1885.5558015282772,1898.644717554756,4.386604313929523,-22.433965078350145,-1.0158913083084211,stop_loss,3
2022-02-28 09:30:00,2022-02-28 09:45:00,long,1900.69,1896.9033945183412,1896.9833945183411,1906.6205687706545,5.94564728081501,-22.51382058554417,-1.0215830900795309,stop_loss,1
2022-02-28 10:00:00,2022-02-28 12:15:00,long,1896.3799999999999,1902.7160924604111,1892.3886922122429,1902.766092460411,5.510259376480634,34.91351289022927,1.5874727776811977,take_profit,9
2022-03-01 15:00:00,2022-03-01 15:15:00,long,1916.4099999999999,1921.8474526429127,1912.9803420981793,1921.8974526429126,6.432993849321643,34.97909940783595,1.5854212864864863,take_profit,1
2022-03-02 07:15:00,2022-03-02 08:00:00,long,1935.19,1932.6274063655972,1932.707406365597,1939.1621498150448,8.915243348646976,-22.846145854395548,-1.0322243636217032,stop_loss,3
2022-03-02 10:45:00,2022-03-02 11:30:00,long,1935.07,1931.3500276782815,1931.4300276782815,1940.8939557147494,6.067967594975582,-22.572671502393256,-1.0219781890984705,stop_loss,3
2022-03-02 12:00:00,2022-03-02 12:15:00,long,1932.98,1928.8962294296132,1928.976229429613,1939.3860329126192,5.5053326269044485,-22.482515361942816,-1.019981164902812,stop_loss,1
2022-03-03 11:30:00,2022-03-03 12:00:00,long,1924.24,1929.415032671611,1920.9743545802432,1929.465032671611,6.735919211555243,34.858601993130634,1.5846890909535605,take_profit,2
2022-03-03 16:00:00,2022-03-03 16:45:00,long,1926.18,1931.983400751895,1922.5216245300658,1932.033400751895,6.031868818934963,35.005352039138984,1.586332731451207,take_profit,3
