entry_time,exit_time,direction,entry_price,exit_price,stop_price,take_profit,size_oz,pnl,r_multiple,exit_reason,bars_held
2012-05-17 14:15:00,2012-05-17 14:30:00,short,1548.41,1549.689815698299,1549.6098156982991,1537.6116587153092,25.003840208567013,-32.00030721668354,-1.0666769072227846,stop_loss,1
2012-05-17 15:00:00,2012-05-17 15:45:00,short,1557.05,1554.8603581476675,1558.5618640995492,1543.4432231040576,19.779554979356575,43.58858113593386,1.4576171241087061,chandelier_stop,3
2012-05-18 15:30:00,2012-05-18 15:45:00,long,1588.28,1586.708157297166,1586.788157297166,1601.7065843255066,20.13266195202882,-31.645377777918586,-1.0536249564702462,stop_loss,1
2012-05-21 15:15:00,2012-05-21 15:30:00,long,1589.1699999999998,1587.9507116497427,1588.0307116497427,1599.4235951523146,26.27941265410604,-32.04218170075057,-1.0702192732699045,stop_loss,1
2012-05-23 15:30:00,2012-05-23 16:30:00,long,1559.34,1559.26,1557.9148259178023,1572.1665667397788,20.9403907326908,21.021651209867642,0.7043915365765621,chandelier_stop,4
2012-05-24 13:15:00,2012-05-24 13:30:00,short,1561.41,1562.7737312328518,1562.6937312328519,1549.8564189043343,23.296751166920025,-31.770507190303253,-1.0623183404381376,stop_loss,1
2012-05-28 15:30:00,2012-05-28 15:45:00,long,1577.4099999999999,1576.3126713094684,1576.3926713094684,1586.565958214784,29.303661493913012,-32.15574849489134,-1.0786373182477853,stop_loss,1
2012-05-30 14:30:00,2012-05-30 14:45:00,short,1553.32,1554.720395538819,1554.6403955388191,1541.4364401506282,22.504611274640897,-31.515357231865394,-1.060587905402551,stop_loss,1
2012-06-04 15:15:00,2012-06-04 15:30:00,long,1619.44,1617.8072287086466,1617.8872287086465,1633.4149416221826,19.075856453000075,-31.146510774438784,-1.0515207876687303,stop_loss,1
2012-06-04 15:45:00,2012-06-04 16:30:00,long,1617.02,1616.94,1615.3778400600063,1631.7994394599432,17.98058886151511,20.976513768410218,0.7104179846207972,chandelier_stop,3
2012-06-07 13:15:00,2012-06-07 13:30:00,long,1617.73,1616.4463001027293,1616.5263001027292,1628.5632990754366,24.58248300450392,-31.556530907540605,-1.066461748631296,stop_loss,1
2012-06-07 13:45:00,2012-06-07 14:15:00,long,1613.78,1624.6489415497385,1612.5667842722512,1624.6989415497385,24.31163889474993,205.2512567764715,6.958787214131261,take_profit,2
2012-06-13 14:00:00,2012-06-13 14:15:00,long,1610.2,1609.1416413331485,1609.2216413331485,1619.0052280016646,30.777073342323106,-32.57318231217248,-1.0817696032247268,stop_loss,1
2012-06-15 15:15:00,2012-06-15 15:30:00,long,1622.11,1629.5988149153177,1621.272353898298,1629.6488149153176,35.83052178822493,268.3281459912779,8.940308920559758,take_profit,1
2012-06-18 14:15:00,2012-06-18 15:15:00,long,1619.87,1619.79,1618.6817215162669,1630.5645063535962,25.935234675805287,21.42792074794383,0.6952990179576924,chandelier_stop,4
2012-06-19 15:30:00,2012-06-19 15:45:00,long,1629.61,1628.6576992432697,1628.7376992432696,1637.4607068105731,35.403574810401054,-33.71485108289953,-1.0917114875605494,stop_loss,1
2012-06-20 13:15:00,2012-06-20 13:45:00,long,1614.12,1613.1247683764127,1613.2047683764126,1622.357084612286,33.63238305094092,-17.829058043601655,-0.5792149201704475,stop_loss,2
2012-06-22 14:45:00,2012-06-22 15:30:00,short,1570.14,1565.4924530541202,1571.074468243203,1561.729785811175,32.88280109484532,98.63606090080926,3.2099803039436465,chandelier_stop,3
2012-06-25 15:45:00,2012-06-25 16:00:00,short,1571.51,1572.5669242826907,1572.4869242826908,1562.717681455782,31.75664900860333,-33.5643734740789,-1.081889662707103,stop_loss,1
2012-06-28 13:45:00,2012-06-28 14:15:00,short,1570.1000000000001,1571.0994677129763,1571.0194677129764,1561.8247905832147,33.63157617886821,-17.899863489451082,-0.5788499682770332,stop_loss,2
2012-06-29 14:00:00,2012-06-29 14:15:00,short,1577.3700000000001,1578.8091508184439,1578.729150818444,1565.1376426340053,22.712305671747846,-32.68643329624053,-1.0588602816658155,stop_loss,1
2012-07-04 13:15:00,2012-07-04 14:00:00,long,1615.07,1614.99,1614.208626268242,1622.822363585823,35.72362194028222,20.756506730843995,0.674539142995133,chandelier_stop,3
2012-07-09 13:30:00,2012-07-09 13:45:00,short,1584.07,1584.8652914703057,1584.7852914703058,1577.6323767672466,43.10642632103942,-34.282173168486175,-1.1118425191981145,stop_loss,1
2012-07-11 14:00:00,2012-07-11 16:45:00,short,1578.52,1576.5713074127912,1579.5121361518418,1569.5907746334244,30.97439044656513,52.45353217457877,1.7068709817115981,chandelier_stop,11
2012-07-13 13:45:00,2012-07-13 14:00:00,short,1582.75,1583.774449438313,1583.694449438313,1574.2499550551827,32.70495156945075,-33.504569265378116,-1.0847054344622387,stop_loss,1
2012-07-16 13:30:00,2012-07-16 14:30:00,short,1585.75,1585.83,1586.5455791242218,1578.589787882003,38.69842545471793,20.57534691946685,0.6682985098263877,chandelier_stop,4
2012-07-17 14:30:00,2012-07-17 14:45:00,long,1592.93,1592.0552667861068,1592.1352667861067,1600.0825989250409,38.817284761081595,-33.95476825367041,-1.1006627112109921,stop_loss,1
2012-07-17 15:00:00,2012-07-17 15:15:00,long,1592.59,1591.713265749245,1591.793265749245,1599.7606082567954,38.59194096261023,-33.8348764450317,-1.1004098919107843,stop_loss,1
2012-07-19 13:15:00,2012-07-19 13:30:00,short,1582.8500000000001,1583.8840594917665,1583.8040594917666,1574.2634645741032,32.12170394316803,-33.215752854141705,-1.0838522132952195,stop_loss,1
2012-07-19 13:45:00,2012-07-19 14:00:00,short,1584.3300000000002,1585.3450308883089,1585.265030888309,1575.9147220052218,32.668834433242786,-33.15987603478522,-1.0855586708420124,stop_loss,1
2012-07-19 14:15:00,2012-07-19 14:30:00,short,1587.6200000000001,1588.6754603067561,1588.5954603067562,1578.8408572391963,31.212843250665824,-32.943917112074814,-1.0820125631415694,stop_loss,1
2012-07-19 14:45:00,2012-07-19 15:30:00,short,1589.3400000000001,1584.4943312923663,1590.3583815910295,1580.1745656807357,29.80028131696081,94.21718172073406,3.1045539068448726,chandelier_stop,3
2012-07-24 15:45:00,2012-07-24 16:00:00,short,1576.31,1577.2462318769365,1577.1662318769365,1568.6039131075702,35.77384849935715,-33.49261732579576,-1.093432634493999,stop_loss,1
2012-07-25 13:45:00,2012-07-25 14:00:00,short,1591.14,1592.1855589507622,1592.1055589507623,1582.4499694431406,31.619231088657763,-33.05977008096273,-1.0828535636656622,stop_loss,1
2012-07-25 14:15:00,2012-07-25 14:30:00,short,1593.0800000000002,1594.117038074892,1594.037038074892,1584.4666573259735,31.79711767169436,-32.97482169736275,-1.0835912406190982,stop_loss,1
2012-07-31 14:15:00,2012-07-31 14:45:00,long,1623.46,1622.6291677540166,1622.7091677540166,1630.2174902138506,40.39800898376044,-33.563968537235326,-1.1065484339915896,stop_loss,2
2012-08-01 13:15:00,2012-08-01 14:00:00,long,1613.57,1614.446715203072,1612.8936524440319,1619.657128003712,44.69807814956283,41.1498673118691,1.3611615217481319,chandelier_stop,3
2012-08-01 14:45:00,2012-08-01 15:15:00,long,1612.93,1612.166324908962,1612.246324908962,1619.0830758193426,44.39957797609441,-18.396412160694585,-0.6060445245852749,stop_loss,2
2012-08-02 14:00:00,2012-08-02 14:15:00,long,1602.37,1601.4924430664348,1601.5724430664347,1609.548012402087,37.99063741184851,-33.33894727132437,-1.1003063187505882,stop_loss,1
2012-08-02 14:45:00,2012-08-02 15:00:00,long,1599.1,1607.4459523496303,1598.1671164055965,1607.4959523496302,32.37239846186693,270.1784950059883,8.946402744886774,take_profit,1
2012-08-08 15:15:00,2012-08-08 18:15:00,long,1603.93,1614.01,1603.2079331460727,1610.4286016853464,42.946459531991664,238.63415574412505,7.695340272473721,time_stop,12
2012-08-09 14:45:00,2012-08-09 15:00:00,long,1610.97,1610.1861517303737,1610.2661517303736,1617.3046344266377,45.07522254143706,-35.3321351921273,-1.1136608605181204,stop_loss,1
2012-08-09 15:15:00,2012-08-09 18:15:00,long,1610.7,1613.92,1609.9844879715977,1617.1396082556214,44.1922982816125,93.75988351378685,2.965196861943881,time_stop,12
2012-08-13 15:15:00,2012-08-13 15:45:00,long,1621.74,1620.9000732009692,1620.9800732009692,1628.579341191278,41.97957049871866,-18.99421917804463,-0.5954039258681179,stop_loss,2
2012-08-14 13:15:00,2012-08-14 13:45:00,long,1612.52,1611.8405122422246,1611.9205122422245,1617.9153898199795,53.11937994265588,-19.773364033962277,-0.6209365813723371,stop_loss,2
2012-08-16 14:30:00,2012-08-16 14:45:00,short,1604.06,1604.6764070349684,1604.5964070349685,1599.2323366852836,59.25555746301714,-36.52554248118164,-1.1491404750212124,stop_loss,1
2012-08-17 14:30:00,2012-08-17 15:00:00,long,1613.6699999999998,1612.9029851848793,1612.9829851848792,1619.8531333360845,46.106023566813114,-19.18044733694143,-0.6055290197595015,stop_loss,2
2012-08-20 15:30:00,2012-08-20 15:45:00,long,1612.51,1611.786866130567,1611.866866130567,1618.2982048248973,49.16236170637542,-35.550968851196664,-1.1243908986949267,stop_loss,1
2012-08-21 14:15:00,2012-08-21 17:15:00,long,1624.54,1637.89,1623.9581596309413,1629.7765633215283,54.15802801568502,383.7843815604127,12.17925165326471,time_stop,12
2012-08-23 14:15:00,2012-08-23 14:30:00,long,1659.86,1658.9667686287748,1659.0467686287748,1667.1790823410263,40.1640680727942,-35.875805598638465,-1.098372988094898,stop_loss,1
2012-08-24 13:30:00,2012-08-24 13:45:00,long,1666.6499999999999,1665.8141599224684,1665.8941599224684,1673.452560697783,43.071350281323355,-36.00076075852467,-1.1058424954934902,stop_loss,1
2012-08-24 14:45:00,2012-08-24 15:30:00,long,1663.35,1665.585929949112,1662.5262053945028,1670.764151449474,39.38730629847386,67.38423406665163,2.0767445152744664,chandelier_stop,3
2012-08-28 13:45:00,2012-08-28 14:00:00,long,1661.77,1660.973879412018,1661.053879412018,1668.2150852918385,45.59176723008382,-36.2965445343497,-1.111713028982121,stop_loss,1
2012-08-29 14:45:00,2012-08-29 15:30:00,long,1662.04,1665.0817263288927,1661.3287163318175,1668.4415530136428,45.74871458175704,92.83905210537992,2.853047252960041,chandelier_stop,3
2012-08-30 13:15:00,2012-08-30 13:30:00,long,1656.6299999999999,1655.9982581605082,1656.078258160508,1661.5956765554265,59.48222217276193,-37.577408452476035,-1.1449953479576866,stop_loss,1
2012-08-30 13:45:00,2012-08-30 14:30:00,long,1655.6299999999999,1656.9531837983009,1655.0777838220706,1660.5999456013626,59.22698349031574,62.23299174103288,1.9027947289368567,chandelier_stop,3
2012-08-31 13:15:00,2012-08-31 16:15:00,long,1657.58,1661.27,1656.981348836209,1662.9678604741187,54.944848382543206,124.66922212762519,3.79016781404887,time_stop,12
2012-09-04 13:45:00,2012-09-04 14:00:00,long,1691.24,1690.490554815731,1690.570554815731,1697.2650066584215,49.693097921422286,-37.24225292861813,-1.119501942623239,stop_loss,1
2012-09-04 14:15:00,2012-09-04 15:30:00,long,1689.86,1692.1592848436212,1689.1684120605025,1696.0842914554755,47.94050972059833,78.78223970710357,2.376174138646844,chandelier_stop,5
2012-09-05 15:00:00,2012-09-05 18:00:00,long,1688.75,1693.71,1687.9810218799576,1695.6708030803811,43.42311463088208,131.64731521024984,3.9425485732474734,time_stop,12
2012-09-06 13:30:00,2012-09-06 14:30:00,long,1707.4099999999999,1707.3557831700887,1706.580042900727,1714.8796138934554,40.708570395355345,23.218516172246453,0.6872155319820481,chandelier_stop,4
2012-09-07 13:45:00,2012-09-07 15:15:00,long,1694.1399999999999,1694.06,1693.3488671146113,1701.2601959684966,42.794356263879415,22.610383754893537,0.6678393400142724,chandelier_stop,6
2012-09-07 15:30:00,2012-09-07 15:45:00,long,1690.27,1699.5865272273138,1689.2292747525207,1699.6365272273138,32.596358916844345,303.6848653600742,8.951956580163106,take_profit,1
2012-09-10 14:00:00,2012-09-10 14:15:00,long,1732.43,1731.6520124304109,1731.7320124304108,1738.7118881263032,49.907634196458424,-38.82751903244884,-1.1146152216535954,stop_loss,1
2012-09-10 14:30:00,2012-09-10 14:45:00,long,1731.1599999999999,1730.3691841874459,1730.4491841874458,1737.5573423129856,48.84306894480813,-38.62587125521954,-1.112546736562422,stop_loss,1
2012-09-14 14:45:00,2012-09-14 15:00:00,long,1772.01,1770.7266608285288,1770.8066608285287,1782.840052543241,28.755440649011494,-36.902983377791614,-1.0664816719147558,stop_loss,1
2012-09-14 15:15:00,2012-09-14 15:30:00,long,1769.81,1768.443830000109,1768.523830000109,1781.385529999019,26.817480720794304,-36.63723763340101,-1.0622001757207138,stop_loss,1
2012-09-17 14:45:00,2012-09-17 15:30:00,long,1768.26,1768.18,1767.527745773294,1774.8502880403532,46.95353909735599,22.73446555580405,0.6612330149429809,chandelier_stop,3
2012-09-19 15:00:00,2012-09-19 15:15:00,long,1771.6599999999999,1770.4660522930135,1770.5460522930134,1781.6855293628787,30.92616524406211,-36.924224079029344,-1.0718166566511018,stop_loss,1
2012-09-20 13:15:00,2012-09-20 14:00:00,long,1757.75,1759.323192980666,1756.8642167891624,1765.7220488975397,38.767226299984166,55.27950213046438,1.609800096699474,chandelier_stop,3
2012-09-24 13:15:00,2012-09-24 14:15:00,long,1756.5,1758.410920184916,1755.566708622619,1764.8996223964286,36.97151557372034,60.27941731928265,1.7469663440683063,chandelier_stop,4
2012-09-26 14:45:00,2012-09-26 15:00:00,long,1758.82,1757.977203307926,1758.0572033079259,1765.6851702286663,45.47218846912753,-38.323810023145676,-1.104877224601493,stop_loss,1
2012-09-26 15:15:00,2012-09-26 15:30:00,long,1755.32,1754.289807954283,1754.369807954283,1763.871728411452,36.38323817946305,-37.48172256990374,-1.0841935063133143,stop_loss,1
2012-09-27 15:15:00,2012-09-27 15:30:00,short,1761.9,1762.874480450464,1762.794480450464,1753.8496759458233,38.52361259540558,-37.540507355469266,-1.0894373934706194,stop_loss,1
2012-09-27 15:45:00,2012-09-27 16:00:00,short,1763.32,1764.4821030414714,1764.4021030414715,1753.5810726267555,31.740042777318134,-36.88520024795636,-1.0739301128764365,stop_loss,1
2012-09-28 14:00:00,2012-09-28 15:00:00,long,1777.81,1778.2240344972809,1777.0429373889044,1784.7135634998597,44.631742871855195,33.80025295833633,0.9872912536833449,chandelier_stop,4
2012-10-01 13:30:00,2012-10-01 13:45:00,long,1768.5,1767.7463207325136,1767.8263207325135,1774.5631134073792,50.968975358282925,-38.41426001256328,-1.1187508713136005,stop_loss,1
2012-10-02 14:15:00,2012-10-02 14:30:00,long,1778.3899999999999,1777.5882054950434,1777.6682054950434,1784.8861505446075,47.4116926200883,-38.01443461347028,-1.1108348698287027,stop_loss,1
2012-10-03 14:15:00,2012-10-03 15:00:00,long,1776.72,1776.64,1775.9347539279893,1783.7872146480977,43.43537282865812,22.75729269115948,0.6672234000056851,chandelier_stop,3
2012-10-05 15:30:00,2012-10-05 15:45:00,long,1784.46,1783.458767820758,1783.538767820758,1792.751089613177,37.09784411376077,-37.14355530719789,-1.086840214445996,stop_loss,1
2012-10-10 15:00:00,2012-10-10 15:30:00,short,1767.07,1759.9482516115374,1767.8668609320514,1759.8982516115375,42.74810790947192,236.3126743897534,6.937253794245195,take_profit,2
2012-10-11 13:45:00,2012-10-11 14:15:00,short,1770.57,1771.449215314512,1771.369215314512,1763.3770621693916,43.50922023631871,-38.25397275424972,-1.1000981819883684,stop_loss,2
2012-10-12 14:30:00,2012-10-12 15:30:00,short,1768.8300000000002,1769.5582551862597,1769.4782551862597,1762.9957033236647,53.46424363692885,-21.20539427221614,-0.6118386733136039,stop_loss,4
2012-10-15 14:30:00,2012-10-15 14:45:00,short,1747.88,1748.6978775011385,1748.6178775011385,1741.2391024897536,46.88428225673452,-38.34559961480335,-1.1084190802355405,stop_loss,1
2012-10-16 14:00:00,2012-10-16 14:15:00,short,1740.1100000000001,1740.859336519142,1740.7793365191421,1734.0859713277216,51.51343046338147,-38.60089467249035,-1.1195213434678204,stop_loss,1
2012-10-16 14:45:00,2012-10-16 15:15:00,short,1743.5900000000001,1744.3898332115725,1744.3098332115726,1737.1115010958472,47.738860890204215,-20.643076190239718,-0.6007177757769199,stop_loss,2
2012-10-17 13:45:00,2012-10-17 14:00:00,short,1750.1100000000001,1750.8612473312996,1750.7812473312997,1744.0687740183039,51.10201072445847,-38.39024918078835,-1.1191811069774258,stop_loss,1
2012-10-17 14:15:00,2012-10-17 14:30:00,short,1750.77,1751.4908204030082,1751.4108204030083,1745.0026163729253,53.34867213154133,-38.45481134581246,-1.1248399701763065,stop_loss,1
2012-10-19 16:00:00,2012-10-19 16:15:00,short,1736.95,1737.8645344182723,1737.7845344182724,1729.4391902355487,40.82701970733527,-37.33771471783945,-1.0958618341536364,stop_loss,1
2012-10-26 15:30:00,2012-10-26 15:45:00,short,1706.04,1706.8851359584407,1706.8051359584408,1699.1537763740325,44.383667533156874,-37.510233399751385,-1.1045565812420401,stop_loss,1
2012-10-30 13:30:00,2012-10-30 14:30:00,short,1714.5900000000001,1713.9404670690708,1715.2821401636727,1708.3607385269481,48.90195811973697,40.044424112533434,1.1831008099199392,chandelier_stop,4
2012-11-01 13:45:00,2012-11-01 14:00:00,short,1726.1000000000001,1727.0017304705743,1726.9217304705744,1718.704425764831,41.33611176119888,-37.27403151013332,-1.0973555233311711,stop_loss,1
2012-11-05 14:15:00,2012-11-05 14:45:00,short,1681.4,1682.4977305536736,1682.4177305536737,1672.2404250169382,33.265504658877305,-19.33940932512142,-0.5712369297927039,stop_loss,2
2012-11-06 13:45:00,2012-11-06 14:00:00,short,1692.15,1692.9865156124358,1692.906515612436,1685.341359488077,44.674956724178045,-37.371298784665655,-1.1057479828371892,stop_loss,1
2012-11-06 14:15:00,2012-11-06 15:00:00,short,1692.92,1688.498306029797,1693.668449686233,1686.1839528239032,45.00661697103497,123.64146927854185,3.670499567717116,chandelier_stop,3
2012-11-08 15:45:00,2012-11-08 16:00:00,long,1715.79,1714.6715732447458,1714.7515732447457,1725.1358407972891,32.79587374448759,-36.679782657772904,-1.0770396174743588,stop_loss,1
2012-11-12 15:30:00,2012-11-12 15:45:00,long,1734.9199999999998,1734.0363580267801,1734.11635802678,1742.1527777589777,42.240294237293746,-37.32529694922339,-1.0995468164503754,stop_loss,1
2012-11-12 16:00:00,2012-11-12 16:45:00,long,1733.75,1733.67,1732.9151250332952,1741.2638747003432,40.52594564301939,22.741386672752608,0.6721440304330911,chandelier_stop,3
2012-11-14 13:15:00,2012-11-14 13:30:00,long,1723.19,1722.3257673442029,1722.4057673442028,1730.2480939021755,43.229928553469506,-37.360715963687966,-1.1020105442033619,stop_loss,1
2012-11-14 14:30:00,2012-11-14 15:15:00,long,1721.98,1723.4983997687289,1721.2024914740343,1728.9775767336905,43.45963858023822,57.25074126877327,1.6942981778914226,chandelier_stop,3
2012-11-15 13:45:00,2012-11-15 14:15:00,long,1720.25,1719.4774526440972,1719.557452644097,1726.4829262031265,49.03923387455843,-20.53634033356666,-0.6046859819505257,stop_loss,2
2012-11-15 15:00:00,2012-11-15 15:30:00,long,1717.05,1725.3966178503329,1716.117042461074,1725.4466178503328,36.33646904591071,235.48585568800908,6.946406992908432,take_profit,2
2012-11-16 15:00:00,2012-11-16 15:15:00,short,1710.96,1711.8835649118842,1711.8035649118842,1703.3679157930421,41.02451372010519,-37.88880139899757,-1.0948356183061707,stop_loss,1
2012-11-16 15:30:00,2012-11-16 16:15:00,short,1713.5900000000001,1711.4779447284973,1714.5245534189207,1705.179019229715,36.90872367363968,63.923794530732906,1.8532302861213632,chandelier_stop,3
2012-11-19 15:30:00,2012-11-19 15:45:00,short,1728.43,1729.2220683612748,1729.1420683612748,1722.021384748527,48.710133980245416,-38.58175599920344,-1.1123487636168943,stop_loss,1
2012-11-19 16:00:00,2012-11-19 16:45:00,short,1731.16,1726.9533722094495,1731.9524466992625,1724.027979706638,43.62337560994971,116.58996769856442,3.3726544917275803,chandelier_stop,3
2012-11-20 14:45:00,2012-11-20 15:00:00,long,1731.1499999999999,1730.3484529056304,1730.4284529056304,1737.6439238493244,48.394581848324535,-38.79053646374787,-1.11087287389028,stop_loss,1
2012-11-21 14:00:00,2012-11-21 14:45:00,long,1726.09,1726.01,1725.4606636610997,1731.754027050101,55.3004747307513,22.507417872375072,0.6467165949553593,chandelier_stop,3
2012-11-27 13:30:00,2012-11-27 14:15:00,long,1746.09,1746.7621949411746,1745.4667950773867,1751.6988443035186,55.952896543071155,43.55939500666892,1.2491896875314354,chandelier_stop,3
2012-11-28 13:15:00,2012-11-28 13:45:00,long,1738.62,1737.8991830586322,1737.979183058632,1744.3873524723106,54.61902843957788,-21.460278934431447,-0.6131368341248674,stop_loss,2
2012-11-29 14:45:00,2012-11-29 15:00:00,short,1726.23,1726.99980751636,1726.9198075163602,1720.0217323527597,50.64661819383319,-38.98814736383099,-1.1159743814072345,stop_loss,1
2012-11-29 15:15:00,2012-11-29 16:15:00,short,1727.14,1725.523964880481,1727.8626401544125,1720.6362386102878,48.183668252631875,63.84324843512067,1.8335511353452953,chandelier_stop,4
2012-11-30 13:15:00,2012-11-30 13:30:00,short,1729.5900000000001,1730.2262531601207,1730.1462531601208,1724.5837215589147,62.940735840405736,-40.04624207876977,-1.1438194076642765,stop_loss,1
2012-11-30 13:45:00,2012-11-30 14:15:00,short,1730.39,1731.020340735002,1730.940340735002,1725.4369333849825,63.398622464641235,-22.0418223713351,-0.6317365686181112,stop_loss,2
2012-12-03 15:00:00,2012-12-03 16:45:00,short,1718.29,1718.37,1719.0971484169754,1711.025664247221,43.145372382302206,23.31409005879659,0.6694695812654764,chandelier_stop,7
2012-12-05 14:30:00,2012-12-05 14:45:00,short,1704.41,1705.0724469429974,1704.9924469429975,1699.1679775130242,59.91045486270576,-39.68749767738008,-1.137351566458958,stop_loss,1
2012-12-06 13:15:00,2012-12-06 14:00:00,short,1693.71,1690.9167079797974,1694.3692058816966,1687.7771470647315,52.753775051025634,98.44120416302576,2.83075511488328,chandelier_stop,3
2012-12-10 13:15:00,2012-12-10 14:15:00,short,1712.57,1711.1197705985726,1713.2593294281962,1706.3660351462333,50.87686811745746,61.922835101172694,1.765646035228223,chandelier_stop,4
2012-12-10 15:15:00,2012-12-10 15:30:00,short,1714.82,1715.6089618675921,1715.5289618675922,1708.439343191669,49.73002431409243,-39.23509285825221,-1.1128410478149087,stop_loss,1
2012-12-11 14:00:00,2012-12-11 14:15:00,short,1711.89,1712.4717441866624,1712.3917441866624,1707.37430232004,70.03366769090549,-40.74167904982102,-1.159443800499408,stop_loss,1
2012-12-11 14:30:00,2012-12-11 14:45:00,short,1713.51,1714.120100854826,1714.040100854826,1708.739092306565,66.056789530917,-40.301303759872766,-1.1509146783514947,stop_loss,1
2012-12-12 14:30:00,2012-12-12 15:15:00,short,1715.31,1714.885968866934,1715.851538360867,1710.4361547521976,64.43838370057074,38.22287334882507,1.095341309216901,chandelier_stop,3
2012-12-17 14:00:00,2012-12-17 14:15:00,short,1692.1200000000001,1692.82158973116,1692.74158973116,1686.5256924195598,56.32416938555117,-39.51645885701107,-1.128702254862933,stop_loss,1
2012-12-17 15:45:00,2012-12-17 16:30:00,short,1696.5800000000002,1693.2230244057646,1697.352527399931,1689.6272534006225,45.16600438084719,100.85041903550017,2.8903613609897443,chandelier_stop,3
2012-12-18 15:00:00,2012-12-18 18:00:00,short,1698.68,1692.34,1699.173649627022,1694.2371533568012,71.29454831966561,250.61724985538504,7.120915377719484,time_stop,12
2012-12-20 14:30:00,2012-12-20 17:30:00,short,1670.24,1647.12,1670.8274336277345,1664.9530973503895,61.19223898519751,732.8122608964628,20.386260941487997,time_stop,12
2012-12-26 15:30:00,2012-12-26 15:45:00,short,1659.66,1660.4285891055188,1660.3485891055188,1653.462698050332,55.3956131650168,-42.57646477215939,-1.116179590061417,stop_loss,1
2012-12-26 16:00:00,2012-12-26 16:15:00,short,1662.1100000000001,1662.924727340983,1662.8447273409831,1655.4974539311536,51.74312184133796,-42.15653607194888,-1.1088839295035549,stop_loss,1
2013-01-02 14:30:00,2013-01-02 14:45:00,short,1686.64,1687.6112778339475,1687.5312778339476,1678.6184994944722,42.51268826984308,-41.29163177801411,-1.089758767639948,stop_loss,1
2013-01-03 13:15:00,2013-01-03 13:30:00,long,1681.33,1680.5812228613509,1680.6612228613508,1687.3489942478432,56.471340957288334,-42.28444909767467,-1.1196213138528,stop_loss,1
2013-01-03 13:45:00,2013-01-03 14:00:00,long,1680.83,1680.0269472631035,1680.1069472631034,1687.337474632069,52.056906160620485,-41.804440966648535,-1.1106419987334546,stop_loss,1
2013-01-07 14:30:00,2013-01-07 17:30:00,short,1657.72,1647.11,1658.5602032275242,1650.158170952282,44.6492871271713,263.8840923946454,7.034193903371066,time_stop,12
2013-01-08 14:15:00,2013-01-08 15:00:00,short,1656.76,1652.8592936402904,1657.5125064630147,1649.9874418328673,50.90471552181011,126.7391514705873,3.3085869018871397,chandelier_stop,3
2013-01-10 13:45:00,2013-01-10 14:30:00,short,1664.78,1662.9048013670367,1665.430089810591,1658.9291917046814,59.50923126656698,83.32284244009107,2.1538049845020644,chandelier_stop,3
2013-01-11 13:15:00,2013-01-11 14:00:00,long,1668.51,1670.100150198618,1667.8750388944075,1674.2246499503335,61.3207849534088,76.42384462006595,1.9627909765281955,chandelier_stop,3
2013-01-16 14:30:00,2013-01-16 14:45:00,long,1675.72,1674.8974052972385,1674.9774052972384,1682.4033523248552,52.74153558869662,-43.384907790770804,-1.1077303671874015,stop_loss,1
2013-01-21 16:00:00,2013-01-21 19:00:00,long,1686.08,1688.74,1685.4522784807982,1691.7294936728151,62.18590414097759,110.42917756920967,2.8289473677111765,time_stop,12
2013-01-22 14:15:00,2013-01-22 14:30:00,long,1691.57,1690.9859435404849,1691.0659435404848,1696.1065081356357,78.09981800626389,-45.614703193509655,-1.1587123793173495,stop_loss,1
2013-01-22 14:45:00,2013-01-22 15:00:00,long,1690.9099999999999,1690.3433390731732,1690.423339073173,1695.289948341441,80.61028013740649,-45.678696054420364,-1.1643855004377783,stop_loss,1
2013-01-29 13:45:00,2013-01-29 14:00:00,short,1662.67,1663.3010668835188,1663.221066883519,1657.7103980483312,70.94027735007913,-44.768059743271614,-1.1451729406947602,stop_loss,1
2013-01-31 13:30:00,2013-01-31 14:45:00,short,1675.76,1675.84,1676.2904724261011,1670.985748165089,73.44120346155876,24.44522180703349,0.6274677121718145,chandelier_stop,5
2013-02-04 15:15:00,2013-02-04 16:30:00,short,1665.3400000000001,1665.42,1665.9950327408803,1659.444705332078,59.58766120455811,25.40070380280354,0.6507683189811271,chandelier_stop,5
2013-02-06 13:15:00,2013-02-06 15:45:00,long,1668.57,1673.2387602744952,1668.0116659762914,1673.595006213376,70.04421993327288,191.08978360756043,4.8861981165117205,chandelier_stop,10
2013-02-07 13:45:00,2013-02-07 15:00:00,long,1675.7,1675.8233556015862,1675.179184324894,1680.3873410759545,76.19075692301384,32.55551478246637,0.8204237651557332,chandelier_stop,5
2013-02-08 15:30:00,2013-02-08 15:45:00,long,1668.35,1667.5940274034576,1667.6740274034576,1674.4337533688813,58.847070504799625,-44.486772688419904,-1.1183479928167694,stop_loss,1
2013-02-08 16:00:00,2013-02-08 16:30:00,long,1666.82,1665.9389317917569,1666.0189317917568,1674.0296138741885,49.49085024473046,-23.410860007727173,-0.5905041533965487,stop_loss,2
2013-02-13 15:45:00,2013-02-13 16:00:00,short,1651.63,1652.570117099714,1652.490117099714,1643.8889461025735,46.011542106431314,-43.25623751846294,-1.0930105912631307,stop_loss,1
2013-02-14 13:15:00,2013-02-14 13:30:00,short,1644.3700000000001,1645.0886761383922,1645.0086761383923,1638.6219147544707,61.761420329087414,-44.38645906371889,-1.1252591026828154,stop_loss,1
2013-02-14 13:45:00,2013-02-14 15:00:00,short,1647.82,1648.691690139736,1648.611690139736,1640.6947887423753,49.65627849464841,-23.256273220961354,-0.5915762321153788,stop_loss,5
2013-02-19 13:45:00,2013-02-19 16:45:00,short,1614.21,1607.1999999999998,1614.8111579402205,1608.799578538016,65.27838129552441,256.6007298388403,6.538828138448952,time_stop,12
2013-02-21 13:45:00,2013-02-21 14:00:00,short,1572.95,1574.1763872086826,1574.0963872086827,1562.6325151218566,34.90305817005606,-42.80466408366082,-1.069784449262878,stop_loss,1
2013-02-25 13:15:00,2013-02-25 14:00:00,short,1593.51,1589.722109828225,1594.3359808351274,1586.0761724838533,48.28684122150883,120.15845869232498,3.012697881602965,chandelier_stop,3
2013-03-01 14:45:00,2013-03-01 15:00:00,short,1569.8300000000002,1571.0342653296627,1570.9542653296628,1559.711612033036,35.796248227240795,-43.10818067206153,-1.0711575798783481,stop_loss,1
2013-03-01 15:15:00,2013-03-01 15:30:00,short,1573.4,1574.652198166903,1574.572198166903,1562.8502164978727,34.222162604004595,-42.852929280186565,-1.0682478460201783,stop_loss,1
2013-03-05 13:45:00,2013-03-05 15:00:00,short,1583.81,1583.2119936754082,1584.5230627143894,1577.3924355704949,56.07725194026505,45.3552924775183,1.1342623611732554,chandelier_stop,5
2013-03-05 15:45:00,2013-03-05 16:45:00,short,1584.8400000000001,1584.92,1585.639104719684,1577.648057522847,50.20951869404275,26.828378805985697,0.6686589712226173,chandelier_stop,4
2013-03-06 14:45:00,2013-03-06 15:00:00,short,1576.29,1576.918827572991,1576.838827572991,1571.3505518430804,73.25278553111913,-46.06337134036283,-1.1457652711651034,stop_loss,1
2013-03-06 15:30:00,2013-03-06 17:00:00,short,1578.43,1574.6838223899829,1579.2071826449933,1571.435356195061,51.551535076040174,125.32053364293196,3.127933703119095,chandelier_stop,6
2013-03-14 13:15:00,2013-03-14 13:30:00,long,1583.7,1582.9538399063722,1583.0338399063721,1589.6954408426514,60.707509158262816,-45.29752071744295,-1.1200912524859383,stop_loss,1
2013-03-14 13:45:00,2013-03-14 14:00:00,long,1581.1,1580.2418568580454,1580.3218568580453,1588.1032882775921,51.79641797188104,-44.448740860380724,-1.102808847995467,stop_loss,1
2013-03-19 14:45:00,2013-03-19 17:45:00,long,1601.1299999999999,1612.78,1600.4575745552117,1607.1818290030938,59.741465037377,376.62925811683033,9.375491561860114,time_stop,12
2013-03-20 13:30:00,2013-03-20 14:00:00,long,1609.07,1608.380798296885,1608.4607982968848,1614.5528153280354,67.79621390290124,-25.566009995157543,-0.6190082030782432,stop_loss,2
2013-03-20 14:15:00,2013-03-20 14:30:00,long,1607.85,1607.086193097032,1607.166193097032,1614.0042621267105,60.28729860065543,-46.04785483246594,-1.1169920918503473,stop_loss,1
2013-03-22 13:45:00,2013-03-22 14:15:00,long,1608.57,1607.9448702713703,1608.0248702713702,1613.4761675576672,75.37054983810812,-26.007728553218115,-0.6329958653735065,stop_loss,2
2013-03-25 13:45:00,2013-03-25 14:00:00,long,1601.22,1600.4983671507712,1600.578367150771,1606.9946956430597,63.91303725104235,-46.12174717433957,-1.1246818957228673,stop_loss,1
2013-03-26 15:00:00,2013-03-26 15:15:00,long,1597.46,1596.6675545495482,1596.747554549548,1603.8720090540673,57.36627123776655,-45.45964065175496,-1.1122892987093693,stop_loss,1
2013-03-27 14:15:00,2013-03-27 14:30:00,short,1596.26,1597.0370536219136,1596.9570536219137,1589.9865174027766,58.437340758592434,-45.40894729146568,-1.114768788920848,stop_loss,1
2013-03-28 14:00:00,2013-03-28 14:15:00,long,1600.54,1599.8621303134164,1599.9421303134163,1605.9208271792527,67.90398325911605,-46.030051849632486,-1.1338084231315784,stop_loss,1
2013-03-28 14:30:00,2013-03-28 15:00:00,long,1599.6599999999999,1598.9262756273845,1599.0062756273844,1605.5435193535393,61.89098147203373,-24.716917673397994,-0.6109030090309677,stop_loss,2
2013-04-01 13:15:00,2013-04-01 14:15:00,short,1599.0800000000002,1598.3481825717292,1599.6369346992728,1594.0675877065462,72.5138734093589,55.00973055122182,1.3621161324311086,chandelier_stop,4
2013-04-03 14:00:00,2013-04-03 14:30:00,short,1571.21,1572.1462213763764,1572.0662213763765,1563.5040076126122,47.3598564469445,-44.33930998774483,-1.093433780336683,stop_loss,2
2013-04-03 14:45:00,2013-04-03 15:15:00,short,1571.97,1572.8342523192052,1572.7542523192053,1564.9117291271534,51.53635195237482,-23.945137287558524,-0.5924447377769975,stop_loss,2
2013-04-05 14:45:00,2013-04-05 15:30:00,short,1557.3600000000001,1555.0526856626873,1558.1020674456477,1550.6813929891714,54.369273799581364,91.6235217261677,2.270963054337424,chandelier_stop,3
2013-04-08 14:30:00,2013-04-08 16:30:00,short,1578.69,1577.0733501923094,1579.3588848087759,1572.6700367210183,60.72875054478767,78.03574670265417,1.9210908867537064,chandelier_stop,8
2013-04-09 15:15:00,2013-04-09 15:30:00,short,1574.45,1575.2075326313904,1575.1275326313905,1568.3522063174862,60.299156147813406,-45.67857842727396,-1.1180754937747366,stop_loss,1
2013-04-11 14:15:00,2013-04-11 15:15:00,short,1560.91,1560.2052515990829,1561.820682778629,1552.7138549923416,44.71107959401426,45.17546158386078,1.1094821469574006,chandelier_stop,4
2013-04-18 14:15:00,2013-04-18 15:00:00,short,1398.64,1385.2761898615997,1400.7290071132877,1379.838935980412,19.55624579977125,160.82392423771475,3.9366359031797638,chandelier_stop,3
2013-04-22 13:15:00,2013-04-22 14:15:00,short,1433.68,1435.418554442896,1435.338554442896,1418.7530100139363,24.92267198986784,-22.47469789808187,-0.5437127646369811,stop_loss,4
2013-04-22 14:30:00,2013-04-22 15:15:00,short,1436.53,1429.485693709967,1438.221669969667,1421.3049702729973,24.394938140367554,116.2639728380247,2.8172786109131125,chandelier_stop,3
2013-04-24 15:30:00,2013-04-24 15:45:00,short,1426.32,1427.793921539037,1427.713921539037,1413.7747061486664,29.85603925110683,-44.005459322542386,-1.0573920394796308,stop_loss,1
2013-04-24 16:00:00,2013-04-24 16:45:00,short,1429.92,1431.5496313270269,1431.469631327027,1415.9733180567584,26.770857739486686,-22.68336708835521,-0.546785321602289,stop_loss,3
2013-04-25 15:15:00,2013-04-25 15:30:00,short,1448.54,1449.7214708042143,1449.6414708042144,1438.6267627620698,37.60145938027248,-44.42502645364238,-1.0726301593231846,stop_loss,1
2013-04-29 15:45:00,2013-04-29 16:00:00,long,1468.85,1467.274573607675,1467.3545736076749,1482.308837530926,27.606597580290025,-43.492162430283585,-1.0534964478429096,stop_loss,1
2013-04-30 15:15:00,2013-04-30 16:00:00,long,1467.6699999999998,1470.8587347445825,1466.1769646593182,1481.1073180661347,27.56341863802254,74.12199848174899,1.801125401743568,chandelier_stop,3
2013-05-06 16:00:00,2013-05-06 16:45:00,long,1470.59,1472.1100102098408,1469.6228977405403,1479.2939203351368,42.78298776298752,62.47735750855741,1.5100076390382648,chandelier_stop,3
2013-05-07 13:45:00,2013-05-07 15:15:00,long,1459.72,1459.64,1458.6039005023342,1469.764895478993,37.23947218994974,28.751651461062295,0.6917614646938902,chandelier_stop,6
2013-05-08 14:15:00,2013-05-08 14:30:00,short,1455.44,1456.4095895281014,1456.3295895281015,1447.4336942470882,46.81845934924091,-45.3946879068615,-1.089929116151656,stop_loss,1
2013-05-08 14:45:00,2013-05-08 15:00:00,short,1459.57,1460.7025287257607,1460.6225287257607,1450.0972414681526,39.44122956378068,-44.66832546030463,-1.0760074267256707,stop_loss,1
2013-05-08 15:15:00,2013-05-08 15:30:00,short,1465.3500000000001,1466.6093487482326,1466.5293487482327,1454.7358612659073,35.086332334551386,-44.18592870558569,-1.0678340483422066,stop_loss,1
2013-05-09 14:45:00,2013-05-09 15:00:00,long,1469.45,1468.5131230107427,1468.5931230107426,1477.161892903318,48.13580578053675,-45.09732879514682,-1.0933622923743747,stop_loss,1
2013-05-09 15:15:00,2013-05-09 15:30:00,long,1465.51,1464.4540703510995,1464.5340703510994,1474.2933668401058,42.12513923789135,-44.48118348535018,-1.0819731218229234,stop_loss,1
2013-05-09 15:45:00,2013-05-09 16:15:00,long,1464.02,1462.8733310680398,1462.9533310680397,1473.6200203876424,38.41653916042927,-23.274063487061532,-0.5679686056541421,stop_loss,2
2013-05-16 15:45:00,2013-05-16 16:00:00,short,1379.19,1380.9229298008445,1380.8429298008446,1364.3136317923993,24.74872591957886,-42.887804678969204,-1.0483989095961934,stop_loss,1
2013-05-17 13:15:00,2013-05-17 15:45:00,short,1382.8300000000002,1377.5809123992221,1384.3591666979098,1369.0674997188141,26.6676244304249,99.9080901527399,2.4499741126605454,chandelier_stop,10
2013-05-20 14:30:00,2013-05-20 14:45:00,short,1356.96,1358.57384419491,1358.49384419491,1343.155402245811,26.781708075791016,-43.22150410788735,-1.0521565360193719,stop_loss,1
2013-05-20 15:30:00,2013-05-20 16:45:00,short,1364.63,1359.0179702331634,1366.3912348774163,1348.778886103254,23.25033615594564,95.37150810629205,2.3290142013870607,chandelier_stop,5
2013-05-22 14:45:00,2013-05-22 15:30:00,short,1395.3,1388.7133287852796,1396.9889175955766,1380.0997416398093,24.41529271873231,110.72393366212096,2.685165822133735,chandelier_stop,3
2013-05-23 13:30:00,2013-05-23 13:45:00,short,1389.8500000000001,1391.7240623089504,1391.6440623089504,1373.7034392194475,23.16953489710674,-43.42115206657444,-1.0445915393243703,stop_loss,1
2013-05-23 15:15:00,2013-05-23 16:00:00,short,1393.79,1388.7813935808524,1395.6675770629656,1376.89180643331,22.06957393970136,85.79515986658377,2.070480132867468,chandelier_stop,3
2013-05-24 15:00:00,2013-05-24 15:15:00,short,1392.03,1393.401350466196,1393.321350466196,1380.4078458042352,32.287680524891734,-44.2777257401966,-1.0619506494124598,stop_loss,1
2013-05-30 13:30:00,2013-05-30 13:45:00,long,1403.11,1401.7954427072727,1401.8754427072727,1414.2210156345443,33.665410561200986,-44.25511096588067,-1.064800556824059,stop_loss,1
2013-05-31 15:00:00,2013-05-31 15:15:00,long,1406.8799999999999,1405.54787957672,1405.62787957672,1418.1490838095178,33.08716319758488,-44.07608584389378,-1.0638916181802807,stop_loss,1
2013-06-03 13:45:00,2013-06-03 14:30:00,long,1394.48,1393.3220090308835,1393.4020090308834,1404.1819187220497,38.30911919827952,-23.425853407151592,-0.5672547378196916,stop_loss,3
2013-06-04 13:15:00,2013-06-04 13:45:00,long,1400.2,1399.1303691096505,1399.2103691096504,1409.1066780131466,41.65856924269063,-23.633549755260454,-0.5732596372111215,stop_loss,2
2013-06-04 15:00:00,2013-06-04 15:15:00,long,1397.48,1396.3878080153581,1396.467808015358,1406.589727861778,40.659980463714525,-44.408504758164675,-1.079036389552349,stop_loss,1
2013-06-07 15:45:00,2013-06-07 16:00:00,long,1406.1399999999999,1404.7798747258832,1404.8598747258832,1417.6611274670497,32.045676806984346,-43.5861349513524,-1.0624938836983187,stop_loss,1
2013-06-10 13:15:00,2013-06-10 13:30:00,short,1379.64,1380.6061191749732,1380.5261191749732,1371.664927425242,46.14697837136992,-44.58348067164816,-1.0902813100758728,stop_loss,1
2013-06-10 14:15:00,2013-06-10 14:45:00,short,1381.81,1382.7475502331424,1382.6675502331425,1374.0920479017163,47.528378379149665,-23.824793412448706,-0.584543152340188,stop_loss,2
2013-06-10 15:45:00,2013-06-10 17:00:00,short,1385.41,1383.460282892971,1386.3933091193514,1376.5602179258372,41.37711811981206,69.81728275065298,1.7159816377388353,chandelier_stop,5
2013-06-12 15:00:00,2013-06-12 15:15:00,short,1378.17,1378.9038025685047,1378.8238025685048,1372.285776883457,62.550915823828866,-45.900022693843354,-1.1223610977590557,stop_loss,1
2013-06-14 15:45:00,2013-06-14 16:30:00,short,1388.79,1385.4125354903924,1389.9268214557367,1378.5586068983705,35.85281501697819,90.21817178915535,2.2134947699202434,chandelier_stop,3
2013-06-19 14:30:00,2013-06-19 14:45:00,short,1370.27,1371.0191317983674,1370.9391317983675,1364.2478138146919,61.316625476962706,-45.934233913380076,-1.1195579110051317,stop_loss,1
2013-06-19 15:00:00,2013-06-19 16:15:00,short,1372.52,1370.7246566414292,1373.282389152674,1365.6584976259333,53.63547084852804,77.47448229476456,1.8946538506279402,chandelier_stop,5
2013-06-25 14:15:00,2013-06-25 14:45:00,short,1285.8300000000002,1287.0984216056972,1287.0184216056973,1275.1342055487266,34.60348114106153,-43.89180311165408,-1.0673161777069824,stop_loss,2
2013-06-27 14:45:00,2013-06-27 15:15:00,short,1235.0,1236.7649449231844,1236.6849449231845,1219.8354956913395,24.328302158128214,-22.25972651198105,-0.5430281126714285,stop_loss,2
2013-07-03 14:15:00,2013-07-03 14:30:00,short,1248.52,1249.8862118860172,1249.8062118860173,1236.9440930258431,31.818295629519216,-43.47053368186,-1.0621981501412197,stop_loss,1
2013-07-04 13:30:00,2013-07-04 14:00:00,short,1250.8400000000001,1251.8639294895368,1251.7839294895368,1242.3446345941697,43.217908628406846,-23.530627590784245,-0.5768065843938404,stop_loss,2
2013-07-08 13:15:00,2013-07-08 14:00:00,short,1231.39,1232.8471794493273,1232.7671794493274,1218.9953849560536,29.570631893741524,-43.089717099180014,-1.058089742799317,stop_loss,3
2013-07-10 14:00:00,2013-07-10 14:15:00,short,1255.19,1256.3089030522551,1256.2289030522552,1245.8398725297043,39.074673337677254,-43.72077126339664,-1.0770042977795398,stop_loss,1
2013-07-12 14:15:00,2013-07-12 15:00:00,long,1270.55,1276.5118819788447,1269.4520107178041,1280.4319035397616,36.85248639374051,139.28150140533526,3.442140112252182,chandelier_stop,3
2013-07-15 15:00:00,2013-07-15 15:15:00,long,1278.54,1277.354992996836,1277.434992996836,1288.485063028477,36.996579632303906,-43.84120595739274,-1.0723977312097204,stop_loss,1
2013-07-15 15:30:00,2013-07-15 15:45:00,long,1274.21,1284.7339063867992,1273.035121512578,1284.7839063867991,34.684400476470685,365.0153836966285,8.957442407418945,take_profit,1
2013-07-17 15:30:00,2013-07-17 15:45:00,long,1284.34,1291.8066214290236,1283.5048198412196,1291.8566214290236,50.10296482753999,374.0998708389303,8.94013267739494,take_profit,1
2013-07-23 14:00:00,2013-07-23 15:15:00,long,1327.6699999999998,1330.6904309653482,1326.719649848656,1336.2231513620943,45.21207438309674,99.37514917700301,2.312808698008868,chandelier_stop,5
2013-07-26 14:30:00,2013-07-26 15:00:00,long,1327.1499999999999,1326.063124859132,1326.1431248591318,1336.2118762678122,42.9700023607468,-24.748038761189626,-0.5720049557857109,stop_loss,2
2013-07-26 15:15:00,2013-07-26 15:30:00,long,1323.78,1322.628218045012,1322.708218045012,1333.426037594892,40.298479427448896,-46.415061417986045,-1.074642047878877,stop_loss,1
2013-07-26 15:45:00,2013-07-26 16:30:00,long,1322.05,1329.1122278087655,1320.8975706612603,1332.4218640486567,37.357551072607244,163.2687826590132,3.7923677934276787,chandelier_stop,3
2013-07-30 15:30:00,2013-07-30 16:30:00,long,1322.3899999999999,1322.31,1321.4228072988587,1331.0947343102691,45.018685703628634,29.73009359990391,0.6827951917717623,chandelier_stop,4
2013-07-31 14:00:00,2013-07-31 14:15:00,long,1332.08,1331.158563246165,1331.2385632461649,1339.6529307845162,51.85289840199684,-47.77916638047183,-1.0950754761249806,stop_loss,1
2013-07-31 14:30:00,2013-07-31 14:45:00,long,1328.99,1327.9545264724586,1328.0345264724585,1337.5892617478737,45.51418302616124,-47.12873165126403,-1.083728117727945,stop_loss,1
2013-07-31 15:00:00,2013-07-31 15:15:00,long,1329.1,1328.0721937441097,1328.1521937441096,1337.6302563030135,45.73319762856294,-47.004866624502355,-1.0844054357129969,stop_loss,1
2013-08-07 13:15:00,2013-08-07 14:45:00,short,1280.01,1279.832518281988,1281.2270369189525,1269.0566677294264,35.50031682813052,34.66671785036966,0.8023738088905585,chandelier_stop,6
2013-08-15 15:15:00,2013-08-15 15:30:00,long,1335.76,1334.6548495853172,1334.734849585317,1344.9863537321467,42.24667497334444,-46.68893036576274,-1.0780373288193734,stop_loss,1
2013-08-22 13:15:00,2013-08-22 15:15:00,long,1365.98,1367.7094395839679,1364.7409739804484,1377.1312341759638,34.841180811056475,61.63367628573635,1.4277257125623912,chandelier_stop,8
2013-08-23 15:00:00,2013-08-23 15:15:00,long,1372.58,1371.6868189435693,1371.7668189435692,1379.898629507876,53.3141177635779,-47.61916002674052,-1.098379074828759,stop_loss,1
2013-08-28 14:00:00,2013-08-28 14:45:00,long,1422.98,1426.6339227122637,1421.8003144493134,1433.5971699561803,36.62939933478733,98.41314194379262,2.277492945118378,chandelier_stop,3
2013-08-30 15:45:00,2013-08-30 16:30:00,long,1393.79,1393.71,1392.690765350935,1403.683111841585,39.57882203623686,30.057185981203947,0.6908679483900652,chandelier_stop,3
2013-09-04 13:30:00,2013-09-04 14:00:00,long,1402.6299999999999,1401.5322756764604,1401.6122756764603,1411.7895189118572,42.83732156241104,-24.903997867948448,-0.5712373658789863,stop_loss,2
2013-09-04 15:30:00,2013-09-04 15:45:00,long,1400.61,1399.4376985677957,1399.5176985677956,1410.4407128898388,39.84419578020762,-46.709407778162806,-1.07323985636317,stop_loss,1
2013-09-09 16:00:00,2013-09-09 16:15:00,short,1387.89,1388.8715738874243,1388.7915738874244,1379.7758350131812,48.11779100695856,-47.23116717296779,-1.0887337145804843,stop_loss,1
2013-09-19 14:00:00,2013-09-19 14:15:00,short,1366.52,1368.0417588142634,1367.9617588142635,1353.5441706716292,29.991181578442013,-45.639344917168884,-1.055487782844452,stop_loss,1
2013-09-20 15:00:00,2013-09-20 15:15:00,long,1353.49,1352.3128115000418,1352.3928115000417,1363.3646964996249,39.28507485977357,-46.245938344923225,-1.0729136333482971,stop_loss,1
2013-09-20 15:30:00,2013-09-20 16:30:00,long,1350.12,1351.6930048811992,1348.8380364464645,1361.6576719818195,33.51452108183658,57.74468550517926,1.3440125509025311,chandelier_stop,4
2013-09-23 14:00:00,2013-09-23 15:15:00,short,1325.52,1325.5189864116153,1327.0507158846879,1311.7435570378086,28.181342487617123,31.6629700267342,0.7339988556644367,chandelier_stop,5
2013-09-26 13:45:00,2013-09-26 14:00:00,short,1336.48,1337.5629849128593,1337.4829849128594,1327.4531357842668,43.103955955285514,-46.68093398412487,-1.0797619176263182,stop_loss,1
2013-09-30 15:15:00,2013-09-30 15:30:00,long,1332.8,1331.861355319205,1331.9413553192048,1340.5278021271552,50.186736923413,-47.10751365962218,-1.0931700874520593,stop_loss,1
2013-09-30 15:45:00,2013-09-30 16:00:00,long,1331.04,1330.033158412988,1330.113158412988,1339.3815742831084,46.34152455679586,-46.65857412931421,-1.0863146422441396,stop_loss,1
2013-10-02 15:30:00,2013-10-02 15:45:00,short,1298.65,1300.1398007959588,1300.0598007959588,1285.961792836371,30.366897624903004,-45.240628252376005,-1.0567456056410598,stop_loss,1
2013-10-04 14:30:00,2013-10-04 15:00:00,short,1316.47,1310.1707279848513,1317.1754746683498,1310.1207279848513,60.49197295411603,295.7042832557298,6.929125733009802,take_profit,2
2013-10-07 13:45:00,2013-10-07 14:00:00,short,1313.1100000000001,1313.880198320555,1313.8001983205552,1306.8982151150046,63.11615967474841,-48.61196018137132,-1.115908714375879,stop_loss,1
2013-10-07 14:15:00,2013-10-07 14:30:00,short,1314.93,1315.7331046743561,1315.6531046743562,1308.4220579307946,60.042249852016155,-48.22021151500885,-1.110634051800537,stop_loss,1
2013-10-07 14:45:00,2013-10-07 15:00:00,short,1316.99,1317.8189014794193,1317.7389014794194,1310.2498866852259,57.78085914031842,-47.89463962352817,-1.1068231298754432,stop_loss,1
2013-10-07 15:30:00,2013-10-07 16:15:00,short,1320.19,1314.5219221566688,1321.1027975766342,1311.974821810292,47.2486869788463,165.06976595125397,3.8273952446540425,chandelier_stop,3
2013-10-10 13:45:00,2013-10-10 14:00:00,short,1302.22,1303.3450794444113,1303.2650794444114,1292.8142850002982,41.741990529590815,-46.963055513654304,-1.0765492043956382,stop_loss,1
2013-10-10 15:45:00,2013-10-10 18:45:00,short,1306.0900000000001,1300.97,1307.3316008035245,1294.9155927682818,35.021568108946425,121.39178048474389,2.7917190394887292,time_stop,12
2013-10-14 13:45:00,2013-10-14 14:00:00,short,1281.26,1282.255868338022,1282.1758683380222,1273.0171849578,47.87476608361826,-47.67696373288933,-1.0873487996895808,stop_loss,1
2013-10-14 15:15:00,2013-10-14 16:00:00,short,1286.39,1281.6361900186132,1287.476975585452,1276.6072197309336,40.206930256703764,127.34084359745935,2.9137146428782628,chandelier_stop,3
2013-10-16 13:30:00,2013-10-16 13:45:00,short,1282.66,1283.8832442439111,1283.8032442439112,1272.3708018048007,38.5621658019253,-47.170947349948285,-1.0699762980885363,stop_loss,1
2013-10-16 14:00:00,2013-10-16 16:00:00,short,1283.17,1282.587022018963,1284.284276924597,1273.141507678629,39.437648104976546,43.46804496473378,0.9891586728900625,chandelier_stop,8
2013-10-18 14:15:00,2013-10-18 15:00:00,long,1317.53,1316.409238239886,1316.489238239886,1326.8968558410256,42.34865947977574,-25.10771050160165,-0.5696605148059918,stop_loss,3
2013-10-23 14:00:00,2013-10-23 14:45:00,long,1330.1599999999999,1331.829125168832,1329.2474738985118,1338.372734913393,48.21729720978419,72.03457642806383,1.6371664964935329,chandelier_stop,3
2013-10-25 13:15:00,2013-10-25 13:45:00,long,1341.78,1341.010376459354,1341.0903764593538,1347.9866118658158,64.11562739722068,-26.75620597450467,-0.6051298218909467,stop_loss,2
2013-10-25 14:00:00,2013-10-25 14:15:00,long,1340.25,1339.443524810933,1339.523524810933,1346.7882767016026,60.75276626470341,-48.99559865966914,-1.1101207600808272,stop_loss,1
2013-10-28 15:45:00,2013-10-28 16:00:00,long,1349.06,1356.8617249681663,1348.1875861146482,1356.9117249681663,50.421470016816556,393.3744415618489,8.942687753096296,take_profit,1
2013-10-31 14:00:00,2013-10-31 14:15:00,long,1329.32,1328.2491806470223,1328.3291806470222,1338.2373741767988,45.58703233990964,-48.815476474393286,-1.0807412569803991,stop_loss,1
2013-11-04 13:45:00,2013-11-04 14:00:00,short,1316.04,1316.7996604168527,1316.7196604168528,1309.9230562483237,66.24200312599737,-50.32142770785562,-1.1177058395873187,stop_loss,1
2013-11-04 14:45:00,2013-11-04 15:00:00,short,1318.3700000000001,1319.2175688818652,1319.1375688818653,1311.461880063213,58.458731502537034,-49.5478016948558,-1.1042251736489528,stop_loss,1
2013-11-05 14:45:00,2013-11-05 15:00:00,short,1313.69,1314.529142434878,1314.449142434878,1306.857718086099,58.91181643239614,-49.435405084159925,-1.1053820684029978,stop_loss,1
2013-11-11 13:45:00,2013-11-11 14:00:00,short,1285.93,1286.790601694371,1286.710601694371,1278.904584750661,57.10230182146939,-49.14233770003343,-1.1024850452885528,stop_loss,1
2013-11-13 15:00:00,2013-11-13 15:45:00,short,1278.17,1277.2447313125156,1279.1216668731258,1269.6049981418685,46.683065047015766,53.75015744164362,1.2098608568824722,chandelier_stop,3
2013-11-15 13:15:00,2013-11-15 14:45:00,short,1283.72,1283.8,1284.4360324639115,1277.2757078247973,62.2708875097293,29.393375072029926,0.6592219930296648,chandelier_stop,6
2013-11-15 15:15:00,2013-11-15 15:30:00,short,1284.47,1285.2491073123635,1285.1691073123636,1278.178034188727,63.90457709234433,-49.78852330614386,-1.1144316453070093,stop_loss,1
2013-11-19 14:00:00,2013-11-19 14:30:00,short,1276.32,1277.232119993661,1277.152119993661,1268.83092005705,53.51006093837243,-48.80759644390843,-1.0961399805428915,stop_loss,2
2013-11-22 14:15:00,2013-11-22 14:30:00,short,1246.55,1247.4136874203807,1247.3336874203808,1239.4968132165716,56.63019161127323,-48.910784108408535,-1.1020815160731452,stop_loss,1
2013-12-03 13:45:00,2013-12-03 14:30:00,short,1222.8600000000001,1223.750755999473,1223.6707559994732,1215.5631960047424,54.558506450690736,-48.59831694323686,-1.098673337048292,stop_loss,3
2013-12-04 14:15:00,2013-12-04 14:30:00,short,1213.93,1214.7380236383779,1214.658023638378,1207.3777872545998,60.558255463503436,-48.932501913431736,-1.1098865418411117,stop_loss,1
2013-12-04 14:45:00,2013-12-04 15:00:00,short,1214.82,1215.6229642596215,1215.5429642596216,1208.3133216634048,60.778998941952814,-48.803363885967364,-1.1106555392403363,stop_loss,1
2013-12-06 15:15:00,2013-12-06 15:30:00,short,1231.8500000000001,1232.8899441918356,1232.8099441918357,1223.2105022734802,45.62206246095926,-47.44439887583109,-1.0833381780736167,stop_loss,1
2013-12-09 15:15:00,2013-12-09 16:00:00,short,1232.64,1231.3989207479544,1233.3028683102557,1226.6741852077007,65.85365449963759,71.95768628470012,1.648428265175667,chandelier_stop,3
2013-12-11 15:00:00,2013-12-11 17:15:00,long,1255.02,1257.2732911694875,1254.2520389474405,1261.9316494730358,57.12291475587078,95.83033713438849,2.1845071030258354,chandelier_stop,9
2013-12-13 13:15:00,2013-12-13 13:30:00,short,1228.0900000000001,1229.1734306729666,1229.0934306729666,1219.0591239433024,44.00469902125679,-47.676040674284785,-1.0797264845048236,stop_loss,1
2013-12-13 14:30:00,2013-12-13 15:15:00,short,1232.6200000000001,1227.7755124941475,1233.7534544290656,1222.4189101384109,38.830530369757184,126.09572382463995,2.8649890912709544,chandelier_stop,3
2013-12-16 14:45:00,2013-12-16 15:00:00,short,1232.96,1233.8331153232516,1233.7531153232517,1225.8219620907348,55.97032676161533,-48.86854994296366,-1.1008680549405356,stop_loss,1
2013-12-16 15:15:00,2013-12-16 15:30:00,short,1235.3700000000001,1236.3578392328038,1236.277839232804,1227.1994469047663,48.73585162822825,-48.143186282464335,-1.0881213293160445,stop_loss,1
2013-12-17 13:45:00,2013-12-17 16:30:00,short,1239.55,1235.964725769808,1240.3520459982997,1232.331586015302,54.984238668169816,130.2670974601765,2.9539098989874524,chandelier_stop,11
2013-12-18 16:00:00,2013-12-18 16:15:00,short,1232.92,1233.8064065643305,1233.7264065643305,1225.662340921025,55.17153735309879,-48.904412873986644,-1.0992055416443045,stop_loss,1
2013-12-19 13:45:00,2013-12-19 16:45:00,short,1208.44,1199.59,1209.7870589997308,1196.3164690024225,32.919104995389795,178.10204446505867,4.0163751185951115,time_stop,12
2013-12-20 14:30:00,2013-12-20 16:00:00,short,1197.39,1196.522948551351,1198.1620475515786,1190.4415720357938,58.12891018015953,57.405867220935704,1.2791458064847931,chandelier_stop,6
2013-12-26 13:30:00,2013-12-26 14:15:00,short,1206.72,1204.6883877661,1207.2377850119879,1202.0599348921098,87.0061885515489,119.9941391160148,2.6635473101977456,chandelier_stop,3
2013-12-26 15:30:00,2013-12-26 15:45:00,short,1208.8,1209.5109693847646,1209.4309693847647,1203.1212755371175,71.96939169474662,-51.16803413510132,-1.1267890359367527,stop_loss,1
2014-01-03 15:30:00,2014-01-03 16:15:00,long,1228.19,1228.1100000000001,1227.2436900468626,1236.7067895782368,47.82468846182543,30.834129272825315,0.6813121458942301,chandelier_stop,3
2014-01-07 14:45:00,2014-01-07 15:30:00,long,1236.25,1236.17,1235.4706028360306,1243.264574475725,58.185329869535025,30.230064372188657,0.6666022112925057,chandelier_stop,3
2014-01-08 13:15:00,2014-01-08 15:15:00,long,1225.4199999999998,1226.7756422621358,1224.6416976917008,1232.4247207746923,58.383703598877936,72.19424387789965,1.5887757868721517,chandelier_stop,8
2014-01-14 14:30:00,2014-01-14 15:15:00,long,1247.52,1250.5111969849172,1247.0073911331792,1252.1334798013866,89.06742931088445,165.22499277902034,3.6188510629545143,chandelier_stop,3
2014-01-15 14:45:00,2014-01-15 15:00:00,long,1238.1499999999999,1237.4810252103475,1237.5610252103475,1243.4507731068725,78.36061882252137,-52.42127849382332,-1.135829243297731,stop_loss,1
2014-01-17 14:00:00,2014-01-17 14:15:00,long,1240.72,1240.1092668417518,1240.1892668417518,1245.4965984242347,86.6634474174499,-52.928240945935535,-1.150734882033703,stop_loss,1
2014-01-27 14:00:00,2014-01-27 14:15:00,long,1264.08,1263.0577875047495,1263.1377875047494,1272.559912457255,48.6476040816275,-49.7281887562347,-1.0849065369045645,stop_loss,1
2014-01-27 14:30:00,2014-01-27 15:15:00,long,1263.1299999999999,1267.1316284063294,1262.2164086137889,1271.3523224758983,50.00834788178165,133.07260091920799,2.9126891770063277,chandelier_stop,3
2014-01-30 15:15:00,2014-01-30 15:30:00,long,1252.23,1251.3242934357158,1251.4042934357158,1259.6613590785576,55.81451772294726,-50.55157508402867,-1.096886719157034,stop_loss,1
2014-01-31 13:15:00,2014-01-31 13:30:00,short,1245.46,1246.2780231106356,1246.1980231106356,1238.8177920042801,62.24027171911359,-50.91398067846943,-1.1083976895127718,stop_loss,1
2014-01-31 13:45:00,2014-01-31 14:00:00,short,1247.46,1248.3100301311092,1248.2300301311093,1240.529728820017,59.45483838789409,-50.53840406993666,-1.1038920384643713,stop_loss,1
2014-01-31 14:30:00,2014-01-31 15:00:00,short,1248.5800000000002,1249.4404322879182,1249.3604322879182,1241.5561094087382,58.468111190563235,-27.054138954661802,-0.5928972328827389,stop_loss,2
2014-01-31 15:15:00,2014-01-31 15:30:00,short,1249.5800000000002,1250.4279317553046,1250.3479317553047,1242.6686142022586,59.3141761038043,-50.29437345813568,-1.1041759237683872,stop_loss,1
2014-02-03 14:30:00,2014-02-03 15:15:00,short,1248.1100000000001,1245.2583929923078,1248.8210305981188,1241.7107246169319,63.84866751104912,123.48820435248402,2.720102985093199,chandelier_stop,3
2014-02-04 15:30:00,2014-02-04 15:45:00,long,1249.5,1248.5257288067737,1248.6057288067736,1257.5484407390372,51.180023698844145,-49.8632227584225,-1.0894583215985103,stop_loss,1
2014-02-06 15:15:00,2014-02-06 15:30:00,long,1260.73,1259.9336713441246,1260.0136713441245,1267.1769579028803,63.68477767860381,-50.7140134085271,-1.1116805803366228,stop_loss,1
2014-02-13 14:45:00,2014-02-13 17:45:00,long,1290.62,1296.47,1289.9537836674133,1296.6159469932795,68.24673447660885,232.01584684768525,5.102940416126956,time_stop,12
2014-02-19 14:15:00,2014-02-19 14:30:00,long,1317.1399999999999,1316.382135210368,1316.462135210368,1323.2407831066869,68.10080328796263,-51.61120095759296,-1.1180176359998943,stop_loss,1
2014-02-20 14:45:00,2014-02-20 15:00:00,long,1310.8899999999999,1310.1593771675934,1310.2393771675934,1316.7456054916577,70.71424610402075,-51.66544278000464,-1.1229591032088844,stop_loss,1
2014-02-26 14:15:00,2014-02-26 14:30:00,long,1337.54,1336.813918661048,1336.893918661048,1343.3547320505675,70.97141489604095,-51.531019955026224,-1.1238234184718925,stop_loss,1
2014-02-26 14:45:00,2014-02-26 15:00:00,long,1335.3899999999999,1334.6402155801893,1334.7202155801892,1341.4180597782952,68.22898883853242,-51.157032810560665,-1.1194414167211364,stop_loss,1
2014-02-28 14:30:00,2014-02-28 16:45:00,long,1328.12,1328.106984026179,1327.3918915314696,1334.6729762167718,62.55282636251259,32.188018319545606,0.7067262457830378,chandelier_stop,9
2014-03-04 14:00:00,2014-03-04 14:15:00,long,1333.96,1332.9493178099997,1333.0293178099996,1342.3361397100048,49.04123786873921,-49.56510568950556,-1.08595845161697,stop_loss,1
2014-03-04 15:30:00,2014-03-04 16:15:00,long,1332.6,1335.433048309666,1331.6409541111384,1341.231412999753,47.4358024692089,100.1278984470002,2.200946373885145,chandelier_stop,3
2014-03-06 14:15:00,2014-03-06 17:15:00,long,1333.7,1346.3600000000001,1333.064677520932,1339.4179023116128,72.0791354737827,488.80407044091635,10.67409399593295,time_stop,12
2014-03-10 15:30:00,2014-03-10 18:30:00,long,1337.01,1341.69,1336.187090768009,1344.416183087918,57.43027956469187,168.39602762946873,3.5631899728469185,time_stop,12
2014-03-13 13:15:00,2014-03-13 13:30:00,long,1369.28,1368.3749574014917,1368.4549574014916,1376.705383386576,57.894095915591606,-52.39662300573674,-1.096964690240917,stop_loss,1
2014-03-13 14:00:00,2014-03-13 14:30:00,long,1367.48,1366.546011811617,1366.626011811617,1375.1658936954473,55.747732944197935,-27.845663370188884,-0.5848957877710326,stop_loss,2
2014-03-17 13:45:00,2014-03-17 14:00:00,long,1377.1,1376.1808824111772,1376.2608824111771,1384.652058299404,56.636124789184066,-52.05525845649645,-1.0953382470651842,stop_loss,1
2014-03-17 15:45:00,2014-03-17 17:45:00,long,1376.26,1376.18,1375.2981187576484,1384.916931181164,49.245375221362146,32.32520263411165,0.6824240902743599,chandelier_stop,8
2014-03-18 13:30:00,2014-03-18 13:45:00,long,1360.2,1359.3505625035057,1359.4305625035056,1367.1249374684492,61.688153387571795,-52.40023057689995,-1.1039720579831458,stop_loss,1
2014-03-18 14:00:00,2014-03-18 14:15:00,long,1358.6499999999999,1357.6902044035328,1357.7702044035327,1366.5681603682035,53.771555352328406,-51.60970204235036,-1.0909302118823625,stop_loss,1
2014-03-21 13:15:00,2014-03-21 14:30:00,short,1340.71,1335.1130792760216,1341.7200112826795,1331.6198984558846,46.685764126267095,164.84597765441157,3.495969683260931,chandelier_stop,5
2014-03-24 13:45:00,2014-03-24 16:45:00,short,1325.14,1310.9499999999998,1325.9699230159729,1317.6706928562442,57.41217621872396,441.6398506971409,9.268862429322043,time_stop,12
2014-04-02 15:00:00,2014-04-02 15:30:00,short,1291.17,1291.920886759839,1291.8408867598391,1285.1320191614482,72.99682886102038,-29.77857308896696,-0.6080659275752099,stop_loss,2
2014-04-04 14:45:00,2014-04-04 15:00:00,short,1293.22,1293.9464381299554,1293.8664381299554,1287.402056830401,75.61941044102753,-54.93282310910539,-1.1237550761515955,stop_loss,1
2014-04-07 13:30:00,2014-04-07 16:30:00,short,1300.8700000000001,1298.6699999999998,1301.411908114231,1295.992826971923,89.90172046721982,133.18320335565164,2.733731137751864,time_stop,12
2014-04-09 14:15:00,2014-04-09 14:30:00,long,1305.6699999999998,1304.9773532112217,1305.0573532112217,1311.1838210990043,80.17347403799317,-55.53189933760195,-1.130580950500813,stop_loss,1
2014-04-10 14:00:00,2014-04-10 15:30:00,long,1320.7,1320.6200000000001,1320.0225535331294,1326.797018201836,72.25873646176292,32.016751417406326,0.6540514591504158,chandelier_stop,6
2014-04-14 14:15:00,2014-04-14 14:30:00,long,1322.55,1321.852864612816,1321.9328646128158,1328.104218484658,79.47603879045334,-55.40555907403822,-1.1296311986984755,stop_loss,1
2014-04-16 13:45:00,2014-04-16 14:00:00,short,1302.8,1303.867369480809,1303.787369480809,1293.913674672719,49.50655275827465,-52.84178351424399,-1.0810233671941853,stop_loss,1
2014-04-17 14:30:00,2014-04-17 14:45:00,short,1301.29,1302.0243770628617,1301.9443770628618,1295.400606434243,74.45666529013073,-54.679267166247925,-1.122253673822332,stop_loss,1
2014-04-17 15:00:00,2014-04-17 15:45:00,short,1303.14,1300.8109576674922,1303.8374730797127,1296.8627422825873,69.62088939913293,115.75349918989778,2.383785158738343,chandelier_stop,3
2014-04-21 15:45:00,2014-04-21 16:00:00,short,1287.64,1288.6453580675777,1288.5653580675778,1279.3117773918011,52.85084590782783,-53.13402431173622,-1.0864530205149054,stop_loss,1
2014-04-22 13:45:00,2014-04-22 15:15:00,short,1291.57,1291.5932531883482,1292.1563037270146,1286.2932664568687,83.14215366562323,33.51470200356296,0.6875296582871963,chandelier_stop,6
2014-04-23 13:15:00,2014-04-23 13:30:00,short,1285.6000000000001,1286.279841744999,1286.199841744999,1280.2014242950106,81.433309834543,-55.36176345894685,-1.1333685103894735,stop_loss,1
2014-04-23 13:45:00,2014-04-23 14:00:00,short,1286.4,1287.0715982393103,1286.9915982393104,1281.075615846208,82.2872857744891,-55.263996243765625,-1.1352269068501475,stop_loss,1
2014-04-23 15:00:00,2014-04-23 18:00:00,short,1288.2,1284.22,1288.8194414716863,1282.6250267548232,78.32091264572531,190.28700939366362,3.922212533091742,time_stop,12
2014-04-25 13:15:00,2014-04-25 13:30:00,short,1295.6100000000001,1296.3009280928848,1296.2209280928848,1290.1116471640378,80.34674291942522,-55.51382185481035,-1.1309483078805231,stop_loss,1
2014-04-25 13:45:00,2014-04-25 14:00:00,short,1297.04,1297.7453920800892,1297.6653920800893,1291.4114712791957,78.22219454507528,-55.177316519298074,-1.1279197523392026,stop_loss,1
2014-04-25 14:15:00,2014-04-25 14:30:00,short,1300.51,1301.3480676608933,1301.2680676608934,1293.6873910519596,64.31353231541624,-53.899091591368474,-1.1055314771054146,stop_loss,1
2014-04-25 14:45:00,2014-04-25 15:15:00,short,1300.98,1301.8109358912805,1301.7309358912805,1294.2215769784752,64.70900152142883,-28.987558475982198,-0.5965461910154622,stop_loss,2
2014-04-28 13:45:00,2014-04-28 14:00:00,long,1300.6399999999999,1300.07804595841,1300.15804595841,1304.9775863743096,100.64310052453087,-56.55679709789294,-1.1659909308697063,stop_loss,1
2014-04-28 14:15:00,2014-04-28 15:00:00,long,1299.69,1301.1525118104148,1299.1920141172006,1304.1718729451957,97.06234721540017,104.80261489265042,2.1682247521500084,chandelier_stop,3
2014-04-29 13:15:00,2014-04-29 14:15:00,short,1290.6000000000001,1290.2808648539349,1291.2939408297375,1284.3545325323644,70.10696650856404,45.921689217730616,0.9439179354579638,chandelier_stop,4
2014-05-01 13:30:00,2014-05-01 14:30:00,short,1285.38,1284.167274847267,1286.1904299016878,1278.0861308848112,60.19996482777233,71.58889533218307,1.46735084694667,chandelier_stop,4
2014-05-02 13:15:00,2014-05-02 13:30:00,short,1285.6100000000001,1286.1893726289386,1286.1093726289387,1281.115646339554,98.12836231559318,-56.85288724821213,-1.1602010109564345,stop_loss,1
2014-05-02 13:45:00,2014-05-02 14:00:00,short,1285.79,1286.372290685156,1286.292290685156,1281.2693838335947,97.21872422548991,-56.609557539259285,-1.1592703236673776,stop_loss,1
2014-05-02 14:15:00,2014-05-02 14:30:00,short,1286.79,1287.3835567642416,1287.3035567642416,1282.1679891218241,94.75531103258626,-56.242655811209396,-1.1557763534047787,stop_loss,1
2014-05-05 13:45:00,2014-05-05 16:45:00,long,1311.18,1313.4,1310.3823884735968,1318.3585037376292,60.798397911643114,102.33638895501682,2.1103113346327658,time_stop,12
2014-05-06 13:15:00,2014-05-06 14:00:00,long,1307.0,1310.3812216294364,1306.3860250881355,1312.5257742067797,79.48290913035166,168.98797712880884,3.462832043348746,chandelier_stop,3
2014-05-07 14:30:00,2014-05-07 14:45:00,long,1310.3,1309.7185588395012,1309.798558839501,1314.8129704444902,98.33152908782458,-57.173998386446044,-1.1595401540638133,stop_loss,1
2014-05-07 15:00:00,2014-05-07 15:15:00,long,1308.56,1307.9543441014066,1308.0343441014065,1313.2909030873411,93.47551163365483,-56.61399499495349,-1.1521908157294474,stop_loss,1
2014-05-08 14:30:00,2014-05-08 14:45:00,short,1293.3600000000001,1294.0202276918656,1293.9402276918656,1288.13795077321,84.39120153305858,-55.71740820192158,-1.137876907844087,stop_loss,1
2014-05-09 14:15:00,2014-05-09 14:30:00,short,1291.3600000000001,1292.025963982255,1291.945963982255,1286.0863241597065,83.27979420660857,-55.461343391199904,-1.136527162799435,stop_loss,1
2014-05-09 14:45:00,2014-05-09 15:30:00,short,1293.49,1291.7300990155948,1294.1076424132707,1287.9312182805631,78.73904832243124,103.79241998720838,2.134215970006512,chandelier_stop,3
2014-05-12 15:00:00,2014-05-12 15:15:00,short,1296.39,1297.2057767430965,1297.1257767430966,1289.7680093121326,66.5201143467598,-54.26556223220124,-1.1087286337201276,stop_loss,1
2014-05-14 13:45:00,2014-05-14 14:00:00,short,1302.3,1303.0048429003787,1302.9248429003787,1296.6764138965916,78.06947373203329,-55.026714296325686,-1.1280321820915804,stop_loss,1
2014-05-15 15:15:00,2014-05-15 15:30:00,long,1303.3999999999999,1302.7053210014235,1302.7853210014234,1308.9321109871871,79.09181274693276,-54.943421274628584,-1.130149232664859,stop_loss,1
2014-05-16 14:30:00,2014-05-16 15:30:00,long,1293.31,1293.23,1292.7876758489608,1298.0109173593514,92.7608763536308,30.30897753031135,0.6255562041873274,chandelier_stop,4
2014-05-16 15:45:00,2014-05-16 16:30:00,long,1288.1299999999999,1291.3559852538594,1287.3533153949772,1295.1201614452045,62.4992083140774,135.65491168443987,2.7945784771072155,chandelier_stop,3
2014-05-20 13:15:00,2014-05-20 13:30:00,short,1292.63,1293.2622804879652,1293.1822804879653,1287.6594756083136,88.63093794794305,-56.03961269452907,-1.1448539315496757,stop_loss,1
2014-05-22 13:30:00,2014-05-22 13:45:00,short,1296.25,1296.8229342148895,1296.7429342148896,1291.813592065994,98.96050496624912,-56.69785921790922,-1.1622934614466645,stop_loss,1
2014-05-22 14:30:00,2014-05-22 15:15:00,short,1298.22,1295.748501931757,1298.7336936201443,1293.5967574187018,94.63019071427848,151.03160593827667,3.1069477732300723,chandelier_stop,3
2014-05-22 15:30:00,2014-05-22 16:15:00,short,1301.44,1297.177997023972,1302.1397681561052,1295.142086595053,70.11467960168794,184.45963461836595,3.759570340748033,chandelier_stop,3
2014-05-26 13:30:00,2014-05-26 14:15:00,short,1293.21,1293.149881394519,1293.5523740363042,1290.128633673263,144.9216170134957,37.94625155758941,0.7647771215221807,chandelier_stop,3
2014-05-28 14:15:00,2014-05-28 14:30:00,short,1266.17,1266.802483051384,1266.722483051384,1261.1976525375455,90.01405128127658,-56.932361821801024,-1.1448008220334345,stop_loss,1
2014-05-30 15:00:00,2014-05-30 15:30:00,short,1254.29,1254.930438938332,1254.850438938332,1249.2460495550122,88.43147262633353,-31.191502082323378,-0.6293628886952572,stop_loss,2
2014-06-02 13:15:00,2014-06-02 13:45:00,short,1245.3,1245.9087990420994,1245.8287990420995,1240.540808621105,93.54568028563476,-56.950520550437055,-1.1512862044573615,stop_loss,2
2014-06-02 14:00:00,2014-06-02 14:45:00,short,1247.29,1244.1279580800212,1247.8075934750336,1242.6316587246968,95.24079599870461,185.1686857445136,3.756260772294667,chandelier_stop,3
2014-06-04 14:45:00,2014-06-04 15:00:00,short,1245.56,1246.0060642383114,1245.9260642383115,1242.2654218551954,136.1824385061875,-60.746115703660394,-1.2185408778768594,stop_loss,1
2014-06-04 15:30:00,2014-06-04 16:15:00,short,1248.75,1247.5372805881218,1249.2161946543624,1244.5542481107377,106.54193867579362,99.19115184579152,1.9970321152313457,chandelier_stop,3
2014-06-05 13:15:00,2014-06-05 13:30:00,short,1244.0,1244.4368597060154,1244.3568597060155,1240.7882626458616,140.0182057243347,-61.16831218953828,-1.2241777332979589,stop_loss,1
2014-06-06 15:30:00,2014-06-06 15:45:00,short,1255.82,1256.4448398363104,1256.3648398363105,1250.9164414732052,91.37245017205242,-57.09314680879063,-1.146832141610019,stop_loss,1
2014-06-10 14:15:00,2014-06-10 14:30:00,short,1253.98,1254.4292285057202,1254.3492285057202,1250.6569434485186,134.36685030001055,-60.36141937859777,-1.2166679949151717,stop_loss,1
2014-06-10 14:45:00,2014-06-10 15:00:00,short,1255.01,1255.4700235585035,1255.3900235585036,1251.5897879734675,130.07348094711648,-59.836865572230764,-1.2105132647958545,stop_loss,1
2014-06-13 14:30:00,2014-06-13 14:45:00,long,1272.54,1271.8963683047443,1271.9763683047443,1277.6126852573022,87.38237560861414,-56.242066548437,-1.141936659476953,stop_loss,1
2014-06-17 14:30:00,2014-06-17 15:30:00,long,1264.22,1264.14,1263.6780468779998,1269.0975780980011,90.56641304870782,30.925245876921025,0.6300634273310557,chandelier_stop,4
2014-06-20 14:15:00,2014-06-20 17:15:00,long,1309.45,1319.17,1308.6675718150404,1316.4918536646358,62.84989086925451,340.7608668811526,6.929480868585649,time_stop,12
2014-06-23 13:15:00,2014-06-23 13:30:00,long,1311.73,1311.1068379827468,1311.1868379827467,1316.6184581552802,92.41774469472072,-57.59122821395408,-1.1472857038208963,stop_loss,1
2014-06-23 13:45:00,2014-06-23 14:00:00,long,1310.8899999999999,1310.2830898932866,1310.3630898932865,1315.63219096042,94.94035949657308,-57.62026371346023,-1.1518285547774696,stop_loss,1
2014-07-03 13:45:00,2014-07-03 14:00:00,long,1321.3,1320.6769619387983,1320.7569619387982,1326.1873425508152,91.80235737487388,-57.19636275258414,-1.1473193238479225,stop_loss,1
2014-07-15 15:00:00,2014-07-15 17:00:00,short,1311.25,1310.8300786458938,1311.8809978701129,1305.5710191689848,78.73336413236365,51.823015142350826,1.043124090926097,chandelier_stop,8
2014-07-16 15:45:00,2014-07-16 16:30:00,short,1299.51,1299.2686644540554,1300.130708316563,1293.9236251509328,80.28900659125381,45.05811104457281,0.9041267781009578,chandelier_stop,3
2014-07-21 14:45:00,2014-07-21 15:00:00,short,1316.3700000000001,1316.9931234750763,1316.9131234750764,1311.4818887243139,92.00712314245636,-57.33179830429375,-1.1472961557934658,stop_loss,1
2014-07-24 13:15:00,2014-07-24 14:00:00,short,1300.44,1298.5042081662568,1301.0716998337284,1294.7547014964439,78.83369663732613,111.68139546472523,2.242632840041383,chandelier_stop,3
2014-07-25 13:15:00,2014-07-25 13:30:00,short,1294.4,1294.909445997884,1294.829445997884,1290.5349860190454,116.74174981585296,-59.47361722964497,-1.1862865188967235,stop_loss,1
2014-07-25 13:45:00,2014-07-25 14:00:00,short,1294.9,1295.4257212940938,1295.345721294094,1290.8885083531566,112.07868471768201,-58.922151170102715,-1.1794843572878335,stop_loss,1
2014-07-30 14:30:00,2014-07-30 15:45:00,short,1299.21,1295.7534639878788,1299.618528164108,1295.5332465230276,121.84983634573544,244.8772452458038,4.919279270572542,chandelier_stop,5
2014-08-06 15:15:00,2014-08-06 15:30:00,short,1293.5,1294.2523670603814,1294.1723670603815,1287.4486964565658,75.12819210129635,-56.52397704302164,-1.11898262826043,stop_loss,1
2014-08-08 14:30:00,2014-08-08 14:45:00,long,1315.1,1314.281697064207,1314.361697064207,1321.7447264221357,68.18901470264946,-55.79927092000135,-1.1083566055632794,stop_loss,1
2014-08-08 15:15:00,2014-08-08 15:30:00,long,1313.0,1312.1402982689735,1312.2202982689735,1320.0173155792393,64.35377777726998,-55.325054153211255,-1.1026033376822202,stop_loss,1
2014-08-11 16:00:00,2014-08-11 16:15:00,long,1308.5,1307.8725412660833,1307.9525412660832,1313.4271286052508,91.35076978455722,-57.31883835133264,-1.146129735528325,stop_loss,1
2014-08-13 15:15:00,2014-08-13 15:30:00,long,1305.09,1310.5173844833948,1304.4814017240672,1310.5673844833948,81.89116240451983,444.4548241614641,8.917843999930295,take_profit,1
2014-08-15 13:15:00,2014-08-15 14:00:00,long,1312.02,1312.2409603901963,1311.5850771562903,1315.9343055933866,117.65807537154323,48.43657378213865,0.9465410562688709,chandelier_stop,3
2014-08-15 14:45:00,2014-08-15 15:00:00,long,1311.1499999999999,1310.596179151501,1310.676179151501,1315.4143876364901,108.30569108541201,-59.98194973417662,-1.1688401855962445,stop_loss,1
2014-08-15 15:15:00,2014-08-15 15:30:00,long,1306.22,1305.4971391663455,1305.5771391663454,1312.0057475028923,79.54684112179851,-57.50129588788709,-1.124443729982951,stop_loss,1
2014-08-19 14:30:00,2014-08-19 15:15:00,short,1301.88,1301.202521269455,1302.2810100284155,1298.2709097442616,127.09169621487209,78.09745163473197,1.532372866115911,chandelier_stop,3
2014-08-21 13:15:00,2014-08-21 13:30:00,short,1280.98,1281.7227996616155,1281.6427996616155,1275.0148030454595,77.24707785848321,-57.37910329406257,-1.120700121971902,stop_loss,1
2014-08-21 13:45:00,2014-08-21 14:30:00,short,1282.17,1277.7260915625955,1282.8188935857809,1276.329957727973,78.63723863768448,211.03281298879335,4.135692610998444,chandelier_stop,3
2014-08-22 13:30:00,2014-08-22 16:30:00,short,1282.16,1278.6399999999999,1282.5699078985929,1278.4708289126652,126.02903816155492,257.40560485616913,4.98265813114692,time_stop,12
2014-08-27 13:15:00,2014-08-27 14:45:00,short,1286.46,1285.5571378249779,1286.878460565775,1282.6938549080267,125.29858079206498,92.75559632754,1.7690472469524656,chandelier_stop,6
2014-08-27 15:00:00,2014-08-27 15:15:00,short,1286.22,1286.7446679503732,1286.6646679503733,1282.21798844664,118.53964683934518,-62.19395354516386,-1.1799095255971774,stop_loss,1
2014-08-29 14:45:00,2014-08-29 15:15:00,short,1285.93,1286.5224301885644,1286.4424301885645,1281.3181283029198,102.50020609546685,-33.69336491060927,-0.6414826870427898,stop_loss,2
2014-09-04 13:30:00,2014-09-04 14:45:00,short,1272.49,1272.1384207274066,1272.9152963141732,1268.6623331724402,123.2625773975172,57.90405909676302,1.104551947128594,chandelier_stop,5
2014-09-15 14:45:00,2014-09-15 17:45:00,short,1237.91,1233.1399999999999,1238.4078186202034,1233.4296324181696,105.65460970194684,288.7925029115689,5.490682457872019,time_stop,12
2014-09-17 13:15:00,2014-09-17 14:00:00,short,1237.32,1237.9508641304715,1237.8708641304715,1232.3622228257545,97.05335049299957,-61.22747756811545,-1.145226373573166,stop_loss,3
2014-09-19 14:30:00,2014-09-19 14:45:00,short,1222.27,1223.063778234153,1222.983778234153,1215.8459958926223,74.6443706835566,-59.25107675065729,-1.1120796294592086,stop_loss,1
2014-09-19 16:00:00,2014-09-19 19:00:00,short,1224.44,1217.6,1225.2249320654837,1217.3756114106463,67.6514264110321,269.5029230647551,5.0752150718396605,time_stop,12
2014-09-22 15:30:00,2014-09-22 18:30:00,short,1215.8400000000001,1215.92,1216.5561809435972,1209.394371507627,75.27466782927338,35.53985856729206,0.6592408132594549,chandelier_stop,12
2014-09-29 13:45:00,2014-09-29 14:15:00,short,1220.42,1221.0113951768674,1220.9313951768675,1215.8174434081927,105.6265382507321,-34.6663751284823,-0.6417690335760349,stop_loss,2
2014-09-29 14:30:00,2014-09-29 15:15:00,short,1222.56,1220.925479164983,1223.1283273336653,1217.4450539970114,94.86241447781774,115.59041341398672,2.1440213158478394,chandelier_stop,3
2014-10-01 14:30:00,2014-10-01 14:45:00,short,1209.55,1210.2913108766181,1210.2113108766182,1203.5982021104367,82.04866462040874,-60.823567495105614,-1.1209718497433832,stop_loss,1
2014-10-01 15:30:00,2014-10-01 15:45:00,short,1211.67,1212.5904925017464,1212.5104925017465,1204.1055674842821,64.3399001307303,-59.22439563344731,-1.095182288757719,stop_loss,1
2014-10-03 14:30:00,2014-10-03 15:15:00,short,1207.68,1207.76,1208.2883463280014,1202.204883047989,88.60007524526226,34.66564293613311,0.6431529673015415,chandelier_stop,3
2014-10-06 13:15:00,2014-10-06 13:30:00,short,1194.6100000000001,1195.3497417995777,1195.2697417995778,1188.6723238038003,81.85554924589064,-60.55197130456692,-1.121259559499095,stop_loss,1
2014-10-06 15:15:00,2014-10-06 16:00:00,short,1197.3400000000001,1198.1670396923573,1198.0870396923574,1190.6166427687851,72.04686980039251,-32.13433378601768,-0.5970497294075017,stop_loss,3
2014-10-10 16:00:00,2014-10-10 16:30:00,long,1221.3,1220.4556471297929,1220.5356471297928,1228.179175831865,70.28882934012886,-31.95867435196964,-0.5948514787159536,stop_loss,2
2014-10-13 13:45:00,2014-10-13 14:00:00,long,1226.44,1225.6242676772715,1225.7042676772714,1233.0615909045582,72.89280458370784,-59.46101679326527,-1.108735198289551,stop_loss,1
2014-10-16 15:15:00,2014-10-16 15:30:00,long,1238.57,1237.5471586332603,1237.6271586332603,1247.0555723006576,56.69162518932182,-57.986539391335775,-1.0848499045778661,stop_loss,1
2014-10-17 13:30:00,2014-10-17 13:45:00,long,1237.11,1236.4853713501702,1236.5653713501702,1242.0116578484672,97.82307591544227,-61.10309583124841,-1.1468890775851317,stop_loss,1
2014-10-17 14:15:00,2014-10-17 15:30:00,long,1235.7,1236.9700844110948,1235.1471267697975,1240.675859071823,96.03275682397874,98.40449013059342,1.8534034064625486,chandelier_stop,5
2014-10-23 13:15:00,2014-10-23 14:00:00,long,1238.5,1240.9522423617398,1237.9054630206124,1243.8508328144883,89.79955123381947,147.90200847524136,2.7702632006289805,chandelier_stop,3
2014-11-11 13:15:00,2014-11-11 13:30:00,short,1154.41,1155.407735187309,1155.3277351873091,1146.1503833142187,58.658380664459344,-58.52553041949639,-1.0871711154875725,stop_loss,1
2014-11-11 14:00:00,2014-11-11 14:15:00,short,1155.8,1156.8341451189933,1156.7541451189934,1147.2126939290592,56.235977428350125,-58.15616156934933,-1.0838446882003883,stop_loss,1
2014-11-12 15:15:00,2014-11-12 15:30:00,short,1166.47,1167.3187708062171,1167.2387708062172,1159.5510627440449,69.56925842898039,-59.04835556469074,-1.1040622242064286,stop_loss,1
2014-11-17 15:00:00,2014-11-17 15:15:00,long,1187.84,1186.7845802207685,1186.8645802207684,1196.618778013084,54.648953157050165,-57.67758607624333,-1.0820159706654249,stop_loss,1
2014-11-17 15:30:00,2014-11-17 15:45:00,long,1187.07,1185.9887196801524,1186.0687196801523,1196.0815228786287,53.064697280317695,-57.37781284787612,-1.079897705381946,stop_loss,1
2014-11-17 16:00:00,2014-11-17 16:30:00,long,1185.9099999999999,1184.7961154384986,1184.8761154384986,1195.2149610535114,51.224774601535906,-30.194047972063444,-0.5701238829745735,stop_loss,2
2014-11-18 14:15:00,2014-11-18 14:30:00,long,1200.05,1199.0022833178753,1199.0822833178752,1208.7594501391236,54.63367787244356,-57.240615712786266,-1.082668823920938,stop_loss,1
2014-11-18 15:15:00,2014-11-18 15:30:00,long,1196.85,1195.8060915723092,1195.8860915723092,1205.5251758492168,54.67137553938275,-57.071909679003035,-1.0829954357714098,stop_loss,1
2014-11-19 14:15:00,2014-11-19 14:30:00,long,1198.53,1197.6138083854864,1197.6938083854864,1206.0557245306215,62.816922575064275,-57.552337712819956,-1.0956718515366375,stop_loss,1
2014-11-20 15:15:00,2014-11-20 17:00:00,long,1188.19,1188.5022139649793,1186.8660062149934,1200.1059440650608,39.54272858872737,44.45007299493615,0.8490238655002399,chandelier_stop,7
2014-11-25 13:45:00,2014-11-25 14:15:00,long,1200.11,1199.2878269500839,1199.3678269500838,1206.7895574492445,70.72161555663867,-58.14540635719168,-1.107791572341476,stop_loss,2
2014-11-25 14:45:00,2014-11-25 15:00:00,long,1199.06,1198.2653168086565,1198.3453168086564,1205.4921487220918,73.19780502358272,-58.169065295475455,-1.1119377102594756,stop_loss,1
2014-11-27 15:30:00,2014-11-27 16:45:00,long,1194.97,1194.89,1194.3140658001496,1200.873407798653,79.48775000540651,33.93734652293408,0.6509046943812931,chandelier_stop,5
2014-11-28 13:15:00,2014-11-28 14:00:00,long,1181.4199999999998,1183.336728496369,1180.6281940683316,1188.5462533850146,65.97645161259568,100.76047046023561,1.9287790553906365,chandelier_stop,3
2014-12-02 14:45:00,2014-12-02 15:30:00,long,1193.23,1199.2403408308908,1192.072531363762,1203.6472177261428,45.39460120442667,174.69076789186744,3.3247310312713485,chandelier_stop,3
2014-12-03 13:45:00,2014-12-03 14:00:00,long,1200.4199999999998,1199.4928367170205,1199.5728367170204,1208.0444695468148,62.640698102142245,-58.078155300499674,-1.094432798974211,stop_loss,1
2014-12-04 13:15:00,2014-12-04 13:45:00,long,1202.6499999999999,1201.8776483794386,1201.9576483794385,1208.8811645850521,76.39566863950928,-59.004318477586544,-1.1155482237985743,stop_loss,2
2014-12-05 13:45:00,2014-12-05 14:00:00,long,1202.4199999999998,1201.762300512773,1201.842300512773,1207.619295385042,91.2509932872597,-60.01573149397274,-1.1384803029407935,stop_loss,1
2014-12-05 14:15:00,2014-12-05 15:30:00,long,1199.5,1202.2255101955402,1198.790325442136,1205.8870710207764,74.02774166603999,138.43269241754257,2.6350261474732304,chandelier_stop,5
2014-12-10 14:15:00,2014-12-10 15:00:00,long,1225.8899999999999,1231.1786773651472,1224.8985313250184,1234.8132180748325,53.40653139118175,179.60297076033584,3.391877397309348,chandelier_stop,3
2014-12-12 14:30:00,2014-12-12 16:00:00,long,1221.6599999999999,1221.58,1220.6734895613747,1230.5385939476269,54.22113110186291,36.59291034791986,0.6841111888379728,chandelier_stop,6
2014-12-15 15:00:00,2014-12-15 15:15:00,long,1207.9099999999999,1207.0068479562271,1207.086847956227,1215.3183683939556,65.11493345923046,-58.808685233827795,-1.0971873915701658,stop_loss,1
2014-12-16 13:45:00,2014-12-16 14:00:00,short,1205.3600000000001,1206.5868063417997,1206.5068063417998,1195.0387429238021,46.58420742385868,-57.14980109529792,-1.0697589445436655,stop_loss,1
2014-12-17 13:30:00,2014-12-17 13:45:00,short,1198.8300000000002,1199.6986795201492,1199.6186795201493,1191.7318843186574,67.51996690371567,-58.65321245039906,-1.1014353713467817,stop_loss,1
2014-12-19 15:30:00,2014-12-19 15:45:00,short,1197.27,1198.2188342102552,1198.1388342102553,1189.4504921077018,61.088358209515434,-57.962724117512316,-1.0920774056265836,stop_loss,1
2014-12-19 16:00:00,2014-12-19 17:15:00,short,1197.95,1198.03,1198.8475152119038,1189.8723630928655,58.94247427427107,35.845064638478114,0.6775778291689697,chandelier_stop,5
2014-12-24 15:15:00,2014-12-24 15:30:00,short,1178.77,1174.6340167714525,1179.2351092476163,1174.5840167714525,113.97172331875738,471.3851361750368,8.892498374832797,take_profit,1
2014-12-29 15:30:00,2014-12-29 18:30:00,short,1194.49,1181.48,1195.164084060888,1188.4232434520093,80.73690070516487,563.9927099876024,10.363044390137716,time_stop,12
2014-12-31 13:45:00,2014-12-31 14:45:00,long,1196.21,1196.8576751797643,1195.6450535850431,1201.2945177346114,99.32877620806799,71.7697491035691,1.2789662558615509,chandelier_stop,4
2015-01-05 15:30:00,2015-01-05 15:45:00,short,1194.73,1196.0847373778597,1196.0047373778598,1183.2573635992626,44.190078871535256,-59.865951577836654,-1.062758024820959,stop_loss,1
2015-01-07 15:30:00,2015-01-07 16:15:00,long,1210.31,1212.2684159387697,1209.4033882063407,1218.469506142933,61.93516100948184,101.21238478042368,1.8024989593765606,chandelier_stop,3
2015-01-12 13:15:00,2015-01-12 14:30:00,long,1219.6399999999999,1224.5556936626924,1218.7635794016664,1227.527785385001,64.41517312016344,199.05333824180633,3.5258896082229514,chandelier_stop,5
2015-01-22 14:30:00,2015-01-22 15:00:00,long,1282.79,1292.0921420164088,1281.7508731092878,1292.1421420164088,54.90373225097612,396.6184254645772,6.951882681078345,take_profit,2
2015-02-02 13:15:00,2015-02-02 16:15:00,short,1277.89,1268.4499999999998,1278.6485120195662,1271.063391823906,76.78428074503421,404.1835479920811,6.939750299126554,time_stop,12
2015-02-03 14:15:00,2015-02-03 14:30:00,long,1279.1599999999999,1278.2178331055932,1278.297833105593,1286.919502049661,68.95921298825779,-64.97108754187579,-1.092789459348209,stop_loss,1
2015-02-03 14:45:00,2015-02-03 15:00:00,long,1275.3899999999999,1274.3448152798226,1274.4248152798225,1284.0766624815956,61.396990649939205,-64.17119649218523,-1.0828856884361218,stop_loss,1
2015-02-11 14:00:00,2015-02-11 14:15:00,short,1235.04,1235.767724912014,1235.6877249120141,1229.2104757918735,91.19137237912379,-66.36223344104127,-1.1235092220726242,stop_loss,1
2015-02-11 14:30:00,2015-02-11 17:30:00,short,1237.07,1223.35,1237.7578852557672,1230.879032698095,85.577989144041,629.0764335123196,10.686250185180278,time_stop,12
2015-02-12 15:15:00,2015-02-12 15:30:00,short,1224.23,1225.1896509830556,1225.1096509830556,1216.3131411524992,69.06724078212041,-66.28044551349645,-1.0909451606841076,stop_loss,1
2015-02-13 15:15:00,2015-02-13 15:30:00,short,1226.94,1227.6238710015368,1227.543871001537,1221.505160986169,100.2800676970353,-68.57863033014686,-1.1324786250645056,stop_loss,1
2015-02-13 15:45:00,2015-02-13 16:00:00,short,1228.32,1229.1569857105087,1229.0769857105088,1221.507128605421,79.72474009163729,-66.72846823072608,-1.105682311950316,stop_loss,1
2015-02-18 14:45:00,2015-02-18 15:30:00,short,1207.64,1206.783960221022,1208.3558739677717,1201.1971342900563,84.02359399371387,78.97590727985406,1.3129760371698265,chandelier_stop,3
2015-02-19 14:15:00,2015-02-19 14:30:00,short,1219.0,1219.8734631153004,1219.7934631153005,1211.8588319622963,76.10590861262625,-66.47570402955284,-1.1008238422899235,stop_loss,1
2015-02-20 14:15:00,2015-02-20 14:30:00,short,1206.75,1207.5694097405449,1207.489409740545,1200.095312335095,81.3997989586956,-66.69978814514936,-1.1081944091525864,stop_loss,1
2015-02-23 14:00:00,2015-02-23 14:15:00,short,1194.1200000000001,1194.891112086037,1194.8111120860372,1187.8999912256677,86.79880742356077,-66.93160945790272,-1.115755463717415,stop_loss,1
2015-02-23 14:30:00,2015-02-23 14:45:00,short,1195.47,1196.269581339491,1196.189581339491,1188.9937679445807,83.08568712737862,-66.4337650058347,-1.1111757568039689,stop_loss,1
2015-02-23 15:00:00,2015-02-23 15:15:00,short,1196.5900000000001,1197.4466032978266,1197.3666032978267,1189.600570319562,76.72850335222257,-65.72588900880518,-1.103012696731804,stop_loss,1
2015-02-23 15:30:00,2015-02-23 16:15:00,short,1201.41,1196.7085972182247,1202.3638314149628,1192.8255172653367,62.265123733558696,189.35290817613898,3.188273005485702,chandelier_stop,3
2015-02-24 13:30:00,2015-02-24 14:30:00,short,1199.45,1200.2106668030538,1200.1306668030538,1193.323998772516,88.0878713772051,-36.36561557390904,-0.6065132009885981,stop_loss,4
2015-02-24 14:45:00,2015-02-24 15:00:00,short,1200.38,1201.1126214696747,1201.0326214696747,1194.506406772929,91.70613553558564,-67.1858837942534,-1.1225825439665873,stop_loss,1
2015-02-25 15:15:00,2015-02-25 18:15:00,short,1210.82,1204.9499999999998,1211.5236815629744,1204.4868659332292,84.76538030625653,291.4031331662363,4.8853932703587555,time_stop,12
2015-02-27 13:45:00,2015-02-27 14:00:00,short,1208.17,1208.8617499278264,1208.7817499278265,1202.664250649562,98.93265523474551,-68.43665711830162,-1.1307723897641881,stop_loss,1
2015-02-27 14:30:00,2015-02-27 14:45:00,short,1208.95,1209.6292928540213,1209.5492928540214,1203.5563643138078,100.64651083930507,-68.36845559531136,-1.1334906623082845,stop_loss,1
2015-02-27 15:30:00,2015-02-27 16:00:00,short,1209.99,1210.7046144367894,1210.6246144367894,1204.2784700688946,94.7214968280551,-36.923123200721925,-0.6142425948686537,stop_loss,2
2015-03-02 14:15:00,2015-03-02 15:00:00,long,1214.8799999999999,1217.567180011184,1214.2043464321418,1220.9608821107215,88.80417842238536,162.09694711641583,2.7015770630388647,chandelier_stop,3
2015-03-04 14:30:00,2015-03-04 14:45:00,short,1205.55,1206.2124368731213,1206.1324368731214,1200.3080681419074,103.85185695570716,-68.79529938958446,-1.1373539411596443,stop_loss,1
2015-03-05 14:30:00,2015-03-05 15:00:00,short,1201.8,1202.4302852849546,1202.3502852849547,1196.8474324354072,109.54457003139069,-38.08236379475194,-0.6317498431852471,stop_loss,2
2015-03-05 15:15:00,2015-03-05 15:30:00,short,1203.17,1203.858559318894,1203.7785593188942,1197.6929661299525,98.86713747629419,-68.07588884167876,-1.1314580148822753,stop_loss,1
2015-03-06 13:15:00,2015-03-06 14:00:00,short,1196.78,1196.5762655355225,1197.4003531015408,1191.1968220861327,96.65832253941761,52.40157535924165,0.8739088384467909,chandelier_stop,3
2015-03-11 13:30:00,2015-03-11 14:15:00,short,1160.07,1160.1499999999999,1160.786792248449,1153.6188697639575,83.8729702130748,39.63787811350643,0.6593182157862639,chandelier_stop,3
2015-03-13 15:00:00,2015-03-13 15:45:00,short,1158.76,1158.7546480723552,1159.5215098838082,1151.9064110457252,79.10390898175835,43.412887877211126,0.7206845089574871,chandelier_stop,3
2015-03-18 13:15:00,2015-03-18 14:00:00,short,1151.19,1149.545602927262,1151.8283700828713,1145.4446692541596,94.56684895003814,120.66503897283141,1.9988030967607668,chandelier_stop,3
2015-03-18 15:30:00,2015-03-18 17:15:00,short,1149.57,1149.6499999999999,1150.199858242255,1143.9012758197048,96.41954053120453,39.28071160399674,0.6468021760464344,chandelier_stop,7
2015-03-19 14:00:00,2015-03-19 16:15:00,short,1165.91,1165.99,1166.8595152476846,1157.3643627708384,64.08373599183552,41.470920500162805,0.6815440166353846,chandelier_stop,9
2015-03-27 15:45:00,2015-03-27 16:00:00,long,1195.73,1194.6818229335036,1194.7618229335035,1204.443593598468,62.977010429482576,-66.01105804869228,-1.0826295135139037,stop_loss,1
2015-03-30 14:15:00,2015-03-30 14:30:00,long,1184.3799999999999,1183.5562235627422,1183.636223562742,1191.0739879353193,81.71119841368085,-67.3117599132807,-1.1075592019221216,stop_loss,1
2015-03-30 14:45:00,2015-03-30 15:30:00,long,1182.72,1189.0552680407357,1181.9843713372625,1189.3406579646378,82.34171916988313,304.1995845291884,5.022038569939486,chandelier_stop,3
2015-04-02 15:45:00,2015-04-02 16:00:00,long,1201.97,1201.0937890449743,1201.1737890449742,1209.1358985952318,77.22265955515222,-67.66334027844647,-1.100475884556669,stop_loss,1
2015-04-06 13:15:00,2015-04-06 14:00:00,long,1217.11,1219.673063027864,1216.509906307727,1222.5108432304562,102.12161581152495,174.2809316407442,2.843892220684721,chandelier_stop,3
2015-04-06 15:00:00,2015-04-06 15:45:00,long,1217.1499999999999,1219.294398690764,1216.551372922475,1222.537643697724,103.24521326977661,154.47235496603724,2.4993350780451773,chandelier_stop,3
2015-04-08 14:30:00,2015-04-08 14:45:00,long,1209.31,1208.7374847587334,1208.8174847587334,1213.7426371713998,126.43019369896398,-72.38321284893283,-1.1624315214980876,stop_loss,1
2015-04-16 15:15:00,2015-04-16 15:45:00,long,1205.8899999999999,1205.0270443455815,1205.1070443455815,1212.9366008897648,79.25308076428871,-36.77167221264476,-0.5925978369155388,stop_loss,2
2015-04-20 13:45:00,2015-04-20 14:00:00,long,1200.0,1199.1989185112438,1199.2789185112438,1206.4897333988054,85.90060022852765,-68.81338071611613,-1.1109444650117382,stop_loss,1
2015-04-20 14:15:00,2015-04-20 14:30:00,long,1199.1399999999999,1198.3329705530623,1198.4129705530622,1205.683265022439,84.91388184581503,-68.52800310335084,-1.1100368084633965,stop_loss,1
2015-04-21 13:15:00,2015-04-21 14:00:00,short,1198.27,1198.8628961611748,1198.782896161175,1193.6539345494261,119.9644551938796,-71.1264649618834,-1.155976991164579,stop_loss,3
2015-04-21 14:45:00,2015-04-21 15:00:00,short,1199.65,1200.2413806251573,1200.1613806251573,1195.0475743735844,119.90272242449959,-70.90814694544736,-1.1564392471367644,stop_loss,1
2015-04-22 15:15:00,2015-04-22 15:45:00,long,1199.7,1198.9611457221904,1199.0411457221903,1205.629688500288,92.74160731533767,-37.27536888568575,-0.6100395071288768,stop_loss,2
2015-04-23 14:45:00,2015-04-23 15:30:00,short,1191.17,1189.3192757527615,1191.8177692776542,1185.3400765011131,94.15602238019491,130.51805021477958,2.139942614876621,chandelier_stop,3
2015-04-27 14:00:00,2015-04-27 14:15:00,short,1184.8,1185.4273736432672,1185.3473736432672,1179.8736372105934,112.14082648965375,-70.35419887381119,-1.1461524517739008,stop_loss,1
2015-04-27 14:30:00,2015-04-27 14:45:00,short,1185.3,1185.899342580164,1185.8193425801642,1180.625916778522,117.78712644490373,-70.59484027360934,-1.1540409029712728,stop_loss,1
2015-04-30 13:15:00,2015-04-30 13:30:00,long,1203.08,1202.25600603721,1202.33600603721,1209.7759456651095,81.93626384897343,-67.51498674511669,-1.1075277542574735,stop_loss,1
2015-04-30 14:15:00,2015-04-30 15:30:00,long,1202.03,1202.7516214855914,1201.32358817755,1208.3877064020512,86.00866908801876,74.45079056104673,1.2253753152531375,chandelier_stop,5
2015-05-01 14:00:00,2015-05-01 16:45:00,short,1181.7,1175.436489971286,1182.310240524062,1176.2078352834424,99.92927484189903,356.19144548262574,5.841033603729688,chandelier_stop,11
2015-05-05 14:15:00,2015-05-05 14:30:00,short,1189.91,1190.5574967916168,1190.4774967916169,1184.8025288754486,109.3388866716248,-70.79657831882247,-1.1409699599745864,stop_loss,1
2015-05-08 15:15:00,2015-05-08 15:30:00,short,1186.76,1187.4410520229571,1187.3610520229572,1181.350531793386,102.88140674729135,-70.06759018991981,-1.133099959644627,stop_loss,1
2015-05-11 13:15:00,2015-05-11 14:00:00,short,1186.93,1186.8685100286502,1187.4083116031711,1182.6251955714606,128.84252539768647,46.96035462241311,0.7620109686590285,chandelier_stop,3
2015-05-11 14:45:00,2015-05-11 15:00:00,short,1187.96,1188.6131436334178,1188.533143633418,1182.8017072992395,107.7701161488885,-70.3893652353447,-1.139581067180063,stop_loss,1
2015-05-11 15:15:00,2015-05-11 16:00:00,short,1191.28,1188.4094948431004,1191.933169765549,1185.4014721100584,94.24286164866064,179.07367952631165,2.9090904123741077,chandelier_stop,3
2015-05-18 14:30:00,2015-05-18 14:45:00,long,1227.02,1226.3351175620685,1226.4151175620684,1232.4639419413834,102.6543423853538,-70.3061562771352,-1.1322571048243566,stop_loss,1
2015-05-18 15:00:00,2015-05-18 15:15:00,long,1226.04,1225.327371775457,1225.407371775457,1231.7336540208867,97.81873147090754,-69.70838893514843,-1.1264565773329593,stop_loss,1
2015-05-18 15:30:00,2015-05-18 16:30:00,long,1224.8799999999999,1226.8694854142277,1224.2217644390419,1230.8041200486216,93.69558393489916,137.11593314765838,2.22324569596717,chandelier_stop,4
2015-05-21 15:00:00,2015-05-21 15:15:00,long,1208.35,1207.7231112599627,1207.8031112599626,1213.271998660336,113.52421160817623,-71.16704997876633,-1.146282039002073,stop_loss,1
2015-05-25 15:45:00,2015-05-25 16:00:00,short,1204.56,1204.980987633,1204.900987633,1201.491111302999,181.44825768550297,-76.38747251501123,-1.2346126142348623,stop_loss,1
2015-06-02 14:30:00,2015-06-02 15:00:00,short,1191.64,1192.5079750694035,1192.4279750694036,1184.5482243753688,78.22893372667568,-36.4928224364984,-0.5920079870735209,stop_loss,2
2015-06-03 14:45:00,2015-06-03 15:00:00,short,1192.3,1192.992121996444,1192.912121996444,1186.7909020320035,100.52403176618846,-69.57489355661741,-1.1306929018474385,stop_loss,1
2015-06-05 13:15:00,2015-06-05 15:45:00,short,1176.26,1168.6950313515442,1176.6996878519192,1172.3028093327264,139.47223255540553,570.0579122429997,9.29579972548002,chandelier_stop,10
2015-06-12 14:30:00,2015-06-12 14:45:00,short,1180.51,1181.0548905195215,1180.9748905195215,1176.325985324307,135.58981614911008,-73.88160536330774,-1.1720835264230893,stop_loss,1
2015-06-12 15:00:00,2015-06-12 16:30:00,short,1181.3700000000001,1180.5509536791967,1181.8364107030568,1177.1723036724895,134.67267119653872,98.89434258970986,1.574430395532749,chandelier_stop,6
2015-06-17 14:30:00,2015-06-17 15:45:00,short,1179.5900000000001,1179.67,1180.0280003259309,1175.6479970666246,144.08541397535586,37.96654180391138,0.6015982839468874,chandelier_stop,5
2015-06-23 13:45:00,2015-06-23 14:00:00,long,1183.01,1182.415266436251,1182.4952664362509,1187.6426020737415,122.82734673057598,-73.04954564691685,-1.1554202127742288,stop_loss,1
2015-06-23 14:15:00,2015-06-23 14:30:00,long,1182.61,1182.0210205496246,1182.1010205496245,1187.190815053379,123.78536937999053,-72.90703882192919,-1.1571772690251612,stop_loss,1
2015-06-23 14:45:00,2015-06-23 15:00:00,long,1181.83,1181.1932524126864,1181.2732524126864,1186.8407282858218,112.77190882501607,-71.80724086106626,-1.1436916869023994,stop_loss,1
2015-06-29 14:15:00,2015-06-29 15:15:00,short,1178.46,1179.2648285041203,1179.1848285041203,1171.9365434629174,86.32395949774283,-37.54352027982565,-0.600023660200733,stop_loss,4
2015-07-03 15:00:00,2015-07-03 15:15:00,short,1168.68,1169.18116036071,1169.10116036071,1164.8895567536101,148.29846704081032,-74.32131323490454,-1.1899513996641522,stop_loss,1
2015-07-03 15:30:00,2015-07-03 15:45:00,short,1169.15,1169.6528372497958,1169.5728372497958,1165.3444647518374,147.18304019337987,-74.00911514740547,-1.189198089900006,stop_loss,1
2015-07-08 14:45:00,2015-07-08 15:30:00,short,1157.0800000000002,1152.1428483619632,1157.914495344127,1149.5695419028573,74.31131284666681,228.094660591513,3.6782078518664894,chandelier_stop,3
2015-07-09 15:45:00,2015-07-09 16:00:00,short,1164.77,1165.6928642576074,1165.6128642576075,1157.184221681533,74.38532124525457,-68.64755426789306,-1.0949144530425439,stop_loss,1
2015-07-13 14:00:00,2015-07-13 15:30:00,short,1156.63,1156.71,1157.2686099425753,1150.882510516824,97.85438925908967,40.50755412727077,0.6482164296756293,chandelier_stop,6
2015-07-14 15:30:00,2015-07-14 15:45:00,short,1154.42,1155.0517771085417,1154.9717771085418,1149.454006023124,113.473914735847,-71.69022174671575,-1.144986079997694,stop_loss,1
2015-07-17 14:15:00,2015-07-17 15:00:00,short,1144.1200000000001,1144.5542656062005,1144.4742656062006,1140.9316095441955,176.131232641624,-76.4877365139332,-1.2258192683674278,stop_loss,3
2015-07-28 15:00:00,2015-07-28 15:15:00,short,1093.98,1094.7018551386789,1094.621855138679,1088.2033037518897,96.85639476382367,-69.91628627417315,-1.1246387154655877,stop_loss,1
2015-07-30 13:45:00,2015-07-30 14:45:00,short,1087.66,1086.049846663175,1088.308546149251,1081.8230846567417,95.53371939038253,120.992144918799,1.9528082647835405,chandelier_stop,4
2015-07-31 15:15:00,2015-07-31 15:30:00,short,1083.02,1083.7466612346375,1083.6666612346376,1077.2000488882618,96.37349346282704,-70.03088174602733,-1.1237123793956252,stop_loss,1
2015-08-05 14:15:00,2015-08-05 14:45:00,short,1087.8,1088.359009680829,1088.2790096808292,1083.4889128725367,129.6652491787824,-40.456185377338215,-0.6513539347982029,stop_loss,2
2015-08-05 15:30:00,2015-08-05 16:15:00,short,1090.6000000000001,1088.2923504478522,1091.2158586664489,1085.0572720019613,100.65546600990902,160.11453967998798,2.582928296005349,chandelier_stop,3
2015-08-07 15:15:00,2015-08-07 15:30:00,short,1092.6100000000001,1087.6091303740552,1093.1712077362163,1087.5591303740553,111.31329925683343,556.663297217215,8.910906431302022,take_profit,1
2015-08-10 14:30:00,2015-08-10 15:30:00,short,1096.49,1096.57,1097.0292687016365,1091.6365816852715,118.9386188808778,40.37389570649723,0.6294663962460877,chandelier_stop,4
2015-08-13 14:45:00,2015-08-13 15:30:00,long,1115.3799999999999,1118.5800819955027,1114.7539803462707,1121.014176883563,102.65012589085978,209.87390390153797,3.2659609420711644,chandelier_stop,3
2015-08-14 15:30:00,2015-08-14 15:45:00,long,1117.9099999999999,1117.2885149036751,1117.368514903675,1122.7833658669226,119.8382345471482,-74.47767674091693,-1.1477418317566104,stop_loss,1
2015-08-18 14:45:00,2015-08-18 15:00:00,long,1119.11,1118.562542351041,1118.642542351041,1123.3171188406318,138.33806140714827,-75.73422985949284,-1.171138498167872,stop_loss,1
2015-08-18 15:15:00,2015-08-18 15:30:00,long,1117.95,1117.3794370271733,1117.4594370271732,1122.3650667554427,131.3592460637983,-74.94872194244687,-1.163077941938683,stop_loss,1
2015-08-19 14:15:00,2015-08-19 15:00:00,long,1121.1699999999998,1121.4814912446457,1120.730761621253,1125.1231454087228,146.19655111813506,67.27591112605108,1.0476643860127208,chandelier_stop,3
2015-08-20 14:30:00,2015-08-20 14:45:00,long,1138.22,1137.5512057447004,1137.6312057447003,1143.519148297698,109.40487826619984,-73.1693540861914,-1.135870890858479,stop_loss,1
2015-08-25 14:00:00,2015-08-25 16:00:00,long,1148.06,1147.98,1147.042253003049,1157.2197229725582,63.07801050257921,44.04802113931968,0.6861334396518302,chandelier_stop,8
2015-08-28 14:00:00,2015-08-28 15:30:00,short,1127.8300000000002,1127.91,1128.5803295928947,1121.077033663949,85.7351228516756,42.67441688419323,0.663371402893508,chandelier_stop,6
2015-08-28 15:45:00,2015-08-28 16:00:00,short,1127.54,1128.4307522577974,1128.3507522577975,1120.2432296798222,79.50347650196063,-70.8179011968664,-1.0986737924322973,stop_loss,1
2015-09-01 14:45:00,2015-09-01 15:00:00,long,1142.0,1141.2449556721072,1141.324955672107,1148.0753989510372,95.17177867957105,-71.8589116674835,-1.118510735805512,stop_loss,1
2015-09-01 15:15:00,2015-09-01 15:30:00,long,1140.25,1139.4777679009494,1139.5577679009493,1146.4800888914556,92.4972891692435,-71.42937577165503,-1.1155681744744856,stop_loss,1
2015-09-02 13:15:00,2015-09-02 14:00:00,long,1138.01,1138.8940876515233,1137.4208486205264,1143.312362415262,108.31733020437794,93.03455216782746,1.4578721026407038,chandelier_stop,3
2015-09-03 14:00:00,2015-09-03 14:15:00,long,1128.6,1127.9355410233838,1128.0155410233838,1133.8601307895453,109.66451150840537,-72.86756908797524,-1.136878725797158,stop_loss,1
2015-09-08 14:45:00,2015-09-08 15:00:00,short,1121.15,1121.6745756417245,1121.5945756417245,1117.1488192244792,143.6781493747214,-75.37005741001413,-1.1799468807819058,stop_loss,1
2015-09-08 15:15:00,2015-09-08 15:30:00,short,1122.99,1123.5627208339358,1123.482720833936,1118.5555124945763,129.18003645061697,-73.98409820385679,-1.1623637453299493,stop_loss,1
2015-09-10 15:30:00,2015-09-10 15:45:00,short,1109.29,1109.91686212701,1109.8368621270101,1104.368240856908,115.98488880548393,-72.70653409763553,-1.146289157812604,stop_loss,1
2015-09-10 16:00:00,2015-09-10 16:15:00,short,1110.54,1111.2111974462484,1111.1311974462485,1105.2192229837626,106.91795743031442,-71.76305998532972,-1.1353185818165643,stop_loss,1
2015-09-16 15:30:00,2015-09-16 15:45:00,short,1110.02,1110.5947306601656,1110.5147306601657,1105.5674240585092,127.33056445269797,-73.18077936716291,-1.1617041482190136,stop_loss,1
2015-09-21 14:30:00,2015-09-21 14:45:00,long,1134.5,1133.9573087691779,1134.0373087691778,1138.6642210774003,135.67318265639943,-73.62864648535694,-1.172901483042519,stop_loss,1
2015-09-21 15:00:00,2015-09-21 15:45:00,long,1130.81,1135.3167387166523,1130.2192611326072,1136.1266498065338,105.89096026386093,282.87960062577156,4.522173258484511,chandelier_stop,3
2015-10-01 14:45:00,2015-10-01 15:00:00,short,1114.5900000000001,1115.1020860647536,1115.0220860647537,1110.7012254172173,146.73591653884836,-75.14141805837328,-1.1851482992064493,stop_loss,1
2015-10-05 14:30:00,2015-10-05 15:15:00,long,1130.75,1133.840859899525,1130.1817539845235,1135.8642141392882,111.17917021930792,216.42298055200467,3.4256543967803377,chandelier_stop,3
2015-10-08 15:15:00,2015-10-08 15:30:00,long,1141.34,1140.705139222735,1140.7851392227349,1146.3337469953851,115.03135928504837,-73.02889816555249,-1.144180312031161,stop_loss,1
2015-10-12 15:30:00,2015-10-12 16:15:00,long,1164.02,1163.9963679320222,1163.2669113556965,1170.7977977987307,84.4619065888173,44.59592462245536,0.7011132796021182,chandelier_stop,3
2015-10-13 14:15:00,2015-10-13 17:15:00,long,1152.37,1164.5700000000002,1151.7479459283672,1157.9684866446942,102.46872966337547,670.3033505816181,10.516032049361367,time_stop,12
2015-10-20 15:15:00,2015-10-20 15:30:00,long,1173.27,1172.5595947857835,1172.6395947857834,1178.9436469279483,104.30116863101163,-74.09609404434588,-1.1269025036529008,stop_loss,1
2015-10-23 13:30:00,2015-10-23 13:45:00,long,1171.69,1171.0540274091995,1171.1340274091995,1176.6937533172047,117.86500513879218,-74.9589126828343,-1.1438919855468563,stop_loss,1
2015-10-27 14:30:00,2015-10-27 14:45:00,short,1167.69,1162.9561330265528,1168.2215407748274,1162.9061330265529,122.85950321478367,581.600544642597,8.905933839195527,take_profit,1
2015-11-03 14:15:00,2015-11-03 17:15:00,short,1132.48,1123.84,1132.9648293877667,1128.116535510099,138.29532379725256,644.265643584924,9.608786427498647,time_stop,12
2015-11-05 14:30:00,2015-11-05 15:30:00,short,1110.22,1109.741188479746,1110.7583263728109,1105.3750626447024,128.14240130608007,79.21129453031944,1.1482821034896922,chandelier_stop,4
2015-11-06 14:30:00,2015-11-06 17:30:00,short,1108.8400000000001,1087.5,1109.2349076275534,1105.2858313520203,175.28166880653103,1917.788415432013,27.705670788010472,time_stop,12
2015-11-09 14:15:00,2015-11-09 15:00:00,short,1094.64,1094.72,1095.2556750512786,1089.0989245384949,121.77435657426284,48.314741743875516,0.6444248270821312,chandelier_stop,3
2015-11-11 15:00:00,2015-11-11 18:00:00,short,1089.43,1087.6899999999998,1089.9487735997131,1084.7610376025814,144.79992330958504,178.69471828673892,2.378841561073036,time_stop,12
2015-11-13 13:15:00,2015-11-13 13:30:00,short,1086.18,1086.8115565804724,1086.7315565804724,1081.2159907757477,137.1653684986558,-86.62769108823488,-1.1450440495722334,stop_loss,1
2015-11-16 15:00:00,2015-11-16 18:00:00,short,1092.77,1084.83,1093.4356848491238,1086.7788363578861,113.25866682157142,503.3513745124207,6.6762277114947635,time_stop,12
2015-11-17 15:15:00,2015-11-17 18:15:00,short,1081.45,1074.9199999999998,1082.1020231544485,1075.5817916099636,117.94770190896031,439.8290286790146,5.71914868420722,time_stop,12
2015-11-24 13:30:00,2015-11-24 14:15:00,short,1075.71,1074.6261490258898,1076.214561350172,1071.1689478484518,155.03391157089663,138.8090700573424,1.7745047245074907,chandelier_stop,3
2015-11-25 15:00:00,2015-11-25 15:30:00,short,1074.45,1069.7581515721124,1074.976872047543,1069.7081515721125,149.25928851521792,543.020864258084,6.905100298577013,take_profit,2
2015-11-26 13:15:00,2015-11-26 13:45:00,short,1072.56,1073.116786522908,1073.036786522908,1068.2689212938278,168.35544985212294,-93.73804553576586,-1.1677899776025369,stop_loss,2
2015-11-26 14:00:00,2015-11-26 17:00:00,short,1072.91,1071.03,1073.3636133348502,1068.8274799863484,176.3360758285976,221.33880594143113,2.7671364677855497,time_stop,12
2015-11-30 15:15:00,2015-11-30 15:30:00,short,1058.8700000000001,1059.492895445276,1059.412895445276,1053.9839409925178,148.55975037299328,-92.53719185865394,-1.1473580238995533,stop_loss,1
2015-12-03 14:45:00,2015-12-03 15:00:00,short,1053.39,1054.065761188118,1053.985761188118,1048.0281493069401,134.91110508082727,-91.16768865970569,-1.134281993515997,stop_loss,1
2015-12-04 13:15:00,2015-12-04 14:30:00,short,1062.76,1061.3965501438197,1063.3470146014736,1057.476868586737,136.4553743402494,149.68961879157024,1.8687539908574555,chandelier_stop,5
2015-12-04 15:15:00,2015-12-04 15:30:00,short,1064.32,1065.049826328108,1064.9698263281082,1058.4715630470266,123.95675976709109,-90.46690682500318,-1.1231098164840758,stop_loss,1
2015-12-07 15:30:00,2015-12-07 16:15:00,long,1079.75,1079.8468907896251,1079.0995947752035,1085.6036470231693,123.42915195413663,63.10306919132625,0.7860473654250449,chandelier_stop,3
2015-12-10 15:00:00,2015-12-10 15:15:00,long,1073.02,1072.2534782585342,1072.3334782585341,1079.1986956731937,117.2115457828434,-89.84519819336283,-1.1165294486218464,stop_loss,1
2015-12-15 15:15:00,2015-12-15 15:30:00,short,1065.03,1065.9017757562103,1065.8217757562104,1057.9040181941052,101.28971278434763,-88.30191595890425,-1.1010387087157363,stop_loss,1
2015-12-16 15:15:00,2015-12-16 15:30:00,short,1069.7,1070.4809134006696,1070.4009134006697,1063.391779393974,114.04238114426637,-89.05722367982008,-1.1141367819811985,stop_loss,1
2015-12-17 14:00:00,2015-12-17 17:00:00,short,1067.47,1048.98,1068.1000686762573,1061.7993819136843,126.44123493091075,1225.5381822009363,15.383325457106176,time_stop,12
2015-12-18 16:00:00,2015-12-18 16:45:00,short,1060.48,1058.81327889322,1061.2169926629492,1053.8470660334574,113.08562520872007,153.9214156220632,1.8468366362769553,chandelier_stop,3
2015-12-23 15:30:00,2015-12-23 15:45:00,long,1071.3899999999999,1070.7687995777676,1070.8487995777675,1076.2608038000913,154.85028626739893,-96.19306321209727,-1.1478195446890862,stop_loss,1
2015-12-30 14:15:00,2015-12-30 15:00:00,short,1067.91,1068.5381657782586,1068.4581657782587,1062.9765079956724,152.35621126584746,-52.804055877304066,-0.6322592596536136,stop_loss,3
2015-12-30 15:15:00,2015-12-30 15:30:00,short,1068.65,1063.927437522501,1069.1802847197223,1063.877437522501,157.19489144834608,742.3626960085184,8.905711030054137,take_profit,1
2016-01-04 13:30:00,2016-01-04 14:45:00,short,1074.3,1072.4153628138968,1074.897986388118,1068.9181225069372,143.1222160605222,195.47752265217343,2.2840124980748278,chandelier_stop,5
2016-01-11 15:45:00,2016-01-11 17:00:00,long,1100.48,1100.4,1099.6097102116007,1108.3126080955944,99.01480030912812,58.19271518698541,0.675312234078383,chandelier_stop,5
2016-01-12 13:45:00,2016-01-12 14:30:00,long,1091.06,1090.2694521670296,1090.3494521670295,1097.4549304967338,121.52052789187493,-51.98331214964865,-0.6020339470980466,stop_loss,3
2016-01-13 14:30:00,2016-01-13 14:45:00,long,1081.26,1080.607048515009,1080.6870485150089,1086.4165633649197,150.4319302355593,-98.22475223737631,-1.1396278779191378,stop_loss,1
2016-01-14 14:30:00,2016-01-14 14:45:00,long,1089.82,1089.0875659144745,1089.1675659144744,1095.6919067697304,131.65394860177926,-96.42783944996316,-1.122617750627613,stop_loss,1
2016-01-14 15:00:00,2016-01-14 15:45:00,long,1085.53,1088.1744190050974,1084.7536155078885,1092.517460429002,110.26268674000261,207.23848504829817,2.4208338661181603,chandelier_stop,3
2016-01-15 14:15:00,2016-01-15 14:30:00,short,1082.8700000000001,1083.5347138271084,1083.4547138271084,1077.6075755560255,147.47035472901837,-98.02558387693612,-1.136819066509107,stop_loss,1
2016-01-15 14:45:00,2016-01-15 15:00:00,short,1083.98,1084.6443450856189,1084.564345085619,1078.7208942294299,147.0601547987318,-97.69869113088241,-1.136905403962105,stop_loss,1
2016-01-15 15:15:00,2016-01-15 15:30:00,short,1087.88,1088.6817567319877,1088.6017567319877,1081.3841894121106,118.65602200586093,-95.13326443406217,-1.1108406703455573,stop_loss,1
2016-01-21 15:45:00,2016-01-21 16:30:00,long,1095.86,1096.0479115144683,1094.9076975569487,1104.4307219874597,89.63054069967733,70.19707896548373,0.82240951415948,chandelier_stop,3
2016-01-22 14:30:00,2016-01-22 15:15:00,long,1096.8999999999999,1096.82,1096.35078861539,1101.8429024614888,155.7978885998128,54.04761782891853,0.6316484839510123,chandelier_stop,3
2016-01-22 15:30:00,2016-01-22 15:45:00,long,1095.6499999999999,1094.9591736163097,1095.0391736163097,1101.1474374532118,140.34776371768731,-96.95593806808773,-1.1309701121890317,stop_loss,1
2016-01-22 16:00:00,2016-01-22 16:15:00,long,1095.01,1094.2762007201854,1094.3562007201854,1100.8941935183307,130.67810227735907,-95.89149733865791,-1.1223617132502968,stop_loss,1
2016-01-29 13:45:00,2016-01-29 16:45:00,long,1111.93,1112.799049490916,1111.2931948352577,1117.661246482681,133.71369985498958,118.62124989571483,1.393092688520751,chandelier_stop,12
2016-02-01 15:45:00,2016-02-01 18:45:00,long,1121.62,1126.1200000000001,1121.06029489928,1126.657345906479,152.76873179140412,404.0395070465074,4.725307706037618,time_stop,12
2016-02-02 13:30:00,2016-02-02 16:30:00,long,1123.85,1128.8100000000002,1123.358043898981,1128.277604909172,176.27092489689005,497.78328832335944,5.740282659194568,time_stop,12
2016-02-03 14:15:00,2016-02-03 15:30:00,long,1127.31,1128.44833789636,1126.758129886986,1132.2768310171273,159.83997813995444,153.13813288173935,1.7360453308625197,chandelier_stop,5
2016-02-04 13:45:00,2016-02-04 16:45:00,long,1145.34,1154.41,1144.705578909764,1151.049789812124,139.76572116467233,696.8461433518654,7.858843116048994,time_stop,12
2016-02-08 13:45:00,2016-02-08 16:45:00,long,1172.12,1191.41,1171.2111359878638,1180.2997761092247,99.86186978143073,1028.7418320190957,11.334641785288259,time_stop,12
2016-02-09 13:30:00,2016-02-09 16:30:00,long,1187.6699999999998,1192.3130758847292,1186.6819527857963,1196.5624249278312,94.98238927849742,288.515974678286,3.074320041948473,chandelier_stop,12
2016-02-12 14:00:00,2016-02-12 15:30:00,long,1237.28,1237.2,1235.9385313077348,1249.353218230386,70.6036850469647,66.44523525874081,0.7015456451762699,chandelier_stop,6
2016-02-18 13:15:00,2016-02-18 14:00:00,long,1202.1,1204.5134591073065,1201.3613984073295,1208.7474143340346,128.5022530369501,223.0388866909234,2.3499553282585994,chandelier_stop,3
2016-02-22 13:45:00,2016-02-22 14:30:00,long,1202.8,1210.3918743396102,1201.7659836001612,1212.1061475985478,92.43672095511221,420.25888096571674,4.396883328343086,chandelier_stop,3
2016-02-23 14:15:00,2016-02-23 15:45:00,long,1215.95,1218.7803065592404,1215.0036622583311,1224.4670396750205,102.33329792703107,214.89036627096445,2.2189821808951833,chandelier_stop,6
2016-02-24 15:15:00,2016-02-24 15:30:00,long,1234.1299999999999,1243.9307212717342,1233.0354754142516,1243.9807212717342,89.06746767132647,872.9254250258805,8.954318065896663,take_profit,1
2016-02-25 13:30:00,2016-02-25 13:45:00,long,1233.8899999999999,1232.6712054742227,1232.7512054742226,1244.1391507319959,87.90462824131038,-107.13767969098757,-1.0702497230089205,stop_loss,1
2016-02-26 15:45:00,2016-02-26 16:00:00,long,1229.52,1228.2618821690362,1228.3418821690361,1240.123060478674,84.69772188320054,-106.55971414326605,-1.0679049224935986,stop_loss,1
2016-02-29 13:45:00,2016-02-29 14:00:00,long,1232.49,1231.404335096174,1231.484335096174,1241.5409841344347,98.90393596492498,-107.37653212737317,-1.079549360523138,stop_loss,1
2016-02-29 15:15:00,2016-02-29 15:30:00,long,1227.35,1226.093124198653,1226.1731241986529,1237.941882212124,84.24175902022,-105.88142837541571,-1.067976586746334,stop_loss,1
2016-03-03 15:30:00,2016-03-03 18:30:00,long,1240.57,1257.0500000000002,1239.7775754715528,1247.7018207560236,124.71148963844226,1098.6232199063297,11.116917864214694,time_stop,12
2016-03-04 13:45:00,2016-03-04 14:00:00,long,1268.73,1267.6134492038188,1267.6934492038188,1278.0589571656303,98.51935226389116,-110.0018612095011,-1.077179044475828,stop_loss,1
2016-03-04 14:15:00,2016-03-04 14:30:00,long,1265.58,1264.4325658951295,1264.5125658951295,1275.1869069438342,95.359804394783,-109.41909179634418,-1.0749460782964537,stop_loss,1
2016-03-07 15:45:00,2016-03-07 16:00:00,long,1268.37,1267.0752862530524,1267.1552862530523,1279.3024237225293,83.52753924481232,-108.14425330895835,-1.0658591377606081,stop_loss,1
2016-03-08 15:45:00,2016-03-08 16:30:00,long,1271.8799999999999,1270.702201748011,1270.782201748011,1281.760184267901,92.12769033491965,-57.24806625400189,-0.5660412784121148,stop_loss,3
2016-03-09 13:30:00,2016-03-09 13:45:00,long,1253.9099999999999,1253.0664921982889,1253.1464921982888,1260.7815702153987,132.2394780831594,-111.5450314573337,-1.1047795449118443,stop_loss,1
2016-03-09 14:00:00,2016-03-09 15:15:00,long,1251.8,1255.06711505758,1250.9774601097492,1259.202859012257,122.3420764257965,272.2676967097574,2.7055981999848404,chandelier_stop,5
2016-03-14 14:00:00,2016-03-14 14:45:00,long,1254.1,1255.7313587698443,1253.251524969319,1261.736275276129,119.56514633675867,170.62372726851873,1.6818829150313277,chandelier_stop,3
2016-03-18 14:30:00,2016-03-18 15:15:00,long,1249.0,1256.6940265673634,1248.1344962595692,1256.789533663877,117.80412680539911,526.7188718139504,5.165940804345303,chandelier_stop,3
2016-03-21 14:15:00,2016-03-21 14:30:00,long,1244.47,1243.5301534044575,1243.6101534044574,1252.2086193598832,120.41690871422375,-113.17342170082439,-1.0930398520092288,stop_loss,1
2016-03-21 14:45:00,2016-03-21 15:00:00,long,1243.09,1242.1087292109862,1242.1887292109861,1251.2014371011237,114.50559587260183,-112.36099640839258,-1.0887635558315027,stop_loss,1
2016-03-24 14:15:00,2016-03-24 14:30:00,short,1221.77,1222.705907806222,1222.6259078062221,1214.0668297440009,120.18054398100632,-112.47790926783935,-1.0934680107113819,stop_loss,1
2016-03-28 15:30:00,2016-03-28 16:15:00,short,1219.74,1218.7563521886207,1220.4332002258084,1213.501197967725,147.90247926131931,145.93893704613106,1.4234329971478468,chandelier_stop,3
2016-03-31 14:15:00,2016-03-31 15:15:00,short,1236.26,1231.0719574853304,1236.9950949279128,1229.6441456487846,140.06877876991803,437.0625567733771,4.244815648679997,chandelier_stop,4
2016-04-01 15:30:00,2016-04-01 15:45:00,short,1232.5800000000002,1225.7132763968898,1233.3485248447903,1225.6632763968898,135.6820631237984,931.6912253708961,8.934940294591884,take_profit,1
2016-04-04 14:30:00,2016-04-04 14:45:00,short,1217.78,1218.5406487550083,1218.4606487550084,1211.6541612049234,157.30596639056955,-119.6545874903694,-1.1175349244544484,stop_loss,1
2016-04-04 15:00:00,2016-04-04 15:15:00,short,1219.3300000000002,1220.102421630594,1220.0224216305942,1213.0982053246537,154.11295907251917,-119.04018314245448,-1.1155365408375464,stop_loss,1
2016-04-04 15:30:00,2016-04-04 15:45:00,short,1219.8700000000001,1220.6350982427061,1220.5550982427062,1213.7041158156453,155.23908723973057,-118.77315284640395,-1.1167715737876263,stop_loss,1
2016-04-04 16:00:00,2016-04-04 16:45:00,short,1221.97,1219.1797830450741,1222.689395933762,1215.495436596143,147.34265434947187,281.3736996226298,2.6545263020855496,chandelier_stop,3
2016-04-11 14:30:00,2016-04-11 14:45:00,long,1247.73,1246.7751288606755,1246.8551288606754,1255.6038402539211,122.1229306867422,-116.61166196249594,-1.0914420380373846,stop_loss,1
2016-04-12 13:30:00,2016-04-12 13:45:00,long,1257.02,1256.1774040383148,1256.2574040383147,1263.8833636551683,139.644055138106,-117.66351693271628,-1.104904830368013,stop_loss,1
2016-04-13 13:15:00,2016-04-13 13:45:00,long,1242.93,1242.0126353003332,1242.092635300333,1250.466282297003,126.75361406217816,-62.259138004939466,-0.5865811515923318,stop_loss,2
2016-04-13 14:00:00,2016-04-13 14:30:00,long,1241.1,1240.0571373013233,1240.1371373013233,1249.7657642880888,110.03876741978414,-60.9539229163596,-0.5752963014348544,stop_loss,2
2016-04-14 15:15:00,2016-04-14 15:30:00,long,1237.44,1236.3211680812722,1236.401168081272,1246.789487268552,101.81566515363626,-113.91461600039945,-1.0770095706126224,stop_loss,1
2016-04-18 15:30:00,2016-04-18 16:15:00,short,1240.13,1238.0007660155259,1240.9053058570446,1233.1522472866002,135.98197147898676,220.4398823925472,2.0909120836520265,chandelier_stop,3
2016-04-19 13:15:00,2016-04-19 14:45:00,short,1243.07,1244.040067961946,1243.9600679619462,1235.0593883424845,119.19195288786622,-61.685885878008634,-0.5814544541535975,stop_loss,6
2016-04-19 15:00:00,2016-04-19 15:15:00,short,1243.27,1244.1116710358697,1244.0316710358697,1236.4149606771728,139.04149684348258,-117.02720067712686,-1.1050322202531617,stop_loss,1
2016-04-20 13:30:00,2016-04-20 13:45:00,long,1248.06,1247.2048897910108,1247.2848897910108,1255.0359918809022,136.17779523930776,-116.44702294676169,-1.1032111292976698,stop_loss,1
2016-04-25 15:15:00,2016-04-25 15:30:00,short,1234.91,1235.692459545582,1235.6124595455822,1228.5878640897608,149.76443685680252,-117.18461320732,-1.1138855618135788,stop_loss,1
2016-04-25 15:45:00,2016-04-25 16:30:00,short,1236.1200000000001,1236.910130934711,1236.8301309347112,1229.7288215876,147.65150945272813,-63.13068664489543,-0.6020938484104105,stop_loss,3
2016-04-28 14:15:00,2016-04-28 15:00:00,long,1255.1399999999999,1254.1570338896854,1254.2370338896853,1263.2666949928305,115.9096794039946,-113.93528671154117,-1.0885969020166884,stop_loss,3
2016-05-03 14:15:00,2016-05-03 15:00:00,long,1293.1599999999999,1295.444867261202,1292.1339980110408,1302.3940179006308,101.67690474454015,191.85772269129657,1.8391144877163978,chandelier_stop,3
2016-05-09 13:30:00,2016-05-09 13:45:00,long,1274.43,1273.4931097861765,1273.5731097861765,1282.1420119244126,122.41507485434366,-114.68948565550788,-1.0933608514945614,stop_loss,1
2016-05-11 14:00:00,2016-05-11 14:15:00,short,1273.8,1274.522725711623,1274.442725711623,1268.0154685953921,162.67003065143612,-117.56581366230583,-1.124469892137806,stop_loss,1
2016-05-20 15:00:00,2016-05-20 15:45:00,short,1257.07,1257.1499999999999,1257.6644608420115,1251.719852421896,175.28406651078475,66.75617100372126,0.6406572217944777,chandelier_stop,3
2016-05-25 15:30:00,2016-05-25 18:00:00,short,1224.72,1222.8417102863386,1225.3504201209867,1219.0462189111197,165.6035059903196,229.68542998585576,2.200056599399224,chandelier_stop,10
2016-05-30 13:15:00,2016-05-30 13:30:00,short,1208.28,1209.1613660375983,1209.0813660375984,1201.0677056616132,131.1371254104054,-115.57980860500749,-1.0998295363747572,stop_loss,1
2016-05-30 13:45:00,2016-05-30 14:00:00,short,1208.65,1209.5115860222152,1209.4315860222152,1201.6157258000646,134.01224710942523,-115.46307891511385,-1.1023559758312889,stop_loss,1
2016-05-30 14:15:00,2016-05-30 15:30:00,short,1209.93,1206.325623645044,1210.6839185599713,1203.14473296026,138.4708050079158,324.38546001815087,3.107268108037893,chandelier_stop,5
2016-06-01 14:30:00,2016-06-01 14:45:00,short,1217.49,1218.1395161440669,1218.059516144067,1212.3643547033976,185.01471360800298,-120.1700433783055,-1.1404701180701289,stop_loss,1
2016-06-01 15:00:00,2016-06-01 15:15:00,short,1218.43,1219.088485858915,1219.008485858915,1213.2236272697662,181.5227711123325,-119.5301778485172,-1.13829205808069,stop_loss,1
2016-06-03 15:30:00,2016-06-03 15:45:00,short,1213.26,1213.8450794378318,1213.765079437832,1208.7142850595126,207.19466639785415,-121.2253389378115,-1.158390926273564,stop_loss,1
2016-06-07 14:45:00,2016-06-07 15:00:00,long,1238.1299999999999,1237.4251679256529,1237.5051679256528,1243.753488669124,166.9025869361152,-117.63829656406187,-1.1280344004163436,stop_loss,1
2016-06-10 14:30:00,2016-06-10 17:30:00,long,1267.54,1275.49,1266.8431219411366,1273.8119025297694,149.14112074214242,667.0573079710888,6.4181365552570036,time_stop,12
2016-06-15 14:00:00,2016-06-15 14:45:00,long,1280.8799999999999,1283.3932441511613,1280.2999170154117,1286.1007468612934,182.61929664874683,304.3687171621772,2.873182558879955,chandelier_stop,3
2016-06-15 15:00:00,2016-06-15 16:00:00,long,1278.93,1282.0125938723793,1278.2578386577775,1284.9794520800033,158.9610203431052,321.16769771599763,3.005852636772921,chandelier_stop,4
2016-06-20 13:30:00,2016-06-20 13:45:00,long,1282.1299999999999,1281.0484954051465,1281.1284954051464,1291.1435413536806,107.6489877750511,-116.4228749100367,-1.0798798132440228,stop_loss,1
2016-06-20 14:00:00,2016-06-20 14:15:00,long,1280.5,1279.4227587932132,1279.5027587932132,1289.4751708610818,107.75897198387666,-116.08240502201264,-1.080221314016587,stop_loss,1
2016-06-21 14:15:00,2016-06-21 14:30:00,long,1272.48,1271.4356287117348,1271.5156287117347,1281.159341594387,111.07074770021467,-115.99909986425338,-1.0829556012019308,stop_loss,1
2016-06-22 14:30:00,2016-06-22 14:45:00,short,1266.29,1267.114320374766,1267.0343203747661,1259.591116627104,143.44017222716946,-118.24065652681465,-1.1074805993656411,stop_loss,1
2016-06-22 15:00:00,2016-06-22 15:15:00,short,1267.6000000000001,1268.4139803231403,1268.3339803231404,1260.9941770917378,144.977620549559,-118.00893042302525,-1.108994747512652,stop_loss,1
2016-06-28 14:00:00,2016-06-28 14:45:00,long,1307.1399999999999,1312.392801735951,1306.178815720164,1315.7906585185233,110.33960522733064,366.58006530131433,3.4564538221743564,chandelier_stop,3
2016-07-06 15:30:00,2016-07-06 16:15:00,long,1368.9199999999998,1368.84,1367.819549319029,1378.8240561287382,97.37504464004373,74.03794773618237,0.6909332911288726,chandelier_stop,3
2016-07-07 13:15:00,2016-07-07 13:30:00,long,1364.77,1363.9939079009125,1364.0739079009124,1371.0348288917876,154.2591104936693,-119.71927686639683,-1.1149273208312438,stop_loss,1
2016-07-07 14:15:00,2016-07-07 15:00:00,long,1361.68,1363.815850701527,1360.9048488535498,1368.6563603180537,138.0626097070183,224.2535383032582,2.0954477304709895,chandelier_stop,3
2016-07-07 16:00:00,2016-07-07 16:15:00,long,1362.08,1361.0370762599296,1361.1170762599295,1370.746313660634,111.83871196627423,-116.63924776851891,-1.083080307059493,stop_loss,1
2016-07-11 15:15:00,2016-07-11 15:30:00,long,1355.87,1354.8913107371432,1354.971310737143,1363.9582033657102,119.44310175320645,-116.89768120816737,-1.0890185332198348,stop_loss,1
2016-07-11 16:00:00,2016-07-11 16:15:00,long,1353.26,1352.1845297702273,1352.2645297702272,1362.219232067954,107.4783924464703,-115.58981142000485,-1.0803640305930484,stop_loss,1
2016-07-12 14:15:00,2016-07-12 14:30:00,long,1348.8,1347.7757930142443,1347.8557930142442,1357.2978628718015,112.94639014418895,-115.68048180156192,-1.084727185041844,stop_loss,1
2016-07-15 13:15:00,2016-07-15 13:30:00,short,1333.78,1334.6893320201784,1334.6093320201785,1326.3160118183926,128.1727059347692,-116.55154561940255,-1.096463175246394,stop_loss,1
2016-07-18 16:00:00,2016-07-18 16:15:00,short,1329.03,1329.9460203863546,1329.8660203863546,1321.5058165228074,126.72905617737462,-116.08639900195288,-1.0956914464116763,stop_loss,1
2016-07-25 13:30:00,2016-07-25 14:15:00,short,1318.63,1317.726082591427,1319.219091232808,1313.3281789047276,179.25884723731963,155.73598663142351,1.474775179985998,chandelier_stop,3
2016-07-27 15:45:00,2016-07-27 16:00:00,short,1322.22,1322.8881808512294,1322.8081808512295,1316.926372338935,180.33062968464114,-120.49347364541872,-1.1360125883607097,stop_loss,1
2016-08-02 14:00:00,2016-08-02 14:30:00,long,1357.27,1356.4759727758026,1356.5559727758025,1363.6962450177764,148.0413340941313,-63.5857681466769,-0.6015367447388569,stop_loss,2
2016-08-05 15:30:00,2016-08-05 15:45:00,long,1355.27,1354.5183284363998,1354.5983284363997,1361.315044072403,157.0928281967237,-118.08221180101074,-1.1191058313844824,stop_loss,1
2016-08-08 15:30:00,2016-08-08 15:45:00,short,1335.5900000000001,1336.3237286566316,1336.2437286566317,1329.7064420903168,160.86267267484118,-118.02955272385685,-1.122374932150204,stop_loss,1
2016-08-11 13:15:00,2016-08-11 13:30:00,long,1344.22,1343.5129897534462,1343.592989753446,1349.8630922189861,167.1526914077217,-118.17866556431525,-1.127589621444959,stop_loss,1
2016-08-11 15:15:00,2016-08-11 18:15:00,long,1343.73,1350.3200000000002,1343.0440191041193,1349.9038280629268,152.2665060823879,576.2504105806855,5.516896599652397,time_stop,12
2016-08-12 13:45:00,2016-08-12 14:00:00,short,1339.0900000000001,1339.8024915388414,1339.7224915388415,1333.3975761504287,167.87681568241885,-119.61081074134009,-1.1264839054550482,stop_loss,1
2016-08-12 15:30:00,2016-08-12 15:45:00,short,1342.64,1343.4970002559382,1343.4170002559383,1335.6469976965568,136.19279047309462,-116.71725629237244,-1.1029600690457022,stop_loss,1
2016-08-23 15:00:00,2016-08-23 15:15:00,short,1341.31,1341.9714573546228,1341.8914573546228,1336.0768838083936,181.39194636906922,-119.98303699517001,-1.137585326531489,stop_loss,1
2016-08-26 13:15:00,2016-08-26 14:00:00,short,1326.53,1325.6163629247653,1326.8703127546883,1323.4671852078045,308.86803602454216,212.20874276386365,2.0188873151782927,chandelier_stop,3
2016-08-29 14:15:00,2016-08-29 15:15:00,short,1320.3500000000001,1320.43,1321.0524819492475,1314.027662456773,150.5353390450229,69.5264717643052,0.6574709320722338,chandelier_stop,4
2016-08-30 15:15:00,2016-08-30 18:15:00,short,1320.95,1317.3899999999999,1321.4977456579143,1316.020289078772,193.44185807283955,418.958164281547,3.9540418297116875,time_stop,12
2016-09-01 14:00:00,2016-09-01 14:15:00,short,1306.48,1307.0167671973466,1306.9367671973466,1302.36909522388,234.72309949995042,-125.99166027108024,-1.1751439255372382,stop_loss,1
2016-09-02 15:00:00,2016-09-02 15:15:00,short,1313.96,1314.5793942802688,1314.499394280269,1309.1054514775806,198.06631482453247,-122.68114251623624,-1.1483145130127232,stop_loss,1
2016-09-07 15:15:00,2016-09-07 17:00:00,long,1347.32,1347.5105074384317,1346.771663815131,1352.2550256638212,194.16517975771208,93.4916714472545,0.8781216180046071,chandelier_stop,7
2016-09-09 13:45:00,2016-09-09 14:00:00,long,1333.79,1333.2280040869298,1333.3080040869297,1338.127963217633,221.47131546636726,-124.46597415437434,-1.1659765110669462,stop_loss,1
2016-09-12 13:15:00,2016-09-12 13:30:00,long,1326.8799999999999,1326.2681813869615,1326.3481813869614,1331.6663675173456,200.02096276183488,-122.37654801555021,-1.1504272284545647,stop_loss,1
2016-09-12 13:45:00,2016-09-12 14:30:00,long,1324.79,1326.341496400783,1324.1838655836557,1330.2452097470994,174.89147372611896,210.80526517663185,1.9885836872940388,chandelier_stop,3
2016-09-15 15:15:00,2016-09-15 15:30:00,short,1323.0800000000002,1323.6710752149722,1323.5910752149723,1318.48032306525,208.65844013177576,-123.33283235662809,-1.1565327326708386,stop_loss,1
2016-09-27 14:30:00,2016-09-27 14:45:00,long,1335.54,1334.938927049483,1335.018927049483,1340.2296565546526,203.9448767079349,-122.58574878565128,-1.1535293665129829,stop_loss,1
2016-09-28 16:00:00,2016-09-28 16:15:00,long,1324.57,1324.0372706635214,1324.1172706635214,1328.6445640283064,233.91990063291928,-124.6159934532909,-1.1767060217970085,stop_loss,1
2016-10-04 14:00:00,2016-10-04 17:00:00,short,1309.04,1285.51,1309.5620698846094,1304.3413710385146,202.13491820402746,2452.21035478202,23.237410873704718,time_stop,12
2016-10-06 13:15:00,2016-10-06 13:30:00,short,1266.05,1266.6674054434598,1266.5874054434598,1261.2133510088606,210.0559007364969,-129.68965654556501,-1.148863397223665,stop_loss,1
2016-10-06 13:45:00,2016-10-06 16:45:00,short,1267.81,1254.4499999999998,1268.349063877269,1262.9584251045787,208.68791299271663,1473.190147604315,13.095475704504478,time_stop,12
2016-10-07 13:15:00,2016-10-07 13:45:00,short,1256.82,1257.5039616066865,1257.4239616066866,1251.3843455398198,193.58132150359506,-72.49248878891626,-0.6200407429831023,stop_loss,2
2016-10-07 14:00:00,2016-10-07 14:45:00,short,1257.43,1254.8940375866252,1258.0535417820302,1251.818123961729,187.1537912239519,320.152301621778,2.743420878133638,chandelier_stop,3
2016-10-19 15:00:00,2016-10-19 15:15:00,short,1270.3300000000002,1270.971898371919,1270.891898371919,1265.27291465273,209.39492135655138,-134.41025910684425,-1.142374500439862,stop_loss,1
2016-10-24 13:45:00,2016-10-24 14:00:00,long,1264.69,1264.208330158775,1264.288330158775,1268.305028571026,291.9199366907086,-140.6090295562503,-1.1991685503594558,stop_loss,1
2016-10-24 14:15:00,2016-10-24 14:30:00,long,1264.21,1263.6923612083315,1263.7723612083314,1268.1487491250173,266.9635547774044,-138.190691914519,-1.182799152001363,stop_loss,1
2016-10-26 13:30:00,2016-10-26 13:45:00,long,1271.96,1271.418582320531,1271.4985823205309,1276.1127591152228,252.3072709102516,-136.60361712940428,-1.1733787055839846,stop_loss,1
2016-10-26 14:30:00,2016-10-26 15:15:00,long,1270.72,1272.592983607738,1270.1936832220085,1275.456851001923,220.41711276604718,287.9153101726345,2.481831174653791,chandelier_stop,3
2016-10-27 14:45:00,2016-10-27 15:00:00,long,1269.1399999999999,1268.6729888282073,1268.7529888282072,1272.6231005461332,301.9886221743105,-141.03206030965507,-1.206712378945965,stop_loss,1
2016-10-27 15:15:00,2016-10-27 15:30:00,long,1268.37,1271.8329795525333,1267.9796689386073,1271.8829795525332,298.336171196207,1033.132060633568,8.871903609666319,take_profit,1
2016-10-28 14:00:00,2016-10-28 14:45:00,long,1265.8,1266.9080074949613,1265.363508008358,1269.7284279247788,273.8865152759806,234.54894586795578,1.961943764399171,chandelier_stop,3
2016-10-31 13:45:00,2016-10-31 14:30:00,long,1272.61,1273.3759411652027,1272.1409018425834,1276.8318834167483,256.3491573631052,181.9551452413823,1.5131037916944314,chandelier_stop,3
2016-11-08 14:00:00,2016-11-08 14:15:00,long,1282.5,1281.9778369974013,1282.0578369974012,1286.4794670233887,273.19966188947467,-142.65475576117007,-1.1809287514552924,stop_loss,1
2016-11-08 14:30:00,2016-11-08 15:00:00,long,1279.79,1279.194716594698,1279.274716594698,1284.4275506477177,233.60119364258225,-77.12149581044602,-0.6406992720005233,stop_loss,2
2016-11-10 13:15:00,2016-11-10 14:00:00,long,1278.6499999999999,1283.591139092915,1277.3516698838375,1290.3349710454615,92.53382676697905,316.4024992999941,2.633626911225262,chandelier_stop,3
2016-11-10 16:00:00,2016-11-10 16:15:00,long,1276.1699999999998,1274.6035099021556,1274.6835099021555,1289.5484108805997,81.45944714251033,-127.60541732461198,-1.0538180510693882,stop_loss,1
2016-11-16 16:00:00,2016-11-16 16:15:00,short,1227.43,1228.470761739278,1228.390761739278,1218.783144346498,125.63556641207107,-130.7566906141998,-1.083267262557773,stop_loss,1
2016-11-18 13:15:00,2016-11-18 13:45:00,short,1208.66,1209.6700519008734,1209.5900519008735,1200.28953289214,129.36221636277799,-130.66255253841348,-1.0860167050083962,stop_loss,2
2016-11-18 14:00:00,2016-11-18 14:45:00,short,1212.21,1208.456086568442,1213.1604861611584,1203.6556245495742,126.16868343000516,323.60013127803313,2.6984310150524413,chandelier_stop,3
2016-11-29 13:15:00,2016-11-29 16:15:00,short,1188.8300000000002,1183.03,1189.567668878962,1182.1909800893434,163.88435436745294,561.8368097806605,4.647412622376529,time_stop,12
2016-12-02 14:15:00,2016-12-02 15:00:00,short,1172.3500000000001,1173.0948194541884,1173.0148194541885,1166.3666249123062,184.3777248435328,-74.65633424862469,-0.6090521637764791,stop_loss,3
2016-12-05 13:30:00,2016-12-05 13:45:00,short,1166.31,1167.3535696746753,1167.2735696746754,1157.6378729279204,126.97984651024463,-132.51231711302592,-1.08302461368647,stop_loss,1
2016-12-07 14:00:00,2016-12-07 14:15:00,short,1173.23,1173.8401142319242,1173.7601142319243,1168.4589719126814,230.05681624164467,-140.36093774019133,-1.150910870114801,stop_loss,1
2016-12-08 14:30:00,2016-12-08 14:45:00,short,1177.63,1178.2784131490669,1178.198413149067,1172.514281658398,213.81509176411953,-138.64051696876996,-1.1407426976861186,stop_loss,1
2016-12-13 14:45:00,2016-12-13 15:15:00,short,1160.13,1160.7491993511399,1160.66919935114,1155.2772058397418,224.62821555833705,-76.84523966633944,-0.6344586187774081,stop_loss,2
2016-12-13 15:30:00,2016-12-13 15:45:00,short,1162.22,1162.970940588358,1162.890940588358,1156.1815347047786,180.17817740554617,-135.30310655018118,-1.119235594608624,stop_loss,1
2016-12-13 16:00:00,2016-12-13 18:15:00,short,1163.14,1159.9040233848302,1163.8093569358803,1157.1157875770796,179.9980497395953,377.09699590184647,3.129878689820831,chandelier_stop,9
2016-12-16 13:15:00,2016-12-16 16:15:00,short,1135.55,1132.82,1136.2090430123342,1129.6186128889922,184.53155825910028,338.48296358655443,2.7832512065547435,time_stop,12
2016-12-19 13:30:00,2016-12-19 13:45:00,short,1139.24,1139.8372482880459,1139.757248288046,1134.5847654075858,237.08088697564105,-141.59615387459934,-1.1546646008286463,stop_loss,1
2016-12-21 14:15:00,2016-12-21 15:30:00,short,1135.55,1135.6299999999999,1136.0879499319435,1130.7084506125075,227.16778495245407,76.88776481931005,0.6291709113799819,chandelier_stop,5
2016-12-21 16:00:00,2016-12-21 16:15:00,short,1135.79,1136.4145872989357,1136.3345872989357,1130.8887143095783,224.8226464125461,-140.42136946238676,-1.1469002309753888,stop_loss,1
2016-12-28 15:00:00,2016-12-28 16:30:00,short,1139.52,1139.548595558452,1139.9491799637253,1135.6573803264716,284.29634175349196,80.33850535777393,0.65843519607747,chandelier_stop,6
2016-12-30 13:30:00,2016-12-30 14:30:00,long,1158.4099999999999,1158.33,1157.8155509835603,1163.7600411479548,205.66155511424867,78.32348078540019,0.6406550466022094,chandelier_stop,4
2016-12-30 15:00:00,2016-12-30 15:15:00,long,1157.9099999999999,1157.2268405214356,1157.3068405214356,1163.3384353070785,203.0810821227689,-138.73676616924854,-1.1326349047690538,stop_loss,1
2016-12-30 15:30:00,2016-12-30 15:45:00,long,1157.0,1156.317275755728,1156.3972757557278,1162.4245181984504,202.53718090989898,-138.27704377371126,-1.1327306819995817,stop_loss,1
2017-01-04 14:15:00,2017-01-04 15:30:00,long,1164.61,1164.53,1163.8937874632527,1171.0559128307239,169.8647146308659,80.20322217621344,0.6592448167758292,chandelier_stop,5
2017-01-09 15:00:00,2017-01-09 16:45:00,long,1178.4099999999999,1178.33,1177.7835904003643,1184.0476863967185,194.60086165197978,78.77582986973898,0.6462340295586742,chandelier_stop,7
2017-01-10 15:00:00,2017-01-10 15:15:00,long,1182.12,1181.34766443398,1181.42766443398,1188.351020094179,176.4118172173197,-136.24912070312354,-1.115550903241664,stop_loss,1
2017-01-12 15:30:00,2017-01-12 15:45:00,long,1201.44,1200.4649407617317,1200.5449407617316,1209.4955331444153,135.99929787790333,-132.6073717938638,-1.0893795590051578,stop_loss,1
2017-01-13 16:00:00,2017-01-13 16:15:00,long,1196.4199999999998,1195.5142185853933,1195.5942185853933,1203.852032731459,146.92702415210408,-133.08376778041747,-1.0968779371694153,stop_loss,1
2017-01-27 13:30:00,2017-01-27 13:45:00,short,1185.17,1185.8093588820464,1185.7293588820464,1180.1357700615827,216.19457279825076,-138.22592036876293,-1.1430208808113602,stop_loss,1
2017-01-30 15:15:00,2017-01-30 15:30:00,short,1191.43,1192.040422416643,1191.960422416643,1186.6561982502126,227.20698259050062,-138.6922353910358,-1.150823188254833,stop_loss,1
2017-01-30 15:45:00,2017-01-30 16:00:00,short,1192.5800000000002,1193.2112825939423,1193.1312825939424,1187.61845665452,217.85487406523131,-137.52799000284182,-1.1451161362230677,stop_loss,1
2017-02-01 15:30:00,2017-02-01 15:45:00,long,1206.1499999999999,1205.4543248269624,1205.5343248269623,1211.6910765573384,194.3996141945089,-135.23898524317724,-1.1299386486631198,stop_loss,1
2017-02-01 16:00:00,2017-02-01 16:15:00,long,1205.76,1205.0430657946767,1205.1230657946767,1211.4924078479094,187.27412997289534,-134.2632295497191,-1.1256016702059806,stop_loss,1
2017-02-02 14:45:00,2017-02-02 16:15:00,long,1219.58,1219.9774450617867,1218.8173296170007,1226.4440334469932,155.87141196667665,116.23725827822227,0.9777819288199759,chandelier_stop,6
2017-02-07 13:30:00,2017-02-07 14:15:00,long,1228.82,1230.6042914071465,1228.240681573768,1234.0338658360886,205.80602280089622,267.88422436987656,2.246837774025904,chandelier_stop,3
2017-02-09 13:15:00,2017-02-09 13:30:00,long,1241.2,1240.6278064937226,1240.7078064937225,1245.629741556498,243.86927576308096,-139.540415972225,-1.1625376990545173,stop_loss,1
2017-02-09 13:45:00,2017-02-09 14:30:00,long,1236.81,1240.0430824932362,1236.1931086604036,1242.362022056368,193.89517243270973,398.3013539442528,3.329937736943312,chandelier_stop,3
2017-02-13 15:30:00,2017-02-13 15:45:00,long,1226.24,1225.593960935535,1225.673960935535,1231.3343515801862,213.42547592415454,-137.88119479902917,-1.1413330015933372,stop_loss,1
2017-02-13 16:00:00,2017-02-13 16:30:00,long,1225.3899999999999,1224.7322418270683,1224.8122418270682,1230.589823556385,208.38045878227956,-137.06394984328244,-1.1384662368235978,stop_loss,2
2017-02-15 15:15:00,2017-02-15 15:30:00,long,1225.4199999999998,1224.8788028900412,1224.9588028900412,1229.5707739896275,260.15410482935636,-140.794649677515,-1.1734616246990262,stop_loss,1
2017-02-15 15:45:00,2017-02-15 16:30:00,long,1218.1299999999999,1222.2830488760503,1217.4053198388622,1224.65212145024,164.98304183524166,428.1366951913534,3.580937768193415,chandelier_stop,3
2017-02-16 13:30:00,2017-02-16 15:30:00,long,1235.8799999999999,1235.8,1235.298350396457,1241.1148464318853,207.76141974763348,77.12876828721127,0.6382488707909114,chandelier_stop,8
2017-03-01 14:00:00,2017-03-01 14:15:00,long,1243.6599999999999,1242.9435617595682,1243.023561759568,1249.3879441638862,190.23956456553233,-136.2948988978173,-1.1256995493320094,stop_loss,1
2017-03-01 14:45:00,2017-03-01 15:15:00,long,1241.19,1240.4390653009373,1240.5190653009372,1247.2284122915664,179.8488723335365,-73.37246776211708,-0.6080582061133526,stop_loss,2
2017-03-02 13:30:00,2017-03-02 13:45:00,long,1242.6299999999999,1242.100281275952,1242.180281275952,1246.67746851643,267.8268108307191,-141.87287649904678,-1.1778889686421123,stop_loss,1
2017-03-02 14:00:00,2017-03-02 14:15:00,long,1241.01,1240.4517731409996,1240.5317731409996,1245.3140417310035,250.97108358568255,-140.09879968994792,-1.1672846233838525,stop_loss,1
2017-03-02 14:30:00,2017-03-02 15:15:00,long,1239.1499999999999,1242.88527009789,1238.6360186776985,1243.775831900712,232.69486927760968,518.4723342936562,4.335023363679401,chandelier_stop,3
2017-03-03 15:00:00,2017-03-03 15:15:00,short,1228.21,1228.903676131495,1228.8236761314952,1222.6869148165429,197.42699347250436,-136.9503930847087,-1.1303619220206884,stop_loss,1
2017-03-03 15:30:00,2017-03-03 18:30:00,short,1230.41,1224.1699999999998,1231.0747768684832,1224.4270081836517,181.63294806447905,652.7130110803398,5.405697492998056,time_stop,12
2017-03-08 13:45:00,2017-03-08 16:45:00,short,1214.16,1209.74,1214.588234014242,1210.3058938718227,286.53380483590973,718.104004662162,5.8523504143353575,time_stop,12
2017-03-09 14:30:00,2017-03-09 14:45:00,short,1206.14,1206.7820653859067,1206.7020653859067,1201.0814115268404,222.14111846345986,-142.62912295195673,-1.1423321948048515,stop_loss,1
2017-03-09 15:00:00,2017-03-09 15:45:00,short,1207.72,1206.92604375576,1208.2958625011133,1202.5372374899798,216.07579216476452,173.6979269845764,1.395949547680022,chandelier_stop,3
2017-03-14 13:30:00,2017-03-14 14:00:00,short,1204.91,1205.3911394004267,1205.3111394004268,1201.2997453961607,311.49031921093,-85.05856808626889,-0.6807351756591707,stop_loss,2
2017-03-16 14:00:00,2017-03-16 14:15:00,short,1227.0900000000001,1227.779488550989,1227.6994885509891,1221.6046030410987,204.59098695192037,-141.06314313887393,-1.1312575927310096,stop_loss,1
2017-03-20 14:00:00,2017-03-20 14:15:00,long,1231.18,1230.727790115737,1230.807790115737,1234.5298889583676,333.87795436796176,-150.9829111027312,-1.2149324974491176,stop_loss,1
2017-03-20 16:00:00,2017-03-20 19:00:00,long,1231.3999999999999,1232.98,1230.9340256499345,1235.5937691505885,265.72219265424667,296.14227189553304,2.391721266187213,time_stop,12
2017-03-22 13:30:00,2017-03-22 15:45:00,long,1244.86,1246.1913998304658,1244.392463293491,1249.067830358581,266.7344640528114,264.42786313512113,2.120373505038639,chandelier_stop,9
2017-03-24 15:45:00,2017-03-24 18:45:00,long,1244.36,1248.0800000000002,1243.8588024618127,1248.8707778436835,250.40313820981734,553.6158359338791,4.411231071958847,time_stop,12
2017-03-30 15:45:00,2017-03-30 16:00:00,long,1246.95,1246.358315860986,1246.438315860986,1251.5551572511272,248.5171500096314,-147.04365593365637,-1.1563464526261786,stop_loss,1
2017-03-31 15:45:00,2017-03-31 16:15:00,long,1240.5,1244.371525484641,1240.064274946151,1244.421525484641,290.8282455776138,872.5066584769525,6.885248737574439,take_profit,2
2017-04-06 13:15:00,2017-04-06 13:30:00,long,1253.35,1252.839840185176,1252.9198401851759,1257.2214383334158,300.6758615828435,-153.39274186713942,-1.1859773908277609,stop_loss,1
2017-04-06 14:00:00,2017-04-06 15:00:00,long,1251.29,1252.429426968871,1250.8201417226062,1255.5187244965432,274.29227261846165,246.06957060794275,1.909314437231956,chandelier_stop,4
2017-04-07 14:15:00,2017-04-07 14:30:00,long,1263.6499999999999,1263.00908360759,1263.0890836075898,1268.6982475316909,231.0802557754544,-148.10312388877574,-1.1426237512086228,stop_loss,1
2017-04-10 14:15:00,2017-04-10 14:30:00,long,1251.47,1250.9750055991146,1251.0550055991146,1255.2049496079692,311.262980366671,-154.0734324844009,-1.192773685209327,stop_loss,1
2017-04-10 15:30:00,2017-04-10 16:15:00,long,1248.1399999999999,1250.5693424286435,1247.5597220167042,1253.3625018496602,221.8077843081875,360.4109664221843,2.8001746551973734,chandelier_stop,3
2017-04-18 14:15:00,2017-04-18 14:30:00,long,1284.85,1284.2854937033542,1284.365493703354,1289.2105566698126,267.88383877658146,-151.22211375901026,-1.165116533167392,stop_loss,1
2017-04-20 13:15:00,2017-04-20 14:15:00,long,1277.71,1278.5239466749974,1277.106406438795,1283.1423420508468,214.27952289185205,178.85236975335394,1.3828320281218454,chandelier_stop,4
2017-04-21 15:30:00,2017-04-21 15:45:00,long,1282.51,1281.905556697974,1281.9855566979738,1287.2299897182356,247.64220826755596,-149.6856740862727,-1.1525427051710866,stop_loss,1
2017-04-21 16:00:00,2017-04-21 17:15:00,long,1282.3899999999999,1282.31,1281.85318409162,1287.2213431754174,241.0979972505829,81.39756048069695,0.6289156599398869,chandelier_stop,5
2017-04-24 15:15:00,2017-04-24 16:15:00,long,1267.58,1268.9099866225056,1267.012433311648,1272.688100195168,228.46554553897394,243.46849580972923,1.8776090094562186,chandelier_stop,4
2017-04-25 13:15:00,2017-04-25 13:30:00,short,1271.01,1271.5361458866203,1271.4561458866203,1266.994687020416,292.2807146319499,-153.78229574203345,-1.1793135438408848,stop_loss,1
2017-04-26 14:15:00,2017-04-26 16:00:00,short,1265.49,1264.7670747298391,1265.944739590311,1261.3973436872016,285.74264139926055,193.59559084325218,1.4899017860978023,chandelier_stop,7
2017-04-28 15:15:00,2017-04-28 18:00:00,short,1268.1100000000001,1267.6623088610759,1268.5020099269757,1264.5819106572194,332.9489114313662,164.09487473797498,1.2572462603084724,chandelier_stop,11
2017-05-01 15:45:00,2017-05-01 16:45:00,short,1264.71,1264.79,1265.106377991283,1261.142598078454,330.5217897113881,76.77475597954155,0.586015113277175,chandelier_stop,4
2017-05-03 15:15:00,2017-05-03 15:30:00,short,1254.3400000000001,1251.1939400438293,1254.695117772908,1251.1439400438294,369.5728498022657,1162.6983436508344,8.859201640093547,take_profit,1
2017-05-08 13:15:00,2017-05-08 14:15:00,short,1234.91,1232.4961152725248,1235.5257609094074,1229.3681518153337,218.8024285425844,359.6593463680967,2.6694826200892714,chandelier_stop,4
2017-05-09 14:15:00,2017-05-09 17:15:00,short,1225.54,1217.6399999999999,1226.0290927349704,1221.1381653852666,277.6752765040017,1191.7321805924844,8.77506297755045,time_stop,12
2017-05-10 13:45:00,2017-05-10 14:15:00,short,1224.29,1224.8595115321127,1224.7795115321128,1219.8843962109843,284.74131418146493,-90.33582375853204,-0.6481068274061077,stop_loss,2
2017-05-11 13:45:00,2017-05-11 14:30:00,short,1223.22,1222.760585791408,1223.6049948867021,1219.755046019681,361.33765484828444,178.3032471142576,1.2817138262526226,chandelier_stop,3
2017-05-24 14:15:00,2017-05-24 15:15:00,long,1251.73,1251.65,1251.2505510489684,1256.045040559284,291.2678376506708,85.80363497586593,0.614427693792875,chandelier_stop,4
2017-05-25 15:30:00,2017-05-25 15:45:00,long,1256.62,1256.0778961817891,1256.157896181789,1260.7789343638976,302.75765882538565,-164.12608284179285,-1.1731212702584233,stop_loss,1
2017-05-25 16:00:00,2017-05-25 16:45:00,long,1254.9099999999999,1255.889377105057,1254.3749461975628,1259.725484221932,260.5590152845843,225.6386105763221,1.6184893937994922,chandelier_stop,3
2017-06-01 14:15:00,2017-06-01 15:15:00,long,1265.49,1265.41,1265.0521625737208,1269.430536836512,319.95896035999067,84.2701733658602,0.6015430703301928,chandelier_stop,4
2017-06-02 15:00:00,2017-06-02 15:15:00,long,1262.46,1261.9791495442769,1262.0591495442768,1266.067654101509,350.1126573147415,-168.35183082423902,-1.199575674313724,stop_loss,1
2017-06-07 13:15:00,2017-06-07 13:30:00,long,1291.28,1290.784890135891,1290.8648901358908,1295.0159887769814,336.8692841031863,-166.78730547484284,-1.1927200650160805,stop_loss,1
2017-06-07 13:45:00,2017-06-07 14:30:00,long,1288.71,1290.4503356160737,1288.1937828212529,1293.355954608724,269.9201161192433,332.630843508201,2.3872330151585213,chandelier_stop,3
2017-06-08 14:45:00,2017-06-08 15:00:00,long,1282.6499999999999,1281.9970729217998,1282.0770729217998,1287.8063437038004,244.94442434381992,-159.93084730820027,-1.139633826090491,stop_loss,1
2017-06-13 14:45:00,2017-06-13 15:00:00,short,1263.7,1264.169302411574,1264.0893024115742,1260.1962782958328,359.2464281258505,-168.59521506882984,-1.2054957730070284,stop_loss,1
2017-06-19 15:15:00,2017-06-19 15:30:00,short,1252.43,1248.6919452545835,1252.850894971713,1248.6419452545836,331.07954368398737,1237.5934593782742,8.881205518336811,take_profit,1
2017-06-22 15:15:00,2017-06-22 15:30:00,short,1252.0800000000002,1252.6026999118144,1252.5226999118145,1248.095700793671,323.15907849496426,-168.91522183128987,-1.180709319936531,stop_loss,1
2017-06-23 14:15:00,2017-06-23 15:15:00,short,1257.6100000000001,1255.5175295062552,1258.0604066882995,1253.5563398053048,316.50451378614275,430.14237768731664,3.0173625268053024,chandelier_stop,4
2017-06-28 14:30:00,2017-06-28 15:15:00,short,1253.42,1253.9805588086158,1253.9005588086159,1249.0949707224584,299.33105884297356,-93.62459027573803,-0.6508660307544114,stop_loss,3
2017-07-10 14:30:00,2017-07-10 14:45:00,short,1211.3600000000001,1211.9867390712675,1211.9067390712676,1206.4393483585932,262.5846784932475,-164.57207752789782,-1.1463220834290715,stop_loss,1
2017-07-11 15:15:00,2017-07-11 15:45:00,short,1211.57,1212.0774290526178,1211.997429052618,1207.7231385264386,334.72592969422004,-95.80342341074561,-0.6696187930040677,stop_loss,2
2017-07-14 14:15:00,2017-07-14 14:30:00,short,1221.28,1221.7409324387208,1221.660932438721,1217.851608051511,374.82808559193893,-172.77042359296905,-1.2100109937303904,stop_loss,1
2017-07-20 13:15:00,2017-07-20 13:45:00,long,1237.2,1236.7351382135691,1236.815138213569,1240.663756077879,369.6544330736715,-97.93287913524794,-0.6883793157857127,stop_loss,2
2017-07-20 14:30:00,2017-07-20 15:15:00,long,1235.46,1237.2017892491174,1235.055007563312,1239.1049319301926,350.5548597364126,403.0115215920514,2.838667708158804,chandelier_stop,3
2017-07-26 15:15:00,2017-07-26 16:15:00,long,1246.1599999999999,1246.08,1245.683166783341,1250.4514989499303,300.27501524640707,87.86795006067584,0.613683993209635,chandelier_stop,4
2017-07-27 13:15:00,2017-07-27 14:45:00,long,1261.6599999999999,1261.58,1261.1664942343127,1266.101551891185,290.6646998393011,88.69032344977366,0.6182892794384313,chandelier_stop,6
2017-07-27 15:00:00,2017-07-27 17:00:00,long,1261.51,1261.5033360524014,1261.0014060178871,1266.0873458390151,282.564838116529,99.77746257696506,0.6942935331606686,chandelier_stop,8
2017-08-03 14:00:00,2017-08-03 14:30:00,long,1262.07,1266.152123263373,1261.6108751929585,1266.2021232633729,313.6622251768022,992.3876490145856,6.891097149983425,take_profit,2
2017-08-04 15:00:00,2017-08-04 15:30:00,long,1267.8799999999999,1267.44026497395,1267.52026497395,1271.117615234449,408.5987210406332,-103.11704305418831,-0.7015372280981673,stop_loss,2
2017-08-07 14:00:00,2017-08-07 14:45:00,long,1256.1,1256.1796812442878,1255.7527095896255,1259.225613693369,422.3494690517056,116.27636920419445,0.792732599866474,chandelier_stop,3
2017-08-08 13:30:00,2017-08-08 13:45:00,short,1262.53,1262.9523041082296,1262.8723041082296,1259.4492630259338,429.5208441884874,-181.38841707103649,-1.233710312194835,stop_loss,1
2017-08-09 13:15:00,2017-08-09 13:45:00,long,1267.23,1266.6567529811955,1266.7367529811954,1271.6692231692411,296.9761168344864,-170.24067363151295,-1.162190539324111,stop_loss,2
2017-08-11 13:15:00,2017-08-11 14:45:00,long,1287.0,1286.92,1286.5119726845246,1291.3922458392788,299.10592631826046,90.03701148724159,0.6168107338692226,chandelier_stop,6
2017-08-14 14:15:00,2017-08-14 15:00:00,long,1279.31,1284.0821335527291,1278.7505108836813,1284.345402046867,261.38484026389267,726.8285421662082,4.970040582558553,chandelier_stop,3
2017-08-15 15:15:00,2017-08-15 15:30:00,long,1273.05,1272.4608007255351,1272.540800725535,1277.6327934701847,291.48207070957875,-171.74102458158652,-1.1571094147453331,stop_loss,1
2017-08-17 13:15:00,2017-08-17 13:30:00,long,1285.11,1284.5092129653103,1284.5892129653103,1289.797083312206,284.007139193162,-170.62780698652898,-1.1536136552393277,stop_loss,1
2017-08-24 14:30:00,2017-08-24 17:30:00,long,1285.94,1286.3469866673356,1285.5091962145714,1289.8172340688577,342.1403372383754,171.61628369850658,1.164326288916401,chandelier_stop,12
2017-08-25 14:30:00,2017-08-25 15:00:00,long,1287.27,1286.8265626854363,1286.9065626854363,1290.5409358310728,406.9758259654372,-103.46084802308366,-0.6994841946456816,stop_loss,2
2017-08-25 15:15:00,2017-08-25 16:30:00,long,1285.6399999999999,1290.4109525239942,1285.2319035057956,1289.3128684478377,361.6787226387493,964.4339033111016,6.534113060318224,chandelier_stop,5
2017-08-30 15:00:00,2017-08-30 15:15:00,long,1309.76,1309.0792713251867,1309.1592713251866,1315.1665580733209,250.51762427331244,-170.5345303889434,-1.1331716020128109,stop_loss,1
2017-08-31 15:15:00,2017-08-31 15:30:00,long,1305.57,1310.462359452121,1305.0208489497643,1310.512359452121,273.1152326697183,1336.1778900699571,8.908950369887718,take_profit,1
2017-09-04 13:30:00,2017-09-04 14:30:00,long,1334.1,1335.7397037801782,1333.3970002406925,1340.4269978337672,219.0470885478608,289.602530245397,1.8806574142674053,chandelier_stop,4
2017-09-08 15:15:00,2017-09-08 15:30:00,long,1352.6499999999999,1351.8969871575366,1351.9769871575365,1358.7071155821693,230.09792435768478,-173.26669206547396,-1.1188684597861698,stop_loss,1
2017-09-08 15:45:00,2017-09-08 16:00:00,long,1350.22,1349.4345960695089,1349.5145960695088,1356.5686353744215,218.7952907112395,-171.84268129756276,-1.1134101988122138,stop_loss,1
2017-09-11 14:45:00,2017-09-11 15:00:00,long,1335.36,1334.7541178590996,1334.8341178590995,1340.092939268104,292.5057118947003,-177.22398694834158,-1.152125340980301,stop_loss,1
2017-09-11 15:45:00,2017-09-11 16:00:00,long,1333.18,1332.4365837196415,1332.5165837196414,1339.150746523228,231.06435970047062,-171.77700681196262,-1.120587936064332,stop_loss,1
2017-09-12 14:00:00,2017-09-12 15:45:00,long,1323.69,1325.0501478933,1323.1273241061167,1328.7540830449495,271.5178110103611,292.4466393059456,1.9142118558321726,chandelier_stop,7
2017-09-13 15:30:00,2017-09-13 15:45:00,long,1332.57,1331.9964391743183,1332.0764391743182,1337.0120474311345,311.3169825040301,-178.55922553372346,-1.1620874182820984,stop_loss,1
2017-09-14 13:30:00,2017-09-14 14:15:00,short,1326.0,1323.299688164181,1326.5155413019522,1321.3601282824309,297.0046990939472,508.4161765939119,3.320416594929516,chandelier_stop,3
2017-09-27 13:30:00,2017-09-27 16:30:00,short,1290.81,1285.0,1291.5106432834712,1284.5042104487586,220.71636371143347,751.6457058288806,4.8605082542596625,time_stop,12
2017-09-29 14:00:00,2017-09-29 14:45:00,short,1289.1100000000001,1286.7065669292635,1289.6173245740983,1284.5440788331152,309.2662624967083,481.5925060895023,3.0694550302633217,chandelier_stop,3
2017-10-02 15:45:00,2017-10-02 16:00:00,short,1274.31,1274.9752666099503,1274.8952666099503,1269.0426005104466,270.54875458516256,-179.98705278915278,-1.1366898412446726,stop_loss,1
2017-10-04 13:15:00,2017-10-04 13:30:00,short,1277.8500000000001,1278.349851004968,1278.2698510049681,1274.0713409552875,375.8552186293352,-187.87160875431144,-1.1905437858985846,stop_loss,1
2017-10-06 13:30:00,2017-10-06 13:45:00,short,1269.27,1269.745184653081,1269.665184653081,1265.7133381222695,397.8888734970085,-189.07068631746074,-1.2024370110939446,stop_loss,1
2017-10-12 15:30:00,2017-10-12 15:45:00,long,1294.06,1293.5389819343707,1293.6189819343706,1298.029162590665,355.2515794453882,-185.09249073438184,-1.1813984646768698,stop_loss,1
2017-10-13 14:15:00,2017-10-13 14:30:00,long,1293.0,1292.4822836965297,1292.5622836965297,1296.9394467312336,356.6627189091157,-184.6501044192768,-1.1827667815104603,stop_loss,1
2017-10-13 14:45:00,2017-10-13 15:15:00,long,1292.03,1291.493168085273,1291.573168085273,1296.141487232543,340.52598248588333,-102.46970202686194,-0.6587016967570254,stop_loss,2
2017-10-17 14:30:00,2017-10-17 15:15:00,long,1287.62,1287.54,1287.0876089323701,1292.4115196086677,291.6197076304149,97.48651461946658,0.6279092964701208,chandelier_stop,3
2017-10-20 14:00:00,2017-10-20 14:15:00,short,1281.88,1282.518000013977,1282.438000013977,1276.8579998742084,278.7601848295625,-177.84900181743822,-1.143369172035974,stop_loss,1
2017-10-20 14:30:00,2017-10-20 14:45:00,short,1282.38,1283.0102398079698,1282.9302398079699,1277.4278417282715,281.7219651875069,-177.55239724062125,-1.145391152805,stop_loss,1
2017-10-25 14:00:00,2017-10-25 14:30:00,short,1273.03,1273.5722994197804,1273.4922994197805,1268.8693052219762,334.16001886238536,-101.46759278446055,-0.656824769614373,stop_loss,2
2017-10-26 13:15:00,2017-10-26 15:45:00,short,1278.55,1276.21233004702,1279.010533748696,1274.4051962617352,334.7801990454035,498.5664861460857,3.2337158617121977,chandelier_stop,10
2017-11-02 15:00:00,2017-11-02 15:15:00,short,1276.24,1276.8756143851608,1276.795614385161,1271.2394705335519,280.1822337067976,-178.0878582105276,-1.143984752980726,stop_loss,1
2017-11-02 15:45:00,2017-11-02 16:00:00,short,1277.22,1277.8674689519673,1277.7874689519674,1272.1127794322936,273.38767240306953,-177.01002973159825,-1.1409768758670786,stop_loss,1
2017-11-03 14:30:00,2017-11-03 14:45:00,short,1275.66,1276.1520290173182,1276.0720290173183,1271.9517388441368,375.2356735855109,-184.62683973699137,-1.1941610824417777,stop_loss,1
2017-11-07 14:15:00,2017-11-07 15:15:00,long,1275.84,1276.7941765237106,1275.438276466474,1279.4555118017327,383.4828992437674,288.90869636859077,1.875371615367893,chandelier_stop,4
2017-11-10 13:30:00,2017-11-10 16:15:00,long,1283.45,1283.3700000000001,1283.0201598859771,1287.3185610262053,360.41501564420275,92.76364754820258,0.5987809818595092,chandelier_stop,11
2017-11-13 15:00:00,2017-11-13 15:15:00,long,1277.8799999999999,1277.434108318748,1277.514108318748,1281.1730251312679,424.16685132521366,-189.13247046870342,-1.2186439432735987,stop_loss,1
2017-11-16 15:00:00,2017-11-16 15:30:00,long,1277.07,1280.8008581878673,1276.6499046457925,1280.8508581878673,368.08720544659394,1064.01771438699,6.880979402655035,take_profit,2
2017-11-17 14:45:00,2017-11-17 15:45:00,long,1282.07,1281.99,1281.6399063429878,1285.940842913108,366.95211733855945,94.51594594386935,0.5988701264475679,chandelier_stop,4
2017-11-20 16:00:00,2017-11-20 16:15:00,long,1289.3799999999999,1288.7659637833472,1288.845963783347,1294.1863259498746,296.0610554154567,-181.79221036551863,-1.1498025742548836,stop_loss,1
2017-11-21 13:30:00,2017-11-21 14:15:00,long,1278.1499999999999,1278.5448942267742,1277.7285988840706,1281.942610043363,373.900170989718,182.64946715806008,1.1592232005767702,chandelier_stop,3
2017-11-21 16:00:00,2017-11-21 16:15:00,long,1276.56,1281.2681426271752,1276.0313174858693,1281.3181426271751,299.0639816462859,1408.0358802416265,8.905425281403803,take_profit,1
2017-11-29 15:15:00,2017-11-29 15:30:00,long,1290.94,1290.3565743133456,1290.4365743133455,1295.470831179891,322.45872558110574,-188.13070338987112,-1.1589112397731696,stop_loss,1
2017-12-04 15:15:00,2017-12-04 16:15:00,short,1274.71,1274.79,1275.239776976699,1269.9420072097091,305.3541779811362,101.47918835617156,0.6273068614552518,chandelier_stop,4
2017-12-05 13:15:00,2017-12-05 16:15:00,short,1276.3400000000001,1268.51,1276.6753402983952,1273.3219373144439,483.3121804149055,2001.6399199127598,12.350156672543,time_stop,12
2017-12-08 14:15:00,2017-12-08 14:30:00,short,1247.1100000000001,1247.538567975657,1247.4585679756572,1243.9728882190864,482.19854460589136,-206.65485412647953,-1.2295104702293183,stop_loss,1
2017-12-15 15:15:00,2017-12-15 15:30:00,short,1259.71,1260.216102925523,1260.1361029255231,1255.8750736702916,393.00130547118823,-198.89911043333032,-1.1877480655682415,stop_loss,1
2017-12-15 15:45:00,2017-12-15 18:45:00,short,1260.94,1255.1399999999999,1261.41054282864,1256.7051145422413,354.6166225647414,1144.6695213719447,6.859964545225111,time_stop,12
2017-12-19 15:15:00,2017-12-19 15:30:00,long,1261.9199999999998,1261.4523592652683,1261.5323592652683,1265.4087666125843,439.3148138737334,-205.44150233834637,-1.2063766597061159,stop_loss,1
2017-12-20 16:00:00,2017-12-20 16:30:00,long,1263.75,1263.2650663011161,1263.345066301116,1267.3944032899553,419.0315431615699,-115.21978323991848,-0.6790416559544271,stop_loss,2
2017-12-21 14:45:00,2017-12-21 15:15:00,long,1264.1499999999999,1263.769081489177,1263.849081489177,1266.8582665974063,562.7248815924042,-125.46472060128465,-0.7409290136445518,stop_loss,2
2017-12-22 15:45:00,2017-12-22 16:15:00,long,1267.8,1270.3682987311715,1267.5090779187587,1270.4182987311715,580.7669823104854,1153.6672253543866,6.828132674611291,take_profit,2
2017-12-27 14:00:00,2017-12-27 14:45:00,long,1284.52,1284.44,1284.1866548491519,1287.5201063576333,517.2384852376738,95.69370412408492,0.5550069130012425,chandelier_stop,3
2018-01-02 14:00:00,2018-01-02 17:00:00,long,1310.12,1311.0294964978832,1309.5661201515352,1315.104918636183,311.81134767242287,263.5298971611508,1.5258871353288894,chandelier_stop,12
2018-01-08 15:00:00,2018-01-08 16:00:00,long,1318.4099999999999,1318.33,1317.89678941917,1323.0288952274668,338.0612523797715,108.14847736272976,0.6233463369074577,chandelier_stop,4
2018-01-17 14:15:00,2018-01-17 14:30:00,long,1336.09,1335.4130453993378,1335.4930453993377,1341.462591405961,291.1796926083161,-197.11543253059216,-1.1340135412495012,stop_loss,1
2018-01-22 14:45:00,2018-01-22 15:00:00,long,1332.27,1331.71206364496,1331.7920636449599,1336.571427195361,362.4535128946438,-202.2259918559014,-1.1673863039634436,stop_loss,1
2018-01-22 15:15:00,2018-01-22 18:15:00,long,1331.18,1334.0800000000002,1330.6882589591746,1335.6056693674286,351.0445915984975,629.7058176644744,3.6478667259662467,time_stop,12
2018-01-25 14:15:00,2018-01-25 14:30:00,long,1358.68,1357.9551251719088,1358.0351251719087,1364.4838734528219,270.61399003320776,-196.16126950441893,-1.1240550824982634,stop_loss,1
2018-01-26 14:00:00,2018-01-26 14:45:00,long,1350.3799999999999,1352.7417767167838,1349.6682078069225,1356.786129737696,244.34612824471262,412.8795949261644,2.373912666693603,chandelier_stop,3
2018-01-29 14:15:00,2018-01-29 14:30:00,long,1343.69,1342.931277444029,1343.011277444029,1349.7985030037398,258.0764463138343,-195.8084209831352,-1.1178684858726595,stop_loss,1
2018-01-29 14:45:00,2018-01-29 15:30:00,long,1341.83,1344.2080102164061,1341.0978106532698,1348.4197041205716,238.42859882450688,408.46326698476366,2.3397596890769075,chandelier_stop,3
2018-01-30 14:45:00,2018-01-30 15:00:00,long,1343.3799999999999,1342.5393092296254,1342.6193092296253,1350.226216933371,231.1060902309634,-194.28875703451237,-1.1051675702079728,stop_loss,1
2018-02-01 14:00:00,2018-02-01 15:30:00,long,1337.72,1338.6886945774556,1337.1334952043208,1342.998543161113,298.74845838560657,268.6423470297578,1.533194429289913,chandelier_stop,6
2018-02-09 14:45:00,2018-02-09 15:00:00,short,1316.81,1317.5094648570023,1317.4294648570024,1311.2348162869787,284.15386053990835,-198.75563942920988,-1.129143726388365,stop_loss,1
2018-02-15 13:15:00,2018-02-15 13:30:00,long,1352.9199999999998,1352.1922613859394,1352.2722613859394,1358.7496475265432,270.830022882305,-197.0934654983149,-1.1235066093997887,stop_loss,1
2018-02-15 13:45:00,2018-02-15 14:00:00,long,1351.81,1351.0521794603255,1351.1321794603255,1357.9103848570703,257.938160674827,-195.4708361252227,-1.1180253405102571,stop_loss,1
2018-02-15 14:15:00,2018-02-15 14:30:00,long,1350.37,1349.6118026979336,1349.6918026979336,1356.4737757185962,256.9302033965266,-194.80378703458305,-1.1179597732933801,stop_loss,1
2018-02-16 14:30:00,2018-02-16 15:15:00,long,1354.87,1357.5205601484022,1354.1855019759682,1361.0304822162846,253.71141085097534,460.1446116783213,2.6496111435685274,chandelier_stop,3
2018-02-16 15:45:00,2018-02-16 16:00:00,long,1354.51,1353.7052760757483,1353.7852760757482,1361.0325153182657,241.53389639722334,-194.36810494857113,-1.1103868622558921,stop_loss,1
2018-02-21 16:00:00,2018-02-21 16:15:00,short,1329.76,1330.3742055233795,1330.2942055233796,1324.9521502895848,326.5827126201473,-200.5889059315532,-1.1497550970529462,stop_loss,1
2018-02-22 15:30:00,2018-02-22 15:45:00,short,1324.0,1324.6412948469783,1324.5612948469784,1318.9483463771937,309.74900827988796,-198.64044286653896,-1.142527586758704,stop_loss,1
2018-02-22 16:00:00,2018-02-22 16:30:00,short,1326.93,1327.669330760915,1327.5893307609151,1320.9960231517641,262.7885898044633,-194.28768805990882,-1.1213351548908457,stop_loss,2
2018-02-23 13:45:00,2018-02-23 14:00:00,short,1329.74,1330.2923216440474,1330.2123216440475,1325.489105203572,365.60200022090476,-201.92989782903692,-1.1693761042038597,stop_loss,1
2018-02-23 14:15:00,2018-02-23 14:30:00,short,1330.94,1331.5010579481839,1331.421057948184,1326.6104784663453,357.7031598116876,-200.69220090281303,-1.1663001314123316,stop_loss,1
2018-03-02 13:15:00,2018-03-02 14:00:00,short,1322.91,1320.150827552262,1323.6148566836146,1316.5662898474693,243.27480394437583,458.1421016739023,2.671789571353458,chandelier_stop,3
2018-03-02 14:45:00,2018-03-02 15:30:00,short,1323.2,1320.4419579534606,1323.9150332927795,1316.7647003649856,241.73461510906802,456.9499742748629,2.6436475223501765,chandelier_stop,3
2018-03-02 16:00:00,2018-03-02 16:45:00,short,1324.94,1320.8773321837893,1325.802324564125,1317.1790789228755,202.0343093436433,536.0126462440836,3.0766574925200287,chandelier_stop,3
2018-03-07 14:15:00,2018-03-07 15:00:00,long,1329.7,1330.5698637277417,1329.1607724759738,1334.5530477162365,326.0723495138337,265.5378352542799,1.5102205851993282,chandelier_stop,3
2018-03-08 13:45:00,2018-03-08 14:30:00,long,1324.37,1323.8235567265665,1323.9035567265664,1328.567989460901,378.6608345478251,-115.76481009846086,-0.655431547905632,stop_loss,3
2018-03-12 15:15:00,2018-03-12 16:15:00,short,1318.3300000000002,1318.41,1318.9262610266285,1312.963650760346,295.6364694067484,112.99100805651003,0.6409873409511669,chandelier_stop,4
2018-03-14 14:15:00,2018-03-14 14:30:00,short,1327.2,1327.7889622432922,1327.7089622432923,1322.619339810371,347.01096222575524,-204.37635475944631,-1.157182582901333,stop_loss,1
2018-03-15 14:45:00,2018-03-15 15:00:00,long,1319.84,1319.2130532482615,1319.2930532482615,1324.7625207656465,321.79064626988384,-201.74560041870006,-1.1462665236527116,stop_loss,1
2018-03-28 13:30:00,2018-03-28 13:45:00,long,1339.32,1338.7048476789657,1338.7848476789657,1344.1363708893093,327.75175407422563,-201.61725224179088,-1.1494901486091162,stop_loss,1
2018-03-28 14:00:00,2018-03-28 14:15:00,long,1337.1299999999999,1336.4624962129856,1336.5424962129855,1342.4175340831289,297.5168229083633,-198.59360599179874,-1.1361693350207607,stop_loss,1
2018-03-28 15:15:00,2018-03-28 15:30:00,long,1335.3799999999999,1334.648808711415,1334.728808711415,1341.2407215972644,267.5043146227119,-195.5968245109734,-1.122851766297087,stop_loss,1
2018-03-29 15:30:00,2018-03-29 15:45:00,long,1323.6299999999999,1323.0164216292071,1323.096421629207,1328.4322053371347,325.36867753780604,-199.63918307064378,-1.1499311148633256,stop_loss,1
2018-03-29 16:00:00,2018-03-29 16:15:00,long,1322.87,1322.2039043639593,1322.2839043639592,1328.144860724366,295.1920483271132,-196.62613518457863,-1.1364964949071459,stop_loss,1
2018-04-02 15:15:00,2018-04-02 15:30:00,short,1333.57,1334.0413339047532,1333.9613339047532,1330.047994857221,440.59789049346085,-207.6687241523221,-1.2044290030283928,stop_loss,1
2018-04-02 15:45:00,2018-04-02 16:00:00,short,1334.49,1335.0119919893025,1334.9319919893026,1330.5120720962775,388.69004619633927,-202.89309043609921,-1.1809987554891315,stop_loss,1
2018-04-05 13:30:00,2018-04-05 13:45:00,short,1328.25,1328.8043878183914,1328.7243878183915,1323.9805096344755,360.8634135032362,-200.05828054934472,-1.1686383943651444,stop_loss,1
2018-04-05 14:00:00,2018-04-05 14:45:00,short,1329.76,1327.6212226072553,1330.264931333205,1325.2156180011548,337.8460028311054,480.7843209419956,2.818377673739101,chandelier_stop,3
2018-04-09 15:00:00,2018-04-09 15:15:00,short,1329.57,1330.1629778137526,1330.0829778137527,1324.953199676226,335.35833515250306,-198.86005240246584,-1.1559521637294197,stop_loss,1
2018-04-09 15:30:00,2018-04-09 15:45:00,short,1332.42,1333.0948890332868,1333.0148890332869,1327.0659987004196,288.17946850675173,-194.48916291360177,-1.1344788616423527,stop_loss,1
2018-04-09 16:00:00,2018-04-09 16:15:00,short,1333.54,1334.2186032991094,1334.1386032991095,1328.1525703080147,285.41663268227484,-193.684668558903,-1.133644435503336,stop_loss,1
2018-04-13 14:00:00,2018-04-13 14:15:00,long,1338.98,1338.4044828947196,1338.4844828947196,1343.4396539475247,343.62140504170753,-197.7599963419767,-1.1614475043291406,stop_loss,1
2018-04-20 16:00:00,2018-04-20 16:15:00,long,1339.37,1338.5710332095425,1338.6510332095424,1345.8407011141173,236.00117029283362,-188.55709757304868,-1.1112707861638882,stop_loss,1
2018-04-27 13:45:00,2018-04-27 14:00:00,short,1319.52,1320.1343222516682,1320.0543222516683,1314.711099734986,316.4968932678889,-194.43108411832807,-1.1497223814844795,stop_loss,1
2018-05-04 13:30:00,2018-05-04 13:45:00,short,1309.91,1310.4147915947065,1310.3347915947065,1306.0868756476423,396.7311065112436,-200.26652792543564,-1.1883276434770587,stop_loss,1
2018-05-04 14:00:00,2018-05-04 14:30:00,short,1310.73,1311.229820303599,1311.149820303599,1306.95161726761,399.9979000091583,-112.96346766103197,-0.6726929340444476,stop_loss,2
2018-05-07 13:15:00,2018-05-07 15:30:00,short,1314.64,1313.1902657765431,1315.126115897919,1310.26495691873,344.7497811433369,366.97029566117686,2.1897124527809666,chandelier_stop,9
2018-05-09 14:00:00,2018-05-09 14:15:00,short,1308.73,1309.3991783899078,1309.3191783899078,1303.427394490829,286.3127079918509,-191.5942769441164,-1.1357823052750498,stop_loss,1
2018-05-09 14:30:00,2018-05-09 14:45:00,short,1309.8700000000001,1310.5694191219104,1310.4894191219105,1304.2952279028068,271.40666396521635,-189.82701059115436,-1.129153261774026,stop_loss,1
2018-05-09 15:00:00,2018-05-09 15:15:00,short,1311.25,1312.0246522020552,1311.9446522020553,1304.9981301815017,241.19263704406518,-186.840407405691,-1.1151655458130387,stop_loss,1
2018-05-10 13:45:00,2018-05-10 14:00:00,short,1316.38,1317.0162589567476,1316.9362589567477,1311.373669389271,300.19197568758216,-190.99983327495102,-1.1438179089603968,stop_loss,1
2018-05-14 13:15:00,2018-05-14 13:30:00,long,1320.06,1319.573032500671,1319.6530325006709,1323.722707493961,408.90605759546594,-199.12396032774893,-1.1965758939763322,stop_loss,1
2018-05-14 13:45:00,2018-05-14 14:30:00,long,1319.27,1318.7628188398644,1318.8428188398643,1323.1146304412214,388.15874695059216,-111.0485610734714,-0.6697172224938716,stop_loss,3
2018-05-14 15:00:00,2018-05-14 15:30:00,long,1318.95,1318.4567925762142,1318.536792576214,1322.668866814074,400.47915073681406,-111.7752175063615,-0.6754566733958133,stop_loss,2
2018-05-18 15:00:00,2018-05-18 16:15:00,short,1288.6200000000001,1288.7,1289.0807312867262,1284.4734184194647,358.44240940730987,100.56046776611005,0.6089199347371681,chandelier_stop,5
2018-05-22 13:15:00,2018-05-22 14:00:00,short,1294.93,1290.8030121862053,1295.4367945257889,1290.3688492679014,326.45836820989626,789.5688798815886,4.772328188578302,chandelier_stop,3
2018-05-24 15:45:00,2018-05-24 16:00:00,short,1298.07,1298.6588309281085,1298.5788309281086,1293.4905216470224,329.8070366322792,-194.20058347692012,-1.1572231473768573,stop_loss,1
2018-05-30 13:30:00,2018-05-30 16:30:00,long,1296.6499999999999,1300.66,1296.0394288133523,1302.1451406798283,273.89667651064383,667.7404835880591,3.992865112701421,time_stop,12
2018-05-31 15:30:00,2018-05-31 15:45:00,long,1303.47,1302.8412709530278,1302.9212709530277,1308.4085614227506,308.41567651736614,-193.90989436806206,-1.1457914437760097,stop_loss,1
2018-06-01 14:00:00,2018-06-01 14:15:00,long,1298.04,1297.4931874933104,1297.5731874933103,1302.2413125602063,361.2904713277701,-197.5581482697863,-1.171375014279809,stop_loss,1
2018-06-01 14:30:00,2018-06-01 14:45:00,long,1295.95,1295.3446616651504,1295.4246616651503,1300.6780450136475,319.91237830922387,-193.65522638349628,-1.152282814127418,stop_loss,1
2018-06-01 15:00:00,2018-06-01 15:15:00,long,1295.0,1294.3726674561756,1294.4526674561755,1299.9259928944205,305.99545437103535,-191.9609067892917,-1.1461634264261464,stop_loss,1
2018-06-01 15:30:00,2018-06-01 15:45:00,long,1294.0,1293.362963265784,1293.4429632657839,1299.0133306079442,299.63084562840555,-190.8758553695139,-1.1436170993507366,stop_loss,1
2018-06-04 14:00:00,2018-06-04 14:30:00,short,1294.95,1295.5003773379124,1295.4203773379124,1290.7166039587892,353.61559060511735,-194.62200740153838,-1.1700762208378894,stop_loss,2
2018-06-04 14:45:00,2018-06-04 15:00:00,short,1295.66,1296.2159763161055,1296.1359763161056,1291.3762131550511,348.2292889846358,-193.60723724969566,-1.1680755896732318,stop_loss,1
2018-06-04 15:15:00,2018-06-04 15:30:00,short,1296.79,1297.403749986846,1297.323749986846,1291.9862501183857,309.4483868659017,-189.9239433684507,-1.149882907674908,stop_loss,1
2018-06-05 15:15:00,2018-06-05 15:30:00,short,1292.69,1293.2513257910068,1293.171325791007,1288.3580678809376,341.9685868999217,-191.95578754106452,-1.1662075905647669,stop_loss,1
2018-06-06 14:45:00,2018-06-06 15:00:00,short,1295.25,1295.7775765184713,1295.6975765184714,1291.2218113337572,366.4679143281988,-193.33986637270175,-1.1787403867235005,stop_loss,1
2018-06-06 15:45:00,2018-06-06 16:00:00,short,1297.8600000000001,1298.436842668265,1298.356842668265,1293.3884159856163,328.9621122882622,-189.75938261039147,-1.1610167666945939,stop_loss,1
2018-06-08 13:30:00,2018-06-08 14:15:00,short,1300.1000000000001,1297.4552426839427,1300.6729561795394,1294.943394384147,284.2680492782269,490.9581519026704,3.0143593076735153,chandelier_stop,3
2018-06-11 13:30:00,2018-06-11 14:30:00,long,1294.93,1296.3592908038286,1294.5470598340387,1298.3764614936517,429.1689003754417,419.23386623995304,2.5509220844800127,chandelier_stop,4
2018-06-13 14:00:00,2018-06-13 14:45:00,short,1294.82,1293.8601337996445,1295.1570389277972,1291.7866496498239,491.34891514241974,347.7336688851808,2.0997939337482205,chandelier_stop,3
2018-06-13 16:00:00,2018-06-13 16:15:00,short,1296.53,1297.0155803877822,1296.9355803877822,1292.8797765099603,410.88503675397277,-199.5177154808946,-1.1972481964361525,stop_loss,1
2018-06-15 13:15:00,2018-06-15 14:45:00,long,1298.75,1298.67,1298.2579769804245,1303.178207176179,337.48087546272865,102.60001264056558,0.617892359881826,chandelier_stop,6
2018-06-20 14:15:00,2018-06-20 14:30:00,short,1273.3400000000001,1273.908429338493,1273.8284293384932,1268.9441359535626,340.59411735044205,-193.60368882009627,-1.1637903248129162,stop_loss,1
2018-06-26 13:45:00,2018-06-26 16:15:00,short,1257.7,1257.78,1258.204815476808,1253.1566607087284,328.3880070670961,102.98629081487721,0.6212400808094581,chandelier_stop,10
2018-06-28 13:45:00,2018-06-28 15:15:00,short,1252.82,1251.3271425579997,1253.3514384188559,1248.0370542302965,312.5184430504844,350.02301108742665,2.107502008517238,chandelier_stop,6
2018-07-03 15:00:00,2018-07-03 15:15:00,short,1247.72,1248.3601358293838,1248.2801358293839,1242.6787775355444,298.38187008172537,-191.00492587784862,-1.1428225009064799,stop_loss,1
2018-07-05 15:30:00,2018-07-05 15:45:00,short,1255.41,1255.9494827053811,1255.8694827053812,1251.2746556515692,362.4975642022235,-195.56116662985028,-1.1741088381848308,stop_loss,1
2018-07-09 13:15:00,2018-07-09 13:30:00,short,1263.3600000000001,1263.8925538698106,1263.8125538698107,1259.2870151717054,366.7512070182544,-195.3147745552429,-1.1767745352247532,stop_loss,1
2018-07-11 14:00:00,2018-07-11 14:15:00,short,1250.4,1250.9533042370583,1250.8733042370584,1246.1402618664752,349.434297689947,-193.34347748531383,-1.1690244746109741,stop_loss,1
2018-07-12 15:00:00,2018-07-12 15:30:00,short,1244.41,1244.9507819947983,1244.8707819947983,1240.2629620468165,357.67175171383724,-108.33555361807339,-0.6573412173617529,stop_loss,2
2018-07-12 15:45:00,2018-07-12 16:00:00,short,1245.54,1246.1481115315494,1246.0681115315494,1240.786996216055,311.45636243586,-189.40020557167946,-1.1514831531233687,stop_loss,1
2018-07-18 15:45:00,2018-07-18 16:00:00,short,1224.95,1225.5792507036915,1225.4992507036916,1220.0067436667766,298.4347491199085,-187.79027588968927,-1.1456529767959207,stop_loss,1
2018-07-20 13:15:00,2018-07-20 14:45:00,short,1225.57,1224.771861041547,1226.1936711137498,1219.9569599762515,261.92029986811457,220.49048401984538,1.349786443494795,chandelier_stop,6
2018-07-20 16:00:00,2018-07-20 16:15:00,short,1229.92,1230.7516143514417,1230.6716143514418,1223.1554708370236,218.21509430986958,-181.47080412928244,-1.1064375631551913,stop_loss,1
2018-07-24 14:00:00,2018-07-24 14:45:00,short,1226.82,1227.4955454931087,1227.4155454931088,1221.460090562021,274.4864767908648,-101.63486165338009,-0.6217371314850763,stop_loss,3
2018-07-24 15:00:00,2018-07-24 15:45:00,short,1227.73,1222.972311929484,1228.3105553630955,1222.5050017321398,281.0486130335048,783.9178110968255,4.804469538800399,chandelier_stop,3
2018-07-25 14:45:00,2018-07-25 15:30:00,short,1232.81,1228.8227203049903,1233.3515021496826,1227.936480652857,305.66089740818074,725.8732472271739,4.385516218464979,chandelier_stop,3
2018-07-26 15:45:00,2018-07-26 16:30:00,short,1229.1100000000001,1229.19,1229.6170016373621,1224.5469852637416,330.7556433834477,104.27112275169505,0.621795285833506,chandelier_stop,3
2018-07-27 14:15:00,2018-07-27 14:30:00,short,1219.24,1219.815329853576,1219.735329853576,1214.782031317816,339.18098196069633,-195.14094468721888,-1.1615085370331657,stop_loss,1
2018-07-27 14:45:00,2018-07-27 15:15:00,short,1220.4,1220.9672231900731,1220.8872231900732,1216.0149912893417,343.6228954356711,-108.6231815672266,-0.6488024410107721,stop_loss,2
2018-07-30 16:00:00,2018-07-30 16:15:00,short,1222.99,1223.526047697293,1223.4460476972931,1218.8855707243617,366.3984595107547,-196.40705051245826,-1.1754202476512208,stop_loss,1
2018-08-03 13:45:00,2018-08-03 14:00:00,short,1208.24,1208.7453926572368,1208.665392657237,1204.4114660848672,391.4170820004566,-197.81931916009518,-1.188061544173236,stop_loss,1
2018-08-03 14:15:00,2018-08-03 14:30:00,short,1210.13,1210.665568158536,1210.585568158536,1206.0298865731766,364.188083679521,-195.04754133694203,-1.1756048979740505,stop_loss,1
2018-08-03 14:45:00,2018-08-03 15:15:00,short,1212.01,1212.5825817285336,1212.5025817285336,1207.576764443198,335.634357593314,-106.99716693479115,-0.6471836972430074,stop_loss,2
2018-08-09 15:30:00,2018-08-09 16:15:00,short,1215.8400000000001,1214.0982228224893,1216.3498635830454,1211.2512277525927,323.62844887307483,397.50838228669744,2.40904884538579,chandelier_stop,3
2018-08-16 14:30:00,2018-08-16 15:15:00,short,1180.94,1178.4078829538798,1181.6855178096257,1174.230339713369,222.93080529907826,401.3193402175689,2.414693327290605,chandelier_stop,3
2018-08-17 15:45:00,2018-08-17 16:00:00,short,1178.04,1178.7733517964143,1178.6933517964144,1172.15983383227,256.22160159963715,-187.9005718132568,-1.122445519303635,stop_loss,1
2018-08-23 14:00:00,2018-08-23 15:00:00,short,1190.48,1191.156119506395,1191.0761195063951,1185.1149244424446,279.8753273127863,-103.7105322150909,-0.6216199087970831,stop_loss,4
2018-08-24 14:30:00,2018-08-24 14:45:00,short,1192.38,1192.9542765498968,1192.8742765498969,1187.931511050929,336.91262595403276,-193.4810204495175,-1.1618527118404376,stop_loss,1
2018-08-24 16:00:00,2018-08-24 16:15:00,short,1193.75,1194.3611489651594,1194.2811489651594,1188.969659313565,312.43131060615934,-190.9420721603409,-1.1506168800986218,stop_loss,1
2018-08-27 13:45:00,2018-08-27 14:30:00,long,1203.29,1204.3166515448809,1202.7941456635074,1207.7526890284323,333.51476214802256,286.89490966777703,1.734816984549612,chandelier_stop,3
2018-08-28 14:00:00,2018-08-28 14:15:00,long,1212.46,1211.9424398834587,1212.0224398834587,1216.398041048873,379.91448383911126,-196.62858453149445,-1.1828320200485294,stop_loss,1
2018-08-28 14:30:00,2018-08-28 15:15:00,long,1211.71,1211.63,1211.223073164819,1216.0923415166303,340.18568725874934,102.12208538130045,0.6165097191125843,chandelier_stop,3
2018-08-29 14:00:00,2018-08-29 14:45:00,long,1202.94,1202.8600000000001,1202.3500499392103,1208.2495505471072,281.2982273529802,106.17954496727987,0.6398211826388729,chandelier_stop,3
2018-09-05 14:00:00,2018-09-05 15:15:00,short,1194.65,1194.73,1195.1671549146486,1189.9956057681648,321.5099388059846,103.80468769901337,0.6243123227512523,chandelier_stop,5
2018-09-05 16:00:00,2018-09-05 16:15:00,short,1195.93,1196.5491035456694,1196.4691035456694,1191.0780680889748,308.9978917094774,-191.3016903616772,-1.1483944979449083,stop_loss,1
2018-09-11 14:15:00,2018-09-11 14:45:00,short,1194.54,1195.0498389281347,1194.9698389281348,1190.6714496467857,386.2096778302735,-196.90472818025023,-1.1861162281114666,stop_loss,2
2018-09-13 13:15:00,2018-09-13 13:30:00,long,1205.34,1204.8101768667334,1204.8901768667333,1209.3884081993995,367.73840102011826,-194.83631185089843,-1.1778476785286065,stop_loss,1
2018-09-13 13:45:00,2018-09-13 16:45:00,long,1204.93,1210.21,1204.473137196316,1209.041765233156,360.792626373981,1067.097266093286,6.473819008492155,time_stop,12
2018-09-14 13:15:00,2018-09-14 14:30:00,long,1205.72,1206.0349461829292,1205.2719264764505,1209.7526617119465,375.0143978624878,175.70483360260755,1.045650344200603,chandelier_stop,5
2018-09-14 14:45:00,2018-09-14 15:00:00,long,1205.04,1204.5356257694855,1204.6156257694854,1208.85936807463,397.19927604573985,-200.33707921648096,-1.1885128602246329,stop_loss,1
2018-09-14 15:45:00,2018-09-14 16:00:00,long,1203.1599999999999,1202.5168710329622,1202.596871032962,1208.2281607033399,298.26227334517534,-191.8211077627936,-1.1420633721272655,stop_loss,1
2018-09-17 13:45:00,2018-09-17 14:45:00,short,1197.8400000000001,1197.6379361058039,1198.2870591800042,1193.8164673799643,374.4127624677829,154.00582827776054,0.9200713250032425,chandelier_stop,4
2018-09-17 15:15:00,2018-09-17 15:30:00,short,1198.52,1199.076778232892,1198.996778232892,1194.2289959039729,352.04350466806255,-196.01016043016554,-1.1677928950629097,stop_loss,1
2018-09-17 16:00:00,2018-09-17 16:15:00,short,1199.3,1199.9026154437547,1199.8226154437548,1194.5964610062058,320.0415364187365,-192.8619724889313,-1.1530762264221508,stop_loss,1
2018-09-18 13:30:00,2018-09-18 15:15:00,long,1198.53,1199.6999448703968,1198.0453423044662,1202.8919192598046,343.91296206370686,317.59182660662134,1.9053978000529719,chandelier_stop,7
2018-09-21 13:15:00,2018-09-21 13:30:00,long,1206.37,1205.7851005320754,1205.8651005320753,1210.9140952113203,332.0123109395838,-194.19382401295127,-1.1584473842461567,stop_loss,1
2018-09-21 13:45:00,2018-09-21 14:00:00,long,1205.2,1204.613760152657,1204.693760152657,1209.7561586260874,329.9824352873661,-193.44885248873518,-1.1580278605483085,stop_loss,1
2018-09-24 13:45:00,2018-09-24 14:15:00,short,1199.14,1199.6666705014031,1199.5866705014032,1195.1199654873712,372.69063120438807,-110.25502631644541,-0.6623120393493487,stop_loss,2
2018-09-24 15:15:00,2018-09-24 16:00:00,short,1200.54,1199.773951553571,1201.0026967499998,1196.3757292500006,359.0670261448956,253.15905263950285,1.5237772595434753,chandelier_stop,3
2018-09-25 14:30:00,2018-09-25 15:15:00,short,1201.3500000000001,1201.8647033826576,1201.7847033826577,1197.4376695560818,383.93679425026386,-197.61356672726603,-1.184033534569837,stop_loss,3
2018-09-28 15:45:00,2018-09-28 16:00:00,short,1184.57,1185.1846125777633,1185.1046125777634,1179.7584868001277,311.07719759011405,-191.19195829427755,-1.1496410734191893,stop_loss,1
2018-10-01 15:15:00,2018-10-01 15:30:00,short,1187.92,1188.5491312062588,1188.469131206259,1182.9778191436703,301.8080282512478,-189.87684887228608,-1.1456846726030334,stop_loss,1
2018-10-03 14:00:00,2018-10-03 14:15:00,long,1202.87,1202.2684809396287,1202.3484809396286,1207.5636715433411,316.69518645784325,-190.49819098219575,-1.1533980367716161,stop_loss,1
2018-10-05 15:30:00,2018-10-05 16:15:00,long,1201.96,1201.88,1201.4501774990795,1206.5484025082858,322.8399711575109,102.45871299426446,0.6225046464552402,chandelier_stop,3
2018-10-08 15:15:00,2018-10-08 15:30:00,long,1189.87,1189.252534440673,1189.3325344406728,1194.707190033944,306.8074870473303,-189.44305659539165,-1.1488467467572991,stop_loss,1
2018-10-10 13:30:00,2018-10-10 13:45:00,short,1187.15,1187.6308509462194,1187.5508509462195,1183.5423414840254,409.953200838635,-197.12638452890238,-1.199575430105481,stop_loss,1
2018-10-10 14:00:00,2018-10-10 14:15:00,short,1188.8700000000001,1189.4180806628117,1189.3380806628118,1184.6572740346955,349.80883065050523,-191.72345576026967,-1.1709107133787306,stop_loss,1
2018-10-15 14:45:00,2018-10-15 16:00:00,long,1228.8999999999999,1229.2173496361813,1228.2479591012736,1234.7683680885368,250.23519116625454,155.8228278647844,0.9550098672520226,chandelier_stop,5
2018-10-17 14:00:00,2018-10-17 15:00:00,long,1225.27,1225.19,1224.6961862555436,1230.4343237001074,285.16404322030127,104.18762275912349,0.6367228249098179,chandelier_stop,4
2018-10-19 14:15:00,2018-10-19 16:30:00,long,1226.9099999999999,1227.2688546979994,1226.3915935927944,1231.575657664849,316.2453395909998,171.7946371462059,1.0478885809537577,chandelier_stop,9
2018-10-22 15:00:00,2018-10-22 15:45:00,long,1222.6699999999998,1224.702598571022,1222.2295752661935,1226.6338226042576,373.40998717975907,493.5052991472189,3.0007802342157506,chandelier_stop,3
2018-10-23 13:45:00,2018-10-23 16:45:00,long,1234.0,1235.5355417850456,1233.478072838763,1238.6973444511327,317.9361459335142,360.60834745658957,2.173131324996234,chandelier_stop,12
2018-10-24 14:45:00,2018-10-24 15:00:00,long,1229.1,1228.4858534848065,1228.5658534848064,1233.907318636742,312.6882426324543,-192.03639455466924,-1.1497716407846466,stop_loss,1
2018-10-24 15:15:00,2018-10-24 18:15:00,long,1226.62,1228.8044059058834,1226.0225726476135,1231.9968461714766,278.6032900830193,422.16017334621847,2.5363309215403804,chandelier_stop,12
2018-10-29 15:45:00,2018-10-29 18:15:00,long,1229.62,1229.54,1228.9604869611146,1235.5556173499679,254.29627102436004,109.25452224378438,0.6514424337844708,chandelier_stop,10
2018-10-31 13:15:00,2018-10-31 13:30:00,short,1217.99,1218.6240569969357,1218.5440569969358,1213.0034870275788,303.2891398837264,-192.3026012378777,-1.1443894769714555,stop_loss,1
2018-11-01 14:00:00,2018-11-01 14:15:00,short,1224.93,1225.5907302484025,1225.5107302484025,1219.7034277643777,288.36548931997834,-190.53180138906532,-1.1377575909296966,stop_loss,1
2018-11-05 15:00:00,2018-11-05 15:15:00,long,1228.74,1228.149640457095,1228.229640457095,1233.3332358861455,327.00665473866536,-193.05149921839026,-1.1567522369515435,stop_loss,1
2018-11-05 15:30:00,2018-11-05 16:15:00,long,1227.0,1230.7404070327607,1226.4296644757603,1232.1330197181562,291.6034601971836,662.8015894007744,3.9852947308344886,chandelier_stop,3
2018-11-07 15:30:00,2018-11-07 15:45:00,long,1231.44,1230.7003562586617,1230.7803562586616,1237.3767936720467,255.138048863145,-188.711261018901,-1.1212775851364976,stop_loss,1
2018-11-08 14:30:00,2018-11-08 15:15:00,short,1225.1000000000001,1225.7437176560766,1225.6637176560766,1220.0265410953116,297.54981331300905,-105.43940312857917,-0.6286104829579697,stop_loss,3
2018-11-12 14:15:00,2018-11-12 17:15:00,short,1207.1200000000001,1203.55,1207.6000948814492,1202.7991460669589,348.7180796681405,739.307144054033,4.415942021060241,time_stop,12
2018-11-14 14:30:00,2018-11-14 14:45:00,short,1200.8300000000002,1201.4143464599836,1201.3343464599836,1196.2908818601481,336.34753093170104,-196.54348902409927,-1.1586211193046692,stop_loss,1
2018-11-16 15:45:00,2018-11-16 16:00:00,short,1221.75,1222.4944946147666,1222.4144946147667,1215.7695484670992,254.3979323923808,-189.3978906738873,-1.1203922473141743,stop_loss,1
2018-11-19 14:15:00,2018-11-19 14:30:00,long,1220.22,1219.6417760696643,1219.7217760696642,1224.7040153730234,338.156905263326,-195.53041483153518,-1.160570368320132,stop_loss,1
2018-11-19 14:45:00,2018-11-19 15:45:00,long,1219.73,1219.9764709484084,1219.2362507947614,1224.1737428471477,340.0335015929127,159.32180564879917,0.9489582426907291,chandelier_stop,4
2018-11-28 13:15:00,2018-11-28 13:30:00,short,1213.74,1214.2032285025143,1214.1232285025144,1210.2909434773705,439.3442436516728,-203.51677607504737,-1.2087527401407843,stop_loss,1
2018-11-28 13:45:00,2018-11-28 14:00:00,short,1214.4,1214.8573755965558,1214.7773755965559,1211.0036196309982,444.5403671721463,-203.32191562845972,-1.2119903902903786,stop_loss,1
2018-11-30 15:15:00,2018-11-30 16:00:00,long,1220.3899999999999,1221.561572951583,1219.9756886573077,1224.1188020842287,403.4374714960083,351.60381822339184,2.1035387956015534,chandelier_stop,3
2018-12-07 15:15:00,2018-12-07 15:30:00,long,1239.97,1243.740298206502,1239.5455224214998,1243.790298206502,396.26011003169384,1494.0187821607994,8.882208148244096,take_profit,1
2018-12-10 14:00:00,2018-12-10 15:00:00,long,1245.6499999999999,1246.1944081483923,1245.2155066549292,1249.560440105635,397.44127330856435,227.76329324736201,1.3189478952917804,chandelier_stop,4
2018-12-10 15:30:00,2018-12-10 16:15:00,long,1244.23,1245.074741022653,1243.7355909669034,1248.6796812978703,350.6587998663049,269.3681252455476,1.553728258841896,chandelier_stop,3
2018-12-12 13:30:00,2018-12-12 14:00:00,long,1243.72,1243.2789328936515,1243.3589328936514,1246.9696039571381,482.39504375203285,-122.0621319542237,-0.7007936993571819,stop_loss,2
2018-12-14 13:45:00,2018-12-14 14:15:00,long,1237.82,1237.3581975194684,1237.4381975194683,1241.2562223247842,455.23747233539314,-119.91011482858781,-0.6898887610656249,stop_loss,2
2018-12-19 14:45:00,2018-12-19 15:00:00,long,1247.9099999999999,1247.461196169522,1247.541196169522,1251.2292344743007,470.3071158435931,-211.0756350915711,-1.2169174867198864,stop_loss,1
2018-12-19 15:15:00,2018-12-19 16:00:00,long,1247.77,1248.9105603807607,1247.4041691461696,1251.0624776844736,472.3982056444058,387.20276269825797,2.2405254290912175,chandelier_stop,3
2018-12-26 14:15:00,2018-12-26 14:30:00,long,1271.93,1271.354180249557,1271.434180249557,1276.3923777539892,350.89253110921067,-202.05084969564925,-1.1613489578186906,stop_loss,1
2018-12-27 14:00:00,2018-12-27 17:00:00,long,1271.0,1272.3501170690854,1270.4372147707688,1276.0650670630805,308.06297971732465,330.28894013529674,1.9050739087995987,chandelier_stop,12
2018-12-31 15:45:00,2018-12-31 16:00:00,long,1280.37,1279.7530741185753,1279.8330741185753,1285.2023329328206,324.74530938165526,-200.3437862287657,-1.1489963564201147,stop_loss,1
2019-01-02 13:45:00,2019-01-02 14:00:00,long,1286.59,1285.9841664076312,1286.064166407631,1291.3225023313194,330.452699563726,-200.19934608464462,-1.1521393862258504,stop_loss,1
2019-01-02 14:15:00,2019-01-02 14:30:00,long,1286.07,1285.4579036882126,1285.5379036882125,1290.8588668060866,325.4345655951384,-199.19729732890406,-1.1503487211388288,stop_loss,1
2019-01-04 15:30:00,2019-01-04 15:45:00,long,1290.19,1289.621984110138,1289.701984110138,1294.5821430087592,353.60516690986856,-200.8533535420937,-1.163929088502723,stop_loss,1
2019-01-04 16:00:00,2019-01-04 16:15:00,long,1287.75,1287.0382158908842,1287.1182158908841,1293.4360569820424,272.18535200157373,-193.7372082888098,-1.126625533699923,stop_loss,1
2019-01-08 15:15:00,2019-01-08 15:45:00,long,1280.73,1280.179700546413,1280.259700546413,1284.9626950822847,364.4086064669133,-112.11020822074579,-0.654157100219769,stop_loss,2
2019-01-10 15:45:00,2019-01-10 16:00:00,long,1291.75,1291.1749590009447,1291.2549590009446,1296.205368991498,345.5165091488444,-198.68615861105744,-1.1616027766439116,stop_loss,1
2019-01-14 14:30:00,2019-01-14 15:15:00,long,1294.05,1293.97,1293.5812168090345,1298.2690487186896,363.5983172781624,104.2026939294473,0.6113431512634482,chandelier_stop,3
2019-01-15 15:15:00,2019-01-15 15:30:00,long,1289.82,1289.2964692104008,1289.3764692104007,1293.8117771063935,385.00458477626063,-201.561754267203,-1.180370792458892,stop_loss,1
2019-01-17 15:15:00,2019-01-17 15:30:00,long,1292.32,1291.894339568381,1291.9743395683809,1295.4309438845726,492.2654913821379,-209.53794153286378,-1.2314410117039014,stop_loss,1
2019-01-25 13:15:00,2019-01-25 13:30:00,short,1284.1100000000001,1284.5599227145472,1284.4799227145472,1280.7806955690767,458.2797479881284,-206.1904682367469,-1.2162613888089349,stop_loss,1
2019-01-25 13:45:00,2019-01-25 14:30:00,short,1284.6200000000001,1285.0738874426452,1284.9938874426452,1281.2550130161937,451.7656859455933,-205.0507718686343,-1.213968138202113,stop_loss,3
2019-01-28 14:00:00,2019-01-28 15:00:00,long,1299.54,1299.8385352628436,1299.128041326145,1303.2476280646952,408.5224449883796,176.98689012942697,1.0516507220469025,chandelier_stop,4
2019-01-29 13:30:00,2019-01-29 16:30:00,long,1307.25,1307.737509381394,1306.779539219628,1311.4841470233475,358.8510081846509,205.11933531258535,1.214979653615433,chandelier_stop,12
2019-01-30 15:00:00,2019-01-30 15:15:00,long,1312.1,1311.601903009527,1311.6819030095269,1315.862872914258,405.26645064351203,-201.86199940519134,-1.1913431615697971,stop_loss,1
2019-01-30 15:30:00,2019-01-30 16:00:00,long,1310.47,1309.9269980031127,1310.0069980031126,1314.637017971988,364.6530651930835,-110.85489590423666,-0.6565867976538321,stop_loss,2
2019-02-04 13:15:00,2019-02-04 14:15:00,long,1310.43,1309.9580433004319,1310.0380433004318,1313.9576102961153,429.90088663727244,-115.41908061507968,-0.6849694113655762,stop_loss,4
2019-02-04 14:30:00,2019-02-04 15:15:00,long,1310.1299999999999,1311.152219766485,1309.7488906057504,1313.5599845482452,441.2283663516231,340.6026762199563,2.0255127283067855,chandelier_stop,3
2019-02-05 15:15:00,2019-02-05 17:00:00,long,1313.46,1313.5888526950034,1313.0235849390738,1317.387735548337,387.6540903413272,142.1673474672288,0.8403413998087895,chandelier_stop,7
2019-02-06 13:15:00,2019-02-06 13:45:00,long,1312.54,1312.1051118134303,1312.1851118134302,1315.7339936791282,477.9099218161947,-207.8373792422887,-1.2254231136099254,stop_loss,2
2019-02-13 13:15:00,2019-02-13 13:30:00,long,1310.81,1310.397654165026,1310.477654165026,1313.8011125147648,508.4494992168648,-209.65703329661324,-1.2407131114075938,stop_loss,1
2019-02-13 13:45:00,2019-02-13 14:30:00,long,1309.94,1311.4944219503298,1309.596880376987,1313.0280766071187,490.6513383904978,495.337398411224,2.9422703474647807,chandelier_stop,3
2019-02-13 15:00:00,2019-02-13 15:30:00,long,1309.19,1308.7239221953885,1308.8039221953884,1312.6647002415045,439.90644483041035,-116.81227447749816,-0.6877859828613018,stop_loss,2
2019-02-15 14:30:00,2019-02-15 14:45:00,long,1317.4199999999998,1316.8802478409957,1316.9602478409956,1321.5577694310368,368.6500961698803,-198.97968532477597,-1.1740067956900984,stop_loss,1
2019-02-20 14:15:00,2019-02-20 15:15:00,long,1343.55,1343.47,1343.0659034387309,1347.9068690514223,348.87820341561076,103.99097070943445,0.6157292672570568,chandelier_stop,4
2019-02-21 14:00:00,2019-02-21 14:45:00,long,1333.84,1337.0699105321703,1333.3041148563168,1338.6629662931477,315.74435955518896,628.9214408270002,3.7169702264136544,chandelier_stop,3
2019-02-22 15:15:00,2019-02-22 15:45:00,long,1322.25,1326.294291468981,1321.7950787256689,1326.344291468981,376.08589763448833,1178.8220357874807,6.8900908732554065,take_profit,2
2019-02-25 14:30:00,2019-02-25 15:00:00,long,1329.4199999999998,1328.905239275645,1328.985239275645,1333.332846519193,401.65988355165047,-116.43331251607306,-0.6667583936141295,stop_loss,2
2019-02-25 15:30:00,2019-02-25 17:45:00,long,1326.94,1328.3291368645966,1326.3650599737532,1332.1144602362215,303.12142836414046,333.6680210705511,1.9145883078782924,chandelier_stop,9
2019-02-26 13:30:00,2019-02-26 14:00:00,long,1325.43,1324.916228595021,1324.996228595021,1329.3339426448117,404.078378682706,-207.60391633746025,-1.1844289390255731,stop_loss,2
2019-02-26 15:00:00,2019-02-26 17:00:00,long,1323.9199999999998,1324.2309887353804,1323.4570254360299,1328.0867710757288,377.2449890037401,180.21947202476886,1.0318607712944574,chandelier_stop,8
2019-02-27 15:00:00,2019-02-27 15:30:00,long,1326.3,1325.8019619372237,1325.8819619372237,1330.0623425649876,419.08981097657545,-117.98175765074164,-0.6734291837409299,stop_loss,2
2019-02-28 13:30:00,2019-02-28 14:30:00,short,1326.67,1322.12694333105,1327.146144932514,1322.3846956073733,367.2023694840982,956.0616881101591,5.468160755410534,chandelier_stop,4
2019-03-05 14:15:00,2019-03-05 15:00:00,short,1286.3600000000001,1286.102277508993,1286.797826816334,1282.4195586529947,405.89047055033285,175.43858918538268,0.9872199272152193,chandelier_stop,3
2019-03-06 14:45:00,2019-03-06 15:00:00,short,1286.79,1287.3149721967627,1287.2349721967628,1282.785250229135,400.5554719273248,-210.28048602302636,-1.1797865138135117,stop_loss,1
2019-03-11 15:15:00,2019-03-11 15:30:00,short,1296.17,1296.7442404800001,1296.6642404800002,1291.7218356799983,359.3497780892991,-206.35318905791823,-1.1618645239254866,stop_loss,1
2019-03-12 14:15:00,2019-03-12 14:30:00,short,1297.24,1297.7555270881562,1297.6755270881563,1293.3202562065942,406.3723062390091,-209.49593174271783,-1.1836854748543708,stop_loss,1
2019-03-13 14:45:00,2019-03-13 17:45:00,long,1306.28,1307.8100000000002,1305.8408937863094,1310.231955923216,401.62870383033396,429.4734854207953,2.4352414676180105,time_stop,12
2019-03-15 14:30:00,2019-03-15 14:45:00,long,1302.4099999999999,1301.8039538956084,1301.8839538956083,1307.1444149395234,337.7005901605204,-204.66212711747798,-1.1520779249804782,stop_loss,1
2019-03-15 15:00:00,2019-03-15 17:45:00,long,1302.07,1302.3391688495446,1301.5247612671317,1306.9771485958136,324.68730273805403,168.35474144392626,0.9509842994753958,chandelier_stop,11
2019-03-18 14:00:00,2019-03-18 15:45:00,long,1304.4199999999998,1304.34,1304.0143256557517,1308.0710690982335,437.63466993870117,104.70661476474048,0.5897729584787847,chandelier_stop,7
2019-03-26 13:45:00,2019-03-26 14:30:00,long,1312.79,1316.01152979816,1312.2741221306107,1317.432900824503,344.75461760456125,680.0882295870134,3.8239153454237282,chandelier_stop,3
2019-03-27 14:00:00,2019-03-27 14:15:00,long,1317.26,1316.6348393216551,1316.714839321655,1322.166446105105,329.97893910256784,-206.28985740887694,-1.1467457268613026,stop_loss,1
2019-03-27 14:30:00,2019-03-27 14:45:00,long,1316.0,1315.3631522722435,1315.4431522722434,1321.01162954981,321.9420027638817,-205.02803292955602,-1.1436658461770701,stop_loss,1
2019-03-27 15:00:00,2019-03-27 15:30:00,long,1315.1599999999999,1314.491570071475,1314.571570071475,1320.4558693567237,303.6174401556258,-111.34105871610296,-0.6232092327147316,stop_loss,2
2019-03-28 13:15:00,2019-03-28 13:30:00,long,1305.85,1305.2793628652296,1305.3593628652295,1310.2657342129341,363.453054805936,-207.39980981798033,-1.1630532919962633,stop_loss,1
2019-03-28 13:45:00,2019-03-28 14:00:00,long,1304.6599999999999,1304.0772567562437,1304.1572567562437,1309.1846891938053,353.4634591534311,-205.9784427363267,-1.1591269519650167,stop_loss,1
2019-03-28 14:15:00,2019-03-28 14:30:00,long,1303.1,1302.4651856724756,1302.5451856724756,1308.09332894772,319.1760232040791,-202.61751253217207,-1.1441923829849463,stop_loss,1
2019-03-29 14:00:00,2019-03-29 14:15:00,short,1293.14,1293.7926026067732,1293.7126026067733,1287.9865765390412,308.1990477353292,-201.13150195707638,-1.1397129511001542,stop_loss,1
2019-03-29 14:30:00,2019-03-29 14:45:00,short,1295.73,1296.447677757881,1296.367677757881,1289.990900179071,275.8010318829894,-197.93626618302034,-1.1254552146616674,stop_loss,1
2019-04-01 14:45:00,2019-04-01 15:00:00,short,1290.9,1291.4690856361124,1291.3890856361124,1286.4982292749899,358.37972308307235,-203.94875268047187,-1.16357053671793,stop_loss,1
2019-04-03 14:15:00,2019-04-03 15:00:00,short,1293.6200000000001,1293.0158384516812,1294.0151373624196,1290.0637637382245,442.0400225032802,253.4806880765312,1.4512264607498206,chandelier_stop,3
2019-04-05 13:45:00,2019-04-05 15:15:00,short,1290.3400000000001,1289.6895178034576,1290.7711384351912,1286.459754083281,406.89244177983875,253.73606157828854,1.4463913995239144,chandelier_stop,6
2019-04-08 15:30:00,2019-04-08 15:45:00,short,1299.4,1299.8619233442453,1299.7819233442453,1295.9626899017924,461.3181715114964,-213.09363254566134,-1.2094661172336074,stop_loss,1
2019-04-10 13:30:00,2019-04-10 13:45:00,long,1304.12,1303.6795366916256,1303.7595366916255,1307.3641697753685,487.0090626389243,-214.50962293821667,-1.221936596988773,stop_loss,1
2019-04-10 14:00:00,2019-04-10 14:15:00,long,1303.43,1302.9962331677793,1303.0762331677793,1306.6139014899863,494.4086136067117,-214.45805814682447,-1.2261376497556906,stop_loss,1
2019-04-11 14:15:00,2019-04-11 14:30:00,long,1302.6499999999999,1302.1092798139255,1302.1892798139254,1306.7964816746708,378.23824557953355,-204.5210545302182,-1.1736411870327654,stop_loss,1
2019-04-18 14:45:00,2019-04-18 15:45:00,short,1276.45,1274.1902298741074,1276.92185106771,1272.2033403906114,368.0153412878835,536.850977314295,3.0915970388896934,chandelier_stop,4
2019-04-24 14:45:00,2019-04-24 15:00:00,short,1273.2,1273.6605914234503,1273.5805914234504,1269.7746771889458,460.49115627296834,-212.09827715403924,-1.2101991665357632,stop_loss,1
2019-04-29 14:15:00,2019-04-29 15:00:00,long,1280.24,1282.5458501335295,1279.8271465741338,1283.955680832795,422.9653404338777,608.040227213641,3.4820230282657594,chandelier_stop,3
2019-05-01 14:30:00,2019-05-01 15:00:00,long,1281.85,1281.453690280173,1281.533690280173,1284.696787478442,557.8292396419938,-128.66602512521482,-0.7292057292441365,stop_loss,2
2019-05-02 14:45:00,2019-05-02 15:15:00,short,1272.0800000000002,1272.5604266933526,1272.4804266933527,1268.4761597598276,439.6830065273335,-119.90742418672188,-0.6810568606027129,stop_loss,2
2019-05-03 15:15:00,2019-05-03 15:30:00,short,1271.26,1271.7360750502482,1271.6560750502483,1267.6953245477641,443.6055491107522,-211.18953408330614,-1.20198192223865,stop_loss,1
2019-05-07 14:15:00,2019-05-07 14:30:00,long,1280.97,1280.5198425885212,1280.5998425885211,1284.301416703311,472.9542516865546,-212.9038616871183,-1.2161242690786718,stop_loss,1
2019-05-07 14:45:00,2019-05-07 15:00:00,long,1280.1699999999998,1279.721037742143,1279.8010377421429,1283.4906603207119,472.7551565308736,-212.2492224896025,-1.2168243452991192,stop_loss,1
2019-05-07 15:15:00,2019-05-07 15:30:00,long,1279.46,1278.987935604195,1279.0679356041949,1282.9885795622465,443.2742788153197,-209.25400460489152,-1.2040481126464826,stop_loss,1
2019-05-09 14:00:00,2019-05-09 14:45:00,long,1282.86,1282.3742858764324,1282.4542858764323,1286.5114271121074,426.8135867768001,-117.52613518423162,-0.6786972545161056,stop_loss,3
2019-05-09 15:00:00,2019-05-09 15:15:00,long,1282.43,1281.9488529236983,1282.0288529236982,1286.0403236867164,430.79392095653213,-207.27523555682205,-1.1994281018758475,stop_loss,1
2019-05-10 15:15:00,2019-05-10 15:30:00,long,1284.6299999999999,1288.3726126732272,1284.2085985918636,1288.4226126732271,408.61253154138006,1529.2784389862643,8.881348284477308,take_profit,1
2019-05-17 13:15:00,2019-05-17 13:30:00,long,1285.04,1284.5905955911805,1284.6705955911805,1288.364639679376,478.54797417158375,-215.06156942431105,-1.2165648218860838,stop_loss,1
2019-05-22 14:15:00,2019-05-22 14:30:00,short,1274.15,1274.5407288942145,1274.4607288942145,1271.3534399520693,566.836718637426,-221.47948427329905,-1.257459159703117,stop_loss,1
2019-05-22 14:45:00,2019-05-22 15:00:00,short,1275.26,1275.6652203220522,1275.5852203220522,1272.333017101529,539.5361126951276,-218.63099734509726,-1.2459870880611064,stop_loss,1
2019-05-22 15:15:00,2019-05-22 16:00:00,short,1276.89,1274.987663622158,1277.2691440531983,1273.4777035212164,461.0707035041505,558.1381799321397,3.192787064992013,chandelier_stop,3
2019-05-27 14:00:00,2019-05-27 14:45:00,long,1285.86,1285.532711102836,1285.6127111028359,1288.0856000744757,713.6860243273454,-139.98555170232916,-0.7931793575505536,stop_loss,3
2019-05-30 14:30:00,2019-05-30 15:00:00,short,1277.45,1277.9270549864736,1277.8470549864737,1273.8765051217367,443.4314621908243,-211.54119019741412,-1.2014834285558857,stop_loss,2
2019-05-30 15:15:00,2019-05-30 15:30:00,short,1279.88,1280.4207196812256,1280.3407196812257,1275.7335228689708,380.77828406401784,-205.8943123766819,-1.173641377305871,stop_loss,1
2019-05-30 15:45:00,2019-05-30 16:00:00,short,1280.43,1281.027559316975,1280.947559316975,1275.771966147225,337.7668239772465,-201.8357126326133,-1.1545716546414737,stop_loss,1
2019-05-31 14:15:00,2019-05-31 14:30:00,long,1296.6,1296.0212244359604,1296.1012244359604,1301.0889800763548,349.2730441035646,-202.15070310482002,-1.1603927813784924,stop_loss,1
2019-06-04 15:00:00,2019-06-04 15:15:00,long,1323.3799999999999,1322.6672397889024,1322.7472397889023,1329.0748418998787,274.3573385660985,-195.55099455251377,-1.1264301999349233,stop_loss,1
2019-06-10 14:15:00,2019-06-10 14:30:00,long,1326.81,1326.1682832468002,1326.2482832468002,1331.8654507787971,308.0124520018557,-197.6567506437144,-1.1424205340934048,stop_loss,1
2019-06-10 14:45:00,2019-06-10 15:00:00,long,1326.26,1325.6141574934147,1325.6941574934147,1331.352582559269,304.7186844837226,-196.8002789903328,-1.1413820967298813,stop_loss,1
2019-06-11 14:45:00,2019-06-11 15:00:00,long,1321.61,1321.0989218607249,1321.1789218607248,1325.489703253475,398.61075693526084,-203.72124394947804,-1.1855812037568352,stop_loss,1
2019-06-12 13:45:00,2019-06-12 14:30:00,long,1335.01,1335.1288329631154,1334.4596197580631,1339.9634221774315,311.09623241613224,139.12275249276095,0.8125321894489255,chandelier_stop,3
2019-06-19 14:45:00,2019-06-19 15:45:00,long,1342.19,1342.2593463471997,1341.6143943541736,1347.3704508124383,298.187811681145,131.6133634079797,0.7668052097298877,chandelier_stop,4
2019-06-25 15:30:00,2019-06-25 15:45:00,long,1425.3,1423.9728109247085,1424.0528109247084,1436.524701677624,137.93692666071925,-183.0683821433875,-1.0641442437115853,stop_loss,1
2019-06-26 13:15:00,2019-06-26 14:00:00,long,1405.37,1403.9806637437848,1404.0606637437847,1417.154026305937,130.97034627286143,-95.23746153682873,-0.5553715668192886,stop_loss,3
2019-06-26 14:15:00,2019-06-26 15:00:00,long,1402.62,1404.9669631054953,1401.2870381399998,1414.6166567400007,128.43466539957154,275.9037268043608,1.6116012109661417,chandelier_stop,3
2019-06-27 16:00:00,2019-06-27 19:00:00,long,1401.03,1406.27,1400.0810883463746,1409.5702048826283,181.28792180249454,599.4618233224126,3.484711909254856,time_stop,12
2019-06-28 15:00:00,2019-06-28 15:15:00,long,1413.48,1412.6234922344481,1412.703492234448,1420.4685698899668,223.85430621716839,-191.73295162723684,-1.1030253701881017,stop_loss,1
2019-07-03 14:45:00,2019-07-03 15:00:00,long,1420.08,1418.8882693166352,1418.968269316635,1430.085576150283,155.83757007644107,-185.71641388110191,-1.0719598740927019,stop_loss,1
2019-07-03 15:15:00,2019-07-03 16:00:00,long,1416.44,1418.1042091953661,1415.2284311964866,1427.3441192316218,142.53607267911988,244.56071387002112,1.4161648891441359,chandelier_stop,3
2019-07-05 15:00:00,2019-07-05 15:15:00,long,1411.54,1410.7115334545929,1410.7915334545928,1418.276198908665,231.70834052525834,-191.96260841696852,-1.1068852048108688,stop_loss,1
2019-07-09 14:30:00,2019-07-09 14:45:00,short,1390.2,1391.1148775387665,1391.0348775387665,1382.6861021511017,207.0364159096889,-189.41296662247387,-1.0958224365673155,stop_loss,1
2019-07-11 14:30:00,2019-07-11 15:15:00,long,1419.0,1419.6372006556971,1418.2849619632252,1425.435342330974,240.94076900710346,199.95164960996277,1.1606079855176556,chandelier_stop,3
2019-07-11 15:45:00,2019-07-11 16:00:00,long,1417.1,1416.0982881894668,1416.1782881894667,1425.3954062947996,187.56586106742142,-187.88693828405636,-1.08679502539264,stop_loss,1
2019-07-12 15:30:00,2019-07-12 15:45:00,long,1405.9099999999999,1405.1126679639265,1405.1926679639264,1412.3659883246617,240.2207066159499,-191.53566511308262,-1.1115243652546627,stop_loss,1
2019-07-15 15:45:00,2019-07-15 16:15:00,long,1411.34,1410.5361090957776,1410.6161090957776,1417.8550181380003,237.25039310030292,-103.07235429399876,-0.6001532131113304,stop_loss,2
2019-07-16 15:45:00,2019-07-16 16:00:00,long,1410.49,1409.684367593598,1409.7643675935979,1417.0206916576199,236.25486267297663,-190.33457353942376,-1.1102486593681569,stop_loss,1
2019-07-18 13:45:00,2019-07-18 14:00:00,long,1419.8799999999999,1419.106740411694,1419.186740411694,1426.1193362947522,246.4634946088914,-190.58026037367793,-1.1153968893462047,stop_loss,1
2019-07-18 14:15:00,2019-07-18 15:15:00,long,1418.3999999999999,1418.345624151145,1417.681373110083,1424.8676420092506,236.96780960086903,115.35172187873098,0.6773782749301219,chandelier_stop,4
2019-07-19 13:45:00,2019-07-19 14:15:00,long,1437.43,1436.508158553561,1436.588158553561,1445.006573017951,202.6955264691335,-100.01417326374865,-0.5861207301049453,stop_loss,2
2019-07-19 15:45:00,2019-07-19 16:00:00,long,1434.97,1433.9466570275365,1434.0266570275364,1443.4600867521729,180.56789274092105,-184.78288408896898,-1.0848047871613464,stop_loss,1
2019-07-24 16:00:00,2019-07-24 17:30:00,long,1424.9199999999998,1424.84,1424.2167747368526,1431.2490273683254,241.43487572898502,111.6440610907114,0.657568735928178,chandelier_stop,6
2019-07-26 15:45:00,2019-07-26 16:15:00,long,1417.69,1424.075157092634,1416.974982545263,1424.125157092634,237.92151516533448,1178.93017764674,6.930071637176552,take_profit,2
2019-07-29 15:30:00,2019-07-29 16:00:00,short,1420.99,1421.5572935350147,1421.4772935350147,1416.6043581848674,356.36595656539987,-112.66394521779495,-0.6487809601203611,stop_loss,2
2019-07-30 14:00:00,2019-07-30 15:30:00,long,1426.6699999999998,1426.59,1426.1361831683034,1431.4743514852673,324.67472849669826,108.88376882123421,0.6282353868584889,chandelier_stop,6
2019-07-31 15:30:00,2019-07-31 16:45:00,long,1429.68,1430.4083697362098,1429.2464407107987,1433.5820336028128,400.5068984320559,266.07849417312525,1.5323263773903923,chandelier_stop,5
2019-08-01 13:15:00,2019-08-01 14:30:00,short,1407.53,1406.9754463407498,1408.2493475171636,1401.0558723455279,242.49992878934736,192.00840448452408,1.1007023011906631,chandelier_stop,5
2019-08-08 15:45:00,2019-08-08 16:00:00,long,1495.07,1493.884827190982,1493.9648271909819,1505.0165552811632,158.36233525862386,-187.6867337211156,-1.0723868695892047,stop_loss,1
2019-08-09 15:30:00,2019-08-09 16:15:00,long,1495.6499999999999,1498.645394188636,1494.786022939815,1503.425793541663,201.9205077759158,428.2087601092719,2.4545557830006657,chandelier_stop,3
2019-08-13 15:00:00,2019-08-13 15:15:00,long,1525.76,1524.4864852150438,1524.5664852150437,1536.5016330646074,147.24519142512298,-187.5189282936008,-1.0670289141016867,stop_loss,1
2019-08-15 14:30:00,2019-08-15 15:00:00,long,1512.12,1510.4398837654983,1510.5198837654982,1526.5210461105146,109.4775194561258,-95.52549825792232,-0.5453092084416682,stop_loss,2
2019-08-16 15:15:00,2019-08-16 15:30:00,long,1511.1499999999999,1510.0244647161876,1510.1044647161875,1520.55981755431,167.27334065880967,-188.2720469526397,-1.076515829966276,stop_loss,1
2019-08-19 14:30:00,2019-08-19 14:45:00,long,1496.78,1495.667907871571,1495.747907871571,1506.0688291558604,168.90484750081487,-187.8377513591421,-1.0775124601732025,stop_loss,1
2019-08-20 15:15:00,2019-08-20 16:00:00,long,1503.29,1503.752682484874,1502.4875573310949,1510.5119840201453,216.54113999459358,175.0027555939719,1.0071414138764174,chandelier_stop,3
2019-08-21 15:00:00,2019-08-21 15:15:00,long,1499.8,1499.0769619863158,1499.1569619863158,1505.5873421231584,271.0366337026377,-195.96978926798494,-1.1244094412732757,stop_loss,1
2019-08-22 13:30:00,2019-08-22 13:45:00,long,1496.56,1495.8230115322885,1495.9030115322885,1502.4728962094032,264.3866030237121,-194.84987744586743,-1.1217677386006426,stop_loss,1
2019-08-22 14:45:00,2019-08-22 15:30:00,long,1493.08,1497.2376875186762,1492.2942705622247,1500.1515649399767,220.32316882745718,582.345165012624,3.363932558201729,chandelier_stop,3
2019-08-23 15:15:00,2019-08-23 15:30:00,short,1502.22,1503.0419360437359,1502.961936043736,1495.5425756063762,235.68262593929552,-193.7160451418165,-1.1078260055908586,stop_loss,1
2019-08-26 16:00:00,2019-08-26 19:00:00,long,1527.21,1529.91,1525.6793037265384,1540.9862664611546,113.85687020530169,281.5705682204783,1.61561914533414,time_stop,12
2019-08-28 15:45:00,2019-08-28 16:30:00,long,1541.28,1540.2268209960628,1540.3068209960627,1550.038611035436,179.95147647802455,-189.52111675415483,-1.0822048150199133,stop_loss,3
2019-09-03 14:00:00,2019-09-03 14:30:00,long,1530.3899999999999,1529.508580664533,1529.5885806645329,1537.6027740192033,217.80911385665905,-103.0693783974252,-0.590464500657057,stop_loss,2
2019-09-03 14:45:00,2019-09-03 17:45:00,long,1529.61,1544.3100000000002,1528.8129816763771,1536.7831649126056,218.6238659588795,1732.1052385116805,9.940503885412884,time_stop,12
2019-09-05 13:15:00,2019-09-05 13:30:00,long,1539.8,1538.7381692543186,1538.8181692543185,1548.636476711133,182.76423269008455,-194.06468148119973,-1.081480438814738,stop_loss,1
2019-09-09 15:30:00,2019-09-09 15:45:00,short,1512.67,1513.5274436106229,1513.447443610623,1505.673007504394,230.06343659865388,-197.26642374943825,-1.1029013537532752,stop_loss,1
2019-09-09 16:00:00,2019-09-09 16:45:00,short,1514.0,1509.9044924452833,1514.8182549499759,1506.635705450217,217.86553146494148,574.3904888896391,3.2220336582357527,chandelier_stop,3
2019-09-12 14:45:00,2019-09-12 15:00:00,short,1504.32,1505.1252126076863,1505.0452126076864,1497.793086530821,248.19303899196086,-199.84816413632208,-1.1103124782333023,stop_loss,1
2019-09-13 13:15:00,2019-09-13 14:00:00,short,1507.0,1501.8993481959626,1507.843897678904,1499.404920889864,212.57692847020797,671.3709060308279,3.742455086851421,chandelier_stop,3
2019-09-13 15:00:00,2019-09-13 15:15:00,short,1507.94,1508.8730788138014,1508.7930788138015,1500.2622906757874,212.65009317755533,-198.41929669685572,-1.0937779706935158,stop_loss,1
2019-09-16 13:15:00,2019-09-16 16:15:00,short,1504.3700000000001,1501.8999999999999,1505.4050713308332,1495.0543580225037,174.68557573424155,346.97857015289065,1.919001559560472,time_stop,12
2019-09-17 14:30:00,2019-09-17 15:00:00,short,1500.6200000000001,1501.4334010822595,1501.3534010822596,1494.0193902596643,247.95841110949726,-201.68963995177663,-1.1090808316691685,stop_loss,2
2019-09-17 15:15:00,2019-09-17 15:30:00,short,1503.48,1504.3738327907158,1504.293832790716,1496.1555048835578,222.70901370752952,-199.06461923976568,-1.098300290812264,stop_loss,1
2019-09-17 15:45:00,2019-09-17 16:15:00,short,1504.6000000000001,1505.5249119470968,1505.444911947097,1496.995792476129,213.8100957220476,-105.82658408256447,-0.5858077581327314,stop_loss,2
2019-09-18 15:15:00,2019-09-18 15:30:00,short,1502.0900000000001,1502.606611630072,1502.526611630072,1498.1604953293534,413.02890741487994,-213.37553712637285,-1.1832292007126777,stop_loss,1
2019-09-18 15:45:00,2019-09-18 16:00:00,short,1504.06,1504.6519508442966,1504.5719508442967,1499.45244240133,350.9967801082101,-207.77284033046467,-1.1562650025703602,stop_loss,1
2019-09-19 14:00:00,2019-09-19 14:15:00,short,1498.5,1499.2781439592159,1499.198143959216,1492.2167043670556,256.49406119899487,-199.58930429674294,-1.1145895469607334,stop_loss,1
2019-09-19 14:30:00,2019-09-19 14:45:00,short,1499.82,1500.621996577079,1500.541996577079,1493.3220308062878,247.19093850826636,-198.24628656859508,-1.1108038494082177,stop_loss,1
2019-09-19 15:00:00,2019-09-19 15:15:00,short,1501.3,1502.1080990894202,1502.0280990894203,1494.7471081952176,244.30228689046325,-197.42045557946525,-1.1098751545804302,stop_loss,1
2019-09-19 16:00:00,2019-09-19 16:45:00,short,1503.6200000000001,1500.4856232889026,1504.528010024285,1495.4479097814353,195.24455294545012,434.06688448292994,2.448426574930369,chandelier_stop,3
2019-09-25 13:15:00,2019-09-25 13:30:00,long,1529.44,1528.6816146830738,1528.7616146830737,1535.5454678523372,263.2518827561118,-199.64636253542614,-1.1179270806779793,stop_loss,1
2019-09-25 15:15:00,2019-09-25 15:30:00,long,1527.32,1526.5283954257063,1526.6083954257062,1533.724441168643,250.12103527301477,-197.9969556491731,-1.1124219867183012,stop_loss,1
2019-09-25 15:45:00,2019-09-25 16:00:00,long,1526.59,1525.7879021782876,1525.8679021782875,1533.0888803954115,245.66378214481938,-197.04638453197026,-1.1107883137082644,stop_loss,1
2019-09-26 15:30:00,2019-09-26 18:30:00,long,1503.0,1508.73,1502.1355247744377,1510.7802770300596,204.519617889351,713.4373219108684,4.035230063305556,time_stop,12
2019-10-01 13:30:00,2019-10-01 13:45:00,short,1468.07,1469.1959432028175,1469.1159432028176,1458.6565111746413,171.08238218910287,-192.62904534765508,-1.0764859887080087,stop_loss,1
2019-10-02 14:15:00,2019-10-02 14:30:00,short,1485.48,1486.4136964761046,1486.3336964761047,1477.7967317150583,208.93206500084435,-195.07913283654867,-1.093710120914353,stop_loss,1
2019-10-02 15:15:00,2019-10-02 15:30:00,short,1486.26,1487.2122877200652,1487.1322877200653,1478.4094105194133,203.80813136367502,-194.08398074706585,-1.0917128582229034,stop_loss,1
2019-10-03 14:15:00,2019-10-03 14:30:00,short,1502.5900000000001,1503.6105158225796,1503.5305158225797,1494.1253575967837,188.40414381307457,-192.2694098007777,-1.0850597066836296,stop_loss,1
2019-10-03 14:45:00,2019-10-03 15:45:00,short,1503.3500000000001,1501.8706688476723,1504.2942712959998,1494.8515583360022,187.04398917406562,266.139102840845,1.506843482579187,chandelier_stop,4
2019-10-07 13:45:00,2019-10-07 14:00:00,long,1501.1399999999999,1500.4046921655638,1500.4846921655637,1507.037770509925,270.7409831709469,-199.07796602852173,-1.1220800298668225,stop_loss,1
2019-10-07 14:15:00,2019-10-07 14:30:00,long,1499.45,1498.6426937550016,1498.7226937550015,1505.9957562049865,243.11829396863484,-196.2709169942532,-1.1099949306774994,stop_loss,1
2019-10-07 14:45:00,2019-10-07 15:30:00,long,1498.6,1503.2940735115471,1497.872858390792,1505.144274482871,242.3635760822338,694.9516124680355,3.9433762644986956,chandelier_stop,3
2019-10-08 13:15:00,2019-10-08 13:45:00,short,1502.4,1503.3257459961828,1503.245745996183,1494.7882860343555,210.8404844575309,-195.18473431978862,-1.0945910478571568,stop_loss,2
2019-10-09 14:30:00,2019-10-09 15:15:00,long,1500.48,1505.9952854540843,1499.554108430967,1508.813024121297,191.95761934183457,657.8505484149736,3.701363656865631,chandelier_stop,3
2019-10-10 13:15:00,2019-10-10 15:30:00,long,1506.1299999999999,1506.05,1505.2011414937574,1514.4897265561815,193.4691794258868,122.20362309144407,0.680021634551331,chandelier_stop,9
2019-10-14 14:30:00,2019-10-14 15:15:00,short,1496.38,1492.1046726478364,1497.1853551620138,1489.1318035418776,223.59340619920877,607.4317453945572,3.373269553273065,chandelier_stop,3
2019-10-15 13:30:00,2019-10-15 14:15:00,short,1496.69,1493.4710618668926,1497.4305602819636,1490.0249574623288,245.61727592068863,525.593775240741,2.889554476716786,chandelier_stop,3
2019-10-17 14:15:00,2019-10-17 15:00:00,short,1489.3400000000001,1490.330511961112,1490.2505119611121,1481.145392349992,201.5033171146921,-106.34458070913553,-0.5796255327732237,stop_loss,3
2019-10-17 15:30:00,2019-10-17 16:15:00,short,1491.32,1489.621618270684,1492.2345337091263,1483.089196617863,200.26833879038847,302.4234453321808,1.6512143089240494,chandelier_stop,3
2019-10-18 13:45:00,2019-10-18 14:30:00,short,1489.04,1489.012435814996,1489.6120783232143,1483.8912950910717,321.7381424214164,134.43533405263804,0.7303909586453515,chandelier_stop,3
2019-10-18 15:15:00,2019-10-18 15:30:00,short,1490.0900000000001,1490.9048657213666,1490.8248657213667,1483.4762085077011,251.01554973835704,-204.54396701174463,-1.1088634258938652,stop_loss,1
2019-10-18 15:45:00,2019-10-18 16:00:00,short,1490.3600000000001,1491.1814658515866,1491.1014658515867,1483.6868073357218,247.953551385094,-203.68537524244857,-1.1078943822277816,stop_loss,1
2019-10-21 13:15:00,2019-10-21 14:00:00,short,1491.51,1492.1767321325065,1492.0967321325065,1486.229410807442,312.3027099660153,-114.26096397548139,-0.6235657568134397,stop_loss,3
2019-10-24 14:00:00,2019-10-24 14:30:00,short,1490.0900000000001,1490.6678319142509,1490.587831914251,1485.6095127717435,367.38354227298873,-212.28593549581768,-1.1606968089225853,stop_loss,2
2019-10-24 14:45:00,2019-10-24 15:00:00,short,1490.49,1491.0352466164754,1490.9552466164755,1486.30278045172,391.74577063714514,-213.59805595846095,-1.1719518147299424,stop_loss,1
2019-10-24 15:15:00,2019-10-24 15:30:00,short,1492.51,1493.0838350927772,1493.0038350927773,1488.0654841650037,367.76973284387157,-211.03917876712543,-1.1619973978560516,stop_loss,1
2019-10-24 15:45:00,2019-10-24 16:15:00,short,1494.1100000000001,1494.7906537279562,1494.7106537279562,1488.704116448396,301.31251031969686,-112.33739829982872,-0.6207018230730622,stop_loss,2
2019-10-28 14:00:00,2019-10-28 14:15:00,long,1503.3899999999999,1502.700973578304,1502.780973578304,1508.8712377952634,296.6168034309515,-204.37681468289614,-1.1313571910019153,stop_loss,1
2019-10-28 14:30:00,2019-10-28 14:45:00,long,1502.36,1501.61793129966,1501.69793129966,1508.3186183030587,271.92697656900026,-201.78849808989315,-1.120833381730412,stop_loss,1
2019-10-30 13:15:00,2019-10-30 13:30:00,short,1492.99,1493.5798749884632,1493.4998749884633,1488.4011251038303,351.90777843588023,-207.58159674496807,-1.1569012048248235,stop_loss,1
2019-10-30 14:15:00,2019-10-30 15:00:00,short,1494.1200000000001,1492.2336683109206,1494.6263106399808,1489.5632042401735,353.15518885145354,458.3597044853136,2.5634437083422754,chandelier_stop,3
2019-11-06 15:30:00,2019-11-06 15:45:00,short,1486.8,1487.5841775197027,1487.5041775197028,1480.4624023226734,255.87483802291325,-200.65129583515872,-1.113607716465708,stop_loss,1
2019-11-06 16:00:00,2019-11-06 16:45:00,short,1488.88,1487.3689159423525,1489.5880153103562,1482.507862206795,253.6376717835529,319.9774955102895,1.7818167109357725,chandelier_stop,3
2019-11-12 15:00:00,2019-11-12 15:45:00,short,1454.04,1454.12,1454.8526838546602,1446.7258453080574,222.1519307379977,120.96459004632054,0.6700180985173922,chandelier_stop,3
2019-11-13 13:45:00,2019-11-13 14:30:00,short,1465.6100000000001,1466.4364481816428,1466.356448181643,1458.8919663652155,242.35062206780023,-108.02151068115386,-0.5971266348862627,stop_loss,3
2019-11-14 15:45:00,2019-11-14 17:45:00,short,1469.67,1469.5435333814364,1470.3730393285355,1463.3426460431822,256.85350634174864,145.25394702094056,0.8043828883108136,chandelier_stop,8
2019-11-15 13:15:00,2019-11-15 14:00:00,short,1466.18,1466.849592936234,1466.7695929362342,1460.8736635738921,307.0150053487955,-205.57507889940928,-1.1356868359226089,stop_loss,3
2019-11-15 16:00:00,2019-11-15 17:00:00,short,1467.77,1467.1020219386546,1468.4781518889142,1461.3966329997709,254.74358828784463,214.01083934127024,1.1863315773208698,chandelier_stop,4
2019-11-19 13:30:00,2019-11-19 14:00:00,short,1467.26,1467.9528234733461,1467.8728234733462,1461.744588739884,295.4181646540364,-204.67263892515498,-1.1305433024017504,stop_loss,2
2019-11-19 14:15:00,2019-11-19 15:00:00,short,1468.02,1468.68322637425,1468.60322637425,1462.770962631751,309.35701093438934,-112.64096721076189,-0.6243085072981599,stop_loss,3
2019-11-19 15:15:00,2019-11-19 15:30:00,short,1468.26,1468.9484470917052,1468.8684470917053,1462.7839761746523,295.97847929506077,-203.76552327802915,-1.1314822621235754,stop_loss,1
2019-11-20 14:00:00,2019-11-20 14:15:00,long,1474.12,1473.4131479318778,1473.4931479318777,1479.7616686130996,286.31308324827165,-202.38099502445263,-1.1276218171211916,stop_loss,1
2019-11-20 14:30:00,2019-11-20 15:15:00,long,1472.9199999999998,1472.1790663290171,1472.259066329017,1478.8684030388458,270.6304932438478,-109.0551134499303,-0.6096933068822611,stop_loss,3
2019-11-21 15:15:00,2019-11-21 16:00:00,long,1467.59,1469.3403874999374,1466.8305778599483,1474.4247992604642,235.10196848759398,333.78845424289455,1.8695272104010607,chandelier_stop,3
2019-11-26 13:15:00,2019-11-26 16:15:00,short,1458.26,1454.1799999999998,1458.7590412216057,1453.7686290055483,359.7759015261851,859.6056956267369,4.787742600734908,time_stop,12
2019-11-28 16:00:00,2019-11-28 19:00:00,short,1456.41,1455.72,1456.7767672996715,1453.109094302958,496.55959692139515,295.49043788146935,1.6224878152624755,time_stop,12
2019-12-02 13:15:00,2019-12-02 13:30:00,short,1458.2,1458.8166112234708,1458.7366112234708,1453.370498988762,341.0444765182971,-210.2918519238808,-1.149083724865998,stop_loss,1
2019-12-02 15:30:00,2019-12-02 15:45:00,short,1459.46,1460.1173059795528,1460.037305979553,1454.2642461840232,315.9111887043365,-207.6503133429941,-1.1385746949336768,stop_loss,1
2019-12-09 14:15:00,2019-12-09 14:45:00,short,1464.1100000000001,1464.5698029841374,1464.4898029841374,1460.6917731427639,478.54933978330695,-220.03841448927096,-1.210635522471314,stop_loss,2
2019-12-10 13:15:00,2019-12-10 13:30:00,short,1465.1100000000001,1465.5870459994433,1465.5070459994433,1461.5365860050117,456.1042103865264,-217.58268889406233,-1.2014879890796386,stop_loss,1
2019-12-13 16:00:00,2019-12-13 17:00:00,long,1468.34,1468.9962165896377,1467.399584271764,1476.8037415541216,191.87429407947758,193.48989309538138,1.0723130852857188,chandelier_stop,4
2019-12-16 14:15:00,2019-12-16 15:00:00,long,1476.22,1476.14,1475.7779358202588,1480.1985776176707,409.4927432974524,109.1495269425228,0.602962526758018,chandelier_stop,3
2019-12-17 14:30:00,2019-12-17 15:00:00,long,1478.74,1478.2567277980177,1478.3367277980176,1482.369449817842,449.695072869197,-123.27765391128956,-0.6797793144271693,stop_loss,2
2019-12-17 15:30:00,2019-12-17 15:45:00,long,1477.51,1476.9895005372548,1477.0695005372547,1481.4744951647072,410.85110108188513,-213.84777738139195,-1.181612026269803,stop_loss,1
2019-12-23 13:15:00,2019-12-23 13:30:00,long,1483.7,1483.2127985746931,1483.292798574693,1487.3648128277625,442.8720892289802,-215.76791310101305,-1.1964629665517854,stop_loss,1
2019-12-23 14:45:00,2019-12-23 15:00:00,long,1482.58,1482.0978280156328,1482.1778280156327,1486.1995478593049,446.80099362503586,-215.43492171339417,-1.198919872864344,stop_loss,1
2019-12-23 15:15:00,2019-12-23 16:15:00,long,1481.31,1482.1633417255032,1480.8773619114384,1485.2037427970538,413.84367717960504,300.51234995075737,1.678422331207815,chandelier_stop,4
2019-12-27 13:30:00,2019-12-27 13:45:00,long,1509.9199999999998,1509.280124763778,1509.360124763778,1514.9588771259967,321.40388226929014,-205.65838508965572,-1.1428889774439468,stop_loss,1
2019-12-30 13:15:00,2019-12-30 13:30:00,long,1511.32,1510.8432027072106,1510.9232027072105,1514.8911756351042,451.94133783578735,-215.48440637969705,-1.2016142787606774,stop_loss,1
2020-01-06 15:30:00,2020-01-06 15:45:00,long,1574.26,1573.2279717330612,1573.307971733061,1582.82825440245,187.68628237085338,-193.69754872338245,-1.0840311183796625,stop_loss,1
2020-01-08 13:45:00,2020-01-08 14:45:00,long,1577.52,1575.8630222123684,1575.9430222123683,1591.7128000886858,112.93853019644156,-97.23882018301342,-0.5459740147062029,stop_loss,4
2020-01-08 15:15:00,2020-01-08 15:30:00,long,1572.43,1570.7767153151085,1570.8567153151084,1586.5895621640257,113.01822151739573,-186.8512947483921,-1.0508490299105897,stop_loss,1
2020-01-14 14:00:00,2020-01-14 14:15:00,long,1543.1499999999999,1542.3297132598043,1542.4097132598042,1549.8125806617604,239.43328107689743,-196.40394562889784,-1.1080662338741671,stop_loss,1
2020-01-14 14:30:00,2020-01-14 15:00:00,long,1542.8999999999999,1542.1072782699332,1542.1872782699331,1549.3144955705995,247.86682354884283,-106.30038036021315,-0.6017227298417657,stop_loss,2
2020-01-15 15:15:00,2020-01-15 15:45:00,long,1548.76,1554.2864478084325,1548.140394687952,1554.3364478084325,284.60241824258105,1220.158070241651,6.9193034678253325,take_profit,2
2020-01-16 15:45:00,2020-01-16 16:30:00,long,1553.23,1553.6316222802614,1552.6181242277428,1558.736881950315,294.1800485276406,186.7213630169872,1.0373314291920988,chandelier_stop,3
2020-01-23 14:00:00,2020-01-23 17:00:00,long,1552.9199999999998,1560.41,1552.3382626650832,1558.155636014249,310.3837378607485,1290.0488611904573,7.144638570916712,time_stop,12
2020-01-24 13:15:00,2020-01-24 14:30:00,long,1559.1499999999999,1558.4980335930077,1558.5780335930076,1564.2976976629302,322.45242516601013,-115.59377834858618,-0.6267556959877805,stop_loss,5
2020-01-24 15:15:00,2020-01-24 18:15:00,long,1557.3,1572.0800000000002,1556.7401487705274,1562.338661065252,328.8108769298077,2559.7559888728974,13.905280567909042,time_stop,12
2020-01-28 14:00:00,2020-01-28 14:15:00,long,1578.1699999999998,1577.4528635810232,1577.532863581023,1583.9042277707908,300.978622423895,-215.84273147360608,-1.1255618068865192,stop_loss,1
2020-01-28 14:30:00,2020-01-28 14:45:00,long,1574.5,1573.6613466591477,1573.7413466591477,1581.3278800676717,251.91599798477003,-211.27019332405882,-1.1054500068635413,stop_loss,1
2020-01-30 15:30:00,2020-01-30 16:30:00,long,1578.19,1578.1100000000001,1577.4470904398236,1584.8761860415889,256.40146946025595,126.19623166409106,0.6625061737198544,chandelier_stop,4
2020-02-03 15:30:00,2020-02-03 16:45:00,long,1576.74,1576.66,1575.862472186606,1584.6377503205465,217.49930735771562,129.00881372199808,0.6759282737164252,chandelier_stop,5
2020-02-04 14:15:00,2020-02-04 14:30:00,long,1569.3999999999999,1568.567113092675,1568.647113092675,1576.1759821659232,254.02051248443271,-211.57035904021777,-1.1062576586491335,stop_loss,1
2020-02-04 14:45:00,2020-02-04 15:00:00,long,1566.85,1565.9954444523576,1566.0754444523575,1573.8209999287808,246.09468945713257,-210.30158212091368,-1.1032850390697346,stop_loss,1
2020-02-04 15:15:00,2020-02-04 15:30:00,long,1566.37,1565.5201791451452,1565.6001791451451,1573.2983876936935,246.7887184659944,-209.72619969525985,-1.1039202815764486,stop_loss,1
2020-02-19 14:45:00,2020-02-19 15:00:00,long,1607.87,1607.122990225496,1607.202990225496,1613.8730879705356,283.8847807886428,-212.06470608198325,-1.1199382723580513,stop_loss,1
2020-02-24 14:15:00,2020-02-24 15:00:00,long,1680.57,1678.7419092294886,1678.8219092294885,1696.3028169346037,107.95648182814432,-102.18570968286657,-0.5414738188788228,stop_loss,3
2020-02-25 13:45:00,2020-02-25 16:45:00,long,1643.6599999999999,1651.17,1641.5561013977115,1662.5950874205948,89.5533521276575,475.3423827148877,2.5228991292370564,time_stop,12
2020-02-26 15:15:00,2020-02-26 15:30:00,long,1642.24,1640.760673581107,1640.840673581107,1654.833937770037,135.66327124013154,-200.69026121896323,-1.0571703634833214,stop_loss,1
2020-02-26 15:45:00,2020-02-26 16:00:00,long,1637.57,1635.9613716081994,1636.0413716081994,1651.327655526205,123.79406908254937,-199.1386542627006,-1.0523344983182574,stop_loss,1
2020-03-03 13:15:00,2020-03-03 13:45:00,short,1602.54,1603.8444193021433,1603.7644193021433,1591.52022628071,154.06300149230336,-200.96275289269062,-1.065337094784349,stop_loss,2
2020-03-04 15:30:00,2020-03-04 15:45:00,long,1643.06,1641.3934333426614,1641.4734333426613,1657.3390999160479,118.51681342532385,-197.5161695886568,-1.0504233463056154,stop_loss,1
2020-03-10 16:00:00,2020-03-10 16:15:00,long,1653.6599999999999,1651.362535695222,1651.442535695222,1673.6171787430003,84.53000826304148,-194.20467666691067,-1.0360772436460666,stop_loss,1
2020-03-11 15:30:00,2020-03-11 16:00:00,long,1660.76,1659.0717691133696,1659.1517691133695,1675.2340779796746,116.18957422672847,-101.85357511936654,-0.5450805917251301,stop_loss,2
2020-03-13 14:45:00,2020-03-13 17:45:00,short,1593.97,1534.85,1596.883424826968,1567.7491765572881,64.03257757800708,2031.1177547043303,10.887553482283609,time_stop,12
2020-03-17 15:15:00,2020-03-17 15:30:00,short,1487.05,1490.1228830371533,1490.0428830371534,1460.1140526656181,64.3685209622682,-197.79693619160446,-1.026730078993002,stop_loss,1
2020-03-23 14:15:00,2020-03-23 14:45:00,short,1518.18,1520.84747177118,1520.76747177118,1494.8927540593809,74.22460250396188,-101.40831553455877,-0.5280196293569118,stop_loss,2
2020-03-27 14:00:00,2020-03-27 16:00:00,long,1617.73,1617.65,1615.5905116998392,1636.9853947014462,89.6241586107474,137.9868087598936,0.7196189037373768,chandelier_stop,8
2020-04-01 14:15:00,2020-04-01 14:45:00,long,1590.01,1588.5392682926079,1588.6192682926078,1602.526585366529,138.1746013011092,-106.09955818718574,-0.5521308312844039,stop_loss,2
2020-04-01 15:45:00,2020-04-01 16:15:00,long,1582.29,1580.3115537043948,1580.3915537043947,1599.3760166604463,101.05395183170246,-103.24916176337541,-0.5381891234783758,stop_loss,2
2020-04-03 14:00:00,2020-04-03 15:45:00,long,1608.28,1610.1488867669916,1606.7257597425437,1622.2681623171068,123.23432758031251,255.7264586068821,1.3351369369265096,chandelier_stop,7
2020-04-08 14:15:00,2020-04-08 14:30:00,long,1647.34,1645.7335479761978,1645.8135479761977,1661.0780682142208,125.98033177793081,-202.3813589439231,-1.0524091152243724,stop_loss,1
2020-04-09 14:30:00,2020-04-09 17:15:00,long,1657.58,1672.256555973057,1656.0731717221556,1671.1414545005994,127.21807198834179,1074.1529666045917,5.603424968232631,chandelier_stop,11
2020-04-16 15:45:00,2020-04-16 16:00:00,long,1728.74,1726.6180901434202,1726.6980901434201,1747.1171887092196,95.45879148218647,-202.5549505432478,-1.0391790067235995,stop_loss,1
2020-04-17 13:15:00,2020-04-17 13:30:00,long,1689.03,1686.5016863840879,1686.5816863840878,1711.0648225432092,79.36507035298847,-200.65978800128337,-1.0326755524619018,stop_loss,1
2020-04-17 13:45:00,2020-04-17 15:00:00,long,1684.4199999999998,1692.0234120950352,1682.0204081577083,1706.016326580624,80.72564658498706,450.15848990408006,2.3238951854041177,chandelier_stop,5
2020-04-22 15:00:00,2020-04-22 18:00:00,long,1695.33,1709.93,1693.3195924385734,1713.4236680528388,97.02464426683264,852.148595900285,4.368669238807475,time_stop,12
2020-04-24 15:00:00,2020-04-24 15:45:00,long,1730.75,1730.67,1729.1756021869828,1744.919580317155,125.51816487076269,140.05296248325232,0.7087143735449083,chandelier_stop,3
2020-04-27 13:15:00,2020-04-27 14:45:00,long,1716.86,1715.2371804287677,1715.3171804287676,1730.7453761410911,128.35958711344125,-108.32391164267057,-0.5469918850861011,stop_loss,6
2020-04-29 14:00:00,2020-04-29 15:30:00,long,1703.29,1704.565854192967,1702.077009291737,1714.2069163743654,162.99441543301407,248.1867273586236,1.2553023838585846,chandelier_stop,6
2020-04-30 13:15:00,2020-04-30 14:00:00,long,1714.72,1713.385479052727,1713.465479052727,1726.0106885254581,158.1920748572937,-110.69656122767182,-0.5577909840067069,stop_loss,3
2020-04-30 15:30:00,2020-04-30 15:45:00,long,1712.06,1710.591244385478,1710.6712443854778,1724.5588005306986,142.66238051217724,-209.53617235833772,-1.0576055276849103,stop_loss,1
2020-05-01 13:30:00,2020-05-01 13:45:00,short,1677.82,1679.642454884637,1679.562454884637,1662.1379060382667,113.34271844945889,-206.5619908762474,-1.045912236067215,stop_loss,1
2020-05-01 14:30:00,2020-05-01 15:30:00,short,1683.54,1682.376710331893,1685.3537033777623,1667.2166696001389,108.54855862405124,208.07915997278278,1.0569106232465983,chandelier_stop,4
2020-05-04 13:45:00,2020-05-04 14:30:00,short,1708.95,1705.4115570018212,1710.4154883356578,1695.7606049790802,134.766766887265,383.187435848237,1.9401981453210666,chandelier_stop,3
2020-05-06 13:15:00,2020-05-06 13:30:00,long,1700.79,1699.5051308493098,1699.5851308493097,1711.6338223562113,164.87158551726066,-211.8384140565021,-1.0663972514808748,stop_loss,1
2020-05-06 15:45:00,2020-05-06 16:00:00,long,1695.51,1693.9337945298378,1694.0137945298377,1708.9758492314604,132.343569063068,-208.60065749799958,-1.053468592112051,stop_loss,1
2020-05-07 15:00:00,2020-05-07 15:15:00,short,1695.43,1696.8281911989836,1696.7481911989837,1683.5662792091466,149.74107713104175,-209.3666561709422,-1.0606892232793006,stop_loss,1
2020-05-07 16:00:00,2020-05-07 16:45:00,short,1697.8700000000001,1697.4952582334226,1699.2886593823973,1685.1020655584246,138.6938066130285,170.08928841040543,0.8644537478858308,chandelier_stop,3
2020-05-11 13:15:00,2020-05-11 13:30:00,long,1698.08,1696.574220920674,1696.6542209206739,1710.9120117139337,138.35911941591647,-208.3382674504514,-1.0561096744649545,stop_loss,1
2020-05-12 13:45:00,2020-05-12 14:30:00,long,1702.3,1702.22,1701.1812842451639,1712.3684417935242,175.7770213253555,136.05788593498988,0.6918976628165358,chandelier_stop,3
2020-05-12 15:30:00,2020-05-12 18:30:00,long,1700.96,1708.64,1699.746361669132,1711.8827449778112,162.36525473920395,767.2129693945533,3.8934405975556263,time_stop,12
2020-05-14 13:45:00,2020-05-14 14:00:00,long,1715.8899999999999,1714.8165974090173,1714.8965974090172,1724.8306233188446,200.67829243693149,-215.40859905576534,-1.0805312979109423,stop_loss,1
2020-05-14 14:15:00,2020-05-14 14:30:00,long,1715.47,1714.40040797002,1714.48040797002,1724.3763282698203,200.7980095268834,-214.77195062579418,-1.0808413948135187,stop_loss,1
2020-05-15 13:30:00,2020-05-15 14:30:00,long,1731.07,1731.1633633203803,1729.9103443893437,1741.5069004959064,170.79535699369606,152.25097240123864,0.7686966371662194,chandelier_stop,4
2020-05-18 15:15:00,2020-05-18 15:30:00,long,1755.05,1753.3740973051938,1753.4540973051937,1769.4131242532567,124.39389166711607,-208.4720582623447,-1.0501283695179429,stop_loss,1
2020-05-19 13:15:00,2020-05-19 14:00:00,long,1734.47,1733.033889373396,1733.113889373396,1746.674995639436,145.92845662581615,-109.52737848246076,-0.5534617151268015,stop_loss,3
2020-05-19 14:30:00,2020-05-19 15:15:00,long,1732.44,1732.3600000000001,1731.1361427941415,1744.1747148527272,151.52468209788256,138.3258071277091,0.7001479151950997,chandelier_stop,3
2020-05-21 13:15:00,2020-05-21 14:00:00,long,1732.29,1735.4068459740367,1731.0780491231865,1743.1975578913207,163.35771509211187,398.98261995914874,2.015251765855519,chandelier_stop,3
2020-05-25 14:30:00,2020-05-25 15:30:00,long,1727.08,1727.0,1726.3046511570692,1734.0581395863765,256.88885166467765,132.68608006681904,0.6661667672653656,chandelier_stop,4
2020-05-28 14:15:00,2020-05-28 15:30:00,short,1724.68,1724.1866919609,1725.7832856255784,1714.7504293697957,180.89289619412375,189.778036654645,0.9509035687688863,chandelier_stop,5
2020-05-29 13:30:00,2020-05-29 13:45:00,short,1726.7,1727.8445537529972,1727.7645537529972,1717.1190162230243,188.00916880587206,-215.1865997546311,-1.0751488591108633,stop_loss,1
2020-05-29 15:00:00,2020-05-29 15:15:00,short,1729.6000000000001,1730.7962315242203,1730.7162315242203,1719.553916282018,178.7266370122275,-213.79843741187634,-1.0716697192867892,stop_loss,1
2020-06-01 13:15:00,2020-06-01 14:00:00,long,1733.82,1732.5268686896902,1732.6068686896901,1744.7381817927876,163.92200040397435,-111.31380059861507,-0.5597626978908162,stop_loss,3
2020-06-01 14:15:00,2020-06-01 14:30:00,long,1733.12,1731.8163423221117,1731.8963423221116,1744.1329191009945,162.23897690037728,-211.504087888898,-1.0653777616448985,stop_loss,1
2020-06-04 13:15:00,2020-06-04 13:30:00,short,1707.69,1708.8755678264126,1708.7955678264127,1697.7398895622857,178.9944069875188,-212.21001003220138,-1.072361005890983,stop_loss,1
2020-06-04 13:45:00,2020-06-04 14:00:00,short,1709.97,1711.1633212380802,1711.0833212380803,1699.950108857277,177.17602134604303,-211.42790915078686,-1.0718570680802533,stop_loss,1
2020-06-10 14:30:00,2020-06-10 14:45:00,short,1721.71,1722.7386613940942,1722.6586613940942,1713.1720474531526,207.25998226522384,-213.20034229686675,-1.0843293513343755,stop_loss,1
2020-06-10 15:00:00,2020-06-10 15:30:00,short,1723.53,1724.5991519163363,1724.5191519163363,1714.6276327529733,198.12926553753846,-112.35434309584514,-0.573295111501639,stop_loss,2
2020-06-11 13:30:00,2020-06-11 14:15:00,long,1731.36,1730.1566973545557,1730.2366973545556,1741.4697238089984,174.16755889692664,-110.4485878497586,-0.5645418225390727,stop_loss,3
2020-06-11 14:30:00,2020-06-11 15:15:00,long,1726.56,1729.4963092729054,1725.3574424235596,1737.3830181879634,162.4134575527582,380.87138471153435,1.9500711356578948,chandelier_stop,3
2020-06-16 14:15:00,2020-06-16 15:00:00,long,1726.43,1726.3500000000001,1725.0975636607795,1738.4219270529854,147.43980051234365,137.75702400425973,0.7012171815743438,chandelier_stop,3
2020-06-17 13:15:00,2020-06-17 13:30:00,long,1714.85,1713.4434176880586,1713.5234176880585,1726.789240807472,148.40196296148525,-208.739576158992,-1.0603053419903155,stop_loss,1
2020-06-22 13:30:00,2020-06-22 15:00:00,long,1745.2,1746.5757020111344,1743.9211392501793,1756.7097467483877,153.45001433589442,248.89539660205054,1.268313667582717,chandelier_stop,6
2020-06-24 14:45:00,2020-06-24 15:00:00,long,1775.07,1773.8368981448957,1773.9168981448956,1785.4479166959381,170.83303240856884,-210.65452917608616,-1.0693780862859608,stop_loss,1
2020-06-25 15:15:00,2020-06-25 15:30:00,long,1757.73,1756.3418842209398,1756.4218842209398,1769.5030420115415,150.10592039257233,-208.3643966272797,-1.0611566661610026,stop_loss,1
2020-06-26 14:00:00,2020-06-26 14:45:00,long,1762.1499999999999,1762.07,1761.300310126568,1769.7972088608856,230.3556108247769,131.82500765090538,0.6735015009212532,chandelier_stop,3
2020-06-26 15:45:00,2020-06-26 16:00:00,long,1759.84,1758.7050415009185,1758.7850415009184,1769.3346264917334,185.90902390919555,-210.99902674167782,-1.075832366931569,stop_loss,1
2020-06-29 15:30:00,2020-06-29 18:30:00,long,1768.79,1770.14,1767.7323100061965,1778.3092099442322,184.83044076623253,266.759767309616,1.3645467989752609,time_stop,12
2020-06-30 15:00:00,2020-06-30 15:45:00,long,1765.8899999999999,1767.9986487046817,1765.01642785963,1773.752149263327,224.70220601079075,378.51164295963457,1.9282934743148188,chandelier_stop,3
2020-07-02 15:15:00,2020-07-02 15:30:00,long,1768.95,1768.0068703575023,1768.0868703575022,1776.7181667824807,228.73634765710878,-215.72802979209047,-1.0926859605567643,stop_loss,1
2020-07-02 15:45:00,2020-07-02 16:00:00,long,1765.1699999999998,1763.9506688286624,1764.0306688286623,1775.4239805420368,172.71706667969954,-210.5993032245255,-1.0702166341205352,stop_loss,1
2020-07-09 13:45:00,2020-07-09 14:00:00,long,1811.58,1810.6345545565905,1810.7145545565904,1819.3690089906863,226.64645296153824,-214.28185621739513,-1.0924379469660852,stop_loss,1
2020-07-13 13:45:00,2020-07-13 15:00:00,long,1807.44,1807.3600000000001,1806.7259950182042,1813.866044836163,273.81782956206786,128.83231188735905,0.658964220618662,chandelier_stop,5
2020-07-14 13:15:00,2020-07-14 13:30:00,long,1797.8999999999999,1796.8199880140485,1796.8999880140484,1806.9001078735625,195.89144340216643,-211.5651068196575,-1.0799990411353033,stop_loss,1
2020-07-15 14:15:00,2020-07-15 15:00:00,long,1804.01,1808.7855297258352,1803.0293824716605,1812.8355577550562,199.11850480347235,616.9145287266192,3.159466274703991,chandelier_stop,3
2020-07-16 14:45:00,2020-07-16 15:00:00,long,1805.11,1804.2686755656425,1804.3486755656425,1811.9619199092167,258.90386636490723,-217.822148922393,-1.105080037352862,stop_loss,1
2020-07-23 13:30:00,2020-07-23 14:15:00,long,1880.93,1879.3985819932698,1879.4785819932697,1893.9927620605727,135.3547856340938,-108.04140854168895,-0.5499511509873412,stop_loss,3
2020-07-23 14:30:00,2020-07-23 15:00:00,long,1876.11,1874.5110758618746,1874.5910758618745,1889.7803172431281,129.12577002225282,-107.42774279701837,-0.5477311527153764,stop_loss,2
2020-07-24 13:30:00,2020-07-24 16:30:00,long,1888.6599999999999,1898.5700000000002,1887.2681292599732,1901.1868366602403,140.6811423513977,840.4155060767426,4.291995573458023,time_stop,12
2020-07-30 15:45:00,2020-07-30 17:15:00,long,1949.48,1949.4,1947.5931177058778,1966.4619406471006,105.11053755101004,141.91622423219022,0.7155516402891575,chandelier_stop,6
2020-08-03 15:45:00,2020-08-03 16:00:00,long,1967.26,1965.8672935687418,1965.9472935687418,1979.0743578813237,151.41006105443967,-210.86976578770694,-1.0609427958109778,stop_loss,1
2020-08-04 14:30:00,2020-08-04 16:30:00,long,1971.46,1971.38,1970.268081261714,1982.1872686445727,166.22303622050143,137.78876635017699,0.6954660809398677,chandelier_stop,8
2020-08-05 16:00:00,2020-08-05 19:00:00,long,2035.1699999999998,2040.3945543358666,2033.1277776460756,2053.550001185317,97.216504130195,400.42932991114367,2.0168929820309875,chandelier_stop,12
2020-08-12 14:15:00,2020-08-12 15:00:00,short,1939.52,1919.2405372616856,1943.818141324744,1900.836728077304,46.47101870404019,619.8461250635339,3.103280314662474,chandelier_stop,3
2020-08-14 15:15:00,2020-08-14 16:15:00,short,1951.42,1951.5,1953.4437360521074,1933.2063755310346,99.61701480785939,144.7238022399757,0.7178811869105874,chandelier_stop,4
2020-08-17 15:45:00,2020-08-17 16:00:00,short,1961.01,1962.7275011806885,1962.6475011806886,1946.2724893738027,123.37866870528946,-211.9030091731083,-1.0488549266060911,stop_loss,1
2020-08-18 13:15:00,2020-08-18 14:15:00,long,2005.12,2005.04,2003.3613282915949,2020.9480453756446,114.51654432527752,143.6041796057448,0.7130402879120111,chandelier_stop,4
2020-08-18 14:30:00,2020-08-18 17:00:00,long,2002.04,2003.7637777670268,2000.2915813823317,2017.7757675590142,115.43449443312359,247.97670955606898,1.228654754105487,chandelier_stop,10
2020-08-19 14:30:00,2020-08-19 14:45:00,long,1985.06,1983.0613362174595,1983.1413362174594,2002.327974042865,105.57959719676973,-211.01811709239408,-1.041695684636314,stop_loss,1
2020-08-20 14:30:00,2020-08-20 14:45:00,short,1936.16,1938.7485834688612,1938.6685834688612,1913.5827487802505,80.49909340152772,-208.3786224374994,-1.0318905075286355,stop_loss,1
2020-08-20 15:45:00,2020-08-20 17:45:00,short,1941.93,1942.01,1944.6238749421816,1917.6851255203667,74.73010567262786,146.12771245483654,0.7258711887541066,chandelier_stop,8
2020-08-21 13:15:00,2020-08-21 15:30:00,short,1936.94,1926.7150654690615,1939.0019273159046,1918.382654156859,97.8462920003216,649.1037642757617,3.2173358882378844,chandelier_stop,9
2020-08-24 15:15:00,2020-08-24 16:00:00,short,1958.68,1952.2774913313733,1960.3269115393975,1943.8577961454218,123.6856070622867,545.6313856699687,2.6786125929237388,chandelier_stop,3
2020-08-25 14:30:00,2020-08-25 16:00:00,short,1929.68,1929.76,1931.3268307177084,1914.8585235406244,124.6856434467114,145.89754393992524,0.7105302480084942,chandelier_stop,6
2020-08-28 14:30:00,2020-08-28 14:45:00,short,1960.48,1962.7263310554367,1962.6463310554368,1940.9830205010685,94.98725497225671,-213.37282071486553,-1.0369287971010492,stop_loss,1
2020-08-28 15:00:00,2020-08-28 15:30:00,short,1962.23,1964.397627287596,1964.317627287596,1943.4413544116355,98.26165957581944,-109.69083124671408,-0.5347284213186453,stop_loss,2
2020-08-31 15:30:00,2020-08-31 18:00:00,long,1961.01,1962.2068849015564,1959.4055684822472,1975.4498836597745,127.6493556098055,226.80304634205052,1.1074116093040713,chandelier_stop,10
2020-09-01 13:15:00,2020-09-01 15:15:00,long,1987.1,1987.02,1985.6190320698533,2000.4287113713187,138.75051195733712,145.09501059795633,0.7061097855822521,chandelier_stop,8
2020-09-02 14:00:00,2020-09-02 14:15:00,long,1965.3799999999999,1963.7698869476883,1963.8498869476882,1979.151017470804,134.57851576452282,-216.68662479317925,-1.0522837184344418,stop_loss,1
2020-09-09 15:30:00,2020-09-09 15:45:00,short,1930.82,1932.4826719573175,1932.4026719573176,1916.5759523841411,129.69856621807185,-215.64616895508405,-1.0505474300154491,stop_loss,1
2020-09-09 16:00:00,2020-09-09 16:15:00,short,1935.88,1937.7021253101361,1937.6221253101362,1920.2008722087749,117.45615769441866,-214.01983776632744,-1.0459209217238672,stop_loss,1
2020-09-10 13:30:00,2020-09-10 13:45:00,short,1949.27,1950.4754326621185,1950.3954326621185,1939.141106040933,181.24699282629817,-218.48104506357416,-1.0710837731058314,stop_loss,1
2020-09-10 14:00:00,2020-09-10 15:15:00,short,1950.1000000000001,1949.1172522796908,1951.188995509684,1940.2990404128454,186.70953249506059,239.5708272741211,1.1782605906153794,chandelier_stop,5
2020-09-10 15:30:00,2020-09-10 15:45:00,short,1953.3600000000001,1954.7675454340217,1954.6875454340218,1941.4120910938054,153.70061901835163,-216.34060450557212,-1.0602615910158162,stop_loss,1
2020-09-18 15:00:00,2020-09-18 15:15:00,long,1950.87,1949.8223530131863,1949.9023530131863,1959.5788228813221,210.1960073687202,-220.21121376008077,-1.082674778188851,stop_loss,1
2020-09-18 15:30:00,2020-09-18 16:15:00,long,1947.98,1949.1443168590615,1946.908023771574,1957.6277860558341,189.1225702150262,257.422408856816,1.2697488663987484,chandelier_stop,3
2020-09-22 13:45:00,2020-09-22 15:00:00,short,1907.04,1904.325818784877,1908.7670472231355,1891.4965749917808,117.83532264185243,309.5977015971134,1.5213110502810094,chandelier_stop,5
2020-09-23 13:15:00,2020-09-23 13:30:00,short,1889.0900000000001,1891.2522810507635,1891.1722810507636,1870.349470543129,98.17885044179263,-212.29026789601622,-1.038419405473914,stop_loss,1
2020-09-28 13:15:00,2020-09-28 13:30:00,short,1857.18,1858.80784084054,1858.72784084054,1843.2494324351408,131.66669577338376,-214.33242471885302,-1.0516849006077522,stop_loss,1
2020-09-29 14:15:00,2020-09-29 15:15:00,short,1888.05,1885.889331239414,1889.3666951085536,1876.1997440230182,154.2924329733397,315.1971779729371,1.5515024688989814,chandelier_stop,4
2020-10-01 15:45:00,2020-10-01 16:30:00,short,1907.29,1903.2341706221255,1908.859810100529,1893.1617090952373,130.01679836813207,413.4888177476922,2.0258961662064348,chandelier_stop,3
2020-10-07 15:15:00,2020-10-07 15:30:00,short,1889.99,1891.4897996792308,1891.409799679231,1877.2118028869215,144.62755047333974,-216.91235380785398,-1.056345976950258,stop_loss,1
2020-10-08 15:30:00,2020-10-08 15:45:00,short,1898.3,1899.4790290962446,1899.3990290962447,1888.4087381337974,186.2474919071568,-219.59121206113272,-1.0727915214194763,stop_loss,1
2020-10-09 15:00:00,2020-10-09 18:00:00,long,1913.07,1926.1100000000001,1912.0053301267383,1922.652028859354,191.63934680271092,1397.7220367879227,6.850482565644872,time_stop,12
2020-10-13 14:45:00,2020-10-13 15:30:00,long,1919.78,1919.7,1918.6942454709701,1929.5517907612682,191.77981727491718,143.7036657642073,0.6901337979607404,chandelier_stop,3
2020-10-20 14:45:00,2020-10-20 15:00:00,long,1903.82,1902.7846619421114,1902.8646619421113,1912.418042520998,218.41160252862994,-226.12984438232118,-1.0837399906130951,stop_loss,1
2020-10-21 14:45:00,2020-10-21 17:45:00,long,1915.85,1927.38,1914.8018835606274,1925.2830479543518,198.4307457017025,1294.9763753129714,6.226490764171759,time_stop,12
2020-10-22 15:15:00,2020-10-22 15:30:00,long,1905.09,1903.8760703079179,1903.9560703079178,1915.2953672287397,186.84002831235097,-226.81065803781317,-1.0705511113771362,stop_loss,1
2020-10-27 13:30:00,2020-10-27 14:00:00,short,1902.53,1903.5812573814626,1903.5012573814627,1893.7886835668353,217.43260625797078,-228.5776322993471,-1.0823674563785028,stop_loss,2
2020-10-27 14:15:00,2020-10-27 14:30:00,short,1902.98,1903.9622002431026,1903.8822002431027,1894.8601978120762,233.3154890070965,-229.16253002237798,-1.0886721108883817,stop_loss,1
2020-10-27 15:00:00,2020-10-27 15:45:00,short,1905.64,1904.0533158787518,1906.6414792033881,1896.6266871695086,209.49991033459824,318.3249452908799,1.5172072051269943,chandelier_stop,3
2020-10-30 14:00:00,2020-10-30 14:15:00,short,1879.21,1880.6143928282634,1880.5343928282634,1867.2904645456304,159.14068216753833,-223.4960327210242,-1.0604050386657762,stop_loss,1
2020-11-02 14:15:00,2020-11-02 15:00:00,short,1891.38,1887.7763680753653,1892.5162407719642,1881.1538330523229,184.90296707650649,486.10926091849024,2.313767122390756,chandelier_stop,3
2020-11-03 14:15:00,2020-11-03 15:15:00,short,1900.9,1902.05725423007,1901.97725423007,1891.2047119293716,196.38132942721958,-120.013955299573,-0.5673007336394761,stop_loss,4
2020-11-06 14:30:00,2020-11-06 14:45:00,long,1952.48,1950.8363653969006,1950.9163653969006,1966.552711427894,135.06517158657104,-221.99778969324225,-1.0511628483031463,stop_loss,1
2020-11-06 15:00:00,2020-11-06 16:30:00,long,1949.71,1949.63,1948.085156898348,1964.333587914868,129.5673301521857,149.47306048805058,0.709996137513921,chandelier_stop,6
2020-11-09 13:45:00,2020-11-09 14:00:00,long,1953.8899999999999,1952.619577656597,1952.6995776565968,1964.6038010906273,177.22701774531527,-225.15316319832317,-1.0672030396970142,stop_loss,1
2020-11-10 15:00:00,2020-11-10 16:00:00,short,1880.48,1879.0409351510516,1882.2770841120375,1864.3062429916617,117.02264845615994,239.00068046748947,1.13647741628898,chandelier_stop,4
2020-11-13 14:15:00,2020-11-13 14:30:00,short,1881.81,1882.9819191150132,1882.9019191150132,1871.9827279648798,193.25290804891586,-226.47677697441756,-1.0732655000722768,stop_loss,1
2020-11-13 15:15:00,2020-11-13 15:30:00,short,1888.06,1889.3400272502054,1889.2600272502054,1877.25975474815,175.2769480556185,-224.35926984403181,-1.0666651528006785,stop_loss,1
2020-11-17 15:45:00,2020-11-17 16:00:00,short,1889.66,1890.814364135152,1890.734364135152,1879.9907227836336,195.1517454186266,-225.27617582353892,-1.0744626494709058,stop_loss,1
2020-11-19 13:45:00,2020-11-19 14:00:00,short,1861.8300000000002,1863.2923733997816,1863.2123733997817,1849.3886394019676,151.1807212838625,-221.08266536529035,-1.0578714839366645,stop_loss,1
2020-11-19 14:15:00,2020-11-19 14:45:00,short,1863.4,1864.8606178804237,1864.7806178804237,1850.9744390761864,150.89255515260456,-115.10219008180212,-0.5525127198683588,stop_loss,2
2020-11-25 14:00:00,2020-11-25 14:45:00,short,1812.56,1813.9078832988678,1813.8278832988678,1801.149050310189,164.0369056694391,-115.88250220914907,-0.5571819189231925,stop_loss,3
2020-12-01 13:15:00,2020-12-01 14:00:00,short,1806.74,1793.3649325912397,1808.1561802641845,1793.9943776223402,146.61410756856355,1132.5454374053916,5.454580252159305,chandelier_stop,3
2020-12-08 13:15:00,2020-12-08 13:30:00,long,1862.43,1861.1833499861739,1861.2633499861738,1872.929850124437,180.88513213120956,-225.50045247232345,-1.0685724073645289,stop_loss,1
2020-12-11 13:15:00,2020-12-11 13:30:00,long,1830.1599999999999,1828.8443103084483,1828.9243103084482,1841.281207223965,170.23136308621298,-223.9716495913075,-1.0647411729230096,stop_loss,1
2020-12-23 13:15:00,2020-12-23 14:00:00,long,1864.62,1863.3901497889128,1863.4701497889127,1874.9686518997846,182.3552525136322,-118.06136860505077,-0.5630516908210051,stop_loss,3
2020-12-23 14:15:00,2020-12-23 15:15:00,long,1859.93,1864.7277792708878,1858.586332598947,1872.0230066094794,155.78783955446514,526.8184187639176,2.516724141393376,chandelier_stop,4
2021-01-04 14:45:00,2021-01-04 15:00:00,long,1931.68,1930.2551917989417,1930.3351917989417,1943.7832738095253,156.83091208109354,-223.4539697126016,-1.0594880369832398,stop_loss,1
2021-01-06 13:15:00,2021-01-06 13:30:00,long,1955.8999999999999,1954.43461475147,1954.51461475147,1968.3684672367701,151.75355379312455,-222.37741914042667,-1.0577456704442447,stop_loss,1
2021-01-07 16:00:00,2021-01-07 16:30:00,long,1913.44,1911.5193998712548,1911.5993998712547,1930.0054011587079,113.85960443370281,-113.03982261121917,-0.5393893268112255,stop_loss,2
2021-01-08 14:30:00,2021-01-08 14:45:00,long,1889.85,1888.0692333379288,1888.1492333379288,1905.15689995864,123.02151010940989,-219.07260392047667,-1.0470376106164414,stop_loss,1
2021-01-08 15:15:00,2021-01-08 15:30:00,long,1883.46,1881.5765326688886,1881.6565326688885,1899.6912059800045,115.65147962587385,-217.82578367003288,-1.0443589959295918,stop_loss,1
2021-01-13 13:45:00,2021-01-13 15:30:00,short,1855.14,1855.22,1856.4821264824768,1843.0608616577106,154.9184750197853,145.87044008544407,0.7015693931618188,chandelier_stop,7
2021-01-14 14:00:00,2021-01-14 14:15:00,short,1842.29,1843.8758438081966,1843.7958438081967,1828.7374057262305,138.36614271352295,-219.42709068628943,-1.0531263598286005,stop_loss,1
2021-01-21 15:00:00,2021-01-21 15:45:00,long,1867.28,1867.2,1866.0791277142803,1878.087850571477,172.95720824523977,144.5324199619387,0.6958726787411988,chandelier_stop,3
2021-01-25 13:15:00,2021-01-25 13:30:00,short,1863.45,1864.7421480354678,1864.662148035468,1852.5406676807897,171.70602035972425,-221.86959688580998,-1.0659985395010345,stop_loss,1
2021-01-25 13:45:00,2021-01-25 14:30:00,short,1864.46,1856.9420491149476,1865.6648113162962,1853.616698153334,172.19916816865825,798.5880950150047,3.8492200953135183,chandelier_stop,3
2021-01-25 15:30:00,2021-01-25 16:15:00,short,1867.04,1858.3185205045847,1868.359787609208,1855.1619115171272,159.01291184068134,846.8360553299462,4.035179916417877,chandelier_stop,3
2021-01-28 15:45:00,2021-01-28 16:00:00,short,1846.91,1848.4308000507556,1848.3508000507557,1833.9427995432,147.42071865283137,-224.1974364096378,-1.0555247065392415,stop_loss,1
2021-01-29 13:30:00,2021-01-29 13:45:00,short,1859.3600000000001,1861.146815544768,1861.0668155447681,1843.9986600970885,124.05042083031421,-221.6552202746092,-1.0468709112974484,stop_loss,1
2021-02-02 13:45:00,2021-02-02 14:00:00,long,1845.57,1843.959045268399,1844.039045268399,1859.3485925844097,137.86574912417186,-222.09548087729297,-1.0522549741991825,stop_loss,1
2021-02-03 14:30:00,2021-02-03 14:45:00,short,1837.3300000000002,1838.4716787656628,1838.3916787656628,1827.7748911090362,198.1766437359303,-226.2540660035974,-1.0753523594775787,stop_loss,1
2021-02-08 13:15:00,2021-02-08 13:30:00,short,1817.06,1818.2125115795816,1818.1325115795817,1807.407395783764,195.54210537150468,-225.3645407364327,-1.0745912692440371,stop_loss,1
2021-02-08 13:45:00,2021-02-08 14:30:00,short,1822.13,1814.6538356813862,1823.3066298823946,1811.5403310584497,177.66426113460057,816.4658073787269,3.905692554527464,chandelier_stop,3
2021-02-08 15:00:00,2021-02-08 15:30:00,short,1825.22,1826.564547814757,1826.484547814757,1813.8390696671865,167.24909381722588,-117.87279735506456,-0.5573327470530394,stop_loss,2
2021-02-10 15:00:00,2021-02-10 15:30:00,long,1838.48,1847.7475512929168,1837.4447165230092,1847.7975512929168,203.94497005622048,1467.7887554992465,6.951704049072987,take_profit,2
2021-02-15 14:30:00,2021-02-15 15:15:00,short,1824.0900000000001,1821.7408215008531,1825.0228322104645,1815.6945101058209,231.06430241490057,427.2872060021897,1.9823644452643006,chandelier_stop,3
2021-02-22 15:15:00,2021-02-22 16:30:00,short,1799.56,1799.618334443881,1800.8188792416179,1788.2300868254376,172.23739849774944,153.28994280844188,0.7069718681905837,chandelier_stop,5
2021-02-23 14:15:00,2021-02-23 15:00:00,short,1812.02,1811.1624940824247,1813.271576765439,1800.7558091110482,173.6097708327912,233.059925218826,1.072595441156205,chandelier_stop,3
2021-02-24 15:00:00,2021-02-24 15:15:00,long,1806.61,1805.432565658375,1805.512565658375,1816.4869090746245,198.63159638363666,-233.87566291385082,-1.0728972996065334,stop_loss,1
2021-03-02 15:00:00,2021-03-02 15:45:00,short,1733.52,1726.4063390323543,1735.171786095037,1718.6539251446652,131.5445800562651,627.5557889852219,2.888188773010327,chandelier_stop,3
2021-03-03 14:45:00,2021-03-03 15:00:00,short,1725.38,1715.3104816021673,1726.5043909330927,1715.2604816021674,194.91990652981684,1962.7495849058366,8.955531480618276,take_profit,1
2021-03-04 14:15:00,2021-03-04 14:30:00,short,1717.52,1719.2394870072435,1719.1594870072436,1702.7646169348075,137.27124603108754,-236.03612401858297,-1.0487957511382957,stop_loss,1
2021-03-09 13:30:00,2021-03-09 13:45:00,short,1707.5,1708.8885535878958,1708.8085535878959,1695.723017708938,171.44602868331663,-238.06199825870303,-1.0611362046919044,stop_loss,1
2021-03-12 14:15:00,2021-03-12 14:45:00,short,1704.25,1705.5800910049995,1705.5000910049996,1692.9991809550036,178.8926798728105,-237.94354435908588,-1.0639953408831644,stop_loss,2
2021-03-12 15:00:00,2021-03-12 16:45:00,short,1706.65,1706.73,1707.8880211144258,1695.5078099701689,180.06017566154904,155.48481308415754,0.6974968566831803,chandelier_stop,7
2021-03-15 13:45:00,2021-03-15 14:15:00,short,1730.68,1731.8326528441846,1731.7526528441847,1721.0261244023382,208.25447393024294,-126.79082624765351,-0.5675894352893311,stop_loss,2
2021-03-15 15:00:00,2021-03-15 15:30:00,short,1731.24,1732.5627524849688,1732.4827524849688,1720.055227635281,179.44392306107446,-124.51187507026918,-0.5583382458509043,stop_loss,2
2021-03-16 14:00:00,2021-03-16 14:45:00,long,1731.44,1731.3600000000001,1730.4957652659903,1739.9381126060882,235.77913166365855,151.64749069549774,0.6811611851812407,chandelier_stop,3
2021-03-17 13:15:00,2021-03-17 13:30:00,long,1731.07,1730.031191591228,1730.111191591228,1739.699275678948,232.66982861497195,-241.69937443276277,-1.083436898621264,stop_loss,1
2021-03-24 13:15:00,2021-03-24 13:30:00,long,1731.1399999999999,1730.1489648716401,1730.22896487164,1739.3393161552383,244.07477066292196,-241.88667167329967,-1.0878122012089226,stop_loss,1
2021-03-24 13:45:00,2021-03-24 14:45:00,long,1730.1699999999998,1730.5181748280272,1729.2727044046283,1738.2456603583432,247.00336338269912,203.0513652033623,0.9161519512440787,chandelier_stop,4
2021-03-25 14:00:00,2021-03-25 14:15:00,long,1728.4199999999998,1727.5120379097245,1727.5920379097245,1735.8716588124773,268.42314003405164,-243.7180353035784,-1.0966227813320768,stop_loss,1
2021-03-26 16:00:00,2021-03-26 16:15:00,short,1728.68,1729.9471317183882,1729.8671317183882,1717.9958145345065,186.59515752449292,-236.44064259690893,-1.0673893206295146,stop_loss,1
2021-03-29 13:45:00,2021-03-29 14:15:00,short,1726.5900000000001,1727.4393886584846,1727.3593886584847,1719.6655020736384,286.98591489778744,-243.7625812589745,-1.1039786577534179,stop_loss,2
2021-04-01 15:00:00,2021-04-01 15:15:00,short,1716.8600000000001,1718.024597357668,1717.944597357668,1707.098623780988,202.9070223779555,-236.30498211361714,-1.0737600911843836,stop_loss,1
2021-04-01 16:00:00,2021-04-01 16:15:00,short,1718.69,1719.9477544547156,1719.8677544547156,1708.0902099075593,186.2557212148534,-234.2639630742293,-1.067925873410725,stop_loss,1
2021-04-05 14:30:00,2021-04-05 15:15:00,short,1726.67,1726.75,1727.4952177340535,1719.2430403935198,264.97335729053117,146.77226689200506,0.6712329094278415,chandelier_stop,3
2021-04-09 13:15:00,2021-04-09 14:00:00,long,1744.6299999999999,1746.8250465112499,1743.764220035705,1752.4220196786544,253.0677993535482,435.74687277290644,1.9887942662758074,chandelier_stop,3
2021-04-13 13:45:00,2021-04-13 16:45:00,long,1724.78,1747.95,1723.9254743658028,1732.4707307077751,257.9305547853916,3146.983416499262,14.27797334261376,time_stop,12
2021-04-15 13:15:00,2021-04-15 13:30:00,long,1747.04,1746.1900625237981,1746.270062523798,1753.9694372858178,298.529722556394,-253.7315989608142,-1.1039045409174868,stop_loss,1
2021-04-15 15:00:00,2021-04-15 15:15:00,long,1744.75,1751.6438147575911,1743.9784650269344,1751.693814757591,296.9250058091089,2046.9459869446712,8.935194123733849,take_profit,1
2021-04-19 14:30:00,2021-04-19 14:45:00,long,1783.08,1781.8676212612186,1781.9476212612185,1793.2714086490328,207.72984891380963,-251.84725223336565,-1.0706477411312196,stop_loss,1
2021-04-26 14:00:00,2021-04-26 14:15:00,long,1779.44,1778.4568286289852,1778.5368286289852,1787.5685423391333,259.61111045858587,-255.2422114002439,-1.088576766898659,stop_loss,1
2021-04-26 14:30:00,2021-04-26 14:45:00,long,1776.9199999999998,1775.903541011727,1775.9835410117269,1785.3481308944565,249.56522266968375,-253.67281374293177,-1.0854281938683323,stop_loss,1
2021-04-30 14:00:00,2021-04-30 14:15:00,short,1769.91,1770.8667025667662,1770.7867025667663,1762.0196768991045,265.7076485442403,-254.2031893716663,-1.0912510160601159,stop_loss,1
2021-04-30 14:30:00,2021-04-30 17:30:00,short,1772.23,1771.4399999999998,1773.1043251723647,1764.3610734487177,265.55791284387357,272.39440369228817,1.1731835153498023,time_stop,12
2021-05-03 13:15:00,2021-05-03 13:30:00,short,1778.78,1779.7597987079766,1779.6797987079767,1770.6818116282088,258.94808368310163,-253.71699782573756,-1.08890877402993,stop_loss,1
2021-05-03 13:45:00,2021-05-03 14:30:00,short,1781.1200000000001,1778.4830751611607,1782.021994804327,1773.0020467610577,257.4737670589226,507.21264178036444,2.1840020731991814,chandelier_stop,3
2021-05-04 13:15:00,2021-05-04 14:30:00,long,1782.49,1784.868679133581,1781.5268883946726,1791.1580044479465,242.71500495885334,457.92391227458546,1.9589352473275665,chandelier_stop,5
2021-05-05 15:30:00,2021-05-05 15:45:00,long,1773.4099999999999,1782.1854765340308,1772.4293914962186,1782.2354765340308,239.78520367007866,2104.229428014616,8.949011251883519,take_profit,1
2021-05-06 13:30:00,2021-05-06 13:45:00,long,1791.51,1790.591175197908,1790.6711751979078,1799.0594232188305,287.84091443365264,-264.47537123851106,-1.0953715243044713,stop_loss,1
2021-05-07 15:30:00,2021-05-07 15:45:00,long,1818.54,1826.2562430833977,1817.6770841018447,1826.3062430833977,278.8854307639829,2151.947776192995,8.942056925702012,take_profit,1
2021-05-11 15:30:00,2021-05-11 15:45:00,long,1838.33,1837.2834305973079,1837.3634305973078,1847.0291246242284,255.65729125134783,-267.5630985987924,-1.0827669485265183,stop_loss,1
2021-05-13 13:15:00,2021-05-13 14:00:00,long,1810.62,1815.416076439868,1809.4755388978149,1820.9201499196647,215.21729793407215,695.449743090672,2.823498361284162,chandelier_stop,3
2021-05-17 15:30:00,2021-05-17 15:45:00,long,1846.6599999999999,1845.677238530373,1845.757238530373,1854.7848532266416,275.149287590684,-270.4061182394135,-1.0886169854291459,stop_loss,1
2021-05-18 14:30:00,2021-05-18 15:45:00,long,1865.61,1869.1837035869319,1864.806933463122,1872.8375988319008,308.2969411725333,728.8607363830074,2.9439051281052104,chandelier_stop,5
2021-05-24 14:30:00,2021-05-24 14:45:00,long,1880.53,1879.6025072415266,1879.6825072415265,1888.15743482626,294.71583867750354,-273.34680618078846,-1.0943960868102625,stop_loss,1
2021-05-25 14:15:00,2021-05-25 14:30:00,long,1882.33,1881.3246052447425,1881.4046052447425,1890.6585527973164,269.0197856144172,-270.471081517201,-1.0864495930470992,stop_loss,1
2021-05-25 14:45:00,2021-05-25 16:00:00,long,1880.61,1881.3680480104792,1879.6603228895995,1889.1570939936043,261.286791801147,278.6053606173088,1.1227835507064239,chandelier_stop,5
2021-05-27 14:30:00,2021-05-27 14:45:00,long,1893.37,1892.2649186922413,1892.3449186922412,1902.5957317698283,242.88210078646682,-268.40446956826725,-1.0780425897871901,stop_loss,1
2021-05-28 14:30:00,2021-05-28 14:45:00,long,1891.36,1890.5021913554667,1890.5821913554666,1898.3602778007987,319.0613653382369,-273.6935973236985,-1.1028530610481113,stop_loss,1
2021-05-28 15:15:00,2021-05-28 15:45:00,long,1884.8799999999999,1894.1230103237444,1883.8474432973617,1894.1730103237444,239.54869177906988,1719.4558165440217,6.951576509191513,take_profit,2
2021-06-02 14:15:00,2021-06-02 17:15:00,long,1894.8999999999999,1903.71,1894.025869186928,1902.767177317646,288.86520298601897,1454.6090701445376,5.7606916888196515,time_stop,12
2021-06-04 13:15:00,2021-06-04 14:15:00,short,1871.82,1871.553749555516,1872.8352896965814,1862.6823927307673,253.0014860090169,220.00819337583354,0.8564969166987514,chandelier_stop,4
2021-06-07 13:45:00,2021-06-07 14:30:00,short,1886.76,1887.7204587649185,1887.6404587649185,1878.8358711157339,292.49504554447395,-149.97080407439748,-0.582343436045685,stop_loss,3
2021-06-09 14:15:00,2021-06-09 15:15:00,long,1888.87,1888.79,1888.0581199792762,1896.176920186513,316.64766661396277,172.22783726960742,0.669938909271349,chandelier_stop,4
2021-06-11 14:15:00,2021-06-11 15:15:00,long,1888.3899999999999,1897.1567594935636,1887.3433513920754,1897.8098374713209,246.11564539821532,1265.8628925030919,4.914128929024948,chandelier_stop,4
2021-06-16 15:30:00,2021-06-16 16:00:00,short,1857.6100000000001,1858.6007143053314,1858.5207143053315,1849.413571252018,287.0210611514204,-151.50612009444887,-0.5796078414224061,stop_loss,2
2021-06-22 13:15:00,2021-06-22 13:30:00,short,1782.2,1783.4201693102616,1783.3401693102617,1771.9384762076456,228.8604557351403,-279.248504420491,-1.0701650178442097,stop_loss,1
2021-06-22 13:45:00,2021-06-22 14:00:00,short,1784.76,1785.9329776195623,1785.8529776195624,1774.9232014239394,237.97552465217183,-279.1399644205913,-1.0731945454033724,stop_loss,1
2021-06-22 14:15:00,2021-06-22 15:00:00,short,1785.8300000000002,1783.1384947093375,1786.9568786617656,1775.6880920441113,230.07313151976345,498.31807399077906,1.9220451279663084,chandelier_stop,3
2021-06-23 15:15:00,2021-06-23 16:30:00,short,1785.79,1785.87,1786.8217426244425,1776.504316380017,252.73692353073474,179.14169255337626,0.6869997919441798,chandelier_stop,5
2021-06-24 14:30:00,2021-06-24 14:45:00,short,1783.74,1784.7353707784575,1784.6553707784576,1775.5016629938807,285.45469006022984,-284.1332570596031,-1.0873962790627063,stop_loss,1
2021-06-24 15:00:00,2021-06-24 15:45:00,short,1787.46,1781.1798909001764,1788.421773783466,1778.8040359488054,270.7959881637071,1038.8776365899541,3.9888640691430677,chandelier_stop,3
2021-06-25 14:30:00,2021-06-25 15:00:00,short,1784.77,1785.6327796046578,1785.5527796046579,1777.7249835580792,336.6990062401853,-156.1912354490895,-0.5926186624798685,stop_loss,2
2021-06-25 15:15:00,2021-06-25 15:30:00,short,1785.16,1786.029825725741,1785.949825725741,1778.051568468331,333.1020156886512,-289.7407025421172,-1.101288166987574,stop_loss,1
2021-06-28 13:30:00,2021-06-28 15:45:00,short,1778.29,1778.37,1779.2908831068546,1769.2820520383084,261.99195229049366,179.63801248570064,0.6850573512982863,chandelier_stop,9
2021-06-30 14:45:00,2021-06-30 16:45:00,short,1760.81,1760.0474409906,1761.8860536826012,1751.125516856589,244.1906360858144,284.0717937896811,1.081098262531558,chandelier_stop,8
2021-07-02 13:45:00,2021-07-02 14:00:00,short,1786.79,1787.864741479147,1787.784741479147,1777.8373266876774,265.0079986855426,-284.8150884930733,-1.080422905525691,stop_loss,1
2021-07-05 14:00:00,2021-07-05 14:45:00,short,1793.05,1789.8291448277362,1793.9126946609824,1785.2857480511573,304.5805372592995,679.96038846935,2.587762139766076,chandelier_stop,3
2021-07-07 16:00:00,2021-07-07 16:15:00,long,1804.57,1803.4264753859854,1803.5064753859854,1814.1417215261308,248.98331548587058,-284.7185497370295,-1.0752215782744745,stop_loss,1
2021-07-09 14:15:00,2021-07-09 14:30:00,long,1801.45,1800.263347298269,1800.343347298269,1811.4098743155796,238.5081863859371,-283.0263837598245,-1.0722900688488723,stop_loss,1
2021-07-09 14:45:00,2021-07-09 15:45:00,long,1798.87,1798.8831557974584,1797.7455902724869,1808.989687547617,233.9864581922544,193.01196504446517,0.7336162025105473,chandelier_stop,4
2021-07-12 13:15:00,2021-07-12 14:15:00,long,1800.01,1798.9578539735733,1799.0378539735732,1808.7593142378412,271.23053371105385,-151.50205649044398,-0.5745772734024472,stop_loss,4
2021-07-15 13:15:00,2021-07-15 13:30:00,long,1827.83,1826.838068567112,1826.918068567112,1836.0373828959914,288.6414152758857,-286.3124926453994,-1.0877258937621852,stop_loss,1
2021-07-16 14:00:00,2021-07-16 14:15:00,long,1819.68,1818.6783679954135,1818.7583679954134,1827.9746880412804,284.6713662717137,-285.13595124712975,-1.0868025411463538,stop_loss,1
2021-07-21 13:45:00,2021-07-21 14:00:00,long,1802.28,1801.1265642433818,1801.2065642433818,1811.9409218095634,243.61666031652646,-280.9961669169764,-1.0745270497155435,stop_loss,1
2021-07-21 15:00:00,2021-07-21 15:15:00,long,1800.6299999999999,1799.4918208421677,1799.5718208421677,1810.1536124204908,246.3324321421276,-280.3704401622734,-1.0756015646384627,stop_loss,1
2021-07-22 14:45:00,2021-07-22 15:30:00,short,1797.95,1798.03,1798.8460765447107,1789.8853110976045,289.95595945915534,176.0199133379978,0.6774615540562704,chandelier_stop,3
2021-07-27 14:45:00,2021-07-27 15:00:00,short,1797.9,1798.8120177319756,1798.7320177319757,1790.4118404122194,312.91495842552536,-285.38399068446756,-1.0961517969214054,stop_loss,1
2021-08-03 15:15:00,2021-08-03 15:30:00,long,1808.61,1807.7829401328445,1807.8629401328444,1815.3335388043986,347.3545474025395,-287.2830058305728,-1.107086464575505,stop_loss,1
2021-08-05 15:30:00,2021-08-05 15:45:00,long,1810.18,1809.2145276485794,1809.2945276485793,1818.1492511627873,292.0845496823584,-281.9995569954706,-1.090347259145436,stop_loss,1
2021-08-06 15:00:00,2021-08-06 15:15:00,short,1799.6200000000001,1800.453120141074,1800.373120141074,1792.8419187303357,342.2917278275769,-285.17013257609796,-1.106224751718707,stop_loss,1
2021-08-09 14:30:00,2021-08-09 15:00:00,short,1746.3600000000001,1748.2221145337924,1748.1421145337924,1730.3209691958702,144.1721500387761,-138.918122853896,-0.5406820092789746,stop_loss,2
2021-08-11 13:15:00,2021-08-11 13:30:00,short,1733.75,1734.656878872556,1734.576878872556,1726.3080901469953,310.22020043960055,-281.33214561877224,-1.0967493579230359,stop_loss,1
2021-08-11 13:45:00,2021-08-11 14:00:00,short,1736.1000000000001,1737.0216965788877,1736.9416965788878,1728.5247307900113,303.75617480191465,-279.9710271309015,-1.0950461270802025,stop_loss,1
2021-08-13 13:15:00,2021-08-13 13:30:00,short,1759.18,1760.030680929606,1759.950680929606,1752.2438716335455,330.656449739402,-281.28313604450585,-1.1038043072388304,stop_loss,1
2021-08-13 13:45:00,2021-08-13 14:30:00,short,1760.3,1759.9877076786463,1761.0864799852216,1753.221680133006,322.9411751472343,232.84257323796274,0.9167507923165983,chandelier_stop,3
2021-08-17 14:45:00,2021-08-17 15:00:00,long,1793.34,1792.5246014068043,1792.6046014068042,1799.9585873387603,346.3227979132041,-282.39112220998925,-1.1087845431581367,stop_loss,1
2021-08-18 13:45:00,2021-08-18 14:00:00,long,1786.8,1786.0130431401224,1786.0930431401223,1793.162611738898,359.05744666549214,-282.56272074354143,-1.1131610774860732,stop_loss,1
2021-08-18 14:15:00,2021-08-18 14:30:00,long,1784.97,1784.1618331157179,1784.2418331157178,1791.5235019585398,347.43469156451727,-280.7852121732336,-1.1098649248225334,stop_loss,1
2021-08-19 15:00:00,2021-08-19 15:15:00,long,1786.83,1785.634889458062,1785.7148894580619,1796.865994877442,226.11935922813865,-270.23762994981246,-1.0717417663910584,stop_loss,1
2021-08-20 13:15:00,2021-08-20 14:30:00,long,1780.45,1783.0452713845182,1779.597430942127,1788.123121520857,294.80001180049777,563.6760433370097,2.242706872841396,chandelier_stop,5
2021-08-20 16:00:00,2021-08-20 16:45:00,long,1782.1699999999998,1782.09,1781.1789944261589,1791.0890501645679,255.32489738785034,173.17517900860943,0.6844100560928126,chandelier_stop,3
2021-08-25 14:30:00,2021-08-25 15:30:00,long,1791.01,1791.886401094633,1790.1690479433412,1798.5785685099286,301.5010427540166,314.74133737402246,1.241348518675569,chandelier_stop,4
2021-08-27 14:00:00,2021-08-27 14:15:00,long,1794.53,1793.7413435431358,1793.8213435431358,1800.9079081117782,359.11920866001356,-283.2216826936623,-1.1128896790892508,stop_loss,1
2021-09-01 14:45:00,2021-09-01 16:00:00,long,1811.34,1814.036346233187,1810.5970124163025,1818.0268882532762,341.3818568684237,641.9391562157003,2.530881868858324,chandelier_stop,5
2021-09-02 14:15:00,2021-09-02 14:30:00,long,1815.04,1814.4169336986993,1814.4969336986992,1819.9275967117073,470.60238834431186,-293.2164894889642,-1.147311663066386,stop_loss,1
2021-09-02 15:30:00,2021-09-02 15:45:00,long,1812.82,1812.0734236642306,1812.1534236642306,1818.8191870219252,382.0847445161988,-285.25542851425473,-1.1200162617648126,stop_loss,1
2021-09-08 14:30:00,2021-09-08 15:00:00,short,1799.2,1799.9954296507942,1799.9154296507943,1792.7611331428513,354.79782307826633,-152.63928350687286,-0.6013377065368296,stop_loss,2
2021-09-09 14:30:00,2021-09-09 14:45:00,short,1799.6000000000001,1800.407319547073,1800.327319547073,1793.0541240763444,348.3681496484023,-281.2444167887701,-1.1099929189609714,stop_loss,1
2021-09-10 14:45:00,2021-09-10 15:00:00,short,1797.49,1798.483933772355,1798.403933772355,1789.2645960488053,276.31239724935733,-274.6362233464854,-1.0875336949129104,stop_loss,1
2021-09-10 15:15:00,2021-09-10 15:30:00,short,1798.6200000000001,1799.5904071812654,1799.5104071812655,1790.6063353686127,282.6878850402122,-274.3223536997138,-1.0898465350270874,stop_loss,1
2021-09-13 14:45:00,2021-09-13 15:00:00,short,1790.01,1790.8098985689417,1790.7298985689417,1783.5309128795234,348.49958960776945,-278.76432300401456,-1.1111267662575408,stop_loss,1
2021-09-13 15:15:00,2021-09-13 16:15:00,short,1791.3300000000002,1791.0933839065358,1792.0869788681184,1784.5171901869362,330.3237030750769,218.35790667308876,0.8732637404583747,chandelier_stop,4
2021-09-15 14:15:00,2021-09-15 15:00:00,short,1802.92,1803.7047931513296,1803.6247931513296,1796.5768616380344,355.7116525798849,-151.14066310523097,-0.6028670608719243,stop_loss,3
2021-09-15 15:30:00,2021-09-15 15:45:00,short,1806.0800000000002,1798.6312312637046,1806.9131965262552,1798.5812312637047,300.34896535382995,2237.2299831063106,8.939990148273075,take_profit,1
2021-09-20 13:15:00,2021-09-20 14:00:00,short,1759.96,1754.4705851505962,1760.8548961435079,1751.9059347084303,287.1410346447457,973.6606572697325,3.7891319086941238,chandelier_stop,3
2021-09-21 13:15:00,2021-09-21 14:00:00,short,1767.5800000000002,1762.8383171972562,1768.4001534205183,1760.198619215336,316.8704537671032,938.2396192070855,3.6102470497408716,chandelier_stop,3
2021-09-21 15:15:00,2021-09-21 15:30:00,short,1768.98,1769.9945684328952,1769.9145684328953,1760.5688841039425,281.0892130841917,-285.1842424225742,-1.0856010081060503,stop_loss,1
2021-09-29 13:15:00,2021-09-29 13:30:00,short,1743.07,1744.0414412648042,1743.9614412648043,1735.047028616761,293.7283284794466,-285.3398189269259,-1.089742311870074,stop_loss,1
2021-09-29 13:45:00,2021-09-29 14:30:00,short,1745.3500000000001,1741.9977148527817,1746.230860070163,1737.422259368534,296.2848947660101,684.9477535593578,2.6244663647925526,chandelier_stop,3
2021-10-04 15:00:00,2021-10-04 15:30:00,short,1753.54,1754.6261081888983,1754.5461081888984,1744.4850262999146,261.44343059217255,-150.47483694415968,-0.5720598448555632,stop_loss,2
2021-10-05 13:30:00,2021-10-05 13:45:00,long,1756.02,1755.0851351181057,1755.1651351181056,1763.7137839370498,307.170124195245,-287.16256187725367,-1.0935820405005356,stop_loss,1
2021-10-05 14:00:00,2021-10-05 16:00:00,long,1754.36,1755.4189972683216,1753.4838920151012,1762.2449718640887,298.73881846458977,347.00892407823966,1.3258406987002014,chandelier_stop,8
2021-10-07 15:30:00,2021-10-07 15:45:00,long,1759.71,1758.6829173867725,1758.7629173867724,1768.2337435190493,277.4504434547207,-284.9645265046168,-1.084469927842187,stop_loss,1
2021-10-07 16:00:00,2021-10-07 16:15:00,long,1755.21,1754.0406277467578,1754.1206277467577,1765.0143502791802,240.42616898787432,-281.14769096775797,-1.0734367887210454,stop_loss,1
2021-10-11 16:00:00,2021-10-11 19:00:00,long,1750.94,1756.3500000000001,1750.0064472314396,1759.341974917045,279.6522737310295,945.2707093810584,3.620753630919551,time_stop,12
2021-10-15 14:00:00,2021-10-15 14:30:00,long,1781.11,1780.1523677959326,1780.2323677959325,1789.0086898366058,300.70223640486165,-153.75389539132533,-0.5826086368115645,stop_loss,2
2021-10-19 13:15:00,2021-10-19 13:30:00,long,1778.82,1777.9282240512055,1778.0082240512054,1786.1259835391509,324.5288373091312,-289.40701180251824,-1.0985493597324776,stop_loss,1
2021-10-21 14:00:00,2021-10-21 14:15:00,long,1784.31,1783.4384170084186,1783.5184170084185,1791.4342469242335,331.7106185642328,-289.1133332675184,-1.1010633134500554,stop_loss,1
2021-10-28 13:15:00,2021-10-28 14:15:00,long,1797.1299999999999,1799.2556319019343,1796.3159512105358,1804.4564391051763,321.49073516206516,529.930070876323,2.0248817569650135,chandelier_stop,4
2021-10-29 14:30:00,2021-10-29 14:45:00,long,1794.03,1793.0019792706014,1793.0819792706013,1802.5621865645887,277.7354184673225,-285.51776747259584,-1.0843863404238776,stop_loss,1
2021-10-29 15:00:00,2021-10-29 15:15:00,long,1793.08,1792.0699974323043,1792.1499974323042,1801.4500231092625,282.195329140934,-285.0180070240666,-1.0860212678747143,stop_loss,1
2021-11-01 14:30:00,2021-11-01 14:45:00,short,1788.06,1789.1638793388388,1789.0838793388389,1778.8450859504503,255.4864784832747,-282.02624495038367,-1.0781342068008197,stop_loss,1
2021-11-01 15:00:00,2021-11-01 15:15:00,short,1789.3,1790.437350042162,1790.3573500421621,1779.7838496205413,246.59879655719362,-280.46915166144663,-1.075660847221735,stop_loss,1
2021-11-01 15:30:00,2021-11-01 15:45:00,short,1790.75,1791.9482508016602,1791.8682508016602,1780.6857427850587,232.41641329122368,-278.49315354518586,-1.0715403019440313,stop_loss,1
2021-11-02 14:00:00,2021-11-02 14:30:00,long,1790.12,1789.175752288901,1789.255752288901,1797.8982293998902,299.7570692919457,-151.26456803428093,-0.5838879861281346,stop_loss,2
2021-11-03 13:15:00,2021-11-03 13:30:00,short,1783.69,1784.578399042633,1784.498399042633,1776.414408616303,319.9045937447536,-284.20293481672337,-1.0989610276372421,stop_loss,1
2021-11-04 13:15:00,2021-11-04 13:30:00,short,1779.6000000000001,1780.576671606967,1780.496671606967,1771.5299555372972,287.4608234608878,-280.75482438956635,-1.089218839292272,stop_loss,1
2021-11-04 14:30:00,2021-11-04 14:45:00,short,1783.51,1784.7164158181217,1784.6364158181218,1773.372257636903,228.08246289361318,-275.1622910710199,-1.0710217299090483,stop_loss,1
2021-11-04 15:15:00,2021-11-04 15:30:00,short,1792.8300000000002,1794.2265690788681,1794.1465690788682,1780.9808782901882,194.51330832295963,-271.6512718321571,-1.060763997335187,stop_loss,1
2021-11-10 13:15:00,2021-11-10 15:30:00,long,1823.52,1823.44,1822.7799980578889,1830.1800174789996,344.9656532286574,169.03367255328615,0.6621623926898016,chandelier_stop,9
2021-11-11 14:30:00,2021-11-11 15:15:00,long,1856.68,1858.029914872662,1855.5230999162147,1867.0921007540674,221.09286528149275,335.53771768579975,1.3118094815970018,chandelier_stop,3
2021-11-16 14:45:00,2021-11-16 15:00:00,long,1872.3,1871.263591508103,1871.343591508103,1880.9076764270728,268.4929815002104,-278.2684060415525,-1.0836462669222513,stop_loss,1
2021-12-01 13:15:00,2021-12-01 13:45:00,short,1786.52,1787.9192568185374,1787.8392568185375,1774.6466886331616,194.0139013927376,-271.4752744148355,-1.0606402020257237,stop_loss,2
2021-12-02 13:15:00,2021-12-02 13:30:00,short,1776.68,1777.8075247456095,1777.7275247456096,1767.252277289515,243.56440031565242,-274.62488850542053,-1.0763705108974575,stop_loss,1
2021-12-02 13:45:00,2021-12-02 14:15:00,short,1778.1000000000001,1779.2489881735103,1779.1689881735103,1768.4791064384083,237.9033445988275,-144.4059233907342,-0.5678211432048568,stop_loss,2
2021-12-02 14:45:00,2021-12-02 15:30:00,short,1780.39,1774.3570016626197,1781.4715703410982,1770.655866930117,234.73521267857453,892.6221766236488,3.5158849868729125,chandelier_stop,3
2021-12-03 15:00:00,2021-12-03 15:30:00,short,1774.2,1775.1377362408593,1775.0577362408594,1766.4803738322667,299.11352505907894,-149.96598585394773,-0.5845248184072253,stop_loss,2
2021-12-07 13:30:00,2021-12-07 13:45:00,short,1781.92,1782.7790818589106,1782.6990818589106,1774.908263269806,328.73389322008217,-282.40932407438925,-1.1026849734529776,stop_loss,1
2021-12-07 14:30:00,2021-12-07 16:00:00,short,1783.21,1778.9797973381308,1784.0117589538822,1775.9941694150596,318.3792128651285,856.8923550347715,3.356894903778963,chandelier_stop,6
2021-12-10 14:00:00,2021-12-10 14:30:00,short,1772.04,1772.7916146362445,1772.7116146362446,1765.9954682737994,383.90179099042246,-288.5462049888937,-1.119115927025137,stop_loss,2
2021-12-10 15:00:00,2021-12-10 15:15:00,short,1773.49,1774.2282688365726,1774.1482688365727,1767.5655804708451,390.3700263750005,-288.1980252046928,-1.1215308936945145,stop_loss,1
2021-12-13 13:30:00,2021-12-13 14:00:00,short,1787.77,1788.544814713675,1788.464814713675,1781.5166675769249,368.59298454480444,-285.59126778266466,-1.1151386095104325,stop_loss,2
2021-12-13 14:30:00,2021-12-13 14:45:00,short,1789.5800000000002,1790.3634487723157,1790.2834487723158,1783.2489610491607,362.85094986454067,-284.27513120489596,-1.1137254099350904,stop_loss,1
2021-12-15 14:00:00,2021-12-15 14:15:00,short,1769.8400000000001,1770.5698354542415,1770.4898354542415,1763.9914809118277,391.47483899462463,-285.7122169416859,-1.123108087559364,stop_loss,1
2021-12-15 14:30:00,2021-12-15 14:45:00,short,1770.8600000000001,1771.6109295498306,1771.5309295498307,1764.8216340515248,377.88929290018285,-283.7682366033065,-1.11923755634273,stop_loss,1
2021-12-16 13:15:00,2021-12-16 15:00:00,short,1787.96,1787.2410410898103,1788.6765746068857,1781.51082853803,352.63011839023335,307.46187119534,1.2167754786184757,chandelier_stop,7
2021-12-16 15:15:00,2021-12-16 16:00:00,short,1788.92,1788.85115669691,1789.9192078033475,1779.9271297698724,253.8092409061358,192.59743278305024,0.7594291212633415,chandelier_stop,3
2021-12-20 14:00:00,2021-12-20 14:45:00,long,1795.6299999999999,1797.546601193479,1794.8817390134202,1802.364348879217,339.70228427294467,507.6838194058373,1.9972928743829983,chandelier_stop,3
2021-12-20 15:30:00,2021-12-20 16:30:00,long,1794.6499999999999,1796.1267480037588,1793.6834185387556,1803.3492331511986,264.54988853448594,380.5047760543724,1.4880381586888956,chandelier_stop,4
2021-12-27 15:30:00,2021-12-27 16:00:00,long,1803.76,1809.38612640298,1803.1293192885578,1809.4361264029799,407.25921611344654,1777.5907643131227,6.920720581598862,take_profit,2
2021-12-28 15:00:00,2021-12-28 15:15:00,long,1816.57,1815.9427092180906,1816.0227092180905,1821.4956170371845,479.05667904373547,-300.5078387762286,-1.14617457966462,stop_loss,1
2021-12-29 13:30:00,2021-12-29 14:15:00,long,1795.06,1802.689693963637,1794.2913511014524,1801.9778400869275,339.9234441500619,1484.219174563798,5.680530687001387,chandelier_stop,3
2022-01-03 13:45:00,2022-01-03 14:00:00,long,1823.75,1822.945057969912,1823.025057969912,1830.2744782707916,366.5595694981087,-295.05920401994933,-1.110353651298464,stop_loss,1
2022-01-03 14:15:00,2022-01-03 14:30:00,long,1822.4199999999998,1821.6224989638526,1821.7024989638526,1828.8775093253253,369.1273566240628,-294.3794493779656,-1.1114980968243606,stop_loss,1
2022-01-03 14:45:00,2022-01-03 15:00:00,long,1822.1,1821.3316955351588,1821.4116955351587,1828.2947401835713,383.501976208808,-294.64628059661027,-1.116227634842363,stop_loss,1
2022-01-04 13:15:00,2022-01-04 13:30:00,long,1804.33,1803.4316664174203,1803.5116664174202,1811.6950022432184,321.4852588950338,-288.80100436972293,-1.097759644358886,stop_loss,1
2022-01-05 14:30:00,2022-01-05 15:15:00,long,1817.3799999999999,1816.5499244632663,1816.6299244632662,1824.1306798306039,349.58583209751833,-156.4528631495643,-0.5966569318013584,stop_loss,3
2022-01-07 14:00:00,2022-01-07 15:30:00,short,1793.27,1792.439251682767,1794.0049835599825,1786.6551479601567,356.12554662012354,335.3320271653647,1.2811331842929714,chandelier_stop,6
2022-01-10 13:30:00,2022-01-10 13:45:00,short,1800.95,1801.8458700236274,1801.7658700236275,1793.6071697873535,322.05181037153244,-288.5165629667811,-1.0980548343279475,stop_loss,1
2022-01-13 15:15:00,2022-01-13 15:30:00,long,1822.95,1822.0903891059065,1822.1703891059065,1829.9664980468433,335.91997037530064,-288.76046607818125,-1.1026152925850765,stop_loss,1
2022-01-21 14:00:00,2022-01-21 14:45:00,long,1832.07,1837.1867331560277,1831.238540136668,1839.5531387699873,313.9304716453215,991.0664049738573,3.796889801585703,chandelier_stop,3
2022-01-26 13:15:00,2022-01-26 13:45:00,long,1844.8,1844.0178062526631,1844.097806252663,1851.1197437260312,375.9557633004918,-294.07024732888067,-1.113928670403764,stop_loss,2
2022-01-26 14:00:00,2022-01-26 15:45:00,long,1843.26,1843.406020411548,1842.553925049964,1849.6146745503245,372.6397254419615,215.22419154022015,0.8179959057768736,chandelier_stop,7
2022-01-28 14:45:00,2022-01-28 15:00:00,short,1788.48,1789.6540518180745,1789.5740518180746,1778.6335336373293,241.08295762597683,-283.0438847075633,-1.0731226790891106,stop_loss,1
2022-01-31 13:15:00,2022-01-31 13:45:00,short,1791.91,1792.8118480851579,1792.731848085158,1784.5133672335785,319.8986785895874,-154.64671241941397,-0.5882158166566864,stop_loss,2
2022-01-31 16:00:00,2022-01-31 16:30:00,short,1797.6100000000001,1798.8255953688792,1798.7455953688793,1787.389641680088,231.10712098548618,-147.9773544244934,-0.5638431627908891,stop_loss,2
2022-02-02 14:30:00,2022-02-02 15:15:00,short,1804.46,1805.260689089227,1805.1806890892271,1797.9737981969565,363.54129424080304,-157.35686595385843,-0.6005981651223355,stop_loss,3
2022-02-07 14:00:00,2022-02-07 15:00:00,short,1813.57,1814.35237228263,1814.2723722826302,1807.2486494563277,372.34979242863074,-157.7594467735445,-0.603221613085924,stop_loss,4
2022-02-07 15:30:00,2022-02-07 16:15:00,short,1816.31,1816.0944475573222,1817.1182166876085,1809.0360498115222,323.00112000544493,222.5279836807886,0.8524183521672163,chandelier_stop,3
2022-02-08 13:30:00,2022-02-08 16:30:00,long,1817.75,1822.46,1817.044423669434,1824.1001869750942,370.9343240663839,1060.5688345164708,4.052264969873958,time_stop,12
2022-02-09 13:15:00,2022-02-09 13:30:00,long,1826.28,1825.6849827028802,1825.7649827028802,1830.9151556740785,514.3597841096034,-306.05296848798866,-1.1553345886581288,stop_loss,1
2022-02-10 14:30:00,2022-02-10 15:15:00,long,1831.12,1832.8173973146413,1830.5861241357688,1835.9248827780793,494.4708021854808,605.2844559848318,2.292865509582682,chandelier_stop,3
2022-02-10 15:30:00,2022-02-10 15:45:00,long,1830.1,1829.453401484842,1829.533401484842,1835.1993866364205,469.1185612226055,-303.3313651195227,-1.141193451552957,stop_loss,1
2022-02-15 13:45:00,2022-02-15 14:00:00,long,1853.1,1851.5716860842253,1851.6516860842253,1866.1348252419723,182.89673477639124,-279.5236249084878,-1.0552366438854102,stop_loss,1
2022-02-15 14:15:00,2022-02-15 14:30:00,long,1851.75,1850.2160201440515,1850.2960201440515,1864.8358187035374,181.60727204807213,-278.5818970154969,-1.055021395016327,stop_loss,1
2022-02-16 14:45:00,2022-02-16 15:30:00,long,1852.21,1854.5125335277862,1851.4386948436352,1859.1517464072833,341.26255657508483,581.7658524021747,2.2102090425548,chandelier_stop,3
2022-02-21 14:15:00,2022-02-21 16:00:00,long,1893.85,1893.77,1892.7486240190874,1903.7623838282125,240.57440121247095,183.0848142595719,0.6909829148933435,chandelier_stop,7
2022-02-25 13:30:00,2022-02-25 13:45:00,long,1903.77,1901.8514775984609,1901.9314775984608,1920.3167016138525,144.4160383024535,-277.0654046247888,-1.043513203827678,stop_loss,1
2022-02-25 15:15:00,2022-02-25 15:45:00,long,1890.59,1887.9929007641388,1888.0729007641387,1913.2438931227514,105.15315470117662,-139.96406638919274,-0.5288029963090145,stop_loss,2
2022-03-01 15:00:00,2022-03-01 15:30:00,long,1916.4099999999999,1914.6151710490897,1914.6951710490896,1931.843460558192,154.10343580173813,-143.30301566939642,-0.5422782691891513,stop_loss,2
2022-03-03 16:00:00,2022-03-03 16:45:00,long,1926.18,1927.1621614119556,1924.3508122650328,1942.6426896147048,144.23403298474156,265.0980429949666,1.004802006960827,chandelier_stop,3
2022-03-04 15:15:00,2022-03-04 17:00:00,long,1942.8799999999999,1947.5925605772616,1941.2948087120867,1957.1467215912194,166.93658377211062,587.6457808714499,2.2206618099698723,chandelier_stop,7
